Ag120,160320860724.23483,111491663747.22726,6756083944.205264,403734261.4446977,24121153.171413388,1441115.9462535733,86099.32661417968,5143.995564947046,307.327495026081,18.361250122880552,1.0969910324696763,0.06553961834109016,0.003915657872448924,0.00023394058375922184,1.3976756527857083e-05,8.350399058594087e-07,4.988937476215725e-08,2.9806356518942527e-09,1.7807777571271607e-10,1.0639238708238287e-11,6.356402411128782e-13,3.797626194900377e-14,2.2688879311579717e-15,1.3555448008724687e-16,8.098688709735323e-18,4.838553382741725e-19,2.890788827270101e-20,1.7270988625807875e-21,1.0318534695405969e-22,6.164798122858845e-24,3.683152406564515e-25,2.200495682037208e-26,1.31468392077236e-27,7.854565794636089e-29,4.6927023938972874e-30,2.803650301424411e-31,1.67503803840181e-32,1.0007497827626735e-33,5.978969460628432e-35,3.572129260167429e-36,2.1341650154545404e-37,1.2750547310756057e-38,7.61780160140065e-40,4.551247865991511e-41,2.71913843672218e-42,1.6245465102677275e-43,9.705836703203853e-45,5.798742326788427e-46,3.4644527412446667e-47,2.0698337880733346e-48,1.2366201043085463e-49,7.388174312312952e-51,4.4140572742541734e-52,2.6371740563734105e-53,1.575576974085389e-54,9.413268704310982e-56,5.623947871604172e-57,3.360021970692935e-58,2.007441729775306e-59,1.199344032149946e-60,7.165468796021762e-62,4.281002088676951e-63,2.5576803702545596e-64,1.528083551673115e-65,9.129519732215478e-67,5.4544223350649335e-68,3.258739110259363e-69,1.946930387195177e-70,1.1631915916958055e-71,6.949476405990178e-73,4.1519576535972935e-74,2.480582902966043e-75,1.482021747778708e-76,8.854323950482879e-78,5.2900068934616654e-79,3.1605092708795446e-80,1.888243068957342e-81,1.1281289127410798e-82,6.7399947850205515e-84,4.0268030709120296e-85,2.4058094240583447e-86,1.4373484083931234e-87,8.587423535922357e-89,5.130547510589643e-90,3.065240423778676e-91,1.8313247925633263e-92
Ag120_m1,158146411766.38428,3129433.0170406075,61.92585022169664,0.0012254011844313093,2.4248485203349604e-08,4.798339042979971e-13,9.495049846744844e-18,1.8788995688845427e-22,3.718004272684031e-27,7.357261665616017e-32,1.4558697421094403e-36,2.8809043395799076e-41,5.700791474507099e-46,1.1280840876706034e-50,2.232275491124934e-55,4.4172716579724487e-60,8.740986037746465e-65,1.729683905090611e-69,3.422733314765514e-74,6.772973552871225e-79,1.3402496346997968e-83,2.6521129446186275e-88,5.248054458592843e-93,1.0384955759988091e-97,2.0549959415975036e-102,4.06646731828452e-107,8.046807351756261e-112,1.592318429933787e-116,3.150911748562512e-121,6.235087568283758e-126,1.2338116737767275e-130,2.441491365881088e-135,4.831272240621217e-140,9.560218720893875e-145,1.891795316828958e-149,3.743522638194783e-154,7.407757920749662e-159,1.4658620426799766e-163,2.9006773050062896e-168,5.7399186163492634e-173,1.1358266452269628e-177,2.247596619807261e-182,4.4475894156890314e-187,8.800979426746693e-192,1.7415555176200693e-196,3.446225100510289e-201,6.819459571186673e-206,1.349448381539658e-210,2.6703156099554716e-215,5.284074259021451e-220,1.045623246583901e-224,2.069100319568802e-229,4.0943773452115933e-234,8.102036274623712e-239,1.603247240318199e-243,3.1725378984523246e-248,6.277881828830515e-253,1.2422798881610473e-257,2.4582484388956915e-262,4.864431473875473e-267,9.625834878862037e-272,1.9047795741954967e-276,3.769216147930953e-281,7.458600754800682e-286,1.475922924984042e-290,2.9205859813469266e-295,5.779314305679222e-300,1.1436223435005586e-304,2.26302290441011e-309,4.478115258e-314,8.86136e-319,2e-323,0.0,0.0,0.0,0.0,0.0,0.0,0.0,0.0,0.0,0.0,0.0,0.0,0.0,0.0
Ag121,933429933828.4309,11291575901.207418,132764058.57015297,1560993.3871530867,18353.614430333855,215.79538095986243,2.5372466344638696,0.029832058756140017,0.00035075491579786495,4.124053655232412e-06,4.848918086450186e-08,5.701188339116972e-10,6.703257901780449e-12,7.881456255265818e-14,9.266740682492583e-16,1.0895509674267273e-17,1.2810559303373144e-19,1.506220769578424e-21,1.770961714460078e-23,2.0822348605385375e-25,2.448218941742506e-27,2.8785302274483067e-29,3.3844751909468244e-31,3.979347588192125e-33,4.678777752606455e-35,5.501143283698541e-37,6.46805192038089e-39,7.604909286532137e-41,8.941586426377504e-43,1.0513204669248174e-44,1.2361058446121797e-46,1.4533700305043696e-48,1.7088216634320575e-50,2.0091727613244766e-52,2.3623150801708694e-54,2.7775274707208004e-56,3.265719681241962e-58,3.8397190122780095e-60,4.514607355289665e-62,5.308117470904107e-64,6.241098919024291e-66,7.338065883159843e-68,8.627841283120171e-70,1.014431410019697e-71,1.1927329813633257e-73,1.4023737344688735e-75,1.6488620016864459e-77,1.938674287589331e-79,2.279425439797796e-81,2.6800687298835174e-83,3.1511311015010095e-85,3.7049897669148707e-87,4.356197419525075e-89,5.121864607382854e-91,6.022109314600616e-93,7.080585563453697e-95,8.325104926248563e-97,9.788367277245651e-99,1.1508819985218856e-100,1.3531668122024525e-102,1.591006223051396e-104,1.8706494860513544e-106,2.1994442566999017e-108,2.586029651413476e-110,3.0405632411997843e-112,3.574987942880769e-114,4.2033458204604775e-116,4.942147041801039e-118,5.8108036849813686e-120,6.832139792645271e-122,8.032991076069488e-124,9.444910026237583e-126,1.110499495878581e-127,1.3056864776062214e-129,1.5351805058272114e-131,1.8050115597372874e-133,2.122269478030971e-135,2.495290245142469e-137,2.9338750200940757e-139,3.4495476629575695e-141,4.0558575254628526e-143,4.768735461608253e-145,5.606912412487888e-147,6.592411563695441e-149,7.751127006790782e-151,9.113504109219032e-153
Ag122,120870988286.67793,176275226.67426717,251719.72036424783,359.45388307018686,0.5132974638089169,0.0007329849495636683,1.0466970405426753e-06,1.4946755664396217e-09,2.1343855598878226e-12,3.0478866588481685e-15,4.352359414234834e-18,6.2151367786876235e-21,8.875168960416962e-24,1.267367507438531e-26,1.809791347155935e-29,2.584368544259329e-32,3.6904590040465116e-35,5.269947930143712e-38,7.5254463349882e-41,1.074628123303734e-43,1.5345609442806779e-46,2.191341581934402e-49,3.129219433487983e-52,4.46850200974828e-55,6.38098753875744e-58,9.112002608693326e-61,1.3011871757549618e-63,1.858085581246301e-66,2.653332350307127e-69,3.7889388046723766e-72,5.410576350863247e-75,7.726262670809214e-78,1.1033045462673409e-80,1.5755106623713757e-83,2.2498174739184125e-86,3.2127225710615335e-89,4.5877438673420724e-92,6.551264021960173e-95,9.355156156591426e-98,1.3359093210232803e-100,1.9076685456922647e-103,2.7241364536899e-106,3.8900465361655575e-109,5.554957437259219e-112,7.932437785224534e-115,1.132746198817033e-117,1.6175531226030524e-120,2.3098537935288274e-123,3.298453987646151e-126,4.710167690742632e-129,6.726084328600252e-132,9.604798250465069e-135,1.371558025817008e-137,1.9585746302291785e-140,2.796829962693215e-143,3.9938523247915414e-146,5.703191329115648e-149,8.144114677098788e-152,1.1629735010840099e-154,1.660717484770742e-157,2.371492180735451e-160,3.386473144808108e-163,4.8358583906230624e-166,6.905569710485512e-169,9.861102036991388e-172,1.4081580153524925e-174,2.0108391422815596e-177,2.871463296055929e-180,4.100428168133326e-183,5.855380838444037e-186,8.361440161217521e-189,1.1940074181101351e-191,1.7050336867978502e-194,2.4347753866695967e-197,3.4768410908440433e-200,4.9649031434956013e-203,7.089844655025166e-206,1.012424528326218e-208,1.4457346746378417e-211,2.0644983314516374e-214,2.948088217939618e-217,4.209847985027544e-220,6.0116315207917086e-223,8.584564970114941e-226,1.2258694743888627e-228,1.75053246550047e-231
Ag122_m1,120537643995.65077,3592.301726211649,0.00010705893415843449,3.19060487027273e-12,9.508743495561915e-20,2.8338263915663844e-27,8.445460771222124e-35,2.5169434461659737e-42,7.501076001423563e-50,2.2354948524903052e-57,6.6622938289949765e-65,1.9855182853326255e-72,5.917305604614723e-80,1.763494492952452e-87,5.255623140789456e-95,1.5662977519004008e-102,4.6679310557258425e-110,1.3911518620627743e-117,4.145955628343765e-125,1.2355910624098147e-132,3.6823483181292468e-140,1.0974253172067589e-147,3.2705823099814828e-155,9.747094839756194e-163,2.9048606275785723e-170,8.657159291442e-178,2.5800345216518788e-185,7.68910205856529e-193,2.2915309842125572e-200,6.829294515289583e-208,2.0352883682518071e-215,6.0656320102567e-223,1.807699206547954e-230,5.387363453352343e-238,1.6055594245649497e-245,4.784939958348739e-253,1.4260232324447532e-260,4.249880410566218e-268,1.2665630610484587e-275,3.7746520669712587e-283,1.1249339780125861e-290,3.3525645077603833e-298,9.99142082858205e-306,2.97767544645e-313,8.873e-321,0.0,0.0,0.0,0.0,0.0,0.0,0.0,0.0,0.0,0.0,0.0,0.0,0.0,0.0,0.0,0.0,0.0,0.0,0.0,0.0,0.0,0.0,0.0,0.0,0.0,0.0,0.0,0.0,0.0,0.0,0.0,0.0,0.0,0.0,0.0,0.0,0.0,0.0,0.0,0.0,0.0
Ag123,99389072737.38164,962207.5868921451,9.253793269330535,8.895462798770976e-05,8.550726909528073e-10,8.219331909561566e-15,7.900779279682803e-20,7.59457255078345e-25,7.300233323880828e-30,7.01730166163756e-35,6.745335446901069e-40,6.483909697077103e-45,6.232615900394403e-50,5.991061377575988e-55,5.758868668228283e-60,5.535674941010199e-65,5.321131426661932e-70,5.114902873007593e-75,4.916667021080051e-80,4.726114101549289e-85,4.542946350667537e-90,4.366877544974616e-95,4.1976325540365397e-100,4.0349469105183555e-105,3.8785663969195323e-110,3.7282466483259897e-115,3.583752770558114e-120,3.444858973118019e-125,3.3113482163624853e-130,3.183011872350271e-135,3.0596493988337754e-140,2.9410680258856755e-145,2.8270824546708134e-150,2.7175145678926324e-155,2.612193151461718e-160,2.510953626951488e-165,2.4136377944229635e-170,2.3200935852167756e-175,2.2301748243260836e-180,2.143741001979095e-185,2.060657054074245e-190,1.980793151124957e-195,1.9040244953841645e-200,1.8302311258315858e-205,1.7592977307190032e-210,1.6911134673806447e-215,1.625571789027087e-220,1.5625702782520276e-225,1.5020104869917469e-230,1.4437977826871903e-235,1.387841200408278e-240,1.3340533007093528e-245,1.2823500329936608e-250,1.2326506041733558e-255,1.1848773524197756e-260,1.1389556258067188e-265,1.0948136656571014e-270,1.0523824944106694e-275,1.0115958078375841e-280,9.723898714294308e-286,9.347034208057494e-291,8.984775659804616e-296,8.63655699338604e-301,8.301834071795549e-306,7.9800838468855e-311,7.67080353e-316,7.37e-321,0.0,0.0,0.0,0.0,0.0,0.0,0.0,0.0,0.0,0.0,0.0,0.0,0.0,0.0,0.0,0.0,0.0,0.0,0.0
Ag124,199074162627.566,353.5194896475387,6.273954931213152e-07,1.1134499862187236e-15,2.5296307773230066e-24,9.290838330315919e-29,1.5591731439787826e-32,2.6166773860832763e-36,4.391430529710205e-40,7.369904367972855e-44,1.2368518646849626e-47,2.0757427217409766e-51,3.483608643754686e-55,5.846355165183472e-59,9.811627026113902e-63,1.64663319589048e-66,2.7634569420464405e-70,4.637762854291805e-74,7.7833108109586825e-78,1.3062316699510707e-81,2.1921791600315168e-85,3.6790177272738264e-89,6.17429984025598e-93,1.0361999137643085e-96,1.7389992210689995e-100,2.918469931050822e-104,4.89791291177918e-108,8.219906820398708e-112,1.379503256857488e-115,2.3151469685250144e-119,3.885388062135093e-123,6.5206402006520274e-127,1.0943243749761905e-130,1.8365464138740263e-134,3.0821781982028233e-138,5.172655792258356e-142,8.680993188773193e-146,1.4568849304899326e-149,2.4450125170396686e-153,4.103334507324675e-157,6.886408131516441e-161,1.1557092620444125e-164,1.939565406038626e-168,3.2550694952873165e-172,5.462810063616396e-176,9.167943675044176e-180,1.5386072415107974e-183,2.582162726493907e-187,4.3335064116475845e-191,7.272693400423094e-195,1.2205374648666625e-198,2.048363131953936e-202,3.43765893397341e-206,5.7692402103793346e-210,9.682209097627496e-214,1.62491367306089e-217,2.727006221697088e-221,4.576589548395017e-225,7.680646904224433e-229,1.2890021323424263e-232,2.163263743148333e-236,3.630490520536211e-240,6.092859209354162e-244,1.0225321656955854e-247,1.7160613661922023e-251,2.8799745488047113e-255,4.833308158534651e-259,8.111484098028993e-263,1.3613072478400604e-266,2.2846095740632475e-270,3.8341387766670265e-274,6.434631249748392e-278,1.0798899500510776e-281,1.8123218859929506e-285,3.041523461065358e-289,5.104427108511433e-293,8.566488616523778e-297,1.437668236944071e-300,2.412762162003083e-304,4.049210451201102e-308,6.79557460587e-312,1.140465154e-315,1.91396e-319,3.5e-323,0.0,0.0
Ag125,598548.6475398946,0.0005127798024966751,4.3950280234676935e-13,3.4214268944023405e-20,5.678838067878642e-24,9.530491447401013e-28,1.5994517064976429e-31,2.684274757013293e-35,4.504875603225594e-39,7.560293203039148e-43,1.2688038105867668e-46,2.1293659736799024e-50,3.573601696363826e-54,5.997385720494358e-58,1.0065093576877378e-61,1.6891711394368625e-65,2.834846110980363e-69,4.757571500789237e-73,7.984379292212919e-77,1.339975924089484e-80,2.2488103475878624e-84,3.7740588382993356e-88,6.333802283604459e-92,1.0629683607654246e-95,1.7839232824067968e-99,2.9938635946054544e-103,5.0244420886816846e-107,8.432254010504733e-111,1.4151403567341976e-114,2.3749548184423355e-118,3.985760396699569e-122,6.689089753007624e-126,1.1225943677106649e-129,1.883990439579725e-133,3.161800983970931e-137,5.306282480111546e-141,8.905251754136847e-145,1.494521053143978e-148,2.5081752205972077e-152,4.209337114377735e-156,7.064306670831012e-160,1.1855650280204473e-163,1.9896707506609122e-167,3.3391586310922128e-171,5.603932389262855e-175,9.404781770777179e-179,1.5783545198620323e-182,2.6488684704090064e-186,4.4454551149511543e-190,7.460570956924105e-194,1.2520679562391907e-197,2.1012790791648923e-201,3.5264649546646184e-205,5.918278633136215e-209,9.932332358246218e-213,1.6668905299983755e-216,2.7974537488079777e-220,4.694817887487447e-224,7.879063239584973e-228,1.3223012909368193e-231,2.2191479505186432e-235,3.724278014432039e-239,6.250257773728065e-243,1.0489475298746107e-246,1.7603928674029114e-250,2.9543737502041598e-254,4.958168382477138e-258,8.321030373119567e-262,1.396474285042045e-265,2.3436285427865602e-269,3.933187173867995e-273,6.600858908419858e-277,1.1077870541822358e-280,1.859140112581995e-284,3.120096001449391e-288,5.236291225377525e-292,8.787789152714752e-296,1.4748079292897497e-299,2.4750917329690276e-303,4.1538148561229074e-307,6.971126616891e-311,1.169927115e-314,1.963427e-318,3.3e-322,0.0,0.0
Ag126,170780.52578733492,1.4642529882497579e-09,1.2554340160939741e-23,1.0763949818875202e-37,9.228889309829791e-52,7.912745723111404e-66,6.784299039314461e-80,5.816781565520194e-94,4.9872429833804166e-108,4.2760059484978893e-122,3.666199327468112e-136,3.1433580005774527e-150,2.695079737145095e-164,2.310731004306771e-178,1.9811947307802893e-192,1.6986540423596981e-206,1.4564068391644288e-220,1.2487068162616291e-234,1.070627156538786e-248,9.179436625083388e-263,7.870345548335582e-277,6.747945607135007e-291,5.785612542321268e-305,4.9605e-319,0.0,0.0,0.0,0.0,0.0,0.0,0.0,0.0,0.0,0.0,0.0,0.0,0.0,0.0,0.0,0.0,0.0,0.0,0.0,0.0,0.0,0.0,0.0,0.0,0.0,0.0,0.0,0.0,0.0,0.0,0.0,0.0,0.0,0.0,0.0,0.0,0.0,0.0,0.0,0.0,0.0,0.0,0.0,0.0,0.0,0.0,0.0,0.0,0.0,0.0,0.0,0.0,0.0,0.0,0.0,0.0,0.0,0.0,0.0,0.0,0.0,0.0
Ag127,56815.52392393393,8.825749940543627e-10,1.3709961051717507e-23,2.129711733346859e-37,3.308304122853127e-51,5.139135028423325e-65,7.983156281772143e-79,1.2401072138933555e-92,1.9263883201957783e-106,2.9924605861585094e-120,4.648502207904818e-134,7.221004973915273e-148,1.1217142748612568e-161,1.7424761774472065e-175,2.706770607289077e-189,4.2047100645116646e-203,6.5316161920024655e-217,1.0146243004886844e-230,1.5761221126291246e-244,2.44835542843003e-258,3.803286722450379e-272,5.9080433033543655e-286,9.177581976207623e-300,1.4256498574e-313,0.0,0.0,0.0,0.0,0.0,0.0,0.0,0.0,0.0,0.0,0.0,0.0,0.0,0.0,0.0,0.0,0.0,0.0,0.0,0.0,0.0,0.0,0.0,0.0,0.0,0.0,0.0,0.0,0.0,0.0,0.0,0.0,0.0,0.0,0.0,0.0,0.0,0.0,0.0,0.0,0.0,0.0,0.0,0.0,0.0,0.0,0.0,0.0,0.0,0.0,0.0,0.0,0.0,0.0,0.0,0.0,0.0,0.0,0.0,0.0,0.0,0.0
Ag128,4477.993154058631,5.0144318134410535e-23,5.615132838883411e-49,6.287794504213276e-75,7.041037293621106e-101,7.884514377329542e-127,8.829035321633021e-153,9.886704618711815e-179,1.1071076811546614e-204,1.2397330201934918e-230,1.3882461367760726e-256,1.5545502982350999e-282,1.740776772737851e-308,0.0,0.0,0.0,0.0,0.0,0.0,0.0,0.0,0.0,0.0,0.0,0.0,0.0,0.0,0.0,0.0,0.0,0.0,0.0,0.0,0.0,0.0,0.0,0.0,0.0,0.0,0.0,0.0,0.0,0.0,0.0,0.0,0.0,0.0,0.0,0.0,0.0,0.0,0.0,0.0,0.0,0.0,0.0,0.0,0.0,0.0,0.0,0.0,0.0,0.0,0.0,0.0,0.0,0.0,0.0,0.0,0.0,0.0,0.0,0.0,0.0,0.0,0.0,0.0,0.0,0.0,0.0,0.0,0.0,0.0,0.0,0.0,0.0
Ag129,1.0383513249500202,1.975570892648172e-33,3.758728147302716e-66,7.1513694284023585e-99,1.3606220694142954e-131,2.5887243475699165e-164,4.9253160729533556e-197,9.370923729776359e-230,1.782915253530726e-262,3.3921808489080364e-295,0.0,0.0,0.0,0.0,0.0,0.0,0.0,0.0,0.0,0.0,0.0,0.0,0.0,0.0,0.0,0.0,0.0,0.0,0.0,0.0,0.0,0.0,0.0,0.0,0.0,0.0,0.0,0.0,0.0,0.0,0.0,0.0,0.0,0.0,0.0,0.0,0.0,0.0,0.0,0.0,0.0,0.0,0.0,0.0,0.0,0.0,0.0,0.0,0.0,0.0,0.0,0.0,0.0,0.0,0.0,0.0,0.0,0.0,0.0,0.0,0.0,0.0,0.0,0.0,0.0,0.0,0.0,0.0,0.0,0.0,0.0,0.0,0.0,0.0,0.0,0.0
Ag130,2372643242.110595,1.871685495737939e-21,1.4764995144569066e-51,1.1647527435328946e-81,9.18827903622042e-112,7.248274117936274e-142,5.717880081965391e-172,4.510612057404547e-202,3.5582455107050586e-232,2.8069607745734774e-262,2.2143016175499704e-292,1.73e-322,0.0,0.0,0.0,0.0,0.0,0.0,0.0,0.0,0.0,0.0,0.0,0.0,0.0,0.0,0.0,0.0,0.0,0.0,0.0,0.0,0.0,0.0,0.0,0.0,0.0,0.0,0.0,0.0,0.0,0.0,0.0,0.0,0.0,0.0,0.0,0.0,0.0,0.0,0.0,0.0,0.0,0.0,0.0,0.0,0.0,0.0,0.0,0.0,0.0,0.0,0.0,0.0,0.0,0.0,0.0,0.0,0.0,0.0,0.0,0.0,0.0,0.0,0.0,0.0,0.0,0.0,0.0,0.0,0.0,0.0,0.0,0.0,0.0,0.0
Al31,0.0,0.0,0.0,0.0,0.0,0.0,0.0,0.0,0.0,0.0,0.0,0.0,0.0,0.0,0.0,0.0,0.0,0.0,0.0,0.0,0.0,0.0,0.0,0.0,0.0,0.0,0.0,0.0,0.0,0.0,0.0,0.0,0.0,0.0,0.0,0.0,0.0,0.0,0.0,0.0,0.0,0.0,0.0,0.0,0.0,0.0,0.0,0.0,0.0,0.0,0.0,0.0,0.0,0.0,0.0,0.0,0.0,0.0,0.0,0.0,0.0,0.0,0.0,0.0,0.0,0.0,0.0,0.0,0.0,0.0,0.0,0.0,0.0,0.0,0.0,0.0,0.0,0.0,0.0,0.0,0.0,0.0,0.0,0.0,0.0,0.0
Al32,0.0,0.0,0.0,0.0,0.0,0.0,0.0,0.0,0.0,0.0,0.0,0.0,0.0,0.0,0.0,0.0,0.0,0.0,0.0,0.0,0.0,0.0,0.0,0.0,0.0,0.0,0.0,0.0,0.0,0.0,0.0,0.0,0.0,0.0,0.0,0.0,0.0,0.0,0.0,0.0,0.0,0.0,0.0,0.0,0.0,0.0,0.0,0.0,0.0,0.0,0.0,0.0,0.0,0.0,0.0,0.0,0.0,0.0,0.0,0.0,0.0,0.0,0.0,0.0,0.0,0.0,0.0,0.0,0.0,0.0,0.0,0.0,0.0,0.0,0.0,0.0,0.0,0.0,0.0,0.0,0.0,0.0,0.0,0.0,0.0,0.0
Al33,0.0,0.0,0.0,0.0,0.0,0.0,0.0,0.0,0.0,0.0,0.0,0.0,0.0,0.0,0.0,0.0,0.0,0.0,0.0,0.0,0.0,0.0,0.0,0.0,0.0,0.0,0.0,0.0,0.0,0.0,0.0,0.0,0.0,0.0,0.0,0.0,0.0,0.0,0.0,0.0,0.0,0.0,0.0,0.0,0.0,0.0,0.0,0.0,0.0,0.0,0.0,0.0,0.0,0.0,0.0,0.0,0.0,0.0,0.0,0.0,0.0,0.0,0.0,0.0,0.0,0.0,0.0,0.0,0.0,0.0,0.0,0.0,0.0,0.0,0.0,0.0,0.0,0.0,0.0,0.0,0.0,0.0,0.0,0.0,0.0,0.0
Al34,0.0,0.0,0.0,0.0,0.0,0.0,0.0,0.0,0.0,0.0,0.0,0.0,0.0,0.0,0.0,0.0,0.0,0.0,0.0,0.0,0.0,0.0,0.0,0.0,0.0,0.0,0.0,0.0,0.0,0.0,0.0,0.0,0.0,0.0,0.0,0.0,0.0,0.0,0.0,0.0,0.0,0.0,0.0,0.0,0.0,0.0,0.0,0.0,0.0,0.0,0.0,0.0,0.0,0.0,0.0,0.0,0.0,0.0,0.0,0.0,0.0,0.0,0.0,0.0,0.0,0.0,0.0,0.0,0.0,0.0,0.0,0.0,0.0,0.0,0.0,0.0,0.0,0.0,0.0,0.0,0.0,0.0,0.0,0.0,0.0,0.0
Al35,0.0,0.0,0.0,0.0,0.0,0.0,0.0,0.0,0.0,0.0,0.0,0.0,0.0,0.0,0.0,0.0,0.0,0.0,0.0,0.0,0.0,0.0,0.0,0.0,0.0,0.0,0.0,0.0,0.0,0.0,0.0,0.0,0.0,0.0,0.0,0.0,0.0,0.0,0.0,0.0,0.0,0.0,0.0,0.0,0.0,0.0,0.0,0.0,0.0,0.0,0.0,0.0,0.0,0.0,0.0,0.0,0.0,0.0,0.0,0.0,0.0,0.0,0.0,0.0,0.0,0.0,0.0,0.0,0.0,0.0,0.0,0.0,0.0,0.0,0.0,0.0,0.0,0.0,0.0,0.0,0.0,0.0,0.0,0.0,0.0,0.0
Al36,0.0,0.0,0.0,0.0,0.0,0.0,0.0,0.0,0.0,0.0,0.0,0.0,0.0,0.0,0.0,0.0,0.0,0.0,0.0,0.0,0.0,0.0,0.0,0.0,0.0,0.0,0.0,0.0,0.0,0.0,0.0,0.0,0.0,0.0,0.0,0.0,0.0,0.0,0.0,0.0,0.0,0.0,0.0,0.0,0.0,0.0,0.0,0.0,0.0,0.0,0.0,0.0,0.0,0.0,0.0,0.0,0.0,0.0,0.0,0.0,0.0,0.0,0.0,0.0,0.0,0.0,0.0,0.0,0.0,0.0,0.0,0.0,0.0,0.0,0.0,0.0,0.0,0.0,0.0,0.0,0.0,0.0,0.0,0.0,0.0,0.0
Al37,0.0,0.0,0.0,0.0,0.0,0.0,0.0,0.0,0.0,0.0,0.0,0.0,0.0,0.0,0.0,0.0,0.0,0.0,0.0,0.0,0.0,0.0,0.0,0.0,0.0,0.0,0.0,0.0,0.0,0.0,0.0,0.0,0.0,0.0,0.0,0.0,0.0,0.0,0.0,0.0,0.0,0.0,0.0,0.0,0.0,0.0,0.0,0.0,0.0,0.0,0.0,0.0,0.0,0.0,0.0,0.0,0.0,0.0,0.0,0.0,0.0,0.0,0.0,0.0,0.0,0.0,0.0,0.0,0.0,0.0,0.0,0.0,0.0,0.0,0.0,0.0,0.0,0.0,0.0,0.0,0.0,0.0,0.0,0.0,0.0,0.0
Al38,0.0,0.0,0.0,0.0,0.0,0.0,0.0,0.0,0.0,0.0,0.0,0.0,0.0,0.0,0.0,0.0,0.0,0.0,0.0,0.0,0.0,0.0,0.0,0.0,0.0,0.0,0.0,0.0,0.0,0.0,0.0,0.0,0.0,0.0,0.0,0.0,0.0,0.0,0.0,0.0,0.0,0.0,0.0,0.0,0.0,0.0,0.0,0.0,0.0,0.0,0.0,0.0,0.0,0.0,0.0,0.0,0.0,0.0,0.0,0.0,0.0,0.0,0.0,0.0,0.0,0.0,0.0,0.0,0.0,0.0,0.0,0.0,0.0,0.0,0.0,0.0,0.0,0.0,0.0,0.0,0.0,0.0,0.0,0.0,0.0,0.0
Al39,0.0,0.0,0.0,0.0,0.0,0.0,0.0,0.0,0.0,0.0,0.0,0.0,0.0,0.0,0.0,0.0,0.0,0.0,0.0,0.0,0.0,0.0,0.0,0.0,0.0,0.0,0.0,0.0,0.0,0.0,0.0,0.0,0.0,0.0,0.0,0.0,0.0,0.0,0.0,0.0,0.0,0.0,0.0,0.0,0.0,0.0,0.0,0.0,0.0,0.0,0.0,0.0,0.0,0.0,0.0,0.0,0.0,0.0,0.0,0.0,0.0,0.0,0.0,0.0,0.0,0.0,0.0,0.0,0.0,0.0,0.0,0.0,0.0,0.0,0.0,0.0,0.0,0.0,0.0,0.0,0.0,0.0,0.0,0.0,0.0,0.0
Ar47,0.0,0.0,0.0,0.0,0.0,0.0,0.0,0.0,0.0,0.0,0.0,0.0,0.0,0.0,0.0,0.0,0.0,0.0,0.0,0.0,0.0,0.0,0.0,0.0,0.0,0.0,0.0,0.0,0.0,0.0,0.0,0.0,0.0,0.0,0.0,0.0,0.0,0.0,0.0,0.0,0.0,0.0,0.0,0.0,0.0,0.0,0.0,0.0,0.0,0.0,0.0,0.0,0.0,0.0,0.0,0.0,0.0,0.0,0.0,0.0,0.0,0.0,0.0,0.0,0.0,0.0,0.0,0.0,0.0,0.0,0.0,0.0,0.0,0.0,0.0,0.0,0.0,0.0,0.0,0.0,0.0,0.0,0.0,0.0,0.0,0.0
Ar48,0.0,0.0,0.0,0.0,0.0,0.0,0.0,0.0,0.0,0.0,0.0,0.0,0.0,0.0,0.0,0.0,0.0,0.0,0.0,0.0,0.0,0.0,0.0,0.0,0.0,0.0,0.0,0.0,0.0,0.0,0.0,0.0,0.0,0.0,0.0,0.0,0.0,0.0,0.0,0.0,0.0,0.0,0.0,0.0,0.0,0.0,0.0,0.0,0.0,0.0,0.0,0.0,0.0,0.0,0.0,0.0,0.0,0.0,0.0,0.0,0.0,0.0,0.0,0.0,0.0,0.0,0.0,0.0,0.0,0.0,0.0,0.0,0.0,0.0,0.0,0.0,0.0,0.0,0.0,0.0,0.0,0.0,0.0,0.0,0.0,0.0
Ar49,0.0,0.0,0.0,0.0,0.0,0.0,0.0,0.0,0.0,0.0,0.0,0.0,0.0,0.0,0.0,0.0,0.0,0.0,0.0,0.0,0.0,0.0,0.0,0.0,0.0,0.0,0.0,0.0,0.0,0.0,0.0,0.0,0.0,0.0,0.0,0.0,0.0,0.0,0.0,0.0,0.0,0.0,0.0,0.0,0.0,0.0,0.0,0.0,0.0,0.0,0.0,0.0,0.0,0.0,0.0,0.0,0.0,0.0,0.0,0.0,0.0,0.0,0.0,0.0,0.0,0.0,0.0,0.0,0.0,0.0,0.0,0.0,0.0,0.0,0.0,0.0,0.0,0.0,0.0,0.0,0.0,0.0,0.0,0.0,0.0,0.0
Ar50,0.0,0.0,0.0,0.0,0.0,0.0,0.0,0.0,0.0,0.0,0.0,0.0,0.0,0.0,0.0,0.0,0.0,0.0,0.0,0.0,0.0,0.0,0.0,0.0,0.0,0.0,0.0,0.0,0.0,0.0,0.0,0.0,0.0,0.0,0.0,0.0,0.0,0.0,0.0,0.0,0.0,0.0,0.0,0.0,0.0,0.0,0.0,0.0,0.0,0.0,0.0,0.0,0.0,0.0,0.0,0.0,0.0,0.0,0.0,0.0,0.0,0.0,0.0,0.0,0.0,0.0,0.0,0.0,0.0,0.0,0.0,0.0,0.0,0.0,0.0,0.0,0.0,0.0,0.0,0.0,0.0,0.0,0.0,0.0,0.0,0.0
As84,71542424460210.31,36281282207620.84,16030739940646.074,7027537898960.646,3079266988237.8345,1349208596717.5366,591166894264.8871,259024632218.1274,113493770246.28267,49728227657.48977,21788831409.269726,9546955452.562164,4183076948.9740915,1832849524.4357984,803078073.9160004,351875254.46376264,154177033.00026658,67553933.39889793,29599310.79783359,12969181.15090899,5682553.248415626,2489857.3815368228,1090951.463080769,478009.34448038763,209443.7205898437,91769.48651955975,40209.55430101369,17618.146492969223,7719.53559902798,3382.3779299622156,1482.0166724195205,649.3577781102548,284.5214442182228,124.665407805862,54.62317241536936,23.93359166133388,10.486699773781295,4.5948336422522456,2.013264101710838,0.8821282028506205,0.3865117177638077,0.16935328389452622,0.07420353238394266,0.03251288721206071,0.01424578858853531,0.006241909283096854,0.002734943822609157,0.0011983381003443404,0.0005250616816571081,0.00023006008860552063,0.00010080271750575868,4.416753865538565e-05,1.9352369848199193e-05,8.479399806804088e-06,3.7153186740237796e-06,1.6278973941614908e-06,7.132766145865235e-07,3.1252800744119943e-07,1.3693671352422869e-07,5.999994581075973e-08,2.6289469088632276e-08,1.151894681941881e-08,5.04712116403952e-09,2.2114375944120306e-09,9.689595464486007e-10,4.2455758418247644e-10,1.8602339276959888e-10,8.150767751363323e-11,3.571325839592012e-11,1.564805751017045e-11,6.856324929163415e-12,3.0041550846623686e-12,1.316295226078783e-12,5.767455651819394e-13,2.52705806696534e-13,1.1072512489628015e-13,4.8515122954889285e-14,2.1257299619511205e-14,9.314060432946547e-15,4.081032083160488e-15,1.788137728296487e-15,7.834872331807587e-16,3.432913666790324e-16,1.5041593206046394e-16,6.59059761289359e-17,2.8877244783895854e-17
As85,44081299987172.22,10336998243939.94,1860828301681.4062,334928275282.7647,60283263726.44383,10850298745.210577,1952929811.2218633,351505054.11101913,63266893.85128808,11387318.079147574,2049587.1559694256,368902.27187096386,66398.19428766392,11950.916383091479,2151.028411659373,387.16053894512726,69.6844737632494,12.542409143482528,2.2574903508201314,0.40632247168353586,0.07313340273416404,0.013163176954788523,0.002369221464682832,0.0004264327956688212,7.6753031294299e-05,1.3814668741938809e-05,2.4864825431810238e-06,4.475384501095376e-07,8.055180796492136e-08,1.4498405142238498e-08,2.6095472836565885e-09,4.69688697400277e-10,8.453859941424252e-11,1.5215982054665372e-11,2.7387029296926397e-12,4.929352381042877e-13,8.872271115297654e-14,1.5969074364833988e-14,2.8742509415645024e-15,5.173323316269939e-16,9.311390925419514e-17,1.6759439854321453e-17,3.016507699873677e-18,5.429369228620668e-19,9.772244314817248e-20,1.7588923303479023e-20,3.1658052440070725e-21,5.698087751056542e-22,1.0255906954542919e-22,1.8459460797306736e-23,3.3224920471452414e-24,5.980106095490058e-25,1.0763507754381104e-25,1.9373084244440664e-26,3.4869338296284415e-27,6.276082516750718e-28,1.1296231497820318e-28,2.0331926119800587e-29,3.659514412579052e-30,6.586707849007846e-31,1.185532160743864e-31,2.133822444196797e-32,3.840636613772739e-33,6.912707118236369e-34,1.2442083047157917e-34,2.2394327996912129e-35,4.030723187849473e-36,7.2548412344892035e-37,1.305788536814064e-37,2.3502701820256498e-38,4.2302178130588305e-39,7.61390876792605e-40,1.3704165905438916e-40,2.4665932950881727e-41,4.439586126842843e-42,7.990747812744233e-43,1.4382433132856995e-43,2.5886736469294695e-44,4.659316812673371e-45,8.386237943361822e-46,1.509427018385747e-46,2.7167961834857586e-47,4.889922740681009e-48,8.801302267419279e-49,1.5841338546729607e-49,2.851259953666886e-50
As86,9172082532483.156,6314403122002.687,161280181947.96906,4119359595.2925687,105215180.62773137,2687367.7760923686,68639.76776822796,1753.1719183323,44.7788778308145,1.1437257686025466,0.029212626513505726,0.000746138253805605,1.9057591193817887e-05,4.867620447795849e-07,1.2432698646346393e-08,3.175514551485961e-10,8.110783469896497e-12,2.0716267373034945e-13,5.2912734690049465e-15,1.3514777744294955e-16,3.4518952488017697e-18,8.816704968552072e-20,2.2519306322946515e-21,5.75179910267521e-23,1.4691035524404476e-24,3.752330721685525e-26,9.584066297787925e-28,2.4479272647676936e-29,6.252406554174328e-31,1.596966882199906e-32,4.078914575925353e-34,1.0418214869163219e-35,2.66098245108333e-37,6.796584341845285e-39,1.7359587883418896e-40,4.4339226341495794e-42,1.1324963505845649e-43,2.8925808813381555e-45,7.388124606992489e-47,1.887047845770049e-48,4.819828795057299e-50,1.2310630949679883e-51,3.144336465532373e-53,8.031149539686019e-55,2.0512869292402055e-56,5.239322272955977e-58,1.3382085893785825e-59,3.4180035802154656e-61,8.730140104533925e-63,2.229820550392377e-64,5.695326337741064e-66,1.4546794847531207e-67,3.7154892939829543e-69,9.489967266600194e-71,2.4238928333608664e-72,6.191018685908485e-74,1.5812874167428894e-75,4.038866657018456e-77,1.0315925935068486e-78,2.6348561845410886e-80,6.729853584556917e-82,1.7189146616539837e-83,4.390389147290135e-85,1.1213771861190368e-86,2.8641807169289374e-88,7.315585942691666e-90,1.8685202846519868e-91,4.772506374070904e-93,1.2189761747643842e-94,3.1134644947068957e-96,7.952297477573056e-98,2.0311468230752453e-99,5.187881148213443e-101,1.3250696848807456e-102,3.384444669467051e-104,8.644425158451062e-106,2.2079275514298398e-107,5.639408038135501e-109,1.4403970365781234e-110,3.67900958567451e-112,9.396792125898564e-114,2.4000943786929653e-115,6.130233540824157e-117,1.5657618966430187e-118,3.9992119397290476e-120,1.0214641302206762e-121
As87,18293520447722.637,39620452151.52486,81311431.92090993,166872.1228306555,342.46482591888093,0.70282654167868,0.001442382137676872,2.960141809841405e-06,6.074977847745736e-09,1.2467428326543144e-11,2.5586392736422712e-14,5.25099063027045e-17,1.0776393094262762e-19,2.2115950360416646e-22,4.5387659494790825e-25,9.314723540445969e-28,1.911622577606062e-30,3.923144753943263e-33,8.051309364459847e-36,1.6523372587025445e-38,3.3910241091323513e-41,6.959259950203013e-44,1.4282204282791616e-46,2.9310783134267096e-49,6.015332023917193e-52,1.2345019644207641e-54,2.5335178409092947e-57,5.199434942347302e-60,1.0670587466634677e-62,2.1898809802531733e-65,4.494203081760637e-68,9.223268991437026e-71,1.8928537349290735e-73,3.884626226516149e-76,7.972259367574717e-79,1.6361141514735285e-81,3.357730090342371e-84,6.890931998501812e-87,1.4141977624870476e-89,2.902300170511322e-92,5.956271819392867e-95,1.2223812804394838e-97,2.5086430573969e-100,5.14838544252169e-103,1.0565820668115758e-105,2.168380119109776e-108,4.450077744684102e-111,9.13271236865191e-114,1.87426916997488e-116,3.846485884715176e-119,7.893985505567155e-122,1.6200503272279277e-124,3.32476296149818e-127,6.823274909653436e-130,1.4003127751317004e-132,2.873804579415137e-135,5.89779148439938e-138,1.2103796007080246e-140,2.4840125014343597e-143,5.097837160897952e-146,1.0462082499192609e-148,2.147090359407093e-151,4.406385642451824e-154,9.043044856000964e-157,1.8558670734534905e-159,3.808720015408556e-162,7.816480158128791e-165,1.6041442220810564e-167,3.292119513103277e-170,6.756282096939608e-173,1.38656411444789e-175,2.8455887659657145e-178,5.839885325616222e-181,1.1984957568095269e-183,2.459623775127591e-186,5.047785176376198e-189,1.0359362860493388e-191,2.1260096284923928e-194,4.3631225214434557e-197,8.954257723953305e-200,1.837645653839028e-202,3.771324941921091e-205,7.7397357797696476e-208,1.5883942875028945e-210,3.259796567172891e-213,6.689947038312294e-216
As88,44709392952200.32,1.6292141192859448,5.931152259592722e-14,2.1592353460498704e-27,7.860693969018523e-41,2.8616847990935487e-54,1.0417960451888166e-67,3.7926573888041224e-81,1.380716516949676e-94,5.026497003935159e-108,1.8298956969376238e-121,6.661733328497612e-135,2.425203306083773e-148,8.828950043195613e-162,3.2141783193887495e-175,1.1701212735698554e-188,4.259825245542453e-202,1.5507889252538666e-215,5.64564542455495e-229,2.055296613275758e-242,7.482305123467437e-256,2.7239323803213825e-269,9.91647291860885e-283,3.610090905924049e-296,1.314253208373995e-309,5e-323,0.0,0.0,0.0,0.0,0.0,0.0,0.0,0.0,0.0,0.0,0.0,0.0,0.0,0.0,0.0,0.0,0.0,0.0,0.0,0.0,0.0,0.0,0.0,0.0,0.0,0.0,0.0,0.0,0.0,0.0,0.0,0.0,0.0,0.0,0.0,0.0,0.0,0.0,0.0,0.0,0.0,0.0,0.0,0.0,0.0,0.0,0.0,0.0,0.0,0.0,0.0,0.0,0.0,0.0,0.0,0.0,0.0,0.0,0.0,0.0
B13,0.0,0.0,0.0,0.0,0.0,0.0,0.0,0.0,0.0,0.0,0.0,0.0,0.0,0.0,0.0,0.0,0.0,0.0,0.0,0.0,0.0,0.0,0.0,0.0,0.0,0.0,0.0,0.0,0.0,0.0,0.0,0.0,0.0,0.0,0.0,0.0,0.0,0.0,0.0,0.0,0.0,0.0,0.0,0.0,0.0,0.0,0.0,0.0,0.0,0.0,0.0,0.0,0.0,0.0,0.0,0.0,0.0,0.0,0.0,0.0,0.0,0.0,0.0,0.0,0.0,0.0,0.0,0.0,0.0,0.0,0.0,0.0,0.0,0.0,0.0,0.0,0.0,0.0,0.0,0.0,0.0,0.0,0.0,0.0,0.0,0.0
B14,0.0,0.0,0.0,0.0,0.0,0.0,0.0,0.0,0.0,0.0,0.0,0.0,0.0,0.0,0.0,0.0,0.0,0.0,0.0,0.0,0.0,0.0,0.0,0.0,0.0,0.0,0.0,0.0,0.0,0.0,0.0,0.0,0.0,0.0,0.0,0.0,0.0,0.0,0.0,0.0,0.0,0.0,0.0,0.0,0.0,0.0,0.0,0.0,0.0,0.0,0.0,0.0,0.0,0.0,0.0,0.0,0.0,0.0,0.0,0.0,0.0,0.0,0.0,0.0,0.0,0.0,0.0,0.0,0.0,0.0,0.0,0.0,0.0,0.0,0.0,0.0,0.0,0.0,0.0,0.0,0.0,0.0,0.0,0.0,0.0,0.0
B15,0.0,0.0,0.0,0.0,0.0,0.0,0.0,0.0,0.0,0.0,0.0,0.0,0.0,0.0,0.0,0.0,0.0,0.0,0.0,0.0,0.0,0.0,0.0,0.0,0.0,0.0,0.0,0.0,0.0,0.0,0.0,0.0,0.0,0.0,0.0,0.0,0.0,0.0,0.0,0.0,0.0,0.0,0.0,0.0,0.0,0.0,0.0,0.0,0.0,0.0,0.0,0.0,0.0,0.0,0.0,0.0,0.0,0.0,0.0,0.0,0.0,0.0,0.0,0.0,0.0,0.0,0.0,0.0,0.0,0.0,0.0,0.0,0.0,0.0,0.0,0.0,0.0,0.0,0.0,0.0,0.0,0.0,0.0,0.0,0.0,0.0
B17,0.0,0.0,0.0,0.0,0.0,0.0,0.0,0.0,0.0,0.0,0.0,0.0,0.0,0.0,0.0,0.0,0.0,0.0,0.0,0.0,0.0,0.0,0.0,0.0,0.0,0.0,0.0,0.0,0.0,0.0,0.0,0.0,0.0,0.0,0.0,0.0,0.0,0.0,0.0,0.0,0.0,0.0,0.0,0.0,0.0,0.0,0.0,0.0,0.0,0.0,0.0,0.0,0.0,0.0,0.0,0.0,0.0,0.0,0.0,0.0,0.0,0.0,0.0,0.0,0.0,0.0,0.0,0.0,0.0,0.0,0.0,0.0,0.0,0.0,0.0,0.0,0.0,0.0,0.0,0.0,0.0,0.0,0.0,0.0,0.0,0.0
B19,0.0,0.0,0.0,0.0,0.0,0.0,0.0,0.0,0.0,0.0,0.0,0.0,0.0,0.0,0.0,0.0,0.0,0.0,0.0,0.0,0.0,0.0,0.0,0.0,0.0,0.0,0.0,0.0,0.0,0.0,0.0,0.0,0.0,0.0,0.0,0.0,0.0,0.0,0.0,0.0,0.0,0.0,0.0,0.0,0.0,0.0,0.0,0.0,0.0,0.0,0.0,0.0,0.0,0.0,0.0,0.0,0.0,0.0,0.0,0.0,0.0,0.0,0.0,0.0,0.0,0.0,0.0,0.0,0.0,0.0,0.0,0.0,0.0,0.0,0.0,0.0,0.0,0.0,0.0,0.0,0.0,0.0,0.0,0.0,0.0,0.0
Ba147,88231205317386.1,1844299595483.7039,38213654460.843155,791781993.885539,16405620.835942542,339922.34869086964,7043.147241728798,145.93310283868473,3.0237150769687346,0.06265098657427037,0.001298120364787925,2.689688660336567e-05,5.573000228468809e-07,1.154718462568341e-08,2.3925617676899655e-10,4.957357137496142e-12,1.0271580078123396e-13,2.1282581499583063e-15,4.4097234489861306e-17,9.136890135681641e-19,1.8931518567385592e-20,3.9225862404498253e-22,8.127548119818449e-24,1.6840174923060267e-25,3.4892625335277955e-27,7.229706985530718e-29,1.4979859667878247e-30,3.1038076109920385e-32,6.431049355361957e-34,1.332505135454659e-35,2.760933461865967e-37,5.720618538742265e-39,1.1853047861459255e-40,2.4559362358206276e-42,5.088668218432578e-44,1.0543654944947452e-45,2.184631711602478e-47,4.52652874193898e-49,9.378909196813844e-51,1.9432978941916377e-52,4.026488183564622e-54,8.342831606437552e-56,1.7286239531877753e-57,3.581686545403604e-59,7.421208346597335e-61,1.537664801915262e-62,3.18602164583238e-64,6.601395775639181e-66,1.3678006941237063e-67,2.834065404394188e-69,5.872146980836058e-71,1.216701283995701e-72,2.5209893745984163e-74,5.22345748330826e-76,1.0822936564052507e-77,2.242498503028249e-79,4.646427987748425e-81,9.62733888837736e-83,1.9947722060054303e-84,4.133142294030569e-86,8.56381754832701e-88,1.7744119554498754e-89,3.6765586957869425e-91,7.617782219089896e-93,1.5783946548706212e-94,3.2704133760623465e-96,6.776254352688624e-98,1.404031165858838e-99,2.909134474742332e-101,6.027689126799075e-103,1.2489294161126709e-104,2.5877656488563143e-106,5.3618170626838855e-108,1.1109615828772574e-109,2.3018980770883297e-111,4.769503139415365e-113,9.88234901593349e-115,2.0476099756733262e-116,4.242621471592381e-118,8.790656992818034e-120,1.8214127959046209e-121,3.773943831269405e-123,7.819562964310168e-125,1.620203365142407e-126,3.3570404847432037e-128,6.955744605069584e-130
Ba148,8030111140708.887,27899300206.697533,96871922.93028189,336358.5961872177,1167.9039891719683,4.055195090553276,0.014080444432856555,4.889010540790317e-05,1.6975617624812168e-07,5.894272293740036e-10,2.0466086501601353e-12,7.106232556237293e-15,2.4674253741366522e-17,8.567391974232067e-20,2.974769004546634e-22,1.0328990032237412e-24,3.586430910198333e-27,1.245280190365315e-29,4.323860660766276e-32,1.5013304763354165e-34,5.2129182136365966e-37,1.81002895301201e-39,6.284780762858415e-42,2.1822009626678672e-44,7.577036051298533e-47,2.6308977177101425e-49,9.135000485930412e-52,3.1718539765422627e-54,1.1013308279514858e-56,3.8240398251831186e-59,1.3277827346199282e-61,4.6103259143498905e-64,1.600796913706694e-66,5.558285480331872e-69,1.9299473416231727e-71,6.701161274674141e-74,2.3267765633141434e-76,8.079031310660763e-79,2.8052004626378295e-81,9.740214306633132e-84,3.381996260257614e-86,1.174296411179293e-88,4.077390852003861e-91,1.415751253408747e-93,4.9157701193727486e-96,1.706853220743099e-98,5.926534086042312e-101,2.0578105865324404e-103,7.14512790876868e-106,2.4809306146438304e-108,8.614284857131009e-111,2.991051146766947e-113,1.03855248705526e-115,3.6060609312365817e-118,1.2520961243530234e-120,4.347526940101523e-123,1.5095478795348028e-125,5.241450672999869e-128,1.819935990765464e-130,6.319179969670115e-133,2.1941450518973805e-135,7.618508306255878e-138,2.6452977100259836e-140,9.185000125185518e-143,3.189214846401137e-145,1.1073588674883113e-147,3.8449703781755164e-150,1.3350502391857375e-152,4.635560136605378e-155,1.6095587378937074e-157,5.588708277716662e-160,1.9405107423598335e-162,6.737839504395077e-165,2.3395119746556194e-167,8.123251193482418e-170,2.820554486032369e-172,9.793526531667922e-175,3.400507325827381e-177,1.180723821558519e-179,4.0997081000451914e-182,1.423500246094012e-184,4.942676164206366e-187,1.7161955350024104e-189,5.9589724604891914e-192,2.0690738357397454e-194,7.184236151665876e-197
Ba149,373344802627.7411,15730035.6260763,662.6645265239404,0.027916292445342224,1.1760390856922028e-06,4.954339598582748e-11,2.087131385062587e-15,8.79252891699107e-20,3.7040583697516416e-24,1.5604211866751978e-28,6.573639064948366e-33,2.7692991434119725e-37,1.1666320085315653e-41,4.9147100867315815e-46,2.0704365266836917e-50,8.722197922923293e-55,3.674429794208801e-59,1.5479394565314153e-63,6.521056858572308e-68,2.7471476596390986e-72,1.1573001781053095e-76,4.875397569341191e-81,2.0538752096325217e-85,8.65242950291962e-90,3.6450382161430604e-94,1.5355575671157057e-98,6.468895254605365e-103,2.725173364464468e-107,1.1480429925186111e-111,4.836399510788894e-116,2.0374463657187365e-120,8.583219156978539e-125,3.615881739823599e-129,1.5232747198071375e-133,6.417150888670141e-138,2.703374840565449e-142,1.1388598546911825e-146,4.7977133957343966e-151,2.021148935296427e-155,8.514562421093895e-160,3.5869584846834446e-164,1.5110901223729079e-168,6.365820423300735e-173,2.6817506819564993e-177,1.1297501723187374e-181,4.7593367289574174e-186,2.0049818671957193e-190,8.446454866966821e-195,3.558266585198168e-199,1.499002988917239e-203,6.314900547727444e-208,2.6602994938984766e-212,1.1207133578348086e-216,4.721267035196845e-221,1.988944118655e-225,8.378892101720263e-230,3.5298041907656064e-234,1.4870125398306984e-238,6.264387977663266e-243,2.639019892808703e-247,1.1117488283728421e-251,4.6835018589910307e-256,1.973034655253637e-260,8.311869767615471e-265,3.501569465586439e-269,1.4751180017399087e-273,6.214279455092033e-278,2.617910506171686e-282,1.1028560057286007e-286,4.646038764519467e-291,1.957252450845296e-295,8.245383541771062e-300,3.473560588545807e-304,1.4633186074576554e-308,6.16457174805e-313,2.59697e-317,1.09e-321,0.0,0.0,0.0,0.0,0.0,0.0,0.0,0.0,0.0
Ba150,18142921009.89157,174398.97556650906,1.6763987762172452,1.6114273881333288e-05,1.5489740651598365e-10,1.4889412158478652e-15,1.431235031053768e-20,1.3757653373501495e-25,1.3224454561181484e-30,1.271192068100804e-35,1.2219250832058732e-40,1.1745675153546344e-45,1.1290453621811113e-50,1.0852874893937423e-55,1.0432255196187874e-60,1.0027937255517806e-65,9.639289272500555e-71,9.265703934058615e-76,8.906597464457865e-81,8.561408713081954e-86,8.229598277561454e-91,7.910647660887362e-96,7.604058461192048e-101,7.309351592931441e-106,7.02606653825147e-111,6.75376062736896e-116,6.49200834684248e-121,6.240400674652159e-126,5.998544441049529e-131,5.766061714178614e-136,5.542589209508184e-141,5.327777722152373e-146,5.121291581192584e-151,4.922808125147969e-156,4.732017197774849e-161,4.54862066340721e-166,4.372331941080886e-171,4.2028755567135055e-176,4.0399867126403733e-181,3.883410873833623e-186,3.732903370158105e-191,3.5882290140424497e-196,3.4491617329678496e-201,3.3154842162003164e-206,3.1869875752143787e-211,3.063471017277546e-216,2.9447415316855236e-221,2.8306135881578578e-226,2.72090884692272e-231,2.6154558800377885e-236,2.51408990351176e-241,2.4166525198079233e-246,2.3229914703273715e-251,2.2329603974851244e-256,2.146418616007338e-261,2.063230893092247e-266,1.9832672370913118e-271,1.9064026943803376e-276,1.832517154103161e-281,1.7614951604828063e-286,1.6932257324067983e-291,1.6276021900047255e-296,1.5645219879470465e-301,1.5038865552046677e-306,1.4456011410187e-311,1.38957465e-316,1.334e-321,0.0,0.0,0.0,0.0,0.0,0.0,0.0,0.0,0.0,0.0,0.0,0.0,0.0,0.0,0.0,0.0,0.0,0.0,0.0
Ba151,295602902.8597263,456.3727256488514,0.0007045791769659873,1.0877771363489396e-09,1.6793841445311696e-15,2.5927471819907585e-21,4.002859007340264e-27,6.179885313901843e-33,9.540926228714725e-39,1.472992922651871e-44,2.2741064108141486e-50,3.5109197662643887e-56,5.420396137370276e-62,8.368375309607148e-68,1.2919665564594263e-73,1.9946256247534236e-79,3.079438367062664e-85,4.7542458789527704e-91,7.339927344965581e-97,1.1331877820597816e-102,1.749492180314748e-108,2.7009847241902053e-114,4.169963468482811e-120,6.437872518399579e-126,9.939224378443835e-132,1.5344848933046378e-137,2.3690418870982415e-143,3.6574875955535285e-149,5.6466774962823586e-155,8.717723823803182e-161,1.3459013502744112e-166,2.0778938187103806e-172,3.207993454315573e-178,4.952717944615042e-184,7.646341985490485e-190,1.1804941531678307e-195,1.822526965584107e-201,2.8137407808143406e-207,4.344043918757771e-213,6.706629728213587e-219,1.0354149993083061e-224,1.598543924801088e-230,2.467940566077877e-236,3.810174086051894e-242,5.882405259496546e-248,9.081656337862492e-254,1.4020877209350394e-259,2.164638149762343e-265,3.3419152378580974e-271,5.159475480118619e-277,7.965548296493202e-283,1.2297753891507406e-288,1.8986106812341597e-294,2.9312039830182226e-300,4.525391579740214e-306,6.98660655097e-312,1.0786397e-317,1.5e-323,0.0,0.0,0.0,0.0,0.0,0.0,0.0,0.0,0.0,0.0,0.0,0.0,0.0,0.0,0.0,0.0,0.0,0.0,0.0,0.0,0.0,0.0,0.0,0.0,0.0,0.0,0.0,0.0
Ba152,5380134.566105674,1.3466605742209838,3.370723687072872e-07,8.437002160820436e-14,2.1118018582977883e-20,5.2858906560672466e-27,1.3230710977032916e-33,3.311678662078478e-40,8.289211048373597e-47,2.0748093887030227e-53,5.193297618227312e-60,1.2998948384528379e-66,3.253667929805847e-73,8.14400879539391e-80,2.038464916836524e-86,5.102326534229078e-93,1.2771245581356233e-99,3.196673372531514e-106,8.001350052785405e-113,2.0027570917109028e-119,5.012948992279125e-126,1.25475314521167e-132,3.1406771899005033e-139,7.861190265833007e-146,1.967674761174209e-152,4.925137078273875e-159,1.232773612713962e-165,3.085661893366951e-172,7.723485660287353e-179,1.9332069684269345e-185,4.838863367081609e-192,1.2111790960663158e-198,3.0316103007321726e-205,7.588193228693402e-212,1.899342948600021e-218,4.754100913977107e-225,1.1899628509394361e-231,2.9785055307783278e-238,7.455270716958377e-245,1.8660721253927937e-251,4.670823246226347e-258,1.1691182511445662e-264,2.926330997996178e-271,7.324676611155224e-278,1.8333841077698348e-284,4.589004354818695e-291,1.1486387865640168e-297,2.875070407405146e-304,7.1963701245573e-311,1.8012685e-317,5e-324,0.0,0.0,0.0,0.0,0.0,0.0,0.0,0.0,0.0,0.0,0.0,0.0,0.0,0.0,0.0,0.0,0.0,0.0,0.0,0.0,0.0,0.0,0.0,0.0,0.0,0.0,0.0,0.0,0.0,0.0,0.0,0.0,0.0,0.0,0.0
Ba153,13439.711718231209,4.000592050463856e-06,1.1908541708170627e-15,3.5448094638591425e-25,1.0551816035076626e-34,3.140953633002497e-44,9.349660467805873e-54,2.783108605767256e-63,8.284465022197205e-73,2.4660324272572915e-82,7.340625998166875e-92,2.18508035212229e-101,6.504317406203766e-111,1.936136805200543e-120,5.763288434965916e-130,1.7155550938029624e-139,5.106683993147562e-149,1.520103988503252e-158,4.524885696792956e-168,1.3469203899136865e-177,4.0093709727321037e-187,1.1934673880775467e-196,3.552588214190706e-206,1.0574971001039761e-215,3.147846159769665e-225,9.370177416658968e-235,2.789215875342848e-244,8.30264450002113e-254,2.4714439030380792e-263,7.3567343101930445e-273,2.1898753050490587e-282,6.518590517832458e-292,1.9403854749722083e-301,5.775935428346e-311,1.7193e-320,0.0,0.0,0.0,0.0,0.0,0.0,0.0,0.0,0.0,0.0,0.0,0.0,0.0,0.0,0.0,0.0,0.0,0.0,0.0,0.0,0.0,0.0,0.0,0.0,0.0,0.0,0.0,0.0,0.0,0.0,0.0,0.0,0.0,0.0,0.0,0.0,0.0,0.0,0.0,0.0,0.0,0.0,0.0,0.0,0.0,0.0,0.0,0.0,0.0,0.0,0.0
Be11,0.0,0.0,0.0,0.0,0.0,0.0,0.0,0.0,0.0,0.0,0.0,0.0,0.0,0.0,0.0,0.0,0.0,0.0,0.0,0.0,0.0,0.0,0.0,0.0,0.0,0.0,0.0,0.0,0.0,0.0,0.0,0.0,0.0,0.0,0.0,0.0,0.0,0.0,0.0,0.0,0.0,0.0,0.0,0.0,0.0,0.0,0.0,0.0,0.0,0.0,0.0,0.0,0.0,0.0,0.0,0.0,0.0,0.0,0.0,0.0,0.0,0.0,0.0,0.0,0.0,0.0,0.0,0.0,0.0,0.0,0.0,0.0,0.0,0.0,0.0,0.0,0.0,0.0,0.0,0.0,0.0,0.0,0.0,0.0,0.0,0.0
Be12,0.0,0.0,0.0,0.0,0.0,0.0,0.0,0.0,0.0,0.0,0.0,0.0,0.0,0.0,0.0,0.0,0.0,0.0,0.0,0.0,0.0,0.0,0.0,0.0,0.0,0.0,0.0,0.0,0.0,0.0,0.0,0.0,0.0,0.0,0.0,0.0,0.0,0.0,0.0,0.0,0.0,0.0,0.0,0.0,0.0,0.0,0.0,0.0,0.0,0.0,0.0,0.0,0.0,0.0,0.0,0.0,0.0,0.0,0.0,0.0,0.0,0.0,0.0,0.0,0.0,0.0,0.0,0.0,0.0,0.0,0.0,0.0,0.0,0.0,0.0,0.0,0.0,0.0,0.0,0.0,0.0,0.0,0.0,0.0,0.0,0.0
Be14,0.0,0.0,0.0,0.0,0.0,0.0,0.0,0.0,0.0,0.0,0.0,0.0,0.0,0.0,0.0,0.0,0.0,0.0,0.0,0.0,0.0,0.0,0.0,0.0,0.0,0.0,0.0,0.0,0.0,0.0,0.0,0.0,0.0,0.0,0.0,0.0,0.0,0.0,0.0,0.0,0.0,0.0,0.0,0.0,0.0,0.0,0.0,0.0,0.0,0.0,0.0,0.0,0.0,0.0,0.0,0.0,0.0,0.0,0.0,0.0,0.0,0.0,0.0,0.0,0.0,0.0,0.0,0.0,0.0,0.0,0.0,0.0,0.0,0.0,0.0,0.0,0.0,0.0,0.0,0.0,0.0,0.0,0.0,0.0,0.0,0.0
Br87,461029394643242.06,565993470754366.0,603084921773912.6,604591127956591.4,588276633319988.9,563508706845893.6,535210347657956.06,505944236411772.56,477019943049867.75,449083083702837.9,422428833109110.4,397168685163673.2,373319078792449.4,350848426451717.0,329702001252985.25,309815042803624.75,291119598151281.5,273548034885673.1,257034789935375.9,241517186202162.47,226935759721138.75,213234332669379.78,200359957144547.78,188262795867801.44,176895974692832.25,166215425170573.03,156179726581750.62,146749952161856.1,137889521764220.34,129564061903156.98,121741273440185.16,114390806829214.92,107484144665244.66,100994491202611.83,94896668478972.8,89167018676520.16,83783312360003.1,78724662245331.05,73971442169416.81,69505210949660.15,65308640839147.23,61365450300776.945,57660340839916.58,54178937650737.69,50907733846075.266,47834038054500.586,44945925181332.58,42232190142571.82,39682304392267.25,37286375074658.73,35035106642619.55,32919764793490.875,30932142582389.28,29064528581517.223,27309676961943.285,25660779381777.902,24111438571678.37,22655643515202.49,21287746127717.117,20002439343382.473,18794736525195.58,17659952118209.316,16593683470867.41,15591793753926.566,14650395910696.23,13765837576327.105,12934686907639.607,12153719268515.654,11419904719196.959,10730396260951.697,10082518790502.037,9473758721358.754,8901754231796.691,8364286101635.616,7859269102276.038,7384743906585.431,6938869487247.555,6519915974082.551,6126257942626.1875,5756368107929.736,5408811399114.224,5082239391689.898,4775385076039.891,4487057941771.184,4216139358861.5547,3961578237682.582
Br88,502946468569317.2,503167786520067.25,416825382859361.56,337990486986155.5,273325434514912.6,220955619650354.62,178612037630640.66,144382286735164.47,116712343115027.95,94345158670783.31,76264503130440.1,61648891269409.125,49834269391203.21,40283845411566.26,32563700059463.082,26323071959206.97,21278420944311.29,17200545536059.18,13904169276110.781,11239522772894.328,9085538995807.303,7344352648442.397,5936853702303.664,4799093067791.593,3879377095714.6094,3135918899293.301,2534939785515.596,2049134535219.6387,1656430802586.4016,1338986267908.9248,1082377979719.5308,874947054394.5997,707268959954.4092,571725316637.7184,462157759200.36084,373588134325.07605,301992320436.1558,244117393522.61444,197333831980.25235,159516045465.24506,128945799640.76556,104234148962.89618,84258330556.6193,68110751983.16909,55057755180.60431,44506283035.55423,35976934096.62765,29082181182.35337,23508764255.776573,19003457593.78684,15361564588.837019,12417617449.4774,10037859244.729424,8114166717.323084,6559137751.5165,5302120296.779197,4286002323.2502103,3464616962.0227323,2800644933.9563,2263918964.8011713,1830053148.4889698,1479334984.3193378,1195829748.2442133,966656505.7567296,781402872.3518443,631651931.4601033,510599815.58095324,412746575.58420014,333646292.963602,269705081.5038065,218017800.6560687,176236061.76748452,142461530.08537877,115159674.76079717,93090048.12081316,75249926.47934537,60828751.83175293,49171304.51183369,39747933.57724891,32130492.35415685,25972885.783210725,20995345.744225282,16971719.91587094,13719196.645380078,11089998.982283419,8964670.498287765
Br89,376677598260533.6,179488976738309.12,81652117172007.02,37143935277148.445,16896952117708.363,7686503563408.034,3496626883872.4346,1590632133864.3232,723586092914.7041,329162741474.09247,149737690422.29544,68116384717.76405,30986466092.357906,14095890216.006227,6412287234.997198,2916979839.798847,1326947947.5831094,603634907.4378419,274596378.9620848,124915193.62115958,56824513.332589544,25849740.306840274,11759169.322227294,5349301.8307894105,2433422.743798624,1106975.5338824408,503568.41438140214,229075.65723085764,104207.60166264996,47404.53165365286,21564.54601629713,9809.814139428629,4462.530923554226,2030.0264572431158,923.4686521398526,420.09026455898356,191.10105141989243,86.93277358409426,39.546130525563015,17.98972211592943,8.183609812321912,3.722762871419232,1.6935024658617477,0.7703822942626661,0.35045055515251916,0.1594216177102771,0.07252164911623774,0.032990441736056086,0.015007508229655285,0.00682698658796729,0.003105628539998865,0.001412765134979887,0.0006426735525219852,0.0002923552435466275,0.00013299378524882438,6.0499502934311084e-05,2.7521510486002712e-05,1.251966549631922e-05,5.6952551430432494e-06,2.5907985444097345e-06,1.1785665311087235e-06,5.361354981639886e-07,2.4389057792192784e-07,1.1094697926697993e-07,5.0470306451969574e-08,2.2959181495388717e-08,1.0444240425602336e-08,4.751134446569666e-09,2.1613135670494693e-09,9.831917803304382e-10,4.472585984961851e-10,2.0346005523107704e-10,9.255494296547551e-11,4.210368201076729e-11,1.9153164402306e-11,8.712865219909927e-12,3.9635236635454494e-12,1.8030256907436864e-12,8.202049281002026e-13,3.7311510730741605e-13,1.697318298531572e-13,7.721181346207179e-14,3.5124019715450426e-14,1.597808295977104e-14,7.268505630550719e-15,3.3064776440555233e-15
Br90,200225000345292.78,33745394046040.21,5549862501400.172,912746010074.6733,150112778234.965,24687970082.253506,4060253057.3927994,667760647.6005083,109821795.87845135,18061601.70310561,2970461.8602547967,488530.51951152296,80345.10447265161,13213.78205639214,2173.175794341817,357.40660871794796,58.780096984262784,9.667140218456279,1.5898850937302,0.26147697810771336,0.043003239888192754,0.007072433887925907,0.0011631523864046426,0.0001912953157905842,3.146096613921137e-05,5.174159055186456e-06,8.50956763689492e-07,1.3995074483515257e-07,2.3016693462772518e-08,3.7853901998395716e-09,6.225559282968968e-10,1.0238730048860923e-10,1.6838903662877582e-11,2.7693734986129202e-12,4.554589614837759e-13,7.490606294159314e-14,1.2319261975065538e-14,2.0260605036555088e-15,3.332116138759988e-16,5.480092002263639e-17,9.012713573798109e-18,1.4822562455114188e-18,2.4377603474995633e-19,4.009209291468228e-20,6.5936584616622326e-21,1.084411632028527e-21,1.7834538966738083e-22,2.933118483440721e-23,4.8238892263751705e-24,7.933504016190123e-25,1.304766403647298e-25,2.1458555571567586e-26,3.529134456028862e-27,5.8041138729918205e-28,9.545609063748464e-29,1.5698977379116838e-29,2.5818980130456004e-30,4.246262153760635e-31,6.98352227212526e-32,1.1485297317801626e-32,1.8889043284765976e-33,3.1065452320572226e-34,5.109111739185168e-35,8.402588989890129e-36,1.3819134389157648e-36,2.2727337430804956e-37,3.7378018922728886e-38,6.147294212714104e-39,1.0110013111125421e-39,1.6627212163642313e-40,2.7345581187282877e-41,4.497331261012022e-42,7.396437593610971e-43,1.2164389479255527e-43,2.0005897370220613e-44,3.2902261989419185e-45,5.4111986280195565e-46,8.899409591139065e-47,1.463621953567877e-47,2.4071138664061226e-48,3.9588072259507246e-49,6.510765805872984e-50,1.0707788725111432e-50,1.761033076603653e-51,2.896244571597908e-52,4.763245352942484e-53
Br91,80959872287772.39,134474914327.90689,222066335.58612204,366707.7690912086,605.5604309728499,0.999988182578946,0.0016513238219528557,2.7269025899050658e-06,4.503052421321662e-09,7.436085610185595e-12,1.2279530422561649e-14,2.0277720739534857e-17,3.3485479024106196e-20,5.529602265839155e-23,9.131271855588951e-26,1.5078864933157623e-28,2.490038313044457e-31,4.111908176055863e-34,6.7901721671272885e-37,1.121290556236482e-39,1.8516356884026386e-42,3.0576862558032853e-45,5.049289823849668e-48,8.338111105036818e-51,1.37690842129026e-53,2.2737485465680487e-56,3.754739511416255e-59,6.200364072742224e-62,1.023892989584558e-64,1.6907988657136203e-67,2.792089440380304e-70,4.6106982924860857e-73,7.61384590224249e-76,1.2573073696356967e-78,2.0762461468712381e-81,3.428595239719871e-84,5.661787902915146e-87,9.349555726564966e-90,1.543932654897509e-92,2.5495629017814853e-95,4.2102037090289655e-98,6.95249184051725e-101,1.1480951073411923e-103,1.8958992052592148e-106,3.130780519417654e-109,5.169993549010919e-112,8.53743439728131e-115,1.4098235403374229e-117,2.3281027090790677e-120,3.844496895493801e-123,6.348584330846841e-126,1.0483692431411669e-128,1.731217563928582e-131,2.85883458835051e-134,4.720917447835224e-137,7.795855569990927e-140,1.2873634148385091e-142,2.1258789968406195e-145,3.510556115791906e-148,5.797133449476344e-151,9.573057693013545e-154,1.580840503198076e-156,2.6105104311398523e-159,4.310849005515452e-162,7.118691780227552e-165,1.1755404236391253e-167,1.941220845447928e-170,3.2056221079458136e-173,5.2935827075253874e-176,8.741522530666763e-179,1.4435254982513785e-181,2.3837562127097194e-184,3.9363999378711783e-187,6.500347807487454e-190,1.0734306037297214e-192,1.7726024747419277e-195,2.9271752850567728e-198,4.833771401957829e-201,7.982216195137136e-204,1.318137952491976e-206,2.1766983245307714e-209,3.594476273942127e-212,5.935714443441803e-215,9.80190249397398e-218,1.6186306369156005e-220,2.672914916642466e-223
Br92,9679732029564.324,396815921.48078465,16232.923143747626,0.6640554965826312,2.7165144480552222e-05,1.1112701851681029e-09,4.545977752217155e-14,1.8596659929760625e-18,7.607511065677658e-23,3.112076299346137e-27,1.2730864022856633e-31,5.2079346127380624e-36,2.130458928935228e-40,8.715269267740559e-45,3.5652373945169036e-49,1.4584652853252577e-53,5.966281492980678e-58,2.440683039332351e-62,9.984332293896825e-67,4.0843849753723254e-71,1.6708378823934592e-75,6.835054105022432e-80,2.7960800452800966e-84,1.1438188344213373e-88,4.6791275814349155e-93,1.914134849372484e-97,7.830331953587456e-102,3.20322774142446e-106,1.3103745823611399e-110,5.360472887683454e-115,2.1928591996811253e-119,8.970535940354712e-124,3.6696617397458663e-128,1.5011831370715375e-132,6.141031437911234e-137,2.5121696474010563e-141,1.0276769303545066e-145,4.204014940931485e-150,1.7197760406549597e-154,7.035250044462317e-159,2.8779760863081605e-163,1.1773208202999511e-167,4.8161773146968846e-172,1.970199076296914e-176,8.059679174178243e-181,3.297048971963535e-185,1.3487549179814787e-189,5.517478946319219e-194,2.2570871488376602e-198,9.233279269414666e-203,3.7771446313407064e-207,1.5451521772253672e-211,6.320899737262226e-216,2.5857500689845815e-220,1.0577771673609444e-224,4.327148819257421e-229,1.7701475775579531e-233,7.241309641095306e-238,2.962270828885346e-242,1.211804065643818e-246,4.957241178597591e-251,2.0279054014996737e-255,8.295743881065224e-260,3.3936181879755303e-264,1.3882593979359328e-268,5.679083648202493e-273,2.3231963083580235e-277,9.503718243130039e-282,3.8877756528736474e-286,1.5904090525835165e-290,6.506036305541424e-295,2.6614856310244985e-299,1.0887590279993661e-303,4.453889238522113e-308,1.82199447618e-312,7.4534047e-317,3.05e-321,0.0,0.0,0.0,0.0,0.0,0.0,0.0,0.0,0.0
Br93,1108578980851.9802,0.0019453168205333794,3.4089293889902318e-18,5.973731094316176e-33,1.0468231845004695e-47,1.834429374717523e-62,3.2146127260568076e-77,5.633214950080934e-92,9.87151902205671e-107,1.7298627633839411e-121,3.0313725511302947e-136,5.312108993993441e-151,9.308820175713582e-166,1.6312566847132565e-180,2.8585774794147954e-195,5.0093068015557646e-210,8.778196432601119e-225,1.5382713749015954e-239,2.6956321164716517e-254,4.7237650169615066e-269,8.277819439499915e-284,1.4505864374481257e-298,2.54197500667e-313,0.0,0.0,0.0,0.0,0.0,0.0,0.0,0.0,0.0,0.0,0.0,0.0,0.0,0.0,0.0,0.0,0.0,0.0,0.0,0.0,0.0,0.0,0.0,0.0,0.0,0.0,0.0,0.0,0.0,0.0,0.0,0.0,0.0,0.0,0.0,0.0,0.0,0.0,0.0,0.0,0.0,0.0,0.0,0.0,0.0,0.0,0.0,0.0,0.0,0.0,0.0,0.0,0.0,0.0,0.0,0.0,0.0,0.0,0.0,0.0,0.0,0.0,0.0
Br94,59429326299.76691,1.870944520662331e-11,5.8873300286156945e-33,1.852575151158209e-54,5.829526583344045e-76,1.8343860525533233e-97,5.772290668364856e-119,1.8163755395825225e-140,5.715616711533856e-162,1.798541858842338e-183,5.659499195389481e-205,1.780883274144694e-226,5.603932656642161e-248,1.7633980663478927e-269,5.5489116856423984e-291,1.74608453319e-312,0.0,0.0,0.0,0.0,0.0,0.0,0.0,0.0,0.0,0.0,0.0,0.0,0.0,0.0,0.0,0.0,0.0,0.0,0.0,0.0,0.0,0.0,0.0,0.0,0.0,0.0,0.0,0.0,0.0,0.0,0.0,0.0,0.0,0.0,0.0,0.0,0.0,0.0,0.0,0.0,0.0,0.0,0.0,0.0,0.0,0.0,0.0,0.0,0.0,0.0,0.0,0.0,0.0,0.0,0.0,0.0,0.0,0.0,0.0,0.0,0.0,0.0,0.0,0.0,0.0,0.0,0.0,0.0,0.0,0.0
C16,0.0,0.0,0.0,0.0,0.0,0.0,0.0,0.0,0.0,0.0,0.0,0.0,0.0,0.0,0.0,0.0,0.0,0.0,0.0,0.0,0.0,0.0,0.0,0.0,0.0,0.0,0.0,0.0,0.0,0.0,0.0,0.0,0.0,0.0,0.0,0.0,0.0,0.0,0.0,0.0,0.0,0.0,0.0,0.0,0.0,0.0,0.0,0.0,0.0,0.0,0.0,0.0,0.0,0.0,0.0,0.0,0.0,0.0,0.0,0.0,0.0,0.0,0.0,0.0,0.0,0.0,0.0,0.0,0.0,0.0,0.0,0.0,0.0,0.0,0.0,0.0,0.0,0.0,0.0,0.0,0.0,0.0,0.0,0.0,0.0,0.0
C17,0.0,0.0,0.0,0.0,0.0,0.0,0.0,0.0,0.0,0.0,0.0,0.0,0.0,0.0,0.0,0.0,0.0,0.0,0.0,0.0,0.0,0.0,0.0,0.0,0.0,0.0,0.0,0.0,0.0,0.0,0.0,0.0,0.0,0.0,0.0,0.0,0.0,0.0,0.0,0.0,0.0,0.0,0.0,0.0,0.0,0.0,0.0,0.0,0.0,0.0,0.0,0.0,0.0,0.0,0.0,0.0,0.0,0.0,0.0,0.0,0.0,0.0,0.0,0.0,0.0,0.0,0.0,0.0,0.0,0.0,0.0,0.0,0.0,0.0,0.0,0.0,0.0,0.0,0.0,0.0,0.0,0.0,0.0,0.0,0.0,0.0
C18,0.0,0.0,0.0,0.0,0.0,0.0,0.0,0.0,0.0,0.0,0.0,0.0,0.0,0.0,0.0,0.0,0.0,0.0,0.0,0.0,0.0,0.0,0.0,0.0,0.0,0.0,0.0,0.0,0.0,0.0,0.0,0.0,0.0,0.0,0.0,0.0,0.0,0.0,0.0,0.0,0.0,0.0,0.0,0.0,0.0,0.0,0.0,0.0,0.0,0.0,0.0,0.0,0.0,0.0,0.0,0.0,0.0,0.0,0.0,0.0,0.0,0.0,0.0,0.0,0.0,0.0,0.0,0.0,0.0,0.0,0.0,0.0,0.0,0.0,0.0,0.0,0.0,0.0,0.0,0.0,0.0,0.0,0.0,0.0,0.0,0.0
C19,0.0,0.0,0.0,0.0,0.0,0.0,0.0,0.0,0.0,0.0,0.0,0.0,0.0,0.0,0.0,0.0,0.0,0.0,0.0,0.0,0.0,0.0,0.0,0.0,0.0,0.0,0.0,0.0,0.0,0.0,0.0,0.0,0.0,0.0,0.0,0.0,0.0,0.0,0.0,0.0,0.0,0.0,0.0,0.0,0.0,0.0,0.0,0.0,0.0,0.0,0.0,0.0,0.0,0.0,0.0,0.0,0.0,0.0,0.0,0.0,0.0,0.0,0.0,0.0,0.0,0.0,0.0,0.0,0.0,0.0,0.0,0.0,0.0,0.0,0.0,0.0,0.0,0.0,0.0,0.0,0.0,0.0,0.0,0.0,0.0,0.0
C20,0.0,0.0,0.0,0.0,0.0,0.0,0.0,0.0,0.0,0.0,0.0,0.0,0.0,0.0,0.0,0.0,0.0,0.0,0.0,0.0,0.0,0.0,0.0,0.0,0.0,0.0,0.0,0.0,0.0,0.0,0.0,0.0,0.0,0.0,0.0,0.0,0.0,0.0,0.0,0.0,0.0,0.0,0.0,0.0,0.0,0.0,0.0,0.0,0.0,0.0,0.0,0.0,0.0,0.0,0.0,0.0,0.0,0.0,0.0,0.0,0.0,0.0,0.0,0.0,0.0,0.0,0.0,0.0,0.0,0.0,0.0,0.0,0.0,0.0,0.0,0.0,0.0,0.0,0.0,0.0,0.0,0.0,0.0,0.0,0.0,0.0
C22,0.0,0.0,0.0,0.0,0.0,0.0,0.0,0.0,0.0,0.0,0.0,0.0,0.0,0.0,0.0,0.0,0.0,0.0,0.0,0.0,0.0,0.0,0.0,0.0,0.0,0.0,0.0,0.0,0.0,0.0,0.0,0.0,0.0,0.0,0.0,0.0,0.0,0.0,0.0,0.0,0.0,0.0,0.0,0.0,0.0,0.0,0.0,0.0,0.0,0.0,0.0,0.0,0.0,0.0,0.0,0.0,0.0,0.0,0.0,0.0,0.0,0.0,0.0,0.0,0.0,0.0,0.0,0.0,0.0,0.0,0.0,0.0,0.0,0.0,0.0,0.0,0.0,0.0,0.0,0.0,0.0,0.0,0.0,0.0,0.0,0.0
Ca51,0.0,0.0,0.0,0.0,0.0,0.0,0.0,0.0,0.0,0.0,0.0,0.0,0.0,0.0,0.0,0.0,0.0,0.0,0.0,0.0,0.0,0.0,0.0,0.0,0.0,0.0,0.0,0.0,0.0,0.0,0.0,0.0,0.0,0.0,0.0,0.0,0.0,0.0,0.0,0.0,0.0,0.0,0.0,0.0,0.0,0.0,0.0,0.0,0.0,0.0,0.0,0.0,0.0,0.0,0.0,0.0,0.0,0.0,0.0,0.0,0.0,0.0,0.0,0.0,0.0,0.0,0.0,0.0,0.0,0.0,0.0,0.0,0.0,0.0,0.0,0.0,0.0,0.0,0.0,0.0,0.0,0.0,0.0,0.0,0.0,0.0
Ca52,0.0,0.0,0.0,0.0,0.0,0.0,0.0,0.0,0.0,0.0,0.0,0.0,0.0,0.0,0.0,0.0,0.0,0.0,0.0,0.0,0.0,0.0,0.0,0.0,0.0,0.0,0.0,0.0,0.0,0.0,0.0,0.0,0.0,0.0,0.0,0.0,0.0,0.0,0.0,0.0,0.0,0.0,0.0,0.0,0.0,0.0,0.0,0.0,0.0,0.0,0.0,0.0,0.0,0.0,0.0,0.0,0.0,0.0,0.0,0.0,0.0,0.0,0.0,0.0,0.0,0.0,0.0,0.0,0.0,0.0,0.0,0.0,0.0,0.0,0.0,0.0,0.0,0.0,0.0,0.0,0.0,0.0,0.0,0.0,0.0,0.0
Ca53,0.0,0.0,0.0,0.0,0.0,0.0,0.0,0.0,0.0,0.0,0.0,0.0,0.0,0.0,0.0,0.0,0.0,0.0,0.0,0.0,0.0,0.0,0.0,0.0,0.0,0.0,0.0,0.0,0.0,0.0,0.0,0.0,0.0,0.0,0.0,0.0,0.0,0.0,0.0,0.0,0.0,0.0,0.0,0.0,0.0,0.0,0.0,0.0,0.0,0.0,0.0,0.0,0.0,0.0,0.0,0.0,0.0,0.0,0.0,0.0,0.0,0.0,0.0,0.0,0.0,0.0,0.0,0.0,0.0,0.0,0.0,0.0,0.0,0.0,0.0,0.0,0.0,0.0,0.0,0.0,0.0,0.0,0.0,0.0,0.0,0.0
Ca54,0.0,0.0,0.0,0.0,0.0,0.0,0.0,0.0,0.0,0.0,0.0,0.0,0.0,0.0,0.0,0.0,0.0,0.0,0.0,0.0,0.0,0.0,0.0,0.0,0.0,0.0,0.0,0.0,0.0,0.0,0.0,0.0,0.0,0.0,0.0,0.0,0.0,0.0,0.0,0.0,0.0,0.0,0.0,0.0,0.0,0.0,0.0,0.0,0.0,0.0,0.0,0.0,0.0,0.0,0.0,0.0,0.0,0.0,0.0,0.0,0.0,0.0,0.0,0.0,0.0,0.0,0.0,0.0,0.0,0.0,0.0,0.0,0.0,0.0,0.0,0.0,0.0,0.0,0.0,0.0,0.0,0.0,0.0,0.0,0.0,0.0
Ca55,0.0,0.0,0.0,0.0,0.0,0.0,0.0,0.0,0.0,0.0,0.0,0.0,0.0,0.0,0.0,0.0,0.0,0.0,0.0,0.0,0.0,0.0,0.0,0.0,0.0,0.0,0.0,0.0,0.0,0.0,0.0,0.0,0.0,0.0,0.0,0.0,0.0,0.0,0.0,0.0,0.0,0.0,0.0,0.0,0.0,0.0,0.0,0.0,0.0,0.0,0.0,0.0,0.0,0.0,0.0,0.0,0.0,0.0,0.0,0.0,0.0,0.0,0.0,0.0,0.0,0.0,0.0,0.0,0.0,0.0,0.0,0.0,0.0,0.0,0.0,0.0,0.0,0.0,0.0,0.0,0.0,0.0,0.0,0.0,0.0,0.0
Ca56,0.0,0.0,0.0,0.0,0.0,0.0,0.0,0.0,0.0,0.0,0.0,0.0,0.0,0.0,0.0,0.0,0.0,0.0,0.0,0.0,0.0,0.0,0.0,0.0,0.0,0.0,0.0,0.0,0.0,0.0,0.0,0.0,0.0,0.0,0.0,0.0,0.0,0.0,0.0,0.0,0.0,0.0,0.0,0.0,0.0,0.0,0.0,0.0,0.0,0.0,0.0,0.0,0.0,0.0,0.0,0.0,0.0,0.0,0.0,0.0,0.0,0.0,0.0,0.0,0.0,0.0,0.0,0.0,0.0,0.0,0.0,0.0,0.0,0.0,0.0,0.0,0.0,0.0,0.0,0.0,0.0,0.0,0.0,0.0,0.0,0.0
Cd126,2923370336911.548,3493514501.186929,4174853.4321217323,4989.07366028592,5.96209097934937,0.007124875531302933,8.514437554272115e-06,1.0175005380387593e-08,1.215943317817511e-11,1.4530883246459134e-14,1.736483640546769e-17,2.0751494473822456e-20,2.479865129978951e-23,2.963512372876698e-26,3.5414851711180856e-29,4.232179805301295e-32,5.057580376298831e-35,6.043958536610888e-38,7.222709690083886e-41,8.631352275372205e-44,1.0314721939309684e-46,1.2326398609502802e-49,1.4730411888400458e-52,1.7603279049782553e-55,2.1036440505002186e-58,2.5139170257371066e-61,3.004205398146202e-64,3.590114543102107e-67,4.290293346968416e-70,5.127027781998531e-73,6.1269502459451e-76,7.321887243929401e-79,8.749872393414e-82,1.0456356995186562e-84,1.2495656701586109e-87,1.4932680327935573e-90,1.7844995833473063e-93,2.1325299229833285e-96,2.5484364999900325e-99,3.045457193583403e-102,3.639411662007345e-105,4.3492048660090055e-108,5.1974287943242445e-111,6.211081543477429e-114,7.422426639467151e-117,8.870019952664602e-120,1.0599936891571133e-122,1.2667238935752057e-125,1.5137726186183885e-128,1.8090031714892605e-131,2.1618124374881296e-134,2.58342997322164e-137,3.0872754318569867e-140,3.689385696900412e-143,4.408925319729582e-146,5.268796507582196e-149,6.296368077292134e-152,7.524346576621887e-155,8.99181730008868e-158,1.0745488333748908e-160,1.2841177225608781e-163,1.5345587600853558e-166,1.833843226973346e-169,2.191497040445005e-172,2.61890395407776e-175,3.129667890991727e-178,3.74004594275158e-181,4.4694658158952655e-184,5.341144195881124e-187,6.382825710342815e-190,7.627666012093563e-193,9.115287089504825e-196,1.0893038393704923e-198,1.3017503922981265e-201,1.555630323333486e-204,1.8590243699503494e-207,2.2215892530711653e-210,2.6548650405766954e-213,3.1726424558151726e-216,3.791401822163606e-219,4.530837614795799e-222,5.414485315601204e-225,6.47047052340284e-228,7.732404162883264e-231,9.240452285799245e-234,1.1042614515159238e-236
Cd127,2948925815332.7124,252168563.40554726,21563.43926438777,1.8439329099128754,0.00015767839881994359,1.348339590923399e-08,1.1529922082272763e-12,9.859467460436947e-17,8.431028233302089e-21,7.209541220757446e-25,6.165023194738295e-29,5.27183489598913e-33,4.508051680047005e-37,3.8549253440080677e-41,3.2964239238093104e-45,2.818838165660631e-49,2.4104450118790703e-53,2.0612198408811428e-57,1.7625903978328263e-61,1.5072263758165646e-65,1.2888594824698456e-69,1.1021295753615499e-73,9.424530892684409e-78,8.059105257022533e-82,6.891502429493192e-86,5.893061850051697e-90,5.039275299376e-94,4.309185307919057e-98,3.68487072343216e-102,3.151006809443646e-106,2.6944890766513237e-110,2.3041116136068284e-114,1.97029202083674e-118,1.684836196496582e-122,1.440737199869258e-126,1.2320032555113264e-130,1.0535106761512406e-134,9.008780941118557e-139,7.7035891407910055e-143,6.587493473089671e-147,5.633097698346774e-151,4.816974742934632e-155,4.119091646658283e-159,3.522317823745397e-163,3.0120045669631442e-167,2.575625473160768e-171,2.2024689639442379e-175,1.883375353942548e-179,1.6105120126124174e-183,1.3771811005911775e-187,1.177655161198706e-191,1.007036531435562e-195,8.611371215097616e-200,7.36375611900599e-204,6.296895445074998e-208,5.384601500295013e-212,4.6044806635079777e-216,3.9373837004386085e-220,3.366935717060545e-224,2.8791342132988443e-228,2.4620053706950223e-232,2.1053101371005705e-236,1.8002928938076096e-240,1.5394665357749866e-244,1.3164286894220825e-248,1.1257045567808564e-252,9.626125283804736e-257,8.231492661315009e-261,7.038914353969589e-265,6.0191167411675705e-269,5.1470673632180206e-273,4.401360462127406e-277,3.7636915452116257e-281,3.218408073909637e-285,2.7521252487826565e-289,2.3533974595664225e-293,2.0124373355258894e-297,1.7208754997826312e-301,1.4715551304250893e-305,1.25835628559645e-309,1.0760456804e-313,9.201484e-318,7.86e-322,0.0,0.0,0.0
Cd128,1283834430930.8044,5407334.045213826,22.774432435043323,9.592060864030507e-05,4.039952779578048e-10,1.7015340803792967e-15,7.166465512487028e-21,3.018348473526751e-26,1.2712581246315966e-31,5.354243334115552e-37,2.2550826716823227e-42,9.497883339965758e-48,4.000287398434991e-53,1.684827945058279e-58,7.096103158887665e-64,2.988713487882806e-69,1.2587765584361644e-74,5.3016738823996856e-80,2.2329416421798085e-85,9.404630477051988e-91,3.96101146304713e-96,1.668285835224958e-101,7.026431642465358e-107,2.959369466778521e-112,1.2464175397326014e-117,5.2496205721965086e-123,2.2110179994691832e-128,9.312293196708605e-134,3.922121149727624e-139,1.651906140431426e-144,6.957444180388342e-150,2.9303135534430208e-155,1.2341798653155113e-160,5.198078335884925e-166,2.1893096091863923e-171,9.220862509491025e-177,3.8836126723316386e-182,1.635687266041606e-187,6.889134056420625e-193,2.9015429191540384e-198,1.222062343792908e-203,5.147042155599193e-209,2.1678143579231784e-214,9.130329514215525e-220,3.8454822818877786e-225,1.6196276330760002e-230,6.821494620268076e-236,2.8730547629624657e-241,1.210063795470225e-246,5.096507062740369e-252,2.146530153021308e-257,9.04068539709272e-263,3.807726266233086e-268,1.603725678057976e-273,6.7545192869309935e-279,2.844846311419695e-284,1.1981830522354582e-289,5.046468137492576e-295,2.125454922368844e-300,8.951921430869416e-306,3.7703409496516e-311,1.58797985e-316,6.67e-322,0.0,0.0,0.0,0.0,0.0,0.0,0.0,0.0,0.0,0.0,0.0,0.0,0.0,0.0,0.0,0.0,0.0,0.0,0.0,0.0,0.0,0.0,0.0
Cd129,294179606.5701205,6910.819755198879,0.018403482676815647,4.9008393596297325e-08,1.3050913705129114e-13,3.4754525916882027e-19,9.255114998059628e-25,2.464633061954679e-30,6.563307026820982e-36,1.7478057806363132e-41,4.654399122793065e-47,1.2394644436048258e-52,3.300688373365617e-58,8.789718651698932e-64,2.340698219179203e-69,6.233269084454375e-75,1.6599168214362656e-80,4.420351210184054e-86,1.1771375871996282e-91,3.134712228308364e-97,8.347724905873336e-103,2.222995478654924e-108,5.919827203030288e-114,1.57644738598127e-119,4.198072469911023e-125,1.1179448562220654e-130,2.977082245509359e-136,7.927956953510541e-142,2.1112114571749922e-147,5.622146844444296e-153,1.4971752371404001e-158,3.986971085469698e-164,1.0617286501967952e-169,2.8273787355944843e-175,7.529297163649235e-181,2.005048530104924e-186,5.339435435601048e-192,1.4218893130462163e-197,3.7864850000334417e-203,1.008339293637567e-208,2.68520311340076e-214,7.1506841057498e-220,1.904224038957884e-225,5.0709402581906626e-231,1.3503891651431645e-236,3.5960804199785707e-242,9.57634637536673e-248,2.5501768367445485e-253,6.791109723638597e-259,1.8084695388172605e-264,4.815946444578408e-270,1.2824844244938637e-275,3.415250393660352e-281,9.094796808936216e-287,2.421940398554053e-292,6.4496166515613066e-298,1.717530083602861e-303,4.573775074471663e-309,1.217994295e-314,3.2435e-320,0.0,0.0,0.0,0.0,0.0,0.0,0.0,0.0,0.0,0.0,0.0,0.0,0.0,0.0,0.0,0.0,0.0,0.0,0.0,0.0,0.0,0.0,0.0,0.0,0.0,0.0
Cd130,31655606444387.81,16196.112853753391,8.28631703401521e-06,4.239477126901977e-15,2.1690174580269435e-24,1.1097209850176987e-33,5.677596830911981e-43,2.90479374631882e-52,1.48616165605714e-61,7.603556950415193e-71,3.890160808723236e-80,1.9902989109458675e-89,1.0182843202855707e-98,5.2097850792003426e-108,2.6654501135642303e-117,1.3637077537544147e-126,6.97705362477458e-136,3.569626787628176e-145,1.8263060724811824e-154,9.343816787630696e-164,4.7805191843991274e-173,2.445827459145106e-182,1.2513435736081236e-191,6.40217172047642e-201,3.2755035150165676e-210,1.6758256018923994e-219,8.573922864325837e-229,4.3866231188016806e-238,2.2443008516520393e-247,1.1482377620127129e-256,5.8746578344941896e-266,3.005614848608497e-275,1.5377441329659464e-284,7.867465186252822e-294,4.0251825469504756e-303,2.05937924766e-312,1.05e-321,0.0,0.0,0.0,0.0,0.0,0.0,0.0,0.0,0.0,0.0,0.0,0.0,0.0,0.0,0.0,0.0,0.0,0.0,0.0,0.0,0.0,0.0,0.0,0.0,0.0,0.0,0.0,0.0,0.0,0.0,0.0,0.0,0.0,0.0,0.0,0.0,0.0,0.0,0.0,0.0,0.0,0.0,0.0,0.0,0.0,0.0,0.0,0.0,0.0
Cd131,4931218908399.636,3.6173936976581206e-10,2.6536110862098103e-32,1.9466091847880225e-54,1.427973879817247e-76,1.047518637729212e-98,7.684281287627596e-121,5.636957356232532e-143,4.135102171122399e-165,3.033386432614302e-187,2.2252009427546886e-209,1.632340404242175e-231,1.1974357659685975e-253,8.78402819592326e-276,6.443698571535596e-298,4.7267e-320,0.0,0.0,0.0,0.0,0.0,0.0,0.0,0.0,0.0,0.0,0.0,0.0,0.0,0.0,0.0,0.0,0.0,0.0,0.0,0.0,0.0,0.0,0.0,0.0,0.0,0.0,0.0,0.0,0.0,0.0,0.0,0.0,0.0,0.0,0.0,0.0,0.0,0.0,0.0,0.0,0.0,0.0,0.0,0.0,0.0,0.0,0.0,0.0,0.0,0.0,0.0,0.0,0.0,0.0,0.0,0.0,0.0,0.0,0.0,0.0,0.0,0.0,0.0,0.0,0.0,0.0,0.0,0.0,0.0,0.0
Cd132,21.26656624148553,6.466768101373673e-15,1.966424160914422e-30,5.979530918708198e-46,1.8182643764487076e-61,5.5290045115723664e-77,1.6812676574951282e-92,5.112422914871695e-108,1.5545929254028334e-123,4.7272285645273005e-139,1.4374624724020457e-154,4.371056595548431e-170,1.3291571869393216e-185,4.041720323163164e-201,1.2290121387588676e-216,3.7371978178700625e-232,1.1364124966249009e-247,3.4556194919895e-263,1.0507897536222951e-278,3.195256621503513e-294,9.716182368611e-310,0.0,0.0,0.0,0.0,0.0,0.0,0.0,0.0,0.0,0.0,0.0,0.0,0.0,0.0,0.0,0.0,0.0,0.0,0.0,0.0,0.0,0.0,0.0,0.0,0.0,0.0,0.0,0.0,0.0,0.0,0.0,0.0,0.0,0.0,0.0,0.0,0.0,0.0,0.0,0.0,0.0,0.0,0.0,0.0,0.0,0.0,0.0,0.0,0.0,0.0,0.0,0.0,0.0,0.0,0.0,0.0,0.0,0.0,0.0,0.0,0.0,0.0,0.0,0.0,0.0
Ce153,617443483272.3604,17923333961.724335,519975655.67866486,15085054.185781514,437633.67967526364,12696.224702085738,368.33116181885777,10.68568396907327,0.3100032083168245,0.008993527175692724,0.00026091191603817273,7.569335879108757e-06,2.1959459161834763e-07,6.370675768414528e-09,1.8482016996484642e-10,5.3618323185101826e-12,1.555525342136008e-13,4.512746662505964e-15,1.309196442405378e-16,3.798119976571221e-18,1.101875539008119e-19,3.1966596920418935e-21,9.273854282965504e-23,2.6904450753949847e-24,7.805271123369941e-26,2.2643932733088277e-27,6.569248928271017e-29,1.9058099134224115e-30,5.528959955327927e-32,1.604010870775878e-33,4.6534084065627723e-35,1.3500039303221611e-36,3.9165068969982664e-38,1.1362208605255346e-39,3.2962991712917655e-41,9.562919150800605e-43,2.7743059089175917e-44,8.048560439424693e-46,2.3349741259191635e-47,6.77401158846448e-49,1.9652137679507481e-50,5.7012969394972935e-52,1.6540076872255997e-53,4.798454559433274e-55,1.3920833824882616e-56,4.038583922797086e-58,1.171636721380993e-59,3.399044400537456e-61,9.860994134092234e-63,2.8607806740396232e-64,8.299433052762884e-66,2.4077549747995467e-67,6.98515667493944e-69,2.0264692331292186e-70,5.879005645717929e-72,1.705562898135516e-73,4.94802178258699e-75,1.4354744458688407e-76,4.164466074086504e-78,1.2081564901505798e-79,3.5049921856144475e-81,1.0168360077002273e-82,2.949950846679213e-84,8.558125333803976e-86,2.4828043935561175e-87,7.202883127117751e-89,2.0896340234281493e-90,6.0622535098883536e-92,1.75872507846431e-93,5.102250997214166e-95,1.480218003219953e-96,4.294271956147936e-98,1.2458145755046885e-99,3.614242349783913e-101,1.0485306577569708e-102,3.041900442348582e-104,8.8248810206036e-106,2.5601930932256765e-107,7.427396085337975e-109,2.1547676522706338e-110,6.251213186862947e-112,1.813544317246005e-113,5.261287517000789e-115,1.5263562116080038e-116,4.4281238711744576e-118,1.284646458627628e-119
Ce154,33019190561.373035,377325810.42897063,4311094.184114151,49255.92810393645,562.768139541,6.429844915603727,0.07346347942233337,0.0008393488302865024,9.589886899491788e-06,1.0956818837008763e-07,1.251859175037739e-09,1.4302978058127723e-11,1.634170882879983e-13,1.8671038042564955e-15,2.1332387282077765e-17,2.437308231685427e-19,2.7847194679577144e-21,3.181650319976252e-23,3.635159259337894e-25,4.1533108644222925e-27,4.7453192297468074e-29,5.421711816733221e-31,6.194516659582676e-33,7.07747625527022e-35,8.086291941184053e-37,9.238903106084898e-39,1.055580619948859e-40,1.2060419212295373e-42,1.3779498110087542e-44,1.5743612624371504e-46,1.7987689862580575e-48,2.0551635403649976e-50,2.3481042923872403e-52,2.682800497204308e-54,3.065203931160273e-56,3.502114730257144e-58,4.001302314407985e-60,4.57164354810019e-62,5.223280594327786e-64,5.967801268849789e-66,6.818445101946229e-68,7.790338771990501e-70,8.900765097464155e-72,1.0169470370797969e-73,1.161901549924083e-75,1.3275177196962065e-77,1.5167406362635134e-79,1.7329351793658207e-81,1.9799458550024005e-83,2.2621651608318108e-85,2.584611696300659e-87,2.9530194065042648e-89,3.373939546769112e-91,3.854857181154836e-93,4.404324286524604e-95,5.032111829123379e-97,5.7493835179845075e-99,6.568894324955885e-101,7.505217301552414e-103,8.57500272603335e-105,9.797274189019141e-107,1.119376688282669e-108,1.2789314110194573e-110,1.4612288885537122e-112,1.6695108481555875e-114,1.907481089337041e-116,2.1793713471212756e-118,2.4900165433902036e-120,2.84494076447628e-122,3.250455493905744e-124,3.7137718471291346e-126,4.243128804066885e-128,4.847939719781089e-130,5.538959718617265e-132,6.328476948523197e-134,7.230531096548108e-136,8.261163051300878e-138,9.438700152020673e-140,1.078408209673654e-141,1.232123330501778e-143,1.4077488356901565e-145,1.6084078073417603e-147,1.837668488249648e-149,2.099607734612408e-151,2.3988835132299277e-153,2.7408177323697484e-155
Ce155,922556808.6101528,587962.0980446115,374.71563864407244,0.23881098849555643,0.0001521972459772247,9.699721871668752e-08,6.181754721225915e-11,3.9397100183888626e-14,2.510826735926445e-17,1.6001814520402587e-20,1.0198157614045273e-23,6.499414087590174e-27,4.142158327087228e-30,2.639849588814187e-33,1.6824093386268284e-36,1.0722206275283339e-39,6.833396889223151e-43,4.355009766346863e-46,2.7755024876262842e-49,1.7688626368527278e-52,1.1273184016237432e-55,7.184541931987892e-59,4.578798917692147e-62,2.9181261278905036e-65,1.859758476261996e-68,1.1852474630795411e-71,7.553731125130154e-75,4.814087832975252e-78,3.068078712319942e-81,1.9553251439480297e-84,1.246153302131019e-87,7.941891696214583e-91,5.061467445982872e-94,3.225736850447751e-97,2.0558026579021055e-100,1.3101888852622072e-103,8.349998519879178e-107,5.3215590565806867e-110,3.3914965044910784e-113,2.161443369824377e-116,1.3775150393848934e-119,8.779076566256495e-123,5.5950158911229924e-126,3.565773983819728e-129,2.2725125989112403e-132,1.4483008557592888e-135,9.230203475210813e-139,5.882524743046462e-142,3.749006990527203e-145,2.3892892982109154e-148,1.5227241146708089e-151,9.704512262856649e-155,6.18480769776835e-158,3.9416557187300305e-161,2.512066755220734e-164,1.6009717319295513e-167,1.020319416715614e-170,6.502623946221557e-174,4.144204010356452e-177,2.6411533284857966e-180,1.6832402283138566e-183,1.0727501639741792e-186,6.836771691580862e-190,4.3571605703270224e-193,2.7768732220488473e-196,1.7697362231369873e-199,1.1278751491479077e-202,7.188090153969489e-206,4.581060244179331e-209,2.9195672996965946e-212,1.8606769531765167e-215,1.1858328199668605e-218,7.557461678180712e-222,4.816465361345468e-225,3.0695939410473077e-228,1.9562908182697295e-231,1.2467687385194332e-234,7.945813949708057e-238,5.063967147455956e-241,3.227329941629883e-244,2.0568179549453372e-247,1.310835946835052e-250,8.35412232464985e-254,5.3241872092171925e-257,3.393171459214909e-260,2.1625108395321547e-263
Ce156,20720119.7527876,1727.4084109002101,0.1440117071547012,1.2006061604622748e-05,1.0009291473723852e-09,8.344611172691806e-14,6.956789679490343e-18,5.799781636686077e-22,4.8351996514152646e-26,4.031040672490705e-30,3.360624188190066e-34,2.8017070160867216e-38,2.3357453152823718e-42,1.9472793359684647e-46,1.6234204934416737e-50,1.353423748635253e-54,1.128331107541062e-58,9.406744114905795e-63,7.842275574246238e-67,6.537999272773356e-71,5.450641728423757e-75,4.544126423408401e-79,3.7883768518922346e-83,3.1583186370039634e-87,2.633047609258891e-91,2.1951362447712587e-95,1.8300554521552072e-99,1.525692524070179e-103,1.2719492599321631e-107,1.0604069262435198e-111,8.840469385431325e-116,7.370179977191182e-120,6.144419546965004e-124,5.122519624481921e-128,4.270575455115786e-132,3.560321102660869e-136,2.9681916377025227e-140,2.4745412967225755e-144,2.0629916719006464e-148,1.7198883057511425e-152,1.4338476614082966e-156,1.1953794378688677e-160,9.965716993088522e-165,8.308283716456919e-169,6.92650396966075e-173,5.774532849268865e-177,4.814150078213039e-181,4.0134919274886446e-185,3.3459940363960747e-189,2.7895100560482614e-193,2.3255768743615515e-197,1.938802044050303e-201,1.6163530896159216e-205,1.347531749478159e-209,1.1234190273878512e-213,9.365792765816552e-218,7.808134987368138e-222,6.509536726402999e-226,5.426912887769175e-230,4.524344009302369e-234,3.771884520321578e-238,3.1445692028257805e-242,2.621584891606731e-246,2.1855799318153704e-250,1.8220884830574658e-254,1.5190505694902761e-258,1.2664119520676188e-262,1.0557905474324522e-266,8.801983258510805e-271,7.338094612753786e-275,6.117670411797231e-279,5.1002192316152805e-283,4.2519839186460053e-287,3.544821589698287e-291,2.955269902994485e-295,2.4637686209444414e-299,2.054010637539323e-303,1.7124009386512248e-307,1.427605544539e-311,1.19017547e-315,9.9223e-320,1e-323,0.0,0.0,0.0,0.0
Ce157,165775.5460772222,0.10480583583751327,6.625985246631642e-08,4.1890492201833766e-14,2.6483809902896534e-20,1.6743469701749102e-26,1.0585477643937063e-32,6.692300875880334e-39,4.2309749753201584e-45,2.674887093959386e-51,1.6911045343370465e-57,1.0691421527710813e-63,6.75928021965887e-70,4.2733203409345034e-76,2.701658481791152e-82,1.708029815204053e-88,1.079842574214573e-94,6.826929920699596e-101,4.3160895166634035e-107,2.7286978088597056e-113,1.7251244913548012e-119,1.0906500899474189e-125,6.895256688218163e-132,4.35928674417561e-138,2.7560077568128905e-144,1.7423902581680767e-150,1.1015657718140203e-156,6.964267298578781e-163,4.4029163075922403e-169,2.783591034137614e-175,1.7598288279907272e-181,1.1125907023862434e-187,7.033968595966404e-194,4.4469825339116844e-200,2.8114503764284407e-206,1.7774419303074776e-212,1.1237259750707847e-218,7.104367493065385e-225,4.4914897934387343e-231,2.8395885466589097e-237,1.7952313119124619e-243,1.1349726942176132e-249,7.175470971745183e-256,4.536442500218056e-262,2.8680083354555695e-268,1.813198737082469e-274,1.1463319752295026e-280,7.247286083752692e-287,4.5818451124718915e-293,2.8967125613747096e-299,1.8313459877518945e-305,1.1578049446727e-311,7.31982e-318,5e-324,0.0,0.0,0.0,0.0,0.0,0.0,0.0,0.0,0.0,0.0,0.0,0.0,0.0,0.0,0.0,0.0,0.0,0.0,0.0,0.0,0.0,0.0,0.0,0.0,0.0,0.0,0.0,0.0,0.0,0.0,0.0,0.0
Cl43,0.0,0.0,0.0,0.0,0.0,0.0,0.0,0.0,0.0,0.0,0.0,0.0,0.0,0.0,0.0,0.0,0.0,0.0,0.0,0.0,0.0,0.0,0.0,0.0,0.0,0.0,0.0,0.0,0.0,0.0,0.0,0.0,0.0,0.0,0.0,0.0,0.0,0.0,0.0,0.0,0.0,0.0,0.0,0.0,0.0,0.0,0.0,0.0,0.0,0.0,0.0,0.0,0.0,0.0,0.0,0.0,0.0,0.0,0.0,0.0,0.0,0.0,0.0,0.0,0.0,0.0,0.0,0.0,0.0,0.0,0.0,0.0,0.0,0.0,0.0,0.0,0.0,0.0,0.0,0.0,0.0,0.0,0.0,0.0,0.0,0.0
Cl44,0.0,0.0,0.0,0.0,0.0,0.0,0.0,0.0,0.0,0.0,0.0,0.0,0.0,0.0,0.0,0.0,0.0,0.0,0.0,0.0,0.0,0.0,0.0,0.0,0.0,0.0,0.0,0.0,0.0,0.0,0.0,0.0,0.0,0.0,0.0,0.0,0.0,0.0,0.0,0.0,0.0,0.0,0.0,0.0,0.0,0.0,0.0,0.0,0.0,0.0,0.0,0.0,0.0,0.0,0.0,0.0,0.0,0.0,0.0,0.0,0.0,0.0,0.0,0.0,0.0,0.0,0.0,0.0,0.0,0.0,0.0,0.0,0.0,0.0,0.0,0.0,0.0,0.0,0.0,0.0,0.0,0.0,0.0,0.0,0.0,0.0
Cl45,0.0,0.0,0.0,0.0,0.0,0.0,0.0,0.0,0.0,0.0,0.0,0.0,0.0,0.0,0.0,0.0,0.0,0.0,0.0,0.0,0.0,0.0,0.0,0.0,0.0,0.0,0.0,0.0,0.0,0.0,0.0,0.0,0.0,0.0,0.0,0.0,0.0,0.0,0.0,0.0,0.0,0.0,0.0,0.0,0.0,0.0,0.0,0.0,0.0,0.0,0.0,0.0,0.0,0.0,0.0,0.0,0.0,0.0,0.0,0.0,0.0,0.0,0.0,0.0,0.0,0.0,0.0,0.0,0.0,0.0,0.0,0.0,0.0,0.0,0.0,0.0,0.0,0.0,0.0,0.0,0.0,0.0,0.0,0.0,0.0,0.0
Cl46,0.0,0.0,0.0,0.0,0.0,0.0,0.0,0.0,0.0,0.0,0.0,0.0,0.0,0.0,0.0,0.0,0.0,0.0,0.0,0.0,0.0,0.0,0.0,0.0,0.0,0.0,0.0,0.0,0.0,0.0,0.0,0.0,0.0,0.0,0.0,0.0,0.0,0.0,0.0,0.0,0.0,0.0,0.0,0.0,0.0,0.0,0.0,0.0,0.0,0.0,0.0,0.0,0.0,0.0,0.0,0.0,0.0,0.0,0.0,0.0,0.0,0.0,0.0,0.0,0.0,0.0,0.0,0.0,0.0,0.0,0.0,0.0,0.0,0.0,0.0,0.0,0.0,0.0,0.0,0.0,0.0,0.0,0.0,0.0,0.0,0.0
Cl47,0.0,0.0,0.0,0.0,0.0,0.0,0.0,0.0,0.0,0.0,0.0,0.0,0.0,0.0,0.0,0.0,0.0,0.0,0.0,0.0,0.0,0.0,0.0,0.0,0.0,0.0,0.0,0.0,0.0,0.0,0.0,0.0,0.0,0.0,0.0,0.0,0.0,0.0,0.0,0.0,0.0,0.0,0.0,0.0,0.0,0.0,0.0,0.0,0.0,0.0,0.0,0.0,0.0,0.0,0.0,0.0,0.0,0.0,0.0,0.0,0.0,0.0,0.0,0.0,0.0,0.0,0.0,0.0,0.0,0.0,0.0,0.0,0.0,0.0,0.0,0.0,0.0,0.0,0.0,0.0,0.0,0.0,0.0,0.0,0.0,0.0
Co66,10167772.377525156,4387.661418020096,1.665106378035427,0.000631897415976421,2.3980110176480054e-07,9.100301244111182e-11,3.4535071825815834e-14,1.3105842916859887e-17,4.973585097136219e-21,1.887444315896188e-24,7.162732668754533e-28,2.718212073964314e-31,1.0315444147841058e-34,3.914646284829402e-38,1.485583685559088e-41,5.637696808909779e-45,2.139470540646787e-48,8.119156367297841e-52,3.081168862306675e-55,1.1692842370035297e-58,4.437360261655287e-62,1.6839503577142696e-65,6.390485874564089e-69,2.4251492644020447e-72,9.203289186569009e-76,3.4925904600969914e-79,1.3254161501044824e-82,5.0298710685621045e-86,1.908804488640322e-89,7.243793183142202e-93,2.7489740302064506e-96,1.0432183840278413e-99,3.958948265116672e-103,1.502396008911975e-106,5.701498520410981e-110,2.1636828895591922e-113,8.211040711159839e-117,3.1160383938729544e-120,1.1825170052918695e-123,4.487577786441949e-127,1.7030075930617705e-130,6.462806886129866e-134,2.452594634197421e-137,9.307442641684881e-141,3.532116042348029e-144,1.340415860392976e-147,5.0867940272954495e-151,1.9304063940680796e-154,7.325771057886173e-158,2.7800841189438174e-161,1.0550244673676392e-164,4.003751610103221e-168,1.519398597020236e-171,5.766022274712347e-175,2.188169249180649e-178,8.303964908457919e-182,3.1513025432891324e-185,1.1958995285764918e-188,4.538363622036582e-192,1.7222804987925533e-195,6.535946353258552e-199,2.480350602739951e-202,9.412774799544116e-206,3.5720889348892597e-209,1.3555853221279953e-212,5.144361182109904e-216,1.9522527678637972e-219,7.408676674736706e-223,2.81154627998546e-226,1.066964159936295e-229,4.04906199372415e-233,1.536593603106619e-236,5.831276243159038e-240,2.2129327204853384e-243,8.397940727194403e-247,3.186965776438195e-250,1.2094335016319523e-253,4.58972420000222e-257,1.741771515644401e-260,6.609913538396766e-264,2.5084206850699676e-267,9.519298999504098e-271,3.6125141999230514e-274,1.3709264563835565e-277,5.2025798233607197e-281,1.9743463766715227e-284
Co67,72395609.17956714,75835.50733313971,35.05335253591826,0.013268166018640311,4.5826388750014176e-06,1.5023824287920735e-09,4.764284029595757e-13,1.4767931893636564e-16,4.5033359387940373e-20,1.3566515849802933e-23,4.04929691860421e-27,1.1999633009322029e-30,3.535868068206019e-34,1.0372023931249178e-37,3.031475881775922e-41,8.834198716286185e-45,2.56825978403559e-48,7.451744351818851e-52,2.158617674164477e-55,6.2447498658733915e-59,1.8045789241228571e-62,5.210027864922063e-66,1.5030546201956758e-69,4.333466475230191e-73,1.248728088304374e-76,3.5967481205787375e-80,1.0356031689922025e-83,2.9808773134305295e-87,8.577960014631733e-91,2.4679211844755336e-94,7.09906353916281e-98,2.041766166030277e-101,5.871602891140383e-105,1.6883478053878566e-108,4.854328005483015e-112,1.3956112412599004e-115,4.012112602511843e-119,1.153345463460648e-122,3.3153316532040936e-126,9.529691787741033e-130,2.7391611224539127e-133,7.873091216562408e-137,2.2628916089278997e-140,6.503909372391682e-144,1.869298782823779e-147,5.372513661571009e-151,1.5440870368981716e-154,4.437743595593898e-158,1.2754088712709242e-161,3.665506361559583e-165,1.0534556880415318e-168,3.0275873492749643e-172,8.70112706780554e-176,2.500650603303391e-179,7.186698231667831e-183,2.065403327781153e-186,5.935804043682492e-190,1.7059000588399858e-193,4.9026068173472516e-197,1.4089646135284014e-200,4.049232571995496e-204,1.163710718709207e-207,3.3443912363118244e-211,9.611449579136433e-215,2.7622343208260694e-218,7.938381800886147e-222,2.281409862564782e-225,6.556537275247106e-229,1.8842809637451903e-232,5.415227516675757e-236,1.5562798311642538e-239,4.4725851257644984e-243,1.285373952076857e-246,3.6940292970069986e-250,1.0616250159129772e-253,3.050998010325733e-257,8.768245122997132e-261,2.5199006645981136e-264,7.24192701631591e-268,2.0812528849928904e-271,5.981299519820093e-275,1.7189618533646466e-278,4.940113414281893e-282,1.419735994953483e-285,4.080170029355381e-289,1.1725973947439327e-292
Co68,89203877.59650986,6.754407752636834,2.2308652588823262e-07,6.4387072061643395e-15,1.7896525388881256e-22,4.9162983248989445e-30,1.345441068786575e-37,3.677531370917927e-45,1.0047857689829268e-52,2.744943965347736e-60,7.498507408509812e-68,2.048377806294619e-75,5.595556713665153e-83,1.5285367650256455e-90,4.175497832558075e-98,1.1406189071940605e-105,3.115823490217088e-113,8.511480735508941e-121,2.325077275099028e-128,6.351402879499207e-136,1.735009797113388e-143,4.739518264859422e-151,1.294692019541454e-158,3.5367042213070614e-166,9.661198617224135e-174,2.6391451724721234e-181,7.209340701225543e-189,1.969372275858903e-196,5.379725167187707e-204,1.4695770438755581e-211,4.0144368360270366e-219,1.0966218598482242e-226,2.9956368791372834e-234,8.18316745289882e-242,2.2353920806806105e-249,6.106410241671701e-257,1.6680852706716158e-264,4.5567008440458996e-272,1.2447518689358524e-279,3.4002829420848655e-287,9.288537237640538e-295,2.537345435204711e-302,6.9312548282248e-310,1.893408e-317,0.0,0.0,0.0,0.0,0.0,0.0,0.0,0.0,0.0,0.0,0.0,0.0,0.0,0.0,0.0,0.0,0.0,0.0,0.0,0.0,0.0,0.0,0.0,0.0,0.0,0.0,0.0,0.0,0.0,0.0,0.0,0.0,0.0,0.0,0.0,0.0,0.0,0.0,0.0,0.0,0.0,0.0
Co68_m1,0.0,0.0,0.0,0.0,0.0,0.0,0.0,0.0,0.0,0.0,0.0,0.0,0.0,0.0,0.0,0.0,0.0,0.0,0.0,0.0,0.0,0.0,0.0,0.0,0.0,0.0,0.0,0.0,0.0,0.0,0.0,0.0,0.0,0.0,0.0,0.0,0.0,0.0,0.0,0.0,0.0,0.0,0.0,0.0,0.0,0.0,0.0,0.0,0.0,0.0,0.0,0.0,0.0,0.0,0.0,0.0,0.0,0.0,0.0,0.0,0.0,0.0,0.0,0.0,0.0,0.0,0.0,0.0,0.0,0.0,0.0,0.0,0.0,0.0,0.0,0.0,0.0,0.0,0.0,0.0,0.0,0.0,0.0,0.0,0.0,0.0
Co69,117370751.1949851,18.1562982013212,2.614788099500297e-06,3.765699747038701e-13,5.423190731041383e-20,7.810234400228426e-27,1.1247946902800162e-33,1.6198785215013719e-40,2.3328758991280697e-47,3.359702526142786e-54,4.8384918667937026e-61,6.968177498710446e-68,1.0035254577313287e-74,1.4452320488409539e-81,2.0813579355713965e-88,2.997477712620781e-95,4.316832047050899e-102,6.216906582485488e-109,8.95330812829644e-116,1.2894150069112152e-122,1.8569572678877455e-129,2.6743060041014057e-136,3.851414745643555e-143,5.546633601469547e-150,7.988011248009674e-157,1.1503973091250045e-163,1.6567502570452675e-170,2.3859769076713843e-177,3.436176200807769e-184,4.948625799786622e-191,7.126787415778324e-198,1.0263677417655295e-204,1.478128474836548e-211,2.128733882813071e-218,3.065706412521086e-225,4.415091939699358e-232,6.358416042835667e-239,9.157103663065041e-246,1.3187647195656525e-252,1.8992253987315386e-259,2.7351786574749972e-266,3.939080792255249e-273,5.672886283135271e-280,8.169834659054876e-287,1.176582695738531e-293,1.6944612684138415e-300,2.440286603358906e-307,3.514390572e-314,5.06e-321,0.0,0.0,0.0,0.0,0.0,0.0,0.0,0.0,0.0,0.0,0.0,0.0,0.0,0.0,0.0,0.0,0.0,0.0,0.0,0.0,0.0,0.0,0.0,0.0,0.0,0.0,0.0,0.0,0.0,0.0,0.0,0.0,0.0,0.0,0.0,0.0,0.0
Co70,75215340.29076715,1.8148156720178094e-05,4.078742197882139e-18,9.166575420635131e-31,2.0600984271137474e-43,4.629870300111415e-56,1.0405181963021863e-68,2.338463167769306e-81,5.255467906709751e-94,1.181115157131305e-106,2.654441125259741e-119,5.965597549847452e-132,1.3407098687586664e-144,3.013114674879201e-157,6.77168137233026e-170,1.521869346383341e-182,3.4202529329348067e-195,7.686684900414919e-208,1.7275074655828947e-220,3.88240455060614e-233,8.725325588958498e-246,1.960931830801814e-258,4.4070030463020754e-271,9.904309545617558e-284,2.2258969768065665e-296,5.002486370742453e-309,1.126e-321,0.0,0.0,0.0,0.0,0.0,0.0,0.0,0.0,0.0,0.0,0.0,0.0,0.0,0.0,0.0,0.0,0.0,0.0,0.0,0.0,0.0,0.0,0.0,0.0,0.0,0.0,0.0,0.0,0.0,0.0,0.0,0.0,0.0,0.0,0.0,0.0,0.0,0.0,0.0,0.0,0.0,0.0,0.0,0.0,0.0,0.0,0.0,0.0,0.0,0.0,0.0,0.0,0.0,0.0,0.0,0.0,0.0,0.0,0.0
Co70_m1,0.0,0.0,0.0,0.0,0.0,0.0,0.0,0.0,0.0,0.0,0.0,0.0,0.0,0.0,0.0,0.0,0.0,0.0,0.0,0.0,0.0,0.0,0.0,0.0,0.0,0.0,0.0,0.0,0.0,0.0,0.0,0.0,0.0,0.0,0.0,0.0,0.0,0.0,0.0,0.0,0.0,0.0,0.0,0.0,0.0,0.0,0.0,0.0,0.0,0.0,0.0,0.0,0.0,0.0,0.0,0.0,0.0,0.0,0.0,0.0,0.0,0.0,0.0,0.0,0.0,0.0,0.0,0.0,0.0,0.0,0.0,0.0,0.0,0.0,0.0,0.0,0.0,0.0,0.0,0.0,0.0,0.0,0.0,0.0,0.0,0.0
Co71,53072281.88297828,4.72631666892178e-12,4.187853159195936e-31,3.710736142228982e-50,3.2879764867133473e-69,2.913381324570807e-88,2.581463333651246e-107,2.2873603557431737e-126,2.026764172406561e-145,1.795857395288384e-164,1.5912575464478013e-183,1.4099675095418547e-202,1.2493316260472916e-221,1.1069967933864937e-240,9.808779950965481e-260,8.691277581042741e-279,7.701090896967356e-298,6.823715e-317,0.0,0.0,0.0,0.0,0.0,0.0,0.0,0.0,0.0,0.0,0.0,0.0,0.0,0.0,0.0,0.0,0.0,0.0,0.0,0.0,0.0,0.0,0.0,0.0,0.0,0.0,0.0,0.0,0.0,0.0,0.0,0.0,0.0,0.0,0.0,0.0,0.0,0.0,0.0,0.0,0.0,0.0,0.0,0.0,0.0,0.0,0.0,0.0,0.0,0.0,0.0,0.0,0.0,0.0,0.0,0.0,0.0,0.0,0.0,0.0,0.0,0.0,0.0,0.0,0.0,0.0,0.0,0.0
Co72,20739877.449333947,1.5455879639885039e-18,1.1518110330585114e-43,8.583585578990604e-69,6.396703910381153e-94,4.766984675639161e-119,3.5524769031281565e-144,2.647395157729754e-169,1.972905471953772e-194,1.4702587900036013e-219,1.0956738375519592e-244,8.165237075664074e-270,6.084940081325754e-295,4.5345e-320,0.0,0.0,0.0,0.0,0.0,0.0,0.0,0.0,0.0,0.0,0.0,0.0,0.0,0.0,0.0,0.0,0.0,0.0,0.0,0.0,0.0,0.0,0.0,0.0,0.0,0.0,0.0,0.0,0.0,0.0,0.0,0.0,0.0,0.0,0.0,0.0,0.0,0.0,0.0,0.0,0.0,0.0,0.0,0.0,0.0,0.0,0.0,0.0,0.0,0.0,0.0,0.0,0.0,0.0,0.0,0.0,0.0,0.0,0.0,0.0,0.0,0.0,0.0,0.0,0.0,0.0,0.0,0.0,0.0,0.0,0.0,0.0
Co73,7845362.565507694,1.526293089661208e-30,2.969360021408763e-67,5.776805907375037e-104,1.123861244540189e-140,2.1864402530244407e-177,4.253657649705204e-214,8.275370605653396e-251,1.6099499372183355e-287,5e-324,0.0,0.0,0.0,0.0,0.0,0.0,0.0,0.0,0.0,0.0,0.0,0.0,0.0,0.0,0.0,0.0,0.0,0.0,0.0,0.0,0.0,0.0,0.0,0.0,0.0,0.0,0.0,0.0,0.0,0.0,0.0,0.0,0.0,0.0,0.0,0.0,0.0,0.0,0.0,0.0,0.0,0.0,0.0,0.0,0.0,0.0,0.0,0.0,0.0,0.0,0.0,0.0,0.0,0.0,0.0,0.0,0.0,0.0,0.0,0.0,0.0,0.0,0.0,0.0,0.0,0.0,0.0,0.0,0.0,0.0,0.0,0.0,0.0,0.0,0.0,0.0
Co74,1056568.4683681375,-1.8428255478561572e-41,3.214184505313128e-88,-5.60605535679342e-135,9.77786328428941e-182,-1.7054168095289777e-228,2.974521538767059e-275,-5.2e-322,0.0,0.0,0.0,0.0,0.0,0.0,0.0,0.0,0.0,0.0,0.0,0.0,0.0,0.0,0.0,0.0,0.0,0.0,0.0,0.0,0.0,0.0,0.0,0.0,0.0,0.0,0.0,0.0,0.0,0.0,0.0,0.0,0.0,0.0,0.0,0.0,0.0,0.0,0.0,0.0,0.0,0.0,0.0,0.0,0.0,0.0,0.0,0.0,0.0,0.0,0.0,0.0,0.0,0.0,0.0,0.0,0.0,0.0,0.0,0.0,0.0,0.0,0.0,0.0,0.0,0.0,0.0,0.0,0.0,0.0,0.0,0.0,0.0,0.0,0.0,0.0,0.0,0.0
Co75,134636.56030769268,7.223142254023674e-40,3.8751572308908673e-84,2.078990422175184e-128,1.1153614983778347e-172,5.983823969531092e-217,3.2102730236258938e-261,1.722285437990391e-305,0.0,0.0,0.0,0.0,0.0,0.0,0.0,0.0,0.0,0.0,0.0,0.0,0.0,0.0,0.0,0.0,0.0,0.0,0.0,0.0,0.0,0.0,0.0,0.0,0.0,0.0,0.0,0.0,0.0,0.0,0.0,0.0,0.0,0.0,0.0,0.0,0.0,0.0,0.0,0.0,0.0,0.0,0.0,0.0,0.0,0.0,0.0,0.0,0.0,0.0,0.0,0.0,0.0,0.0,0.0,0.0,0.0,0.0,0.0,0.0,0.0,0.0,0.0,0.0,0.0,0.0,0.0,0.0,0.0,0.0,0.0,0.0,0.0,0.0,0.0,0.0,0.0,0.0
Cr60,0.0,0.0,0.0,0.0,0.0,0.0,0.0,0.0,0.0,0.0,0.0,0.0,0.0,0.0,0.0,0.0,0.0,0.0,0.0,0.0,0.0,0.0,0.0,0.0,0.0,0.0,0.0,0.0,0.0,0.0,0.0,0.0,0.0,0.0,0.0,0.0,0.0,0.0,0.0,0.0,0.0,0.0,0.0,0.0,0.0,0.0,0.0,0.0,0.0,0.0,0.0,0.0,0.0,0.0,0.0,0.0,0.0,0.0,0.0,0.0,0.0,0.0,0.0,0.0,0.0,0.0,0.0,0.0,0.0,0.0,0.0,0.0,0.0,0.0,0.0,0.0,0.0,0.0,0.0,0.0,0.0,0.0,0.0,0.0,0.0,0.0
Cr61,0.0,0.0,0.0,0.0,0.0,0.0,0.0,0.0,0.0,0.0,0.0,0.0,0.0,0.0,0.0,0.0,0.0,0.0,0.0,0.0,0.0,0.0,0.0,0.0,0.0,0.0,0.0,0.0,0.0,0.0,0.0,0.0,0.0,0.0,0.0,0.0,0.0,0.0,0.0,0.0,0.0,0.0,0.0,0.0,0.0,0.0,0.0,0.0,0.0,0.0,0.0,0.0,0.0,0.0,0.0,0.0,0.0,0.0,0.0,0.0,0.0,0.0,0.0,0.0,0.0,0.0,0.0,0.0,0.0,0.0,0.0,0.0,0.0,0.0,0.0,0.0,0.0,0.0,0.0,0.0,0.0,0.0,0.0,0.0,0.0,0.0
Cr62,0.0,0.0,0.0,0.0,0.0,0.0,0.0,0.0,0.0,0.0,0.0,0.0,0.0,0.0,0.0,0.0,0.0,0.0,0.0,0.0,0.0,0.0,0.0,0.0,0.0,0.0,0.0,0.0,0.0,0.0,0.0,0.0,0.0,0.0,0.0,0.0,0.0,0.0,0.0,0.0,0.0,0.0,0.0,0.0,0.0,0.0,0.0,0.0,0.0,0.0,0.0,0.0,0.0,0.0,0.0,0.0,0.0,0.0,0.0,0.0,0.0,0.0,0.0,0.0,0.0,0.0,0.0,0.0,0.0,0.0,0.0,0.0,0.0,0.0,0.0,0.0,0.0,0.0,0.0,0.0,0.0,0.0,0.0,0.0,0.0,0.0
Cr63,0.0,0.0,0.0,0.0,0.0,0.0,0.0,0.0,0.0,0.0,0.0,0.0,0.0,0.0,0.0,0.0,0.0,0.0,0.0,0.0,0.0,0.0,0.0,0.0,0.0,0.0,0.0,0.0,0.0,0.0,0.0,0.0,0.0,0.0,0.0,0.0,0.0,0.0,0.0,0.0,0.0,0.0,0.0,0.0,0.0,0.0,0.0,0.0,0.0,0.0,0.0,0.0,0.0,0.0,0.0,0.0,0.0,0.0,0.0,0.0,0.0,0.0,0.0,0.0,0.0,0.0,0.0,0.0,0.0,0.0,0.0,0.0,0.0,0.0,0.0,0.0,0.0,0.0,0.0,0.0,0.0,0.0,0.0,0.0,0.0,0.0
Cr64,0.0,0.0,0.0,0.0,0.0,0.0,0.0,0.0,0.0,0.0,0.0,0.0,0.0,0.0,0.0,0.0,0.0,0.0,0.0,0.0,0.0,0.0,0.0,0.0,0.0,0.0,0.0,0.0,0.0,0.0,0.0,0.0,0.0,0.0,0.0,0.0,0.0,0.0,0.0,0.0,0.0,0.0,0.0,0.0,0.0,0.0,0.0,0.0,0.0,0.0,0.0,0.0,0.0,0.0,0.0,0.0,0.0,0.0,0.0,0.0,0.0,0.0,0.0,0.0,0.0,0.0,0.0,0.0,0.0,0.0,0.0,0.0,0.0,0.0,0.0,0.0,0.0,0.0,0.0,0.0,0.0,0.0,0.0,0.0,0.0,0.0
Cr65,0.0,0.0,0.0,0.0,0.0,0.0,0.0,0.0,0.0,0.0,0.0,0.0,0.0,0.0,0.0,0.0,0.0,0.0,0.0,0.0,0.0,0.0,0.0,0.0,0.0,0.0,0.0,0.0,0.0,0.0,0.0,0.0,0.0,0.0,0.0,0.0,0.0,0.0,0.0,0.0,0.0,0.0,0.0,0.0,0.0,0.0,0.0,0.0,0.0,0.0,0.0,0.0,0.0,0.0,0.0,0.0,0.0,0.0,0.0,0.0,0.0,0.0,0.0,0.0,0.0,0.0,0.0,0.0,0.0,0.0,0.0,0.0,0.0,0.0,0.0,0.0,0.0,0.0,0.0,0.0,0.0,0.0,0.0,0.0,0.0,0.0
Cr66,802.0374669347951,-4.819627688430368e-45,2.8962251780904894e-92,-1.7404083519441104e-139,1.0458514256525807e-186,-6.28476186820013e-234,3.7766580195973557e-281,-0.0,-0.0,-0.0,-0.0,-0.0,-0.0,-0.0,-0.0,-0.0,-0.0,-0.0,-0.0,-0.0,-0.0,-0.0,-0.0,-0.0,-0.0,-0.0,-0.0,-0.0,-0.0,-0.0,-0.0,-0.0,-0.0,-0.0,-0.0,-0.0,-0.0,-0.0,-0.0,-0.0,-0.0,-0.0,-0.0,-0.0,-0.0,-0.0,-0.0,-0.0,-0.0,-0.0,-0.0,-0.0,-0.0,-0.0,-0.0,-0.0,-0.0,-0.0,-0.0,-0.0,-0.0,-0.0,-0.0,-0.0,-0.0,-0.0,-0.0,-0.0,-0.0,-0.0,-0.0,-0.0,-0.0,-0.0,-0.0,-0.0,-0.0,-0.0,-0.0,-0.0,-0.0,-0.0,-0.0,-0.0,-0.0,-0.0
Cs141,1056868494986028.5,1277940590664975.5,1160358655502132.0,1015836006138753.5,884435687682707.8,769378602953096.2,669201327971245.0,582055800235777.5,506257038418408.2,440329025249293.56,382986548344934.0,333111573552798.56,289731638646881.0,252000918232491.34,219183735279324.28,190640217296139.8,165813820101044.84,144220476279607.5,125439156794296.86,109103661721085.34,94895480049099.23,82537579323138.89,71789004038955.92,62440177470293.6,54308815322275.73,47236371535174.97,41084946938510.96,35734600480125.73,31081010604330.13,27033441180453.44,23512972321280.414,20450961595708.5,17787705632206.02,15471276016889.527,13456506788452.85,11704113788028.895,10179928692985.715,8854232799775.818,7701177565874.716,6698280612481.029,5825987360991.743,5067289755999.553,4407394640637.705,3833435318223.7256,3334220676204.021,2900016980794.5605,2522358087729.1006,2193880368586.4043,1908179134074.5352,1659683754799.9783,1443549044614.6746,1255560788723.319,1092053574529.1007,949839323076.0475,826145127587.3484,718559187069.6555,624983780791.7262,543594366729.3986,472804006474.5432,411232422961.5494,357679087695.9968,311099812737.77747,270586391026.9739,235348888077.65433,204700239761.3807,178042855866.56732,154856968228.64078,134690496241.74962,117150232148.82684,101894174239.96387,88624858471.08153,77083558482.1754,67045240926.54878,58314177749.57034,50720129864.75715,44115027816.143486,38370084706.178635,33373285096.752525,29027200921.70595,25247091825.283802,21959252886.75236,19099577514.96082,16612307492.030886,14448945794.409191,12567310993.365936,10930714797.552065
Cs142,825468711967628.4,145271804059122.66,20934051248083.773,2815693516672.857,368079350987.98553,47513334943.46059,6098008391.932711,780555180.2463231,99788582.07779944,12749902.437270494,1628603.9104049145,208002.80499928084,26564.230221870952,3392.448544479645,433.23514905661955,55.32628010583043,7.065420730499163,0.9022855662239802,0.11522579752072946,0.014714832046453455,0.0018791473562764635,0.00023997518635441887,3.064586082823052e-05,3.9136078489053365e-06,4.997845021009157e-07,6.38246235761213e-08,8.150678045670286e-09,1.0408765275479764e-09,1.3292439465678728e-10,1.697501502308191e-11,2.1677821874474994e-12,2.768350782414625e-13,3.5353026234638674e-14,4.514733002326362e-15,5.765507582560869e-16,7.362800339995213e-17,9.402611664334346e-18,1.2007538168596355e-18,1.5334140983103439e-19,1.958235538277385e-20,2.500750728454756e-21,3.193565882972477e-22,4.078320535044969e-23,5.208190153599775e-24,6.651082091995125e-25,8.493716951536953e-26,1.0846840657650833e-26,1.3851880504586094e-27,1.7689445209835686e-28,2.2590179848012542e-29,2.8848628066741502e-30,3.6840934730601777e-31,4.704745295632232e-32,6.0081614265849665e-33,7.672679700942792e-34,9.79834089223553e-35,1.2512901356830767e-35,1.5979511438497673e-36,2.040652112019454e-37,2.60600022617523e-38,3.3279740034202353e-39,4.249965466693784e-40,5.42738808942821e-41,6.93100725267366e-42,8.851193381617176e-43,1.130335338324201e-43,1.4434866825054588e-44,1.8433943732660572e-45,2.354093637698737e-46,3.006278491148369e-47,3.839146507008189e-48,4.90275466683162e-49,6.261027881916138e-50,7.995601004335868e-51,1.0210725239730384e-51,1.3039533846765164e-52,1.6652043703942015e-53,2.1265373653428976e-54,2.715679376417313e-55,3.4680389800294647e-56,4.4288344461601894e-57,5.6558114440018095e-58,7.222713668567069e-59,9.223714979648262e-60,1.1779079433266013e-60,1.5042389384464857e-61
Cs143,508354123180112.75,76718808425219.34,11079369801250.383,1600005565779.8884,231060680450.1607,33367983572.643303,4818741847.319297,695884693.9713264,100494173.5007211,14512574.850680625,2095791.4279929053,302657.6431017418,43707.426050824564,6311.881213067309,911.5120253930367,131.6333664028266,19.009450964610007,2.7451947469671327,0.3964393402416986,0.05725063792462915,0.008267684889139012,0.0011939537427702299,0.00017242136813265416,2.489973197768792e-05,3.595822601776896e-06,5.192802956688771e-07,7.499035834991025e-08,1.082951518159253e-08,1.563913036941547e-09,2.2584796697760062e-10,3.261517935016855e-11,4.71002656468085e-12,6.801848305606396e-13,9.822692024586384e-14,1.4185155898043968e-14,2.048508162000373e-15,2.9582936697655863e-16,4.272134033397884e-17,6.169478502370148e-18,8.90947350753742e-19,1.2866357853587766e-19,1.8580577660007648e-20,2.6832602521101622e-21,3.874952497333356e-22,5.595900302544916e-23,8.081157180009779e-24,1.167016884456001e-24,1.6853135983722368e-25,2.4337967708002464e-26,3.514697043493148e-27,5.075647833766213e-28,7.329849660900331e-29,1.058518987349338e-29,1.5286295059446573e-30,2.2075259814620904e-31,3.187934643338352e-32,4.603763387403357e-33,6.648391419028902e-34,9.601081711010275e-35,1.3865123788839794e-35,2.0022916528185927e-36,2.8915514379857453e-37,4.175750174430231e-38,6.030288546898769e-39,8.70846636887713e-40,1.2576079222090512e-40,1.8161380190377843e-41,2.622723064912597e-42,3.787529473596366e-43,5.469650877470446e-44,7.898837733137455e-45,1.1406877501346194e-45,1.6472911424024775e-46,2.378887743396399e-47,3.43540176354505e-48,4.961135854236839e-49,7.164480505708259e-50,1.0346376802569862e-50,1.494142008697857e-51,2.157721862208964e-52,3.116011468489542e-53,4.49989761971371e-54,6.4983966819995876e-55,9.384471160326074e-56,1.355231194225786e-56,1.9571178369296968e-57
Cs144,151271875866548.4,4885904882407.582,162120343350.70514,5580009718.095257,201146667.35616058,7647743.924716678,307319.18290722196,13003.467943548283,574.6728810692468,26.26589121839234,1.230053293236144,0.05857607025508883,0.0028206201818934983,0.00013680580208965364,6.6660759816504735e-06,3.2576676976051437e-07,1.5949367043672874e-08,7.817753756439779e-10,3.834727688155993e-11,1.8818423669817604e-12,9.237498714522953e-14,4.5352570953732274e-15,2.22688121519872e-16,1.093507781199906e-17,5.369887739039264e-19,2.6370603397168615e-20,1.2950368144601484e-21,6.359875884129422e-23,3.123330606801781e-24,1.5338716231786513e-25,7.532881798185175e-27,3.6994227920112977e-28,1.8168003458641455e-29,8.922379721186104e-31,4.381818289883482e-32,2.151929936611843e-33,1.056822264729382e-34,5.190101136301849e-36,2.548881891732194e-37,1.2517673465498502e-38,6.1474858034631266e-40,3.0190580004198924e-41,1.4826730112574036e-42,7.281474121152067e-44,3.5759648385446514e-45,1.756172492028078e-46,8.6246424810769e-48,4.235600906166927e-49,2.0801227511368546e-50,1.0215576861474424e-51,5.01691597651905e-53,2.463830115499752e-54,1.2099981077845405e-55,5.942355407138577e-57,2.9183176038546918e-58,1.433198968020805e-59,7.038504922309241e-61,3.456641586208839e-62,1.6975723093820188e-63,8.33685435332963e-65,4.094266861248014e-66,2.0107129644692275e-67,9.874702266610323e-69,4.8495109236031275e-70,2.3816167377191294e-71,1.1696227464460528e-72,5.744070182821657e-74,2.820938833947752e-75,1.3853758139434407e-76,6.803643250830747e-78,3.3412999576492747e-79,1.6409275141849848e-80,8.058669203418957e-82,3.957648876549482e-83,1.9436192545796841e-84,9.545202024254579e-86,4.687691865016886e-87,2.302146666514539e-88,1.1305946352181823e-89,5.55240136424237e-91,2.7268094106683163e-92,1.3391484286409962e-93,6.576618471813639e-95,3.2298070623652616e-96,1.5861728492861436e-97,7.789766568811815e-99
Cs144_m1,0.0,0.0,0.0,0.0,0.0,0.0,0.0,0.0,0.0,0.0,0.0,0.0,0.0,0.0,0.0,0.0,0.0,0.0,0.0,0.0,0.0,0.0,0.0,0.0,0.0,0.0,0.0,0.0,0.0,0.0,0.0,0.0,0.0,0.0,0.0,0.0,0.0,0.0,0.0,0.0,0.0,0.0,0.0,0.0,0.0,0.0,0.0,0.0,0.0,0.0,0.0,0.0,0.0,0.0,0.0,0.0,0.0,0.0,0.0,0.0,0.0,0.0,0.0,0.0,0.0,0.0,0.0,0.0,0.0,0.0,0.0,0.0,0.0,0.0,0.0,0.0,0.0,0.0,0.0,0.0,0.0,0.0,0.0,0.0,0.0,0.0
Cs145,27370168824767.387,74769830105.94412,203979655.8403788,556476.9779245621,1518.1250465950582,4.141597492750796,0.011298693628897847,3.082397020548653e-05,8.409088434778593e-08,2.2940837222630225e-10,6.258490638516788e-13,1.7073790591114065e-15,4.657901433216838e-18,1.270722259698735e-20,3.4666578596505263e-23,9.457390569931417e-26,2.5800710659471983e-28,7.038692815016298e-31,1.9202260433075985e-33,5.2385693683497075e-36,1.4291343002379999e-38,3.8988218051604675e-41,1.0636377187128797e-43,2.9017104479392242e-46,7.916157330212675e-49,2.1596071696672742e-51,5.891625106386048e-54,1.6072944599246863e-56,4.384860601711395e-59,1.1962339805079492e-61,3.263446358051583e-64,8.903009198382632e-67,2.4288302637770186e-69,6.626092727513771e-72,1.8076645984036404e-74,4.931490449497341e-77,1.3453600891979777e-79,3.6702773495004516e-82,1.0012884974376357e-84,2.731615514662336e-87,7.452121280768755e-90,2.0330134781121005e-92,5.546264810332087e-95,1.51307670497558e-97,4.1278251101080736e-100,1.1261121186789885e-102,3.072146881248265e-105,8.381125026018739e-108,2.2864550237004462e-110,6.237678783188842e-113,1.7017013761011443e-115,4.64241214412797e-118,1.2664966261780737e-120,3.45512990730327e-123,9.425941158932853e-126,2.571491350986875e-128,7.015286491507163e-131,1.913840563338302e-133,5.221149138119027e-136,1.42438188659409e-138,3.885856743767057e-141,1.0601007198417825e-143,2.892061160030338e-146,7.889833104352887e-149,2.1524256566513872e-151,5.872033218110944e-154,1.601949596170558e-156,4.3702792769564443e-159,1.1922560487703046e-161,3.252594161028825e-164,8.87340331573103e-167,2.4207534818521957e-169,6.604058455802017e-172,1.801653427935175e-174,4.915091373152249e-177,1.3408862565828011e-179,3.658072285113025e-182,9.979588333774302e-185,2.7225318569265797e-187,7.427340150790354e-190,2.0262529371398354e-192,5.527821376042557e-195,1.508045150995099e-197,4.11409852586076e-200,1.1223673687303729e-202,3.0619308275491102e-205
Cs146,2762082500408.9067,58107783.98979389,1320.532973288078,0.03796788824610185,1.6891695825708691e-06,1.1061082738642926e-10,8.603099476665677e-15,7.045723421753718e-19,5.848020245209374e-23,4.8701136430241745e-27,4.05906284646173e-31,3.383763796184214e-35,2.820952737113244e-39,2.3517809091287755e-43,1.960646089810513e-47,1.634563785914158e-51,1.3627136813601858e-55,1.136075982709559e-59,9.471312060183489e-64,7.896104991694827e-68,6.582876129984353e-72,5.4880549581407206e-76,4.57531732787305e-80,3.8143802878442434e-84,3.179997350499175e-88,2.651120860029099e-92,2.2102036699430435e-96,1.8426169611053663e-100,1.536164884497141e-104,1.2806799254395749e-108,1.0676855642099977e-112,8.901150407516146e-117,7.420768926088182e-121,6.186594870691834e-125,5.1576806224912987e-129,4.299888704470379e-133,3.5847591629086267e-137,2.9885653186086747e-141,2.4915265594421832e-145,2.07715205612297e-149,1.73169362690713e-153,1.443689598280061e-157,1.2035845277692536e-161,1.0034121719872075e-165,8.365311813688522e-170,6.974047524423379e-174,5.814169269019782e-178,4.847194426253788e-182,4.04104055433991e-186,3.368960954685833e-190,2.8086572657649665e-194,2.3415396446083084e-198,1.9521099901020162e-202,1.6274477445772883e-206,1.3567812135377108e-210,1.1311301807032848e-214,9.43007960997453e-219,7.861730061447659e-223,6.554218216110772e-227,5.464163242522732e-231,4.555399127167529e-235,3.7977747528307603e-239,3.166153540141448e-243,2.6395794622306705e-247,2.2005817624115218e-251,1.8345953066954914e-255,1.5294773395107832e-259,1.2751046094686565e-263,1.063037498553768e-267,8.862400111645351e-272,7.388463327563314e-276,6.159662129338588e-280,5.1352271596265686e-284,4.281169555609691e-288,3.569153261218564e-292,2.9755548890548285e-296,2.4806799399685116e-300,2.0681093759009427e-304,1.724154866485386e-308,1.43740463549e-312,1.19834486e-316,9.99e-321,0.0,0.0,0.0,0.0
Cs147,808262004702.5956,231196.81992554732,0.06604675969038334,1.8867796135719032e-08,5.3900256831356406e-15,1.5397864517871352e-21,4.398758849193314e-28,1.2566079790414582e-34,3.589793546605181e-41,1.0255081872930743e-47,2.929603133304629e-54,8.369094098919691e-61,2.390826772415568e-67,6.8299538613586525e-74,1.9511354936500448e-80,5.573873252818294e-87,1.5923067946636175e-93,4.5487954485688035e-100,1.2994694302797003e-106,3.712237270996086e-113,1.060487090735663e-119,3.029528522877049e-126,8.654554262003098e-133,2.4723751206945058e-139,7.062915723188739e-146,2.017686478694775e-152,5.763991651410694e-159,1.6466185459608315e-165,4.703949623588674e-172,1.343792836266669e-178,3.838857409837604e-185,1.0966590842980672e-191,3.1328622524282567e-198,8.949751142554917e-205,2.5567049892340386e-211,7.303823645880901e-218,2.0865074412089599e-224,5.960594769666419e-231,1.7027828085572856e-237,4.8643959288655135e-244,1.3896280625954723e-250,3.969796415817682e-257,1.1340648629104822e-263,3.239720576510377e-270,9.255016848796611e-277,2.6439112524874523e-283,7.552948660421596e-290,2.1576758075103013e-296,6.163903793906318e-303,1.76086276948032e-309,5.0303149e-316,1.43e-322,0.0,0.0,0.0,0.0,0.0,0.0,0.0,0.0,0.0,0.0,0.0,0.0,0.0,0.0,0.0,0.0,0.0,0.0,0.0,0.0,0.0,0.0,0.0,0.0,0.0,0.0,0.0,0.0,0.0,0.0,0.0,0.0,0.0,0.0
Cs148,4720530341.386607,0.23160309917951633,1.1363129070324057e-11,5.575085252583848e-22,2.735300759255703e-32,1.3420189834975597e-42,6.584339751208546e-53,3.2304706932205526e-63,1.5849639134799184e-73,7.776299015203815e-84,3.815280957475627e-94,1.8718890253597857e-104,9.184037983878404e-115,4.505959089808193e-125,2.2107560263433147e-135,1.0846619133910789e-145,5.321670289901523e-156,2.6109679269442195e-166,1.2810176399818927e-176,6.285049222589838e-187,3.083629959298255e-197,1.5129195315933491e-207,7.422828093152697e-218,3.6418577293710657e-228,1.7868024901741365e-238,8.766578422721242e-249,4.301141153784256e-259,2.110266324296909e-269,1.0353587106862379e-279,5.079774279917124e-290,2.4922866315389902e-300,1.22278910665483e-310,6e-321,0.0,0.0,0.0,0.0,0.0,0.0,0.0,0.0,0.0,0.0,0.0,0.0,0.0,0.0,0.0,0.0,0.0,0.0,0.0,0.0,0.0,0.0,0.0,0.0,0.0,0.0,0.0,0.0,0.0,0.0,0.0,0.0,0.0,0.0,0.0,0.0,0.0,0.0,0.0,0.0,0.0,0.0,0.0,0.0,0.0,0.0,0.0,0.0,0.0,0.0,0.0,0.0,0.0
Cs149,129171337.27434124,1.018982180508479e-22,8.038352053200179e-53,6.3411416771728624e-83,5.0022787635894026e-113,3.9461021536130795e-143,3.1129257169939e-173,2.4556653989936384e-203,1.9371784295701004e-233,1.5281643295253356e-263,1.2055090963158471e-293,1e-323,0.0,0.0,0.0,0.0,0.0,0.0,0.0,0.0,0.0,0.0,0.0,0.0,0.0,0.0,0.0,0.0,0.0,0.0,0.0,0.0,0.0,0.0,0.0,0.0,0.0,0.0,0.0,0.0,0.0,0.0,0.0,0.0,0.0,0.0,0.0,0.0,0.0,0.0,0.0,0.0,0.0,0.0,0.0,0.0,0.0,0.0,0.0,0.0,0.0,0.0,0.0,0.0,0.0,0.0,0.0,0.0,0.0,0.0,0.0,0.0,0.0,0.0,0.0,0.0,0.0,0.0,0.0,0.0,0.0,0.0,0.0,0.0,0.0,0.0
Cs150,708935.9061440604,5.592518206644984e-25,4.4117189749590806e-55,3.480232624167029e-85,2.7454194582801872e-115,2.16575407907035e-145,1.7084787233015846e-175,1.347752072214565e-205,1.063188919700708e-235,8.38708173616075e-266,6.616240890550574e-296,0.0,0.0,0.0,0.0,0.0,0.0,0.0,0.0,0.0,0.0,0.0,0.0,0.0,0.0,0.0,0.0,0.0,0.0,0.0,0.0,0.0,0.0,0.0,0.0,0.0,0.0,0.0,0.0,0.0,0.0,0.0,0.0,0.0,0.0,0.0,0.0,0.0,0.0,0.0,0.0,0.0,0.0,0.0,0.0,0.0,0.0,0.0,0.0,0.0,0.0,0.0,0.0,0.0,0.0,0.0,0.0,0.0,0.0,0.0,0.0,0.0,0.0,0.0,0.0,0.0,0.0,0.0,0.0,0.0,0.0,0.0,0.0,0.0,0.0,0.0
Cs151,3373.571659431118,2.6612787930868487e-27,2.0993787977600258e-57,1.656117858802825e-87,1.3064466332479131e-117,1.0306046737269222e-147,8.13003735841244e-178,6.413468630038059e-208,5.0593346690985156e-238,3.9911113268811985e-268,3.148431694161425e-298,0.0,0.0,0.0,0.0,0.0,0.0,0.0,0.0,0.0,0.0,0.0,0.0,0.0,0.0,0.0,0.0,0.0,0.0,0.0,0.0,0.0,0.0,0.0,0.0,0.0,0.0,0.0,0.0,0.0,0.0,0.0,0.0,0.0,0.0,0.0,0.0,0.0,0.0,0.0,0.0,0.0,0.0,0.0,0.0,0.0,0.0,0.0,0.0,0.0,0.0,0.0,0.0,0.0,0.0,0.0,0.0,0.0,0.0,0.0,0.0,0.0,0.0,0.0,0.0,0.0,0.0,0.0,0.0,0.0,0.0,0.0,0.0,0.0,0.0,0.0
Cu73,17070893241.905739,8849961627.298151,3899693440.4939322,1709037422.4233103,748834508.259088,328108083.0299242,143763253.10827932,62991050.2259044,27600046.05705452,12093186.88304581,5298729.1646500025,2321681.7065544734,1017263.909714421,445722.53771306993,195296.99100516769,85570.98075266143,37493.62808553768,16428.14111339841,7198.124967421668,3153.9175789256965,1381.914893069653,605.4973612652872,265.30364231391655,116.2449700489979,50.93368844783325,22.317013956022805,9.778382973843014,4.284478818338433,1.8772795863993736,0.8225454705080142,0.3604050541831833,0.15791443480998157,0.06919150670035051,0.03031682699067633,0.013283566764386493,0.005820303887282791,0.0025502139554220687,0.0011173971916895332,0.0004895967576920474,0.00021452084086601758,9.399406847136227e-05,4.118427315561896e-05,1.804522756532674e-05,7.906664678869082e-06,3.464370073348191e-06,1.5179422035167462e-06,6.650988446480826e-07,2.914185218168183e-07,1.276874190073731e-07,5.594729144571322e-08,2.451376529061828e-08,1.0740907614922e-08,4.706216895877754e-09,2.0620675891742205e-09,9.035118517481158e-10,3.9588113917071974e-10,1.7345857284315755e-10,7.600229845708787e-11,3.330103134183672e-11,1.45911204127087e-11,6.393219258368521e-12,2.8012415311146346e-12,1.227386985886657e-12,5.37789689461192e-13,2.356369697710587e-13,1.0324627379620602e-13,4.5238202915094503e-14,1.982149018788574e-14,8.684948736930403e-15,3.805381626110451e-15,1.6673592163834856e-15,7.305671361272978e-16,3.2010399147635495e-16,1.402561931573666e-16,6.145440307778733e-17,2.692675148690074e-17,1.1798177336773775e-17,5.169468308781271e-18,2.2650450008239512e-18,9.92448071892156e-19,4.348492745372225e-19,1.905327814331192e-19,8.348350319607882e-20,3.6578982647855466e-20,1.602738170210086e-20,7.022528939576652e-21
Cu74,24709521482.227165,3776503640.08845,523399883.0910878,72248372.50840166,9971164.97147114,1376132.8307832289,189921.7315120947,26211.3240411573,3617.4560017816225,499.24940471862794,68.90200405722051,9.50924751883598,1.312382558559442,0.18112347760423608,0.024997066537871326,0.0034498748796337876,0.0004761213347612967,6.571007161829085e-05,9.068725127063775e-06,1.2515855393976654e-06,1.727328086893432e-07,2.383906034266609e-08,3.2900570675218584e-09,4.5406468845491237e-10,6.266600763157948e-11,8.648610236228754e-12,1.1936049837090215e-12,1.6473084324774173e-13,2.273469957605955e-14,3.1376429248064783e-15,4.3302983136645805e-16,5.976296198995571e-17,8.247957454899598e-18,1.1383104168977996e-18,1.570995743253159e-19,2.168149907690015e-20,2.9922894714417386e-21,4.129694284119228e-22,5.69944019221841e-23,7.865865187549262e-24,1.0855774086931297e-24,1.4982182915240949e-25,2.0677088810825616e-26,2.853669616166835e-27,3.938383373374224e-28,5.435409729212224e-29,7.501473605679799e-30,1.0352872931414936e-30,1.428812304996588e-31,1.971920853693553e-32,2.7214714204472066e-33,3.755935071348426e-34,5.183610657894379e-35,7.153962712936248e-36,9.873269015707967e-37,1.3626215982404665e-37,1.8805702721534398e-38,2.5953973965141525e-39,3.581938811634492e-40,4.9434763506836e-41,6.822550499855319e-42,9.415883079250362e-43,1.2994972212223769e-43,1.7934515687498587e-44,2.4751638379232116e-45,3.4160030475945575e-46,4.714466429408669e-47,6.506491184096668e-48,8.979685858965306e-49,1.2392971241210776e-49,1.710368698835244e-50,2.3605001811248955e-51,3.2577543712564175e-52,4.496065549286548e-53,6.205073532196711e-54,8.563695773091646e-55,1.1818858376704046e-55,1.6311346996643555e-56,2.2511483966111248e-57,3.1068366730274526e-58,4.28778223923356e-59,5.917619259068245e-60,8.166976712314312e-61,1.1271341683105587e-61,1.5555712696689296e-62,2.1468624082671556e-63
Cu75,36583176675.23252,2212340871.9658403,130528749.60087395,7691968.5197361875,453253.670825925,26708.14440350418,1573.7872595515,92.7359938628848,5.464502588498662,0.3219978273279441,0.018973840550831064,0.0011180405415645283,6.58809506295312e-05,3.882059276470543e-06,2.2875177243231347e-07,1.3479282428293951e-08,7.94271680825886e-10,4.680275128279405e-11,2.75786935442718e-12,1.625084672935608e-13,9.575871278930676e-15,5.642617414205514e-16,3.324933090229548e-17,1.9592290674663764e-18,1.154482942855298e-19,6.802833254548484e-21,4.0085945466403757e-22,2.3620790982361748e-23,1.3918638069795213e-24,8.201608737938313e-26,4.83282815121119e-27,2.84776178496544e-28,1.6780541186586805e-29,9.887995688450934e-31,5.826537871911829e-32,3.433308897219113e-33,2.0230899108283182e-34,1.1921131799735429e-35,7.024570812499246e-37,4.13925421921025e-38,2.4390707914515296e-39,1.4372314457281743e-40,8.468939219925666e-42,4.99035362216533e-43,2.940584248811886e-44,1.732750097298432e-45,1.0210293756762214e-46,6.016453195525188e-48,3.5452172010204625e-49,2.089032290945005e-50,1.2309699702897683e-51,7.253535880336869e-53,4.2741727285962285e-54,2.518572019943919e-55,1.4840778373801706e-56,8.744983307850959e-58,5.15301361750621e-59,3.036432250061075e-60,1.7892288849942787e-61,1.0543097093088372e-62,6.212558787001911e-64,3.6607731429559293e-65,2.1571240552646252e-66,1.2710932931626674e-67,7.489964037904687e-69,4.413488891088508e-70,2.6006645817235324e-71,1.5324511817142357e-72,9.030025020685288e-74,5.320975496458447e-75,3.1354044057524206e-76,1.8475485921998472e-77,1.0886748115417335e-78,6.4150564174023385e-80,3.780095617365842e-81,2.227435262715051e-82,1.3125244310734828e-83,7.734098543743641e-85,4.557346047678149e-86,2.6854329409971986e-87,1.58240124957528e-88,9.324357634965129e-90,5.494412073301148e-91,3.237602547336264e-92,1.907769223472244e-93,1.1241600402811495e-94
Cu76,29972304893.524178,149638580.278472,741424.4110334856,3673.5832399173382,18.201739272254944,0.09018532884601267,0.00044684705221886346,2.214021844036508e-06,1.096995650196188e-08,5.435354939205887e-11,2.693090287993971e-13,1.3343627749077756e-15,6.61145310648257e-18,3.275819215073588e-20,1.6230912262424624e-22,8.042034543857095e-25,3.984638605577031e-27,1.9742945308762404e-29,9.782164157101451e-32,4.8468318227073455e-34,2.401490952342537e-36,1.189882175643894e-38,5.895585784047959e-41,2.921123826252748e-43,1.4473480194944588e-45,7.171268368386096e-48,3.5531944852750686e-50,1.7605241362666333e-52,8.722982226900066e-55,4.322032135962175e-57,2.141465074488426e-59,1.0610454806886358e-61,5.25723032096951e-64,2.6048337371724496e-66,1.2906337337452839e-68,6.394786012290568e-71,3.168465775671228e-73,1.5699001268072011e-75,7.778485180661767e-78,3.854056106666288e-80,1.909593979848402e-82,9.461588173472334e-85,4.687993977206527e-87,2.3227905429178278e-89,1.1508879773526226e-91,5.702378720514996e-94,2.8253942792052702e-96,1.3999162848034964e-98,6.936255300301903e-101,3.4367510481328233e-103,1.7028291571574622e-105,8.437117201261782e-108,4.1803927521805355e-110,2.0712860975630439e-112,1.0262734513928441e-114,5.08494310985314e-117,2.5194694840201363e-119,1.2483377579207623e-121,6.185219419145695e-124,3.0646304672140964e-126,1.5184521783503854e-128,7.523572719790339e-131,3.727752989328054e-133,1.8470137615459225e-135,9.151517938840009e-138,4.534361482765176e-140,2.2466692622787462e-142,1.1131716765973435e-144,5.51550333813575e-147,2.7328019309631072e-149,1.3540389581923374e-151,6.708943957956172e-154,3.324123634602477e-156,1.6470249278232183e-158,8.16062039520224e-161,4.043395100437651e-163,2.0034069894802464e-165,9.92640952912039e-168,4.918302005394081e-170,2.4369027436657596e-172,1.2074278837641012e-174,5.982520633129614e-177,2.964197995349097e-179,1.468690255236975e-181,7.277014117182861e-184,3.6055890119005593e-186
Cu77,16099730836.154127,9950476.474428775,6145.664815871574,3.795717333346086,0.002344330598287056,1.4479176059245917e-06,8.942703708590576e-10,5.523238980754866e-13,3.4112914653792106e-16,2.1068995026861248e-19,1.3012741829509964e-22,8.036997004631424e-26,4.9638517153987827e-29,3.065799805358694e-32,1.8935151542459634e-35,1.1694826365022966e-38,7.22301922967712e-42,4.461118546259236e-45,2.7552991416676224e-48,1.70174212618496e-51,1.051038785676016e-54,6.491480183732891e-58,4.0093016118994336e-61,2.4762456266077457e-64,1.529391648933342e-67,9.445907912743459e-71,5.834030567530471e-74,3.603244174862443e-77,2.2254543292830123e-80,1.3744966289756307e-83,8.489237268122418e-87,5.243166689189188e-90,3.2383117661056106e-93,2.0000628849203584e-96,1.2352891977558533e-99,7.629457121559774e-103,4.712144822076202e-106,2.910339290258712e-109,1.7974988257452646e-112,1.1101805344037337e-115,6.856754515307968e-119,4.2349042364039897e-122,2.615583488000511e-125,1.6154502205485755e-128,9.977427319918649e-132,6.162310336647456e-135,3.805998026098545e-138,2.3506802129908275e-141,1.4518392878440056e-144,8.966925003573903e-148,5.538198662409956e-151,3.420530941442554e-154,2.11260603574567e-157,1.3047986814546408e-160,8.058765194831265e-164,4.977296297772315e-167,3.074103517956725e-170,1.8986437362275345e-173,1.1726501778678233e-176,7.242582762712905e-180,4.4732014768566945e-183,2.762761863843416e-186,1.7063512913062734e-189,1.0538855221101338e-192,6.509062344736107e-196,4.0201607972401685e-199,2.4829525329000283e-202,1.5335340031341455e-205,9.471492135300214e-209,5.849832027572363e-212,3.613003554452798e-215,2.2314819678516076e-218,1.378219450326849e-221,8.512230350165021e-225,5.257367795606627e-228,3.247082727001847e-231,2.005480051215853e-234,1.238634976059988e-237,7.650121490807081e-241,4.7249076568360995e-244,2.9182219383646876e-247,1.8023673476944664e-250,1.1131874561451612e-253,6.875326021102546e-257,4.246374465998806e-260,2.622667790609734e-263
Cu78,3940581329.4186697,126698.83822093491,4.071811106856345,0.00013085870338449827,4.205499666386229e-09,1.3515514816013232e-13,4.343577582514469e-18,1.3959265682553909e-22,4.48618896967701e-27,1.4417586088933537e-31,4.633482673976071e-36,1.4890954392507825e-40,4.785612428533553e-45,1.5379864656396837e-49,4.942737013945096e-54,1.5884827165147788e-58,5.10502042400227e-63,1.640636895732811e-67,5.272632036855883e-72,1.69450343756054e-76,5.44574679179906e-81,1.7501385634887622e-85,5.624545371854541e-90,1.8076003409117174e-94,5.809214392356862e-99,1.8669487437330758e-103,5.9999465957261876e-108,1.928245714961805e-112,6.196941052637057e-117,1.9915552313631976e-121,6.400403369792093e-126,2.05694337023261e-130,6.610545904517461e-135,2.124478378361519e-139,6.827587986404058e-144,2.1942307432679546e-148,7.051756146225831e-153,2.2662732667655988e-157,7.283284352374059e-162,2.3406811409483634e-166,7.522414255054413e-171,2.417532026669761e-175,7.769395438501713e-180,2.496906134598935e-184,8.024485681475478e-189,2.5788863089380003e-193,8.287951226308367e-198,2.663558113888061e-202,8.560067056788152e-207,2.7510099229541048e-211,8.841117185163256e-216,2.841333011182058e-220,9.131394948571556e-225,2.934621650424187e-229,9.431203315201664e-234,3.0309732077323814e-238,9.74085520050638e-243,3.130488246981891e-247,1.0060673793798208e-251,3.233270633831693e-256,1.0390992895567951e-260,3.3394276441309564e-265,1.0732157265878378e-269,3.4490700758848195e-274,1.1084522984196563e-278,3.5623123648962633e-283,1.1448457821040488e-287,3.679272704204863e-292,1.1824341621827866e-296,3.800073167447003e-301,1.2212566703327724e-305,3.92483983626637e-310,1.2613538265e-314,4.0537e-319,1.5e-323,0.0,0.0,0.0,0.0,0.0,0.0,0.0,0.0,0.0,0.0,0.0
Cu79,6.869553489802304,6.773476112653045e-08,6.678742470931945e-16,6.585333771194029e-24,6.4932314828389e-32,6.402417334434607e-40,6.31287331009291e-48,6.224581645895282e-56,6.13752482636883e-64,6.05168558101157e-72,5.967046880866253e-80,5.883591935142148e-88,5.801304187884024e-96,5.720167314687777e-104,5.640165219461941e-112,5.5612820312345276e-120,5.483502101004498e-128,5.406809998637288e-136,5.33119050980375e-144,5.256628632961926e-152,5.183109576380972e-160,5.110618755206767e-168,5.039141788568545e-176,4.968664496725986e-184,4.899172898256197e-192,4.830653207280077e-200,4.763091830727425e-208,4.696475365640327e-216,4.630790596514261e-224,4.566024492676362e-232,4.502164205700383e-240,4.439197066857799e-248,4.3771105846045454e-256,4.315892442102944e-264,4.25553049477826e-272,4.196012767909411e-280,4.137327454253439e-288,4.07946291170313e-296,4.0224076609774506e-304,3.966150383347e-312,3.9105e-320,0.0,0.0,0.0,0.0,0.0,0.0,0.0,0.0,0.0,0.0,0.0,0.0,0.0,0.0,0.0,0.0,0.0,0.0,0.0,0.0,0.0,0.0,0.0,0.0,0.0,0.0,0.0,0.0,0.0,0.0,0.0,0.0,0.0,0.0,0.0,0.0,0.0,0.0,0.0,0.0,0.0,0.0,0.0,0.0,0.0
Cu80,18932919.898101963,0.02650905191128165,3.711682281534793e-11,5.196936278658955e-20,7.276524399408891e-29,1.0188273339548407e-37,1.4265177706239153e-46,1.9973482081665703e-55,2.796600187406967e-64,3.9156780856873215e-73,5.482562341150518e-82,7.676445603246182e-91,1.0748225634809945e-99,1.5049198583252285e-108,2.107123405231408e-117,2.9503026492155424e-126,4.1308855951948103e-135,5.783886546393873e-144,8.098346664567556e-153,1.1338953171618175e-161,1.5876309616466054e-170,2.2229318987647048e-179,3.1124526706261e-188,4.3579210106575243e-197,6.101771671699026e-206,8.543435606679615e-215,1.196214737172508e-223,1.674887906113475e-232,2.3451052815784092e-241,3.283514533488049e-250,4.597434399350552e-259,6.437127913022743e-268,9.012986846418066e-277,1.2619592618217733e-285,1.7669405332935338e-294,2.4739933709813937e-303,3.4639780368e-312,4.85e-321,0.0,0.0,0.0,0.0,0.0,0.0,0.0,0.0,0.0,0.0,0.0,0.0,0.0,0.0,0.0,0.0,0.0,0.0,0.0,0.0,0.0,0.0,0.0,0.0,0.0,0.0,0.0,0.0,0.0,0.0,0.0,0.0,0.0,0.0,0.0,0.0,0.0,0.0,0.0,0.0,0.0,0.0,0.0,0.0,0.0,0.0,0.0,0.0
Cu81,0.015697239381982166,2.5017359746969124e-49,3.987123299066466e-96,6.3544484161181e-143,1.0127355399959643e-189,1.6140398140134848e-236,2.5723640756509927e-283,0.0,0.0,0.0,0.0,0.0,0.0,0.0,0.0,0.0,0.0,0.0,0.0,0.0,0.0,0.0,0.0,0.0,0.0,0.0,0.0,0.0,0.0,0.0,0.0,0.0,0.0,0.0,0.0,0.0,0.0,0.0,0.0,0.0,0.0,0.0,0.0,0.0,0.0,0.0,0.0,0.0,0.0,0.0,0.0,0.0,0.0,0.0,0.0,0.0,0.0,0.0,0.0,0.0,0.0,0.0,0.0,0.0,0.0,0.0,0.0,0.0,0.0,0.0,0.0,0.0,0.0,0.0,0.0,0.0,0.0,0.0,0.0,0.0,0.0,0.0,0.0,0.0,0.0,0.0
Eu165,14021924.663057743,3136503.947801921,695388.8036085371,154107.60776353665,34151.63499279224,7568.302602968708,1677.2023225083801,371.68276318194995,82.3681642798987,18.25350852625412,4.0451377838859575,0.8964380555708731,0.1986585452482926,0.04402447816099855,0.00975621096452632,0.00216206202459129,0.00047913193094904983,0.00010617984342903473,2.353038572963155e-05,5.214540111422367e-06,1.1555878805416658e-06,2.5608842220422166e-07,5.675144321893317e-08,1.2576618184102741e-08,2.7870890320536456e-09,6.176434045213009e-10,1.3687520232088536e-10,3.033274681351705e-11,6.7220030630233295e-12,1.489654908508294e-12,3.3012060923471096e-13,7.315762598374301e-14,1.6212372356831594e-14,3.592804084361145e-15,7.961969355560009e-16,1.7644423277855664e-16,3.9101591441158895e-17,8.665256036734133e-18,1.9202968322951692e-18,4.255546412582018e-19,9.430664554080795e-20,2.0899180812278797e-20,4.63144199562609e-21,1.026368217564126e-21,2.2745221013684664e-22,5.040540715389401e-23,1.1170280863928362e-23,2.4754323320529862e-24,5.4857754296594e-25,1.2156960089350018e-25,2.6940891129993865e-26,5.9703380577355166e-27,1.323079342537444e-27,2.932060010205308e-28,6.497702463525427e-29,1.4399479259480806e-29,3.1910510539400704e-30,7.071649359922188e-31,1.5671395983446113e-31,3.472918969396885e-32,7.696293413003578e-33,1.7055662058630986e-33,3.779684487687678e-34,8.376112740365561e-35,1.8562201386877162e-35,4.113546832608021e-36,9.115981015065505e-37,2.0201814455664768e-37,4.4768994870287496e-38,9.921202405330546e-39,2.1986255767574398e-39,4.8723473519447175e-40,1.079754960051652e-40,2.3928318109151363e-41,5.3027254211951124e-42,1.1751305195928013e-42,2.6041924263301137e-43,5.77111910573569e-44,1.2789306733190544e-44,2.8342226822709407e-45,6.280886353169155e-46,1.3918995719072203e-46,3.0845716819855425e-47,6.835681721110074e-48,1.5148470974174415e-48,3.3570341952395564e-49
Eu166,906507.6933264318,156.4935881711175,0.02701603452344055,4.663872366282899e-06,8.051405705046871e-10,1.3899422783502734e-13,2.3995058849593783e-17,4.142350787968285e-21,7.151084795473193e-25,1.2345167362595522e-28,2.1311893449643963e-32,3.679146576701284e-36,6.3514391927850534e-40,1.0964711239043805e-43,1.892876384492251e-47,3.267738592339719e-51,5.641211225069348e-55,9.738619900762258e-59,1.681211955866035e-62,2.9023348989374426e-66,5.010402071076771e-70,8.649632033519334e-74,1.4932161781420712e-77,2.577791223978814e-81,4.450130993551259e-85,7.682416510518873e-89,1.3262423853729012e-92,2.2895385356303817e-96,3.952510313310952e-100,6.82335655579089e-104,1.1779398659798434e-107,2.0335187184187575e-111,3.510534363925014e-115,6.060358042772917e-119,1.0462207686677689e-122,1.8061274417558213e-126,3.117980863653946e-130,5.382679229247078e-134,9.292307089728029e-138,1.6041634169957392e-141,2.7693233161354346e-145,4.780779531585424e-149,8.253226626323017e-153,1.424783328648046e-156,2.4596532065639116e-160,4.246185209298299e-164,7.330337782394672e-168,1.2654618052537215e-171,2.1846108980163074e-175,3.771370068948654e-179,6.510647827435497e-183,1.1239558663811319e-186,1.94032425505982e-190,3.3496495079432144e-194,5.782616898595792e-198,9.982733452150933e-202,1.7233541305648784e-205,2.975086406514346e-209,5.135995538726116e-213,8.86644842181911e-217,1.530645948268818e-220,2.642407543009273e-224,4.561680401172725e-228,7.874988147644079e-232,1.3594866994538173e-235,2.346929355753701e-239,4.0515860898906784e-243,6.994394528131828e-247,1.2074667483242467e-250,2.0844920063411837e-254,3.5985313305981617e-258,6.212270278755422e-262,1.0724459083670938e-265,1.8514008160696815e-269,3.1961378704521085e-273,5.517604398935116e-277,9.525233121073632e-281,1.644374251048313e-284,2.8387406829219156e-288,4.9006171555767185e-292,8.460106500750583e-296,1.460497723691686e-299,2.5213082136960707e-303,4.352622400795502e-307,7.5140840223317e-311,1.29718256e-314
Eu167,80839.69202717276,0.0024092105635158175,7.180006991373986e-11,2.1398088310283478e-18,6.377127263034459e-26,1.9005320260031508e-33,5.664026814708597e-41,1.6880115314449752e-48,5.030666385427068e-56,1.4992554144344012e-63,4.4681293202472e-71,1.3316063047192176e-78,3.9684960386730016e-86,1.1827039833882517e-93,3.524732540214831e-101,1.050452154938832e-108,3.130591377433654e-116,9.329889349441751e-124,2.780523702335894e-131,8.286606378364289e-139,2.469601147879461e-146,7.359984957812654e-154,2.1934464448132207e-161,6.536979808846807e-169,1.948171797051084e-176,5.806004396233244e-184,1.730324148009205e-191,5.156767809418479e-199,1.5368365673477977e-206,4.580129883729834e-214,1.3649850737243478e-221,4.067972522152529e-229,1.2123502856947632e-236,3.613085406109007e-244,1.0767833608713824e-251,3.209064486239515e-259,9.563757438181446e-267,2.850221824104041e-274,8.494322967839415e-282,2.5315055155275638e-289,7.544474349998168e-297,2.248428568243447e-304,6.70083930565e-312,1.997e-319,0.0,0.0,0.0,0.0,0.0,0.0,0.0,0.0,0.0,0.0,0.0,0.0,0.0,0.0,0.0,0.0,0.0,0.0,0.0,0.0,0.0,0.0,0.0,0.0,0.0,0.0,0.0,0.0,0.0,0.0,0.0,0.0,0.0,0.0,0.0,0.0,0.0,0.0,0.0,0.0,0.0,0.0
F22,0.0,0.0,0.0,0.0,0.0,0.0,0.0,0.0,0.0,0.0,0.0,0.0,0.0,0.0,0.0,0.0,0.0,0.0,0.0,0.0,0.0,0.0,0.0,0.0,0.0,0.0,0.0,0.0,0.0,0.0,0.0,0.0,0.0,0.0,0.0,0.0,0.0,0.0,0.0,0.0,0.0,0.0,0.0,0.0,0.0,0.0,0.0,0.0,0.0,0.0,0.0,0.0,0.0,0.0,0.0,0.0,0.0,0.0,0.0,0.0,0.0,0.0,0.0,0.0,0.0,0.0,0.0,0.0,0.0,0.0,0.0,0.0,0.0,0.0,0.0,0.0,0.0,0.0,0.0,0.0,0.0,0.0,0.0,0.0,0.0,0.0
F23,0.0,0.0,0.0,0.0,0.0,0.0,0.0,0.0,0.0,0.0,0.0,0.0,0.0,0.0,0.0,0.0,0.0,0.0,0.0,0.0,0.0,0.0,0.0,0.0,0.0,0.0,0.0,0.0,0.0,0.0,0.0,0.0,0.0,0.0,0.0,0.0,0.0,0.0,0.0,0.0,0.0,0.0,0.0,0.0,0.0,0.0,0.0,0.0,0.0,0.0,0.0,0.0,0.0,0.0,0.0,0.0,0.0,0.0,0.0,0.0,0.0,0.0,0.0,0.0,0.0,0.0,0.0,0.0,0.0,0.0,0.0,0.0,0.0,0.0,0.0,0.0,0.0,0.0,0.0,0.0,0.0,0.0,0.0,0.0,0.0,0.0
F24,0.0,0.0,0.0,0.0,0.0,0.0,0.0,0.0,0.0,0.0,0.0,0.0,0.0,0.0,0.0,0.0,0.0,0.0,0.0,0.0,0.0,0.0,0.0,0.0,0.0,0.0,0.0,0.0,0.0,0.0,0.0,0.0,0.0,0.0,0.0,0.0,0.0,0.0,0.0,0.0,0.0,0.0,0.0,0.0,0.0,0.0,0.0,0.0,0.0,0.0,0.0,0.0,0.0,0.0,0.0,0.0,0.0,0.0,0.0,0.0,0.0,0.0,0.0,0.0,0.0,0.0,0.0,0.0,0.0,0.0,0.0,0.0,0.0,0.0,0.0,0.0,0.0,0.0,0.0,0.0,0.0,0.0,0.0,0.0,0.0,0.0
F25,0.0,0.0,0.0,0.0,0.0,0.0,0.0,0.0,0.0,0.0,0.0,0.0,0.0,0.0,0.0,0.0,0.0,0.0,0.0,0.0,0.0,0.0,0.0,0.0,0.0,0.0,0.0,0.0,0.0,0.0,0.0,0.0,0.0,0.0,0.0,0.0,0.0,0.0,0.0,0.0,0.0,0.0,0.0,0.0,0.0,0.0,0.0,0.0,0.0,0.0,0.0,0.0,0.0,0.0,0.0,0.0,0.0,0.0,0.0,0.0,0.0,0.0,0.0,0.0,0.0,0.0,0.0,0.0,0.0,0.0,0.0,0.0,0.0,0.0,0.0,0.0,0.0,0.0,0.0,0.0,0.0,0.0,0.0,0.0,0.0,0.0
F26,0.0,0.0,0.0,0.0,0.0,0.0,0.0,0.0,0.0,0.0,0.0,0.0,0.0,0.0,0.0,0.0,0.0,0.0,0.0,0.0,0.0,0.0,0.0,0.0,0.0,0.0,0.0,0.0,0.0,0.0,0.0,0.0,0.0,0.0,0.0,0.0,0.0,0.0,0.0,0.0,0.0,0.0,0.0,0.0,0.0,0.0,0.0,0.0,0.0,0.0,0.0,0.0,0.0,0.0,0.0,0.0,0.0,0.0,0.0,0.0,0.0,0.0,0.0,0.0,0.0,0.0,0.0,0.0,0.0,0.0,0.0,0.0,0.0,0.0,0.0,0.0,0.0,0.0,0.0,0.0,0.0,0.0,0.0,0.0,0.0,0.0
F27,0.0,0.0,0.0,0.0,0.0,0.0,0.0,0.0,0.0,0.0,0.0,0.0,0.0,0.0,0.0,0.0,0.0,0.0,0.0,0.0,0.0,0.0,0.0,0.0,0.0,0.0,0.0,0.0,0.0,0.0,0.0,0.0,0.0,0.0,0.0,0.0,0.0,0.0,0.0,0.0,0.0,0.0,0.0,0.0,0.0,0.0,0.0,0.0,0.0,0.0,0.0,0.0,0.0,0.0,0.0,0.0,0.0,0.0,0.0,0.0,0.0,0.0,0.0,0.0,0.0,0.0,0.0,0.0,0.0,0.0,0.0,0.0,0.0,0.0,0.0,0.0,0.0,0.0,0.0,0.0,0.0,0.0,0.0,0.0,0.0,0.0
F29,0.0,0.0,0.0,0.0,0.0,0.0,0.0,0.0,0.0,0.0,0.0,0.0,0.0,0.0,0.0,0.0,0.0,0.0,0.0,0.0,0.0,0.0,0.0,0.0,0.0,0.0,0.0,0.0,0.0,0.0,0.0,0.0,0.0,0.0,0.0,0.0,0.0,0.0,0.0,0.0,0.0,0.0,0.0,0.0,0.0,0.0,0.0,0.0,0.0,0.0,0.0,0.0,0.0,0.0,0.0,0.0,0.0,0.0,0.0,0.0,0.0,0.0,0.0,0.0,0.0,0.0,0.0,0.0,0.0,0.0,0.0,0.0,0.0,0.0,0.0,0.0,0.0,0.0,0.0,0.0,0.0,0.0,0.0,0.0,0.0,0.0
Fe65,380.68093709971663,428.31095099341246,5.936757762069933,0.08228856311927377,0.001140590182657841,1.5809559864227814e-05,2.1913408242580115e-07,3.0373866504185085e-09,4.210078853098715e-11,5.835530997302163e-13,8.088547319110258e-15,1.1211421507953997e-16,1.553999343393099e-18,2.1539766010518016e-20,2.985596626925371e-22,4.138293431022173e-24,5.736030234893939e-26,7.950630713852131e-28,1.1020257244027181e-29,1.5275023340342286e-31,2.1172494696025445e-33,2.934689667342799e-35,4.067732011393695e-37,5.638226045038314e-39,7.81506570391213e-41,1.0832352493247465e-42,1.501457121201497e-44,2.081148566954399e-46,2.884650714680718e-48,3.9983737239314086e-50,5.5420894997315456e-52,7.681812192591723e-54,1.064765167814581e-55,1.4758560013802048e-57,2.045663215374144e-59,2.8354649686835045e-61,3.9301980542094647e-63,5.4475921642169335e-65,7.55083076687517e-67,1.0466100168896235e-68,1.4506914024071217e-70,2.0107829191929894e-72,2.787117881452495e-74,3.8631848375904566e-76,5.354706088574593e-78,7.422082685772202e-80,1.0287644267157828e-81,1.4259558812308488e-83,1.9764973617022273e-85,2.739595153143053e-87,3.7973142532611394e-89,5.263403799454474e-91,7.2955298688592995e-93,1.0112231190191918e-94,1.401642121710327e-96,1.942796402101785e-98,2.6928827277350417e-100,3.7325668183699894e-102,5.173658291950492e-104,7.171134885016505e-106,9.939809055250379e-108,1.377742932450921e-109,1.9096700725008523e-111,2.6469667888754154e-113,3.6689233822646626e-115,5.085443021613195e-117,7.048860941356332e-119,9.770326864230103e-121,1.3542512446773873e-122,1.8771085749696358e-124,2.60183375579169e-126,3.6063651208277056e-128,4.9987318965985135e-130,6.928671872341229e-132,9.60373448858889e-134,1.3311601101431019e-135,1.8451022786413585e-137,2.5574702792750855e-139,3.544873530908865e-141,4.913499269950518e-143,6.81053212908682e-145,9.439982654518851e-147,1.3084626990749592e-148,1.8136417168637146e-150,2.5138632377321825e-152,3.4844304248523246e-154
Fe65_m1,0.0,0.0,0.0,0.0,0.0,0.0,0.0,0.0,0.0,0.0,0.0,0.0,0.0,0.0,0.0,0.0,0.0,0.0,0.0,0.0,0.0,0.0,0.0,0.0,0.0,0.0,0.0,0.0,0.0,0.0,0.0,0.0,0.0,0.0,0.0,0.0,0.0,0.0,0.0,0.0,0.0,0.0,0.0,0.0,0.0,0.0,0.0,0.0,0.0,0.0,0.0,0.0,0.0,0.0,0.0,0.0,0.0,0.0,0.0,0.0,0.0,0.0,0.0,0.0,0.0,0.0,0.0,0.0,0.0,0.0,0.0,0.0,0.0,0.0,0.0,0.0,0.0,0.0,0.0,0.0,0.0,0.0,0.0,0.0,0.0,0.0
Fe66,13604695.854189338,5265.245625702035,1.9981276551899696,0.0007582768991717512,2.8776132211776046e-07,1.0920361492933415e-10,4.144208619097896e-14,1.5727011500231854e-17,5.968302116563462e-21,2.2649331790754242e-24,8.595279202505433e-28,3.2618544887571745e-31,1.2378532977409262e-34,4.69757554179528e-38,1.7827004226709043e-41,6.76523617069173e-45,2.5673646487761428e-48,9.742987640757402e-52,3.697402634768007e-55,1.4031410844042348e-58,5.324832313986341e-62,2.020740429257122e-65,7.668583049476905e-69,2.9101791172824513e-72,1.1043947023882807e-75,4.191108552116387e-79,1.5904993801253775e-82,6.035845282274524e-86,2.2905653863683857e-89,8.692551819770637e-93,3.298768836247739e-96,1.251862060833409e-99,4.750737918140003e-103,1.802875210694369e-106,6.841798224493172e-110,2.5964194674710302e-113,9.853248853391798e-117,3.739246072647543e-120,1.4190204063502423e-123,5.385093343730335e-127,2.0436091116741234e-130,7.755368263355834e-134,2.943113561036904e-137,1.116893117002185e-140,4.238539250817633e-144,1.608499032471571e-147,6.104152832754536e-151,2.3164876728816937e-154,8.790925269463402e-158,3.3361009427325793e-161,1.2660293608411665e-164,4.804501932123862e-168,1.8232783164242813e-171,6.919226729654813e-175,2.625803099016777e-178,9.964757890149495e-182,3.781563051946957e-185,1.4350794342917894e-188,5.446036346443895e-192,2.0667365985510633e-195,7.843135623910258e-199,2.97642072328794e-202,1.1295329759452932e-205,4.286506721867109e-209,1.6267023865535937e-212,6.17323341853188e-216,2.3427033214365556e-219,8.890412009684043e-223,3.373855535982549e-226,1.2803569919235534e-229,4.858874392468977e-233,1.8439123237279412e-236,6.99753149179084e-240,2.655519264582405e-243,1.0077528872633282e-246,3.824358931725832e-250,1.4513202019583423e-253,5.5076690400026604e-257,2.0901258187732798e-260,7.931896246076113e-264,3.0101048220839604e-267,1.142315879940491e-270,4.33501703990766e-274,1.645111747660267e-277,6.24309578803286e-281,2.3692156520058263e-284
Fe67,24852721.994969063,6040.681483164097,1.4552477960856347,0.0003505806677465845,8.445764695761039e-08,2.034651304495908e-11,4.901635411373333e-15,1.1808426167638375e-18,2.844742965440157e-22,6.853210092975273e-26,1.650992344441606e-29,3.977370727622648e-33,9.581799672305516e-37,2.3083310872323758e-40,5.560951585832222e-44,1.33967708146439e-47,3.2273877139542745e-51,7.775031461161759e-55,1.8730663799915442e-58,4.5123645883362075e-62,1.0870642063503658e-65,2.618823380944644e-69,6.308952001655635e-73,1.519876279126438e-76,3.6615017886409864e-80,8.820846494115106e-84,2.125011466992126e-87,5.119320167129865e-91,1.2332845907263838e-94,2.971079815419875e-98,7.1575655254042e-102,1.7243139677556843e-105,4.154008299112911e-109,1.0007333508733652e-112,2.4108455434816987e-116,5.807916993525926e-120,1.3991729953372394e-123,3.370718061334571e-127,8.120325568653929e-131,1.9562504529028212e-134,4.712761578495267e-138,1.1353414212778458e-141,2.735126998045087e-145,6.589136585024113e-149,1.587374954330643e-152,3.824111419033499e-156,9.212585914428084e-160,2.2193845819526118e-163,5.3466724417676736e-167,1.288055546209443e-170,3.103027365507348e-174,7.475437576759439e-178,1.800891851138741e-181,4.3384904578439905e-185,1.0451765574318916e-188,2.5179127321350483e-192,6.065850292533868e-196,1.4613111607022825e-199,3.520413800883676e-203,8.48095440774997e-207,2.0431287835617237e-210,4.92205832683622e-214,1.1857626581200724e-217,2.8565957329801523e-221,6.881764344491705e-225,1.6578712887633644e-228,3.9939426468531765e-232,9.62172273231844e-236,2.3179488671565e-239,5.584121575967984e-243,1.3452589147681931e-246,3.240834790473897e-250,7.807426528710862e-254,1.880870607177874e-257,4.531165586939945e-261,1.091593515147486e-264,2.629734842943046e-268,6.335238573906633e-272,1.526208921633997e-275,3.676757623728817e-279,8.857599003663715e-283,2.133865436311694e-286,5.140650077297822e-290,1.2384231342581249e-293,2.9834589719281222e-297,7.18738788944746e-301
Fe68,14143231.318221381,0.12654623825615793,1.1306257554776985e-09,1.0101561425808015e-17,9.025227202281375e-26,8.063577759839657e-34,7.20439328912902e-42,6.436756017031259e-50,5.7509114730460554e-58,5.138144537916877e-66,4.5906686994334205e-74,4.1015271081692257e-82,3.6645041758563913e-90,3.2740465930659153e-98,2.9251927625546786e-106,2.6135097515791563e-114,2.335036962020265e-122,2.086235802528126e-130,1.86394472316383e-138,1.6653390411573318e-146,1.4878950472819672e-154,1.3293579367404374e-162,1.187713157055692e-170,1.0611608088805021e-178,9.480927744333486e-187,8.470722829285599e-195,7.568156533358809e-203,6.761759824722323e-211,6.041285711480565e-219,5.3975790317630895e-227,4.822460117846103e-235,4.308620856009917e-243,3.8495318213507825e-251,3.4393593074967367e-259,3.0728911969127784e-267,2.745470729819355e-275,2.4529373301168535e-283,2.1915737363831605e-291,1.958058766130661e-299,1.7494251130917987e-307,1.56302164e-315,1.5e-323,0.0,0.0,0.0,0.0,0.0,0.0,0.0,0.0,0.0,0.0,0.0,0.0,0.0,0.0,0.0,0.0,0.0,0.0,0.0,0.0,0.0,0.0,0.0,0.0,0.0,0.0,0.0,0.0,0.0,0.0,0.0,0.0,0.0,0.0,0.0,0.0,0.0,0.0,0.0,0.0,0.0,0.0,0.0,0.0
Fe69,4387175.43124715,6.819938110039823e-08,1.0594123614838167e-21,1.6456960951192026e-35,2.556431976777503e-49,3.971173335874719e-63,6.168839150354165e-77,9.582703459243527e-91,1.4885816172160317e-104,2.3123696152530457e-118,3.5920457270899634e-132,5.579900557590266e-146,8.667843507053562e-160,1.3464668462696913e-173,2.0916078683563188e-187,3.2491134015592447e-201,5.047187886364112e-215,7.840325163177032e-229,1.217919761426381e-242,1.8919222282253178e-256,2.9389207984120642e-270,4.5653332523298365e-284,7.091809931077371e-298,1.1016450567517e-311,0.0,0.0,0.0,0.0,0.0,0.0,0.0,0.0,0.0,0.0,0.0,0.0,0.0,0.0,0.0,0.0,0.0,0.0,0.0,0.0,0.0,0.0,0.0,0.0,0.0,0.0,0.0,0.0,0.0,0.0,0.0,0.0,0.0,0.0,0.0,0.0,0.0,0.0,0.0,0.0,0.0,0.0,0.0,0.0,0.0,0.0,0.0,0.0,0.0,0.0,0.0,0.0,0.0,0.0,0.0,0.0,0.0,0.0,0.0,0.0,0.0,0.0
Fe70,1163603.8638244716,1.1312832131231703e-10,1.0998603116423996e-26,1.0693102231990867e-42,1.0396087042459306e-58,1.0107321846325218e-74,9.826577489008447e-91,9.553631181003207e-107,9.288266321079672e-123,9.03027232439631e-139,8.779444455386701e-155,8.535583665288086e-171,8.298496434182844e-187,8.067994617427383e-203,7.843895296346765e-219,7.62602063307644e-235,7.414197729435969e-251,7.2082584897226605e-267,7.008039487316383e-283,6.813381834989567e-299,6.62413106e-315,0.0,0.0,0.0,0.0,0.0,0.0,0.0,0.0,0.0,0.0,0.0,0.0,0.0,0.0,0.0,0.0,0.0,0.0,0.0,0.0,0.0,0.0,0.0,0.0,0.0,0.0,0.0,0.0,0.0,0.0,0.0,0.0,0.0,0.0,0.0,0.0,0.0,0.0,0.0,0.0,0.0,0.0,0.0,0.0,0.0,0.0,0.0,0.0,0.0,0.0,0.0,0.0,0.0,0.0,0.0,0.0,0.0,0.0,0.0,0.0,0.0,0.0,0.0,0.0,0.0
Fe71,172923.55108208244,2.7559563696973496e-42,4.392285182756857e-89,7.000172186609842e-136,1.1156472907214063e-182,1.7780546593909745e-229,2.8337615284644393e-276,4.4e-323,0.0,0.0,0.0,0.0,0.0,0.0,0.0,0.0,0.0,0.0,0.0,0.0,0.0,0.0,0.0,0.0,0.0,0.0,0.0,0.0,0.0,0.0,0.0,0.0,0.0,0.0,0.0,0.0,0.0,0.0,0.0,0.0,0.0,0.0,0.0,0.0,0.0,0.0,0.0,0.0,0.0,0.0,0.0,0.0,0.0,0.0,0.0,0.0,0.0,0.0,0.0,0.0,0.0,0.0,0.0,0.0,0.0,0.0,0.0,0.0,0.0,0.0,0.0,0.0,0.0,0.0,0.0,0.0,0.0,0.0,0.0,0.0,0.0,0.0,0.0,0.0,0.0,0.0
Fe72,2.2470405960764173,4.999346208521361e-47,1.1122835322289362e-93,2.4746728961457407e-140,5.505795748541095e-187,1.2249613624437545e-233,2.725365066217112e-280,0.0,0.0,0.0,0.0,0.0,0.0,0.0,0.0,0.0,0.0,0.0,0.0,0.0,0.0,0.0,0.0,0.0,0.0,0.0,0.0,0.0,0.0,0.0,0.0,0.0,0.0,0.0,0.0,0.0,0.0,0.0,0.0,0.0,0.0,0.0,0.0,0.0,0.0,0.0,0.0,0.0,0.0,0.0,0.0,0.0,0.0,0.0,0.0,0.0,0.0,0.0,0.0,0.0,0.0,0.0,0.0,0.0,0.0,0.0,0.0,0.0,0.0,0.0,0.0,0.0,0.0,0.0,0.0,0.0,0.0,0.0,0.0,0.0,0.0,0.0,0.0,0.0,0.0,0.0
Ga79,6199905331741.53,2074547723211.3728,621445457323.7089,184185481513.21545,54529461812.49788,16142010504.317625,4778360535.028947,1414489319.2762985,418716789.0668751,123948441.84898852,36691187.496991195,10861316.36401389,3215164.218032849,951752.1267636452,281737.4321717225,83399.84587859659,24688.002012931567,7308.136327706709,2163.3527312729057,640.3951472775215,189.5696151294267,56.11635118269477,16.611548574963088,4.917346553056964,1.4556317259491216,0.43089574808844555,0.12755365413572398,0.037758401552006764,0.011177232807815676,0.0033086817265830844,0.0009794351568099995,0.0002899321559665705,8.582564601541118e-05,2.540608677711478e-05,7.520703604262804e-06,2.2262768445756987e-06,6.590219279329993e-07,1.9508351019089078e-07,5.7748573052441096e-08,1.709471849429971e-08,5.060374394601595e-09,1.4979707926795237e-09,4.434289482838912e-10,1.3126372899730165e-10,3.885665700662822e-11,1.150233811932759e-11,3.404919321514667e-12,1.0079233861629546e-12,2.983652346635552e-13,8.832200391215633e-14,2.6145058032164242e-14,7.739453694745185e-15,2.2910311929472698e-15,6.78190494326642e-16,2.0075778453427675e-16,5.942827035806151e-17,1.7591942080571517e-17,5.207562399200844e-18,1.541541349861552e-18,4.563266939821307e-19,1.3508171652960396e-19,3.998685674368815e-20,1.1836899569527017e-20,3.5039561203115875e-21,1.0372402351606358e-21,3.070436011454446e-22,9.089097183909625e-23,2.690552329062257e-23,7.964566434868386e-24,2.357669011311926e-24,6.979166050477431e-25,2.065971030133393e-25,6.115682398842559e-26,1.810362810416455e-26,5.3590315709645716e-27,1.5863792171022581e-27,4.695995884944954e-28,1.3901075552226204e-28,4.1149929906926726e-29,1.2181192203316989e-29,3.60587354169888e-30,1.0674098053541457e-30,3.159743899475112e-31,9.353466175962004e-32,2.7688107735376406e-32,8.196226891117858e-33
Ga80,4241240782999.8477,552297923892.3672,69867398588.38155,8835188450.563902,1117261922.9544945,141284380.6262205,17866245.84891995,2259292.4944425914,285700.9031784101,36128.56957553764,4568.671379940882,577.7355268453173,73.05807558072937,9.238625910205833,1.1682789072976902,0.1477357800285992,0.018682063473304814,0.0023624574598856544,0.00029874672344114826,3.777829073423473e-05,4.77728838114443e-06,6.041163809440383e-07,7.639409066561197e-08,9.660484755447082e-09,1.2216254542347049e-09,1.544817665172211e-10,1.9535133377874272e-11,2.4703331965639825e-12,3.123882485981817e-13,3.950334230134362e-14,4.995431358189082e-15,6.317018510489437e-16,7.988243657166825e-17,1.0101606734301293e-17,1.2774079383887049e-18,1.615357916793172e-19,2.042715659523608e-20,2.5831348101147994e-21,3.2665268003002323e-22,4.130716405236882e-23,5.223535291039049e-24,6.60546942950097e-25,8.353006910649722e-26,1.0562871449793871e-26,1.335737590766484e-27,1.689119213338026e-28,2.1359911831413444e-29,2.7010872284385798e-30,3.4156846120048875e-31,4.3193352831597723e-32,5.462055021935431e-33,6.907091741399903e-34,8.734426169733068e-35,1.1045198669832009e-35,1.3967307214617746e-36,1.7662486358018599e-37,2.233525901261067e-38,2.824425650208225e-39,3.5716533437333614e-40,4.5165669724254356e-41,5.711466162357546e-42,7.222486885041704e-43,9.133261989434122e-44,1.1549550161233775e-44,1.4605089515790805e-45,1.846899981267115e-46,2.335514299393034e-47,2.9533960138583374e-48,3.7347439991873205e-49,4.722804755615395e-50,5.972266041398531e-51,7.552283762489449e-52,9.550309653621085e-53,1.2076931607504e-53,1.5271994557477826e-54,1.9312340695770173e-55,2.4421597437440154e-56,3.0882554879896624e-57,3.90528178327796e-58,4.9384598735808105e-59,6.244974697446039e-60,7.89713999305275e-61,9.986400760819432e-62,1.2628394614180257e-62,1.5969352157099996e-63,2.0194190640124263e-64
Ga81,2962085744447.856,171801935131.91125,9959953741.642044,577413045.1992898,33474635.868273664,1940640.6831815937,112505.66775511715,6522.343567627033,378.1228667231374,21.921093370268682,1.2708417735018558,0.07367510306159267,0.004271201123786775,0.0002476163355290597,1.4355177347977496e-05,8.322193939733109e-07,4.824664320868764e-08,2.7970251567834236e-09,1.621532443996146e-10,9.400585692106842e-12,5.44984540283758e-13,3.159464302290025e-14,1.831650980823701e-15,1.0618715688987885e-16,6.156037589260053e-18,3.5688683933485007e-19,2.068996724656591e-20,1.1994691243358743e-21,6.953738317173348e-23,4.031323158109458e-24,2.337097783069262e-25,1.3548966017868798e-26,7.854805283854189e-28,4.553702914738623e-29,2.6399394366048757e-30,1.5304644065348945e-31,8.872632709644949e-33,5.143772757087413e-34,2.9820233793508856e-35,1.7287823266964278e-36,1.0022350440956234e-37,5.810303981605558e-39,3.368434635921626e-40,1.9527983273159364e-41,1.1321048853081083e-42,6.563204471298854e-44,3.804917149558452e-45,2.20584237140778e-46,1.278803289596608e-47,7.413665974869388e-49,4.297959164952861e-50,2.4916759193386447e-51,1.4445109059290395e-52,8.374330470319646e-54,4.854889674994893e-55,2.814547842350954e-56,1.6316909522543873e-57,9.45947808598966e-59,5.48398736511275e-60,3.179257581373202e-61,1.8431258308544927e-62,1.0685239372444193e-63,6.194603674644349e-65,3.5912264899630086e-66,2.081958488321283e-67,1.2069835080598585e-68,6.997301804528928e-70,4.056578421884747e-71,2.3517391349691506e-72,1.3633847010347742e-73,7.904013737646393e-75,4.5822307612434824e-76,2.656478018159204e-77,1.5400523955821086e-78,8.928217605887407e-80,5.1759972483240105e-81,3.0007050340026844e-82,1.7396127295092003e-83,1.008513804048807e-84,5.846704129625168e-86,3.389537063562263e-87,1.965032136147932e-88,1.1391972483805753e-89,6.604321358641517e-91,3.8287540344933504e-92,2.2196614399249165e-93
Ga82,2266469869315.9043,6968045501.831989,21396351.737190325,65700.47046064855,201.74242187501923,0.6194781330884926,0.0019021936675893685,5.840949915338192e-06,1.7935448159032615e-08,5.5073285223799266e-11,1.6911017324172285e-13,5.192762802805723e-16,1.5945099581714584e-18,4.896164341136902e-21,1.503435280072599e-23,4.616506889640319e-26,1.417562574497212e-28,4.3528228174521935e-31,1.3365947169459309e-33,4.104199762519726e-36,1.2602515539756078e-38,3.8697774747758776e-41,1.188268933852282e-43,3.648744839624704e-46,1.1203977925709963e-48,3.4403370714381785e-51,1.056403292080015e-53,3.2438330673539826e-56,9.960640077276623e-59,3.0585529122181107e-61,9.391711621202965e-64,2.8838555260393267e-66,8.855279027405128e-69,2.7191364458155537e-71,8.34948620826127e-74,2.5638257340571146e-76,7.872583091531724e-79,2.417386006770245e-81,7.422919565008496e-84,2.2793105740775766e-86,6.9989397670321e-89,2.1491216870420258e-91,6.599176703120756e-94,2.02636888462799e-96,6.2222471700851255e-99,1.9106274350802674e-101,5.866846970065739e-104,1.8014968663277622e-106,5.5317463979333765e-109,1.6985995803270797e-111,5.2157859864386376e-114,1.60157954655159e-116,4.917872494388584e-119,1.5101010701053376e-121,4.636975123969331e-124,1.4238476301993867e-126,4.372121954126342e-129,1.3425207849716872e-131,4.1223965776616847e-134,1.2658391388610916e-136,3.886934930412437e-139,1.1935373689625087e-141,3.6649223015389974e-144,1.1253653069944077e-146,3.455590514578719e-149,1.0610870737021701e-151,3.258215269511173e-154,1.0004802627023135e-156,3.072113636638452e-159,9.433351709436086e-162,2.8966416936091163e-164,8.894540731224655e-167,2.731192297409849e-169,8.386505375420129e-172,2.5751929836156943e-174,7.90748781047706e-177,2.4281039856302556e-179,7.455830608075059e-182,2.2894163670622092e-184,7.029971008321434e-187,2.1586502607761335e-189,6.628435512512163e-192,2.035353208524632e-194,6.249834784741609e-197,1.9190985954167621e-199,5.892858844720419e-202
Ga83,69396702471.82527,904116.4253582091,11.77497259796458,0.00015335412098932264,1.9972434100163427e-09,2.6011568604220632e-14,3.387677725503369e-19,4.412021645634063e-24,5.746100006797754e-29,7.483568291373625e-34,9.746400916343108e-39,1.269345412823883e-43,1.6531618090481523e-48,2.1530341066230694e-53,2.804054532902152e-58,3.651926274322431e-63,4.756171949082381e-68,6.194312236885214e-73,8.067308015520477e-78,1.0506648055249938e-82,1.3683579844046086e-87,1.7821131569627888e-92,2.3209769230102216e-97,3.0227788039715857e-102,3.936786965502993e-107,5.127166960212658e-112,6.677486302471934e-117,8.69658110721071e-122,1.1326196644730916e-126,1.4750938196706853e-131,1.9211230787193788e-136,2.502019759266688e-141,3.258564193572601e-146,4.243867605084596e-151,5.527100642979919e-156,7.198349326691608e-161,9.374939299304135e-166,1.2209672367488645e-170,1.5901553552723388e-175,2.070976171837601e-180,2.697184454398532e-185,3.5127415177327175e-190,4.574901412574994e-195,5.958230296514858e-200,7.759841156079903e-205,1.0106211369978949e-209,1.3162061722702637e-214,1.7141920196410326e-219,2.2325182346870473e-224,2.9075725537760307e-229,3.7867453999347653e-234,4.931756803559259e-239,6.422989295734548e-244,8.365130953608039e-249,1.0894524753058734e-253,1.418874017074603e-258,1.847903898482766e-263,2.406661040328474e-268,3.1343715264578996e-273,4.082122368395154e-278,5.316447935380353e-283,6.924000825757208e-288,9.017635086020391e-293,1.1744328834006609e-297,1.5295502473270878e-302,1.992045686190327e-307,2.59438748273e-312,3.3788616e-317,4.4e-322,0.0,0.0,0.0,0.0,0.0,0.0,0.0,0.0,0.0,0.0,0.0,0.0,0.0,0.0,0.0,0.0,0.0
Ga84,3971496355357.8647,7.785873881418391e-06,1.5263725979647983e-23,2.992359423362981e-41,5.866336260575182e-59,1.1500590755726447e-76,2.254619951119754e-94,4.420043484684581e-112,8.665222889028241e-130,1.6987635523657556e-147,3.3303212667504103e-165,6.528889629356778e-183,1.2799485808741691e-200,2.509260322483349e-218,4.919250241825331e-236,9.643886975325619e-254,1.8906246159647537e-271,3.706453059474161e-289,7.26627283178327e-307,0.0,0.0,0.0,0.0,0.0,0.0,0.0,0.0,0.0,0.0,0.0,0.0,0.0,0.0,0.0,0.0,0.0,0.0,0.0,0.0,0.0,0.0,0.0,0.0,0.0,0.0,0.0,0.0,0.0,0.0,0.0,0.0,0.0,0.0,0.0,0.0,0.0,0.0,0.0,0.0,0.0,0.0,0.0,0.0,0.0,0.0,0.0,0.0,0.0,0.0,0.0,0.0,0.0,0.0,0.0,0.0,0.0,0.0,0.0,0.0,0.0,0.0,0.0,0.0,0.0,0.0,0.0
Ga85,209324179.38234693,9.194501379852856e-24,4.0386569709034485e-55,1.773967880886668e-86,7.792100356850934e-118,3.4226565557031743e-149,1.503391558348996e-180,6.603602029391116e-212,2.9006122537010677e-243,1.274085174859721e-274,5.596380663172294e-306,0.0,0.0,0.0,0.0,0.0,0.0,0.0,0.0,0.0,0.0,0.0,0.0,0.0,0.0,0.0,0.0,0.0,0.0,0.0,0.0,0.0,0.0,0.0,0.0,0.0,0.0,0.0,0.0,0.0,0.0,0.0,0.0,0.0,0.0,0.0,0.0,0.0,0.0,0.0,0.0,0.0,0.0,0.0,0.0,0.0,0.0,0.0,0.0,0.0,0.0,0.0,0.0,0.0,0.0,0.0,0.0,0.0,0.0,0.0,0.0,0.0,0.0,0.0,0.0,0.0,0.0,0.0,0.0,0.0,0.0,0.0,0.0,0.0,0.0,0.0
Ga86,11540508632.496414,1.7293326831368752e-37,2.591386241455902e-84,3.8831641348649823e-131,5.81887927668782e-178,8.719527390732776e-225,1.3066117082431657e-271,1.957943e-318,0.0,0.0,0.0,0.0,0.0,0.0,0.0,0.0,0.0,0.0,0.0,0.0,0.0,0.0,0.0,0.0,0.0,0.0,0.0,0.0,0.0,0.0,0.0,0.0,0.0,0.0,0.0,0.0,0.0,0.0,0.0,0.0,0.0,0.0,0.0,0.0,0.0,0.0,0.0,0.0,0.0,0.0,0.0,0.0,0.0,0.0,0.0,0.0,0.0,0.0,0.0,0.0,0.0,0.0,0.0,0.0,0.0,0.0,0.0,0.0,0.0,0.0,0.0,0.0,0.0,0.0,0.0,0.0,0.0,0.0,0.0,0.0,0.0,0.0,0.0,0.0,0.0,0.0
Gd169,43095.20061738315,1346.7250192932254,42.085156852913364,1.3151611516535444,0.041098785989173305,0.0012843370621616677,4.013553319255214e-05,1.2542354122672557e-06,3.919485663335179e-08,1.2248392697922444e-09,3.827622718100769e-11,1.1961320994064921e-12,3.737912810645294e-14,1.1680977533266558e-15,3.650305479145805e-17,1.1407204622330656e-18,3.564751444478334e-20,1.1139848263994811e-21,3.4812025824983844e-23,1.087875807030746e-24,3.3996118969710883e-26,1.0623787178034674e-27,3.3199334931358424e-29,1.0374792166049515e-30,3.242122551890479e-32,1.013163297465776e-33,3.166135304580553e-35,9.89417282681424e-37,3.0919290083794553e-38,9.662278151185814e-40,3.0194619222455715e-41,9.435818507017422e-43,2.948693283442947e-44,9.214666510759218e-46,2.879583284612259e-47,8.998697764413322e-49,2.8120930513791665e-50,8.787790785559904e-52,2.7461846204874737e-53,8.581826939023366e-55,2.681820918444805e-56,8.380690370140025e-58,2.6189657406687636e-59,8.184267939589896e-61,2.557583731121846e-62,7.992449159755784e-64,2.4976403624236857e-65,7.80512613257403e-67,2.439101916429389e-68,7.622193488841853e-70,2.3819354652630843e-71,7.443548328947151e-73,2.3261088527959894e-74,7.26909016498748e-76,2.2715906765585907e-77,7.098720864245605e-79,2.2183502700767558e-80,6.93234459398987e-82,2.1663576856218377e-83,6.769867767568254e-85,2.1155836773650812e-86,6.611198991765891e-88,2.065999684926846e-89,6.456249015396408e-91,2.0175778173113825e-92,6.304930679098075e-94,1.970290837218152e-95,6.157158866306733e-97,1.924112145720857e-98,6.01285045537769e-100,1.879015767305531e-101,5.871924272829794e-103,1.8349763352593136e-104,5.734301047685364e-106,1.7919690774016792e-107,5.599903366880259e-109,1.7499698021500832e-110,5.46865563171902e-112,1.7089548849121958e-113,5.340484015350619e-115,1.6689012547970722e-116,5.215316421240859e-118,1.6297863816377702e-119,5.093082442618034e-121,1.5915882633181384e-122,4.973713322869191e-124
Ge83,17355767127137.838,2765981047770.4365,424868624686.86975,65261954783.38838,10024564052.597843,1539823389.8782294,236524606.9131185,36331367.638096005,5580680.554473333,857220.563819902,131673.38425179906,20225.693190398713,3106.768063695087,477.2151792640464,73.30264849225864,11.259654993091816,1.729539561955205,0.2656659638508882,0.04080762643499996,0.006268256389038898,0.0009628356655663701,0.00014789639436378862,2.2717629028566074e-05,3.489541924937617e-06,5.3601116694817e-07,8.23340075211376e-08,1.264691710265476e-08,1.9426299899268103e-09,2.9839772389832955e-10,4.5835389183432943e-11,7.040546000654412e-12,1.0814632289682297e-12,1.6611818394506327e-13,2.5516587432688866e-14,3.9194759944244166e-15,6.020511994949964e-16,9.247808822633006e-17,1.4205098850680002e-17,2.181974532861706e-18,3.351622478733507e-19,5.148260472691645e-20,7.907986672978336e-21,1.2147064732198253e-21,1.8658501551652635e-22,2.866039556290575e-23,4.402380713951128e-24,6.76227789949033e-25,1.0387198509438832e-25,1.5955258638900383e-26,2.4508078670382366e-27,3.7645639829944308e-28,5.782559364470079e-29,8.882301630326696e-30,1.3643661444595352e-30,2.0957349272982426e-31,3.219154112943496e-32,4.944782409214616e-33,7.595434147177621e-34,1.1666968353674204e-34,1.7921049399949769e-35,2.7527632017129606e-36,4.228382543673043e-37,6.49500797035982e-38,9.97665847385533e-39,1.5324648523631486e-39,2.353942985903258e-40,3.6157746602400285e-41,5.554011491326414e-42,8.53124061767116e-43,1.3104414096057316e-43,2.0129038260302032e-44,3.0919213809536707e-45,4.749346542230188e-46,7.295234839133132e-47,1.120584713810138e-47,1.7212744051624798e-48,2.6439639425328056e-49,4.0612614168010854e-50,6.238301525321387e-51,9.582344480420141e-52,1.4718962424104351e-52,2.26090655877461e-53,3.472866035135011e-54,5.334496665147984e-55,8.194054818866262e-56,1.2586479772918325e-56
Ge84,6913125626318.795,279670241610.2332,7394706026.1026125,195521972.2257266,5169758.133466516,136692.56122114003,3614.2612112234788,95.56397207176164,2.526788249220364,0.06681031269403173,0.0017665183790733317,4.6708166116436064e-05,1.2350014626539148e-06,3.2654431538912375e-08,8.634094220731534e-10,2.2829239248472494e-11,6.03623439054664e-13,1.5960289005274628e-14,4.220028724047307e-16,1.1158095211119844e-17,2.9502900781445013e-19,7.800804152059491e-21,2.062595331543129e-22,5.453667876766692e-24,1.4419936308022736e-25,3.8127470873915784e-27,1.0081209820826372e-28,2.6655529234448904e-30,7.047936223891813e-32,1.8635309987336416e-33,4.927325777252255e-35,1.3028245482191036e-36,3.4447728446907104e-38,9.10825634022585e-40,2.4082962012176753e-41,6.367728768441397e-43,1.6836786790567724e-44,4.451781784989901e-46,1.1770868935793892e-47,3.112312377277762e-49,8.229204136578935e-51,2.1758677315263655e-52,5.753169208736976e-54,1.5211841907844465e-55,4.0221332944256246e-57,1.0634843785606694e-58,2.8119381946144203e-60,7.434990649352849e-62,1.9658713005085906e-63,5.197921762685366e-65,1.3743723021953787e-66,3.6339508582098712e-68,9.608458216736504e-70,2.540553598687088e-71,6.717427960043885e-73,1.7761419566860754e-74,4.696262124529027e-76,1.241729460827326e-77,3.2832325219520234e-79,8.681130740041652e-81,2.2953607586979585e-82,6.069118379094004e-84,1.6047236914667286e-85,4.243018450299236e-87,1.1218881895564633e-88,2.9663625661998113e-90,7.843301102608391e-92,2.0738318669179897e-93,5.483378179647184e-95,1.4498492737367078e-96,3.8335180388563145e-98,1.013612988635778e-99,2.680074230295443e-101,7.086331726629749e-103,1.8736830783341292e-104,4.954168691881625e-106,1.3099220306478801e-107,3.4635391588269775e-109,9.157875983500088e-111,2.421416033811251e-112,6.402418660573852e-114,1.6928509654223067e-115,4.476034047536615e-117,1.1834993867702357e-118,3.129267524799957e-120,8.274034909718736e-122
Ge85,771031448676.5839,1198265569.568357,1841571.7119311662,2830.2460291892876,4.349704404039595,0.006684905908318154,1.0273793998866905e-05,1.578942838968231e-08,2.4266210603444226e-11,3.7293875529749735e-14,5.73156301475047e-17,8.808635231768829e-20,1.3537678020231477e-22,2.0805575592288098e-25,3.197534873258956e-28,4.9141775580085e-31,7.552424611094663e-34,1.160705262131062e-36,1.7838466120663024e-39,2.7415303774345373e-42,4.2133604759269497e-45,6.475363777189177e-48,9.951756154381486e-51,1.5294499886655e-53,2.35055725998572e-56,3.612487805039274e-59,5.55190395218739e-62,8.532523611931989e-65,1.3113331897518316e-67,2.0153413137234203e-70,3.097306346352063e-73,4.760139901776124e-76,7.315689618874283e-79,1.124322303630941e-81,1.7279309378853921e-84,2.655595567622541e-87,4.081290324836018e-90,6.272389861876609e-93,9.639812767045242e-96,1.481508519559502e-98,2.2768777221802317e-101,3.499252345374332e-104,5.377876403868867e-107,8.265066865932371e-110,1.2702287142409902e-112,1.9521693080704503e-115,3.0002195389272533e-118,4.6109306424133225e-121,7.086375217977559e-124,1.089079789404151e-126,1.673767971923876e-129,2.572354432700376e-132,3.953359986825118e-135,6.075778277965764e-138,9.337647420427954e-141,1.4350698027350917e-143,2.205507710878796e-146,3.389566314805769e-149,5.209303846817224e-152,8.005993701887419e-155,1.2304126816066268e-157,1.8909774644233168e-160,2.906175972022409e-163,4.466398431107738e-166,6.864248805800748e-169,1.0549419715842728e-171,1.621302774557991e-174,2.491722537915399e-177,3.8294396971276422e-180,5.885329594604708e-183,9.044953616350286e-186,1.3900867335777997e-188,2.136374832675717e-191,3.28331845448459e-194,5.046015291266736e-197,7.755041331711069e-200,1.1918447048829596e-202,1.8317037134915328e-205,2.8150802535537963e-208,4.326396663160526e-211,6.6490850707993266e-214,1.0218742228418292e-216,1.570482128277327e-219,2.4136180951696708e-222,3.7094037585264034e-225,5.700850632213445e-228
Ge86,225815155425716.84,0.032365080531234894,4.6386617993938804e-18,6.648271203400923e-34,9.528504535455752e-50,1.3656542566397689e-65,1.957297225119199e-81,2.8052579258864724e-97,4.020580997998209e-113,5.7624189962340197e-129,8.258874203676357e-145,1.1836869751527631e-160,1.69649618167402e-176,2.4314699366047205e-192,3.484856680772991e-208,4.994602607542908e-224,7.15841639769847e-240,1.025966014702563e-255,1.4704457031349664e-271,2.107487514091715e-287,3.02051521697351e-303,4.3291e-319,0.0,0.0,0.0,0.0,0.0,0.0,0.0,0.0,0.0,0.0,0.0,0.0,0.0,0.0,0.0,0.0,0.0,0.0,0.0,0.0,0.0,0.0,0.0,0.0,0.0,0.0,0.0,0.0,0.0,0.0,0.0,0.0,0.0,0.0,0.0,0.0,0.0,0.0,0.0,0.0,0.0,0.0,0.0,0.0,0.0,0.0,0.0,0.0,0.0,0.0,0.0,0.0,0.0,0.0,0.0,0.0,0.0,0.0,0.0,0.0,0.0,0.0,0.0,0.0
Ge87,791050866405.7706,14.032438154665865,2.489211869006634e-10,4.415608791935589e-21,7.832841087649053e-32,1.389466377012733e-42,2.46477209386147e-53,4.3722551154777495e-64,7.755936073128789e-75,1.3758242092853595e-85,2.4405722752329004e-96,4.3293270974853726e-107,7.679786133452038e-118,1.3623159841588162e-128,2.4166100571610344e-139,4.2868205587251215e-150,7.604383855083721e-161,1.3489403865473527e-171,2.392883106817456e-182,4.244731360996552e-193,7.529721897277002e-204,1.3356961142771097e-214,2.369389114278115e-225,4.203055406729229e-236,7.45579299135847e-247,1.322581877959319e-257,2.3461257922984335e-268,4.161788638583824e-279,7.382589940020642e-290,1.309596400864803e-300,2.3230908760906e-311,4.1e-322,0.0,0.0,0.0,0.0,0.0,0.0,0.0,0.0,0.0,0.0,0.0,0.0,0.0,0.0,0.0,0.0,0.0,0.0,0.0,0.0,0.0,0.0,0.0,0.0,0.0,0.0,0.0,0.0,0.0,0.0,0.0,0.0,0.0,0.0,0.0,0.0,0.0,0.0,0.0,0.0,0.0,0.0,0.0,0.0,0.0,0.0,0.0,0.0,0.0,0.0,0.0,0.0,0.0,0.0
Ge88,18602533182.55829,2.9125231504289403e-13,4.560019336365424e-36,7.139437276220166e-59,1.1177927298376108e-81,1.7500827285639007e-104,2.7400335277387332e-127,4.2899593319758026e-150,6.716615283607229e-173,1.0515932058313693e-195,1.6464368195237623e-218,2.5777593328405452e-241,4.0358932084430504e-264,6.3188342613846e-287,9.89314244968613e-310,0.0,0.0,0.0,0.0,0.0,0.0,0.0,0.0,0.0,0.0,0.0,0.0,0.0,0.0,0.0,0.0,0.0,0.0,0.0,0.0,0.0,0.0,0.0,0.0,0.0,0.0,0.0,0.0,0.0,0.0,0.0,0.0,0.0,0.0,0.0,0.0,0.0,0.0,0.0,0.0,0.0,0.0,0.0,0.0,0.0,0.0,0.0,0.0,0.0,0.0,0.0,0.0,0.0,0.0,0.0,0.0,0.0,0.0,0.0,0.0,0.0,0.0,0.0,0.0,0.0,0.0,0.0,0.0,0.0,0.0,0.0
He8,0.0,0.0,0.0,0.0,0.0,0.0,0.0,0.0,0.0,0.0,0.0,0.0,0.0,0.0,0.0,0.0,0.0,0.0,0.0,0.0,0.0,0.0,0.0,0.0,0.0,0.0,0.0,0.0,0.0,0.0,0.0,0.0,0.0,0.0,0.0,0.0,0.0,0.0,0.0,0.0,0.0,0.0,0.0,0.0,0.0,0.0,0.0,0.0,0.0,0.0,0.0,0.0,0.0,0.0,0.0,0.0,0.0,0.0,0.0,0.0,0.0,0.0,0.0,0.0,0.0,0.0,0.0,0.0,0.0,0.0,0.0,0.0,0.0,0.0,0.0,0.0,0.0,0.0,0.0,0.0,0.0,0.0,0.0,0.0,0.0,0.0
Hg209,0.0,0.0,0.0,0.0,0.0,0.0,0.0,0.0,0.0,0.0,0.0,0.0,0.0,0.0,0.0,0.0,0.0,0.0,0.0,0.0,0.0,0.0,0.0,0.0,0.0,0.0,0.0,0.0,0.0,0.0,0.0,0.0,0.0,0.0,0.0,0.0,0.0,0.0,0.0,0.0,0.0,0.0,0.0,0.0,0.0,0.0,0.0,0.0,0.0,0.0,0.0,0.0,0.0,0.0,0.0,0.0,0.0,0.0,0.0,0.0,0.0,0.0,0.0,0.0,0.0,0.0,0.0,0.0,0.0,0.0,0.0,0.0,0.0,0.0,0.0,0.0,0.0,0.0,0.0,0.0,0.0,0.0,0.0,0.0,0.0,0.0
Hg210,0.0,0.0,0.0,0.0,0.0,0.0,0.0,0.0,0.0,0.0,0.0,0.0,0.0,0.0,0.0,0.0,0.0,0.0,0.0,0.0,0.0,0.0,0.0,0.0,0.0,0.0,0.0,0.0,0.0,0.0,0.0,0.0,0.0,0.0,0.0,0.0,0.0,0.0,0.0,0.0,0.0,0.0,0.0,0.0,0.0,0.0,0.0,0.0,0.0,0.0,0.0,0.0,0.0,0.0,0.0,0.0,0.0,0.0,0.0,0.0,0.0,0.0,0.0,0.0,0.0,0.0,0.0,0.0,0.0,0.0,0.0,0.0,0.0,0.0,0.0,0.0,0.0,0.0,0.0,0.0,0.0,0.0,0.0,0.0,0.0,0.0
Ho174,0.0,0.0,0.0,0.0,0.0,0.0,0.0,0.0,0.0,0.0,0.0,0.0,0.0,0.0,0.0,0.0,0.0,0.0,0.0,0.0,0.0,0.0,0.0,0.0,0.0,0.0,0.0,0.0,0.0,0.0,0.0,0.0,0.0,0.0,0.0,0.0,0.0,0.0,0.0,0.0,0.0,0.0,0.0,0.0,0.0,0.0,0.0,0.0,0.0,0.0,0.0,0.0,0.0,0.0,0.0,0.0,0.0,0.0,0.0,0.0,0.0,0.0,0.0,0.0,0.0,0.0,0.0,0.0,0.0,0.0,0.0,0.0,0.0,0.0,0.0,0.0,0.0,0.0,0.0,0.0,0.0,0.0,0.0,0.0,0.0,0.0
I137,950575270508592.0,921559228100720.6,823750451307525.1,720978354462658.6,627337240964297.6,544949312824718.06,473155995505132.44,410764971348435.0,356587002195353.56,309551393501906.1,268719156855153.75,233272796045326.62,202502060995705.22,175790243527148.97,152601948356189.38,132472394549795.55,114998107663803.9,99828834562189.42,86660523473453.14,75229229724233.62,65305825282349.73,56691406138649.27,49213305491183.82,42721632824639.82,37086269515673.07,32194260744543.69,27947551436782.715,24261020854283.465,21060776441305.84,18282672727365.883,15871025600006.008,13777496176421.33,11960121902344.645,10382475457605.205,9012934609524.533,7824048379142.728,6791986815756.483,5896063351088.89,5118320159192.128,4443168211066.532,3857074809276.5234,3348292339529.6045,2906622802334.37,2523213405026.9375,2190379117026.975,1901448631633.537,1650630646829.951,1432897784839.7473,1243885823725.5151,1079806221236.0424,937370177535.9691,813722714736.7401,706385451923.685,613206928665.9419,532319481297.2191,462101807598.63696,401146469532.83185,348231682656.4386,302296826759.95624,262421186872.008,227805498514.2023,197755927301.005,171670161772.8612,149025340708.31134,129367572931.00638,112302839547.38084,97489096260.08745,84629417456.52637,73466044653.06987,63775220002.42289,55362701307.31043,48059868643.74645,41720344555.31833,36217060073.90355,31439707758.346695,27292530699.985863,23692403178.01353,20567164493.464767,17854172585.320004,15499048437.507391,13454586109.787767,11679806545.25958,10139136189.068571,8801693954.614662,7640672245.257314,6632799624.762844
I138,516161016006845.7,310141668571873.9,179005882966616.3,102729384404689.31,58906039541155.29,33773171808717.62,19363153214062.016,11101436297701.465,6364760889381.943,3649093486377.2173,2092126223283.911,1199473826897.818,687691519346.7975,394272567824.3371,226047367700.34958,129599207792.19405,74302810208.46826,42599856117.39295,24423675714.700665,14002768783.374126,8028174624.125779,4602774550.700446,2638897950.8380666,1512953180.3545773,867417902.6961147,497314674.16684306,285124257.1463488,163469622.42659137,93721655.68703718,53733217.30564363,30806739.604098387,17662355.850317627,10126317.104382832,5805697.663863583,3328567.0413780045,1908359.5444367002,1094115.3071487965,627286.5660074834,359640.7374272733,206191.98150608892,118215.5657380297,67776.25337651522,38858.0005778362,22278.36644375979,12772.80364459967,7323.001592389902,4198.479348331497,2407.1043295531113,1380.0594864557272,791.2262724856778,453.63190530241195,260.0797176031861,149.11089523886122,85.48940026479899,49.01343758903466,28.10075935558261,16.11094253338038,9.236848941675293,5.2957409657786325,3.036194762273495,1.7407344305598245,0.9980111932830902,0.5721874195353355,0.328050872853926,0.18808063845167558,0.107831831851706,0.061822971552077936,0.03544481945540246,0.02032149530644569,0.011650875299548188,0.006679769042515619,0.0038296963373284304,0.0021956708297542174,0.0012588388133134988,0.0007217271079207833,0.00041378611208898005,0.00023723502232163212,0.00013601339960835315,7.798024377674145e-05,4.4708230490450645e-05,2.5632465054994288e-05,1.4695801144172748e-05,8.425509244066617e-06,4.8305774775675285e-06,2.769503669254795e-06,1.5878330509415886e-06
I139,279529696448658.38,61777459578399.19,13510687788173.832,2954771892630.5093,646205216977.1403,141324338264.46057,30907470353.329258,6759428244.08861,1478279188.3212552,323297959.48864317,70704892.17142785,15463078.656235248,3381757.530287872,739586.4851949919,161746.71429992202,35373.820520696725,7736.213892482561,1691.9010869980366,370.0168232120257,80.92225397339573,17.69760393943606,3.8704456415674353,0.8464620134789677,0.1851202695027914,0.04048559018016424,0.008854152042013402,0.0019363928754458398,0.0004234868963493378,9.261609751497495e-05,2.02550340821585e-05,4.429752674507435e-06,9.68781818767232e-07,2.1187147033627734e-07,4.6336047057094425e-08,1.0133640237024625e-08,2.216215473169538e-09,4.846837768693274e-10,1.059997849506689e-10,2.3182031142373688e-11,5.069883567557104e-12,1.1087777093700206e-12,2.424884107127934e-13,5.303193672916227e-14,1.1598023612670296e-14,2.5364744343965916e-15,5.547240436136889e-16,1.2131751078986367e-16,2.653200017862987e-17,5.802517945642121e-18,1.2690040058350983e-18,2.775297176004374e-19,6.069543027225656e-20,1.3274020842835148e-20,2.9030131023976153e-21,6.348856290399071e-22,1.3884875739227392e-22,3.0366063661785466e-23,6.641023222890702e-24,1.4523841462690404e-24,3.1763474355318726e-25,6.946635335511973e-26,1.5192211640570493e-26,3.322519225271451e-27,7.2663113597092365e-28,1.5891339431429696e-28,3.4754176696196176e-29,7.600698500225535e-30,1.6622640264602682e-30,3.6353523213450826e-31,7.950473745408327e-32,1.7387594705824655e-32,3.80264697847253e-33,8.316345237816177e-34,1.8187751454732463e-34,3.977640339832593e-35,8.699053707898978e-36,1.902473048030677e-36,4.160686690779503e-37,9.099373973654608e-38,1.9900226300603884e-38,4.352156620464654e-39,9.518116509297964e-40,2.081601141341693e-40,4.552437772118258e-41,9.956129086118281e-42,2.177393988481201e-42
I140,49536259601833.35,1044604451930.0522,18570363933.804977,330100398.46476257,5867750.717094825,104303.11092246095,1854.0560893986465,32.95706093744087,0.5858333368903008,0.010413571139231399,0.00018510804531449767,3.2904167054725756e-06,5.848931134926237e-08,1.039685805272381e-09,1.848109592588854e-11,3.285135806316151e-13,5.839543990907341e-15,1.0380171789604344e-16,1.845143500065596e-18,3.279863382650325e-20,5.830171912627934e-22,1.0363512306823279e-23,1.8421821679228358e-25,3.274599420872524e-27,5.82081487590853e-29,1.0346879561399946e-30,1.8392255885204757e-32,3.2693439074019697e-34,5.811472856608411e-36,1.0330273510422674e-37,1.8362737542306854e-39,3.2640968286796986e-41,5.802145830625641e-43,1.0313694111048694e-44,1.83332665743788e-46,3.2588581711685044e-48,5.792833773896937e-50,1.0297141320503911e-51,1.8303842905386898e-53,3.2536279213529028e-55,5.783536662397639e-57,1.0280615096082954e-58,1.8274466459419508e-60,3.248406065739105e-62,5.774254472141667e-64,1.0264115395148974e-65,1.824513716068684e-67,3.2431925908549727e-69,5.764987179181404e-71,1.0247642175133522e-72,1.821585493352072e-74,3.237987483249995e-76,5.75573475960769e-78,1.0231195393536492e-79,1.8186619702374412e-81,3.232790729495254e-83,5.746497189549737e-85,1.0214775007926025e-86,1.8157431391822482e-88,3.227602316183375e-90,5.737274445175074e-92,1.0198380975938306e-93,1.8128289926560512e-95,3.222422229928502e-97,5.72806650268945e-99,1.0182013255277506e-100,1.809919523140489e-102,3.217250457366264e-104,5.71887333833682e-106,1.0165671803715717e-107,1.807014723129271e-109,3.2120869851537345e-111,5.709694928399272e-113,1.0149356579092788e-114,1.8041145851281583e-116,3.206931799969416e-118,5.700531249196961e-120,1.0133067539316234e-121,1.8012191016549352e-123,3.2017848885131766e-125,5.6913822770880386e-127,1.0116804642361133e-128,1.798328265239396e-130,3.1966462375062394e-132,5.682247988468596e-134,1.0100567846269977e-135
I141,14716425297290.088,4657093926.544625,1471520.7443763926,464.962151364578,0.14691590519786318,4.642159181507784e-05,1.4668011497757457e-08,4.634708825914575e-12,1.4644470318484917e-15,4.627270427644734e-19,1.462096692123355e-22,4.619843967507548e-26,1.4597501245365785e-29,4.612429426343123e-33,1.4574073230341329e-36,4.605026785022307e-40,1.4550682815717022e-43,4.597636024446641e-47,1.4527329941146729e-50,4.590257125548311e-54,1.450401454638116e-57,4.582890069290133e-61,1.4480736571267757e-64,4.575534836665453e-68,1.4457495955750471e-71,4.568191408698132e-75,1.4434292639869636e-78,4.560859766442472e-82,1.4411126563761805e-85,4.5535398909832e-89,1.4387997667659644e-92,4.546231763435388e-96,1.4364905891891732e-99,4.538935364944435e-103,1.4341851176882404e-106,4.5316506766859714e-110,1.4318833463151622e-113,4.52437767986587e-117,1.429585269131482e-120,4.517116355720146e-124,1.4272908802082686e-127,4.509866685514938e-131,1.4250001736261127e-134,4.5026286505464486e-138,1.4227131434751025e-141,4.495402232140899e-145,1.4204297838548105e-148,4.48818741165448e-152,1.41815008887428e-155,4.4809841704733103e-159,1.4158740526520103e-162,4.473792490013367e-166,1.4136016693159364e-169,4.4666123517204776e-173,1.4113329330034213e-176,4.459443737070229e-180,1.4090678378612372e-183,4.4522866275679483e-187,1.4068063780455457e-190,4.4451410047486295e-194,1.4045485477218908e-197,4.4380068501769216e-201,1.4022943410651833e-204,4.430884145447058e-208,1.400043752259679e-211,4.423772872182805e-215,1.3977967754989645e-218,4.416673012037414e-222,1.3955534049859514e-225,4.4095845466935934e-229,1.3933136349328518e-232,4.402507457863453e-236,1.391077459561169e-239,4.395441727288442e-243,1.3888448731016784e-246,4.388387336739317e-250,1.3866158697944165e-253,4.381344268016105e-257,1.3843904438886637e-260,4.374312502948025e-264,1.382168589642929e-267,4.367292023393465e-271,1.3799503013249348e-274,4.36028281123993e-278,1.377735573211607e-281,4.353284848403993e-285
I142,2114652408974.2004,351871.2315247773,0.05842867745705258,9.698545098629774e-09,1.6097487136933142e-15,2.671802613971175e-22,4.434551654249454e-29,7.360289514033768e-36,1.2216310055541343e-42,2.0276135772422823e-49,3.3653507407017035e-56,5.585672600786582e-63,9.270872727642857e-70,1.5387418360133348e-76,2.5539412603867934e-83,4.238928070222967e-90,7.035600803834283e-97,1.1677404723762912e-103,1.9381682515051933e-110,3.216893016903335e-117,5.339268494448205e-124,8.861901190375781e-131,1.4708623997771042e-137,2.4412777265307364e-144,4.051933708386481e-151,6.725235149910709e-158,1.1162272405390634e-164,1.852668679604452e-171,3.074984296862074e-178,5.103734159292373e-185,8.470970858390753e-192,1.405977369590395e-198,2.3335841863300406e-205,3.873188340347269e-212,6.428560841164504e-219,1.0669864426176694e-225,1.7709408013064414e-232,2.9393356808149224e-239,4.878590090723602e-246,8.097285869270944e-253,1.3439546514343453e-259,2.230641395491003e-266,3.702328073322739e-273,6.14497390312101e-280,1.0199178333796094e-286,1.6928182336420096e-293,2.809671013061187e-300,4.663377936715745e-307,7.740085469e-314,1.2846e-320,0.0,0.0,0.0,0.0,0.0,0.0,0.0,0.0,0.0,0.0,0.0,0.0,0.0,0.0,0.0,0.0,0.0,0.0,0.0,0.0,0.0,0.0,0.0,0.0,0.0,0.0,0.0,0.0,0.0,0.0,0.0,0.0,0.0,0.0,0.0,0.0
I143,6718864940.003626,55249.6801536552,0.4543218511368911,3.7359192640827633e-06,3.072071641022455e-11,2.5261852573496403e-16,2.077299197464917e-21,1.7081771589133847e-26,1.4046456137826923e-31,1.1550495743509697e-36,9.498050655037027e-42,7.810311197797773e-47,6.422471644125741e-52,5.281241806501862e-57,4.342800803839092e-62,3.571114429679498e-67,2.936551512699242e-72,2.4147461406074656e-77,1.9856620591745955e-82,1.6328233212347569e-87,1.3426816441647474e-92,1.1040961836664966e-97,9.079057482350947e-103,7.465770282268385e-108,6.139153322462377e-113,5.048267237235359e-118,4.151224242160162e-123,3.413579729217254e-128,2.807009664613867e-133,2.3082230040785958e-138,1.8980673646132686e-143,1.5607936123347331e-148,1.2834511280906266e-153,1.0553905302912203e-158,8.678547605357143e-164,7.136428305611905e-169,5.868333190878767e-174,4.825570014076752e-179,3.968098811592814e-184,3.262994450941952e-189,2.683182373325061e-194,2.206398986196248e-199,1.814336787050018e-204,1.4919413929381636e-209,1.2268334830940653e-214,1.0088334584487914e-219,8.295705659410313e-225,6.8216147879739995e-230,5.6094599092626644e-235,4.6126967663283146e-240,3.79305170235051e-245,3.1190520308483834e-250,2.5648175491809944e-255,2.109066791937262e-260,1.734299866387351e-265,1.4261264925556986e-270,1.1727134460350395e-275,9.643301864807503e-281,7.92975224853193e-286,6.52068882677795e-291,5.362006459096958e-296,4.409214123104263e-301,3.625726550627148e-306,2.981459428572e-311,2.45167424e-316,2.016e-321,0.0,0.0,0.0,0.0,0.0,0.0,0.0,0.0,0.0,0.0,0.0,0.0,0.0,0.0,0.0,0.0,0.0,0.0,0.0,0.0
I144,563520387.3729336,9.826629682765791,1.7135609125408477e-07,2.9880957111242043e-15,5.2106207100624543e-23,9.086244487770095e-31,1.5844530524376407e-38,2.762958314359722e-46,4.8180276690084915e-54,8.401643448142568e-62,1.4650727949066188e-69,2.5547838439276133e-77,4.45501446200123e-85,7.768623519290767e-93,1.3546872159280763e-100,2.3622942319729047e-108,4.119352403122355e-116,7.183298334068221e-124,1.2526186134771112e-131,2.1843077063746207e-139,3.808980726290905e-147,6.642074342783711e-155,1.158240346834884e-162,2.0197315353654376e-170,3.521993933381051e-178,6.141628750936226e-186,1.070972989386052e-193,1.8675553188063537e-201,3.256630095593077e-209,5.678889119226287e-217,9.902807712827925e-225,1.726844784928731e-232,3.011260036254903e-240,5.251014500599781e-248,9.156682901355088e-256,1.5967360544594142e-263,2.7843773286430075e-271,4.855377998517054e-279,8.466774695358125e-287,1.4764303369140625e-294,2.574589047415264e-302,4.48955063936513e-310,7.828846e-318,0.0,0.0,0.0,0.0,0.0,0.0,0.0,0.0,0.0,0.0,0.0,0.0,0.0,0.0,0.0,0.0,0.0,0.0,0.0,0.0,0.0,0.0,0.0,0.0,0.0,0.0,0.0,0.0,0.0,0.0,0.0,0.0,0.0,0.0,0.0,0.0,0.0,0.0,0.0,0.0,0.0,0.0,0.0
I145,298290.76039704034,4.198219763591499e-07,5.908680899116831e-19,8.316027252875648e-31,1.1704187525325198e-42,1.6472770165659102e-54,2.318419423334464e-66,3.263002256718151e-78,4.59243207686487e-90,6.46350530012493e-102,9.096901176873372e-114,1.2803209277201444e-125,1.8019561233945098e-137,2.536118718625457e-149,3.5693977624971696e-161,5.023660877289302e-173,7.07042764333194e-185,9.951099065143666e-197,1.4005429034790004e-208,1.9711595791023056e-220,2.774259950648511e-232,3.904563768133573e-244,5.495382008401063e-256,7.734339919025998e-268,1.0885506028805503e-279,1.532053707798291e-291,2.1562512182413023e-303,3.03476261e-315,0.0,0.0,0.0,0.0,0.0,0.0,0.0,0.0,0.0,0.0,0.0,0.0,0.0,0.0,0.0,0.0,0.0,0.0,0.0,0.0,0.0,0.0,0.0,0.0,0.0,0.0,0.0,0.0,0.0,0.0,0.0,0.0,0.0,0.0,0.0,0.0,0.0,0.0,0.0,0.0,0.0,0.0,0.0,0.0,0.0,0.0,0.0,0.0,0.0,0.0,0.0,0.0,0.0,0.0,0.0,0.0,0.0,0.0
In127,14918171058300.95,806600643079.952,33573144900.448395,1396757160.0143385,58109798.22362994,2417563.1523801237,100578.76252176611,4184.414980204475,174.0857442222998,7.242552778537056,0.3013145676242889,0.01253569997193051,0.0005215273029288188,2.1697290802208078e-05,9.026803112929967e-07,3.755453857460846e-08,1.5623951801181798e-09,6.500089713542619e-11,2.7042560564547268e-12,1.1250615208642095e-13,4.6806345231549605e-15,1.94730147045837e-16,8.101429406826154e-18,3.3704672558141914e-19,1.4022277985837678e-20,5.833739508162349e-22,2.4270319475527963e-23,1.0097269626455169e-24,4.200803949537475e-26,1.7476758049735125e-27,7.270919462038005e-29,3.0249471711513594e-30,1.25847981620908e-31,5.235699528606389e-33,2.17822719131277e-34,9.062158114786298e-36,3.770162727970244e-37,1.5685145652207849e-38,6.52554841481411e-40,2.714847732898739e-41,1.1294680146872188e-42,4.698967020295392e-44,1.95492840617876e-45,8.133160025976047e-47,3.383668261152991e-48,1.4077198610339776e-49,5.856588336098469e-51,2.4365378288640043e-52,1.0136817291550015e-53,4.217257109042112e-55,1.754520872995501e-56,7.299397248454927e-58,3.036794888611617e-59,1.2634088653620963e-60,5.256206031765622e-62,2.186758586694826e-63,9.097651590489978e-65,3.7849292082599433e-66,1.5746579179306313e-67,6.551106829397107e-69,2.7254808934358056e-70,1.133891767288926e-71,4.717371319762974e-73,1.9625852140834756e-74,8.165014923465077e-76,3.3969209704629844e-77,1.4132334340761017e-78,5.8795266553355205e-80,2.446080941567887e-81,1.0176519851767211e-82,4.233774710130046e-84,1.761392750884675e-85,7.327986572941166e-87,3.0486890096621004e-88,1.2683572199701812e-89,5.276792852114455e-91,2.1953233967305214e-92,9.13328408239722e-94,3.799753523968387e-95,1.5808253321209053e-96,6.576765347835651e-98,2.736155700545397e-99,1.1383328462662591e-100,4.735847702783699e-102,1.9702720111719966e-103,8.196994586050438e-105
In127_m1,2266634347657.8447,881574167525.6365,342875335693.9046,133356330253.16502,51866987698.60623,20172903737.08016,7845954878.857143,3051569013.7314997,1186862987.2776754,461612942.13928896,179537579.85093975,69828507.0374094,27158773.105451383,10563006.254712472,4108326.2746761832,1597873.216411734,621469.3393423875,241711.37971133195,94010.09411627272,36563.846544193606,14220.971552840145,5531.038198135199,2151.2161412854325,836.6839498753117,325.4159442856601,126.56575617484846,49.2258935599336,19.145688928894153,7.446434753199325,2.8961815236625896,1.1264273032676146,0.4381073697142239,0.17039543239153476,0.06627280294060625,0.025775834175603345,0.010025132452050218,0.003899128152223923,0.0015165086765867094,0.0005898237955710816,0.0002294033098477862,8.922305095908483e-05,3.470199635624074e-05,1.3496832244178355e-05,5.249394840499787e-06,2.0416750903421568e-06,7.940795655841317e-07,3.0884559421872076e-07,1.2012096167988948e-07,4.67192853160243e-08,1.8170780435947063e-08,7.067258401278425e-09,2.748706445851526e-09,1.0690690358936082e-09,4.15798713329835e-10,1.6171880786186383e-10,6.289815715595157e-11,2.44633152193037e-11,9.514647464713337e-12,3.700582507572034e-12,1.4392872616810824e-12,5.597896594383947e-13,2.1772197333848777e-13,8.467976654295793e-14,3.293495255355683e-14,1.2809566487819335e-14,4.9820929099271975e-15,1.9377119269999877e-15,7.536446188220277e-16,2.9311901504304597e-16,1.1400433949107118e-16,4.434031487478472e-17,1.7245514793312187e-17,6.70738990749654e-18,2.608740876128165e-18,1.0146314814911403e-18,3.946260253953753e-19,1.534840015908883e-19,5.969535009950172e-20,2.3217630414671386e-20,9.030156639901728e-21,3.512146910979906e-21,1.3659980016071957e-21,5.3128487722463825e-22,2.066354565932712e-22,8.036782854531728e-23,3.1257887545422554e-23
In128,4764618351141.492,107731722997.2415,1739925927.0464795,28098656.54228331,453774.76814789866,7328.163177366742,118.3450013611393,1.9111937068247322,0.030864517664418088,0.0004984416007940195,8.049503060549086e-06,1.29994164649522e-07,2.0993200096720415e-09,3.3902633359670785e-11,5.475051652081479e-13,8.841847261522354e-15,1.4279000083290335e-16,2.3059643233816795e-18,3.723980271511988e-20,6.013982489665377e-22,9.712185014158813e-24,1.5684538142793881e-25,2.5329494484930063e-27,4.0905462757082936e-29,6.605962406263628e-31,1.066819353007128e-32,1.7228428833797491e-34,2.782277610961579e-36,4.4931948113992887e-38,7.256213231075835e-40,1.1718305718964084e-41,1.8924290749204862e-43,3.056148123707594e-45,4.935477623875488e-47,7.970470798458668e-49,1.2871784574964385e-50,2.0787083013506647e-52,3.3569767866598446e-54,5.4212960706659515e-56,8.755035543472225e-58,1.413880488509202e-59,2.283323723656977e-61,3.6874171964222794e-63,5.954935535244063e-65,9.616828077744734e-67,1.5530542980614986e-68,2.5080802456155957e-70,4.0503841535346574e-72,6.541103228209507e-74,1.0563450235888026e-75,1.7059275322983602e-77,2.7549604347702266e-79,4.4490793738018695e-81,7.184969709388999e-83,1.1603252130951175e-84,1.8738486793964807e-86,3.0261420105744925e-88,4.887019730490322e-90,7.892214497120606e-92,1.2745405810406103e-93,2.0582989645200388e-95,3.3240170539609284e-97,5.368068276514708e-99,8.66907616703891e-101,1.399998616238095e-102,2.2609054156436775e-104,3.651213107783226e-106,5.8964683202603636e-108,9.52240738228044e-110,1.5378059785811772e-111,2.4834552154958047e-113,4.01061635425795e-115,6.476880855622783e-117,1.0459735340528367e-118,1.6891782608432452e-120,2.727911466220021e-122,4.40539707385284e-124,7.1144256764328e-126,1.1489328171097128e-127,1.8554507113686498e-129,2.996430505814052e-131,4.839037610193437e-133,7.814726537936186e-135,1.2620267867743006e-136,2.038090012240516e-138,3.291380929093866e-140
In128_m1,4759866134096.613,38646365582.31589,313778062.3751665,2547630.8300764617,20684.756599063516,167.94393854531123,1.3635725592917163,0.011071135645373197,8.988890517268833e-05,7.298271407704525e-07,5.925621792610424e-09,4.8111383733951076e-11,3.906265579895863e-13,3.171580111904223e-15,2.57507335343404e-17,2.0907568283321002e-19,1.6975299400259463e-21,1.3782606653415997e-23,1.1190391502601917e-25,9.085716884365151e-28,7.376886794679525e-30,5.98945129747123e-32,4.862962906066697e-34,3.9483430202972195e-36,3.2057436807674394e-38,2.6028114816647204e-40,2.1132780046419327e-42,1.715815362104918e-44,1.3931069884646128e-46,1.1310931957900676e-48,9.183586243958366e-51,7.456349009447549e-53,6.0539683598295e-55,4.9153456812950614e-57,3.9908737097044325e-59,3.240275252139267e-61,2.630848398959682e-63,2.136041774148403e-65,1.7342977507602792e-67,1.4081132329405432e-69,1.143277084867958e-71,9.282509830936071e-74,7.536667173852811e-76,6.119180385904589e-78,4.96829271234722e-80,4.033862530416891e-82,3.2751787900624313e-84,2.6591873238095257e-86,2.1590507500124806e-88,1.7529792276730009e-90,1.4232811214072996e-92,1.1555922161402224e-94,9.382499001205559e-97,7.617850507998006e-99,6.185094861693982e-101,5.021810077263771e-103,4.07731441732505e-105,3.310458301279461e-107,2.6878315093737394e-109,2.182307573543558e-111,1.7718619373783655e-113,1.4386123950586913e-115,1.168040003319151e-117,9.483565232997612e-120,7.699908331302816e-122,6.251719353832742e-124,5.075903919556654e-126,4.1212343584769166e-128,3.3461178356926246e-130,2.7167842438541123e-132,2.2058149145026052e-134,1.7909480475120904e-136,1.4541088138442644e-138,1.180621875345214e-140,9.58572012818384e-143,7.782850063573601e-145,6.319061510462017e-147,5.130580448914356e-149,4.165627395650657e-151,3.382161486828867e-153,2.74604885087225e-155,2.229575471408696e-157,1.8102397490592066e-159,1.4697721566713673e-161,1.1933392765511249e-163,9.688975413608774e-166
In129,9973850836502.666,39150204822.57441,133436672.44961202,454795.5666714703,1550.0911677122203,5.283214710742039,0.018006913568185113,6.137341637711853e-05,2.0918055854137135e-07,7.129553584374619e-10,2.429983678546101e-12,8.282174484166377e-15,2.822834358591976e-17,9.621137336916919e-20,3.2791964351032136e-22,1.1176567679512462e-24,3.809337670580592e-27,1.2983461385112255e-29,4.4251857964854253e-32,1.508247204083092e-34,5.140596877155228e-37,1.7520825619221396e-39,5.971667059585604e-42,2.0353383022896907e-44,6.937094723185973e-47,2.3643874408651118e-49,8.058601177573689e-52,2.746633306233034e-54,9.361419373752891e-57,3.190676108543501e-59,1.0874861624267857e-61,3.7065064369996185e-64,1.2632979105556692e-66,4.305730039703376e-69,1.4675327980752696e-71,5.001828943216787e-74,1.7047859380051824e-76,5.810464786808778e-79,1.9803953262454762e-81,6.749831196152807e-84,2.300561941990277e-86,7.841063124587005e-89,2.6724892645389147e-91,9.108712371770296e-94,3.104545345515385e-96,1.0581299978504038e-98,3.606451082984659e-101,1.2291957926137588e-103,4.189498933474912e-106,1.4279174578254227e-108,4.86680698274207e-111,1.6587660636447545e-113,5.653614091654914e-116,1.926935509346446e-118,6.567622757734707e-121,2.2384593816813507e-123,7.629397406445344e-126,2.600346705498582e-128,8.862827073452659e-131,3.020739640903556e-133,1.0295662887814209e-135,3.5090966750053324e-138,1.1960142449018863e-140,4.07640542991326e-143,1.3893715145833794e-145,4.7354298749837283e-148,1.6139884736022257e-150,5.500997505384432e-153,1.8749188144266587e-155,6.39033294825208e-158,2.1780332500425448e-160,7.423445502301181e-163,2.5301516000528995e-165,8.623579330198905e-168,2.9391962308771905e-170,1.0017736432655312e-172,3.414370302325782e-175,1.1637284170705814e-177,3.966364830947342e-180,1.351866100492564e-182,4.607599228900167e-185,1.5704196330114432e-187,5.352500730269636e-190,1.82430628510413e-192,6.217828991688481e-195,2.1192382926902565e-197
In129_m1,9179278325971.139,548415055660.37415,32765002061.657387,1957541735.9899135,116953133.13063066,6987353.116205271,417458.7055826089,24941.028164517844,1490.0992064236086,89.02582645502544,5.31883900201689,0.317773498498975,0.018985345544391675,0.001134277550338628,6.7767297581911e-05,4.048750343497723e-06,2.4189217998783727e-07,1.445182384071618e-08,8.634227544420587e-10,5.158510518153169e-11,3.0819468943799532e-12,1.8413060565356412e-13,1.1000864421179263e-14,6.57245532776127e-16,3.926706791536559e-17,2.346007003131874e-18,1.4016195124643175e-19,8.373961608375817e-21,5.003014897763652e-22,2.989046193167326e-23,1.785802626508619e-24,1.0669259739561862e-25,6.374338445945073e-27,3.808342060770003e-28,2.2752901143892092e-29,1.3593697787720623e-30,8.121541001530094e-32,4.8522064613733366e-33,2.8989458452967857e-34,1.7319722647549743e-35,1.0347650787430873e-36,6.182193502605932e-38,3.6935452586095796e-39,2.206704880985491e-40,1.3183936004071911e-41,7.876729238113566e-43,4.705943920798081e-44,2.81156143828555e-45,1.6797645391222023e-46,1.0035736258400957e-47,5.995840482548519e-49,3.582208835158825e-50,2.1401870473438008e-51,1.2786525879402269e-52,7.639296960867925e-54,4.564090246775769e-55,2.726811104139488e-56,1.6291305376599668e-57,9.733223928519285e-59,5.815104796867641e-60,3.474228482452821e-61,2.0756742947759412e-62,1.2401095091339063e-63,7.409021726167984e-65,4.4265125405874044e-66,2.6446154426532822e-67,1.5800228227958693e-68,9.439830382489087e-70,5.6398171193807254e-71,3.36950303673496e-72,2.0131061830977913e-73,1.2027282540613222e-74,7.18568779562049e-76,4.29308190954801e-77,2.564897447022591e-78,1.532395386892498e-79,9.15528074814574e-81,5.46981322799089e-82,3.2679343836794654e-83,1.9524240940045976e-84,1.1664738012755558e-85,6.969085933944849e-87,4.163673346250721e-88,2.4875824316985496e-89,1.4862036091441844e-90,8.879308438936866e-92
In130,1341087375144.4883,483650148.3113394,3121.6972302217046,0.020147373727586848,1.3003076077781088e-07,8.39216017782862e-13,5.416283964582545e-18,3.495659206135934e-23,2.256091697803871e-28,1.4560772228497448e-33,9.397494263932783e-39,6.06512464138468e-44,3.914419725342516e-49,2.5263589278278008e-54,1.6305071709336848e-59,1.0523261778768816e-64,6.7916928204053e-70,4.383345424306417e-75,2.829002667944781e-80,1.8258328560781993e-85,1.1783889976874848e-90,7.605299823848956e-96,4.908445812388397e-101,3.1679014438854926e-106,2.044557471296312e-111,1.3195534417593664e-116,8.516372418501896e-122,5.496450304727113e-127,3.547398407178762e-132,2.289484078193481e-137,1.4776286006369938e-142,9.536586439785341e-148,6.154894462944974e-153,3.972356994736511e-158,2.5637515295561878e-163,1.654640283844296e-168,1.0679016423226784e-173,6.892216567010584e-179,4.4482232561471877e-184,2.8708746952667086e-189,1.852856981612347e-194,1.1958303160948934e-199,7.717865755872989e-205,4.98109564743216e-210,3.214789507058628e-215,2.074818936677528e-220,1.339084133049325e-225,8.642423122741893e-231,5.577803185705623e-236,3.599903399383349e-241,2.3233706987193313e-246,1.4994989600532672e-251,9.677737316908694e-257,6.245992966327903e-262,4.031151792811746e-267,2.6016975786386514e-272,1.679130590607934e-277,1.0837076389910977e-282,6.994228164126638e-288,4.5140613438329876e-293,2.9133664698557473e-298,1.880281090835297e-303,1.2135297832022577e-308,7.8320977746e-314,5.05484e-319,5e-324,0.0,0.0,0.0,0.0,0.0,0.0,0.0,0.0,0.0,0.0,0.0,0.0,0.0,0.0,0.0,0.0,0.0,0.0,0.0,0.0
In130_m1,1136411284585.4277,1854474060.309835,3026258.2631926667,4938.456283401338,8.058912472769826,0.013151087408033876,2.1460848544779446e-05,3.5021288048059464e-08,5.715014548404275e-11,9.326153636511451e-14,1.5219058659457171e-16,2.4835506201958573e-19,4.052828641436632e-22,6.61368440138891e-25,1.0792664884462007e-27,1.7612212533733465e-30,2.874081921879859e-33,4.6901244678118744e-36,7.653667543748998e-39,1.2489780873036405e-41,2.0381683077398886e-44,3.3260231647806017e-47,5.427633258081733e-50,8.857185090043756e-53,1.4453763544631902e-55,2.3586645020997107e-58,3.849030888243267e-61,6.281113217018462e-64,1.0249952362167306e-66,1.672657692939503e-69,2.729557815386884e-72,4.454280095078052e-75,7.268800482468031e-78,1.186172834355663e-80,1.9356783782371967e-83,3.1587730518295832e-86,5.154703025639782e-89,8.41179877330845e-92,1.3726951533517569e-94,2.2400583214311613e-97,3.655481168678063e-100,5.965265478455342e-103,9.734530308446236e-106,1.5885475787843058e-108,2.5923011486973968e-111,4.230295230238293e-114,6.903286581487303e-117,1.1265257631547913e-119,1.8383421868284485e-122,2.999933163009994e-125,4.895497175122478e-128,7.988808846523067e-131,1.3036687491232906e-133,2.1274162895766023e-136,3.471664157171457e-139,5.6653002420074894e-142,9.24502641356878e-145,1.5086669679716423e-147,2.461946476332602e-150,4.017573514236603e-153,6.556152661100688e-156,1.0698780635461507e-158,1.7459005761850165e-161,2.8490805875764045e-164,4.6493255717011135e-167,7.587089100228619e-170,1.238113359175796e-172,2.0204384974513905e-175,3.2970904414609576e-178,5.380418851098805e-181,8.780137374827966e-184,1.4328031786058284e-186,2.338146729353639e-189,3.815548576118213e-192,6.226474478247263e-195,1.0160789111930668e-197,1.6581074207854304e-200,2.7058136809822137e-203,4.4155327841922467e-206,7.205569956760341e-209,1.1758544424727947e-211,1.9188401169928356e-214,3.1312952195324697e-217,5.109862809848422e-220,8.338625426500216e-223,1.360754223566689e-225
In130_m2,1136411284585.4272,1854474060.3098326,3026258.2631926634,4938.456283401338,8.058912472769826,0.013151087408033876,2.1460848544779446e-05,3.5021288048059464e-08,5.715014548404275e-11,9.326153636511451e-14,1.5219058659457171e-16,2.4835506201958573e-19,4.052828641436632e-22,6.61368440138891e-25,1.0792664884462007e-27,1.7612212533733465e-30,2.874081921879859e-33,4.6901244678118744e-36,7.653667543748998e-39,1.2489780873036405e-41,2.0381683077398886e-44,3.3260231647806017e-47,5.427633258081733e-50,8.857185090043756e-53,1.4453763544631902e-55,2.3586645020997107e-58,3.849030888243267e-61,6.281113217018462e-64,1.0249952362167306e-66,1.672657692939503e-69,2.729557815386884e-72,4.454280095078052e-75,7.268800482468031e-78,1.186172834355663e-80,1.9356783782371967e-83,3.1587730518295832e-86,5.154703025639782e-89,8.41179877330845e-92,1.3726951533517569e-94,2.2400583214311613e-97,3.655481168678063e-100,5.965265478455342e-103,9.734530308446236e-106,1.5885475787843058e-108,2.5923011486973968e-111,4.230295230238293e-114,6.903286581487303e-117,1.1265257631547913e-119,1.8383421868284485e-122,2.999933163009994e-125,4.895497175122478e-128,7.988808846523067e-131,1.3036687491232906e-133,2.1274162895766023e-136,3.471664157171457e-139,5.6653002420074894e-142,9.24502641356878e-145,1.5086669679716423e-147,2.461946476332602e-150,4.017573514236603e-153,6.556152661100688e-156,1.0698780635461507e-158,1.7459005761850165e-161,2.8490805875764045e-164,4.6493255717011135e-167,7.587089100228619e-170,1.238113359175796e-172,2.0204384974513905e-175,3.2970904414609576e-178,5.380418851098805e-181,8.780137374827966e-184,1.4328031786058284e-186,2.338146729353639e-189,3.815548576118213e-192,6.226474478247263e-195,1.0160789111930668e-197,1.6581074207854304e-200,2.7058136809822137e-203,4.4155327841922467e-206,7.205569956760341e-209,1.1758544424727947e-211,1.9188401169928356e-214,3.1312952195324697e-217,5.109862809848422e-220,8.338625426500216e-223,1.360754223566689e-225
In131,2029073823194.6711,17274788.61712651,72.75738892784568,0.00030643718779572185,1.290642111377525e-09,5.435884174643553e-15,2.289467893512494e-20,9.642705891113366e-26,4.061283286216352e-31,1.7105179933052844e-36,7.204303662714923e-42,3.0342850217153175e-47,1.277970227803575e-52,5.3825131504259605e-58,2.2669892603289473e-63,9.548031120072746e-69,4.021408476220538e-74,1.6937236514259686e-79,7.133569803622193e-85,3.0044935666043973e-90,1.2654227603104984e-95,5.329666137783027e-101,2.2447313286242156e-106,9.454285892292343e-112,3.9819251682106995e-117,1.6770942010708893e-122,7.063530429250848e-128,2.9749946122939168e-133,1.2529984873465764e-138,5.277337991823227e-144,2.2226919314897366e-149,9.361461081257692e-155,3.942829518311366e-160,1.6606280232891685e-165,6.994178720956597e-171,2.945785286929593e-176,1.2406961993536273e-181,5.225523618169012e-187,2.2008689232922576e-192,9.26954765006089e-198,3.9041177203872595e-203,1.6443235150252122e-208,6.925507927042408e-214,2.91686274685379e-219,1.2285146986492427e-224,5.1742179724608455e-230,2.1792601794649544e-235,9.178536650520976e-241,3.8657860056728335e-246,1.628179088962692e-251,6.857511362101342e-257,2.888224176328708e-262,1.2164527993101957e-267,5.123416059866121e-273,2.1578635963005812e-278,9.088419222312686e-284,3.8278306424053066e-289,1.6121931733699796e-294,6.790182406365597e-300,2.859866787262226e-305,1.20450932705695e-310,5.07311294e-316,2.134e-321,0.0,0.0,0.0,0.0,0.0,0.0,0.0,0.0,0.0,0.0,0.0,0.0,0.0,0.0,0.0,0.0,0.0,0.0,0.0,0.0,0.0,0.0,0.0
In131_m1,2010282313336.5493,100653421.45915504,5039.646015996269,0.2523315312917954,1.2634062289685521e-05,6.325786124409094e-10,3.167276618893626e-14,1.58583312544847e-18,7.940154916586161e-23,3.9755797181723104e-27,1.9905448019065138e-31,9.966517814460042e-36,4.990165368335907e-40,2.498540700665789e-44,1.2510017548707557e-48,6.263677795093278e-53,3.1361794152557276e-57,1.5702629743149614e-61,7.862196265016341e-66,3.936546369668036e-70,1.971001078858768e-74,9.868663767804238e-79,4.941170535450056e-83,2.4740093324541475e-87,1.2387190713531446e-91,6.2021792626460815e-96,3.1053875326208293e-100,1.5548456952601264e-104,7.785003033191896e-109,3.897896261446546e-113,1.9516492415250226e-117,9.771770479421792e-122,4.8926567474740075e-126,2.449718820045331e-130,1.2265569826419068e-134,6.141284539912128e-139,3.074897973262345e-143,1.5395797873433446e-147,7.708567706008718e-152,3.8596256307480757e-156,1.9324874059179264e-160,9.67582851632056e-165,4.8446192813749314e-169,2.425666798650011e-173,1.2145143047036533e-177,6.080987698519548e-182,3.044707768886173e-186,1.524463764360632e-190,7.63288284214797e-195,3.8217307517566225e-199,1.9135137065476125e-203,9.580828538123984e-208,4.797053460491992e-212,2.401850926697007e-216,1.2025898651301665e-220,6.021282868302815e-225,3.0148139803417266e-229,1.5094961546999734e-233,7.557941073351837e-238,3.784207935237325e-242,1.8947262962401388e-246,9.486761296162035e-251,4.749954654081159e-255,2.3782688856053512e-259,1.1907825030242646e-263,5.962164236731427e-268,2.9852136973358675e-272,1.4946755011980573e-276,7.48373510370608e-281,3.747053528177241e-285,1.8761233459576134e-289,9.393617632570679e-294,4.7033182768643195e-298,2.35491837955855e-302,1.1790910688867768e-306,5.9036260483437e-311,2.95590404e-315,1.48e-319,5e-324,0.0,0.0,0.0,0.0,0.0,0.0,0.0
In131_m2,0.0,0.0,0.0,0.0,0.0,0.0,0.0,0.0,0.0,0.0,0.0,0.0,0.0,0.0,0.0,0.0,0.0,0.0,0.0,0.0,0.0,0.0,0.0,0.0,0.0,0.0,0.0,0.0,0.0,0.0,0.0,0.0,0.0,0.0,0.0,0.0,0.0,0.0,0.0,0.0,0.0,0.0,0.0,0.0,0.0,0.0,0.0,0.0,0.0,0.0,0.0,0.0,0.0,0.0,0.0,0.0,0.0,0.0,0.0,0.0,0.0,0.0,0.0,0.0,0.0,0.0,0.0,0.0,0.0,0.0,0.0,0.0,0.0,0.0,0.0,0.0,0.0,0.0,0.0,0.0,0.0,0.0,0.0,0.0,0.0,0.0
In132,2247600574182.179,120354.74039897753,0.006444767679317726,3.451050644344313e-10,1.8479720515061477e-17,9.895539228740235e-25,5.298873245822521e-32,2.837445946729699e-39,1.5193983941699404e-46,8.136089721345848e-54,4.356721463428486e-61,2.332941567753344e-68,1.2492458846034215e-75,6.689474360480787e-83,3.5820864227810233e-90,1.9181392212332113e-97,1.027127109115555e-104,5.50007051939536e-112,2.9451832640626593e-119,1.5770896806371046e-126,8.445015599270801e-134,4.522145401592911e-141,2.4215229436537323e-148,1.2966795283884361e-155,6.943472510752673e-163,3.71809760639142e-170,1.9909706259001327e-177,1.0661269425480117e-184,5.708907217618514e-192,3.0570113481499444e-199,1.6369714949783283e-206,8.765671337770065e-214,4.693850457232362e-221,2.5134677386233517e-228,1.3459142191814505e-235,7.207114925560885e-243,3.859273110423972e-250,2.066567426033161e-257,1.1066075927111958e-264,5.92567340808564e-272,3.17308552467679e-279,1.6991270111469276e-286,9.09850231756097e-294,4.872075123258919e-301,2.6089036610853546e-308,1.39701834e-315,7.4e-323,0.0,0.0,0.0,0.0,0.0,0.0,0.0,0.0,0.0,0.0,0.0,0.0,0.0,0.0,0.0,0.0,0.0,0.0,0.0,0.0,0.0,0.0,0.0,0.0,0.0,0.0,0.0,0.0,0.0,0.0,0.0,0.0,0.0,0.0,0.0,0.0,0.0,0.0,0.0
In133,61655722253.158226,46.54277879031496,3.513429375832553e-08,2.652223674606171e-17,2.002115217834596e-26,1.5113602159064094e-35,1.1408982269737576e-44,8.612432367959503e-54,6.501367916875791e-63,4.907763914388352e-72,3.704781354836317e-81,2.796671789142772e-90,2.111156461629459e-99,1.5936734595681527e-108,1.203034991433857e-117,9.081491455636348e-127,6.855452056344482e-136,5.175055565093266e-145,3.9065549407522555e-154,2.948986984421064e-163,2.226136421009925e-172,1.6804697311744024e-181,1.268555911821533e-190,9.576096918405899e-200,7.228820687850307e-209,5.456904726669312e-218,4.1193177257798507e-227,3.109597725427247e-236,2.347378536369563e-245,1.7719931899716814e-254,1.3376452994932182e-263,1.0097640089039484e-272,7.622524103094224e-282,5.7541042451414274e-291,4.343668214904599e-300,3.278955812645134e-309,2.475224e-318,0.0,0.0,0.0,0.0,0.0,0.0,0.0,0.0,0.0,0.0,0.0,0.0,0.0,0.0,0.0,0.0,0.0,0.0,0.0,0.0,0.0,0.0,0.0,0.0,0.0,0.0,0.0,0.0,0.0,0.0,0.0,0.0,0.0,0.0,0.0,0.0,0.0,0.0,0.0,0.0,0.0,0.0,0.0,0.0,0.0,0.0,0.0,0.0,0.0
In133_m1,0.0,0.0,0.0,0.0,0.0,0.0,0.0,0.0,0.0,0.0,0.0,0.0,0.0,0.0,0.0,0.0,0.0,0.0,0.0,0.0,0.0,0.0,0.0,0.0,0.0,0.0,0.0,0.0,0.0,0.0,0.0,0.0,0.0,0.0,0.0,0.0,0.0,0.0,0.0,0.0,0.0,0.0,0.0,0.0,0.0,0.0,0.0,0.0,0.0,0.0,0.0,0.0,0.0,0.0,0.0,0.0,0.0,0.0,0.0,0.0,0.0,0.0,0.0,0.0,0.0,0.0,0.0,0.0,0.0,0.0,0.0,0.0,0.0,0.0,0.0,0.0,0.0,0.0,0.0,0.0,0.0,0.0,0.0,0.0,0.0,0.0
In134,1250007235.9439902,0.022173857556046655,3.933416901739272e-13,6.977481696083648e-24,1.2377343168901017e-34,2.195614844919317e-45,3.8947975195052374e-56,6.908974838208276e-67,1.2255818967723574e-77,2.1740576870962592e-88,3.856557313117889e-99,6.841140599736324e-110,1.2135487924986551e-120,2.1527121834503804e-131,3.818692559723216e-142,6.773972376703258e-153,1.2016338325928159e-163,2.1315762559020454e-174,3.781199573019201e-185,6.707463629984057e-196,1.189835857080548e-206,2.1106478467747805e-217,3.7440747028969705e-228,6.641607884656693e-239,1.1781537173765028e-249,2.0899249185949523e-260,3.707314335085448e-271,6.57639872937168e-282,1.1665862761724672e-292,2.0694054538934112e-303,3.670914891e-314,0.0,0.0,0.0,0.0,0.0,0.0,0.0,0.0,0.0,0.0,0.0,0.0,0.0,0.0,0.0,0.0,0.0,0.0,0.0,0.0,0.0,0.0,0.0,0.0,0.0,0.0,0.0,0.0,0.0,0.0,0.0,0.0,0.0,0.0,0.0,0.0,0.0,0.0,0.0,0.0,0.0,0.0,0.0,0.0,0.0,0.0,0.0,0.0,0.0,0.0,0.0,0.0,0.0,0.0,0.0
In135,2605368.5316738496,1.1364316278862877e-10,4.956983356326004e-27,2.16217882289982e-43,9.431174014797301e-60,4.1137690534816984e-76,1.794378494006342e-92,7.826871508568009e-109,3.41399085066259e-125,1.4891433334058032e-141,6.495471032081302e-158,2.8332493576768353e-174,1.235830609224358e-190,5.390550219512485e-207,2.3512956753291392e-223,1.0256079857691247e-239,4.4735834438438196e-256,1.951325370582544e-272,8.511455636574556e-289,3.7125985315175394e-305,1.62e-321,0.0,0.0,0.0,0.0,0.0,0.0,0.0,0.0,0.0,0.0,0.0,0.0,0.0,0.0,0.0,0.0,0.0,0.0,0.0,0.0,0.0,0.0,0.0,0.0,0.0,0.0,0.0,0.0,0.0,0.0,0.0,0.0,0.0,0.0,0.0,0.0,0.0,0.0,0.0,0.0,0.0,0.0,0.0,0.0,0.0,0.0,0.0,0.0,0.0,0.0,0.0,0.0,0.0,0.0,0.0,0.0,0.0,0.0,0.0,0.0,0.0,0.0,0.0,0.0,0.0
K48,0.0,0.0,0.0,0.0,0.0,0.0,0.0,0.0,0.0,0.0,0.0,0.0,0.0,0.0,0.0,0.0,0.0,0.0,0.0,0.0,0.0,0.0,0.0,0.0,0.0,0.0,0.0,0.0,0.0,0.0,0.0,0.0,0.0,0.0,0.0,0.0,0.0,0.0,0.0,0.0,0.0,0.0,0.0,0.0,0.0,0.0,0.0,0.0,0.0,0.0,0.0,0.0,0.0,0.0,0.0,0.0,0.0,0.0,0.0,0.0,0.0,0.0,0.0,0.0,0.0,0.0,0.0,0.0,0.0,0.0,0.0,0.0,0.0,0.0,0.0,0.0,0.0,0.0,0.0,0.0,0.0,0.0,0.0,0.0,0.0,0.0
K49,0.0,0.0,0.0,0.0,0.0,0.0,0.0,0.0,0.0,0.0,0.0,0.0,0.0,0.0,0.0,0.0,0.0,0.0,0.0,0.0,0.0,0.0,0.0,0.0,0.0,0.0,0.0,0.0,0.0,0.0,0.0,0.0,0.0,0.0,0.0,0.0,0.0,0.0,0.0,0.0,0.0,0.0,0.0,0.0,0.0,0.0,0.0,0.0,0.0,0.0,0.0,0.0,0.0,0.0,0.0,0.0,0.0,0.0,0.0,0.0,0.0,0.0,0.0,0.0,0.0,0.0,0.0,0.0,0.0,0.0,0.0,0.0,0.0,0.0,0.0,0.0,0.0,0.0,0.0,0.0,0.0,0.0,0.0,0.0,0.0,0.0
K50,0.0,0.0,0.0,0.0,0.0,0.0,0.0,0.0,0.0,0.0,0.0,0.0,0.0,0.0,0.0,0.0,0.0,0.0,0.0,0.0,0.0,0.0,0.0,0.0,0.0,0.0,0.0,0.0,0.0,0.0,0.0,0.0,0.0,0.0,0.0,0.0,0.0,0.0,0.0,0.0,0.0,0.0,0.0,0.0,0.0,0.0,0.0,0.0,0.0,0.0,0.0,0.0,0.0,0.0,0.0,0.0,0.0,0.0,0.0,0.0,0.0,0.0,0.0,0.0,0.0,0.0,0.0,0.0,0.0,0.0,0.0,0.0,0.0,0.0,0.0,0.0,0.0,0.0,0.0,0.0,0.0,0.0,0.0,0.0,0.0,0.0
K51,0.0,0.0,0.0,0.0,0.0,0.0,0.0,0.0,0.0,0.0,0.0,0.0,0.0,0.0,0.0,0.0,0.0,0.0,0.0,0.0,0.0,0.0,0.0,0.0,0.0,0.0,0.0,0.0,0.0,0.0,0.0,0.0,0.0,0.0,0.0,0.0,0.0,0.0,0.0,0.0,0.0,0.0,0.0,0.0,0.0,0.0,0.0,0.0,0.0,0.0,0.0,0.0,0.0,0.0,0.0,0.0,0.0,0.0,0.0,0.0,0.0,0.0,0.0,0.0,0.0,0.0,0.0,0.0,0.0,0.0,0.0,0.0,0.0,0.0,0.0,0.0,0.0,0.0,0.0,0.0,0.0,0.0,0.0,0.0,0.0,0.0
K52,0.0,0.0,0.0,0.0,0.0,0.0,0.0,0.0,0.0,0.0,0.0,0.0,0.0,0.0,0.0,0.0,0.0,0.0,0.0,0.0,0.0,0.0,0.0,0.0,0.0,0.0,0.0,0.0,0.0,0.0,0.0,0.0,0.0,0.0,0.0,0.0,0.0,0.0,0.0,0.0,0.0,0.0,0.0,0.0,0.0,0.0,0.0,0.0,0.0,0.0,0.0,0.0,0.0,0.0,0.0,0.0,0.0,0.0,0.0,0.0,0.0,0.0,0.0,0.0,0.0,0.0,0.0,0.0,0.0,0.0,0.0,0.0,0.0,0.0,0.0,0.0,0.0,0.0,0.0,0.0,0.0,0.0,0.0,0.0,0.0,0.0
K53,0.0,0.0,0.0,0.0,0.0,0.0,0.0,0.0,0.0,0.0,0.0,0.0,0.0,0.0,0.0,0.0,0.0,0.0,0.0,0.0,0.0,0.0,0.0,0.0,0.0,0.0,0.0,0.0,0.0,0.0,0.0,0.0,0.0,0.0,0.0,0.0,0.0,0.0,0.0,0.0,0.0,0.0,0.0,0.0,0.0,0.0,0.0,0.0,0.0,0.0,0.0,0.0,0.0,0.0,0.0,0.0,0.0,0.0,0.0,0.0,0.0,0.0,0.0,0.0,0.0,0.0,0.0,0.0,0.0,0.0,0.0,0.0,0.0,0.0,0.0,0.0,0.0,0.0,0.0,0.0,0.0,0.0,0.0,0.0,0.0,0.0
K54,0.0,0.0,0.0,0.0,0.0,0.0,0.0,0.0,0.0,0.0,0.0,0.0,0.0,0.0,0.0,0.0,0.0,0.0,0.0,0.0,0.0,0.0,0.0,0.0,0.0,0.0,0.0,0.0,0.0,0.0,0.0,0.0,0.0,0.0,0.0,0.0,0.0,0.0,0.0,0.0,0.0,0.0,0.0,0.0,0.0,0.0,0.0,0.0,0.0,0.0,0.0,0.0,0.0,0.0,0.0,0.0,0.0,0.0,0.0,0.0,0.0,0.0,0.0,0.0,0.0,0.0,0.0,0.0,0.0,0.0,0.0,0.0,0.0,0.0,0.0,0.0,0.0,0.0,0.0,0.0,0.0,0.0,0.0,0.0,0.0,0.0
Kr100,369247124.79176015,8.059792491177836e-39,1.7592623107757655e-85,3.8400540479222594e-132,8.381930881280339e-179,1.8295775117169306e-225,3.993535521577878e-272,8.71695e-319,-0.0,0.0,0.0,0.0,0.0,0.0,0.0,0.0,0.0,0.0,0.0,0.0,0.0,0.0,0.0,0.0,0.0,0.0,0.0,0.0,0.0,0.0,0.0,0.0,0.0,0.0,0.0,0.0,0.0,0.0,0.0,0.0,0.0,0.0,0.0,0.0,0.0,0.0,0.0,0.0,0.0,0.0,0.0,0.0,0.0,0.0,0.0,0.0,0.0,0.0,0.0,0.0,0.0,0.0,0.0,0.0,0.0,0.0,0.0,0.0,0.0,0.0,0.0,0.0,0.0,0.0,0.0,0.0,0.0,0.0,0.0,0.0,0.0,0.0,0.0,0.0,0.0,0.0
Kr91,1144005318534344.2,822096576010668.4,548742249601026.9,366216985969942.0,244404040813815.1,163109133085092.88,108854948580689.42,72647065227933.66,48482831098115.81,32356226695646.31,21593734983449.46,14411117678261.012,9617618855462.645,6418557846382.983,4283584684161.6943,2858757089293.0127,1907862852764.5012,1273259864782.3132,849741731129.3439,567096340342.2308,378465888455.4643,252578651165.23895,168564663211.27542,112495832693.88046,75076900059.57916,50104441983.144264,33438449169.45205,22315983146.447987,14893128005.694271,9939300470.80625,6633240096.452397,4426858238.808702,2954374269.821684,1971675363.2782395,1315846735.42158,878163141.5431397,586064077.5293964,391124481.0011301,261026678.6582394,174202665.0874735,116258493.88104524,77588005.85916482,51780291.075861596,34556868.86408417,23062388.42767337,15391260.188554648,10271741.408514898,6855102.848684133,4574923.88068515,3053189.569297397,2037622.218245597,1359858.014071346,907535.1661733686,605666.2308261481,404206.4669624895,269757.26830838603,180029.24186751206,120147.00523412586,80183.10090619807,53512.1924879023,35712.69647219339,23833.758813065815,15906.053456413896,10615.301536893907,7084.3862701683365,4727.941891289413,3155.3099555761764,2105.774805333512,1405.3413430718488,937.8896003241855,625.9240196218207,417.7260076283148,278.7798710049819,186.0507008381114,124.16557607824508,82.86499439879766,55.30202100770391,36.90718318060847,24.630929313365158,16.4380650745178,10.970352760805554,7.321338560891686,4.886077913073744,3.260845974280339,2.1762068999205098,1.4523459582622051
Kr92,600773241384885.0,92960617873029.5,14134637606209.184,2149158204979.9404,326777460666.5987,49686202045.173355,7554739756.646028,1148690993.502742,174657372.86231983,26556487.399754822,4037888.647101505,613957.1277239694,93351.59723972209,14194.02155898624,2158.18747588861,328.15035271900217,49.89494897576881,7.586479528871203,1.1535169956769151,0.17539116190213688,0.026668059325237404,0.004054853052237616,0.000616536549387414,9.374379584995723e-05,1.4253654984591006e-05,2.167254681525133e-06,3.295290127107969e-07,5.010457291606193e-08,7.618352649586635e-09,1.1583632733621825e-09,1.761280338141286e-10,2.678009999850155e-11,4.07188873002801e-12,6.191268079901442e-13,9.413764220650196e-14,1.431353894845473e-14,2.1763599812656024e-15,3.3091346487486004e-16,5.0315077550638617e-17,7.650359679030113e-18,1.1632299117421688e-18,1.7686800155038405e-19,2.6892611388900074e-20,4.088995979910918e-21,6.217279490614572e-22,9.453314323204282e-23,1.4373674503165296e-23,2.185503535155006e-24,3.3230373354587862e-25,5.052646657956493e-26,7.682501179793175e-27,1.1681169963583807e-27,1.7761107811740807e-28,2.700559547405966e-29,4.106175102582583e-30,6.243400183219324e-31,9.493030587835015e-32,1.4434062705732796e-32,2.1946855039107248e-33,3.336998431607781e-34,5.073874371845196e-35,7.714777716830935e-36,1.173024613111707e-36,1.7835727657634926e-37,2.7119054239915526e-38,4.123426400002577e-39,6.269630616842331e-40,9.532913712640087e-41,1.4494704617608071e-41,2.2039060489253466e-42,3.351018182591481e-43,5.095191269852124e-44,7.747189857472085e-45,1.177952848263936e-45,1.7910661004322976e-46,2.7232989680746356e-47,4.1407501753990785e-48,6.295971252539172e-49,9.572964398650141e-50,1.455560130470162e-50,2.2131653322695535e-51,3.3650968348368114e-52,5.116597726667054e-53,7.779738171428888e-54,1.1829017884392725e-54,1.798590916891782e-55
Kr93,176168509672563.25,11962462697428.986,807994645479.0096,54575329815.91357,3686245498.260698,248984402.27996603,16817445.449024636,1135920.4385538197,76724.80619219952,5182.313554217873,350.0350813132551,23.642829957723155,1.596935388054899,0.107863679524921,0.007285562990013031,0.0004920973242822114,3.323830662059498e-05,2.2450539202101197e-06,1.5164030954356122e-07,1.0242419245019711e-08,6.918157336035631e-10,4.672812133658319e-11,3.156212294092866e-12,2.131837480396203e-13,1.4399319878855748e-14,9.725901476086067e-16,6.569279682538033e-17,4.437165609122928e-18,2.997046798771192e-19,2.0243304634735365e-20,1.3673172627892068e-21,9.23543132336905e-23,6.2379956759030215e-24,4.2134025677957825e-25,2.845907903861794e-26,1.922244947389415e-27,1.2983644455781999e-28,8.769695224487332e-30,5.923418081288164e-31,4.0009237342433074e-32,2.7023908337313053e-33,1.8253075297912862e-34,1.2328888688955785e-35,8.3274458590571e-37,5.624704406460225e-38,3.799160054057112e-39,2.5661112252877827e-40,1.733258595808814e-41,1.1707151780251565e-42,7.907498808156237e-44,5.3410546454578063e-45,3.6075711698296085e-46,2.4367040985910443e-47,1.6458516227611474e-48,1.1116768612618205e-49,7.50872938224931e-51,5.071709136039603e-52,3.4256439739851507e-53,2.313822879374433e-54,1.562852519927336e-55,1.055615803964901e-56,7.130069609077855e-58,4.815946525179722e-59,3.2528912345906663e-60,2.1971384708599775e-61,1.4840390016115569e-62,1.0023818651002908e-63,6.770505373449304e-65,4.573081837161876e-66,3.088850290465903e-67,2.086338372381413e-68,1.4091999918243268e-69,9.518324751372791e-71,6.429073701264262e-72,4.342464639098013e-73,2.9330818120981346e-74,1.9811258424542574e-75,1.3381350589851106e-76,9.038322542231079e-78,6.104860180508241e-79,4.1234772989585425e-80,2.785168625043087e-81,1.8812191040517224e-82,1.2706538791325107e-83,8.582526496127408e-85,5.7969965123010086e-86
Kr94,31340761595136.805,2491868.802914409,0.19804374228316726,1.5739722657809924e-08,1.2509300545863868e-15,9.941890562417555e-23,7.901416037827031e-30,6.279728690520665e-37,4.990876602087322e-44,3.9665486336795006e-51,3.1524538308089034e-58,2.505443919431524e-65,1.9912263811983194e-72,1.5825468973497514e-79,1.2577448279909537e-86,9.99605164932043e-94,7.944461098320682e-101,6.313939178877834e-108,5.018065726697991e-115,3.98815745987854e-122,3.169627659550602e-129,2.5190929899979934e-136,2.0020741152785014e-143,1.5911682414992476e-150,1.264596726681928e-157,1.0050507793115755e-164,7.987740658203304e-172,6.348336037948023e-179,5.045402971279564e-186,4.0098840058921744e-193,3.1868950472814326e-200,2.532816417498145e-207,2.012980945268516e-214,1.59983655270866e-221,1.2714859529091645e-228,1.0105260601204268e-235,8.031255994972554e-243,6.38292028303513e-250,5.072889142754879e-257,4.031728913030312e-264,3.204256503688792e-271,2.5466146070110833e-278,2.0239471931090065e-285,1.6085520868435042e-292,1.2784127100243165e-299,1.0160311689743377e-306,8.075008393e-314,6.42e-321,0.0,0.0,0.0,0.0,0.0,0.0,0.0,0.0,0.0,0.0,0.0,0.0,0.0,0.0,0.0,0.0,0.0,0.0,0.0,0.0,0.0,0.0,0.0,0.0,0.0,0.0,0.0,0.0,0.0,0.0,0.0,0.0,0.0,0.0,0.0,0.0,0.0,0.0
Kr95,2585462358225.3066,0.16201749908497898,1.0150605253008444e-14,6.359485091691255e-28,3.984299420909583e-41,2.496214968127035e-54,1.5639108683450668e-67,9.798103269779571e-81,6.138638053385713e-94,3.8459359034009135e-107,2.409528440092707e-120,1.509600640635111e-133,9.457842689411269e-147,5.925460411835611e-160,3.7123773618629135e-173,2.3258522914682474e-186,1.4571764544468362e-199,9.129398402397385e-213,5.71968583045319e-226,3.5834569329887162e-239,2.245081980240067e-252,1.4065728128605732e-265,8.812360062089789e-279,5.521057221771651e-292,3.4590135481650154e-305,2.167115e-318,0.0,0.0,0.0,0.0,0.0,0.0,0.0,0.0,0.0,0.0,0.0,0.0,0.0,0.0,0.0,0.0,0.0,0.0,0.0,0.0,0.0,0.0,0.0,0.0,0.0,0.0,0.0,0.0,0.0,0.0,0.0,0.0,0.0,0.0,0.0,0.0,0.0,0.0,0.0,0.0,0.0,0.0,0.0,0.0,0.0,0.0,0.0,0.0,0.0,0.0,0.0,0.0,0.0,0.0,0.0,0.0,0.0,0.0,0.0,0.0
Kr96,13558594542903.865,2.0790229551253857e-06,3.187752210227378e-25,4.887759477959531e-44,7.494369429887135e-63,1.1491067309039111e-81,1.7619177855615228e-100,2.70153694133884e-119,4.142248807081797e-138,6.351282826163096e-157,9.738380144850106e-176,1.4931794165258826e-194,2.2894821692862672e-213,3.510447937780615e-232,5.3825467126087676e-251,8.25302343943381e-270,1.2654306507417482e-288,1.9402764860516873e-307,0.0,0.0,0.0,0.0,0.0,0.0,0.0,0.0,0.0,0.0,0.0,0.0,0.0,0.0,0.0,0.0,0.0,0.0,0.0,0.0,0.0,0.0,0.0,0.0,0.0,0.0,0.0,0.0,0.0,0.0,0.0,0.0,0.0,0.0,0.0,0.0,0.0,0.0,0.0,0.0,0.0,0.0,0.0,0.0,0.0,0.0,0.0,0.0,0.0,0.0,0.0,0.0,0.0,0.0,0.0,0.0,0.0,0.0,0.0,0.0,0.0,0.0,0.0,0.0,0.0,0.0,0.0,0.0
Kr97,10618188496.476105,1.3638949885439075e-14,1.7519085674477713e-38,2.250307871556559e-62,2.8904964624761394e-86,3.7128118801841465e-110,4.769067264599803e-134,6.125816041385176e-158,7.868545376040294e-182,1.0107062620967137e-205,1.2982414149279243e-229,1.6675772523043694e-253,2.1419851966110464e-277,2.7513571417220492e-301,0.0,0.0,0.0,0.0,0.0,0.0,0.0,0.0,0.0,0.0,0.0,0.0,0.0,0.0,0.0,0.0,0.0,0.0,0.0,0.0,0.0,0.0,0.0,0.0,0.0,0.0,0.0,0.0,0.0,0.0,0.0,0.0,0.0,0.0,0.0,0.0,0.0,0.0,0.0,0.0,0.0,0.0,0.0,0.0,0.0,0.0,0.0,0.0,0.0,0.0,0.0,0.0,0.0,0.0,0.0,0.0,0.0,0.0,0.0,0.0,0.0,0.0,0.0,0.0,0.0,0.0,0.0,0.0,0.0,0.0,0.0,0.0
Kr98,580883953639.3867,1.105191858710828e-21,2.1027419278980002e-54,4.000684207444104e-87,7.611715881697574e-120,1.448207747961741e-152,2.7553651684496023e-185,5.242367486426308e-218,9.974146867147777e-251,1.89768470037668e-283,3.6105416e-316,0.0,0.0,0.0,0.0,0.0,0.0,0.0,0.0,0.0,0.0,0.0,0.0,0.0,0.0,0.0,0.0,0.0,0.0,0.0,0.0,0.0,0.0,0.0,0.0,0.0,0.0,0.0,0.0,0.0,0.0,0.0,0.0,0.0,0.0,0.0,0.0,0.0,0.0,0.0,0.0,0.0,0.0,0.0,0.0,0.0,0.0,0.0,0.0,0.0,0.0,0.0,0.0,0.0,0.0,0.0,0.0,0.0,0.0,0.0,0.0,0.0,0.0,0.0,0.0,0.0,0.0,0.0,0.0,0.0,0.0,0.0,0.0,0.0,0.0,0.0
Kr99,431013.2381209679,-7.457868447237446e-42,1.2904430039962926e-88,-2.2328674182766524e-135,3.8635545251991215e-182,-6.68514997666428e-229,1.1567386953906392e-275,-2.03e-322,-0.0,0.0,0.0,0.0,0.0,0.0,0.0,0.0,0.0,0.0,0.0,0.0,0.0,0.0,0.0,0.0,0.0,0.0,0.0,0.0,0.0,0.0,0.0,0.0,0.0,0.0,0.0,0.0,0.0,0.0,0.0,0.0,0.0,0.0,0.0,0.0,0.0,0.0,0.0,0.0,0.0,0.0,0.0,0.0,0.0,0.0,0.0,0.0,0.0,0.0,0.0,0.0,0.0,0.0,0.0,0.0,0.0,0.0,0.0,0.0,0.0,0.0,0.0,0.0,0.0,0.0,0.0,0.0,0.0,0.0,0.0,0.0,0.0,0.0,0.0,0.0,0.0,0.0
La147,233208150554955.1,145458997477640.38,62903789943118.625,26808454470807.29,11417231852282.701,4862224257548.399,2070658250021.5945,881823834849.8767,375539166172.51654,159929523028.2436,68108614599.343155,29005172370.96082,12352329132.19826,5260442276.940665,2240245758.744614,954045457.6553171,406295930.5780812,173027796.4008176,73686729.48490006,31380704.228602074,13363988.397460356,5691273.993930087,2423722.522846575,1032182.0516845655,439571.6827223627,187198.8220837792,79721.69356434216,33950.79282028018,14458.502843963017,6157.390950941606,2622.226086054816,1116.718054963662,475.5727284210057,202.5304587962081,86.2509229164428,36.73137239778694,15.642658334589187,6.661683019157628,2.836987147485285,1.2081775809282544,0.5145222699903755,0.21911776091115004,0.09331489800745454,0.03973968223266264,0.016923796496319848,0.007207276751031476,0.00306933720086119,0.0013071276680532821,0.0005566617900799626,0.00023706356778180972,0.00010095741466531745,4.299437349768487e-05,1.830986023747159e-05,7.797554764550658e-06,3.320716789619953e-06,1.4141817954258766e-06,6.022525488368553e-07,2.5647914133363615e-07,1.0922585560872227e-07,4.65156249019804e-08,1.9809442992808715e-08,8.436176715076904e-09,3.5926844381157892e-09,1.5300036862446999e-09,6.515772036884146e-10,2.7748485587538195e-10,1.1817148421448152e-10,5.032526779668615e-11,2.1431842001844045e-11,9.127101984785703e-12,3.886926314290274e-12,1.655311422826938e-12,7.04941561785602e-13,3.002109444058849e-13,1.278497623445331e-13,5.4446921526799555e-14,2.318711595064794e-14,9.874614230377676e-15,4.205266683718491e-15,1.790881898635582e-15,7.626764759719303e-16,3.2479830604358846e-16,1.383206942030649e-16,5.890613986838395e-17,2.5086147334537644e-17,1.068334794125418e-17
La148,121825027076588.64,8723706349768.507,560626774320.579,35830079576.26461,2289242312.417878,146261052.85786968,9344697.398675846,597037.7183363972,38145.059275717846,2437.1082466884227,155.70814985761146,9.948277006166906,0.6356007407571743,0.040608871405635114,0.002594522521913526,0.00016576543212630174,1.0590842151469817e-05,6.766545716955463e-07,4.3231822630171095e-08,2.762104279061174e-09,1.764723202552114e-10,1.1274910962754482e-11,7.203600940600598e-13,4.6024191838712855e-14,2.940510241854175e-15,1.878707726743024e-16,1.2003164186560839e-17,7.668885821814891e-19,4.8996921839893866e-20,3.1304395521910756e-21,2.0000545793354868e-22,1.277845572044665e-23,8.164223731017774e-25,5.216166224488355e-26,3.332636509962627e-27,2.129239297512087e-28,1.36038237969151e-29,8.691555811211641e-31,5.553081512018515e-32,3.547893489833449e-33,2.2667681336856637e-34,1.4482502889718907e-35,9.252948584983145e-37,5.91175835891744e-38,3.7770540464203654e-39,2.413180039414345e-40,1.5417936389199594e-41,9.850602052845408e-43,6.293602357284055e-44,4.0210162200360084e-45,2.569048777458842e-46,1.641379009633455e-47,1.0486858314656753e-48,6.700109887249286e-50,4.2807360559524264e-51,2.7349851702587978e-52,1.7473966588372792e-53,1.1164210747902366e-54,7.132873981029247e-56,4.55723135097601e-57,2.911639493639539e-58,1.860262051235533e-59,1.1885313778806202e-60,7.593590565740947e-62,4.851585642015907e-63,3.099704025129801e-64,1.980417486645367e-65,1.2652993284565334e-66,8.084065109445491e-68,5.164952452276516e-69,3.2999157568768025e-70,2.108333833292918e-71,1.347025766747038e-72,8.606219696462816e-74,5.498559811713965e-75,3.5130592837900985e-76,2.244512373063882e-77,1.4340309644310192e-78,9.162100559685479e-80,5.853715069471709e-81,3.7399698782324293e-82,2.3894867659399476e-83,1.5266558797261275e-84,9.753886099409056e-86,6.231810017154126e-87,3.9815367633066174e-88
La149,28930507631239.09,1086666891291.8976,40052494100.28776,1476227889.4448473,54409813.35259397,2005400.257066478,73913.69209411996,2724.2610844061855,100.40898033559844,3.70080657457697,0.13640183633631053,0.005027407020872033,0.00018529678215765502,6.829544004580289e-06,2.5171873341445194e-07,9.277679550681787e-09,3.41950464622023e-10,1.2603379930989817e-11,4.645268894734725e-13,1.712121924637976e-14,6.310423683220277e-16,2.3258534622274367e-17,8.572474051369527e-19,3.1595847526449954e-20,1.1645384692126158e-21,4.2921774614236333e-23,1.5819818621199616e-24,5.830762205359639e-26,2.149063065103104e-27,7.920871911986139e-29,2.9194216244687502e-30,1.0760207608607358e-31,3.965924853399709e-33,1.4617338730743305e-34,5.3875602657001086e-36,1.9857106790241746e-37,7.318798688701538e-39,2.6975135306248326e-40,9.942313701205274e-42,3.664471025295555e-43,1.3506260513186975e-44,4.9780465390734166e-46,1.8347748676242187e-47,6.762489640147209e-49,2.492472888094118e-50,9.186588709877859e-52,3.385930997587986e-53,1.247963643795217e-54,4.599660351448626e-56,1.6953118349143355e-57,6.248466186629285e-59,2.3030175854002925e-60,8.488307114492297e-62,3.1285630698915045e-63,1.1531047063056672e-64,4.250035668133078e-66,1.5664495237620895e-67,5.773514158699631e-69,2.127962965614697e-70,7.843102586324297e-72,2.8907579301709065e-73,1.065456089458379e-74,3.926986299045894e-76,1.447382162950843e-77,5.334663699074392e-79,1.9662144187408102e-80,7.246940685567573e-82,2.6710285917732153e-83,9.844697297272336e-85,3.628492228553058e-86,1.3373652287224545e-87,4.929170692227397e-89,1.816760537158834e-90,6.696093634132538e-92,2.4680010953557085e-93,9.096392224309235e-95,3.3526869843851374e-96,1.235710789298018e-97,4.55449960553824e-99,1.678666791331645e-100,6.187117005989214e-102,2.280405917569504e-103,8.404966552034e-105,3.0978459666559424e-106,1.1417832032661804e-107,4.208307634701613e-109
La150,3774151674456.5977,67578325189.51451,1201253688.371296,21353070.880273808,379564.8158798355,6747.0131233827,119.93257589373079,2.131880062698616,0.03789556396886691,0.0006736184617724899,1.197400921156692e-05,2.1284585375142833e-07,3.783474411846221e-09,6.725373491095808e-11,1.1954791726122192e-12,2.1250425036494608e-14,3.777402187985734e-16,6.714579715603254e-18,1.1935605083458728e-19,2.1216319522909562e-21,3.771339709639195e-23,6.703803263399819e-25,1.19164492340759e-26,2.1182268746396996e-28,3.765286961165678e-30,6.693044106682762e-32,1.1897324128552574e-33,2.1148272619107687e-35,3.7592439269494173e-37,6.682302217694012e-39,1.18782297175469e-40,2.1114331053333252e-42,3.753210591399663e-44,6.6715775687199985e-46,1.185916595179621e-47,2.1080443961506013e-49,3.747186938950694e-51,6.660870132091637e-53,1.1840132782116915e-54,2.1046611256199007e-56,3.7411729540617965e-58,6.650179880184288e-60,1.182113015940438e-61,2.1012832850125474e-63,3.7351686212171714e-65,6.6395067854176e-67,1.1802158034632744e-68,2.097910865613872e-70,3.7291739249259316e-72,6.628850820255516e-74,1.178321635885485e-75,2.094543858723205e-77,3.723188849722055e-79,6.61821195720616e-81,1.1764305083202114e-82,2.0911822556538257e-84,3.7172133801643394e-86,6.607590168821787e-88,1.174542415888434e-89,2.0878260477329656e-91,3.7112475008363614e-93,6.596985427698704e-95,1.1726573537189696e-96,2.0844752263017744e-98,3.7052911963464567e-100,6.586397706477203e-102,1.1707753169484485e-103,2.0811297827152907e-105,3.699344451327632e-107,6.575826977841463e-109,1.1688963007213064e-110,2.077789708342437e-112,3.6934072504375855e-114,6.565273214519525e-116,1.167020300189773e-117,2.0744549945659786e-119,3.68747957835862e-121,6.55473638928318e-123,1.1651473105138552e-124,2.071125632782515e-126,3.681561419797627e-128,6.544216474947937e-130,1.1632773268613342e-131,2.0678016144024613e-133,3.6756527594860517e-135,6.533713444372939e-137
La151,371896241606.27466,4327947506.35409,50308570.359992854,584792.6439256592,6797.69736916598,79.01722089486502,0.9185053200910508,0.010676812136408467,0.00012410849986678246,1.4426515651294848e-06,1.6769548746496405e-08,1.9493117531528057e-10,2.2659025406235472e-12,2.63391133578302e-14,3.0616890181239566e-16,3.558942746610763e-18,4.1369562351614863e-20,4.808845803417272e-22,5.5898580131199305e-24,6.497715644081713e-26,7.553019860656415e-28,8.77971769469954e-30,1.0205645453171244e-31,1.1863160381422637e-33,1.378987491590986e-35,1.6029510188046172e-37,1.863288814695699e-39,2.1659084814451724e-41,2.517677084194949e-43,2.9265769789363304e-45,3.4018869486508366e-47,3.95439275805657e-49,4.596631904882042e-51,5.343178121579306e-53,6.210972083407751e-55,7.219705827337886e-57,8.392269605033843e-59,9.755271309931551e-61,1.1339640265285545e-62,1.318132907438198e-64,1.5322129459348634e-66,1.7810620601629018e-68,2.0703271503924323e-70,2.4065722388472054e-72,2.797427420923428e-74,3.2517620078102935e-76,3.779885789475808e-78,4.3937829850906724e-80,5.107384189708432e-82,5.93688248823362e-84,6.901100909956635e-86,8.021919561957525e-88,9.324772133917577e-90,1.0839223041058223e-91,1.2599638301772353e-93,1.4645965373546757e-95,1.7024639643263162e-97,1.9789638142014723e-99,2.3003704395402932e-101,2.673977220369765e-103,3.108262066037204e-105,3.613079796480041e-107,4.1998857684402165e-109,4.881995821163736e-111,5.674888440290077e-113,6.596555996654108e-115,7.667913030334217e-117,8.913270844754765e-119,1.0360889180363144e-120,1.2043617486496283e-122,1.3999640343219566e-124,1.6273343948298886e-126,1.891632333168451e-128,2.1988553153283346e-130,2.5559748651838623e-132,2.9710947627657575e-134,3.453634935764174e-136,4.0145452171399504e-138,4.666553819445647e-140,5.4244561642518956e-142,6.30545062081505e-144,7.329528772589899e-146,8.519929067540448e-148,9.903664146511178e-150,1.151213381582831e-151,1.3381837573745339e-153
La152,16387824724.18784,7541081.210987752,3467.946553512732,1.5948176183657008,0.0007334147733040964,3.3727820880976876e-07,1.5510539776209134e-10,7.132890233209676e-14,3.280229045094716e-17,1.508491261815087e-20,6.937155472040431e-24,3.1902157646810148e-27,1.4670965161785204e-30,6.746791899194202e-34,3.1026725528324805e-37,1.4268376902583536e-40,6.561652123048625e-44,3.017531628009672e-47,1.3876836131032476e-50,6.381592796578004e-54,2.9347270686770196e-57,1.3496039691288263e-60,6.206474506364876e-64,2.854194762262156e-67,1.3125692746454337e-70,6.036161664657274e-74,2.775872355515892e-77,1.2765508550299652e-80,5.870522404388008e-84,2.6996992062343335e-87,1.2415208225241567e-90,5.709428477074817e-94,2.625616336305837e-97,1.2074520546420972e-100,5.5527551535221675e-104,2.5535663860463823e-107,1.174318173170275e-110,5.400381127247984e-114,2.4834935697880437e-117,1.1420935237438732e-120,5.252188420560401e-124,2.4153436326861692e-127,1.11075315598353e-130,5.108062293211925e-134,2.3490638087118215e-137,1.0802728041771647e-140,4.967891153560225e-144,2.2846027797969498e-147,1.0506288684919103e-150,4.8315664721667585e-154,2.2219106361006722e-157,1.0217983967016208e-160,4.6989826977663206e-164,2.1609388373658845e-167,9.937590664157932e-171,4.570037175542593e-174,2.101640175336307e-177,9.6648916779615e-181,4.444630067646175e-184,2.0439687372048338e-187,9.399675867474916e-191,4.3226642758937684e-194,1.9878798700648974e-197,9.141737885698235e-201,4.2040453665885824e-204,1.9333301463373794e-207,8.890878020590812e-211,4.088681497403726e-214,1.8802773301461505e-217,8.646902040441429e-221,3.9764833462720367e-224,1.828680344616418e-227,8.409621043481791e-231,3.867364042227196e-234,1.7784992400703384e-237,8.178851311626665e-241,3.7612390981427465e-244,1.729695163095468e-247,7.954414168227679e-251,3.658026345316724e-254,1.682230326461952e-257,7.736135839730437e-261,3.557645869851423e-264,1.6360679798652442e-267,7.52384732112791e-271,3.460019950778952e-274
La153,513373200.310563,20390.61317285691,0.8098544213168999,3.2165005433405144e-05,1.2774982111583017e-09,5.073842387160732e-14,2.01517906991095e-18,8.003691037158179e-23,3.178827687065889e-27,1.262535674745958e-31,5.0144156491776206e-36,1.991576539631393e-40,7.909948816988591e-45,3.1415960693611773e-49,1.2477483851511288e-53,4.955684939355781e-58,1.968250451006043e-62,7.817304540730344e-67,3.104800522275384e-71,1.2331342898176113e-75,4.897642105553314e-80,1.9451975662469435e-84,7.725745348854061e-89,3.068435938386469e-93,1.218691360229494e-97,4.84027909110923e-102,1.9224146854883228e-106,7.635258532445986e-111,3.032497270092422e-115,1.2044175916296057e-119,4.7835879337251615e-124,1.8998986463424292e-128,7.545831531443913e-133,2.9969795289106513e-137,1.1903110027412448e-141,4.727560764360193e-146,1.877646323460595e-150,7.457451932893814e-155,2.9618777847855325e-159,1.1763696354931586e-163,4.672189806138511e-168,1.855654628099381e-172,7.370107469226758e-177,2.9271871654040895e-181,1.1625915547477602e-185,4.617467373270024e-190,1.8339205076918925e-194,7.283786016556237e-199,2.892902855519702e-203,1.1489748480325132e-207,4.5633858699834383e-212,1.8124409454240056e-216,7.198475592995144e-221,2.859020096283708e-225,1.1355176252744744e-229,4.509937789472008e-234,1.7912129598156833e-238,7.114164356992788e-243,2.8255341845848688e-247,1.1222180185379398e-251,4.457115712851477e-256,1.7702336043070687e-260,7.030840605691084e-265,2.792440472396537e-269,1.1090741817651738e-273,4.404912308130374e-278,1.7494999668495354e-282,6.948492773300251e-287,2.759734366131498e-291,1.0960842905201541e-295,4.353320329192234e-300,1.7290091695014507e-304,6.867109429493324e-309,2.727411326e-313,1.0832463e-317,4.3e-322,0.0,0.0,0.0,0.0,0.0,0.0,0.0,0.0,0.0,0.0
La154,5271828.560683516,1.3195513215319834,3.302868577977897e-07,8.267159196755296e-14,2.0692897574004857e-20,5.1794818488110764e-27,1.2964367182614613e-33,3.245012172100487e-40,8.12234322644095e-47,2.0330419730107642e-53,5.088752775884126e-60,1.2737270138953142e-66,3.1881692378832445e-73,7.98006399997766e-80,1.9974291416857187e-86,4.999613005693331e-93,1.2514151158124476e-99,3.1323220223256205e-106,7.840277081179621e-113,1.9624401409415572e-119,4.9120346983952345e-126,1.2294940556333279e-132,3.077453083406659e-139,7.702938812250429e-146,1.928064043127229e-152,4.825990501817401e-159,1.2079569870436566e-165,3.0235452846376066e-172,7.568006300148092e-179,1.8942901120115362e-185,4.7414535429158675e-192,1.1867971836561297e-198,2.9705817897098645e-205,7.435437403188759e-212,1.861107799430028e-218,4.65839741938225e-225,1.1660080369096918e-231,2.9185460572367496e-238,7.305190717885159e-245,1.8285067419906246e-251,4.576796191397843e-258,1.145583054005562e-264,2.8674218355873334e-271,7.177225566015665e-278,1.7964767578369795e-284,4.496624373532221e-291,1.1255158558794373e-297,2.8171931578107923e-304,7.0515019819196e-311,1.765008e-317,5e-324,0.0,0.0,0.0,0.0,0.0,0.0,0.0,0.0,0.0,0.0,0.0,0.0,0.0,0.0,0.0,0.0,0.0,0.0,0.0,0.0,0.0,0.0,0.0,0.0,0.0,0.0,0.0,0.0,0.0,0.0,0.0,0.0,0.0,0.0,0.0
La155,10645.912641829826,7.031046537338391e-05,4.643623996685464e-13,3.0668612002610707e-21,2.025495093569238e-29,1.337729393727963e-37,8.834975392067575e-46,5.83502093505714e-54,3.8537141080352534e-62,2.5451686620768785e-70,1.680945533793331e-78,1.1101731408534829e-86,7.332090052264695e-95,4.842446872132898e-103,3.1981729005342466e-111,2.1122193328693104e-119,1.395006039042352e-127,9.213256496052741e-136,6.084855039074204e-144,4.018715951564967e-152,2.6541434094410102e-160,1.7529174300402817e-168,1.1577066655890216e-176,7.646023141651638e-185,5.049782610772829e-193,3.335106884146216e-201,2.2026567846605179e-209,1.4547350593391978e-217,9.607734203569016e-226,6.345386119198936e-234,4.190782566275151e-242,2.767784054095188e-250,1.8279708977868807e-258,1.2072754007711524e-266,7.973397689600826e-275,5.265995702051317e-283,3.47790387656072e-291,2.2969664350246766e-299,1.5170214562822923e-307,1.0019102e-315,5e-324,0.0,0.0,0.0,0.0,0.0,0.0,0.0,0.0,0.0,0.0,0.0,0.0,0.0,0.0,0.0,0.0,0.0,0.0,0.0,0.0,0.0,0.0,0.0,0.0,0.0,0.0,0.0,0.0,0.0,0.0,0.0,0.0,0.0,0.0,0.0,0.0,0.0,0.0,0.0,0.0,0.0,0.0,0.0,0.0,0.0
Li11,0.0,0.0,0.0,0.0,0.0,0.0,0.0,0.0,0.0,0.0,0.0,0.0,0.0,0.0,0.0,0.0,0.0,0.0,0.0,0.0,0.0,0.0,0.0,0.0,0.0,0.0,0.0,0.0,0.0,0.0,0.0,0.0,0.0,0.0,0.0,0.0,0.0,0.0,0.0,0.0,0.0,0.0,0.0,0.0,0.0,0.0,0.0,0.0,0.0,0.0,0.0,0.0,0.0,0.0,0.0,0.0,0.0,0.0,0.0,0.0,0.0,0.0,0.0,0.0,0.0,0.0,0.0,0.0,0.0,0.0,0.0,0.0,0.0,0.0,0.0,0.0,0.0,0.0,0.0,0.0,0.0,0.0,0.0,0.0,0.0,0.0
Li9,0.0,0.0,0.0,0.0,0.0,0.0,0.0,0.0,0.0,0.0,0.0,0.0,0.0,0.0,0.0,0.0,0.0,0.0,0.0,0.0,0.0,0.0,0.0,0.0,0.0,0.0,0.0,0.0,0.0,0.0,0.0,0.0,0.0,0.0,0.0,0.0,0.0,0.0,0.0,0.0,0.0,0.0,0.0,0.0,0.0,0.0,0.0,0.0,0.0,0.0,0.0,0.0,0.0,0.0,0.0,0.0,0.0,0.0,0.0,0.0,0.0,0.0,0.0,0.0,0.0,0.0,0.0,0.0,0.0,0.0,0.0,0.0,0.0,0.0,0.0,0.0,0.0,0.0,0.0,0.0,0.0,0.0,0.0,0.0,0.0,0.0
Mg30,0.0,0.0,0.0,0.0,0.0,0.0,0.0,0.0,0.0,0.0,0.0,0.0,0.0,0.0,0.0,0.0,0.0,0.0,0.0,0.0,0.0,0.0,0.0,0.0,0.0,0.0,0.0,0.0,0.0,0.0,0.0,0.0,0.0,0.0,0.0,0.0,0.0,0.0,0.0,0.0,0.0,0.0,0.0,0.0,0.0,0.0,0.0,0.0,0.0,0.0,0.0,0.0,0.0,0.0,0.0,0.0,0.0,0.0,0.0,0.0,0.0,0.0,0.0,0.0,0.0,0.0,0.0,0.0,0.0,0.0,0.0,0.0,0.0,0.0,0.0,0.0,0.0,0.0,0.0,0.0,0.0,0.0,0.0,0.0,0.0,0.0
Mg31,0.0,0.0,0.0,0.0,0.0,0.0,0.0,0.0,0.0,0.0,0.0,0.0,0.0,0.0,0.0,0.0,0.0,0.0,0.0,0.0,0.0,0.0,0.0,0.0,0.0,0.0,0.0,0.0,0.0,0.0,0.0,0.0,0.0,0.0,0.0,0.0,0.0,0.0,0.0,0.0,0.0,0.0,0.0,0.0,0.0,0.0,0.0,0.0,0.0,0.0,0.0,0.0,0.0,0.0,0.0,0.0,0.0,0.0,0.0,0.0,0.0,0.0,0.0,0.0,0.0,0.0,0.0,0.0,0.0,0.0,0.0,0.0,0.0,0.0,0.0,0.0,0.0,0.0,0.0,0.0,0.0,0.0,0.0,0.0,0.0,0.0
Mg32,0.0,0.0,0.0,0.0,0.0,0.0,0.0,0.0,0.0,0.0,0.0,0.0,0.0,0.0,0.0,0.0,0.0,0.0,0.0,0.0,0.0,0.0,0.0,0.0,0.0,0.0,0.0,0.0,0.0,0.0,0.0,0.0,0.0,0.0,0.0,0.0,0.0,0.0,0.0,0.0,0.0,0.0,0.0,0.0,0.0,0.0,0.0,0.0,0.0,0.0,0.0,0.0,0.0,0.0,0.0,0.0,0.0,0.0,0.0,0.0,0.0,0.0,0.0,0.0,0.0,0.0,0.0,0.0,0.0,0.0,0.0,0.0,0.0,0.0,0.0,0.0,0.0,0.0,0.0,0.0,0.0,0.0,0.0,0.0,0.0,0.0
Mg33,0.0,0.0,0.0,0.0,0.0,0.0,0.0,0.0,0.0,0.0,0.0,0.0,0.0,0.0,0.0,0.0,0.0,0.0,0.0,0.0,0.0,0.0,0.0,0.0,0.0,0.0,0.0,0.0,0.0,0.0,0.0,0.0,0.0,0.0,0.0,0.0,0.0,0.0,0.0,0.0,0.0,0.0,0.0,0.0,0.0,0.0,0.0,0.0,0.0,0.0,0.0,0.0,0.0,0.0,0.0,0.0,0.0,0.0,0.0,0.0,0.0,0.0,0.0,0.0,0.0,0.0,0.0,0.0,0.0,0.0,0.0,0.0,0.0,0.0,0.0,0.0,0.0,0.0,0.0,0.0,0.0,0.0,0.0,0.0,0.0,0.0
Mg34,0.0,0.0,0.0,0.0,0.0,0.0,0.0,0.0,0.0,0.0,0.0,0.0,0.0,0.0,0.0,0.0,0.0,0.0,0.0,0.0,0.0,0.0,0.0,0.0,0.0,0.0,0.0,0.0,0.0,0.0,0.0,0.0,0.0,0.0,0.0,0.0,0.0,0.0,0.0,0.0,0.0,0.0,0.0,0.0,0.0,0.0,0.0,0.0,0.0,0.0,0.0,0.0,0.0,0.0,0.0,0.0,0.0,0.0,0.0,0.0,0.0,0.0,0.0,0.0,0.0,0.0,0.0,0.0,0.0,0.0,0.0,0.0,0.0,0.0,0.0,0.0,0.0,0.0,0.0,0.0,0.0,0.0,0.0,0.0,0.0,0.0
Mg35,0.0,0.0,0.0,0.0,0.0,0.0,0.0,0.0,0.0,0.0,0.0,0.0,0.0,0.0,0.0,0.0,0.0,0.0,0.0,0.0,0.0,0.0,0.0,0.0,0.0,0.0,0.0,0.0,0.0,0.0,0.0,0.0,0.0,0.0,0.0,0.0,0.0,0.0,0.0,0.0,0.0,0.0,0.0,0.0,0.0,0.0,0.0,0.0,0.0,0.0,0.0,0.0,0.0,0.0,0.0,0.0,0.0,0.0,0.0,0.0,0.0,0.0,0.0,0.0,0.0,0.0,0.0,0.0,0.0,0.0,0.0,0.0,0.0,0.0,0.0,0.0,0.0,0.0,0.0,0.0,0.0,0.0,0.0,0.0,0.0,0.0
Mg36,0.0,0.0,0.0,0.0,0.0,0.0,0.0,0.0,0.0,0.0,0.0,0.0,0.0,0.0,0.0,0.0,0.0,0.0,0.0,0.0,0.0,0.0,0.0,0.0,0.0,0.0,0.0,0.0,0.0,0.0,0.0,0.0,0.0,0.0,0.0,0.0,0.0,0.0,0.0,0.0,0.0,0.0,0.0,0.0,0.0,0.0,0.0,0.0,0.0,0.0,0.0,0.0,0.0,0.0,0.0,0.0,0.0,0.0,0.0,0.0,0.0,0.0,0.0,0.0,0.0,0.0,0.0,0.0,0.0,0.0,0.0,0.0,0.0,0.0,0.0,0.0,0.0,0.0,0.0,0.0,0.0,0.0,0.0,0.0,0.0,0.0
Mg37,0.0,0.0,0.0,0.0,0.0,0.0,0.0,0.0,0.0,0.0,0.0,0.0,0.0,0.0,0.0,0.0,0.0,0.0,0.0,0.0,0.0,0.0,0.0,0.0,0.0,0.0,0.0,0.0,0.0,0.0,0.0,0.0,0.0,0.0,0.0,0.0,0.0,0.0,0.0,0.0,0.0,0.0,0.0,0.0,0.0,0.0,0.0,0.0,0.0,0.0,0.0,0.0,0.0,0.0,0.0,0.0,0.0,0.0,0.0,0.0,0.0,0.0,0.0,0.0,0.0,0.0,0.0,0.0,0.0,0.0,0.0,0.0,0.0,0.0,0.0,0.0,0.0,0.0,0.0,0.0,0.0,0.0,0.0,0.0,0.0,0.0
Mn61,0.0,0.0,0.0,0.0,0.0,0.0,0.0,0.0,0.0,0.0,0.0,0.0,0.0,0.0,0.0,0.0,0.0,0.0,0.0,0.0,0.0,0.0,0.0,0.0,0.0,0.0,0.0,0.0,0.0,0.0,0.0,0.0,0.0,0.0,0.0,0.0,0.0,0.0,0.0,0.0,0.0,0.0,0.0,0.0,0.0,0.0,0.0,0.0,0.0,0.0,0.0,0.0,0.0,0.0,0.0,0.0,0.0,0.0,0.0,0.0,0.0,0.0,0.0,0.0,0.0,0.0,0.0,0.0,0.0,0.0,0.0,0.0,0.0,0.0,0.0,0.0,0.0,0.0,0.0,0.0,0.0,0.0,0.0,0.0,0.0,0.0
Mn62,0.0,0.0,0.0,0.0,0.0,0.0,0.0,0.0,0.0,0.0,0.0,0.0,0.0,0.0,0.0,0.0,0.0,0.0,0.0,0.0,0.0,0.0,0.0,0.0,0.0,0.0,0.0,0.0,0.0,0.0,0.0,0.0,0.0,0.0,0.0,0.0,0.0,0.0,0.0,0.0,0.0,0.0,0.0,0.0,0.0,0.0,0.0,0.0,0.0,0.0,0.0,0.0,0.0,0.0,0.0,0.0,0.0,0.0,0.0,0.0,0.0,0.0,0.0,0.0,0.0,0.0,0.0,0.0,0.0,0.0,0.0,0.0,0.0,0.0,0.0,0.0,0.0,0.0,0.0,0.0,0.0,0.0,0.0,0.0,0.0,0.0
Mn62_m1,0.0,0.0,0.0,0.0,0.0,0.0,0.0,0.0,0.0,0.0,0.0,0.0,0.0,0.0,0.0,0.0,0.0,0.0,0.0,0.0,0.0,0.0,0.0,0.0,0.0,0.0,0.0,0.0,0.0,0.0,0.0,0.0,0.0,0.0,0.0,0.0,0.0,0.0,0.0,0.0,0.0,0.0,0.0,0.0,0.0,0.0,0.0,0.0,0.0,0.0,0.0,0.0,0.0,0.0,0.0,0.0,0.0,0.0,0.0,0.0,0.0,0.0,0.0,0.0,0.0,0.0,0.0,0.0,0.0,0.0,0.0,0.0,0.0,0.0,0.0,0.0,0.0,0.0,0.0,0.0,0.0,0.0,0.0,0.0,0.0,0.0
Mn63,0.0,0.0,0.0,0.0,0.0,0.0,0.0,0.0,0.0,0.0,0.0,0.0,0.0,0.0,0.0,0.0,0.0,0.0,0.0,0.0,0.0,0.0,0.0,0.0,0.0,0.0,0.0,0.0,0.0,0.0,0.0,0.0,0.0,0.0,0.0,0.0,0.0,0.0,0.0,0.0,0.0,0.0,0.0,0.0,0.0,0.0,0.0,0.0,0.0,0.0,0.0,0.0,0.0,0.0,0.0,0.0,0.0,0.0,0.0,0.0,0.0,0.0,0.0,0.0,0.0,0.0,0.0,0.0,0.0,0.0,0.0,0.0,0.0,0.0,0.0,0.0,0.0,0.0,0.0,0.0,0.0,0.0,0.0,0.0,0.0,0.0
Mn64,0.0,0.0,0.0,0.0,0.0,0.0,0.0,0.0,0.0,0.0,0.0,0.0,0.0,0.0,0.0,0.0,0.0,0.0,0.0,0.0,0.0,0.0,0.0,0.0,0.0,0.0,0.0,0.0,0.0,0.0,0.0,0.0,0.0,0.0,0.0,0.0,0.0,0.0,0.0,0.0,0.0,0.0,0.0,0.0,0.0,0.0,0.0,0.0,0.0,0.0,0.0,0.0,0.0,0.0,0.0,0.0,0.0,0.0,0.0,0.0,0.0,0.0,0.0,0.0,0.0,0.0,0.0,0.0,0.0,0.0,0.0,0.0,0.0,0.0,0.0,0.0,0.0,0.0,0.0,0.0,0.0,0.0,0.0,0.0,0.0,0.0
Mn65,0.0,0.0,0.0,0.0,0.0,0.0,0.0,0.0,0.0,0.0,0.0,0.0,0.0,0.0,0.0,0.0,0.0,0.0,0.0,0.0,0.0,0.0,0.0,0.0,0.0,0.0,0.0,0.0,0.0,0.0,0.0,0.0,0.0,0.0,0.0,0.0,0.0,0.0,0.0,0.0,0.0,0.0,0.0,0.0,0.0,0.0,0.0,0.0,0.0,0.0,0.0,0.0,0.0,0.0,0.0,0.0,0.0,0.0,0.0,0.0,0.0,0.0,0.0,0.0,0.0,0.0,0.0,0.0,0.0,0.0,0.0,0.0,0.0,0.0,0.0,0.0,0.0,0.0,0.0,0.0,0.0,0.0,0.0,0.0,0.0,0.0
Mn66,257539.1073929491,7.84286575606901e-19,2.379613204363328e-42,7.220012656723702e-66,2.1906326064952896e-89,6.646624382536717e-113,2.0166601899169965e-136,6.118772609268315e-160,1.8565040571100399e-183,5.632840986516386e-207,1.7090669669082384e-230,5.185500361840243e-254,1.5733388172196208e-277,4.7736859724980475e-301,0.0,0.0,0.0,0.0,0.0,0.0,0.0,0.0,0.0,0.0,0.0,0.0,0.0,0.0,0.0,0.0,0.0,0.0,0.0,0.0,0.0,0.0,0.0,0.0,0.0,0.0,0.0,0.0,0.0,0.0,0.0,0.0,0.0,0.0,0.0,0.0,0.0,0.0,0.0,0.0,0.0,0.0,0.0,0.0,0.0,0.0,0.0,0.0,0.0,0.0,0.0,0.0,0.0,0.0,0.0,0.0,0.0,0.0,0.0,0.0,0.0,0.0,0.0,0.0,0.0,0.0,0.0,0.0,0.0,0.0,0.0,0.0
Mn67,191451.4382211529,1.8096352340276387e-27,1.710512554390266e-59,1.6176930955035818e-91,1.5988391118833377e-123,7.014748606503344e-155,4.407797351558685e-185,3.466497133905174e-215,2.7344834779907246e-245,2.1571261609734475e-275,1.701672487034485e-305,0.0,0.0,0.0,0.0,0.0,0.0,0.0,0.0,0.0,0.0,0.0,0.0,0.0,0.0,0.0,0.0,0.0,0.0,0.0,0.0,0.0,0.0,0.0,0.0,0.0,0.0,0.0,0.0,0.0,0.0,0.0,0.0,0.0,0.0,0.0,0.0,0.0,0.0,0.0,0.0,0.0,0.0,0.0,0.0,0.0,0.0,0.0,0.0,0.0,0.0,0.0,0.0,0.0,0.0,0.0,0.0,0.0,0.0,0.0,0.0,0.0,0.0,0.0,0.0,0.0,0.0,0.0,0.0,0.0,0.0,0.0,0.0,0.0,0.0,0.0
Mn68,23407.957528541512,3.730626004885067e-43,5.945657741114202e-90,9.475848270017022e-137,1.510206344631534e-183,2.4068802479477603e-230,3.83594768261586e-277,5e-324,0.0,0.0,0.0,0.0,0.0,0.0,0.0,0.0,0.0,0.0,0.0,0.0,0.0,0.0,0.0,0.0,0.0,0.0,0.0,0.0,0.0,0.0,0.0,0.0,0.0,0.0,0.0,0.0,0.0,0.0,0.0,0.0,0.0,0.0,0.0,0.0,0.0,0.0,0.0,0.0,0.0,0.0,0.0,0.0,0.0,0.0,0.0,0.0,0.0,0.0,0.0,0.0,0.0,0.0,0.0,0.0,0.0,0.0,0.0,0.0,0.0,0.0,0.0,0.0,0.0,0.0,0.0,0.0,0.0,0.0,0.0,0.0,0.0,0.0,0.0,0.0,0.0,0.0
Mn69,2737.638232339578,-3.024953079896947e-45,3.3424215908030158e-93,-3.69320838888649e-141,4.0808102249208895e-189,-4.509090833305487e-237,4.982319446964728e-285,-0.0,0.0,0.0,0.0,0.0,0.0,0.0,0.0,0.0,0.0,0.0,0.0,0.0,0.0,0.0,0.0,0.0,0.0,0.0,0.0,0.0,0.0,0.0,0.0,0.0,0.0,0.0,0.0,0.0,0.0,0.0,0.0,0.0,0.0,0.0,0.0,0.0,0.0,0.0,0.0,0.0,0.0,0.0,0.0,0.0,0.0,0.0,0.0,0.0,0.0,0.0,0.0,0.0,0.0,0.0,0.0,0.0,0.0,0.0,0.0,0.0,0.0,0.0,0.0,0.0,0.0,0.0,0.0,0.0,0.0,0.0,0.0,0.0,0.0,0.0,0.0,0.0,0.0,0.0
Mo109,5619596951614.239,8398452049.505747,12142098.286717057,17554.486276345295,25.379467465094198,0.036692464745022135,5.304827498513849e-05,7.669475186402255e-08,1.1088173866411044e-10,1.603077090721188e-13,2.3176549987007977e-16,3.3507588150899613e-19,4.84437271431551e-22,7.003770874083203e-25,1.01257292428597e-27,1.4639312813488538e-30,2.1164843984179517e-33,3.05991562979597e-36,4.42388503712499e-39,6.395849163659245e-42,9.246824042892701e-45,1.336863216944589e-47,1.9327752453482825e-50,2.7943174003761597e-53,4.0398953540187507e-56,5.84069457149902e-59,8.444207111355727e-62,1.2208245589046493e-64,1.7650118998389234e-67,2.5517728848509498e-70,3.6892356683004725e-73,5.3337269539390925e-76,7.711256687562573e-79,1.1148579635776678e-81,1.6118102785467128e-84,2.330281039292094e-87,3.3690129628534095e-90,4.870763720122939e-93,7.041925774358654e-96,1.0180891839755486e-98,1.4719064354557177e-101,2.1280145087839276e-104,3.0765853321327775e-107,4.4479853247352257e-110,6.430692249106159e-113,9.29719857049566e-116,1.3441461340533136e-118,1.943304551355997e-121,2.8095401858821613e-124,4.06190375593925e-127,5.8725133049958064e-130,8.490209170251093e-133,1.2274753246330397e-135,1.7746272705062535e-138,2.5656743447498454e-141,3.709333758536056e-144,5.362783846816208e-147,7.753265804537145e-150,1.1209314481599548e-152,1.6205910427302603e-155,2.3429758635898156e-158,3.3873665549305105e-161,4.897298497937312e-164,7.080288533577696e-167,1.023635494953517e-169,1.4799250363307735e-172,2.139607432485619e-175,3.0933458470963415e-178,4.472216905057184e-181,6.465725151506586e-184,9.347847526704504e-187,1.351468726785493e-189,1.953891218552116e-192,2.824845901551534e-195,4.0840320544690855e-198,5.904505379486338e-201,8.536461837568814e-204,1.234162322172499e-206,1.7842950234567097e-209,2.5796515365402567e-212,3.7295413384511783e-215,5.391999034827449e-218,7.795503777323456e-221,1.127038019661088e-223,1.6294196424566515e-226,2.3557398463114414e-229
Mo110,1404834564417.119,13602745.77446918,130.75564441604234,0.0012568801026738433,1.2081677997992269e-08,1.1613434164216797e-13,1.116333783345416e-18,1.0730685671582605e-23,1.0314801603265573e-28,9.915035755495983e-34,9.530763442085056e-39,9.161384187508773e-44,8.806320788586699e-49,8.465018412526877e-54,8.136943729927305e-59,7.821584081379343e-64,7.518446676370626e-69,7.227057823235716e-74,6.946962188951199e-79,6.677722087618556e-84,6.418916796522956e-89,6.170141898699225e-94,5.931008650977693e-99,5.701143376522369e-104,5.480186880912233e-109,5.2677938908531714e-114,5.063632514643506e-119,4.8673837235500165e-124,4.6787408532839694e-129,4.497409124798268e-134,4.323105183656785e-139,4.155556657256189e-144,3.994501729208266e-149,3.8396887302177235e-154,3.690875744816157e-159,3.547830233337633e-164,3.4103286685451746e-169,3.2781561863403515e-174,3.1511062500101576e-179,3.028980327486497e-184,2.911587581113974e-189,2.798744569441223e-194,2.690274960569738e-199,2.586009256612334e-204,2.485784528830626e-209,2.389444163037658e-214,2.2968376148678494e-219,2.207820174531818e-224,2.1222527406884896e-229,2.040001603081144e-234,1.9609382335977363e-239,1.8849390854289724e-244,1.8118854000103432e-249,1.741663021446403e-254,1.6741622181273153e-259,1.6092775112589263e-264,1.54690751003842e-269,1.4869547532179815e-274,1.4293255568089099e-279,1.3739298676881855e-284,1.3206811228787442e-289,1.2694961142835472e-294,1.2202948586621027e-299,1.1730004726462374e-304,1.127539052599816e-309,1.083839559e-314,1.04184e-319,0.0,0.0,0.0,0.0,0.0,0.0,0.0,0.0,0.0,0.0,0.0,0.0,0.0,0.0,0.0,0.0,0.0,0.0,0.0
Mo111,82254473240.38445,2451.478267584125,7.305974565697137e-05,2.1773500936320945e-12,6.489008944130268e-20,1.9338753652960953e-27,5.76339770941766e-35,1.7176263658457074e-42,5.118925469653959e-50,1.5255586712521288e-57,4.546519134200026e-65,1.3549682897925527e-72,4.0381201797502064e-80,1.203453594371745e-87,3.586571199809765e-95,1.0688815116315444e-102,3.1855151403890595e-110,9.493574918475976e-118,2.82930580332161e-125,8.431988368396836e-133,2.5129283572426103e-140,7.489110103972628e-148,2.2319287371553974e-155,6.651665977106726e-163,1.982350938650003e-170,5.907866175919811e-178,1.7606813239812386e-185,5.247239243928339e-193,1.5637991559292005e-200,4.660484659460807e-208,1.388932663041602e-215,4.139341899876624e-223,1.23362001773019e-230,3.676474147230978e-238,1.0956746778580539e-245,3.2653649981560116e-253,9.73154603885421e-261,2.900226723806341e-268,8.643349182028638e-276,2.5759187883224152e-283,7.676836217410658e-291,2.287875478688092e-298,6.818400259876561e-306,2.03204162715e-313,6.057e-321,0.0,0.0,0.0,0.0,0.0,0.0,0.0,0.0,0.0,0.0,0.0,0.0,0.0,0.0,0.0,0.0,0.0,0.0,0.0,0.0,0.0,0.0,0.0,0.0,0.0,0.0,0.0,0.0,0.0,0.0,0.0,0.0,0.0,0.0,0.0,0.0,0.0,0.0,0.0,0.0,0.0
Mo112,3486277536.793148,19859.647492647397,0.11312185650672225,6.443495245454423e-07,3.670257212913277e-12,2.0906026148533174e-17,1.1908209805716408e-22,6.782994518875119e-28,3.863638228896822e-33,2.2007537116908278e-38,1.2535637688065505e-43,7.140381561629471e-49,4.067208235780311e-54,2.316708524666601e-59,1.3196123918728223e-64,7.516598856711649e-70,4.2815040780674953e-75,2.4387728439359756e-80,1.3891410298513826e-85,7.912638545302826e-91,4.507090885891571e-96,2.567268571334628e-101,1.4623330401420928e-106,8.32954504319558e-112,4.744563565347763e-117,2.7025345692817484e-122,1.5393814410045837e-127,8.768417795074281e-133,4.99454836734948e-138,2.84492755441086e-143,1.6204894205762373e-148,9.23041417391493e-154,5.25770453914551e-159,2.994823038284831e-164,1.7058708727096403e-169,9.716752533150465e-175,5.534726062853444e-180,3.152616317675937e-185,1.7957509610425992e-190,1.0228715419650682e-195,5.826343485594134e-201,3.31872351702248e-206,1.8903667127882934e-211,1.0767652955989859e-216,6.133325846053544e-222,3.4935826858110585e-227,1.989967643811412e-232,1.1334986400921581e-237,6.456482702552589e-243,3.677654953778468e-248,2.0948164166387516e-253,1.1932211897450232e-258,6.796666267973286e-264,3.871425746979665e-269,2.205189533139511e-274,1.2560904418383498e-279,7.154773657171375e-285,4.0754060679287695e-290,2.3213780637020094e-295,1.3222721919770863e-300,7.531749252802137e-306,4.290133843189e-311,2.4436884e-316,1.393e-321,0.0,0.0,0.0,0.0,0.0,0.0,0.0,0.0,0.0,0.0,0.0,0.0,0.0,0.0,0.0,0.0,0.0,0.0,0.0,0.0,0.0,0.0
Mo113,40044265.92231978,3.5566513619090753e-08,3.158940986044732e-23,2.8057032129111925e-38,2.4919650457910515e-53,2.2133095763186673e-68,1.9658138018018878e-83,1.7459933959091118e-98,1.5507536551854224e-113,1.3773459308067952e-128,1.2233289322043902e-143,1.0865343577787468e-158,9.650363688418268e-174,8.571244770310892e-189,7.612794634957767e-204,6.761519908378456e-219,6.005436066994568e-234,5.333898715593418e-249,4.737453732056339e-264,4.207704169140302e-279,3.737192039512697e-294,3.31929331977031e-309,5e-324,0.0,0.0,0.0,0.0,0.0,0.0,0.0,0.0,0.0,0.0,0.0,0.0,0.0,0.0,0.0,0.0,0.0,0.0,0.0,0.0,0.0,0.0,0.0,0.0,0.0,0.0,0.0,0.0,0.0,0.0,0.0,0.0,0.0,0.0,0.0,0.0,0.0,0.0,0.0,0.0,0.0,0.0,0.0,0.0,0.0,0.0,0.0,0.0,0.0,0.0,0.0,0.0,0.0,0.0,0.0,0.0,0.0,0.0,0.0,0.0,0.0,0.0,0.0
Mo114,1577664.938647108,2.4190232641598e-13,3.709072445740162e-32,5.687096363055117e-51,8.719987413516386e-70,1.3370299294706637e-88,2.0500591887660135e-107,3.143342257946196e-126,4.819665990491568e-145,7.3899621338335e-164,1.1330980289346364e-182,1.737371748222393e-201,2.6639006638810897e-220,4.084541350627356e-239,6.262800363087974e-258,9.602710566725072e-277,1.4723772894275483e-295,2.257586405e-314,0.0,0.0,0.0,0.0,0.0,0.0,0.0,0.0,0.0,0.0,0.0,0.0,0.0,0.0,0.0,0.0,0.0,0.0,0.0,0.0,0.0,0.0,0.0,0.0,0.0,0.0,0.0,0.0,0.0,0.0,0.0,0.0,0.0,0.0,0.0,0.0,0.0,0.0,0.0,0.0,0.0,0.0,0.0,0.0,0.0,0.0,0.0,0.0,0.0,0.0,0.0,0.0,0.0,0.0,0.0,0.0,0.0,0.0,0.0,0.0,0.0,0.0,0.0,0.0,0.0,0.0,0.0,0.0
Mo115,850.4866097092821,3.709724250589829e-14,1.6181388229167372e-30,7.058134441701585e-47,3.078676630929429e-63,1.3428831479647968e-79,5.857501015114507e-96,2.554974213062871e-112,1.1144502088129162e-128,4.861102948018639e-145,2.1203568974522374e-161,9.248751611824605e-178,4.034198510638e-194,1.7596707432845803e-210,7.675480313144064e-227,3.3479557617407333e-243,1.4603395911755747e-259,6.369832439022511e-276,2.778447256131758e-292,1.211926566201911e-308,0.0,0.0,0.0,0.0,0.0,0.0,0.0,0.0,0.0,0.0,0.0,0.0,0.0,0.0,0.0,0.0,0.0,0.0,0.0,0.0,0.0,0.0,0.0,0.0,0.0,0.0,0.0,0.0,0.0,0.0,0.0,0.0,0.0,0.0,0.0,0.0,0.0,0.0,0.0,0.0,0.0,0.0,0.0,0.0,0.0,0.0,0.0,0.0,0.0,0.0,0.0,0.0,0.0,0.0,0.0,0.0,0.0,0.0,0.0,0.0,0.0,0.0,0.0,0.0,0.0,0.0
N17,0.0,0.0,0.0,0.0,0.0,0.0,0.0,0.0,0.0,0.0,0.0,0.0,0.0,0.0,0.0,0.0,0.0,0.0,0.0,0.0,0.0,0.0,0.0,0.0,0.0,0.0,0.0,0.0,0.0,0.0,0.0,0.0,0.0,0.0,0.0,0.0,0.0,0.0,0.0,0.0,0.0,0.0,0.0,0.0,0.0,0.0,0.0,0.0,0.0,0.0,0.0,0.0,0.0,0.0,0.0,0.0,0.0,0.0,0.0,0.0,0.0,0.0,0.0,0.0,0.0,0.0,0.0,0.0,0.0,0.0,0.0,0.0,0.0,0.0,0.0,0.0,0.0,0.0,0.0,0.0,0.0,0.0,0.0,0.0,0.0,0.0
N18,0.0,0.0,0.0,0.0,0.0,0.0,0.0,0.0,0.0,0.0,0.0,0.0,0.0,0.0,0.0,0.0,0.0,0.0,0.0,0.0,0.0,0.0,0.0,0.0,0.0,0.0,0.0,0.0,0.0,0.0,0.0,0.0,0.0,0.0,0.0,0.0,0.0,0.0,0.0,0.0,0.0,0.0,0.0,0.0,0.0,0.0,0.0,0.0,0.0,0.0,0.0,0.0,0.0,0.0,0.0,0.0,0.0,0.0,0.0,0.0,0.0,0.0,0.0,0.0,0.0,0.0,0.0,0.0,0.0,0.0,0.0,0.0,0.0,0.0,0.0,0.0,0.0,0.0,0.0,0.0,0.0,0.0,0.0,0.0,0.0,0.0
N19,0.0,0.0,0.0,0.0,0.0,0.0,0.0,0.0,0.0,0.0,0.0,0.0,0.0,0.0,0.0,0.0,0.0,0.0,0.0,0.0,0.0,0.0,0.0,0.0,0.0,0.0,0.0,0.0,0.0,0.0,0.0,0.0,0.0,0.0,0.0,0.0,0.0,0.0,0.0,0.0,0.0,0.0,0.0,0.0,0.0,0.0,0.0,0.0,0.0,0.0,0.0,0.0,0.0,0.0,0.0,0.0,0.0,0.0,0.0,0.0,0.0,0.0,0.0,0.0,0.0,0.0,0.0,0.0,0.0,0.0,0.0,0.0,0.0,0.0,0.0,0.0,0.0,0.0,0.0,0.0,0.0,0.0,0.0,0.0,0.0,0.0
N20,0.0,0.0,0.0,0.0,0.0,0.0,0.0,0.0,0.0,0.0,0.0,0.0,0.0,0.0,0.0,0.0,0.0,0.0,0.0,0.0,0.0,0.0,0.0,0.0,0.0,0.0,0.0,0.0,0.0,0.0,0.0,0.0,0.0,0.0,0.0,0.0,0.0,0.0,0.0,0.0,0.0,0.0,0.0,0.0,0.0,0.0,0.0,0.0,0.0,0.0,0.0,0.0,0.0,0.0,0.0,0.0,0.0,0.0,0.0,0.0,0.0,0.0,0.0,0.0,0.0,0.0,0.0,0.0,0.0,0.0,0.0,0.0,0.0,0.0,0.0,0.0,0.0,0.0,0.0,0.0,0.0,0.0,0.0,0.0,0.0,0.0
N21,0.0,0.0,0.0,0.0,0.0,0.0,0.0,0.0,0.0,0.0,0.0,0.0,0.0,0.0,0.0,0.0,0.0,0.0,0.0,0.0,0.0,0.0,0.0,0.0,0.0,0.0,0.0,0.0,0.0,0.0,0.0,0.0,0.0,0.0,0.0,0.0,0.0,0.0,0.0,0.0,0.0,0.0,0.0,0.0,0.0,0.0,0.0,0.0,0.0,0.0,0.0,0.0,0.0,0.0,0.0,0.0,0.0,0.0,0.0,0.0,0.0,0.0,0.0,0.0,0.0,0.0,0.0,0.0,0.0,0.0,0.0,0.0,0.0,0.0,0.0,0.0,0.0,0.0,0.0,0.0,0.0,0.0,0.0,0.0,0.0,0.0
N22,0.0,0.0,0.0,0.0,0.0,0.0,0.0,0.0,0.0,0.0,0.0,0.0,0.0,0.0,0.0,0.0,0.0,0.0,0.0,0.0,0.0,0.0,0.0,0.0,0.0,0.0,0.0,0.0,0.0,0.0,0.0,0.0,0.0,0.0,0.0,0.0,0.0,0.0,0.0,0.0,0.0,0.0,0.0,0.0,0.0,0.0,0.0,0.0,0.0,0.0,0.0,0.0,0.0,0.0,0.0,0.0,0.0,0.0,0.0,0.0,0.0,0.0,0.0,0.0,0.0,0.0,0.0,0.0,0.0,0.0,0.0,0.0,0.0,0.0,0.0,0.0,0.0,0.0,0.0,0.0,0.0,0.0,0.0,0.0,0.0,0.0
N23,0.0,0.0,0.0,0.0,0.0,0.0,0.0,0.0,0.0,0.0,0.0,0.0,0.0,0.0,0.0,0.0,0.0,0.0,0.0,0.0,0.0,0.0,0.0,0.0,0.0,0.0,0.0,0.0,0.0,0.0,0.0,0.0,0.0,0.0,0.0,0.0,0.0,0.0,0.0,0.0,0.0,0.0,0.0,0.0,0.0,0.0,0.0,0.0,0.0,0.0,0.0,0.0,0.0,0.0,0.0,0.0,0.0,0.0,0.0,0.0,0.0,0.0,0.0,0.0,0.0,0.0,0.0,0.0,0.0,0.0,0.0,0.0,0.0,0.0,0.0,0.0,0.0,0.0,0.0,0.0,0.0,0.0,0.0,0.0,0.0,0.0
Na27,0.0,0.0,0.0,0.0,0.0,0.0,0.0,0.0,0.0,0.0,0.0,0.0,0.0,0.0,0.0,0.0,0.0,0.0,0.0,0.0,0.0,0.0,0.0,0.0,0.0,0.0,0.0,0.0,0.0,0.0,0.0,0.0,0.0,0.0,0.0,0.0,0.0,0.0,0.0,0.0,0.0,0.0,0.0,0.0,0.0,0.0,0.0,0.0,0.0,0.0,0.0,0.0,0.0,0.0,0.0,0.0,0.0,0.0,0.0,0.0,0.0,0.0,0.0,0.0,0.0,0.0,0.0,0.0,0.0,0.0,0.0,0.0,0.0,0.0,0.0,0.0,0.0,0.0,0.0,0.0,0.0,0.0,0.0,0.0,0.0,0.0
Na28,0.0,0.0,0.0,0.0,0.0,0.0,0.0,0.0,0.0,0.0,0.0,0.0,0.0,0.0,0.0,0.0,0.0,0.0,0.0,0.0,0.0,0.0,0.0,0.0,0.0,0.0,0.0,0.0,0.0,0.0,0.0,0.0,0.0,0.0,0.0,0.0,0.0,0.0,0.0,0.0,0.0,0.0,0.0,0.0,0.0,0.0,0.0,0.0,0.0,0.0,0.0,0.0,0.0,0.0,0.0,0.0,0.0,0.0,0.0,0.0,0.0,0.0,0.0,0.0,0.0,0.0,0.0,0.0,0.0,0.0,0.0,0.0,0.0,0.0,0.0,0.0,0.0,0.0,0.0,0.0,0.0,0.0,0.0,0.0,0.0,0.0
Na29,0.0,0.0,0.0,0.0,0.0,0.0,0.0,0.0,0.0,0.0,0.0,0.0,0.0,0.0,0.0,0.0,0.0,0.0,0.0,0.0,0.0,0.0,0.0,0.0,0.0,0.0,0.0,0.0,0.0,0.0,0.0,0.0,0.0,0.0,0.0,0.0,0.0,0.0,0.0,0.0,0.0,0.0,0.0,0.0,0.0,0.0,0.0,0.0,0.0,0.0,0.0,0.0,0.0,0.0,0.0,0.0,0.0,0.0,0.0,0.0,0.0,0.0,0.0,0.0,0.0,0.0,0.0,0.0,0.0,0.0,0.0,0.0,0.0,0.0,0.0,0.0,0.0,0.0,0.0,0.0,0.0,0.0,0.0,0.0,0.0,0.0
Na30,0.0,0.0,0.0,0.0,0.0,0.0,0.0,0.0,0.0,0.0,0.0,0.0,0.0,0.0,0.0,0.0,0.0,0.0,0.0,0.0,0.0,0.0,0.0,0.0,0.0,0.0,0.0,0.0,0.0,0.0,0.0,0.0,0.0,0.0,0.0,0.0,0.0,0.0,0.0,0.0,0.0,0.0,0.0,0.0,0.0,0.0,0.0,0.0,0.0,0.0,0.0,0.0,0.0,0.0,0.0,0.0,0.0,0.0,0.0,0.0,0.0,0.0,0.0,0.0,0.0,0.0,0.0,0.0,0.0,0.0,0.0,0.0,0.0,0.0,0.0,0.0,0.0,0.0,0.0,0.0,0.0,0.0,0.0,0.0,0.0,0.0
Na31,0.0,0.0,0.0,0.0,0.0,0.0,0.0,0.0,0.0,0.0,0.0,0.0,0.0,0.0,0.0,0.0,0.0,0.0,0.0,0.0,0.0,0.0,0.0,0.0,0.0,0.0,0.0,0.0,0.0,0.0,0.0,0.0,0.0,0.0,0.0,0.0,0.0,0.0,0.0,0.0,0.0,0.0,0.0,0.0,0.0,0.0,0.0,0.0,0.0,0.0,0.0,0.0,0.0,0.0,0.0,0.0,0.0,0.0,0.0,0.0,0.0,0.0,0.0,0.0,0.0,0.0,0.0,0.0,0.0,0.0,0.0,0.0,0.0,0.0,0.0,0.0,0.0,0.0,0.0,0.0,0.0,0.0,0.0,0.0,0.0,0.0
Na32,0.0,0.0,0.0,0.0,0.0,0.0,0.0,0.0,0.0,0.0,0.0,0.0,0.0,0.0,0.0,0.0,0.0,0.0,0.0,0.0,0.0,0.0,0.0,0.0,0.0,0.0,0.0,0.0,0.0,0.0,0.0,0.0,0.0,0.0,0.0,0.0,0.0,0.0,0.0,0.0,0.0,0.0,0.0,0.0,0.0,0.0,0.0,0.0,0.0,0.0,0.0,0.0,0.0,0.0,0.0,0.0,0.0,0.0,0.0,0.0,0.0,0.0,0.0,0.0,0.0,0.0,0.0,0.0,0.0,0.0,0.0,0.0,0.0,0.0,0.0,0.0,0.0,0.0,0.0,0.0,0.0,0.0,0.0,0.0,0.0,0.0
Na33,0.0,0.0,0.0,0.0,0.0,0.0,0.0,0.0,0.0,0.0,0.0,0.0,0.0,0.0,0.0,0.0,0.0,0.0,0.0,0.0,0.0,0.0,0.0,0.0,0.0,0.0,0.0,0.0,0.0,0.0,0.0,0.0,0.0,0.0,0.0,0.0,0.0,0.0,0.0,0.0,0.0,0.0,0.0,0.0,0.0,0.0,0.0,0.0,0.0,0.0,0.0,0.0,0.0,0.0,0.0,0.0,0.0,0.0,0.0,0.0,0.0,0.0,0.0,0.0,0.0,0.0,0.0,0.0,0.0,0.0,0.0,0.0,0.0,0.0,0.0,0.0,0.0,0.0,0.0,0.0,0.0,0.0,0.0,0.0,0.0,0.0
Na34,0.0,0.0,0.0,0.0,0.0,0.0,0.0,0.0,0.0,0.0,0.0,0.0,0.0,0.0,0.0,0.0,0.0,0.0,0.0,0.0,0.0,0.0,0.0,0.0,0.0,0.0,0.0,0.0,0.0,0.0,0.0,0.0,0.0,0.0,0.0,0.0,0.0,0.0,0.0,0.0,0.0,0.0,0.0,0.0,0.0,0.0,0.0,0.0,0.0,0.0,0.0,0.0,0.0,0.0,0.0,0.0,0.0,0.0,0.0,0.0,0.0,0.0,0.0,0.0,0.0,0.0,0.0,0.0,0.0,0.0,0.0,0.0,0.0,0.0,0.0,0.0,0.0,0.0,0.0,0.0,0.0,0.0,0.0,0.0,0.0,0.0
Na35,0.0,0.0,0.0,0.0,0.0,0.0,0.0,0.0,0.0,0.0,0.0,0.0,0.0,0.0,0.0,0.0,0.0,0.0,0.0,0.0,0.0,0.0,0.0,0.0,0.0,0.0,0.0,0.0,0.0,0.0,0.0,0.0,0.0,0.0,0.0,0.0,0.0,0.0,0.0,0.0,0.0,0.0,0.0,0.0,0.0,0.0,0.0,0.0,0.0,0.0,0.0,0.0,0.0,0.0,0.0,0.0,0.0,0.0,0.0,0.0,0.0,0.0,0.0,0.0,0.0,0.0,0.0,0.0,0.0,0.0,0.0,0.0,0.0,0.0,0.0,0.0,0.0,0.0,0.0,0.0,0.0,0.0,0.0,0.0,0.0,0.0
Nb103,511030914691024.3,91140327490833.4,11855674029266.89,1371856759924.1619,149707836287.3819,15798716421.614767,1633196880.4603717,166606548.86577496,16847431.133933686,1693586.1914303182,169562.36300276002,16929.61266453653,1687.0631008208718,167.89468458277133,16.693198985027582,1.6586738855684782,0.16473504037760528,0.016355867312136372,0.0016235476118086603,0.00016113473560853714,1.599065208509554e-05,1.5867560328783308e-06,1.574457742198165e-07,1.5621964649019747e-08,1.549990137070734e-09,1.5378510002057977e-10,1.5257873379957602e-11,1.51380468393192e-12,1.5019066609879485e-13,1.490095565462089e-14,1.4783727729274807e-15,1.4667390204886387e-16,1.455194603029754e-17,1.4437395096588343e-18,1.4323735185682212e-19,1.4210962629807617e-20,1.4099072769910117e-21,1.3988060274269382e-22,1.3877919359912894e-23,1.3768643946442493e-24,1.3660227762866041e-25,1.3552664421753368e-26,1.344594747067253e-27,1.3340070427829423e-28,1.3235026806724428e-29,1.3130810133173349e-30,1.3027413957019785e-31,1.29248318601574e-32,1.2823057461987196e-33,1.272208442309231e-34,1.2621906447674323e-35,1.2522517285129242e-36,1.2423910731026407e-37,1.2326080627672858e-38,1.2229020864390675e-39,1.2132725377595431e-40,1.2037188150737413e-41,1.1942403214148136e-42,1.1848364644822079e-43,1.1755066566154094e-44,1.1662503147646986e-45,1.1570668604599157e-46,1.1479557197779269e-47,1.1389163233092673e-48,1.1299481061243083e-49,1.1210505077391643e-50,1.1122229720815103e-51,1.1034649474564175e-52,1.0947758865122835e-53,1.0861552462069049e-54,1.0776024877737415e-55,1.0691170766883772e-56,1.0606984826352126e-57,1.0523461794743891e-58,1.0440596452089477e-59,1.0358383619522434e-60,1.0276818158955963e-61,1.0195894972761978e-62,1.0115609003452635e-63,1.0035955233364307e-64,9.956928684344044e-66,9.878524417438523e-67,9.800737532585335e-68,9.723563168306827e-69,9.646996501406273e-70,9.571032746666388e-71
Nb104,103389262577603.7,68465198900470.5,34726115933313.1,17173422308419.94,8469120553451.172,4175248662747.3184,2058310344587.9094,1014699893859.1982,500223597440.5367,246598660418.1523,121567433598.71158,59929931805.01999,29544069653.91375,14564542715.44623,7179982547.927566,3539565257.607841,1744923769.554363,860207042.3794237,424062167.4539593,209052836.12689835,103058210.91065557,50805313.30203077,25045843.867357753,12347021.487671604,6086795.894136787,3000649.532672612,1479250.7872001284,729236.4095193865,359496.6759999304,177223.54282910126,87367.10581686805,43069.961569250576,21232.49445237511,10467.128463657573,5160.052132379329,2543.78630216681,1254.0277859766024,618.2066813795807,304.76158915787005,150.2404115380337,74.06504645644519,36.512354102589015,17.99974570861609,8.873458135964713,4.374409536965184,2.156482681710603,1.0630960629589472,0.5240817599250632,0.258360180849205,0.12736559092989286,0.06278828919998698,0.030953173709461584,0.01525919840937955,0.007522431731310224,0.0037083847810406583,0.0018281478882705255,0.0009012346071731271,0.00044428780755526585,0.00021902360869320908,0.00010797357107088454,5.32284721238858e-05,2.6240405096755107e-05,1.2935912532661762e-05,6.377105552892875e-06,3.1437654769276027e-06,1.5498036361399796e-06,7.640173315154752e-07,3.7664286574386744e-07,1.8567621762501782e-07,9.153407890374827e-08,4.512418288096744e-08,2.2245178026165882e-08,1.0966358032923655e-08,5.4061607582916226e-09,2.66511216000308e-09,1.3138386265155763e-09,6.47692041794722e-10,3.1929718957706614e-10,1.5740612620360862e-10,7.759757797819948e-11,3.82538104031221e-11,1.8858243369002202e-11,9.296677617649583e-12,4.583046948506934e-12,2.2593360979133425e-12,1.1138004172087456e-12
Nb104_m1,103290626376651.6,2587244842585.6445,64805840668.220856,1623270018.9741743,40660001.125370085,1018460.0665266139,25510.597107735684,638.9946804813735,16.005670112663804,0.4009133152132509,0.010042159133850165,0.0002515380663172274,6.300577192939953e-06,1.578181527170159e-07,3.953061531397497e-09,9.901709785587835e-11,2.4802006217025715e-12,6.212457501882474e-14,1.556109125809424e-15,3.897774126734268e-17,9.763224757862983e-19,2.445512607279082e-20,6.125570250284782e-22,1.534345428418063e-23,3.8432599701194533e-25,9.626676577745192e-27,2.411309738425723e-28,6.039898201284129e-30,1.5128861174712592e-31,3.789508246928129e-33,9.492038156539642e-35,2.377585229910525e-36,5.955424359091995e-38,1.491726935828963e-39,3.736508293788395e-41,9.359282784413198e-43,2.344332391399583e-44,5.872131965622478e-46,1.4708636858913752e-47,3.684249596465981e-49,9.228384125095725e-51,2.3115446261298136e-52,5.790004497167804e-54,1.4502922287661998e-55,3.632721787778384e-57,9.099316210655373e-59,2.279215429600267e-60,5.709025661120281e-62,1.430008483447572e-63,3.5819146455382212e-65,8.972053436347039e-67,2.2473383882817536e-68,5.629179392740155e-70,1.410008426006458e-71,3.53181809052533e-73,8.846570555532883e-75,2.2159071783445265e-76,5.550449851968688e-78,1.3902880887923777e-79,3.4824221844872267e-81,8.722842674673778e-83,2.184915564403735e-84,5.472821420285712e-86,1.370843559646294e-87,3.433717128167538e-89,8.600845248390912e-91,2.1543573982824357e-92,5.396278697611229e-94,1.3516709811245137e-95,3.3856932593619946e-97,8.480554074596429e-99,2.124226617791915e-100,5.320806499250358e-102,1.3327665497334493e-103,3.338341051001681e-105,8.361945289692254e-107,2.0945172455290634e-108,5.2463898528808884e-110,1.3141265151750518e-111,3.291651109262947e-113,8.244995363835797e-115,2.0652233876905477e-116,5.173013995583089e-118,1.295747179602839e-119,3.2456141717039083e-121,8.129681096272223e-123
Nb105,50290565728822.05,31616032192391.676,9815194971060.797,3031801369530.435,936441464428.9331,289241300826.5224,89338771141.80724,27594316599.715977,8523133896.66316,2632564251.3355756,813127497.6359715,251152968.85016316,77574321.30341043,23960598.010190938,7400777.053021097,2285898.74782041,706051.952092499,218080.24503664204,67359.05641828918,20805.38051853304,6426.216184397497,1984.8834012829707,613.0764984617515,189.36265612537997,58.488974254973904,18.065653383811483,5.579988986663834,1.7235068353071978,0.5323443860642141,0.16442670233075882,0.050786936327542574,0.015686703345478194,0.004845196021709775,0.0014965492730860722,0.00046224336780994015,0.0001427744043760506,4.409913038128759e-05,1.3621021981388263e-05,4.207163230052908e-06,1.2994782967456309e-06,4.0137350308884756e-07,1.239733586819172e-07,3.829199871091926e-08,1.1827356948835458e-08,3.6531488849986987e-09,1.1283583334551564e-09,3.4851920049192044e-10,1.0764810212336221e-10,3.3249570968846704e-11,1.0269888161571656e-11,3.1720891361278184e-12,9.797720607310163e-13,3.0262494204715854e-13,9.347261390645921e-14,2.8871148198830444e-14,8.917512450790995e-15,2.7543770605297163e-15,8.507521613720186e-16,2.6277420417521403e-16,8.116380482484913e-17,2.5069291844391652e-17,7.743222424521793e-18,2.39167080936235e-18,7.38722065149668e-19,2.2817115440919885e-19,7.047586387429552e-20,2.1768077571807177e-20,6.723567121041568e-21,2.076727018361051e-21,6.414444938452065e-22,1.9812475835608345e-22,6.119534932531375e-23,1.890157903595592e-23,5.838183685385096e-24,1.80325615544918e-24,5.569767820607493e-25,1.7203497951042502e-25,5.313692622096462e-26,1.6412551309317514e-26,5.069390716369704e-27,1.56579691669424e-27,4.836320815462639e-28,1.4938079632612195e-28,4.6139665176227073e-29,1.4251287681762534e-29,4.401835163142903e-30
Nb106,5699044674008.363,137222752172.31468,3303583555.7495947,79532467.8808336,1914712.7174051534,46095.9516016291,1109.7418086507212,26.71659525570679,0.6431914671441455,0.015484580256111453,0.0003727851471235721,8.974655019214694e-06,2.160612710441931e-07,5.201589670609653e-09,1.2522621463176965e-10,3.0147716033056603e-12,7.257943432071416e-14,1.7473211836474798e-15,4.206606661236915e-17,1.0127239209350087e-18,2.4380927969443378e-20,5.869612007410393e-22,1.41308588256835e-23,3.4019483894216377e-25,8.190056235827338e-27,1.9717236556142454e-28,4.7468467397111605e-30,1.1427845837395996e-31,2.7512087000987855e-33,6.623426163774708e-35,1.5945636601614455e-36,3.8388489634168626e-38,9.241877092843478e-40,2.2249453680824594e-41,5.356468000191172e-43,1.2895484917816044e-44,3.10453700572254e-46,7.47405008910124e-48,1.7993480068501634e-49,4.331859180977186e-51,1.042877969818929e-52,2.5106874773531084e-54,6.044380830129314e-56,1.4551607856088588e-57,3.503242054866501e-59,8.433916730274041e-61,2.0304321054374563e-62,4.8881850113514555e-64,1.1768112137910178e-65,2.8331264665479647e-67,6.820639947504744e-69,1.642042098818884e-70,3.9531514272057974e-72,9.517055754940738e-74,2.291193542936738e-75,5.515957861725992e-77,1.3279450453294546e-78,3.1969751902043198e-80,7.696591363271561e-82,1.8529239386871977e-83,4.4608411185035117e-85,1.0739298612888691e-86,2.585443678287374e-88,6.2243534280476856e-90,1.498488476953111e-91,3.6075517586178663e-93,8.685038217690668e-95,2.0908886106084965e-96,5.0337316571242276e-98,1.2118509932750818e-99,2.9174833501967064e-101,7.023725809450989e-103,1.690934217088909e-104,4.070857268765697e-106,9.800427914453386e-108,2.3594142698970005e-109,5.680196564462032e-111,1.3674848636197663e-112,3.2921657393493354e-114,7.925758846541202e-116,1.9080951041651214e-117,4.593663517945371e-119,1.1059063287799375e-120,2.6624257594351364e-122,6.4096847445696295e-124,1.543106258613013e-125
Nb107,836252039397.643,8039480.98074878,77.27898659321593,0.0007428392175547624,7.140493521764254e-09,6.863752818839098e-14,6.597737623390704e-19,6.3420322520395835e-24,6.096237131848813e-29,5.859968175939241e-34,5.6328561833037795e-39,5.414546261882738e-44,5.2046972739987715e-49,5.002981303284854e-54,4.809083142272254e-59,4.6226997998378055e-64,4.443540027740844e-69,4.271323865509909e-74,4.1057822029680555e-79,3.94665635971314e-84,3.7936976808960454e-89,3.646667148665082e-94,3.505335008669482e-99,3.3694804110382957e-104,3.2388910652737353e-109,3.113362908519603e-114,2.9926997866865383e-119,2.876713147935694e-124,2.765221748041942e-129,2.658051367176166e-134,2.5550345376641103e-139,2.4560102822963215e-144,2.3608238627802955e-149,2.2693265379417608e-154,2.1813753312972126e-159,2.0968328076345543e-164,2.0155668582526762e-169,1.9374504945244042e-174,1.8623616494602457e-179,1.7901829869628192e-184,1.720801718473923e-189,1.65410942672773e-194,1.5900018963346966e-199,1.528378950931438e-204,1.469144296642123e-209,1.4122053716067602e-214,1.3574732013412253e-219,1.3048622597030594e-224,1.2542903352457257e-229,1.205678402752526e-234,1.1589504997494045e-239,1.1140336078036958e-244,1.0708575384233163e-249,1.0293548233781031e-254,9.894606092719217e-260,9.511125562007924e-265,9.142507403386697e-270,8.788175602986633e-275,8.447576471233707e-280,8.120177777636738e-285,7.805467919107907e-290,7.502955120516359e-295,7.212166666225509e-300,6.932648161413321e-305,6.6639628220212e-310,6.40569079e-315,6.1575e-320,0.0,0.0,0.0,0.0,0.0,0.0,0.0,0.0,0.0,0.0,0.0,0.0,0.0,0.0,0.0,0.0,0.0,0.0,0.0
Nb108,32475193196.753887,516.5497239244464,8.211218052093437e-06,1.3052780482921637e-13,2.0749062715719207e-21,3.2983286905356996e-29,5.243114978186066e-37,8.334601325016599e-45,1.3248913963546335e-52,2.1060841948922312e-60,3.3478899841746643e-68,5.321898988331076e-76,8.45983857769494e-84,1.3447994581930088e-91,2.1377306034236058e-99,3.3981959949287646e-107,5.401866821505025e-115,8.586957668369718e-123,1.3650066622307033e-130,2.169852536711005e-138,3.449257913054365e-146,5.483036266050524e-154,8.715986873884837e-162,1.3855175034334305e-169,2.2024571400768835e-177,3.501087096954679e-185,5.565425377601061e-193,8.846954895977234e-201,1.4063365443090838e-208,2.2355516662106277e-216,3.5536950757063732e-224,5.6490524830974166e-232,8.979890867661449e-240,1.4274684159226441e-247,2.269143476781865e-255,3.60709355162414e-263,5.73393618486435e-271,9.114824359710054e-279,1.4489178189263229e-286,2.3032400440780356e-294,3.6612944028638146e-302,5.8200953647486e-310,9.251784e-318,0.0,0.0,0.0,0.0,0.0,0.0,0.0,0.0,0.0,0.0,0.0,0.0,0.0,0.0,0.0,0.0,0.0,0.0,0.0,0.0,0.0,0.0,0.0,0.0,0.0,0.0,0.0,0.0,0.0,0.0,0.0,0.0,0.0,0.0,0.0,0.0,0.0,0.0,0.0,0.0,0.0,0.0,0.0
Nb109,174493886716.47217,2093.082886800353,2.505788693990206e-05,2.999870133633348e-13,3.591372584706161e-21,4.299505134429738e-29,5.14726444137518e-37,6.16218155370557e-45,7.37721598206526e-53,8.8318260622023e-61,1.0573250367431871e-68,1.2658041784908236e-76,1.5153904074949088e-84,1.8141890555816595e-92,2.1719036316410968e-100,2.600150943818467e-108,3.1128383562449295e-116,3.7266154317486184e-124,4.4614146276775766e-132,5.341098603972638e-140,6.394235164869352e-148,7.655025000519768e-156,9.16441235701409e-164,1.0971414703895787e-171,1.3134714580224301e-179,1.5724565314507456e-187,1.8825072506903975e-195,2.253692536500442e-203,2.698066659352868e-211,3.230060702785717e-219,3.8669512139418335e-227,4.629421260755246e-235,5.542232116160088e-243,6.635027382318042e-251,7.94329566885982e-259,9.509523088190132e-267,1.1384572995229024e-274,1.3629337778742938e-282,1.6316716346314972e-290,1.953398152192966e-298,2.3385614237589285e-306,2.799669656e-314,3.36e-322,0.0,0.0,0.0,0.0,0.0,0.0,0.0,0.0,0.0,0.0,0.0,0.0,0.0,0.0,0.0,0.0,0.0,0.0,0.0,0.0,0.0,0.0,0.0,0.0,0.0,0.0,0.0,0.0,0.0,0.0,0.0,0.0,0.0,0.0,0.0,0.0,0.0,0.0,0.0,0.0,0.0,0.0,0.0
Nb110,5517449662.386672,7.735559954971769,1.0830994986401666e-08,1.5165088633483147e-17,2.1233498265869388e-26,2.973022179449823e-35,4.162696494391658e-44,5.828426785442702e-53,8.160709972258125e-62,1.142627156570773e-70,1.59985690383718e-79,2.240050131870776e-88,3.1364208769292256e-97,4.391480251837937e-106,6.148759863237502e-115,8.609226431096271e-124,1.2054264825827977e-132,1.687785791837872e-141,2.3631643408283325e-150,3.3088000436841317e-159,4.632838072212354e-168,6.486698597671198e-177,9.082393565492356e-186,1.2716772890929737e-194,1.7805472928844481e-203,2.493044964622586e-212,3.490653250530302e-221,4.8874610319282225e-230,6.843210603914303e-239,9.581566188170667e-248,1.3415692710930483e-256,1.878407009663163e-265,2.630063888595868e-274,3.682501195167716e-283,5.156078189283641e-292,7.219316677722259e-301,1.0108173573e-309,1.4153e-318,0.0,0.0,0.0,0.0,0.0,0.0,0.0,0.0,0.0,0.0,0.0,0.0,0.0,0.0,0.0,0.0,0.0,0.0,0.0,0.0,0.0,0.0,0.0,0.0,0.0,0.0,0.0,0.0,0.0,0.0,0.0,0.0,0.0,0.0,0.0,0.0,0.0,0.0,0.0,0.0,0.0,0.0,0.0,0.0,0.0,0.0,0.0,0.0
Nb111,28695207.905227736,4.399817337144655e-12,6.746210957653305e-31,1.0343920848927075e-49,1.5860265740353852e-68,2.4318441046533484e-87,3.728730556065264e-106,5.717238014201022e-125,8.7662034087864e-144,1.3441161975999566e-162,2.0609245170375106e-181,3.1600019942549934e-200,4.845210254497528e-219,7.42912898566786e-238,1.1391034565416187e-256,1.746579830836547e-275,2.6780193563336465e-294,4.10618944883e-313,0.0,0.0,0.0,0.0,0.0,0.0,0.0,0.0,0.0,0.0,0.0,0.0,0.0,0.0,0.0,0.0,0.0,0.0,0.0,0.0,0.0,0.0,0.0,0.0,0.0,0.0,0.0,0.0,0.0,0.0,0.0,0.0,0.0,0.0,0.0,0.0,0.0,0.0,0.0,0.0,0.0,0.0,0.0,0.0,0.0,0.0,0.0,0.0,0.0,0.0,0.0,0.0,0.0,0.0,0.0,0.0,0.0,0.0,0.0,0.0,0.0,0.0,0.0,0.0,0.0,0.0,0.0,0.0
Nb112,891469.2552565662,1.3687954982329553e-16,2.1017002043930033e-38,3.227029716891894e-60,4.9549030693989915e-82,7.607944946594989e-104,1.1681525450595915e-125,1.793625450904367e-147,2.7540001275841735e-169,4.228595607243107e-191,6.492745091221561e-213,9.969205555474188e-235,1.530709399660089e-256,2.350308911948498e-278,3.608752897716044e-300,5.53e-322,0.0,0.0,0.0,0.0,0.0,0.0,0.0,0.0,0.0,0.0,0.0,0.0,0.0,0.0,0.0,0.0,0.0,0.0,0.0,0.0,0.0,0.0,0.0,0.0,0.0,0.0,0.0,0.0,0.0,0.0,0.0,0.0,0.0,0.0,0.0,0.0,0.0,0.0,0.0,0.0,0.0,0.0,0.0,0.0,0.0,0.0,0.0,0.0,0.0,0.0,0.0,0.0,0.0,0.0,0.0,0.0,0.0,0.0,0.0,0.0,0.0,0.0,0.0,0.0,0.0,0.0,0.0,0.0,0.0,0.0
Nb113,454.2012677873782,-7.922001509660816e-45,1.3817246311263976e-91,-2.4099502555423843e-138,4.203341319503267e-185,-7.331304124477098e-232,1.2786974951614981e-278,-0.0,0.0,0.0,0.0,0.0,0.0,0.0,0.0,0.0,0.0,0.0,0.0,0.0,0.0,0.0,0.0,0.0,0.0,0.0,0.0,0.0,0.0,0.0,0.0,0.0,0.0,0.0,0.0,0.0,0.0,0.0,0.0,0.0,0.0,0.0,0.0,0.0,0.0,0.0,0.0,0.0,0.0,0.0,0.0,0.0,0.0,0.0,0.0,0.0,0.0,0.0,0.0,0.0,0.0,0.0,0.0,0.0,0.0,0.0,0.0,0.0,0.0,0.0,0.0,0.0,0.0,0.0,0.0,0.0,0.0,0.0,0.0,0.0,0.0,0.0,0.0,0.0,0.0,0.0
Nd158,18799343785.77003,1391856559.0021207,102980032.38551043,7619238.4923078995,563728.6555255984,41708.892218235174,3085.938018265888,228.3209393994722,16.892902922772123,1.2498642039086802,0.09247436839919564,0.006841950336754311,0.00050621902285974,3.745389640267891e-05,2.7711213771025752e-06,2.050284329318971e-07,1.516954784364662e-08,1.1223574139939887e-09,8.304045563723646e-11,6.143958409737715e-12,4.5457632247937677e-13,3.3632980430233016e-14,2.488421232436183e-15,1.8411214679246647e-16,1.3622003443261509e-17,1.0078584223853109e-18,7.456895777511284e-20,5.517173186394952e-21,4.082020304008386e-22,3.0201860988207666e-23,2.234561171230141e-24,1.6532966726517419e-25,1.2232334128926865e-26,9.050402188357145e-28,6.696169259906051e-29,4.954330406994873e-30,3.6655868197122553e-31,2.7120772393132213e-32,2.0065990286865498e-33,1.4846331083643528e-34,1.098443403460806e-35,8.12711170058619e-37,6.013049410256824e-38,4.448906886265886e-39,3.2916364280829436e-40,2.4354005717967954e-41,1.8018927894058118e-42,1.3331760130602297e-43,9.863840358589085e-45,7.298012090421198e-46,5.399619066782262e-47,3.9950449115624634e-48,2.9558351520734616e-49,2.1869494935955847e-50,1.6180699671911614e-51,1.1971700427436394e-52,8.857565743777775e-54,6.553494332813514e-55,4.848768748952158e-56,3.5874843536671884e-57,2.6542911518698765e-58,1.963844528462663e-59,1.4530001086187593e-60,1.0750389274953553e-61,7.95394775798741e-63,5.8849296819594757e-64,4.354114260661257e-65,3.2215017034122493e-66,2.3835096195918164e-67,1.7634999542819498e-68,1.304770101697774e-69,9.653672029595269e-71,7.142513729715783e-72,5.2845696666284263e-73,3.909922699240026e-74,2.892855327572187e-75,2.1403522754783367e-76,1.5835938352955792e-77,1.1716620034548821e-78,8.668838055205457e-80,6.413859372906784e-81,4.7454562876188333e-82,3.51104601276833e-83,2.5977363095598187e-84,1.922000996131842e-85,1.422041111539049e-86
Nd159,640829827.6662832,7239220.087770789,81759.43143987554,923.3874020026013,10.42869647160075,0.11778123663037746,0.0013302160763771491,1.5023401523667185e-05,1.696736322387772e-07,1.9162864968859883e-09,2.1642454927704076e-11,2.4442892858602156e-13,2.7605695069846907e-15,3.1177749896374196e-17,3.521201281624725e-19,3.976829151213864e-21,4.49141325162959e-23,5.072582258344302e-25,5.7289519636906156e-27,6.470253005416484e-29,7.307475122750367e-31,8.2530300785631e-33,9.320935662936772e-35,1.0527023505981565e-36,1.1889173780711689e-38,1.3427580275435348e-40,1.516504976533934e-42,1.7127340121432429e-44,1.9343542169290418e-46,2.1846510958633482e-48,2.467335283727927e-50,2.7865975550310768e-52,3.147170951964319e-54,3.5544009514418547e-56,4.0143247114445236e-58,4.533760571490152e-60,5.120409134068817e-62,5.78296742556872e-64,6.53125782912086e-66,7.376373700783466e-68,8.330843827816527e-70,9.40881816712964e-72,1.0626277617463256e-73,1.2001270935162368e-75,1.355418230580319e-77,1.5308033538404803e-79,1.7288825362234957e-81,1.9525922885912773e-83,2.2052490933214316e-85,2.4905985709405613e-87,2.812871008702425e-89,3.1768440743184827e-91,3.5879136445677416e-93,4.052173798815415e-95,4.57650716333904e-97,5.168686945810743e-99,5.837492172590148e-101,6.592837837213244e-103,7.445921889519998e-105,8.409391244524819e-107,9.497529272100594e-109,1.0726467546998355e-110,1.2114424998382915e-112,1.3681978004260434e-114,1.5452365434930194e-116,1.7451833167709616e-118,1.9710023180340683e-120,2.2260412991362093e-122,2.5140811962121556e-124,2.8393921818073098e-126,3.2067969699050797e-128,3.621742312344746e-130,4.090379746559544e-132,4.619656791714869e-134,5.21741994522333e-136,5.892531006553269e-138,6.654998452823485e-140,7.516125813818852e-142,8.488679246076522e-144,9.587076790317676e-146,1.0827602117953709e-147,1.2228645935444817e-149,1.3810978625314737e-151,1.5598058165706644e-153,1.7616377893367649e-155,1.989585926562501e-157
Nd160,18241969.497120947,50419.46048000889,139.35567623311667,0.38516882793875207,0.001064578279305545,2.942415975960992e-06,8.132621098786846e-09,2.2477965888161645e-11,6.212744259593361e-14,1.7171567670826744e-16,4.746094864897617e-19,1.3117856737609697e-21,3.6256790116259984e-24,1.0021109818691781e-26,2.76976096549828e-29,7.65541536296572e-32,2.115900437241827e-34,5.84819300854467e-37,1.616397485591231e-39,4.4676036300584336e-42,1.2348127470645438e-44,3.4129315099807575e-47,9.433091389370555e-50,2.607237001387075e-52,7.206211093281318e-55,1.9917436847246248e-57,5.505032886615105e-60,1.5215505546791196e-62,4.2054536968767085e-65,1.1623564358204156e-67,3.2126676008739553e-70,8.87957669062181e-73,2.4542496143449543e-75,6.783365220409572e-78,1.874872199001791e-80,5.182008705669492e-83,1.4322690495880975e-85,3.9586861908657503e-88,1.094151714180938e-90,3.024154772377317e-93,8.35854111341284e-96,2.3102392173430674e-98,6.385331087006757e-101,1.7648584953720077e-103,4.877938929470345e-106,1.3482264024021272e-108,3.726398502351792e-111,1.0299491074784626e-113,2.8467034948790257e-116,7.868078848668656e-119,2.174679058786132e-121,6.010652790449811e-124,1.661300173070507e-126,4.5917113519338003e-129,1.269115207549124e-131,3.5077409849687737e-134,9.695137797136073e-137,2.679664698968449e-139,7.406395916331186e-142,2.0470732957956956e-144,5.657959857533047e-147,1.5638184433944334e-149,4.322279028976488e-152,1.194646097393407e-154,3.3019138478786565e-157,9.126246745878339e-160,2.522427401313462e-162,6.971803603458924e-165,1.926955180549221e-167,5.325962231642996e-170,1.4720567441948922e-172,4.0686564490735894e-175,1.124546683806128e-177,3.1081642303500536e-180,8.59073706938524e-183,2.37441646984651e-185,6.562712287365833e-188,1.8138853530411446e-190,5.013445554075664e-193,1.3856794356677809e-195,3.829915928520724e-198,1.0585605618422058e-200,2.9257834479946106e-203,8.086650016189876e-206,2.2350905200850045e-208,6.177625621205769e-211
Nd161,222877.89218716204,184.61599677259397,0.15292259779501644,0.00012667006827789628,1.0492436323266404e-07,8.691178705002013e-11,7.199146599992438e-14,5.963254643280357e-17,4.939530741135639e-20,4.0915515774792144e-23,3.389146700061595e-26,2.807325078770011e-29,2.325385943827046e-32,1.9261822681816314e-35,1.5955106893573299e-38,1.3216061646422845e-41,1.0947233798377346e-44,9.067900184074326e-48,7.511195546086096e-51,6.221733520030238e-54,5.153636029944486e-57,4.268900981315717e-60,3.5360501755252184e-63,2.929009339536892e-66,2.4261804231383855e-69,2.009673156778206e-72,1.6646685294123784e-75,1.378891539387666e-78,1.1421744592396754e-81,9.460950757002765e-85,7.836770337695703e-88,6.491416233228924e-91,5.37702177009544e-94,4.453937642772116e-97,3.689321221652843e-100,3.055968037322258e-103,2.5313438662712445e-106,2.0967829804017515e-109,1.7368240346494846e-112,1.4386599641123231e-115,1.1916823184436031e-118,9.871038212753426e-122,8.176457256233902e-125,6.772788416181363e-128,5.610090225248563e-131,4.646994768097983e-134,3.8492358425079088e-137,3.188429794017613e-140,2.641065647137809e-143,2.187668602764575e-146,1.8121071396723902e-149,1.5010190672855898e-152,1.2433361091233448e-155,1.0298901019595447e-158,8.530867995638808e-162,7.066356752098697e-165,5.8532610952904305e-168,4.848420006457379e-171,4.0160820056242076e-174,3.326633141191823e-177,2.7555433481134167e-180,2.2824936868787894e-183,1.8906534111351955e-186,1.5660811425617646e-189,1.297228847256016e-192,1.0745309654903803e-195,8.900640763886893e-199,7.372649886512202e-202,6.106972272112156e-205,5.058576075960931e-208,4.190160160565789e-211,3.4708269496288084e-214,2.8749831158346382e-217,2.3814289897738095e-220,1.972604291865102e-223,1.6339633509938119e-226,1.3534575806212953e-229,1.1211067992602657e-232,9.286441432251128e-236,7.692219379235979e-239,6.371680628146723e-242,5.277841416833406e-245,4.371783779963906e-248,3.621270877483582e-251,2.9996000324194848e-254,2.4846526699884414e-257
Ne26,0.0,0.0,0.0,0.0,0.0,0.0,0.0,0.0,0.0,0.0,0.0,0.0,0.0,0.0,0.0,0.0,0.0,0.0,0.0,0.0,0.0,0.0,0.0,0.0,0.0,0.0,0.0,0.0,0.0,0.0,0.0,0.0,0.0,0.0,0.0,0.0,0.0,0.0,0.0,0.0,0.0,0.0,0.0,0.0,0.0,0.0,0.0,0.0,0.0,0.0,0.0,0.0,0.0,0.0,0.0,0.0,0.0,0.0,0.0,0.0,0.0,0.0,0.0,0.0,0.0,0.0,0.0,0.0,0.0,0.0,0.0,0.0,0.0,0.0,0.0,0.0,0.0,0.0,0.0,0.0,0.0,0.0,0.0,0.0,0.0,0.0
Ne27,0.0,0.0,0.0,0.0,0.0,0.0,0.0,0.0,0.0,0.0,0.0,0.0,0.0,0.0,0.0,0.0,0.0,0.0,0.0,0.0,0.0,0.0,0.0,0.0,0.0,0.0,0.0,0.0,0.0,0.0,0.0,0.0,0.0,0.0,0.0,0.0,0.0,0.0,0.0,0.0,0.0,0.0,0.0,0.0,0.0,0.0,0.0,0.0,0.0,0.0,0.0,0.0,0.0,0.0,0.0,0.0,0.0,0.0,0.0,0.0,0.0,0.0,0.0,0.0,0.0,0.0,0.0,0.0,0.0,0.0,0.0,0.0,0.0,0.0,0.0,0.0,0.0,0.0,0.0,0.0,0.0,0.0,0.0,0.0,0.0,0.0
Ne28,0.0,0.0,0.0,0.0,0.0,0.0,0.0,0.0,0.0,0.0,0.0,0.0,0.0,0.0,0.0,0.0,0.0,0.0,0.0,0.0,0.0,0.0,0.0,0.0,0.0,0.0,0.0,0.0,0.0,0.0,0.0,0.0,0.0,0.0,0.0,0.0,0.0,0.0,0.0,0.0,0.0,0.0,0.0,0.0,0.0,0.0,0.0,0.0,0.0,0.0,0.0,0.0,0.0,0.0,0.0,0.0,0.0,0.0,0.0,0.0,0.0,0.0,0.0,0.0,0.0,0.0,0.0,0.0,0.0,0.0,0.0,0.0,0.0,0.0,0.0,0.0,0.0,0.0,0.0,0.0,0.0,0.0,0.0,0.0,0.0,0.0
Ne29,0.0,0.0,0.0,0.0,0.0,0.0,0.0,0.0,0.0,0.0,0.0,0.0,0.0,0.0,0.0,0.0,0.0,0.0,0.0,0.0,0.0,0.0,0.0,0.0,0.0,0.0,0.0,0.0,0.0,0.0,0.0,0.0,0.0,0.0,0.0,0.0,0.0,0.0,0.0,0.0,0.0,0.0,0.0,0.0,0.0,0.0,0.0,0.0,0.0,0.0,0.0,0.0,0.0,0.0,0.0,0.0,0.0,0.0,0.0,0.0,0.0,0.0,0.0,0.0,0.0,0.0,0.0,0.0,0.0,0.0,0.0,0.0,0.0,0.0,0.0,0.0,0.0,0.0,0.0,0.0,0.0,0.0,0.0,0.0,0.0,0.0
Ne30,0.0,0.0,0.0,0.0,0.0,0.0,0.0,0.0,0.0,0.0,0.0,0.0,0.0,0.0,0.0,0.0,0.0,0.0,0.0,0.0,0.0,0.0,0.0,0.0,0.0,0.0,0.0,0.0,0.0,0.0,0.0,0.0,0.0,0.0,0.0,0.0,0.0,0.0,0.0,0.0,0.0,0.0,0.0,0.0,0.0,0.0,0.0,0.0,0.0,0.0,0.0,0.0,0.0,0.0,0.0,0.0,0.0,0.0,0.0,0.0,0.0,0.0,0.0,0.0,0.0,0.0,0.0,0.0,0.0,0.0,0.0,0.0,0.0,0.0,0.0,0.0,0.0,0.0,0.0,0.0,0.0,0.0,0.0,0.0,0.0,0.0
Ne31,0.0,0.0,0.0,0.0,0.0,0.0,0.0,0.0,0.0,0.0,0.0,0.0,0.0,0.0,0.0,0.0,0.0,0.0,0.0,0.0,0.0,0.0,0.0,0.0,0.0,0.0,0.0,0.0,0.0,0.0,0.0,0.0,0.0,0.0,0.0,0.0,0.0,0.0,0.0,0.0,0.0,0.0,0.0,0.0,0.0,0.0,0.0,0.0,0.0,0.0,0.0,0.0,0.0,0.0,0.0,0.0,0.0,0.0,0.0,0.0,0.0,0.0,0.0,0.0,0.0,0.0,0.0,0.0,0.0,0.0,0.0,0.0,0.0,0.0,0.0,0.0,0.0,0.0,0.0,0.0,0.0,0.0,0.0,0.0,0.0,0.0
Ne32,0.0,0.0,0.0,0.0,0.0,0.0,0.0,0.0,0.0,0.0,0.0,0.0,0.0,0.0,0.0,0.0,0.0,0.0,0.0,0.0,0.0,0.0,0.0,0.0,0.0,0.0,0.0,0.0,0.0,0.0,0.0,0.0,0.0,0.0,0.0,0.0,0.0,0.0,0.0,0.0,0.0,0.0,0.0,0.0,0.0,0.0,0.0,0.0,0.0,0.0,0.0,0.0,0.0,0.0,0.0,0.0,0.0,0.0,0.0,0.0,0.0,0.0,0.0,0.0,0.0,0.0,0.0,0.0,0.0,0.0,0.0,0.0,0.0,0.0,0.0,0.0,0.0,0.0,0.0,0.0,0.0,0.0,0.0,0.0,0.0,0.0
Ni72,2753445739.1375284,305099850.95493793,33554265.900983576,3690230.4495723895,405844.0977709499,44633.914858786746,4908.747882655606,539.8541860311934,59.372073926464005,6.529620874563015,0.7181145266769079,0.07897678645223198,0.008685707594838466,0.0009552365930799733,0.00010505499279083247,1.1553736100808985e-05,1.270656580338994e-06,1.3974424645597827e-07,1.5368790214220806e-08,1.6902285327584907e-09,1.8588792306550253e-10,2.044357864744642e-11,2.248343523463084e-12,2.472682834387131e-13,2.7194066812598256e-14,2.99074858903751e-15,3.2891649433934947e-16,3.617357227720165e-17,3.978296478935161e-18,4.375250183483465e-19,4.8118118570177364e-20,5.2919335755337784e-21,5.819961752456874e-22,6.40067648555932e-23,7.039334829906265e-24,7.74171838856833e-25,8.51418565192687e-26,9.363729559385736e-27,1.0298040804580201e-27,1.1325577457168236e-28,1.245564153147149e-29,1.369846319512154e-30,1.5065293380029624e-31,1.6568505634062176e-32,1.822170813545818e-33,2.0039866884024896e-34,2.2039441184328902e-35,2.423853264737531e-36,2.6657049059647847e-37,2.931688460297204e-38,3.2242118056683845e-39,3.5459230776374917e-40,3.899734642251776e-41,4.288849460916965e-42,4.716790085949692e-43,5.187430549300884e-44,5.70503143313024e-45,6.274278439716269e-46,6.900324809865033e-47,7.588837973819993e-48,8.346050856991302e-49,9.178818304961401e-50,1.0094679138567624e-50,1.1101924400829602e-51,1.2209672413542859e-52,1.3427951323005717e-53,1.4767789882144017e-54,1.6241317290859709e-55,1.786187299843153e-56,1.9644127461979343e-57,2.160421495418631e-58,2.3759879622551515e-59,2.6130636122408507e-60,2.8737946277877435e-61,3.16054133700151e-62,3.4758995811001544e-63,3.822724213869844e-64,4.204154945892186e-65,4.623644767503896e-66,5.0849912077941744e-67,5.5923707126192575e-68,6.150376452849024e-69,6.764059905113644e-70,7.438976581469607e-71,8.181236321963568e-72,8.997558605379163e-73
Ni73,2581817312.287741,41822330.20636283,675403.0451293167,10907.313655625825,176.14592063235816,2.844640425226754,0.045939066427336465,0.000741885619532039,1.1980963377630156e-05,1.934846554198723e-07,3.124649554713156e-09,5.0461029163175476e-11,8.14912334846011e-13,1.3160296658570691e-14,2.12530109971049e-16,3.4322210825612127e-18,5.54281064512805e-20,8.951273565634856e-22,1.4455716346229666e-23,2.3345028341543113e-25,3.770068083893994e-27,6.088411266523485e-29,9.832382579160983e-31,1.5878649281553994e-32,2.5642971169670453e-34,4.1411706924746494e-36,6.687717499949658e-38,1.0800222613476998e-39,1.7441647094324478e-41,2.8167109535626544e-43,4.5488023883372335e-45,7.346015799729544e-47,1.1863330943598551e-48,1.9158496920538137e-50,3.093970875459121e-52,4.996558873012258e-54,8.069112986647879e-56,1.303108520205157e-57,2.104434301813769e-59,3.398522580416536e-61,5.488389787054127e-63,8.863387469665751e-65,1.431378609856252e-66,2.311582035385486e-68,3.73305250583109e-70,6.02863354964939e-72,9.735845509589716e-74,1.5722748282172631e-75,2.539120133953112e-77,4.100511525682947e-79,6.622055627624435e-81,1.0694183020994888e-82,1.7270400147267018e-84,2.789055701227118e-86,4.504140980067836e-88,7.2738905714219e-90,1.174685345755398e-91,1.8970393463903027e-93,3.063593408019161e-95,4.947501266917557e-97,7.989888188843401e-99,1.2903142379585978e-100,2.0837723799482676e-102,3.365154939547832e-104,5.434503248115951e-106,8.776364263855032e-108,1.4173249361581432e-109,2.288886279400297e-111,3.6964003570190274e-113,5.969442747042151e-115,9.640256267844175e-117,1.5568377962207244e-118,2.514190345567875e-120,4.060251561910635e-122,6.5570384418424704e-124,1.0589184554754011e-125,1.7100834550412223e-127,2.7616719758584448e-129,4.4599180699388986e-131,7.202473488685988e-133,1.1631519579895605e-134,1.878413685937461e-136,3.033514195011851e-138,4.898925322057497e-140,7.911441242160534e-142,1.2776455735371606e-143
Ni74,1657969666.2251132,10148128.466454081,62076.91214051375,379.7294283019214,2.3228352336874276,0.014208968599003944,8.691739548266565e-05,5.316806483772293e-07,3.2523329799407996e-09,1.9894780531688076e-11,1.2169796107754004e-13,7.444361452915101e-16,4.553775342738748e-18,2.785580738293567e-20,1.7039619800140182e-22,1.0423271490281611e-24,6.375998398698052e-27,3.900249131772521e-29,2.385813536747202e-31,1.4594211907533546e-33,8.927395956197998e-36,5.460959390181257e-38,3.3405124638281953e-40,2.0434181475612706e-42,1.2499751972179698e-44,7.646198089827106e-47,4.6772404251698676e-49,2.861105315064873e-51,1.7501609666762358e-53,1.0705874380606795e-55,6.548868843247144e-58,4.005995363045005e-60,2.4504993507826875e-62,1.498990019704349e-64,9.169441642396539e-67,5.609020669123526e-69,3.4310827304019166e-71,2.098820702812962e-73,1.283865382645638e-75,7.853507060163205e-78,4.8040529776521794e-80,2.938677565995486e-82,1.7976125319720413e-84,1.0996139394449973e-86,6.726426269932977e-89,4.11460865871531e-91,2.5169389710033484e-93,1.5396316659026693e-95,9.418049837359661e-98,5.761096287077647e-100,3.52410860020302e-102,2.1557253701664267e-104,1.3186744220400747e-106,8.066436733582997e-109,4.934303759091164e-111,3.018353009032582e-113,1.8463506366730194e-115,1.1294274272562599e-117,6.908797755431978e-120,4.2261667526010965e-122,2.5851799478061487e-124,1.5813752163058143e-126,9.673398468328909e-129,5.917295083557964e-131,3.619656651231496e-133,2.2141728759158732e-135,1.354427228000644e-137,8.2851395024460015e-140,5.0680859891099745e-142,3.1001886673639943e-144,1.8964101623184932e-146,1.1600492388105998e-148,7.096113821810697e-151,4.340749486092653e-153,2.655271120807041e-155,1.624250546496843e-157,9.935670286631391e-160,6.077728849010537e-162,3.717795266595821e-164,2.274205050554787e-166,1.3911493885742174e-168,8.509771890878126e-171,5.205495414766243e-173,3.1842431102293905e-175,1.9478269361800304e-177,1.1915012899361087e-179
Ni75,553761876.7573497,1717290.0924510185,5324.273631428348,16.50733899120294,0.051179232968420384,0.00015867571924413297,4.919570383788035e-07,1.5252600004798307e-09,4.728904940013088e-12,1.466146225866093e-14,4.545629025935631e-17,1.4093234956303523e-19,4.369456249076411e-22,1.3547030168579927e-24,4.2001113165329536e-27,1.3021994379390527e-29,4.037329604798535e-32,1.2517307151952248e-34,3.880856746253528e-37,1.2032179846759245e-39,3.730448231682851e-42,1.1565854389230992e-44,3.585869028198494e-47,1.1117602085122023e-49,3.446893211970029e-52,1.0686722481842322e-54,3.3133036151892015e-57,1.027254227390894e-59,3.1848914867169623e-62,9.874414250818495e-65,3.061456165882629e-67,9.491716285696513e-70,2.942804768925457e-72,9.123850363143173e-75,2.828751887588654e-77,8.770241644756367e-80,2.719119299394838e-82,8.430337570871872e-85,2.6137356891502044e-87,8.103606997116917e-90,2.512436381242237e-92,7.789539364427937e-95,2.4150630823126187e-97,7.487643901235571e-100,2.3214636339032463e-102,7.19744885657018e-105,2.2314917746888314e-107,6.918500762889523e-110,2.145006911924535e-112,6.6503637274766905e-115,2.0618739017514954e-117,6.392618751300976e-120,1.9819628380169542e-122,6.144863074277328e-125,1.9051488492789793e-127,5.906709545901281e-130,1.8313119036785744e-132,5.677786020275889e-135,1.7603366213742737e-137,5.45773477458529e-140,1.692112094246116e-142,5.246211950106244e-145,1.6265317125872642e-147,5.042887014884102e-150,1.56349299851246e-152,4.847442247233582e-155,1.5028974458229846e-157,4.659572239257276e-160,1.4446503660778946e-162,4.478983419606044e-165,1.388660740631007e-167,4.305393594735547e-170,1.334841078402413e-172,4.1385315079421015e-175,1.2831072791622718e-177,3.978136415488759e-180,1.2333785021132533e-182,3.823957679159259e-185,1.1855770395662662e-187,3.675754374603192e-190,1.139628195512074e-192,3.533294914860327e-195,1.0954601688990569e-197,3.3963566884758295e-200,1.0530039414347192e-202,3.264725711640885e-205
Ni76,181302052.8009453,85.94945924941615,4.074586818593669e-05,1.9316302728652773e-11,9.157236493336998e-18,4.341150652527154e-24,2.05799959427163e-30,9.756312712982268e-37,4.625153377991198e-43,2.1926361320376707e-49,1.0394581140583018e-55,4.927735865948407e-62,2.336080736312607e-68,1.107460577236221e-74,5.250113624361748e-81,2.4889096402417126e-87,1.179911834392196e-93,5.59358168102701e-100,2.6517367747598084e-106,1.2571029303933397e-112,5.959519785845505e-119,2.8252162348210684e-125,1.3393439505737146e-131,6.34939795343494e-138,3.010044906972162e-144,1.4269652663820686e-150,6.764782368343838e-157,3.206965268824062e-163,1.5203188625211723e-169,7.207341676591376e-176,3.41676837166832e-182,1.6197797509100737e-188,7.6788536888066e-195,3.640297018219259e-201,1.725747477149229e-207,8.18121252189413e-214,3.8784491482475174e-220,1.8386477255402318e-226,8.716436207915242e-233,4.132181445705286e-239,1.9589340291076316e-245,9.286674800750137e-252,4.402513181833603e-258,2.087089591492215e-264,9.894219013106814e-271,4.690530309689847e-277,2.223629228034515e-283,1.0541509418572162e-289,4.997389826543544e-296,2.3691014338460506e-302,1.1231146255671233e-308,5.32432442e-315,2.525e-321,0.0,0.0,0.0,0.0,0.0,0.0,0.0,0.0,0.0,0.0,0.0,0.0,0.0,0.0,0.0,0.0,0.0,0.0,0.0,0.0,0.0,0.0,0.0,0.0,0.0,0.0,0.0,0.0,0.0,0.0,0.0,0.0,0.0
Ni77,20155004.535006676,4.263763344850807e-18,9.019932409004196e-43,1.9081542309626246e-67,4.0366738951456775e-92,8.539527817691239e-117,1.8065253038353443e-141,3.821679304839733e-166,8.084709734224395e-191,1.7103091670692615e-215,3.6181353977104465e-240,7.654115412710763e-265,1.619217533654747e-289,3.4254323066e-314,0.0,0.0,0.0,0.0,0.0,0.0,0.0,0.0,0.0,0.0,0.0,0.0,0.0,0.0,0.0,0.0,0.0,0.0,0.0,0.0,0.0,0.0,0.0,0.0,0.0,0.0,0.0,0.0,0.0,0.0,0.0,0.0,0.0,0.0,0.0,0.0,0.0,0.0,0.0,0.0,0.0,0.0,0.0,0.0,0.0,0.0,0.0,0.0,0.0,0.0,0.0,0.0,0.0,0.0,0.0,0.0,0.0,0.0,0.0,0.0,0.0,0.0,0.0,0.0,0.0,0.0,0.0,0.0,0.0,0.0,0.0,0.0
Ni78,1808875.2234745256,3.751690374999105e-08,7.781178318549253e-22,1.613852156578229e-35,3.3472035682351497e-49,6.942254085380975e-63,1.439855413735716e-76,2.986326324226251e-90,6.193778090279565e-104,1.2846180512964168e-117,2.664356897620327e-131,5.525998697226014e-145,1.1461175351176653e-158,2.3771004596211693e-172,4.9302156384432705e-186,1.0225493896637568e-199,2.1208144450084834e-213,4.398666661603172e-227,9.123036881155255e-241,1.8921597915442957e-254,3.924426398113584e-268,8.139440771881662e-282,1.6881574364807885e-295,3.50131613487564e-309,7.4e-323,0.0,0.0,0.0,0.0,0.0,0.0,0.0,0.0,0.0,0.0,0.0,0.0,0.0,0.0,0.0,0.0,0.0,0.0,0.0,0.0,0.0,0.0,0.0,0.0,0.0,0.0,0.0,0.0,0.0,0.0,0.0,0.0,0.0,0.0,0.0,0.0,0.0,0.0,0.0,0.0,0.0,0.0,0.0,0.0,0.0,0.0,0.0,0.0,0.0,0.0,0.0,0.0,0.0,0.0,0.0,0.0,0.0,0.0,0.0,0.0,0.0
O22,0.0,0.0,0.0,0.0,0.0,0.0,0.0,0.0,0.0,0.0,0.0,0.0,0.0,0.0,0.0,0.0,0.0,0.0,0.0,0.0,0.0,0.0,0.0,0.0,0.0,0.0,0.0,0.0,0.0,0.0,0.0,0.0,0.0,0.0,0.0,0.0,0.0,0.0,0.0,0.0,0.0,0.0,0.0,0.0,0.0,0.0,0.0,0.0,0.0,0.0,0.0,0.0,0.0,0.0,0.0,0.0,0.0,0.0,0.0,0.0,0.0,0.0,0.0,0.0,0.0,0.0,0.0,0.0,0.0,0.0,0.0,0.0,0.0,0.0,0.0,0.0,0.0,0.0,0.0,0.0,0.0,0.0,0.0,0.0,0.0,0.0
O23,0.0,0.0,0.0,0.0,0.0,0.0,0.0,0.0,0.0,0.0,0.0,0.0,0.0,0.0,0.0,0.0,0.0,0.0,0.0,0.0,0.0,0.0,0.0,0.0,0.0,0.0,0.0,0.0,0.0,0.0,0.0,0.0,0.0,0.0,0.0,0.0,0.0,0.0,0.0,0.0,0.0,0.0,0.0,0.0,0.0,0.0,0.0,0.0,0.0,0.0,0.0,0.0,0.0,0.0,0.0,0.0,0.0,0.0,0.0,0.0,0.0,0.0,0.0,0.0,0.0,0.0,0.0,0.0,0.0,0.0,0.0,0.0,0.0,0.0,0.0,0.0,0.0,0.0,0.0,0.0,0.0,0.0,0.0,0.0,0.0,0.0
O24,0.0,0.0,0.0,0.0,0.0,0.0,0.0,0.0,0.0,0.0,0.0,0.0,0.0,0.0,0.0,0.0,0.0,0.0,0.0,0.0,0.0,0.0,0.0,0.0,0.0,0.0,0.0,0.0,0.0,0.0,0.0,0.0,0.0,0.0,0.0,0.0,0.0,0.0,0.0,0.0,0.0,0.0,0.0,0.0,0.0,0.0,0.0,0.0,0.0,0.0,0.0,0.0,0.0,0.0,0.0,0.0,0.0,0.0,0.0,0.0,0.0,0.0,0.0,0.0,0.0,0.0,0.0,0.0,0.0,0.0,0.0,0.0,0.0,0.0,0.0,0.0,0.0,0.0,0.0,0.0,0.0,0.0,0.0,0.0,0.0,0.0
P36,0.0,0.0,0.0,0.0,0.0,0.0,0.0,0.0,0.0,0.0,0.0,0.0,0.0,0.0,0.0,0.0,0.0,0.0,0.0,0.0,0.0,0.0,0.0,0.0,0.0,0.0,0.0,0.0,0.0,0.0,0.0,0.0,0.0,0.0,0.0,0.0,0.0,0.0,0.0,0.0,0.0,0.0,0.0,0.0,0.0,0.0,0.0,0.0,0.0,0.0,0.0,0.0,0.0,0.0,0.0,0.0,0.0,0.0,0.0,0.0,0.0,0.0,0.0,0.0,0.0,0.0,0.0,0.0,0.0,0.0,0.0,0.0,0.0,0.0,0.0,0.0,0.0,0.0,0.0,0.0,0.0,0.0,0.0,0.0,0.0,0.0
P37,0.0,0.0,0.0,0.0,0.0,0.0,0.0,0.0,0.0,0.0,0.0,0.0,0.0,0.0,0.0,0.0,0.0,0.0,0.0,0.0,0.0,0.0,0.0,0.0,0.0,0.0,0.0,0.0,0.0,0.0,0.0,0.0,0.0,0.0,0.0,0.0,0.0,0.0,0.0,0.0,0.0,0.0,0.0,0.0,0.0,0.0,0.0,0.0,0.0,0.0,0.0,0.0,0.0,0.0,0.0,0.0,0.0,0.0,0.0,0.0,0.0,0.0,0.0,0.0,0.0,0.0,0.0,0.0,0.0,0.0,0.0,0.0,0.0,0.0,0.0,0.0,0.0,0.0,0.0,0.0,0.0,0.0,0.0,0.0,0.0,0.0
P38,0.0,0.0,0.0,0.0,0.0,0.0,0.0,0.0,0.0,0.0,0.0,0.0,0.0,0.0,0.0,0.0,0.0,0.0,0.0,0.0,0.0,0.0,0.0,0.0,0.0,0.0,0.0,0.0,0.0,0.0,0.0,0.0,0.0,0.0,0.0,0.0,0.0,0.0,0.0,0.0,0.0,0.0,0.0,0.0,0.0,0.0,0.0,0.0,0.0,0.0,0.0,0.0,0.0,0.0,0.0,0.0,0.0,0.0,0.0,0.0,0.0,0.0,0.0,0.0,0.0,0.0,0.0,0.0,0.0,0.0,0.0,0.0,0.0,0.0,0.0,0.0,0.0,0.0,0.0,0.0,0.0,0.0,0.0,0.0,0.0,0.0
P39,0.0,0.0,0.0,0.0,0.0,0.0,0.0,0.0,0.0,0.0,0.0,0.0,0.0,0.0,0.0,0.0,0.0,0.0,0.0,0.0,0.0,0.0,0.0,0.0,0.0,0.0,0.0,0.0,0.0,0.0,0.0,0.0,0.0,0.0,0.0,0.0,0.0,0.0,0.0,0.0,0.0,0.0,0.0,0.0,0.0,0.0,0.0,0.0,0.0,0.0,0.0,0.0,0.0,0.0,0.0,0.0,0.0,0.0,0.0,0.0,0.0,0.0,0.0,0.0,0.0,0.0,0.0,0.0,0.0,0.0,0.0,0.0,0.0,0.0,0.0,0.0,0.0,0.0,0.0,0.0,0.0,0.0,0.0,0.0,0.0,0.0
P40,0.0,0.0,0.0,0.0,0.0,0.0,0.0,0.0,0.0,0.0,0.0,0.0,0.0,0.0,0.0,0.0,0.0,0.0,0.0,0.0,0.0,0.0,0.0,0.0,0.0,0.0,0.0,0.0,0.0,0.0,0.0,0.0,0.0,0.0,0.0,0.0,0.0,0.0,0.0,0.0,0.0,0.0,0.0,0.0,0.0,0.0,0.0,0.0,0.0,0.0,0.0,0.0,0.0,0.0,0.0,0.0,0.0,0.0,0.0,0.0,0.0,0.0,0.0,0.0,0.0,0.0,0.0,0.0,0.0,0.0,0.0,0.0,0.0,0.0,0.0,0.0,0.0,0.0,0.0,0.0,0.0,0.0,0.0,0.0,0.0,0.0
P41,0.0,0.0,0.0,0.0,0.0,0.0,0.0,0.0,0.0,0.0,0.0,0.0,0.0,0.0,0.0,0.0,0.0,0.0,0.0,0.0,0.0,0.0,0.0,0.0,0.0,0.0,0.0,0.0,0.0,0.0,0.0,0.0,0.0,0.0,0.0,0.0,0.0,0.0,0.0,0.0,0.0,0.0,0.0,0.0,0.0,0.0,0.0,0.0,0.0,0.0,0.0,0.0,0.0,0.0,0.0,0.0,0.0,0.0,0.0,0.0,0.0,0.0,0.0,0.0,0.0,0.0,0.0,0.0,0.0,0.0,0.0,0.0,0.0,0.0,0.0,0.0,0.0,0.0,0.0,0.0,0.0,0.0,0.0,0.0,0.0,0.0
P42,0.0,0.0,0.0,0.0,0.0,0.0,0.0,0.0,0.0,0.0,0.0,0.0,0.0,0.0,0.0,0.0,0.0,0.0,0.0,0.0,0.0,0.0,0.0,0.0,0.0,0.0,0.0,0.0,0.0,0.0,0.0,0.0,0.0,0.0,0.0,0.0,0.0,0.0,0.0,0.0,0.0,0.0,0.0,0.0,0.0,0.0,0.0,0.0,0.0,0.0,0.0,0.0,0.0,0.0,0.0,0.0,0.0,0.0,0.0,0.0,0.0,0.0,0.0,0.0,0.0,0.0,0.0,0.0,0.0,0.0,0.0,0.0,0.0,0.0,0.0,0.0,0.0,0.0,0.0,0.0,0.0,0.0,0.0,0.0,0.0,0.0
P43,0.0,0.0,0.0,0.0,0.0,0.0,0.0,0.0,0.0,0.0,0.0,0.0,0.0,0.0,0.0,0.0,0.0,0.0,0.0,0.0,0.0,0.0,0.0,0.0,0.0,0.0,0.0,0.0,0.0,0.0,0.0,0.0,0.0,0.0,0.0,0.0,0.0,0.0,0.0,0.0,0.0,0.0,0.0,0.0,0.0,0.0,0.0,0.0,0.0,0.0,0.0,0.0,0.0,0.0,0.0,0.0,0.0,0.0,0.0,0.0,0.0,0.0,0.0,0.0,0.0,0.0,0.0,0.0,0.0,0.0,0.0,0.0,0.0,0.0,0.0,0.0,0.0,0.0,0.0,0.0,0.0,0.0,0.0,0.0,0.0,0.0
P44,0.0,0.0,0.0,0.0,0.0,0.0,0.0,0.0,0.0,0.0,0.0,0.0,0.0,0.0,0.0,0.0,0.0,0.0,0.0,0.0,0.0,0.0,0.0,0.0,0.0,0.0,0.0,0.0,0.0,0.0,0.0,0.0,0.0,0.0,0.0,0.0,0.0,0.0,0.0,0.0,0.0,0.0,0.0,0.0,0.0,0.0,0.0,0.0,0.0,0.0,0.0,0.0,0.0,0.0,0.0,0.0,0.0,0.0,0.0,0.0,0.0,0.0,0.0,0.0,0.0,0.0,0.0,0.0,0.0,0.0,0.0,0.0,0.0,0.0,0.0,0.0,0.0,0.0,0.0,0.0,0.0,0.0,0.0,0.0,0.0,0.0
Pd119,157523654869.13345,3660135488.960925,84618354.7849096,1956284.401413362,45227.16931735633,1045.6030028062398,24.173205088426066,0.5588582307805328,0.012920194941823612,0.00029870086569464807,6.90563939386961e-06,1.596508779017521e-07,3.6909547923146896e-09,8.533086355650576e-11,1.9727568298750927e-12,4.5607993961548404e-14,1.0544072547088023e-15,2.4376749824161938e-17,5.635639638631724e-19,1.3028986376615531e-20,3.012160054350955e-22,6.963786691274765e-24,1.6099518022466063e-25,3.722033601064571e-27,8.604937183909346e-29,1.9893679605108218e-30,4.5992025249265075e-32,1.063285640724749e-33,2.458200846003201e-35,5.683093204542892e-37,1.3138693863861575e-38,3.037523233127384e-40,7.022423604195971e-42,1.6235080192619762e-43,3.75337410154671e-45,8.677393015013063e-47,2.006118961229276e-48,4.6379290181286895e-50,1.0722387850827841e-51,2.4788995427525605e-53,5.730946341942318e-55,1.3249325116963985e-56,3.063099976530534e-58,7.081554255324462e-60,1.6371783831850417e-61,3.7849784972742227e-63,8.750458943244576e-65,2.023011009773285e-66,4.67698159857481e-68,1.0812673172677785e-69,2.4997725279648832e-71,5.779202415326861e-73,1.3360887914273864e-74,3.088892082830653e-76,7.141182802065623e-78,1.6509638551627467e-79,3.816849010314399e-81,8.824140105781974e-83,2.0400452938025957e-84,4.71636301200514e-86,1.0903718720650432e-87,2.520821269194816e-89,5.827864817523369e-91,1.3473390099638156e-92,3.114901365439905e-94,7.201313436831292e-96,1.664865404435145e-97,3.848987881444899e-99,8.898441683059675e-101,2.0572230109773474e-102,4.7560760272797476e-104,1.0995530896049363e-105,2.54204724635418e-107,5.876936969927151e-109,1.3586839582950968e-110,3.141129653039851e-112,7.261950387334501e-114,1.6788840084035415e-115,3.881397370311324e-117,8.973368899132748e-119,2.0745453690422937e-120,4.796123436573267e-122,1.1088116154078857e-123,2.563451951816052e-125,5.92642232274256e-127,1.3701244340709855e-128
Pd120,980564545279.9774,958712324.4222416,936242.5043284624,914.2993206332627,0.8928704303059205,0.0008719437795956245,8.515075972613521e-07,8.315503879505391e-10,8.120609257329484e-13,7.930282477860824e-16,7.744416482285961e-19,7.562906720982384e-22,7.385651094709359e-25,7.212549897177108e-28,7.04350575896202e-31,6.878423592736348e-34,6.7172105397815894e-37,6.5597759177554584e-40,6.406031169683065e-43,6.255889814143618e-46,6.109267396624627e-49,5.966081442016237e-52,5.826251408218982e-55,5.6896986408388494e-58,5.556346328944189e-61,5.4261194618595594e-64,5.298944786972226e-67,5.1747507685275644e-70,5.0534675473901996e-73,4.935026901748242e-76,4.8193622087385174e-79,4.7064084069712084e-82,4.596101959932821e-85,4.488380820246895e-88,4.3831843947723586e-91,4.2804535105198815e-94,4.180130381367072e-97,4.082158575553781e-100,3.9864829839392393e-103,3.8930497890031633e-106,3.8018064345734017e-109,3.7127015962630876e-112,3.6256851526006715e-115,3.5407081568365932e-118,3.4577228094107356e-121,3.3766824310651715e-124,3.2975414365870815e-127,3.2202553091670718e-130,3.1447805753584686e-133,3.0710747806235044e-136,2.999096465452641e-139,2.9288051420435948e-142,2.860161271526948e-145,2.7931262417255352e-148,2.727662345435093e-151,2.663732759213958e-154,2.6013015226698808e-157,2.5403335182323055e-160,2.4807944513987358e-163,2.422650831444078e-166,2.3658699525821074e-169,2.3104198755684642e-172,2.2562694097348284e-175,2.2033880954441683e-178,2.1517461869571956e-181,2.1013146357003864e-184,2.0520650739261586e-187,2.0039697987560142e-190,1.9570017565976701e-193,1.9111345279274122e-196,1.8663423124291135e-199,1.8225999144815562e-202,1.7798827289858947e-205,1.7381667275252878e-208,1.6974284448489138e-211,1.6576449656727674e-214,1.618793911789812e-217,1.5808534294822382e-220,1.5438021772287483e-223,1.5076193136999495e-226,1.472284486035107e-229,1.4377778183936591e-232,1.4040799007750577e-235,1.3711717781006423e-238,1.3390349395514085e-241,1.3076513081556724e-244
Pd121,17092252877.381832,89499.85538354206,0.4683756886281288,2.4511300286799805e-06,1.2827391692965067e-11,6.712902853764999e-17,3.513034122813935e-22,1.83846079958289e-27,9.621136582913791e-33,5.03498737466056e-38,2.63493794569057e-43,1.3789305634769547e-48,7.216297074474493e-54,3.776473221085395e-59,1.9763252319561252e-64,1.0342616493766238e-69,5.412556304371476e-75,2.832529444135217e-80,1.4823352591109235e-85,7.757440350542587e-91,4.0596673675778206e-96,2.12452798740805e-101,1.1118199499120845e-106,5.818438770160053e-112,3.044938141717872e-117,1.5934941748357086e-122,8.339163447841917e-128,4.364097974628146e-133,2.2838443269848884e-138,1.1951942738740864e-143,6.254757977253569e-149,3.2732751661541726e-154,1.7129887922643858e-159,8.964509408694152e-165,4.6913575442799915e-170,2.45510764782373e-175,1.2848207593453961e-180,6.723796348026357e-186,3.5187349675737184e-191,1.8414441977649076e-196,9.63674947027964e-202,5.0431579987954047e-207,2.639213842722846e-212,1.3811682499901131e-217,7.228007461542707e-223,3.7826015667889124e-228,1.979532352339339e-233,1.0359400176753519e-238,5.421339635863859e-244,2.83712598663209e-249,1.4847407476142209e-254,7.770028888434778e-260,4.066255272115542e-265,2.127975606708226e-270,1.113624177458324e-275,5.827880755353839e-281,3.0498793745787477e-286,1.5960800486413002e-291,8.352695988255838e-297,4.371179899881362e-302,2.2875504799878018e-307,1.197133798733e-312,6.264906e-318,3.5e-323,0.0,0.0,0.0,0.0,0.0,0.0,0.0,0.0,0.0,0.0,0.0,0.0,0.0,0.0,0.0,0.0,0.0,0.0,0.0,0.0,0.0,0.0
Pd122,1720389349.9197361,4.313524440996235,1.0813723094595986e-08,2.7109295122492582e-17,6.796122626865313e-26,1.7037434042712928e-34,4.271173059949353e-43,1.0707550950631449e-51,2.684312851554835e-60,6.729396402823106e-69,1.6870155771931831e-77,4.229237493720077e-86,1.0602421234335447e-94,2.6579575206453827e-103,6.663325315425621e-112,1.6704519885784764e-120,4.18771366255521e-129,1.0498323710862936e-137,2.6318609537123273e-146,6.597902932358913e-155,1.6540510258882218e-163,4.146597523925276e-172,1.0395248245857438e-180,2.6060206101389015e-189,6.53312288446322e-198,1.6378110924158057e-206,4.1058850749914433e-215,1.0293184804464322e-223,2.5804339742528243e-232,6.468978865113026e-241,1.6217306071315453e-249,4.065572352215899e-258,1.0192123450354045e-266,2.5550985550813868e-275,6.405464629602979e-284,1.6058080045287319e-292,4.02565543097593e-301,1.009205434475467e-309,2.53001e-318,0.0,0.0,0.0,0.0,0.0,0.0,0.0,0.0,0.0,0.0,0.0,0.0,0.0,0.0,0.0,0.0,0.0,0.0,0.0,0.0,0.0,0.0,0.0,0.0,0.0,0.0,0.0,0.0,0.0,0.0,0.0,0.0,0.0,0.0,0.0,0.0,0.0,0.0,0.0,0.0,0.0,0.0,0.0,0.0,0.0,0.0,0.0
Pd123,144108227.85768986,97.73525113064973,6.62832479388586e-05,4.4952756620547695e-11,3.0486591870847727e-17,2.0675757256559448e-23,1.4022129464098852e-29,9.509693515364277e-36,6.449396362207466e-42,4.3739278631485546e-48,2.9663621023718766e-54,2.011762515912632e-60,1.3643608840589715e-66,9.252983924425698e-73,6.27529801726416e-79,4.2558557895607315e-85,2.886286587777711e-91,1.957455956853592e-97,1.3275306198792146e-103,9.003204085110906e-110,6.105899373193573e-116,4.1409710146658753e-122,2.8083726730881563e-128,1.904615377170103e-134,1.2916945709216943e-140,8.760166932116322e-147,5.941073563836821e-153,4.0291874988726593e-159,2.732562006956092e-165,1.8532012034558067e-171,1.2568258988258843e-177,8.523690449875967e-184,5.780697147725776e-190,3.9204215251870414e-196,2.658797813200884e-202,1.8031749305693688e-208,1.2228984897198673e-214,8.293597536246373e-221,5.624650015635254e-227,3.8145916365148624e-233,2.587024848287511e-239,1.7544990927971764e-245,1.1898869346631059e-251,8.069715869870986e-258,5.472815300630662e-264,3.7116185746569477e-270,2.5171893599535454e-276,1.7071372357944889e-282,1.1577665106171545e-288,7.851877781125194e-295,5.325079290543955e-301,3.61142522095098e-307,2.44923904695e-313,1.66105e-319,0.0,0.0,0.0,0.0,0.0,0.0,0.0,0.0,0.0,0.0,0.0,0.0,0.0,0.0,0.0,0.0,0.0,0.0,0.0,0.0,0.0,0.0,0.0,0.0,0.0,0.0,0.0,0.0,0.0,0.0,0.0,0.0
Pd124,96729345.59903865,2.3787471380676326e-32,5.849763494028211e-72,1.4385611815749145e-111,3.5376785322121985e-151,8.699782503218631e-191,2.139431689853992e-230,5.261244121744548e-270,1.293833770896474e-309,0.0,0.0,0.0,0.0,0.0,0.0,0.0,0.0,0.0,0.0,0.0,0.0,0.0,0.0,0.0,0.0,0.0,0.0,0.0,0.0,0.0,0.0,0.0,0.0,0.0,0.0,0.0,0.0,0.0,0.0,0.0,0.0,0.0,0.0,0.0,0.0,0.0,0.0,0.0,0.0,0.0,0.0,0.0,0.0,0.0,0.0,0.0,0.0,0.0,0.0,0.0,0.0,0.0,0.0,0.0,0.0,0.0,0.0,0.0,0.0,0.0,0.0,0.0,0.0,0.0,0.0,0.0,0.0,0.0,0.0,0.0,0.0,0.0,0.0,0.0,0.0,0.0
Pd125,1.0954939281459792e-08,1.838509212774358e-12,3.085472259236271e-16,5.1781840397473076e-20,8.690270952599897e-24,1.4584419682635874e-27,2.4476256107483165e-31,4.107719923559088e-35,6.893767942412386e-39,1.1569444199753533e-42,1.941638305921432e-46,3.2585483329456416e-50,5.468648411890402e-54,9.177741864530548e-58,1.5402516195558397e-61,2.5849223987361908e-65,4.3381378228414975e-69,7.280466051580157e-73,1.2218419075835758e-76,2.0505523088092044e-80,3.4413329130922337e-84,5.775406054190928e-88,9.692556905461839e-92,1.626650290630981e-95,2.7299206946299323e-99,4.58148075335723e-103,7.688855553449734e-107,1.2903797462969543e-110,2.1655757194012138e-114,3.6343705873548657e-118,6.099370919194812e-122,1.0236249913357243e-125,1.7178953973590866e-129,2.8830525057976237e-133,4.838473730102513e-137,8.12015320214062e-141,1.362762137489948e-144,2.2870512380069406e-148,3.838236491441752e-152,6.441508226581486e-156,1.0810440765084548e-159,1.8142587950620752e-163,3.0447740725716335e-167,5.109882436969119e-171,8.575644004217382e-175,1.4392047369819761e-178,2.415340788321805e-182,4.0535380226476106e-186,6.802837338935676e-190,1.1416840202670682e-193,1.9160275884784038e-197,3.2155672275693122e-201,5.39651550801996e-205,9.056685047233146e-209,1.5199352975615147e-212,2.5508265957412155e-216,4.2809166495308536e-220,7.184434798832436e-224,1.2057254930280198e-227,2.0235049871618551e-231,3.3959408312632756e-235,5.699226936730387e-239,9.564709543031218e-243,1.6051943475519167e-246,2.693912326161492e-250,4.521049823102557e-254,7.587437536283928e-258,1.273359299710253e-261,2.1370112088628993e-265,3.586432288078336e-269,6.018918620373041e-273,1.0101231097850863e-276,1.6952359074405542e-280,2.8450242886604504e-284,4.7746529952214e-288,8.013046256104389e-292,1.344786948218657e-295,2.2568844335842436e-299,3.7876091475321786e-303,6.356543047127163e-307,1.066784822196e-310,1.7903282467e-314,3.00461e-318,5.04e-322,0.0,0.0
Pd126,0.0,0.0,0.0,0.0,0.0,0.0,0.0,0.0,0.0,0.0,0.0,0.0,0.0,0.0,0.0,0.0,0.0,0.0,0.0,0.0,0.0,0.0,0.0,0.0,0.0,0.0,0.0,0.0,0.0,0.0,0.0,0.0,0.0,0.0,0.0,0.0,0.0,0.0,0.0,0.0,0.0,0.0,0.0,0.0,0.0,0.0,0.0,0.0,0.0,0.0,0.0,0.0,0.0,0.0,0.0,0.0,0.0,0.0,0.0,0.0,0.0,0.0,0.0,0.0,0.0,0.0,0.0,0.0,0.0,0.0,0.0,0.0,0.0,0.0,0.0,0.0,0.0,0.0,0.0,0.0,0.0,0.0,0.0,0.0,0.0,0.0
Pm159,38398707848.77228,3746805111.151555,355880958.647597,33696005.09073225,3189252.9201678853,301842.2633454183,28567.274868932986,2703.692530285538,255.88554649615426,24.21777312962308,2.292042449262751,0.2169257495486513,0.02053050144496831,0.0019430680334541692,0.0001838977675606621,1.7404634491194764e-05,1.6472266400523942e-06,1.5589845366020314e-07,1.4754695718659242e-08,1.3964285125285665e-09,1.321621691009664e-10,1.2508222787462674e-11,1.1838155984052802e-12,1.1203984729408022e-13,1.0603786095225366e-14,1.0035740164672272e-15,9.498124514051284e-17,8.989308990082657e-18,8.507750766968361e-19,8.051989668249812e-20,7.620643739274092e-21,7.2124050568436e-22,6.8260357633433e-23,6.460364313320089e-24,6.114281921133363e-25,5.786739198905307e-26,5.476742974576501e-27,5.183353280418652e-28,4.9056805028730365e-29,4.642882685072336e-30,4.394162973866702e-31,4.158767203612908e-32,3.9359816094001284e-33,3.725130662778498e-34,3.525575023427883e-35,3.3367096005559885e-36,3.157961718147578e-37,2.9887893785014666e-38,2.828679618790023e-39,2.6771469556579706e-40,2.5337319131441584e-41,2.397999629462757e-42,2.2695385384192958e-43,2.147959121463402e-44,2.032892726594206e-45,1.923990450537092e-46,1.820922080802367e-47,1.723375094417965e-48,1.6310537103001288e-49,1.5436779923887038e-50,1.4609830008275667e-51,1.3827179886164048e-52,1.3086456412979522e-53,1.2385413573752441e-54,1.1721925672770073e-55,1.1093980888061426e-56,1.0499675171168974e-57,9.937206473710291e-59,9.404869283223327e-60,8.901049451727073e-61,8.424219301316734e-62,7.972932991952716e-63,7.54582213739761e-64,7.141591656007935e-65,6.759015843799327e-66,6.396934657878112e-67,6.05425019896981e-68,5.729923382378929e-69,5.422970787285848e-70,5.132461674827125e-71,4.857515165917625e-72,4.597297570256968e-73,4.35101985842138e-74,4.1179352693758865e-75,3.8973370461522675e-76,3.688556292827054e-77
Pm160,2735060677.247387,300088668.9465911,32594325.159955155,3539347.927050921,384327.70449921297,41733.04320618314,4531.671455145728,492.08120466361066,53.43368652808524,5.802210750831821,0.6300454223642861,0.06841482519146394,0.007428969626371318,0.0008066905024619361,8.759620775030014e-05,9.51182093853373e-06,1.032861351996355e-06,1.1215545155249619e-07,1.21786387772487e-08,1.322443451598807e-09,1.4360034111067153e-10,1.5593149137810597e-11,1.693215337466453e-12,1.8386139667450004e-13,1.9964981676624843e-14,2.1679400926863955e-15,2.3541039614275494e-16,2.556253966566839e-17,2.7757628586743295e-18,3.014121268218057e-19,3.272947828066003e-20,3.5540001652206286e-21,3.859186836428095e-22,4.190580288714006e-23,4.550430932857369e-24,4.941182425372287e-25,5.365488262773562e-26,5.826229800813677e-27,6.326535821055428e-28,6.869803777651831e-29,7.459722868615033e-30,8.100299088245433e-31,8.795882430845818e-32,9.551196430454321e-33,1.037137023719303e-33,1.1261973448054904e-34,1.222905392865622e-35,1.3279178882792659e-36,1.4419479448692141e-37,1.5657699124806772e-38,1.7002246353991046e-39,1.8462251623152786e-40,2.0047629466126214e-41,2.176914579081327e-42,2.3638490987795246e-43,2.566835931687706e-44,2.787253511065858e-45,3.0265986380520042e-46,3.2864966460676583e-47,3.5687124380541585e-48,3.87516247149101e-49,4.207927772583513e-50,4.569268067995825e-51,4.9616371300945215e-52,5.38769943990843e-53,5.850348280958755e-54,6.3527253868301864e-55,6.898242275904813e-56,7.490603418137716e-57,8.133831391194052e-58,8.832294196776731e-59,9.590734922643155e-60,1.0414303951738285e-60,1.1308593937168405e-61,1.2279677780521887e-62,1.3334149871438383e-63,1.4479170868474027e-64,1.5722516325358488e-65,1.707262949285277e-66,1.8538678654771906e-67,2.0130619387527462e-68,2.185926216597894e-69,2.3736345774688427e-70,2.5774617023096456e-71,2.798791730594485e-72,3.039127659675707e-73
Pm161,159351872.67835093,6168209.961389856,238174.96063505806,9196.238749149987,355.07809714341755,13.710002041213576,0.5293600404664122,0.020439242211424083,0.0007891842795861116,3.0471375636310963e-05,1.176537289435264e-06,4.542755174407552e-08,1.7540136432490065e-09,6.772462399109784e-11,2.6149310254164582e-12,1.0096570294113975e-13,3.898409966195931e-15,1.5052240336894948e-16,5.811855118478838e-18,2.244028740053755e-19,8.664470953820419e-21,3.3454587978137693e-22,1.2917227869446103e-23,4.987500546718239e-25,1.925735301329896e-26,7.435500840653142e-28,2.87093832226958e-29,1.1085045953074039e-30,4.280072575178956e-32,1.652588661007661e-33,6.38084806862628e-35,2.4637239160327853e-36,9.512741048132664e-38,3.6729863139269e-39,1.4181851891093527e-40,5.475787434826681e-42,2.1142688741684343e-43,8.163452152738544e-45,3.1520092767890117e-46,1.2170295476811342e-47,4.6991007635542994e-49,1.8143805980807652e-50,7.005546636122647e-52,2.704927715982149e-53,1.044405858489572e-54,4.0325794689536888e-56,1.5570285288273467e-57,6.011878645534241e-59,2.321260283898008e-60,8.962671443151597e-62,3.4605976742509316e-63,1.3361793232063258e-64,5.15915270084255e-66,1.9920123091517825e-67,7.691404519126127e-69,2.969745879834634e-70,1.146655408497071e-71,4.427377556994198e-73,1.7094649261601578e-74,6.600454323474775e-76,2.5485165919218882e-77,9.840135998217055e-79,3.7993975307175464e-80,1.466994114617741e-81,5.664244699123796e-83,2.1870345417106274e-84,8.44440934441854e-86,3.260490303931292e-87,1.25891540644658e-88,4.8608272157031826e-90,1.876825170295775e-91,7.246652809374118e-93,2.798021774789709e-94,1.0803506195398253e-95,4.1713666121408415e-97,1.6106159517263953e-98,6.218786275954249e-100,2.4011498647175047e-101,9.271134940150675e-103,3.5796992241712963e-104,1.3821658964360102e-105,5.3367125158762945e-107,2.0605703375079055e-108,7.956115498419828e-110,3.07195404456575e-111,1.1861192379369214e-112
Pm162,2458013.2374953837,5.919112088022893,1.42537425657963e-05,3.4324265888307564e-11,8.265585149533788e-17,1.9904256098734624e-22,4.793119950695329e-28,1.1542254454419993e-33,2.7794764007784058e-39,6.693223661800038e-45,1.611787132797158e-50,3.881325192040319e-56,9.34657247214957e-62,2.250736865756463e-67,5.419972352399856e-73,1.3051770177010735e-78,3.142981064803397e-84,7.568574867424731e-90,1.822579402889164e-95,4.388931520163565e-101,1.0568933160415346e-106,2.545092071638526e-112,6.128805580281226e-118,1.4758702940245193e-123,3.5540254887381706e-129,8.558405996611764e-135,2.0609394455650259e-140,4.962923469589356e-146,1.1951156264199741e-151,2.8779435533616826e-157,6.93034122660321e-163,1.668887128138889e-168,4.0188270034616754e-174,9.677688929007435e-180,2.330472621139445e-185,5.611983065090708e-191,1.3514148862845794e-196,3.2543259195349046e-202,7.83670307175123e-208,1.887147033004372e-213,4.544416052988685e-219,1.0943353592212338e-224,2.635255805097933e-230,6.345927781447495e-236,1.5281552299189642e-241,3.679932213467472e-247,8.861600464786366e-253,2.1339513404652583e-258,5.1387425347925034e-264,1.2374544038632264e-269,2.97989905365501e-275,7.175859039534758e-281,1.728009977120323e-286,4.161200024381994e-292,1.0020535686820873e-297,2.4130331361747842e-303,5.81079604749638e-309,1.399290801e-314,3.3695e-320,0.0,0.0,0.0,0.0,0.0,0.0,0.0,0.0,0.0,0.0,0.0,0.0,0.0,0.0,0.0,0.0,0.0,0.0,0.0,0.0,0.0,0.0,0.0,0.0,0.0,0.0,0.0
Pm163,65682.26531200847,0.0019574840459826246,5.833757060714466e-11,1.7385950865490733e-18,5.181417127099877e-26,1.5441826364695738e-33,4.602022875754778e-41,1.3715096937879327e-48,4.087417405211751e-56,1.2181453124319846e-63,3.630355931615805e-71,1.0819303785609674e-78,3.2244037942915355e-86,9.60947213855849e-94,2.86384586648898e-101,8.534925778177362e-109,2.5436060959629444e-116,7.580536889919515e-124,2.259176042651997e-131,6.732869275367286e-139,2.0065514073870566e-146,5.97998919304331e-154,1.782175658060115e-161,5.311297351301092e-169,1.582889959603882e-176,4.717379688036117e-184,1.4058887028801853e-191,4.189874836445429e-199,1.2486800063983963e-206,3.72135641097547e-214,1.1090506347940841e-221,3.305228456241163e-229,9.85034840178841e-237,2.935632587012194e-244,8.74886687699619e-252,2.607365511952711e-259,7.770554756977337e-267,2.3158057799867917e-274,6.901639044245498e-282,2.0568487180011096e-289,6.12988685965872e-297,1.826848643916474e-304,5.44443322395e-312,1.62256e-319,0.0,0.0,0.0,0.0,0.0,0.0,0.0,0.0,0.0,0.0,0.0,0.0,0.0,0.0,0.0,0.0,0.0,0.0,0.0,0.0,0.0,0.0,0.0,0.0,0.0,0.0,0.0,0.0,0.0,0.0,0.0,0.0,0.0,0.0,0.0,0.0,0.0,0.0,0.0,0.0,0.0,0.0
Pr153,13317057772886.096,6258784458797.597,2794628718924.608,1243802665436.1938,553461366421.2463,246273210183.8295,109583872337.94414,48761391327.28887,21697291986.419613,9654615395.758934,4296001477.82765,1911586110.9894655,850595950.3476181,378488558.0557302,168415554.4363473,74939647.11061588,33345795.92638631,14837834.828911072,6602371.792116501,2937848.6675427416,1307250.64645532,581685.5958367672,258831.87231266717,115172.07681326306,51247.967102971794,22803.740323668735,10146.95025276741,4515.075069736278,2009.0669982139837,893.9718921546768,397.78949366699624,177.00386629657797,78.76117691073208,35.0462570007917,15.59448675021234,6.939058199483455,3.087663574125831,1.373913587825678,0.6113485169272205,0.27203094318369386,0.12104524996863558,0.05386134521496503,0.02396661173501095,0.010664391610797939,0.004745320268293049,0.002111518900513064,0.0009395597799824963,0.0004180746759814739,0.00018603013711407547,8.277758473037783e-05,3.6833432690495146e-05,1.6389723959502686e-05,7.292913851551349e-06,3.24511825687657e-06,1.443975990320181e-06,6.425240917500578e-07,2.859030975907681e-07,1.2721792421721886e-07,5.660799193335022e-08,2.518878350235275e-08,1.120821977001805e-08,4.987306766969893e-09,2.219195313639324e-09,9.874724115017463e-10,4.3939429642989654e-10,1.9551670050356891e-10,8.699880832864008e-11,3.87117449870493e-11,1.722551410453053e-11,7.664814289943393e-12,3.4106023043961614e-12,1.5176112086648249e-12,6.752894577290438e-13,3.0048265927159477e-13,1.3370537254730502e-13,5.949470325958206e-14,2.6473279633497157e-14,1.1779780319191043e-14,5.241633310623925e-15,2.3323626603020645e-15,1.0378283364739598e-15,4.618011059432812e-16,2.0548702897725192e-16,9.143529223830842e-17,4.068584138043279e-17,1.8103925172781406e-17
Pr154,1819250062175.4724,413629071537.6025,91783429127.92372,20341380309.757652,4507844117.694745,998978020.801881,221382304.04335085,49060262.68355285,10872185.037086079,2409371.6790783205,533937.922150522,118325.33236194497,26221.932733629117,5811.010563517401,1287.7709706731198,285.3813557524476,63.24301453117461,14.015207393085152,3.1058930338363893,0.6882931709161046,0.15253181096986282,0.03380238877973965,0.007490906191643024,0.0016600505939872816,0.0003678817894785419,8.15258351282342e-05,1.8066840989267557e-05,4.003770618455586e-06,8.872707284428307e-07,1.96626985053191e-07,4.3574266581475415e-08,9.65644012493936e-09,2.1399519303941817e-09,4.742321399136242e-10,1.0509400670772513e-10,2.328975477683787e-11,5.161214179165661e-12,1.1437703856681573e-12,2.5346956156409015e-13,5.617108070337119e-14,1.2448004754159975e-14,2.7585871665504523e-15,6.113271408346583e-16,1.3547546282121185e-16,3.0022552248478586e-17,6.65326122341543e-18,1.4744211131898865e-18,3.267446664155074e-19,7.240948740892832e-20,1.6046578278821166e-20,3.556062660741688e-21,7.880547134345357e-22,1.7463984485494382e-22,3.8701723231926936e-23,8.576641730097546e-24,1.9006591237717396e-24,4.21202752599492e-25,9.334222879762167e-26,2.06854575928953e-26,4.584079053385236e-27,1.0158721736425468e-27,2.251261946320772e-28,4.988994169196842e-29,1.1056049190969453e-29,2.450117590191827e-30,5.429675738663227e-31,1.20326382476687e-31,2.666538301141815e-32,5.909283039265238e-33,1.3095490142854928e-33,2.9020756146236994e-34,6.431254409815807e-35,1.425222453727774e-35,3.158418114372175e-36,6.99933190015521e-37,1.5511134141993905e-37,3.437403537980449e-38,7.617588098172186e-39,1.6881244169402084e-39,3.741031951771596e-40,8.290455326475913e-41,1.8372377035631705e-41,4.071480089416145e-42,9.022757418031684e-43,1.9995222778142114e-43,4.4311169570903903e-44
Pr155,243687256191.7695,4204813257.09242,71989529.16560954,1232157.5390831712,21089.120285382458,360.9528829196804,6.177923971139207,0.10573885506390171,0.0018097835975685295,3.097552614926819e-05,5.301646127819088e-07,9.074083690837703e-09,1.5530835676917986e-10,2.6581951967996505e-12,4.549659690746888e-14,7.787014033630114e-16,1.3327939160653552e-17,2.2811563136129845e-19,3.904335144700055e-21,6.682502567303781e-23,1.1437501881117907e-24,1.957596693200474e-26,3.3505435479367744e-28,5.734655205341166e-30,9.815204564166165e-32,1.6799308273442567e-33,2.8753018505236956e-35,4.921250683097801e-37,8.423014189442233e-39,1.4416491376717627e-40,2.4674685206571716e-42,4.223219604089477e-44,7.228292347014614e-46,1.237165365573612e-47,2.117482343401673e-49,3.624197378447428e-51,6.203030064866819e-53,1.0616856083628947e-54,1.8171382682619485e-56,3.1101405726631836e-58,5.323191168593713e-60,9.110959313691062e-62,1.5593950505757138e-63,2.668997676354338e-65,4.568148779076159e-67,7.818659211528124e-69,1.3382101770857059e-70,2.2904265675313304e-72,3.920201737426602e-74,6.709659187496447e-76,1.1483982056981694e-77,1.965552052641381e-79,3.364159620306958e-81,5.7579599256579805e-83,9.85509198355402e-85,1.6867577971760917e-86,2.8869866167482554e-88,4.941249857707586e-90,8.457243970114427e-92,1.4475077688789397e-93,2.4774959175459822e-95,4.2403820921878217e-97,7.257666969460683e-99,1.2421930074802215e-100,2.126087452518398e-102,3.6389255361575844e-104,6.22823818559984e-106,1.0660001286402828e-107,1.8245228271591183e-109,3.1227796858437547e-111,5.34482376496348e-113,9.147984793169856e-115,1.565732182315252e-116,2.679844055455859e-118,4.586713004099271e-120,7.850432990360949e-122,1.3436484489233962e-123,2.2997344942769084e-125,3.936132809444854e-127,6.736926167844282e-129,1.1530651120836095e-130,1.973539741388953e-132,3.3778310262145475e-134,5.7813593526257564e-136,9.895141499026043e-138,1.693612510719945e-139
Pr156,14734619887.670847,130658402.25749879,1155415.2963221578,10217.099162397144,90.34767851759253,0.7989256896640473,0.0070647333508077155,6.247196449395948e-05,5.524265607686846e-07,4.88499293266542e-09,4.319697430729298e-11,3.819818401020261e-13,3.377785794203082e-15,2.9869055734358305e-17,2.641258341465342e-19,2.335609698680729e-21,2.0653309746085143e-23,1.8263291324260115e-25,1.614984784983527e-27,1.4280973836647447e-29,1.2628367500384168e-31,1.1167002163081967e-33,9.874747255057619e-36,8.732033174815487e-38,7.721554931649053e-40,6.828010082970588e-42,6.037866997753943e-44,5.3391599367272406e-46,4.7213078460584776e-48,4.17495412038864e-50,3.6918249086217706e-52,3.264603816688503e-54,2.8868211098114736e-56,2.5527557363780167e-58,2.2573486896929496e-60,1.996126395582372e-62,1.765132965648588e-64,1.5608702902354908e-66,1.3802450638865121e-68,1.2205219410612665e-70,1.0792821127121574e-72,9.543866764144846e-75,8.439442453359815e-77,7.462823055237179e-79,6.599218877499119e-81,5.835551703531127e-83,5.160256738974879e-85,4.563107477228373e-87,4.0350608316581345e-89,3.568120189242431e-91,3.15521431176235e-93,2.7900902506492207e-95,2.467218653816173e-97,2.181710030463023e-99,1.929240705788539e-101,1.705987344285871e-103,1.5085690500574406e-105,1.333996167330216e-107,1.1796250058185595e-109,1.043117805306244e-111,9.224073331608214e-114,8.156655786534732e-116,7.212760699985766e-118,6.378093948887965e-120,5.640015538144991e-122,4.987348183553025e-124,4.410208045662697e-126,3.8998550512612686e-128,3.4485605357791406e-130,3.049490202228693e-132,2.6966006242334303e-134,2.384547725813874e-136,2.1086058519698323e-138,1.8645962044831288e-140,1.6488235591895858e-142,1.458020306381682e-144,1.2892969669029963e-146,1.1400984345619338e-148,1.0081652822102447e-150,8.914995455147671e-153,7.883344662599614e-155,6.971077369809878e-157,6.164378417504123e-159,5.451031348290281e-161,4.8202334035284755e-163,4.2624319289191565e-165
Pr157,597187948.5995226,1816925.3903031882,5525.402596728413,16.80315059053775,0.05109960130866649,0.00015539759879168544,4.725753839908353e-07,1.437136064460441e-09,4.37043514694134e-12,1.3290810693552083e-14,4.0418320591134786e-17,1.2291504838002812e-19,3.737935890779788e-22,1.136733451902539e-24,3.4568889848046535e-27,1.0512650466354292e-29,3.1969733570713493e-32,9.722228165518475e-35,2.956600194785142e-37,8.991235921418402e-40,2.7343001443750975e-42,8.315205323130104e-45,2.5287143296264975e-47,7.690003929393462e-50,2.3385860451394507e-52,7.111810007816649e-55,2.1627530743374936e-57,6.577089173382299e-60,2.0001405850676556e-62,6.082572783451368e-65,1.84975455936423e-67,5.625237957197585e-70,1.7106757172136595e-72,5.202289097335125e-75,1.5820538971777377e-77,4.811140801185725e-80,1.4631028595249892e-82,4.4494020566237095e-85,1.3530954801027906e-87,4.114861626292086e-90,1.2513593055713161e-92,3.805474530746167e-95,1.1572724428293646e-97,3.519349547898944e-100,1.0702597575048912e-102,3.2547376523547305e-105,9.897893582724161e-108,3.010021323963063e-110,9.153693455066153e-113,2.783704660238119e-115,8.465448043972568e-118,2.574404232202881e-120,7.828950241449947e-123,2.38084062776156e-125,7.240309262395126e-128,2.2018306309066656e-130,6.6959268609958385e-133,2.0362799889537064e-135,6.192475335366249e-138,1.8831767235910865e-140,5.726877185963812e-143,1.741584944856952e-145,5.296286303443632e-148,1.61063913022908e-150,4.898070570955298e-153,1.4895388338569733e-155,4.529795774533444e-158,1.3775437935947961e-160,4.189210723229556e-163,1.273969405925376e-165,3.874233488027187e-168,1.178182541114375e-170,3.5829386754218916e-173,1.089597673013537e-175,3.3135456578717965e-178,1.0076732998552053e-180,3.064407689173799e-183,9.319086341591919e-186,2.834001838229941e-188,8.618405415180111e-191,2.6209196796709785e-193,7.97040709547901e-196,2.4238586844308466e-198,7.371130296999907e-201,2.241614257644236e-203,6.816911759271247e-206
Pr158,13506151.839528065,8.218810888461017e-05,5.001339628256806e-16,3.043432732135261e-27,1.8520003606035248e-38,1.126985755084909e-49,6.857973244402645e-61,4.173237932133317e-72,2.5395133835511666e-83,1.545353591171539e-94,9.403839874264854e-106,5.722457623033239e-117,3.4822499835442147e-128,2.1190309735253504e-139,1.2894801602352484e-150,7.846789897903465e-162,4.774956110267479e-173,2.9056730397576455e-184,1.7681703494236877e-195,1.075973222658891e-206,6.547549992885588e-218,3.984338086350967e-229,2.4245633868540477e-240,1.4754038160092417e-251,8.978179049049828e-263,5.46343300472339e-274,3.3246274143151406e-285,2.0231139348574081e-296,1.2311123874484941e-307,7.4916e-319,0.0,0.0,0.0,0.0,0.0,0.0,0.0,0.0,0.0,0.0,0.0,0.0,0.0,0.0,0.0,0.0,0.0,0.0,0.0,0.0,0.0,0.0,0.0,0.0,0.0,0.0,0.0,0.0,0.0,0.0,0.0,0.0,0.0,0.0,0.0,0.0,0.0,0.0,0.0,0.0,0.0,0.0,0.0,0.0,0.0,0.0,0.0,0.0,0.0,0.0,0.0,0.0,0.0,0.0,0.0,0.0
Pr159,175434.68892640006,9.49054236285098e-10,5.134126830461466e-24,2.7774238081948676e-38,1.5025111893533646e-52,8.128179313042275e-67,4.397125253583092e-81,2.378725880797702e-95,1.286826389893257e-109,6.96138286085492e-124,3.765919918647651e-138,2.037260859967327e-152,1.102103045527651e-166,5.962079509939651e-181,3.2253238231297826e-195,1.744812987935784e-209,9.438966534266345e-224,5.1062257016096346e-238,2.762330051825464e-252,1.4943458752347595e-266,8.084007171248176e-281,4.373229319117668e-295,2.36579882630626e-309,1.5e-323,0.0,0.0,0.0,0.0,0.0,0.0,0.0,0.0,0.0,0.0,0.0,0.0,0.0,0.0,0.0,0.0,0.0,0.0,0.0,0.0,0.0,0.0,0.0,0.0,0.0,0.0,0.0,0.0,0.0,0.0,0.0,0.0,0.0,0.0,0.0,0.0,0.0,0.0,0.0,0.0,0.0,0.0,0.0,0.0,0.0,0.0,0.0,0.0,0.0,0.0,0.0,0.0,0.0,0.0,0.0,0.0,0.0,0.0,0.0,0.0,0.0,0.0
Rb100,12388851844708.643,3.8045152095742776e-17,1.1683007398245863e-46,3.5876492627490615e-76,1.101704962922169e-105,3.383145163965358e-135,1.0389052954888804e-164,3.190298260006568e-194,9.796853507240495e-224,3.008444064478551e-253,9.238410763626483e-283,2.83695596821e-312,0.0,0.0,0.0,0.0,0.0,0.0,0.0,0.0,0.0,0.0,0.0,0.0,0.0,0.0,0.0,0.0,0.0,0.0,0.0,0.0,0.0,0.0,0.0,0.0,0.0,0.0,0.0,0.0,0.0,0.0,0.0,0.0,0.0,0.0,0.0,0.0,0.0,0.0,0.0,0.0,0.0,0.0,0.0,0.0,0.0,0.0,0.0,0.0,0.0,0.0,0.0,0.0,0.0,0.0,0.0,0.0,0.0,0.0,0.0,0.0,0.0,0.0,0.0,0.0,0.0,0.0,0.0,0.0,0.0,0.0,0.0,0.0,0.0,0.0
Rb101,555800995.5661532,1.4870800841452124e-38,3.978775126893879e-85,1.0645459971638039e-131,2.848258933804597e-178,7.620693681261062e-225,2.0389639261497126e-271,5.455374e-318,0.0,0.0,0.0,0.0,0.0,0.0,0.0,0.0,0.0,0.0,0.0,0.0,0.0,0.0,0.0,0.0,0.0,0.0,0.0,0.0,0.0,0.0,0.0,0.0,0.0,0.0,0.0,0.0,0.0,0.0,0.0,0.0,0.0,0.0,0.0,0.0,0.0,0.0,0.0,0.0,0.0,0.0,0.0,0.0,0.0,0.0,0.0,0.0,0.0,0.0,0.0,0.0,0.0,0.0,0.0,0.0,0.0,0.0,0.0,0.0,0.0,0.0,0.0,0.0,0.0,0.0,0.0,0.0,0.0,0.0,0.0,0.0,0.0,0.0,0.0,0.0,0.0,0.0
Rb102,521203.6707847184,1.0896291874309994e-35,2.2779804376933828e-76,4.762349370200079e-117,9.956174841786875e-158,2.0814394277852733e-198,4.351460435744604e-239,9.0971698100284e-280,1.9017e-320,0.0,0.0,0.0,0.0,0.0,0.0,0.0,0.0,0.0,0.0,0.0,0.0,0.0,0.0,0.0,0.0,0.0,0.0,0.0,0.0,0.0,0.0,0.0,0.0,0.0,0.0,0.0,0.0,0.0,0.0,0.0,0.0,0.0,0.0,0.0,0.0,0.0,0.0,0.0,0.0,0.0,0.0,0.0,0.0,0.0,0.0,0.0,0.0,0.0,0.0,0.0,0.0,0.0,0.0,0.0,0.0,0.0,0.0,0.0,0.0,0.0,0.0,0.0,0.0,0.0,0.0,0.0,0.0,0.0,0.0,0.0,0.0,0.0,0.0,0.0,0.0,0.0
Rb91,806598624145890.6,1152128908275683.2,1350773030183757.5,1449809519152591.0,1484307802664768.8,1477557084720205.5,1444993596294258.2,1396820015288186.8,1339752168914910.5,1278184244537761.8,1214966087640469.8,1151921655744506.0,1090194746345373.4,1030479468176849.8,973173808047719.2,918481887654873.5,866481990617177.2,817171757892752.2,770498157708526.4,726377305464167.2,684707520208057.4,645377877213893.4,608273764043561.5,573280445553231.9,540285308355776.4,509179231748528.8,479857382981685.6,452219635240358.6,426170740332206.5,401620343794406.25,378482900605157.75,356677529998595.25,336127834763013.8,316761701665057.4,298511093828538.5,281311842032461.2,265103439329134.94,249828841686564.2,235434276240376.75,221869058006464.5,209085415427497.97,197038324818706.28,185685353583493.4,174986511949406.84,164904112904265.56,155402639973906.9,146448622465776.44,138010517798937.52,130058600546063.0,122564857823281.19,115502890677204.47,108847821133664.48,102576204588652.55,96665947238141.2,91096228259449.31,85847426472369.78,80901051223279.0,76239677249795.08,71846883297227.84,67707194271044.1,63806026721874.05,60129637471220.26,56665075197025.336,53400134808635.01,50323314450488.88,47423774983111.766,44691301798690.76,42116268836739.73,39689604673095.42,37402760562791.61,35247680324236.11,33216771958601.76,31302880904453.035,29499264833390.76,27799569897924.625,26197808347899.76,24688337436624.09,23265839542386.223,21925303435335.688,20662006623731.824,19471498717370.188,18349585749578.12,17292315402549.396,16295963083968.31,15357018805873.674,14472174819539.594
Rb92,1135263906856658.8,846961709218669.8,440517764288388.94,211086785408762.78,98715639571719.84,45808226854618.43,21203377122400.03,9806349974378.713,4534106692889.97,2096222057101.0083,969103315729.9893,448021315233.12494,207121839173.4352,95753058998.14935,44266916481.076035,20464721375.21637,9460898537.466085,4373800082.618198,2022020108.3454185,934785595.115159,432154015.11000663,199786019.0881208,92361639.65997197,42699046.30705818,19739889.44149468,9125806.51941562,4218886.072112512,1950402.9207274355,901676.7668431221,416847.71040099725,192709.871271181,89090.31658019668,41186.704427769684,19040.729528595402,8802.582921314763,4069.4588918063505,1881.3223141587048,869.7406077446356,402.08353404784816,185.88435093498057,85.93485929321145,39.72792763134287,18.36633290450847,8.490807461426817,3.9253242180601045,1.8146884482880434,0.8389355837662532,0.3878422846484715,0.179300581203213,0.08289116399195245,0.03832081871588286,0.01771582248740201,0.008190074662341616,0.003786294597523192,0.001750414662903027,0.0008092216316475226,0.0003741054408446513,0.0001729499995997782,7.995527221958848e-05,3.696354767564106e-05,1.7088352260461133e-05,7.899993408101416e-06,3.6521892161861205e-06,1.688417367177498e-06,7.805601071139353e-07,3.6085513727937556e-07,1.6682434691978137e-07,7.712336572242059e-08,3.565434932117183e-08,1.6483106171630508e-08,7.620186435541269e-09,3.5228336642245327e-09,1.6286159309581423e-09,7.529137346183826e-10,3.4807414136216635e-10,1.6091565648808045e-10,7.43917614840791e-11,3.439152098362809e-11,1.5899297072303656e-11,7.350289843642044e-12,3.39805970917175e-12,1.5709325799015006e-12,7.262465588627045e-13,3.35745830857356e-13,1.5521624379828131e-13,7.175690693560158e-14
Rb93,1111585648354816.1,722197272590434.6,406248904775748.0,224912346518894.12,124279193045291.28,68656471618077.87,37927311451296.484,20951788908341.99,11574173151391.84,6393796619893.472,3532056624635.0654,1951176230882.5483,1077867398003.2527,595434748166.8347,328929643832.6109,181707081968.13928,100378498127.0269,55451019173.838356,30632212921.997246,16921825468.29145,9347942896.208067,5163984024.921502,2852684414.7134933,1575877913.3854837,870545366.0024303,480906057.39895487,265661785.21517903,146756696.11116296,81071230.61007583,44785312.06271933,24740270.518428195,13667002.799217347,7549916.051834739,4170719.3030659277,2303985.8172647506,1272766.2209861295,703100.6185647746,388406.3480590723,214563.1609890084,118528.83013794976,65477.61278829521,36171.09669828114,19981.611739368185,11038.227871089948,6097.730059184891,3368.5037407200634,1860.8264618328865,1027.9564422621966,567.8629731799523,313.69846333092465,173.29308397256395,95.73044328573124,52.8833439950409,29.21377960980018,16.138255537887474,8.91508374762936,4.9248642792062896,2.720590053352178,1.5029064394017533,0.8302345157853396,0.45863756593903193,0.25336024086098835,0.13996108565095433,0.07731720427019081,0.04271151547842865,0.023594665271250457,0.013034148356162092,0.007200315046530824,0.003977592962166027,0.0021972991001686128,0.0012138304199363333,0.0006705433448954466,0.0003704210818898056,0.00020462775293043645,0.00011304031902216688,6.244565334682245e-05,3.449618380099266e-05,1.9056357537372442e-05,1.0527099597078388e-05,5.815372938373627e-06,3.212524219088236e-06,1.7746603644502848e-06,9.803566274886083e-07,5.415679170580603e-07,2.9917256696468264e-07,1.6526869854190784e-07
Rb94,567763665789123.0,166796787003868.97,46252729048268.375,12825876016822.576,3556613825472.48,986248571789.6189,273486606386.86172,75837801962.32016,21029813059.073402,5831564547.7081,1617092124.3360012,448419445.10710335,124346656.39889161,34481312.36568241,9561663.63368626,2651448.137303199,735246.2389537423,203883.6906858971,56536.92208865263,15677.681468807525,4347.419122887182,1205.538782481892,334.2957545585691,92.70017119300906,25.70574595109797,7.128200157544293,1.9766490177984555,0.5481245269787203,0.1519948632106014,0.04214815667846645,0.011687678608790324,0.003240991825679648,0.0008987266304723848,0.00024921678293676844,6.91077829358489e-05,1.9163579619435767e-05,5.314058246830995e-06,1.4735876914181633e-06,4.0862568369363415e-07,1.1331185130448225e-07,3.142136228440187e-08,8.713139856435982e-09,2.4161525993257355e-09,6.699988155149848e-10,1.8579058827524173e-10,5.1519707038778174e-11,1.4286408359013924e-11,3.9616192624480256e-12,1.0985565291290961e-12,3.0462958899953113e-13,8.447374717038167e-14,2.3424559591998608e-14,6.4956274636705555e-15,1.8012366884030385e-15,4.994827098375131e-16,1.385064933625212e-16,3.8407833395920596e-17,1.0650487427385552e-17,2.9533788399776235e-18,8.189715852815884e-19,2.2710071881727164e-19,6.2975001104084e-20,1.7462959979665927e-20,4.84247663207484e-21,1.3428181682541703e-21,3.7236331117221956e-22,1.0325629991096052e-22,2.8632959132676386e-23,7.939916009003628e-24,2.2017377225285564e-24,6.1054159682648365e-25,1.6930310892222895e-25,4.694773106324205e-26,1.3018599989200273e-26,3.6100561590611925e-27,1.0010681242519859e-27,2.775960664429104e-28,7.697735472514114e-29,2.1345810898580708e-29,5.919190709331448e-30,1.6413908480640275e-30,4.551574781770541e-31,1.2621511213179017e-31,3.4999434908204606e-32,9.705338950335694e-33,2.6912892847542e-33
Rb95,276213716365886.66,29024610782.89892,3004176.3588543143,310.94561999595,0.03218425519849935,3.3312136144436526e-06,3.447954310768754e-10,3.568786125753845e-14,3.693852430583247e-18,3.82330162081192e-22,3.957287292441993e-26,4.095968424169807e-30,4.2395095660197164e-34,4.388081034588456e-38,4.541859115131745e-42,4.7010262707329446e-46,4.865771358801879e-50,5.0362898551607877e-54,5.2127840859832425e-58,5.395463467861222e-62,5.584544756285281e-66,5.7802523028324956e-70,5.982818321367498e-74,6.192483163572364e-78,6.409495604132298e-82,6.634113135915547e-86,6.86660227549768e-90,7.107238879392861e-94,7.356308471367291e-98,7.614106581223143e-102,7.880939095455037e-106,8.157122620195097e-110,8.442984856877225e-114,8.738864991066323e-118,9.045114094913873e-122,9.362095543717346e-126,9.690185447077751e-130,1.0029773095166836e-133,1.0381261420633492e-137,1.0745067476697564e-141,1.1121622931998002e-145,1.151137458278293e-149,1.1914784883049014e-153,1.23323324932593e-157,1.2764512848290721e-161,1.321183874528487e-165,1.3674840952099834e-169,1.415406883708485e-173,1.4650091020925087e-177,1.5163496051330066e-181,1.5694893101366106e-185,1.6244912692261524e-189,1.6814207441542214e-193,1.7403452837385185e-197,1.8013348040108983e-201,1.8644616711751936e-205,1.9298007874722456e-209,1.997429680054044e-213,2.0674285929724137e-217,2.1398805823913892e-221,2.2148716151362703e-225,2.2924906706962614e-229,2.372829846801777e-233,2.455984468701605e-237,2.5420532022696695e-241,2.6311381710755445e-245,2.7233450775576457e-249,2.818783328442889e-253,2.9175661645616017e-257,3.0198107952117323e-261,3.1256385372317977e-265,3.235174958947567e-269,3.3485500291632726e-273,3.4658982713741616e-277,3.58735892338334e-281,3.713076102512299e-285,3.8431989766011666e-289,3.9778819410015954e-293,4.117284801772239e-297,4.261572965294265e-301,4.4109176345318025e-305,4.565496012170282e-309,4.7254915109e-313,4.891094e-317,5.064e-321,0.0
Rb96,60931768036435.97,3175638.279678122,0.1222641450841478,4.707249332772606e-09,1.812321696245277e-16,6.977556739589057e-24,2.686404855995033e-31,1.0342833916874359e-38,3.982058519337498e-46,1.5331185030011898e-53,5.902606234515259e-61,2.2725419001554723e-68,8.749434542598052e-76,3.3685893672618675e-83,1.2969288780872711e-90,4.993260773081193e-98,1.922437966279419e-105,7.401511561576224e-113,2.849630227713891e-120,1.097126224439943e-127,4.224007524370973e-135,1.6262704480562965e-142,6.261247298831644e-150,2.410621049160789e-157,9.281048272508604e-165,3.573264120738604e-172,1.3757299931709843e-179,5.296650205971968e-187,2.0392448768060006e-194,7.851225785857631e-202,3.022773137332243e-209,1.1637873739710968e-216,4.480657298052713e-224,1.7250822849270435e-231,6.641679315805826e-239,2.5570898570712824e-246,9.84496273642127e-254,3.7903748674883372e-261,1.459319046778815e-268,5.618473514474838e-276,2.1631489496785674e-283,8.328264548084919e-291,3.2064361722846056e-298,1.2344988403735719e-305,4.7529010559e-313,1.83e-320,0.0,0.0,0.0,0.0,0.0,0.0,0.0,0.0,0.0,0.0,0.0,0.0,0.0,0.0,0.0,0.0,0.0,0.0,0.0,0.0,0.0,0.0,0.0,0.0,0.0,0.0,0.0,0.0,0.0,0.0,0.0,0.0,0.0,0.0,0.0,0.0,0.0,0.0,0.0,0.0
Rb97,13682872632470.172,17329.781331892686,2.1769428369876844e-05,2.7346450741363183e-14,3.43522280623868e-23,4.315278732187722e-32,5.420792649214215e-41,6.809523734027154e-50,8.554028254705645e-59,1.074545037807349e-67,1.3498284128781249e-76,1.6956355295549223e-85,2.1300335817931876e-94,2.675718325363009e-103,3.3611998505000833e-112,4.222292132886992e-121,5.303984186714439e-130,6.66279058092586e-139,8.369704124772954e-148,1.0513904990018026e-156,1.3207420058247822e-165,1.6590975927651765e-174,2.0841351378085744e-183,2.6180613434613953e-192,3.28877195810536e-201,4.131309229798284e-210,5.189692739307188e-219,6.519219266898778e-228,8.189351852760745e-237,1.028734899420237e-245,1.2922823592301727e-254,1.6233469836773888e-263,2.0392257238459303e-272,2.561646767208566e-281,3.217904758269848e-290,4.042286846823731e-299,5.077864069783604e-308,6.3787417e-317,0.0,0.0,0.0,0.0,0.0,0.0,0.0,0.0,0.0,0.0,0.0,0.0,0.0,0.0,0.0,0.0,0.0,0.0,0.0,0.0,0.0,0.0,0.0,0.0,0.0,0.0,0.0,0.0,0.0,0.0,0.0,0.0,0.0,0.0,0.0,0.0,0.0,0.0,0.0,0.0,0.0,0.0,0.0,0.0,0.0,0.0,0.0,0.0
Rb98,858191156643.5704,0.10736157304867285,6.72634100337217e-15,4.214139380496435e-28,2.640212666789812e-41,1.6541272835300002e-54,1.0363320745086641e-67,6.492754090625302e-81,4.06779416735877e-94,2.548525503513166e-107,1.5966840933532883e-120,1.000343175084198e-133,6.267278994656575e-147,3.926531112041377e-160,2.4600223776496658e-173,1.5412357436767826e-186,9.656040689582727e-200,6.049634014874688e-213,3.790173725491032e-226,2.37459271653149e-239,1.487712959298161e-252,9.320713543232753e-266,5.839547233357884e-279,3.658551647623166e-292,2.2921297873687143e-305,1.43605e-318,0.0,0.0,0.0,0.0,0.0,0.0,0.0,0.0,0.0,0.0,0.0,0.0,0.0,0.0,0.0,0.0,0.0,0.0,0.0,0.0,0.0,0.0,0.0,0.0,0.0,0.0,0.0,0.0,0.0,0.0,0.0,0.0,0.0,0.0,0.0,0.0,0.0,0.0,0.0,0.0,0.0,0.0,0.0,0.0,0.0,0.0,0.0,0.0,0.0,0.0,0.0,0.0,0.0,0.0,0.0,0.0,0.0,0.0,0.0,0.0
Rb98_m1,0.0,0.0,0.0,0.0,0.0,0.0,0.0,0.0,0.0,0.0,0.0,0.0,0.0,0.0,0.0,0.0,0.0,0.0,0.0,0.0,0.0,0.0,0.0,0.0,0.0,0.0,0.0,0.0,0.0,0.0,0.0,0.0,0.0,0.0,0.0,0.0,0.0,0.0,0.0,0.0,0.0,0.0,0.0,0.0,0.0,0.0,0.0,0.0,0.0,0.0,0.0,0.0,0.0,0.0,0.0,0.0,0.0,0.0,0.0,0.0,0.0,0.0,0.0,0.0,0.0,0.0,0.0,0.0,0.0,0.0,0.0,0.0,0.0,0.0,0.0,0.0,0.0,0.0,0.0,0.0,0.0,0.0,0.0,0.0,0.0,0.0
Rb99,16685075540.227243,2.2424076094225644e-18,3.0030793788417612e-46,4.021786992573982e-74,5.3860616298046756e-102,7.21312688454636e-130,9.659971056523619e-158,1.2936836174724052e-185,1.7325282781114036e-213,2.320238266849417e-241,3.107311830327444e-269,4.161377281309847e-297,0.0,0.0,0.0,0.0,0.0,0.0,0.0,0.0,0.0,0.0,0.0,0.0,0.0,0.0,0.0,0.0,0.0,0.0,0.0,0.0,0.0,0.0,0.0,0.0,0.0,0.0,0.0,0.0,0.0,0.0,0.0,0.0,0.0,0.0,0.0,0.0,0.0,0.0,0.0,0.0,0.0,0.0,0.0,0.0,0.0,0.0,0.0,0.0,0.0,0.0,0.0,0.0,0.0,0.0,0.0,0.0,0.0,0.0,0.0,0.0,0.0,0.0,0.0,0.0,0.0,0.0,0.0,0.0,0.0,0.0,0.0,0.0,0.0,0.0
Rh115,1314313827082.409,47367569050.46651,1500588122.0791888,45939256.9958602,1392309.3622546322,42069.21873198951,1269.95753908871,38.32571832609298,1.1565210079912431,0.034898369880575215,0.0010530602012207531,3.177606884867884e-05,9.588414543131403e-07,2.8932991118946258e-08,8.730514422921903e-10,2.634427947256584e-11,7.949371853715097e-13,2.398718583404963e-14,7.238120123940729e-16,2.1840987634322072e-17,6.59050599666412e-19,1.988681556827292e-20,6.000835651230123e-22,1.81074885465636e-23,5.463924701829581e-25,1.648736271211083e-26,4.975052623065369e-28,1.5012193905389256e-29,4.529921247629863e-31,1.3669012430196423e-32,4.124616976832066e-34,1.244600902402343e-35,3.7555763722101208e-37,1.1332431030926082e-38,3.419554825751559e-40,1.0318487864086467e-41,3.1135980332732144e-43,9.395264926893547e-45,2.8350160201546585e-46,8.554645235736867e-48,2.5813594910593564e-49,7.789238055420377e-51,2.3503982957100594e-52,7.092313919758105e-54,2.1401018213893228e-55,6.457745466052503e-57,1.948621139775911e-58,5.879953563271485e-60,1.7742727511518738e-61,5.35385826028281e-63,1.6155237830592685e-64,4.874834122882177e-66,1.4709785132729685e-67,4.4386695669379063e-69,1.3393660985994757e-70,4.041529830108834e-72,1.2195294016131472e-73,3.6799232565824487e-75,1.110414817094509e-76,3.350670598408454e-78,1.0110630087245425e-79,3.050877063524794e-81,9.20600474591938e-83,2.777906864722194e-84,8.3823186735714e-86,2.529360045781464e-87,7.632330015520402e-89,2.3030513810388006e-90,6.949444865354235e-92,2.0969911628638882e-93,6.32765929125058e-95,1.9093677081341454e-96,5.7615065493592906e-98,1.7385314299019174e-99,5.246009020145823e-101,1.5829803342125344e-102,4.7766344451195247e-104,1.4413468145611811e-105,4.3492560791799905e-107,1.3123856278853406e-108,3.9601164082404017e-110,1.1949629463776018e-111,3.605794113132942e-113,1.0880463888623112e-114,3.283173989342713e-116,9.906959440918303e-118
Rh116,314612056627.5607,2001988770.8736084,12246328.40926778,74911.76872862368,458.24127089338475,2.803098443859726,0.01714677700384808,0.00010488820407422219,6.416095194710191e-07,3.92477666205941e-09,2.4008172228719525e-11,1.4685990653578094e-13,8.983537747991501e-16,5.495301772504228e-18,3.3615199733133794e-20,2.0562686088548342e-22,1.2578359270000431e-24,7.694282801570278e-27,4.7066542272916063e-29,2.879097972687067e-31,1.761167219012116e-33,1.0773200504976356e-35,6.590052771111926e-38,4.03118790056672e-40,2.46590982714295e-42,1.508416731144019e-44,9.227105588980268e-47,5.6442941656858405e-49,3.4526598099021014e-51,2.1120195746326236e-53,1.291939237928526e-55,7.902895477612579e-58,4.834264266964277e-60,2.9571580528998264e-62,1.8089171933750452e-64,1.1065290910910583e-66,6.768726804715305e-69,4.140484233604409e-71,2.5327672667751807e-73,1.5493139608126146e-75,9.477277208438976e-78,5.797326142887591e-80,3.5462706922913497e-82,2.1692820988574844e-84,1.3269671812286247e-86,8.117164203702416e-89,4.965334157613642e-91,3.0373345515813648e-93,1.8579617978145786e-95,1.136530067239748e-97,6.952245171344995e-100,4.252743883835491e-102,2.60143739119621e-104,1.591320024240503e-106,9.73423165254181e-109,5.954507228083876e-111,3.642419617170793e-113,2.228097163939447e-115,1.3629448261677931e-117,8.337242330550536e-120,5.09995770509395e-122,3.1196848505217516e-124,1.9083361332298786e-126,1.1673444504439935e-128,7.140739213882708e-131,4.368047194749455e-133,2.6719693471600795e-135,1.6344649848895632e-137,9.998152821885607e-140,6.115949914738212e-142,3.7411753976903056e-144,2.288506863431749e-146,1.3998979217086571e-148,8.563287366617345e-151,5.238231258588116e-153,3.2042678872855082e-155,1.9600762521997784e-157,1.1989942943541436e-159,7.334343836268609e-162,4.486476688163684e-164,2.744413613921414e-166,1.6787797213229182e-168,1.0269229603106596e-170,6.281769746314194e-173,3.842608712709167e-175,2.3505544321569694e-177
Rh116_m1,0.0,0.0,0.0,0.0,0.0,0.0,0.0,0.0,0.0,0.0,0.0,0.0,0.0,0.0,0.0,0.0,0.0,0.0,0.0,0.0,0.0,0.0,0.0,0.0,0.0,0.0,0.0,0.0,0.0,0.0,0.0,0.0,0.0,0.0,0.0,0.0,0.0,0.0,0.0,0.0,0.0,0.0,0.0,0.0,0.0,0.0,0.0,0.0,0.0,0.0,0.0,0.0,0.0,0.0,0.0,0.0,0.0,0.0,0.0,0.0,0.0,0.0,0.0,0.0,0.0,0.0,0.0,0.0,0.0,0.0,0.0,0.0,0.0,0.0,0.0,0.0,0.0,0.0,0.0,0.0,0.0,0.0,0.0,0.0,0.0,0.0
Rh117,168216581171.142,64343315.1018204,24417.884090902266,9.266433695911315,0.003516553404916576,1.3345099372034298e-06,5.064381419616043e-10,1.921900950179473e-13,7.293493432374216e-17,2.76783496272887e-20,1.0503759894948591e-23,3.9861109284476486e-27,1.5127040690953975e-30,5.740616961577934e-34,2.1785280923626573e-37,8.26737732368881e-41,3.137417784597744e-44,1.1906303498336273e-47,4.518367419552007e-51,1.714692065503103e-54,6.507148725392533e-58,2.4694220837812022e-61,9.37130175628257e-65,3.556350175375121e-68,1.349612561713918e-71,5.121694931360008e-75,1.9436510680225304e-78,7.376033763928178e-82,2.7991585002940376e-85,1.062263075324591e-88,4.031221672797465e-92,1.5298233133318983e-95,5.805583418561298e-99,2.2031824548722624e-102,8.360939081398746e-106,3.172923884187065e-109,1.2041046916897864e-112,4.569501700860458e-116,1.7340972041944357e-119,6.580790008303774e-123,2.4973684882623785e-126,9.477356606571756e-130,3.596597325155829e-133,1.3648861023492955e-136,5.179657059066345e-140,1.965647331550739e-143,7.459508202902144e-147,2.830836525759964e-150,1.0742846870868794e-153,4.0768429346146364e-157,1.5471362957417955e-160,5.8712850997481454e-164,2.228115830350715e-167,8.455559675806602e-171,3.2088318056549505e-174,1.217731522425875e-177,4.6212146678936764e-181,1.7537219504848267e-184,6.655264688264574e-188,2.5256311616910787e-191,9.584611677658706e-195,3.63729995119327e-198,1.380332493364231e-201,5.238275143110061e-205,1.9878925263903215e-208,7.543927320572712e-212,2.8628730508597454e-215,1.0864423472092464e-218,4.122980491416008e-222,1.564645208856446e-225,5.937730325657311e-229,2.2533313763826726e-232,8.551251089747912e-236,3.245146096412252e-239,1.2315125677557589e-242,4.673512869627412e-246,1.7735687896694568e-249,6.730582196814105e-253,2.5542136832771922e-256,9.693080552420198e-260,3.678463208103888e-263,1.3959536909032958e-266,5.297556606936981e-270,2.010389469692357e-273,7.629301807851348e-277,2.8952721327271455e-280
Rh118,13114593546.568682,28893.45928818683,0.06343675752288912,1.3927796461135192e-07,3.0579039950584605e-13,6.7137517905918285e-19,1.4740313357945454e-24,3.236295363121725e-30,7.105417247943108e-36,1.5600230696702458e-41,3.4250936897588724e-47,7.519931603386974e-53,1.651031371454229e-58,3.624906093957405e-64,7.958627811194078e-70,1.747348896643063e-75,3.8363751126862137e-81,8.422916587244449e-87,1.8492853736088898e-92,4.0601807671024023e-98,8.914290945468069e-104,1.957168599593283e-109,4.297042749296092e-115,9.434330998931417e-121,2.0713454948052057e-126,4.547722736605045e-132,9.984709041008853e-138,2.1921832180127057e-143,4.81302684094135e-149,1.0567194922978205e-154,2.32007034721577e-160,5.0938082010063586e-166,1.118366174533349e-171,2.4554181291970426e-177,5.390969725729766e-183,1.1836091881116302e-188,2.5986618019685364e-194,5.705466997754882e-200,1.2526583350634962e-205,2.7502619943670077e-211,6.03831134630672e-217,1.3257356568070629e-222,2.910706207298604e-228,6.390573099324576e-234,1.4030761481665843e-239,3.0805103813960662e-245,6.763385025316719e-251,1.4849285130455508e-256,3.260220556129603e-262,7.157945976005358e-268,1.571555964184114e-273,3.4504146257066017e-279,7.575524741475435e-285,1.6632370695725866e-290,3.6517041974066896e-296,8.017464130224312e-302,1.7602666482428318e-307,3.8647365583e-313,8.4852e-319,0.0,0.0,0.0,0.0,0.0,0.0,0.0,0.0,0.0,0.0,0.0,0.0,0.0,0.0,0.0,0.0,0.0,0.0,0.0,0.0,0.0,0.0,0.0,0.0,0.0,0.0,0.0
Rh119,670768089.4285415,1.0628130530624618,1.6789137236735808e-09,2.6496084897186397e-18,4.180227101251711e-27,6.594384143867006e-36,1.0402420466171297e-44,1.6409296355586026e-53,2.5884752628249003e-62,4.083171249165461e-71,6.440966099055902e-80,1.0160249690227254e-88,1.602720279070593e-97,2.528197967119316e-106,3.9880851442487892e-115,6.2909721880841095e-124,9.923642455740284e-133,1.565396835841137e-141,2.46932239294392e-150,3.895212345264663e-159,6.144470749541403e-168,9.692544961716965e-177,1.5289425511850748e-185,2.4118178807084433e-194,3.8045023242999195e-203,6.00138097133256e-212,9.466829165283742e-221,1.4933371981010422e-229,2.3556525086670144e-238,3.7159047190718514e-247,5.861623406006481e-256,9.246369740724949e-265,1.4585610070852697e-273,2.3007950915261564e-282,3.629370336568573e-291,5.725120454436663e-300,9.031044279928303e-309,1.424595e-317,0.0,0.0,0.0,0.0,0.0,0.0,0.0,0.0,0.0,0.0,0.0,0.0,0.0,0.0,0.0,0.0,0.0,0.0,0.0,0.0,0.0,0.0,0.0,0.0,0.0,0.0,0.0,0.0,0.0,0.0,0.0,0.0,0.0,0.0,0.0,0.0,0.0,0.0,0.0,0.0,0.0,0.0,0.0,0.0,0.0,0.0,0.0,0.0
Rh120,860777869.7472413,0.007449455699347056,6.989680538708888e-14,1.0807901736531306e-24,4.740636588017605e-35,3.424671186931664e-45,2.681866115524103e-55,2.1196738357910387e-65,1.6770199250249565e-75,1.3269506349919972e-85,1.0499689047616546e-95,8.308041615084548e-106,6.573867541395022e-116,5.2016753286771155e-126,4.11590682325708e-136,3.2567755406245433e-146,2.576974498615661e-156,2.0390713095491955e-166,1.613447012246789e-176,1.2766651412027736e-186,1.0101812271433926e-196,7.993216691978672e-207,6.324757515599452e-217,5.00456314055328e-227,3.959938727455027e-237,3.133363349565919e-247,2.4793226754578465e-257,1.961802779716256e-267,1.5523070815264956e-277,1.228287216366276e-287,9.719014387315766e-298,7.690321889068906e-308,6.085085e-318,0.0,0.0,0.0,0.0,0.0,0.0,0.0,0.0,0.0,0.0,0.0,0.0,0.0,0.0,0.0,0.0,0.0,0.0,0.0,0.0,0.0,0.0,0.0,0.0,0.0,0.0,0.0,0.0,0.0,0.0,0.0,0.0,0.0,0.0,0.0,0.0,0.0,0.0,0.0,0.0,0.0,0.0,0.0,0.0,0.0,0.0,0.0,0.0,0.0,0.0,0.0,0.0,0.0
Rh121,5189550.333887319,0.0005587905815477478,6.016839493540016e-14,6.478698583420815e-24,6.976010475247647e-34,7.511496564340769e-44,8.088087143260815e-54,8.708937436986244e-64,9.377444868968407e-74,1.0097267652547598e-83,1.0872344809466192e-93,1.170691772502455e-103,1.2605553357833844e-113,1.3573169231174642e-123,1.461506034271901e-133,1.5736928139872044e-143,1.694491171929186e-153,1.824562142131821e-163,1.964617500314589e-173,2.1154236588689946e-183,2.277805860828438e-193,2.4526526957717473e-203,2.6409209623723504e-213,2.8436409042019443e-223,3.061921847440107e-233,3.2969582713405884e-243,3.5500363446731445e-253,3.8225409639096866e-263,4.1159633316691905e-273,4.431909116892233e-283,4.7721072413992866e-293,5.138419340914762e-303,5.5328499523e-313,6e-323,0.0,0.0,0.0,0.0,0.0,0.0,0.0,0.0,0.0,0.0,0.0,0.0,0.0,0.0,0.0,0.0,0.0,0.0,0.0,0.0,0.0,0.0,0.0,0.0,0.0,0.0,0.0,0.0,0.0,0.0,0.0,0.0,0.0,0.0,0.0,0.0,0.0,0.0,0.0,0.0,0.0,0.0,0.0,0.0,0.0,0.0,0.0,0.0,0.0,0.0,0.0,0.0
Rh122,102476.13100549793,1.1859021239674524e-09,1.3723818745216502e-23,1.5881850377453653e-37,1.837922637237844e-51,2.1269307670010322e-65,2.461384606707018e-79,2.848430365543401e-93,3.2963379738546827e-107,3.814677785111838e-121,4.414525063766189e-135,5.108696628239216e-149,5.91202470535232e-163,6.841673847590142e-177,7.917507684706034e-191,9.162513345978822e-205,1.0603292621667615e-218,1.2270630358214233e-232,1.4200152231981746e-246,1.64330859560504e-260,1.9017142184626719e-274,2.2007533937175952e-288,2.5468156324112686e-302,2.9472952e-316,0.0,0.0,0.0,0.0,0.0,0.0,0.0,0.0,0.0,0.0,0.0,0.0,0.0,0.0,0.0,0.0,0.0,0.0,0.0,0.0,0.0,0.0,0.0,0.0,0.0,0.0,0.0,0.0,0.0,0.0,0.0,0.0,0.0,0.0,0.0,0.0,0.0,0.0,0.0,0.0,0.0,0.0,0.0,0.0,0.0,0.0,0.0,0.0,0.0,0.0,0.0,0.0,0.0,0.0,0.0,0.0,0.0,0.0,0.0,0.0,0.0,0.0
Rh123,3034.067296462387,5.033407055017065e-28,8.350238839802741e-59,1.3852741874363193e-89,2.2981193845979783e-120,3.8124962940650834e-151,6.324792388800394e-182,1.0492600038379116e-212,1.7406841015104723e-243,2.8877314775827525e-274,4.79064126534283e-305,0.0,0.0,0.0,0.0,0.0,0.0,0.0,0.0,0.0,0.0,0.0,0.0,0.0,0.0,0.0,0.0,0.0,0.0,0.0,0.0,0.0,0.0,0.0,0.0,0.0,0.0,0.0,0.0,0.0,0.0,0.0,0.0,0.0,0.0,0.0,0.0,0.0,0.0,0.0,0.0,0.0,0.0,0.0,0.0,0.0,0.0,0.0,0.0,0.0,0.0,0.0,0.0,0.0,0.0,0.0,0.0,0.0,0.0,0.0,0.0,0.0,0.0,0.0,0.0,0.0,0.0,0.0,0.0,0.0,0.0,0.0,0.0,0.0,0.0,0.0
Ru114,624573231861.1333,800219778.1209018,1020211.2123515169,1300.6813201754026,1.6582565219547145,0.0021141340695463528,2.695338631171492e-06,3.4363243284018863e-09,4.381017195169405e-12,5.5854191368764454e-15,7.120927753715269e-18,9.078568829122776e-21,1.1574392387581497e-23,1.4756352202999062e-26,1.8813076578653518e-29,2.3985050335295542e-32,3.0578870881725524e-35,3.8985423475439974e-38,4.970305311265388e-41,6.336710668990398e-44,8.078759671259297e-47,1.029972192755398e-49,1.313125728474605e-52,1.6741220694212046e-55,2.134361274437049e-58,2.7211265731605308e-61,3.469201730673909e-64,4.42293304795889e-67,5.638858234665662e-70,7.189057995198546e-73,9.16542901195893e-76,1.168513163050904e-78,1.4897535188387164e-81,1.8993072710432591e-84,2.4214529881760457e-87,3.087143751482622e-90,3.935842070383119e-93,5.0178592414292585e-96,6.397337829245281e-99,8.156054072540228e-102,1.0398265623881835e-104,1.3256891999874546e-107,1.690139412217952e-110,2.1547820052841017e-113,2.7471612440556617e-116,3.502393691025101e-119,4.4652499351741303e-122,5.692808616765423e-125,7.257840080088339e-128,9.253120238928158e-131,1.1796930383043071e-133,1.5040068957159182e-136,1.9174790974544434e-139,2.4446204998445557e-142,3.116680331062766e-145,3.97349866232864e-148,5.0658681489300034e-151,6.458545046370773e-154,8.234087996311318e-157,1.0497752147613631e-159,1.3383728738640512e-162,1.7063100026631026e-165,2.175398113667907e-168,2.773445004462215e-171,3.5359032190236924e-174,4.507971693755083e-177,5.747275174943322e-180,7.327280244966511e-183,9.341650461134556e-186,1.1909798782155672e-188,1.518396643308035e-191,1.93582478476753e-194,2.468009669170494e-197,3.146499505041989e-200,4.0115155377641125e-203,5.11433638681221e-206,6.520337870123298e-209,8.312868518033438e-212,1.0598190519351817e-214,1.3511779001534177e-217,1.7226353069699865e-220,2.1962114688840318e-223,2.7999802375708472e-226,3.569733353032263e-229,4.5511021973520354e-232,5.802262847769441e-235
Ru115,93010278222.99644,860361600.2251711,7955996.098281737,73571.2448106798,680.3331721293782,6.291224598559916,0.05817665310313379,0.0005379752245782307,4.974802207114386e-06,4.6003339687832235e-08,4.2540530745274277e-10,3.933837778669549e-12,3.63772604567395e-14,3.36390352828686e-16,3.1106924505977527e-18,2.876541327905969e-20,2.6600154604036795e-22,2.459788142427794e-24,2.274632533417739e-26,2.1034141407705734e-28,1.9450838685340633e-30,1.7986715893454184e-32,1.6632802002294305e-34,1.5380801258344537e-36,1.422304235426243e-38,1.3152431424948796e-40,1.2162408581743361e-42,1.124690771842139e-44,1.0400319342713208e-46,9.617456205606424e-49,8.893521517833268e-51,8.224079558798061e-53,7.605028497858537e-55,7.032575261430611e-57,6.503212291921356e-59,6.0136960560865395e-61,5.561027171128397e-63,5.142432026761425e-65,4.755345790640271e-67,4.3973966930198724e-69,4.0663914943561895e-71,3.760302046804135e-73,3.477252867271714e-75,3.215509645887537e-77,2.9734686194703666e-79,2.7496467448893605e-81,2.542672612104893e-83,2.3512780412119677e-85,2.1742903119992877e-87,2.0106249784126545e-89,1.8592792238952014e-91,1.7193257168910255e-93,1.5899069288634492e-95,1.4702298800130286e-97,1.359561280501077e-99,1.2572230374078283e-101,1.1625880998952982e-103,1.0750766171171544e-105,9.941523853341973e-108,9.193195624660973e-110,8.50119629948631e-112,7.861285832810175e-114,7.269543340491525e-116,6.722343075063296e-118,6.216332209912376e-120,5.748410295710809e-122,5.315710263222849e-124,4.915580856087571e-126,4.5455703859384046e-128,4.203411710323439e-130,3.887008341382583e-132,3.594421600166121e-134,3.3238587378861283e-136,3.0736619513168325e-138,2.8422982250386044e-140,2.628349938286641e-142,2.430506178850239e-144,2.2475547108008206e-146,2.0783745468331195e-148,1.9219290797084308e-150,1.777259730714691e-152,1.6434800762259373e-154,1.5197704163732156e-156,1.4053727525478634e-158,1.2995861429631416e-160,1.2017624078166382e-162
Ru116,8878719618.598803,371.8168160129397,1.5564775440312234e-05,6.515634152998487e-13,2.7275361972629076e-20,1.1417850561722795e-27,4.779673009680228e-35,2.000838420153454e-42,8.375791346927316e-50,3.5062241898514726e-57,1.4677548138791175e-64,6.144228312327567e-72,2.5720604829245592e-79,1.0767007330357533e-86,4.507220869089223e-94,1.8867861179471144e-101,7.898352351206842e-109,3.306361503851348e-116,1.3840894794317146e-123,5.793993442163199e-131,2.425447234929753e-138,1.0153263630950935e-145,4.250299114941439e-153,1.77923505417539e-160,7.448128454954913e-168,3.1178914416802274e-175,1.3051932577284821e-182,5.463722749442033e-190,2.2871912727103998e-197,9.574504706515076e-205,4.008022480185747e-212,1.6778146435860273e-219,7.023568336126809e-227,2.940164598087424e-234,1.2307942985877871e-241,5.152278231026983e-249,2.156816212130115e-256,9.028736345979643e-264,3.7795561599893987e-271,1.5821754251218907e-278,6.623209101532853e-286,2.772568585386043e-293,1.1606362479014111e-300,4.858586752526102e-308,2.033872826e-315,8.4e-323,0.0,0.0,0.0,0.0,0.0,0.0,0.0,0.0,0.0,0.0,0.0,0.0,0.0,0.0,0.0,0.0,0.0,0.0,0.0,0.0,0.0,0.0,0.0,0.0,0.0,0.0,0.0,0.0,0.0,0.0,0.0,0.0,0.0,0.0,0.0,0.0,0.0,0.0,0.0,0.0
Ru117,907529162.8054863,0.022822406227837377,5.737381076949899e-13,1.442334401268874e-23,3.625920079531444e-34,9.115290054499961e-45,2.2915152831609814e-55,5.760696874772585e-66,1.4481958172776154e-76,3.640655238023046e-87,9.15233313341617e-98,2.3008276342726085e-108,5.784107424263457e-119,1.4540810531422756e-129,3.6554502778388297e-140,9.18952674947242e-151,2.310177829287724e-161,5.807613110478117e-172,1.4599902056629342e-182,3.6703054423269127e-193,9.226871514427559e-204,2.3195660219978935e-214,5.831214320036989e-225,1.4659233720330532e-235,3.685220975824339e-246,9.264368042526491e-257,2.328992366819667e-267,5.854911441131648e-278,1.4718806498410714e-288,3.7001971236610924e-299,9.30201695051034e-310,2.3384e-320,0.0,0.0,0.0,0.0,0.0,0.0,0.0,0.0,0.0,0.0,0.0,0.0,0.0,0.0,0.0,0.0,0.0,0.0,0.0,0.0,0.0,0.0,0.0,0.0,0.0,0.0,0.0,0.0,0.0,0.0,0.0,0.0,0.0,0.0,0.0,0.0,0.0,0.0,0.0,0.0,0.0,0.0,0.0,0.0,0.0,0.0,0.0,0.0,0.0,0.0,0.0,0.0,0.0,0.0
Ru118,24905985.26793624,1.4431717078339229e-05,8.362310950433432e-18,4.845455606713297e-30,2.807649724555199e-42,1.6268639351216557e-54,9.426696785756697e-67,5.46220309960652e-79,3.1650177553638276e-91,1.833937187815278e-103,1.0626561582954491e-115,6.157452492189632e-128,3.567872909557923e-140,2.067367489218019e-152,1.1979149604869721e-164,6.941195796308546e-177,4.0220049562704675e-189,2.33050966187514e-201,1.3503900027835138e-213,7.824696843995998e-226,4.533940607842036e-238,2.627145542541033e-250,1.5222726318371957e-262,8.820653169444071e-275,5.1110373206751947e-287,2.9615383341255565e-299,1.7160331169987e-311,1e-323,0.0,0.0,0.0,0.0,0.0,0.0,0.0,0.0,0.0,0.0,0.0,0.0,0.0,0.0,0.0,0.0,0.0,0.0,0.0,0.0,0.0,0.0,0.0,0.0,0.0,0.0,0.0,0.0,0.0,0.0,0.0,0.0,0.0,0.0,0.0,0.0,0.0,0.0,0.0,0.0,0.0,0.0,0.0,0.0,0.0,0.0,0.0,0.0,0.0,0.0,0.0,0.0,0.0,0.0,0.0,0.0,0.0,0.0
Ru119,236144.38720219434,0.00012081709209053532,6.181290148012149e-14,3.162495242418205e-23,1.618007878425533e-32,8.278113622220898e-42,4.2352800660700375e-51,2.1668701417555336e-60,1.1086223668765521e-69,5.671976038874364e-79,2.901918015257515e-88,1.4846903635628448e-97,7.596029467637321e-107,3.886309569272838e-116,1.9883285251287224e-125,1.0172762239782883e-134,5.20462741842186e-144,2.662811331484213e-153,1.3623576900017034e-162,6.970146377108358e-172,3.5660928752313173e-181,1.824498038741528e-190,9.334566456449231e-200,4.775786494677139e-209,2.443406102377945e-218,1.2501047498232854e-227,6.395833602976783e-237,3.2722607831663357e-246,1.6741665430546422e-255,8.565434724219704e-265,4.382280384184815e-274,2.2420790052031486e-283,1.1471010124578885e-292,5.868841953063506e-302,3.002639305168e-311,1.536e-320,0.0,0.0,0.0,0.0,0.0,0.0,0.0,0.0,0.0,0.0,0.0,0.0,0.0,0.0,0.0,0.0,0.0,0.0,0.0,0.0,0.0,0.0,0.0,0.0,0.0,0.0,0.0,0.0,0.0,0.0,0.0,0.0,0.0,0.0,0.0,0.0,0.0,0.0,0.0,0.0,0.0,0.0,0.0,0.0,0.0,0.0,0.0,0.0,0.0,0.0
Ru120,109188.57121339251,8.63971618700754e-06,6.836310335644775e-16,5.409337296926979e-26,4.280222598929965e-36,3.386792963862404e-46,2.6798528148829025e-56,2.1204753836637496e-66,1.677859256953408e-76,1.3276323355756827e-86,1.0505098155053926e-96,8.312322944398968e-107,6.577255320431315e-117,5.204355971189954e-127,4.1180279243111967e-137,3.2584538950223553e-147,2.578302522745111e-157,2.0401221293782317e-167,1.6142784898443178e-177,1.2773230608347194e-187,1.010701816325091e-197,7.99733593516495e-208,6.328016931089475e-218,5.0071422039530865e-228,3.961979451640264e-238,3.1349781044418608e-248,2.4806003754666197e-258,1.9628137797985237e-268,1.5531070511275946e-278,1.2289202048040708e-288,9.724023007166205e-299,7.694285037731396e-309,6.0882e-319,0.0,0.0,0.0,0.0,0.0,0.0,0.0,0.0,0.0,0.0,0.0,0.0,0.0,0.0,0.0,0.0,0.0,0.0,0.0,0.0,0.0,0.0,0.0,0.0,0.0,0.0,0.0,0.0,0.0,0.0,0.0,0.0,0.0,0.0,0.0,0.0,0.0,0.0,0.0,0.0,0.0,0.0,0.0,0.0,0.0,0.0,0.0,0.0,0.0,0.0,0.0,0.0,0.0
S41,0.0,0.0,0.0,0.0,0.0,0.0,0.0,0.0,0.0,0.0,0.0,0.0,0.0,0.0,0.0,0.0,0.0,0.0,0.0,0.0,0.0,0.0,0.0,0.0,0.0,0.0,0.0,0.0,0.0,0.0,0.0,0.0,0.0,0.0,0.0,0.0,0.0,0.0,0.0,0.0,0.0,0.0,0.0,0.0,0.0,0.0,0.0,0.0,0.0,0.0,0.0,0.0,0.0,0.0,0.0,0.0,0.0,0.0,0.0,0.0,0.0,0.0,0.0,0.0,0.0,0.0,0.0,0.0,0.0,0.0,0.0,0.0,0.0,0.0,0.0,0.0,0.0,0.0,0.0,0.0,0.0,0.0,0.0,0.0,0.0,0.0
S42,0.0,0.0,0.0,0.0,0.0,0.0,0.0,0.0,0.0,0.0,0.0,0.0,0.0,0.0,0.0,0.0,0.0,0.0,0.0,0.0,0.0,0.0,0.0,0.0,0.0,0.0,0.0,0.0,0.0,0.0,0.0,0.0,0.0,0.0,0.0,0.0,0.0,0.0,0.0,0.0,0.0,0.0,0.0,0.0,0.0,0.0,0.0,0.0,0.0,0.0,0.0,0.0,0.0,0.0,0.0,0.0,0.0,0.0,0.0,0.0,0.0,0.0,0.0,0.0,0.0,0.0,0.0,0.0,0.0,0.0,0.0,0.0,0.0,0.0,0.0,0.0,0.0,0.0,0.0,0.0,0.0,0.0,0.0,0.0,0.0,0.0
S43,0.0,0.0,0.0,0.0,0.0,0.0,0.0,0.0,0.0,0.0,0.0,0.0,0.0,0.0,0.0,0.0,0.0,0.0,0.0,0.0,0.0,0.0,0.0,0.0,0.0,0.0,0.0,0.0,0.0,0.0,0.0,0.0,0.0,0.0,0.0,0.0,0.0,0.0,0.0,0.0,0.0,0.0,0.0,0.0,0.0,0.0,0.0,0.0,0.0,0.0,0.0,0.0,0.0,0.0,0.0,0.0,0.0,0.0,0.0,0.0,0.0,0.0,0.0,0.0,0.0,0.0,0.0,0.0,0.0,0.0,0.0,0.0,0.0,0.0,0.0,0.0,0.0,0.0,0.0,0.0,0.0,0.0,0.0,0.0,0.0,0.0
S44,0.0,0.0,0.0,0.0,0.0,0.0,0.0,0.0,0.0,0.0,0.0,0.0,0.0,0.0,0.0,0.0,0.0,0.0,0.0,0.0,0.0,0.0,0.0,0.0,0.0,0.0,0.0,0.0,0.0,0.0,0.0,0.0,0.0,0.0,0.0,0.0,0.0,0.0,0.0,0.0,0.0,0.0,0.0,0.0,0.0,0.0,0.0,0.0,0.0,0.0,0.0,0.0,0.0,0.0,0.0,0.0,0.0,0.0,0.0,0.0,0.0,0.0,0.0,0.0,0.0,0.0,0.0,0.0,0.0,0.0,0.0,0.0,0.0,0.0,0.0,0.0,0.0,0.0,0.0,0.0,0.0,0.0,0.0,0.0,0.0,0.0
S45,0.0,0.0,0.0,0.0,0.0,0.0,0.0,0.0,0.0,0.0,0.0,0.0,0.0,0.0,0.0,0.0,0.0,0.0,0.0,0.0,0.0,0.0,0.0,0.0,0.0,0.0,0.0,0.0,0.0,0.0,0.0,0.0,0.0,0.0,0.0,0.0,0.0,0.0,0.0,0.0,0.0,0.0,0.0,0.0,0.0,0.0,0.0,0.0,0.0,0.0,0.0,0.0,0.0,0.0,0.0,0.0,0.0,0.0,0.0,0.0,0.0,0.0,0.0,0.0,0.0,0.0,0.0,0.0,0.0,0.0,0.0,0.0,0.0,0.0,0.0,0.0,0.0,0.0,0.0,0.0,0.0,0.0,0.0,0.0,0.0,0.0
S46,0.0,0.0,0.0,0.0,0.0,0.0,0.0,0.0,0.0,0.0,0.0,0.0,0.0,0.0,0.0,0.0,0.0,0.0,0.0,0.0,0.0,0.0,0.0,0.0,0.0,0.0,0.0,0.0,0.0,0.0,0.0,0.0,0.0,0.0,0.0,0.0,0.0,0.0,0.0,0.0,0.0,0.0,0.0,0.0,0.0,0.0,0.0,0.0,0.0,0.0,0.0,0.0,0.0,0.0,0.0,0.0,0.0,0.0,0.0,0.0,0.0,0.0,0.0,0.0,0.0,0.0,0.0,0.0,0.0,0.0,0.0,0.0,0.0,0.0,0.0,0.0,0.0,0.0,0.0,0.0,0.0,0.0,0.0,0.0,0.0,0.0
Sb134,129719311089060.78,1918040334509.843,36776297684.06351,956317329.7554505,30553599.697140895,1070936.3432656717,38822.97220356058,1423.2816776291488,52.3686550582156,1.9291139289696035,0.07108958130952327,0.0026200261082039234,9.656544348298683e-05,3.55912392564851e-06,1.3117955569267698e-07,4.8349249315380625e-09,1.782023741783974e-10,6.5680627079629545e-12,2.4208122735497257e-13,8.922466789680236e-15,3.288582712767508e-16,1.2120836678533255e-17,4.4674163516722145e-19,1.6465702320012317e-20,6.068817669102788e-22,2.2368039446786952e-23,8.244261336807116e-25,3.038614320730229e-26,1.1199520021191774e-27,4.1278436637838966e-29,1.5214128177279181e-30,5.6075209006947e-32,2.0667822884972815e-33,7.617606966951957e-35,2.8076462734324103e-36,1.0348233547514052e-37,3.814082228491708e-39,1.4057687410032352e-40,5.181287751007166e-42,1.9096841447461902e-43,7.038585208833627e-45,2.594234333374325e-46,9.56165419154366e-48,3.524170106859527e-49,1.2989148836888867e-50,4.787453000025585e-52,1.7645271845960062e-53,6.503575461026284e-55,2.397044043668114e-56,8.834863501957554e-58,3.256294489223365e-59,1.2001830926077145e-60,4.4235540137678645e-62,1.6304037469987606e-63,6.009232327567758e-65,2.2148423808003499e-66,8.16331688373059e-68,3.008780359355424e-69,1.108956001559245e-70,4.0873153454701693e-72,1.5064751631107355e-73,5.552464699315872e-75,2.0464900445811567e-76,7.542815180951632e-78,2.780080020650113e-79,1.0246631709518897e-80,3.776634507303343e-82,1.391966512127528e-83,5.1304164253584956e-85,1.8909343341427156e-86,6.969478419658505e-88,2.5687634184350046e-89,9.467775208655011e-91,3.489568823595052e-92,1.286161775733206e-93,4.7404484536085975e-95,1.747202565440071e-96,6.439721546505853e-98,2.3735091978923792e-99,8.748120352403209e-101,3.224323283351411e-102,1.1883993608645362e-103,4.380122328910145e-105,1.6143959890941215e-106,5.95023201156045e-108,2.193096441676958e-109
Sb134_m1,129847507271877.58,92037518319334.33,65237330745558.586,46241026491382.14,32776211205150.78,23232183679245.605,16467258986340.264,11672196736523.469,8273397337657.802,5864286308041.67,4156678629002.091,2946305196782.3423,2088377545480.4985,1480267820601.2563,1049232130200.5941,743708704414.1224,527149923359.27515,373650382264.38806,264848009986.65833,187727543509.53714,133063603513.20154,94317127092.32237,66853145624.20314,47386336051.94622,33588020779.90843,23807604341.362167,16875124264.955019,11961296688.005205,8478314957.09971,6009534449.878145,4259632307.4822884,3019280036.794664,2140103014.190664,1516931472.2493372,1075219779.722033,762129071.6522682,540206507.3688548,382905050.41487855,271407833.1772309,192377227.27905107,136359356.84807068,96653197.7979301,68508981.41866666,48560012.932378374,34419937.461663246,24397277.169480823,17293091.65501625,12257557.140961753,8688308.028504534,6158380.134808289,4365135.968979831,3094062.336292375,2193109.632527755,1554503.2185904593,1101851.0979876963,781005.679253306,553586.4801876602,392388.94055105635,278130.1317448837,197142.07560434815,139736.74024373462,99047.12889973389,70205.8293772197,49762.759741706424,35272.4592683797,25001.55516489129,17721.4113682019,12561.155448523532,8903.502261963555,6310.912467698825,4473.25277212576,3170.696862893921,2247.4291323331295,1593.0055515460429,1129.1420275495304,800.3498274951329,567.2978515923592,402.1077301016393,285.01892992127557,202.0249409105746,143.19777553439806,101.50035349881166,71.94470529962227,50.99529649135755,36.146096553058165,25.620800072109173
Sb135,52582527620790.66,6674862325193.761,847200301807.3436,107530060656.11287,13648146630.779451,1732277516.804946,219867611.0689275,27906479.145627826,3542002.273637381,449565.1365040777,57060.61045307548,7242.361564324939,919.2295808252101,116.6723056780792,14.808517040997533,1.879556383830989,0.2385608356474464,0.030279098192739027,0.003843144600316738,0.00048778732856996073,6.191192438968055e-05,7.858109789097898e-06,9.97382815446915e-07,1.2659182771013612e-07,1.606754256720573e-08,2.03935695391099e-09,2.588433650055294e-10,3.2853438177606026e-11,4.169890157573577e-12,5.292591853622554e-13,6.717569880865032e-14,8.526209152783701e-15,1.0821806666140901e-15,1.3735471112750755e-16,1.7433610903389806e-17,2.2127438268109388e-18,2.808503224158736e-19,3.564664948801574e-20,4.524415741420685e-21,5.7425699456262595e-22,7.288700125080687e-23,9.25111056832895e-24,1.1741880620517371e-24,1.4903265882312926e-25,1.8915822868340992e-26,2.400872114957675e-27,3.0472831938116426e-28,3.867734064398756e-29,4.909083219862753e-30,6.230805339323219e-31,7.908388071209791e-32,1.0037643366924155e-32,1.2740179598463152e-33,1.617034698960763e-34,2.0524053035787243e-35,2.6049951388583588e-36,3.306364323675789e-37,4.196570226870765e-38,5.326455267784656e-39,6.7605506844731695e-40,8.580762112800025e-41,1.0891047471261153e-41,1.3823354320046308e-42,1.7545155795323682e-43,2.2269015519320725e-44,2.826472776787322e-45,3.5874726258053874e-46,4.553364159951857e-47,5.779312439625781e-48,7.335335172306204e-49,9.310301640926083e-50,1.1817008304172484e-50,1.4998620951983626e-51,1.9036851347718124e-52,2.4162335350383566e-53,3.066780524366363e-54,3.892480858429739e-55,4.940492843508068e-56,6.270671693579245e-57,7.958988047179383e-58,1.0101866886127352e-58,1.2821694665215812e-59,1.627380918212104e-60,2.0655371400675065e-61,2.6216625924835807e-62,3.3275193243938007e-63
Sb136,4160758807919.177,97568481104.9564,2283465784.4853234,53441602.4992225,1250732.5036747272,29271.798048556124,685.0690763036955,16.03316743744575,0.37523582215118617,0.008781915536953183,0.00020552952555554895,4.81015624636089e-06,1.1257556816648817e-07,2.6346875026347735e-09,6.166149857910511e-11,1.4431086810935703e-12,3.377411696823937e-14,7.904401047050139e-16,1.8499241881397523e-17,4.3295114727784104e-19,1.0132669064546451e-20,2.371421880208781e-22,5.5500102668996704e-24,1.298909073065475e-25,3.03993091716259e-27,7.114570351958097e-29,1.6650743938683365e-30,3.896894120040509e-32,9.120183361613268e-34,2.1344625229022853e-35,4.995437132163636e-37,1.1691183084099374e-38,2.7361721965406978e-40,6.40366183239792e-42,1.4986953275657971e-43,3.507505148857122e-45,8.208868168850084e-47,1.9211808323507934e-48,4.496278554695221e-50,1.0522966136756019e-51,2.4627659289409796e-53,5.7637893555193896e-55,1.3489413404823314e-56,3.1570250538732557e-58,7.388614235234034e-60,1.7292108673678805e-61,4.046997351091864e-63,9.471480817533041e-65,2.2166792091596826e-66,5.18785479375612e-68,1.2141512064481845e-69,2.841565947246291e-71,6.650322455446412e-73,1.5564230984775885e-74,3.642609629388218e-76,8.52506296333588e-78,1.995182188683977e-79,4.669469285050424e-81,1.0928296938341862e-82,2.5576284301714267e-84,5.985802933182087e-86,1.4009007849701515e-87,3.278629502569841e-89,7.673213928101548e-91,1.7958177933878125e-92,4.2028823609850434e-94,9.836309788954504e-96,2.3020627739294106e-97,5.387684130345851e-99,1.2609187124308454e-100,2.9510193264730224e-102,6.906484120953916e-104,1.6163744671234589e-105,3.7829181566376864e-107,8.853437165019284e-109,2.072033979836693e-110,4.849331094324802e-112,1.1349240548766869e-113,2.656144910058124e-115,6.2163681815645656e-117,1.45486163885248e-118,3.404917994531984e-120,7.968776026448829e-122,1.8649903305067433e-123,4.3647718562290385e-125,1.0215191492039859e-126
Sb137,26891785229669.293,12157433550.982283,5496220.845296676,2484.771432522695,1.1233335132747237,0.0005078447721708532,2.2959015250014347e-07,1.0379478339358696e-10,4.692429941965782e-14,2.1213878039286357e-17,9.590524036192361e-21,4.3357537513154115e-24,1.9601390415272013e-27,8.861538921470156e-31,4.006188866864658e-34,1.8111469553109704e-37,8.187964678508553e-41,3.701674531705382e-44,1.6734799033319926e-47,7.565589472734732e-51,3.420306629078144e-54,1.546277058658226e-57,6.990521615242308e-61,3.160325776001251e-64,1.4287430266549177e-67,6.459165228206036e-71,2.9201063219147192e-74,1.3201428714116674e-77,5.968197759992179e-81,2.6981461835480565e-84,1.21979752021563e-87,5.514549209367179e-91,2.4930574524496835e-94,1.1270795173352244e-97,5.095382928894784e-101,2.3035577164472856e-104,1.0414091005628926e-107,4.708077887485528e-111,2.1284620407723734e-114,9.622505759836644e-118,4.350212281187284e-121,1.966675558707481e-124,8.891089683011416e-128,4.0195483897356997e-131,1.8171866254254821e-134,8.215269257754562e-138,3.714018584172921e-141,1.6790604922122848e-144,7.590818604199258e-148,3.431712398041023e-151,1.5514334615180494e-154,7.01383305574171e-158,3.1708645813066213e-161,1.433507486288688e-164,6.480704743306727e-168,2.9298440623183626e-171,1.3245451798074449e-174,5.988100035477232e-178,2.707143748776857e-181,1.2238652048433158e-184,5.532938693421542e-188,2.50137110394282e-191,1.1308380132748075e-194,5.1123746102751286e-198,2.3112394391569052e-201,1.0448819095490435e-204,4.723778014540609e-208,2.135559868223547e-211,9.654594133612136e-215,4.3647190262249544e-218,1.9732338733500476e-221,8.920738988103102e-225,4.032952462890618e-228,1.8232464361558488e-231,8.242664890159315e-235,3.7264038006136824e-238,1.6846596908005214e-241,7.61613186778287e-245,3.443156202063252e-248,1.5566070595437112e-251,7.037222233395514e-255,3.18143853058926e-258,1.4382878340669132e-261,6.502316086684653e-265,2.939614275371185e-268,1.3289621686742734e-271
Sb138,14136477205.376438,15.52798617824294,1.7056466844512055e-08,1.8735401865926857e-17,2.0579601055579412e-26,2.2605332014630542e-35,2.483046362811494e-44,2.7274623685601975e-53,2.9959372017077184e-62,3.290839067126872e-71,3.6147692813973025e-80,3.970585218906366e-89,4.361425516624804e-98,4.7907377598875117e-107,5.262308893394418e-116,5.78029862568561e-125,6.349276121750218e-134,6.9742603074327895e-143,7.660764141160782e-152,8.414843243512024e-161,9.243149313581494e-170,1.015298880333087e-178,1.1152387367484804e-187,1.2250160657483543e-196,1.3455992083962375e-205,1.4780518233697402e-214,1.6235422694476676e-223,1.7833539115521986e-232,1.95889644125526e-241,2.1517183116068276e-250,2.3635203959721807e-259,2.5961709913621995e-268,2.851722298600346e-277,3.132428524697232e-286,3.440765767113001e-295,3.779453855305771e-304,4.15148034224e-313,4.55e-322,0.0,0.0,0.0,0.0,0.0,0.0,0.0,0.0,0.0,0.0,0.0,0.0,0.0,0.0,0.0,0.0,0.0,0.0,0.0,0.0,0.0,0.0,0.0,0.0,0.0,0.0,0.0,0.0,0.0,0.0,0.0,0.0,0.0,0.0,0.0,0.0,0.0,0.0,0.0,0.0,0.0,0.0,0.0,0.0,0.0,0.0,0.0,0.0
Sb139,503992633.9846502,0.0007093320067582925,9.983318443242764e-16,1.4050775404126513e-27,1.9775417420530517e-39,2.7832423685412495e-51,3.917205850735101e-63,5.513174795867907e-75,7.759381939064861e-87,1.092075080249795e-98,1.5370141465756073e-110,2.1632326654987682e-122,3.044588480533356e-134,4.2850309925674025e-146,6.0308612230072534e-158,8.487986937378119e-170,1.1946207943610473e-181,1.6813395836358904e-193,2.3663599435441778e-205,3.330474959913307e-217,4.687394869436721e-229,6.597158341221585e-241,9.285007854347789e-253,1.3067955382640798e-264,1.839217161272784e-276,2.5885608477159763e-288,3.6432061441244023e-300,5.127540664265e-312,5e-324,0.0,0.0,0.0,0.0,0.0,0.0,0.0,0.0,0.0,0.0,0.0,0.0,0.0,0.0,0.0,0.0,0.0,0.0,0.0,0.0,0.0,0.0,0.0,0.0,0.0,0.0,0.0,0.0,0.0,0.0,0.0,0.0,0.0,0.0,0.0,0.0,0.0,0.0,0.0,0.0,0.0,0.0,0.0,0.0,0.0,0.0,0.0,0.0,0.0,0.0,0.0,0.0,0.0,0.0,0.0,0.0,0.0
Sc51,0.0,0.0,0.0,0.0,0.0,0.0,0.0,0.0,0.0,0.0,0.0,0.0,0.0,0.0,0.0,0.0,0.0,0.0,0.0,0.0,0.0,0.0,0.0,0.0,0.0,0.0,0.0,0.0,0.0,0.0,0.0,0.0,0.0,0.0,0.0,0.0,0.0,0.0,0.0,0.0,0.0,0.0,0.0,0.0,0.0,0.0,0.0,0.0,0.0,0.0,0.0,0.0,0.0,0.0,0.0,0.0,0.0,0.0,0.0,0.0,0.0,0.0,0.0,0.0,0.0,0.0,0.0,0.0,0.0,0.0,0.0,0.0,0.0,0.0,0.0,0.0,0.0,0.0,0.0,0.0,0.0,0.0,0.0,0.0,0.0,0.0
Sc52,0.0,0.0,0.0,0.0,0.0,0.0,0.0,0.0,0.0,0.0,0.0,0.0,0.0,0.0,0.0,0.0,0.0,0.0,0.0,0.0,0.0,0.0,0.0,0.0,0.0,0.0,0.0,0.0,0.0,0.0,0.0,0.0,0.0,0.0,0.0,0.0,0.0,0.0,0.0,0.0,0.0,0.0,0.0,0.0,0.0,0.0,0.0,0.0,0.0,0.0,0.0,0.0,0.0,0.0,0.0,0.0,0.0,0.0,0.0,0.0,0.0,0.0,0.0,0.0,0.0,0.0,0.0,0.0,0.0,0.0,0.0,0.0,0.0,0.0,0.0,0.0,0.0,0.0,0.0,0.0,0.0,0.0,0.0,0.0,0.0,0.0
Sc53,0.0,0.0,0.0,0.0,0.0,0.0,0.0,0.0,0.0,0.0,0.0,0.0,0.0,0.0,0.0,0.0,0.0,0.0,0.0,0.0,0.0,0.0,0.0,0.0,0.0,0.0,0.0,0.0,0.0,0.0,0.0,0.0,0.0,0.0,0.0,0.0,0.0,0.0,0.0,0.0,0.0,0.0,0.0,0.0,0.0,0.0,0.0,0.0,0.0,0.0,0.0,0.0,0.0,0.0,0.0,0.0,0.0,0.0,0.0,0.0,0.0,0.0,0.0,0.0,0.0,0.0,0.0,0.0,0.0,0.0,0.0,0.0,0.0,0.0,0.0,0.0,0.0,0.0,0.0,0.0,0.0,0.0,0.0,0.0,0.0,0.0
Sc54,0.0,0.0,0.0,0.0,0.0,0.0,0.0,0.0,0.0,0.0,0.0,0.0,0.0,0.0,0.0,0.0,0.0,0.0,0.0,0.0,0.0,0.0,0.0,0.0,0.0,0.0,0.0,0.0,0.0,0.0,0.0,0.0,0.0,0.0,0.0,0.0,0.0,0.0,0.0,0.0,0.0,0.0,0.0,0.0,0.0,0.0,0.0,0.0,0.0,0.0,0.0,0.0,0.0,0.0,0.0,0.0,0.0,0.0,0.0,0.0,0.0,0.0,0.0,0.0,0.0,0.0,0.0,0.0,0.0,0.0,0.0,0.0,0.0,0.0,0.0,0.0,0.0,0.0,0.0,0.0,0.0,0.0,0.0,0.0,0.0,0.0
Sc55,0.0,0.0,0.0,0.0,0.0,0.0,0.0,0.0,0.0,0.0,0.0,0.0,0.0,0.0,0.0,0.0,0.0,0.0,0.0,0.0,0.0,0.0,0.0,0.0,0.0,0.0,0.0,0.0,0.0,0.0,0.0,0.0,0.0,0.0,0.0,0.0,0.0,0.0,0.0,0.0,0.0,0.0,0.0,0.0,0.0,0.0,0.0,0.0,0.0,0.0,0.0,0.0,0.0,0.0,0.0,0.0,0.0,0.0,0.0,0.0,0.0,0.0,0.0,0.0,0.0,0.0,0.0,0.0,0.0,0.0,0.0,0.0,0.0,0.0,0.0,0.0,0.0,0.0,0.0,0.0,0.0,0.0,0.0,0.0,0.0,0.0
Sc56,0.0,0.0,0.0,0.0,0.0,0.0,0.0,0.0,0.0,0.0,0.0,0.0,0.0,0.0,0.0,0.0,0.0,0.0,0.0,0.0,0.0,0.0,0.0,0.0,0.0,0.0,0.0,0.0,0.0,0.0,0.0,0.0,0.0,0.0,0.0,0.0,0.0,0.0,0.0,0.0,0.0,0.0,0.0,0.0,0.0,0.0,0.0,0.0,0.0,0.0,0.0,0.0,0.0,0.0,0.0,0.0,0.0,0.0,0.0,0.0,0.0,0.0,0.0,0.0,0.0,0.0,0.0,0.0,0.0,0.0,0.0,0.0,0.0,0.0,0.0,0.0,0.0,0.0,0.0,0.0,0.0,0.0,0.0,0.0,0.0,0.0
Sc57,0.0,0.0,0.0,0.0,0.0,0.0,0.0,0.0,0.0,0.0,0.0,0.0,0.0,0.0,0.0,0.0,0.0,0.0,0.0,0.0,0.0,0.0,0.0,0.0,0.0,0.0,0.0,0.0,0.0,0.0,0.0,0.0,0.0,0.0,0.0,0.0,0.0,0.0,0.0,0.0,0.0,0.0,0.0,0.0,0.0,0.0,0.0,0.0,0.0,0.0,0.0,0.0,0.0,0.0,0.0,0.0,0.0,0.0,0.0,0.0,0.0,0.0,0.0,0.0,0.0,0.0,0.0,0.0,0.0,0.0,0.0,0.0,0.0,0.0,0.0,0.0,0.0,0.0,0.0,0.0,0.0,0.0,0.0,0.0,0.0,0.0
Sc58,0.0,0.0,0.0,0.0,0.0,0.0,0.0,0.0,0.0,0.0,0.0,0.0,0.0,0.0,0.0,0.0,0.0,0.0,0.0,0.0,0.0,0.0,0.0,0.0,0.0,0.0,0.0,0.0,0.0,0.0,0.0,0.0,0.0,0.0,0.0,0.0,0.0,0.0,0.0,0.0,0.0,0.0,0.0,0.0,0.0,0.0,0.0,0.0,0.0,0.0,0.0,0.0,0.0,0.0,0.0,0.0,0.0,0.0,0.0,0.0,0.0,0.0,0.0,0.0,0.0,0.0,0.0,0.0,0.0,0.0,0.0,0.0,0.0,0.0,0.0,0.0,0.0,0.0,0.0,0.0,0.0,0.0,0.0,0.0,0.0,0.0
Se86,302974310118943.7,361434856176313.6,286968547126177.06,225290126458419.47,176804055044228.03,138751328767845.3,108888474442945.3,85452873304777.95,67061216445760.07,52627917320996.4,41301035506634.5,32411990075839.895,25436095918408.35,19961593658907.855,15665345133211.945,12293759823787.23,9647826416830.223,7571365953415.264,5941813204737.369,4662982132578.87,3659388408813.3066,2871793874781.8467,2253709947643.6807,1768653583639.9192,1387993828661.4421,1089261846538.3271,854824672720.8562,670844410289.9249,526461433763.73517,413153388459.75354,324232149685.59436,254449049254.21503,199685067409.74353,156707703421.585,122980173881.89134,96511676438.34547,75739880624.0544,59438709684.11446,46645970125.683044,36606557250.81514,28727884319.837257,22544904505.478302,17692661022.38379,13884745174.986832,10896390787.706686,8551207148.713971,6710767365.531211,5266437574.3782,4132964713.883664,3243444374.867435,2545371698.316253,1997542221.7173576,1567619742.9958832,1230227642.7067142,965451002.7969795,757661107.9482187,594592944.4728498,466621245.1821615,366192348.0245615,287378333.3619804,225527122.37550727,176987883.29637536,138895537.28076684,109001644.16457537,85541685.95470016,67130914.32753484,52682614.42540816,41343960.38693347,32445676.417530634,25462532.092687752,19982340.08833453,15681626.397263493,12306536.940931799,9657853.569636611,7579235.004959923,5947988.63393528,4667828.45053244,3663191.6744575864,2874778.5798093593,2256052.267359019,1770491.7758895,1389436.394646049,1090393.935208823,855713.1067831743,671541.6304844713,527008.5942343895
Se87,265108855725283.88,157881707367818.66,84089369519720.19,44779345832949.016,23845921694622.727,12698443210292.537,6762181895440.981,3601000786455.826,1917606900340.5366,1021165071128.1366,543791379926.17346,289580081852.31616,154207342928.05215,82118578255.86726,43729830024.44481,23287032905.129524,12400823447.551695,6603693257.266542,3516602330.523243,1872662988.6137903,997231514.7735636,531046269.4591498,282793048.6839003,150593108.32817474,80193924.07799475,42704912.13324657,22741243.071415402,12110179.147999622,6448919.196549316,3434181.9634015867,1828772.4498181462,973858.9011460532,518599.8725186985,276165.08660536987,147063.58235173224,78314.37898241627,41704.01575512337,22208.245186928954,11826.346824218299,6297.772652880149,3353.693323634336,1785.9105955255202,951.0340831504361,506.4451880065378,269.6924673880548,143.61677964036267,76.47888572501543,40.72657788586241,21.68773944036018,11.549166820525611,6.150168606328228,3.2750911363616346,1.744053315942879,0.9287442218265918,0.49457537891263165,0.2633715501836458,0.14025076136754083,0.074686411840835,0.03977204871666229,0.021179433047226612,0.011278483223169483,0.006006024029617381,0.003198331187853144,0.0017031770663504594,0.0009069767791275256,0.00048298376846936386,0.0002571987794762151,0.00013696363414798842,7.293594906331498e-05,3.883989132486527e-05,2.068304008518212e-05,1.1014143772626386e-05,5.8652578414231915e-06,3.1233703006378186e-06,1.6632588538578624e-06,8.857195108667207e-07,4.7166383639586124e-07,2.5117068308224005e-07,1.3375354897264428e-07,7.122651275714321e-08,3.7929581371938604e-08,2.0198281333185578e-08,1.075599977795541e-08,5.727790860764809e-09,3.050166309216604e-09,1.6242762244705595e-09
Se88,97250109479018.67,13058919809000.549,1355654747315.8474,140731379072.6541,14609413713.11904,1516612502.8227186,157440505.7509409,16343998.750490012,1696680.875622901,176133.51773036504,18284.532179148504,1898.1288815347418,197.04596298203532,20.455466383359447,2.123494938076436,0.22044135623837505,0.022884156994616295,0.002375618850702215,0.00024661449950458785,2.5601207596042093e-05,2.657677596784819e-06,2.758951968165712e-07,2.8640855353764523e-08,2.973225358253112e-09,3.0865241005441623e-10,3.204140243455079e-11,3.326238307330359e-12,3.452989081783006e-13,3.584569864593428e-14,3.7211647097118755e-15,3.8629646847113805e-16,4.010168138051251e-17,4.162980976525017e-18,4.3216169532808976e-19,4.486297966817684e-20,4.657254371374241e-21,4.834725299146834e-22,5.018958994784987e-23,5.21021316263373e-24,5.408755327207993e-25,5.614863207403362e-26,5.828825104966635e-27,6.050940307769568e-28,6.281519508449897e-29,6.52088523900528e-30,6.769372321947969e-31,7.027328338651376e-32,7.295114115543592e-33,7.5731042288279645e-34,7.861687528436764e-35,8.161267681950739e-36,8.472263739245516e-37,8.795110718654611e-38,9.130260215468928e-39,9.478181033623939e-40,9.8393598414582e-41,1.0214301852460435e-41,1.0603531531957323e-42,1.1007593330730661e-43,1.1427052446589893e-44,1.1862495614965516e-45,1.231453192962896e-46,1.2783793694687245e-47,1.3270937309043903e-48,1.3776644184563556e-49,1.43016216992244e-50,1.484660418659176e-51,1.5412353962996923e-52,1.5999662393857996e-53,1.6609351000634353e-54,1.724227260996305e-55,1.7899312546584593e-56,1.8581389871726842e-57,1.9289458668679115e-58,2.002450937735481e-59,2.0787570179709402e-60,2.157970843795154e-61,2.240203218755925e-62,2.3255691687189406e-63,2.4141881027648606e-64,2.506183980217613e-65,2.6016854840375123e-66,2.7008262008217636e-67,2.8037448076641345e-68,2.9105852661351486e-69,3.0214970236541673e-70
Se89,17560903261898.252,3745090598.832038,798665.3080923522,170.32065246944356,0.036322004178329176,7.745907313073795e-06,1.6518658994738893e-09,3.5227131432868547e-13,7.512418468011426e-17,1.6020728609727588e-20,3.4165261996445214e-24,7.285967796601928e-28,1.5537807594931856e-31,3.313540103343838e-35,7.06634314357787e-39,1.5069443515230205e-42,3.2136583696066166e-46,6.853338748776551e-50,1.4615197573484287e-53,3.116787422044671e-57,6.64675505436902e-61,1.417464419944228e-64,3.0228365049907234e-68,6.446398517900058e-72,1.3747370651034128e-75,2.9317175984720035e-79,6.252081430963602e-83,1.3332976627684965e-86,2.843345335746771e-90,6.063621743344088e-94,1.2931073895284934e-97,2.757636923326647e-101,5.880842892458683e-105,1.254128592246343e-108,2.6745120634096993e-112,5.703573637940769e-116,1.216324752782752e-119,2.5938928786517152e-123,5.531647901209667e-127,1.1796604537833697e-130,2.515703839205074e-134,5.3649046098762867e-138,1.1441013454972749e-141,2.439871691956995e-145,5.203187546838938e-149,1.109614113595649e-152,2.3663253919007196e-156,5.046345203927883e-160,1.076166447960526e-163,2.2949960355754626e-167,4.894230639961644e-171,1.0437270124143406e-174,2.2258167965126851e-178,4.746701343081881e-182,1.012265415361957e-185,2.1587228626282687e-189,4.603619097238121e-193,9.817521813176355e-197,2.0936513755018878e-200,4.464849852696942e-204,9.52158723290269e-208,2.0305413714867242e-211,4.33026360045461e-215,9.234573160010454e-219,1.9693337245943325e-222,4.1997342504352405e-226,8.956210699084069e-230,1.909971091101183e-233,4.073139513360614e-237,8.686239060160005e-241,1.8523978558249154e-244,3.950360786180733e-248,8.424405314399924e-252,1.7965600800200624e-255,3.831283040958007e-259,8.170464157128836e-263,1.7424054508443383e-266,3.7157947171007772e-270,7.924177678015971e-274,1.6898832323482069e-277,3.6037876168453436e-281,7.685315138183313e-285,1.63894421794181e-288,3.4951568038885294e-292,7.453652754032898e-296,1.589540684294692e-299
Se90,4578430598226.026,2051.4344037755877,9.189671885379606e-07,4.1166351312773806e-16,1.8441011839637717e-25,8.26089529008454e-35,3.7005773645813984e-44,1.657722601530767e-53,7.425987765930105e-63,3.326569490505924e-72,1.4901808249584197e-81,6.675462206370531e-91,2.990361634127502e-100,1.3395720665346465e-109,6.000790342414459e-119,2.6881334444938044e-128,1.2041849494942818e-137,5.394305835369727e-147,2.4164506837362743e-156,1.0824810615376035e-165,4.849117163756118e-175,2.1722262036098772e-184,9.730774737549088e-194,4.359029314514666e-203,1.9526848660340124e-212,8.747310263185983e-222,3.918473388685855e-231,1.755332009024538e-240,7.86324202380118e-250,3.5224433216615786e-259,1.5779250996932022e-268,7.06852429655933e-278,3.166438998959084e-287,1.4184482522058304e-296,6.354126654096862e-306,2.84641512e-315,0.0,0.0,0.0,0.0,0.0,0.0,0.0,0.0,0.0,0.0,0.0,0.0,0.0,0.0,0.0,0.0,0.0,0.0,0.0,0.0,0.0,0.0,0.0,0.0,0.0,0.0,0.0,0.0,0.0,0.0,0.0,0.0,0.0,0.0,0.0,0.0,0.0,0.0,0.0,0.0,0.0,0.0,0.0,0.0,0.0,0.0,0.0,0.0,0.0,0.0
Se91,240538989071.47824,640554.5283423179,1.7057938976104026,4.542521662683344e-06,1.2096715250801242e-11,3.2213499620941244e-17,8.578440810695675e-23,2.2844350228489367e-28,6.083440439563524e-34,1.6200175190609533e-39,4.314099543074848e-45,1.1488428148818283e-50,3.059363373810555e-56,8.14707123704843e-62,2.1695614947128523e-67,5.777532738311916e-73,1.5385544324791718e-78,4.09716370104541e-84,1.09107289536156e-89,2.905522331677674e-95,7.737393217050016e-101,2.0604644177931266e-106,5.48700770129688e-112,1.461187742632208e-117,3.8911365455418915e-123,1.0362079542753712e-128,2.759417234364926e-134,7.348315984154917e-140,1.9568533214374196e-145,5.2110918064461025e-151,1.3877114609316998e-156,3.695469529857553e-162,9.841019138760099e-168,2.6206590774725077e-173,6.978803621353755e-179,1.858452341400793e-184,4.949050428486068e-190,1.317929956989731e-195,3.509641691127991e-201,9.346160419813355e-207,2.488878417808269e-212,6.627872303047306e-218,1.7649994853579726e-223,4.700185883004449e-229,1.2516574377535138e-234,3.3331582632690654e-240,8.876185826002908e-246,2.3637243897462966e-251,6.29458767561371e-257,1.67624593534954e-262,4.4638355688673516e-268,1.1887174528318997e-273,3.1655493596635922e-279,8.429844051329517e-285,2.2448637710481822e-290,5.978062369694574e-296,1.5919553853048161e-301,4.239370204045708e-307,1.1289424247e-312,3.00637e-318,1e-323,0.0,0.0,0.0,0.0,0.0,0.0,0.0,0.0,0.0,0.0,0.0,0.0,0.0,0.0,0.0,0.0,0.0,0.0,0.0,0.0,0.0,0.0,0.0,0.0,0.0
Si35,0.0,0.0,0.0,0.0,0.0,0.0,0.0,0.0,0.0,0.0,0.0,0.0,0.0,0.0,0.0,0.0,0.0,0.0,0.0,0.0,0.0,0.0,0.0,0.0,0.0,0.0,0.0,0.0,0.0,0.0,0.0,0.0,0.0,0.0,0.0,0.0,0.0,0.0,0.0,0.0,0.0,0.0,0.0,0.0,0.0,0.0,0.0,0.0,0.0,0.0,0.0,0.0,0.0,0.0,0.0,0.0,0.0,0.0,0.0,0.0,0.0,0.0,0.0,0.0,0.0,0.0,0.0,0.0,0.0,0.0,0.0,0.0,0.0,0.0,0.0,0.0,0.0,0.0,0.0,0.0,0.0,0.0,0.0,0.0,0.0,0.0
Si36,0.0,0.0,0.0,0.0,0.0,0.0,0.0,0.0,0.0,0.0,0.0,0.0,0.0,0.0,0.0,0.0,0.0,0.0,0.0,0.0,0.0,0.0,0.0,0.0,0.0,0.0,0.0,0.0,0.0,0.0,0.0,0.0,0.0,0.0,0.0,0.0,0.0,0.0,0.0,0.0,0.0,0.0,0.0,0.0,0.0,0.0,0.0,0.0,0.0,0.0,0.0,0.0,0.0,0.0,0.0,0.0,0.0,0.0,0.0,0.0,0.0,0.0,0.0,0.0,0.0,0.0,0.0,0.0,0.0,0.0,0.0,0.0,0.0,0.0,0.0,0.0,0.0,0.0,0.0,0.0,0.0,0.0,0.0,0.0,0.0,0.0
Si37,0.0,0.0,0.0,0.0,0.0,0.0,0.0,0.0,0.0,0.0,0.0,0.0,0.0,0.0,0.0,0.0,0.0,0.0,0.0,0.0,0.0,0.0,0.0,0.0,0.0,0.0,0.0,0.0,0.0,0.0,0.0,0.0,0.0,0.0,0.0,0.0,0.0,0.0,0.0,0.0,0.0,0.0,0.0,0.0,0.0,0.0,0.0,0.0,0.0,0.0,0.0,0.0,0.0,0.0,0.0,0.0,0.0,0.0,0.0,0.0,0.0,0.0,0.0,0.0,0.0,0.0,0.0,0.0,0.0,0.0,0.0,0.0,0.0,0.0,0.0,0.0,0.0,0.0,0.0,0.0,0.0,0.0,0.0,0.0,0.0,0.0
Si38,0.0,0.0,0.0,0.0,0.0,0.0,0.0,0.0,0.0,0.0,0.0,0.0,0.0,0.0,0.0,0.0,0.0,0.0,0.0,0.0,0.0,0.0,0.0,0.0,0.0,0.0,0.0,0.0,0.0,0.0,0.0,0.0,0.0,0.0,0.0,0.0,0.0,0.0,0.0,0.0,0.0,0.0,0.0,0.0,0.0,0.0,0.0,0.0,0.0,0.0,0.0,0.0,0.0,0.0,0.0,0.0,0.0,0.0,0.0,0.0,0.0,0.0,0.0,0.0,0.0,0.0,0.0,0.0,0.0,0.0,0.0,0.0,0.0,0.0,0.0,0.0,0.0,0.0,0.0,0.0,0.0,0.0,0.0,0.0,0.0,0.0
Si39,0.0,0.0,0.0,0.0,0.0,0.0,0.0,0.0,0.0,0.0,0.0,0.0,0.0,0.0,0.0,0.0,0.0,0.0,0.0,0.0,0.0,0.0,0.0,0.0,0.0,0.0,0.0,0.0,0.0,0.0,0.0,0.0,0.0,0.0,0.0,0.0,0.0,0.0,0.0,0.0,0.0,0.0,0.0,0.0,0.0,0.0,0.0,0.0,0.0,0.0,0.0,0.0,0.0,0.0,0.0,0.0,0.0,0.0,0.0,0.0,0.0,0.0,0.0,0.0,0.0,0.0,0.0,0.0,0.0,0.0,0.0,0.0,0.0,0.0,0.0,0.0,0.0,0.0,0.0,0.0,0.0,0.0,0.0,0.0,0.0,0.0
Si40,0.0,0.0,0.0,0.0,0.0,0.0,0.0,0.0,0.0,0.0,0.0,0.0,0.0,0.0,0.0,0.0,0.0,0.0,0.0,0.0,0.0,0.0,0.0,0.0,0.0,0.0,0.0,0.0,0.0,0.0,0.0,0.0,0.0,0.0,0.0,0.0,0.0,0.0,0.0,0.0,0.0,0.0,0.0,0.0,0.0,0.0,0.0,0.0,0.0,0.0,0.0,0.0,0.0,0.0,0.0,0.0,0.0,0.0,0.0,0.0,0.0,0.0,0.0,0.0,0.0,0.0,0.0,0.0,0.0,0.0,0.0,0.0,0.0,0.0,0.0,0.0,0.0,0.0,0.0,0.0,0.0,0.0,0.0,0.0,0.0,0.0
Si41,0.0,0.0,0.0,0.0,0.0,0.0,0.0,0.0,0.0,0.0,0.0,0.0,0.0,0.0,0.0,0.0,0.0,0.0,0.0,0.0,0.0,0.0,0.0,0.0,0.0,0.0,0.0,0.0,0.0,0.0,0.0,0.0,0.0,0.0,0.0,0.0,0.0,0.0,0.0,0.0,0.0,0.0,0.0,0.0,0.0,0.0,0.0,0.0,0.0,0.0,0.0,0.0,0.0,0.0,0.0,0.0,0.0,0.0,0.0,0.0,0.0,0.0,0.0,0.0,0.0,0.0,0.0,0.0,0.0,0.0,0.0,0.0,0.0,0.0,0.0,0.0,0.0,0.0,0.0,0.0,0.0,0.0,0.0,0.0,0.0,0.0
Si42,0.0,0.0,0.0,0.0,0.0,0.0,0.0,0.0,0.0,0.0,0.0,0.0,0.0,0.0,0.0,0.0,0.0,0.0,0.0,0.0,0.0,0.0,0.0,0.0,0.0,0.0,0.0,0.0,0.0,0.0,0.0,0.0,0.0,0.0,0.0,0.0,0.0,0.0,0.0,0.0,0.0,0.0,0.0,0.0,0.0,0.0,0.0,0.0,0.0,0.0,0.0,0.0,0.0,0.0,0.0,0.0,0.0,0.0,0.0,0.0,0.0,0.0,0.0,0.0,0.0,0.0,0.0,0.0,0.0,0.0,0.0,0.0,0.0,0.0,0.0,0.0,0.0,0.0,0.0,0.0,0.0,0.0,0.0,0.0,0.0,0.0
Sm163,49632191.85083593,6844507.139218441,942480.5562801283,129778.46039337604,17870.340846659423,2460.7248460784203,338.8389074425278,46.65771769640071,6.424712666759695,0.8846753525110094,0.12181875204937513,0.01677429840081644,0.0023098010947081938,0.0003180568849815798,4.37960577280642e-05,6.030665466119428e-06,8.30415517991714e-07,1.1434723686724065e-07,1.574547957725339e-08,2.1681339567963844e-09,2.9854948727027257e-10,4.1109912083588683e-11,5.660786380753133e-12,7.79483604425233e-13,1.0733397247308189e-13,1.477976134642011e-14,2.035155696039452e-15,2.8023853768958493e-16,3.858851593478995e-17,5.313593106523262e-18,7.316755002810711e-19,1.0075085295001822e-19,1.387327355672949e-20,1.9103333971309553e-21,2.6305065443070565e-22,3.6221764693191447e-23,4.987694253520858e-24,6.867996128107218e-25,9.457149620267622e-26,1.3022383424781643e-26,1.7931668300837232e-27,2.4691695641471448e-28,3.400017351551131e-29,4.681783770018913e-30,6.446761002326273e-31,8.877113822996349e-32,1.2223680976849811e-32,1.6831864455396362e-33,2.317727872491061e-34,3.191483929280154e-35,4.394635708421711e-36,6.051361510095785e-37,8.332653388241841e-38,1.1473965383284323e-38,1.579951493033182e-39,2.1755745611490168e-40,2.995740497090902e-41,4.1250993122343905e-42,5.680213073302227e-43,7.821586370641107e-44,1.0770232131069157e-44,1.4830482546676342e-45,2.042139945459448e-46,2.812002605927162e-47,3.8720944043637145e-48,5.331828300835203e-49,7.341864650187609e-50,1.0109660983124839e-50,1.392088387125266e-51,1.916889281256616e-52,2.639533919383139e-53,3.634607058268284e-54,5.0048110278124e-55,6.891565724314328e-56,9.489604676103736e-57,1.3067073653671003e-57,1.7993206218635557e-58,2.477643262808051e-59,3.41168553461042e-60,4.6978507203971714e-61,6.468885003393601e-62,8.90757831138422e-63,1.2265630217853301e-63,1.688962806522182e-64,2.3256818533981023e-65,3.20243646712548e-66
Sm164,2188295.350909166,129543.09686401118,7668.71525735612,453.97396790769926,26.874431586199414,1.5909173744256542,0.09417940930699147,0.005575249400124221,0.00033004460425383044,1.9538039104518006e-05,1.1566163092188892e-06,6.846957770914586e-08,4.053274222663189e-09,2.3994644736813353e-10,1.4204392410133928e-11,8.408741448524821e-13,4.977821698145598e-14,2.946779730381188e-15,1.7444398988055985e-16,1.0326766297361652e-17,6.113257454919558e-19,3.6189370064158046e-20,2.1423447569456417e-21,1.2682290544090068e-22,7.507684882335561e-24,4.444412631653207e-25,2.631011283767906e-26,1.5575107329175143e-27,9.2201797009368e-29,5.4581783560697445e-30,3.231142117939556e-31,1.9127772500715093e-32,1.132329273936185e-33,6.703182948066298e-35,3.968162147663334e-36,2.3490796763484578e-37,1.390612359195748e-38,8.23217174376127e-40,4.873295650699893e-41,2.884902215157088e-42,1.707809537437562e-43,1.010992123351358e-44,5.984889128866667e-46,3.5429452967536107e-47,2.0973590496847743e-48,1.2415983355219549e-49,7.350035879658182e-51,4.3510872950350675e-52,2.5757643852339974e-53,1.5248055757949123e-54,9.0265711308996e-56,5.343565610895236e-57,3.163293461478157e-58,1.8726120819079884e-59,1.1085522263461304e-60,6.562427159419262e-62,3.88483728589229e-63,2.299752876677189e-64,1.3614117927130205e-65,8.059309711641874e-67,4.770964477891574e-68,2.824324025719321e-69,1.6719483532563566e-70,9.897629558438101e-72,5.859216325987024e-73,3.4685492876872596e-74,2.0533179680968893e-75,1.2155268178186208e-76,7.195697246080616e-78,4.259721636596452e-79,2.5216775804695485e-80,1.4927871730424907e-81,8.837028021580981e-83,5.231359544377908e-84,3.0968695149229285e-85,1.8332903160452618e-86,1.085274457548136e-87,6.424627010233554e-89,3.803262108819307e-90,2.2514618584612378e-91,1.3328243899759463e-92,7.890077497154883e-94,4.670782090972496e-95,2.7650178783688993e-96,1.6368401948093943e-97,9.689795658479285e-99
Sm165,92321.87256119448,989.038072873985,10.595499012933253,0.11350887535284326,0.0012160130229015463,1.3027066537921768e-05,1.3955809632573397e-07,1.4950765925211852e-09,1.601665597592842e-11,1.7158536889313802e-13,1.8381826307839938e-15,1.969232811580994e-17,2.1096259975828697e-19,2.2600282828440327e-21,2.421153249489334e-23,2.5937653532972636e-25,2.7786835506526735e-27,2.976785184077081e-29,3.1890101447714103e-31,3.4163653319203136e-33,3.6599294299151934e-35,3.92085802616141e-37,4.200389093751072e-39,4.499848865013871e-41,4.820658123812998e-43,5.164338946439843e-45,5.532521923089594e-47,5.9269538941799914e-49,6.34950623821802e-51,6.802183750536398e-53,7.287134155024767e-55,7.806658293984066e-57,8.363221044449544e-59,8.959463012775036e-61,9.598213062963154e-63,1.0282501738181987e-64,1.1015575639146602e-66,1.1800912827583373e-68,1.2642239327858726e-70,1.354354680506419e-72,1.4509111503431136e-74,1.5543514534928358e-76,1.665166361430159e-78,1.7838816343676654e-80,1.9110605157199615e-82,2.0473064044063812e-84,2.1932657176710724e-86,2.3496309580030742e-88,2.5171439987074125e-90,2.6965996037154958e-92,2.8888491983345615e-94,3.094804908826476e-96,3.315443889981558e-98,3.551812961219644e-100,3.8050335732142445e-102,4.0763071286039547e-104,4.3669206820351555e-106,4.678253046579793e-108,5.0117813355000884e-110,5.369087970397507e-112,5.751868188996077e-114,6.161938088180667e-116,6.601243240450319e-118,7.071867924667368e-120,7.576045014897454e-122,8.116166574258005e-124,8.694795204037542e-126,9.314676201931656e-128,9.978750587080235e-130,1.0690169053703053e-131,1.145230691953674e-133,1.2268780139995754e-135,1.3143462464036295e-137,1.4080503813119162e-139,1.5084349970470293e-141,1.6159763674054386e-143,1.7311847213337073e-145,1.8546066637045942e-147,1.986827768678341e-149,2.1284753579533768e-151,2.2802214770877888e-153,2.442786084012677e-155,2.6169404648653145e-157,2.803510893348428e-159,3.003382550977447e-161,3.2175037268152777e-163
Sn133,49891503804387.21,4646319426606.721,432697534710.0566,40295799611.19734,3752624722.934513,349470476.99895185,32545117.967024133,3030827.4180502347,282251.6989280097,26285.238503945544,2447.8639662166333,227.96209348461466,21.22941339187523,1.9770304179696798,0.18411480342990827,0.017146049212963397,0.0015967591857722764,0.00014870130522082417,1.384809830524454e-05,1.2896310922552754e-06,1.2009940408075165e-07,1.1184490624623162e-08,1.0415774456980181e-09,9.699892572652237e-11,9.03321364240377e-12,8.412355920246853e-13,7.834170089447896e-14,7.29572328753763e-15,6.794284229290979e-16,6.327309352212604e-17,5.892429914250865e-18,5.487439978292978e-19,5.110285222492347e-20,4.759052519668275e-21,4.431960232919244e-22,4.1273491782239776e-23,3.8436742081879004e-24,3.579496374243326e-25,3.3334756275458884e-26,3.104364021542401e-27,2.890999381729917e-28,2.6922994104957315e-29,2.507256197134957e-30,2.3349311051976025e-31,2.1744500112310745e-32,2.0249988707665436e-33,1.885819589057463e-34,1.7562061756245062e-35,1.6355011631007484e-36,1.5230922722115576e-37,1.4184093059722659e-38,1.3209212573493206e-39,1.2301336157134791e-40,1.1455858584219468e-41,1.0668491148054467e-42,9.935239907107435e-44,9.252385425635458e-45,8.616463906751815e-46,8.024249622227294e-47,7.472738549901014e-48,6.959133135700808e-49,6.480828102978456e-50,6.035397237176967e-51,5.62058107879497e-52,5.234275462220369e-53,4.874520842296291e-54,4.539492354477955e-55,4.227490558160433e-56,3.9369328162225484e-57,3.666345267059446e-58,3.41435534838178e-59,3.179684834858257e-60,2.961143354284832e-61,2.7576223493911476e-62,2.568089454655314e-63,2.391583259603316e-64,2.2272084320296817e-65,2.0741311764018987e-66,1.931575004411169e-67,1.7988167962155276e-68,1.6751831323958846e-69,1.560046878018729e-70,1.4528240014780844e-71,1.3529706119801973e-72,1.2599802006435133e-73,1.1733810712193827e-74
Sn134,6408008207303.369,236182146303.86063,8705042486.415346,320844593.3622949,11825473.94231118,435855.3544406233,16064.463117613834,592.0931626235916,21.822971029839188,0.8043363690587988,0.029645688192780403,0.001092660809869847,4.027255625376852e-05,1.4843387559641132e-06,5.470875820679797e-08,2.016418565171688e-09,7.431979747374022e-11,2.7392290429876435e-12,1.0096065927249342e-13,3.7211399852927506e-15,1.3715127149449086e-16,5.055029197208679e-18,1.8631486173030992e-19,6.867067695821155e-21,2.5310175635505394e-22,9.328654078799325e-24,3.4382924944946396e-25,1.2672626916850729e-26,4.670791482424297e-28,1.721528868121128e-29,6.3450951619792135e-31,2.3386324423657168e-32,8.619573955734721e-34,3.1769445181912704e-35,1.1709368146845081e-36,4.3157600522533124e-38,1.5906737746258285e-39,5.862798271097834e-41,2.1608707024589696e-42,7.964391706541113e-44,2.935461857252208e-45,1.0819327618335932e-46,3.9877149084287755e-48,1.4697651048070318e-49,5.417161238739565e-51,1.9966208063128046e-52,7.359010501095489e-54,2.7123345296217155e-55,9.996939941155263e-57,3.684604796923917e-58,1.358046821270172e-59,5.005397513192513e-61,1.844855705463893e-62,6.799644913340529e-64,2.5061673284573634e-65,9.237062755886544e-67,3.404534381537321e-68,1.2548203537626898e-69,4.624932351266548e-71,1.7046264184073922e-72,6.282797251156919e-74,2.315671097953796e-75,8.534944578883424e-77,3.1457523924265406e-78,1.1594402310403643e-79,4.273386718520398e-81,1.5750560966510703e-82,5.8052356854252815e-84,2.139654672299653e-85,7.886195091420044e-87,2.90664067548316e-88,1.0713100447597339e-89,3.948562413248156e-91,1.4553345418144348e-92,5.363974041519399e-94,1.9770174273622524e-95,7.286757687192141e-97,2.6857040740756566e-98,9.898787201590093e-100,3.648428321206162e-101,1.3447131394885411e-102,4.956253126867855e-104,1.8267423985260122e-105,6.732884106509318e-107,2.4815610798908287e-108,9.14637070208185e-110
Sn135,226886713255.25272,328022356.60311586,474239.61010185204,685.6337784978293,0.9912577275361892,0.0014331147519496387,2.071931280032008e-06,2.995502783943103e-09,4.330759912303778e-12,6.261213148775262e-15,9.052173495699975e-18,1.3087215376509172e-20,1.8920893020057383e-23,2.735495538027493e-26,3.9548534155528094e-29,5.717744855028351e-32,8.266452075982544e-35,1.1951255548666367e-37,1.727857463838883e-40,2.49805671310985e-43,3.611575302078895e-46,5.221449174525881e-49,7.548930647095621e-52,1.0913896125367148e-54,1.5778808178762595e-57,2.2812273882972311e-60,3.298093454308989e-63,4.768231562165749e-66,6.893689504379803e-69,9.96657867035534e-72,1.440922024835503e-74,2.0832186754635028e-77,3.0118215802103154e-80,4.3543528760859985e-83,6.29532276880571e-86,9.101487612796981e-89,1.3158511454943543e-91,1.9023969605411654e-94,2.7503978758300923e-97,3.9763985289478155e-100,5.748893787320215e-103,8.311485767155801e-106,1.201636318451355e-108,1.7372704258572533e-111,2.5116655399097147e-114,3.631250316862477e-117,5.249894404406977e-120,7.590055449891891e-123,1.0973352470494304e-125,1.5864767423196993e-128,2.293654979814885e-131,3.316060693544966e-134,4.794207768842987e-137,6.931244707183996e-140,1.0020874252277222e-142,1.4487718299120635e-145,2.094567561976711e-148,3.0282292774503707e-151,4.3780743687987845e-154,6.329618210042219e-157,9.15107038163232e-160,1.323019593768352e-162,1.912760772781589e-165,2.7653813980721873e-168,3.998061015065008e-171,5.7802124116860655e-174,8.356764791311327e-177,1.2081825511483214e-179,1.7467346674839358e-182,2.525348504404656e-185,3.651032516509832e-188,5.2784945972257506e-191,7.631404290963784e-194,1.1033132719838187e-196,1.595119495342454e-199,2.3061502739349627e-202,3.334125814084244e-205,4.8203254877988145e-208,6.969004501920635e-211,1.0075465623788833e-213,1.4566643988847078e-216,2.105978274560603e-219,3.044726359974895e-222,4.4019250906375824e-225,6.364100484795113e-228,9.200923265757586e-231
Sn136,5670966170.883874,5408.2547863806585,0.005157713686352412,4.918779074051296e-09,4.690913270999237e-15,4.473603507041204e-21,4.2663607664501226e-27,4.0687186874867654e-33,3.880232512938276e-39,3.700478089273716e-45,3.529050912164417e-51,3.3655652162212534e-57,3.209653106900457e-63,3.0609637326244896e-69,2.9191624952549835e-75,2.7839302971410594e-81,2.6549628230486483e-87,2.5319698553549273e-93,2.414674620966842e-99,2.302813168494074e-105,2.1961337742748965e-111,2.0943963759182897e-117,1.9973720320876023e-123,1.9048424073101066e-129,1.8165992806531015e-135,1.732444077160932e-141,1.6521874209985085e-147,1.5756487092957578e-153,1.502655705734022e-159,1.4330441529598445e-165,1.3666574029539533e-171,1.3033460645236524e-177,1.2429676671253704e-183,1.1853863402608589e-189,1.130472507725581e-195,1.0781025960212527e-201,1.0281587562763717e-207,9.80528599048969e-214,9.351049414148035e-220,8.917855657718691e-226,8.504729898184482e-232,8.110742471870882e-238,7.735006782408602e-244,7.376677305611231e-250,7.034947686778289e-256,6.709048926142014e-262,6.398247648374571e-268,6.101844452261516e-274,5.81917233682777e-280,5.549595200374384e-286,5.292506409048446e-292,5.047327431724974e-298,4.813506538128828e-304,4.59051755726704e-310,4.37785867e-316,4.2e-322,0.0,0.0,0.0,0.0,0.0,0.0,0.0,0.0,0.0,0.0,0.0,0.0,0.0,0.0,0.0,0.0,0.0,0.0,0.0,0.0,0.0,0.0,0.0,0.0,0.0,0.0,0.0,0.0,0.0,0.0
Sn137,6711066102.66833,80.34327401393989,9.618504095366446e-07,1.1515042443568981e-14,1.378553267353402e-22,1.6503709128680632e-30,1.9757844796741677e-38,2.3653617981774243e-46,2.8317544215145483e-54,3.3901084857064588e-62,4.058556581580994e-70,4.858806612043234e-78,5.816846757878304e-86,6.963789445904835e-94,8.336881727409301e-102,9.980714878977814e-110,1.1948672507604874e-117,1.4304664187402845e-125,1.712520092789643e-133,2.050187987489353e-141,2.454435893478273e-149,2.938391792340836e-157,3.5177721888104514e-165,4.211392505459621e-173,5.041778114983313e-181,6.035895853395512e-189,7.226029770085928e-197,8.650829554786645e-205,1.0356565689194526e-212,1.2398632084393967e-220,1.484334500234503e-228,1.7770096681549395e-236,2.1273933606052062e-244,2.546864314726117e-252,3.049044881751457e-260,3.650243413903457e-268,4.36998387937528e-276,5.231639904687431e-284,6.2631938349920535e-292,7.498145462866333e-300,8.976599936631893e-308,1.07465702e-315,1.5e-323,0.0,0.0,0.0,0.0,0.0,0.0,0.0,0.0,0.0,0.0,0.0,0.0,0.0,0.0,0.0,0.0,0.0,0.0,0.0,0.0,0.0,0.0,0.0,0.0,0.0,0.0,0.0,0.0,0.0,0.0,0.0,0.0,0.0,0.0,0.0,0.0,0.0,0.0,0.0,0.0,0.0,0.0,0.0
Sr100,3085130465615.948,505553.8311586169,0.01788668626404649,6.328377430652889e-10,2.2390039336295024e-17,7.921680825366305e-25,2.802720716852487e-32,9.916132181847762e-40,3.5083651701944494e-47,1.2412729017434243e-54,4.391670598295062e-62,1.5537897119030115e-69,5.497366923996784e-77,1.9449892649913667e-84,6.881445778011285e-92,2.4346816122874375e-99,8.613995873006248e-107,3.0476644061255815e-114,1.0782752243324718e-121,3.8149786343678335e-129,1.3497539081168294e-136,4.7754805126937397e-144,1.689583115112842e-151,5.977809134151716e-159,2.114971540891679e-166,7.482849516265931e-174,2.6474605355433967e-181,9.366815772552593e-189,3.3140149414514964e-196,1.172511053793346e-203,4.148388572640068e-211,1.4677156086448103e-218,5.1928334825410615e-226,1.8372441785433937e-233,6.500239576216568e-241,2.299809412470764e-248,8.136812915390469e-256,2.878835266133457e-263,1.018542834364281e-270,3.603643173470596e-278,1.274982620618654e-285,4.510936862025792e-293,1.59598656829608e-300,5.646661002117425e-308,1.997810076e-315,7e-323,0.0,0.0,0.0,0.0,0.0,0.0,0.0,0.0,0.0,0.0,0.0,0.0,0.0,0.0,0.0,0.0,0.0,0.0,0.0,0.0,0.0,0.0,0.0,0.0,0.0,0.0,0.0,0.0,0.0,0.0,0.0,0.0,0.0,0.0,0.0,0.0,0.0,0.0,0.0,0.0
Sr101,1614267213958.5913,0.2835346307007517,4.9784920736263826e-14,8.741571802324108e-27,1.534904072259101e-39,2.695087982245027e-52,4.732217057285558e-65,8.309145536172862e-78,1.4589757550323437e-90,2.5617679272863253e-103,4.4981247225231635e-116,7.898110443129382e-129,1.3868034441001045e-141,2.4350429212355935e-154,4.275612418966247e-167,7.50740834906611e-180,1.318201338119755e-192,2.3145867215773205e-205,4.0641073080259206e-218,7.13603342539436e-231,1.2529928269310548e-243,2.200089224293275e-256,3.8630648881741196e-269,6.783029599646096e-282,1.1910100368886496e-294,2.0912556655266744e-307,3.672e-320,0.0,0.0,0.0,0.0,0.0,0.0,0.0,0.0,0.0,0.0,0.0,0.0,0.0,0.0,0.0,0.0,0.0,0.0,0.0,0.0,0.0,0.0,0.0,0.0,0.0,0.0,0.0,0.0,0.0,0.0,0.0,0.0,0.0,0.0,0.0,0.0,0.0,0.0,0.0,0.0,0.0,0.0,0.0,0.0,0.0,0.0,0.0,0.0,0.0,0.0,0.0,0.0,0.0,0.0,0.0,0.0,0.0,0.0,0.0
Sr102,61923728987.8663,9.508135506668902e-12,1.4599149663744334e-33,2.2416084705031317e-55,3.441850142484706e-77,5.284746448456735e-99,8.114398904164453e-121,1.2459153947704148e-142,1.9130254616016586e-164,2.9373314047625273e-186,4.51008936084969e-208,6.924961211346198e-230,1.063284647859277e-251,1.6326073285736808e-273,2.506766833019535e-295,3.8489843e-317,0.0,0.0,0.0,0.0,0.0,0.0,0.0,0.0,0.0,0.0,0.0,0.0,0.0,0.0,0.0,0.0,0.0,0.0,0.0,0.0,0.0,0.0,0.0,0.0,0.0,0.0,0.0,0.0,0.0,0.0,0.0,0.0,0.0,0.0,0.0,0.0,0.0,0.0,0.0,0.0,0.0,0.0,0.0,0.0,0.0,0.0,0.0,0.0,0.0,0.0,0.0,0.0,0.0,0.0,0.0,0.0,0.0,0.0,0.0,0.0,0.0,0.0,0.0,0.0,0.0,0.0,0.0,0.0,0.0,0.0
Sr103,736395468.0356869,5.401975403117538e-14,3.9627264863168234e-36,2.9069368209811517e-58,2.1324413154313276e-80,1.56429473490369e-102,1.1475195119976614e-124,8.417857588048609e-147,6.175086840075626e-169,4.529857755803949e-191,3.32296724228187e-213,2.4376287045946428e-235,1.7881710135015914e-257,1.311748408402104e-279,9.622591317907663e-302,5e-324,0.0,0.0,0.0,0.0,0.0,0.0,0.0,0.0,0.0,0.0,0.0,0.0,0.0,0.0,0.0,0.0,0.0,0.0,0.0,0.0,0.0,0.0,0.0,0.0,0.0,0.0,0.0,0.0,0.0,0.0,0.0,0.0,0.0,0.0,0.0,0.0,0.0,0.0,0.0,0.0,0.0,0.0,0.0,0.0,0.0,0.0,0.0,0.0,0.0,0.0,0.0,0.0,0.0,0.0,0.0,0.0,0.0,0.0,0.0,0.0,0.0,0.0,0.0,0.0,0.0,0.0,0.0,0.0,0.0,0.0
Sr104,46538098.22244109,4.616584232863973e-28,4.57965640909044e-63,4.543023969111511e-98,4.506684550167103e-133,4.47063580839679e-168,4.434875418688575e-203,4.399401074528899e-238,4.364210487853877e-273,4.3293013889017185e-308,0.0,0.0,0.0,0.0,0.0,0.0,0.0,0.0,0.0,0.0,0.0,0.0,0.0,0.0,0.0,0.0,0.0,0.0,0.0,0.0,0.0,0.0,0.0,0.0,0.0,0.0,0.0,0.0,0.0,0.0,0.0,0.0,0.0,0.0,0.0,0.0,0.0,0.0,0.0,0.0,0.0,0.0,0.0,0.0,0.0,0.0,0.0,0.0,0.0,0.0,0.0,0.0,0.0,0.0,0.0,0.0,0.0,0.0,0.0,0.0,0.0,0.0,0.0,0.0,0.0,0.0,0.0,0.0,0.0,0.0,0.0,0.0,0.0,0.0,0.0,0.0
Sr105,3.2642735751331807e-11,2.7716843765789793e-38,2.353428444813652e-65,1.9982886549637356e-92,1.6967405817485764e-119,1.4406970657623836e-146,1.2232913255114812e-173,1.0386927985306565e-200,8.819507726569915e-228,7.488616138386621e-255,6.358560296869874e-282,5.399033453147543e-309,0.0,0.0,0.0,0.0,0.0,0.0,0.0,0.0,0.0,0.0,0.0,0.0,0.0,0.0,0.0,0.0,0.0,0.0,0.0,0.0,0.0,0.0,0.0,0.0,0.0,0.0,0.0,0.0,0.0,0.0,0.0,0.0,0.0,0.0,0.0,0.0,0.0,0.0,0.0,0.0,0.0,0.0,0.0,0.0,0.0,0.0,0.0,0.0,0.0,0.0,0.0,0.0,0.0,0.0,0.0,0.0,0.0,0.0,0.0,0.0,0.0,0.0,0.0,0.0,0.0,0.0,0.0,0.0,0.0,0.0,0.0,0.0,0.0,0.0
Sr96,1292574687355172.8,53984028806860.61,2116328581888.665,82966138007.12498,3252510085.023744,127507705.03832148,4998667.004600818,195962.05433526819,7682.273434888518,301.1671077269993,11.8066126577493,0.4628530104173441,0.01814516283904561,0.0007113423204455488,2.788665504660043e-05,1.0932366981919418e-06,4.285800775591107e-08,1.6801565771104767e-09,6.586694695854713e-11,2.5821728526643097e-12,1.0122856681413752e-13,3.96844956706563e-15,1.5557458197801877e-16,6.0989689168538165e-18,2.3909703870523446e-19,9.373288288064027e-21,3.6745973018709233e-22,1.4405473208491188e-23,5.647357827615555e-25,2.2139259135431816e-26,8.679223276219288e-28,3.402503950907271e-29,1.33387893910509e-30,5.229187239337935e-32,2.0499910735827537e-33,8.036551780274448e-35,3.1505583292202205e-36,1.235109043928779e-37,4.841980979200698e-39,1.8981951365496814e-40,7.441468258340122e-42,2.9172685554625647e-43,1.143652775129752e-44,4.483446227851981e-46,1.7576392516303368e-47,6.890448957947537e-49,2.7012532178056875e-50,1.0589685797308451e-51,4.1514599426118317e-53,1.6274911253260336e-54,6.3802310503533085e-56,2.501233193989776e-57,9.805550051937168e-59,3.844056285998497e-60,1.5069800930754803e-61,5.907793309888781e-63,2.316024077075749e-64,9.079477300967985e-66,3.5594149851360406e-67,1.3953925558093836e-68,5.470338223947849e-70,2.1445291620484123e-71,8.40716814682994e-73,3.2958505531143934e-74,1.2920677544150685e-75,5.065275427678815e-77,1.985732951741527e-78,7.784641549964194e-80,3.0518023084766264e-81,1.19639385708981e-82,4.690206365289523e-84,1.838695143630366e-85,7.20821125532969e-87,2.8258251337344534e-88,1.1078043364144031e-89,4.342910087138747e-91,1.7025450618850157e-92,6.674463964458411e-94,2.6165809181890864e-95,1.025774614693989e-96,4.021330098512032e-98,1.576476501714071e-99,6.180239123806912e-101,2.4228306343865296e-102,9.498189577017467e-104,3.723562182207844e-105
Sr97,622511957772235.9,198372099888.78033,61513796.17769086,19074.994496761137,5.915021306769362,0.0018342064038590563,5.687744739156442e-07,1.7637295426369936e-10,5.469200961419836e-14,1.695960657985763e-17,5.259054428105715e-21,1.6307956996258635e-24,5.056982486633339e-28,1.5681346152668451e-31,4.862674881904121e-35,1.5078811969900637e-38,4.675833279945406e-42,1.4499429335339788e-45,4.4961708098575895e-49,1.3942308682551823e-52,4.323411623361281e-56,1.3406594625470798e-59,4.1572904712682527e-63,1.289146464506521e-66,3.997552296225942e-70,1.2396127826467359e-73,3.8439518411101544e-77,1.1919823644626777e-80,3.6962532724647614e-84,1.146182079662323e-87,3.5542298184101834e-91,1.1021416078846525e-94,3.4176634204647846e-98,1.0597933307319172e-101,3.2863443987445255e-105,1.0190722279504023e-108,3.1600711300268305e-112,9.799157776003174e-116,3.0386497381844716e-119,9.42263860061515e-123,2.9218937965140554e-126,9.060586657276607e-130,2.8096240415021516e-133,8.712446062471216e-137,2.701668097589564e-140,8.377682291743122e-144,2.597860212511152e-147,8.055781359004324e-151,2.498041002804843e-154,7.746249027376162e-158,2.4020572090991375e-161,7.448610050353019e-165,2.3097614608033318e-168,7.162407442123376e-172,2.221012049839216e-175,6.887201775927706e-179,2.1356727130668028e-182,6.6225705093760446e-186,2.053612423070061e-189,6.368107335689252e-193,1.9747051869814174e-196,6.123421559868001e-200,1.8988298530361395e-203,5.888137498831569e-207,1.8258699245596204e-210,5.661893904605494e-214,1.7557133811019234e-217,5.444343409672449e-221,1.6882525064450164e-224,5.235151993634731e-228,1.6233837232185562e-231,5.033998470369566e-235,1.5610074338703624e-238,4.840573994889672e-242,1.501027867747365e-245,4.654581589152125e-249,1.4433529340522772e-252,4.475735686087314e-256,1.3878940804501758e-259,4.303761691147959e-263,1.3345661571079558e-266,4.138395560705004e-270,1.2832872859578674e-273,3.9793833966431213e-277,1.233978734984431e-280,3.826481056533231e-284
Sr98,292537403564060.4,1457077562601.0378,7219475961.708564,35770802.11752253,177235.89508678642,878.1620944369803,4.351086238644427,0.021558606977062522,0.00010681781727595635,5.292571129358879e-07,2.6223442749216515e-09,1.2993097925634077e-11,6.437773839217218e-14,3.189765230903316e-16,1.5804535049520835e-18,7.830774682461382e-21,3.879964322603545e-23,1.922430890317045e-25,9.525192039820758e-28,4.719508194154211e-30,2.338405094781469e-32,1.1586246198434417e-34,5.74071196091374e-37,2.8443874964983217e-39,1.409326976396188e-41,6.98288305951001e-44,3.45985400403521e-46,1.714276127384904e-48,8.493834241255099e-51,4.20849470895764e-53,2.0852099549222315e-55,1.0331723945979992e-57,5.119125747695627e-60,2.536406175555697e-62,1.2567294894627366e-64,6.226798471420886e-67,3.0852319078042217e-69,1.5286597066889235e-71,7.574148617299173e-74,3.752812154720388e-76,1.8594299874774687e-78,9.213037412441624e-81,4.564842932225626e-83,2.2617721021896784e-85,1.1206547778741111e-87,5.552580341565965e-90,2.7511727124415324e-92,1.3631412475066083e-94,6.75404365654983e-97,3.3464694724792186e-99,1.6580967639104726e-101,8.215478733931454e-104,4.070576114538767e-106,2.0168745414455327e-108,9.99313807547373e-111,4.951364427650975e-113,2.4532843947765927e-115,1.2155446058551767e-117,6.022737078381692e-120,2.9841242962691676e-122,1.4785632677786975e-124,7.325932567747267e-127,3.629826951389744e-129,1.798493717378958e-131,8.911112553762842e-134,4.415246279623106e-136,2.187650486076945e-138,1.0839292637694546e-140,5.37061407356124e-143,2.6610127146884484e-145,1.318469093244341e-147,6.532703659193462e-150,3.2368007196760865e-152,1.603758481245592e-154,7.946245348167608e-157,3.937177316389574e-159,1.9507785805112608e-161,9.665648164587217e-164,4.78910089412113e-166,2.372886637659985e-168,1.175709411780644e-170,5.825363078923703e-173,2.8863301306648744e-175,1.430108563245662e-177,7.085850925158902e-180,3.510872155021871e-182
Sr99,48180521695285.13,141326963.11024657,376.3530824848633,0.0010022266068603367,2.668925055341306e-09,7.107335708581146e-15,1.892680379817291e-20,5.0401995445638744e-26,1.3422029265963122e-31,3.5742805026573386e-37,9.51829329121916e-43,2.534717325915288e-48,6.749941114151391e-54,1.7975063561795365e-59,4.786751537331068e-65,1.2747098335074144e-70,3.394546691985772e-76,9.039662942244433e-82,2.4072582740520385e-87,6.4105182184516355e-93,1.707118188025884e-98,4.546048242247522e-104,1.210610651670265e-109,3.223850852081888e-115,8.585100669756805e-121,2.2862085403939345e-126,6.088163309001967e-132,1.6212752171195655e-137,4.317448787484954e-143,1.1497347171982713e-148,3.06173850576472e-154,8.153396203018019e-160,2.1712458303745556e-165,5.782018116786558e-171,1.5397488867983575e-176,4.1003445276549986e-182,1.0919199480916434e-187,2.9077780293802105e-193,7.743400130131733e-199,2.0620640561103817e-204,5.491267531114988e-210,1.4623221334431508e-215,3.8941574232926424e-221,1.037012412694547e-226,2.761559503604459e-232,7.354020837737464e-238,1.958372521442618e-243,5.215137429392245e-249,1.3887888085466516e-254,3.6983385018277364e-260,9.84865919852491e-266,2.6226936220346907e-271,6.984221604593324e-277,1.8598951479595624e-282,4.952892616019656e-288,1.3189531298436084e-293,3.5123663959472033e-299,9.353416296788307e-305,2.4908106546621e-310,6.63301785e-316,1.77e-321,0.0,0.0,0.0,0.0,0.0,0.0,0.0,0.0,0.0,0.0,0.0,0.0,0.0,0.0,0.0,0.0,0.0,0.0,0.0,0.0,0.0,0.0,0.0,0.0,0.0
Tb169,1474597.8864039609,273217.5455078842,48690.46367500433,8619.588288523899,1524.125114575213,269.44176291422554,47.63139823353332,8.420132853665097,1.4884836248790245,0.26312922761706875,0.046515115650595525,0.008222788437193576,0.001453597366398617,0.0002569621387347217,4.5424917702220006e-05,8.030066835530777e-06,1.4195286781965864e-06,2.5093958861040623e-07,4.4360271193645554e-08,7.841862144075258e-09,1.3862584748014234e-09,2.450581920023518e-10,4.332057733754448e-11,7.658068500073494e-12,1.353768041798265e-12,2.393146406272967e-13,4.230525130619578e-14,7.478582519603021e-15,1.3220391033186182e-15,2.337057037375944e-16,4.131372197870682e-17,7.303303241799825e-18,1.291053811834588e-18,2.2822822630624454e-19,4.0345431619830877e-20,7.132132072070142e-21,1.2607947381197149e-21,2.2287912725219194e-22,3.939983556624109e-23,6.964972726630998e-24,1.231244861445034e-24,2.176553977072187e-25,3.8476401920157315e-26,6.801731178350584e-27,1.202387560004916e-27,2.1255409932345575e-28,3.757461125015363e-29,6.642315603857992e-30,1.1742066015673009e-30,2.0757236262056226e-31,3.669395629897815e-32,6.48663633189257e-33,1.1466861343430673e-33,2.0270738537164283e-34,3.583394169822085e-35,6.334605792863838e-36,1.1198106780694016e-36,1.9795643102699495e-37,3.49940836896688e-38,6.186138469593592e-39,1.09356511530215e-39,1.9331682717479976e-40,3.417390985319219e-41,6.041150849212492e-42,1.0679346829122559e-42,1.887859640378904e-43,3.3372958841007996e-44,5.899561376184075e-45,1.0429049637814999e-45,1.8436129300575233e-46,3.259078011817187e-47,5.76129040642976e-48,1.018461878692871e-48,1.8004032520093e-49,3.182693370915222e-50,5.626260162529063e-51,9.945916784110068e-52,1.758206300790332e-52,3.1080989950343963e-53,5.494394689969788e-54,9.712809359482488e-55,1.7169983406155587e-55,3.0352529248382776e-56,5.365619814423621e-57,9.485165390119618e-58,1.6767561920073816e-58
Tb170,82137.99183243506,25871.846226444544,8149.120915085187,2566.8122447636006,808.4951945763931,254.6600285964123,80.21288264886256,25.26547483051232,7.9581258936379005,2.5066525827769612,0.7895460884535115,0.24869143417618483,0.07833289321178015,0.024673315264172258,0.007771607318005786,0.0024479029128681327,0.0007710411020053845,0.00024286272868768107,7.649696602712931e-05,2.4095034437668306e-05,7.589460271490049e-06,2.390530188347794e-06,7.529698261771357e-07,2.3717063348406429e-07,7.47040683858687e-08,2.3530307068035557e-08,7.41158229637704e-09,2.334502137058406e-09,7.353220958761134e-10,2.3161194676178298e-10,7.295319178307537e-11,2.297881549612861e-11,7.2378733363057415e-12,2.2797872432211114e-12,7.180879842540204e-13,2.2618354175955477e-13,7.124335135065986e-14,2.244024950793819e-14,7.068235679986102e-15,2.2263547297081253e-15,7.012577971230698e-16,2.208823649995661e-16,6.957358530337901e-17,2.1914306160095987e-17,6.902573906236459e-18,2.1741745407306008e-18,6.848220675030015e-19,2.1570543456989011e-19,6.794295439783154e-20,2.1400689609468867e-20,6.7407948303090864e-21,2.1232173249322416e-21,6.68771550295904e-22,2.106498384471595e-22,6.635054140413268e-23,2.0899110946747052e-23,6.582807451473754e-24,2.0734544188791532e-24,6.530972170858472e-25,2.0571273285855545e-25,6.479545058997374e-26,2.0409288033932797e-26,6.4285229018298766e-27,2.0248578309366867e-27,6.37790251060402e-28,2.0089134068218434e-28,6.327680721677167e-29,1.9930945345637618e-29,6.277854396318278e-30,1.9774002255241197e-30,6.228420420511774e-31,1.9618294988494678e-31,6.179375704762896e-32,1.946381381409935e-32,6.130717183904602e-33,1.9310549077384084e-33,6.0824418169060634e-34,1.9158491199701935e-34,6.034546586682542e-35,1.900763067783151e-35,5.987028499906875e-36,1.885795808338301e-36,5.939884586822363e-37,1.8709464062209035e-37,5.89311190105721e-38,1.8562139333819943e-38
Tb171,10565.417711768476,10.317790734148897,0.010075967513817282,9.83981202521219e-06,9.609191430871279e-09,9.383976006710233e-12,9.164039069052962e-15,8.949256903372033e-18,8.739508694699251e-21,8.534676459667238e-24,8.334644980143787e-27,8.139301738421667e-30,7.948536853927409e-33,7.762243021413485e-36,7.580315450599107e-39,7.40265180722569e-42,7.229152155493838e-45,7.059718901849451e-48,6.894256740087355e-51,6.732672597741557e-54,6.57487558373199e-57,6.420776937238271e-60,6.270289977771749e-63,6.123330056417724e-66,5.979814508220433e-69,5.839662605684017e-72,5.702795513363298e-75,5.569136243518845e-78,5.4386096128113725e-81,5.311142200011106e-84,5.186662304698346e-87,5.065099906931978e-90,4.94638662786326e-93,4.830455691272715e-96,4.7172418860085105e-99,4.606681529305186e-102,4.498712430962096e-105,4.393273858361422e-108,4.290306502306076e-111,4.189752443658277e-114,4.091555120760036e-117,3.995659297617223e-120,3.902011032829319e-123,3.810557649247382e-126,3.7212477043431466e-129,3.634030961272604e-132,3.5488583606177775e-135,3.465681992790798e-138,3.384455071084764e-141,3.305131905356215e-144,3.2276678763244285e-147,3.1520194104730747e-150,3.078143955540112e-153,3.0059999565821407e-156,2.9355468325997467e-159,2.86674495371069e-162,2.799555618858096e-165,2.7339410340411093e-168,2.6698642910557708e-171,2.607289346734151e-174,2.5461810026700695e-177,2.4865048854199897e-180,2.4282274271679587e-183,2.3713158468437097e-186,2.3157381316833102e-189,2.2614630192219826e-192,2.2084599797089674e-195,2.1566991989345385e-198,2.1061515614595102e-201,2.056788634237803e-204,2.0085826506228545e-207,1.9615064947488813e-210,1.9155336862782044e-213,1.870638365506059e-216,1.8267952788145107e-219,1.7839797644672956e-222,1.7421677387375934e-225,1.701335682360931e-228,1.6614606273055967e-231,1.6225201438531218e-234,1.5844923279815643e-237,1.5473557890444964e-240,1.511089637738766e-243,1.4756734743542636e-246,1.4410873772990856e-249,1.4073118918936383e-252
Tc109,4877494866403.585,332366059513.75934,6265434901.696041,111888935.45925257,1989646.1485833197,35368.34308408516,628.6970173512206,11.175503382098347,0.19865189307258846,0.0035311674719633846,6.276881386269241e-05,1.1157567644746326e-06,1.9833307033394874e-08,3.5255001843154295e-10,6.2668074107255705e-12,1.113966049352247e-13,1.9801475899604497e-15,3.5198419918687526e-17,6.256749603179859e-19,1.1121782082072226e-20,1.9769695852657743e-22,3.514192880443227e-24,6.246707937743837e-26,1.1103932364278856e-27,1.973796681056478e-29,3.5085528354644175e-31,6.236682388510496e-33,1.1086111294090969e-34,1.9706288691466282e-36,3.502921842381293e-38,6.226672929614406e-40,1.1068318825531071e-41,1.967466141363426e-43,3.497299886666171e-45,6.216679535231663e-47,1.1050554912695467e-48,1.9643084895471837e-50,3.49168695381467e-52,6.206702179579779e-54,1.1032819509754106e-55,1.9611559055513115e-57,3.4860830293456916e-59,6.1967408369176516e-61,1.1015112570950496e-62,1.9580083812422967e-64,3.480488098801392e-66,6.186795481545533e-68,1.099743405060165e-69,1.954865908499684e-71,3.4749021477471186e-73,6.176866087804861e-75,1.0979783903097787e-76,1.9517284792160418e-78,3.469325161771388e-80,6.166952630078301e-82,1.0962162082902421e-83,1.9485960852969583e-85,3.463757126485856e-87,6.157055082789602e-89,1.09445685445521e-90,1.9454687186610075e-92,3.4581980275252516e-94,6.1471734204035845e-96,1.0927003242656363e-97,1.9423463712397366e-99,3.452647850547382e-101,6.137307617426036e-103,1.0909466131897578e-104,1.9392290349776434e-106,3.44710658123305e-108,6.127457648403657e-110,1.0891957167030843e-111,1.9361167018321473e-113,3.4415742052860545e-115,6.117623487924024e-117,1.0874476302883901e-118,1.9330093637735826e-120,3.436050708433128e-122,6.1078051106154514e-124,1.0857023494356924e-125,1.929907012785165e-127,3.4305360764239225e-129,6.098002491147021e-131,1.0839598696422556e-132,1.9268096408629814e-134,3.4250302950309554e-136
Tc110,4219095891132.2764,145903509700.23953,3373597034.865669,77993901.5849116,1803134.2427705564,41686.50408948191,963.7466706484713,22.28077564845176,0.515107318775595,0.011908721403719168,0.0002753166967390373,6.365022820974088e-06,1.4715241026563022e-07,3.402003803604668e-09,7.865063072258645e-11,1.8183171066729074e-12,4.2037515402528756e-14,9.718616707353742e-16,2.2468385631272007e-17,5.194446576883359e-19,1.2008995965665063e-20,2.776349356352195e-22,6.418617984846971e-24,1.483914722084229e-25,3.430649569139008e-27,7.931288969020437e-29,1.8336278142769506e-30,4.239148232302165e-32,9.800450012543462e-34,2.2657575339421814e-35,5.238185181338882e-37,1.211011486575882e-38,2.7997269471177357e-40,6.472664434075983e-42,1.4964096737820316e-43,3.459536539542721e-45,7.998072505226633e-47,1.8490674420602497e-48,4.2748429737951623e-50,9.882972375655746e-52,2.2848358074603434e-53,5.2822920763315164e-55,1.2212085213549417e-56,2.823301383337454e-58,6.527165968602359e-60,1.5090098362548266e-61,3.4886667458241583e-63,8.065418376347842e-65,1.8646370755645755e-66,4.310838274386455e-68,9.96618959873923e-70,2.3040747250522724e-71,5.326770362964289e-73,1.2314914178450082e-74,2.847074322501777e-76,6.582126420363834e-78,1.5217160954049735e-79,3.5180422360932984e-81,8.133331317391737e-83,1.8803378094722478e-84,4.347136664862606e-86,1.0050107532697411e-87,2.3234756393832772e-89,5.371623168452379e-91,1.2418608990242424e-92,2.8710474360576324e-94,6.637549653564059e-96,1.534529344594359e-97,3.547665075705735e-99,8.201816103235995e-101,1.89617074768309e-102,4.3837406973200356e-104,1.0134732077699862e-105,2.3430399145084284e-107,5.416853646342882e-109,1.2523176939584576e-110,2.8952224095259543e-112,6.693439564944242e-114,1.5474504847072035e-115,3.5775373474078826e-117,8.270877548963977e-119,1.9121370033920456e-120,4.420652945344478e-122,1.0220069183597124e-123,2.3627689259685244e-125,5.4624649767366226e-127
Tc111,1623296558423.257,12179230.017696869,78.6593552708597,0.0005076909535616436,3.276761410539457e-09,2.1148916742270414e-14,1.364990399131435e-19,8.809868865300868e-25,5.686013152200893e-30,3.669822107717791e-35,2.3685417833011213e-40,1.5286783134216603e-45,9.866208526523669e-51,6.367716351799148e-56,4.109759923026482e-61,2.652458507755323e-66,1.711907199847548e-71,1.1048704872156736e-76,7.130863404022921e-82,4.60227430076675e-87,2.9703153676251438e-92,1.9170451556688525e-97,1.237262568992262e-102,7.985299072056192e-108,5.153713884249611e-113,3.3262068328013325e-118,2.1467330736212885e-123,1.3855005736825436e-128,8.942012136097725e-134,5.771167724252465e-139,3.7247064047363834e-144,2.4039216812107852e-149,1.5514883246595908e-154,1.0013286586046583e-159,6.462562033261544e-165,4.170928591392274e-170,2.6919112714794897e-175,1.737355482619169e-180,1.1212865262506199e-185,7.23676530423986e-191,4.670596468837562e-196,3.0143951465849068e-201,1.945485492534219e-206,1.2556129704997408e-211,8.103704087613326e-217,5.230116234486452e-222,3.3755076380505e-227,2.178546520998167e-232,1.4060299508638458e-237,9.074491477778212e-243,5.856660030704597e-248,3.779877503238141e-253,2.4395258853258283e-258,1.5744654341614558e-263,1.0161570296069789e-268,6.558258294056261e-274,4.2326874927621564e-279,2.731768478532335e-284,1.7630781826951573e-289,1.1378873009214396e-294,7.343902929929148e-300,4.739740918439115e-305,3.05901972033785e-310,1.974285466e-315,1.274e-320,0.0,0.0,0.0,0.0,0.0,0.0,0.0,0.0,0.0,0.0,0.0,0.0,0.0,0.0,0.0,0.0,0.0,0.0,0.0,0.0,0.0
Tc112,247888493931.6567,1250478.0526750877,6.442487374369072,3.383149122992778e-05,1.8063825094406182e-10,9.780991231976818e-16,5.35724022136644e-21,2.9613551243095944e-26,1.648832311984752e-31,9.231915211627867e-37,5.19119572043829e-42,2.928567105382351e-47,1.6561814014003989e-52,9.383388867988674e-58,5.32364245339872e-63,3.0234538237098554e-68,1.7184189393541688e-73,9.77238998703005e-79,5.559747279720853e-84,3.164059216341488e-89,1.8010856781098775e-94,1.0254118815738953e-99,5.838714491505301e-105,3.324886100525764e-110,1.8935046310351957e-115,1.078395857799742e-120,6.141953160245423e-126,3.4982186838578523e-131,1.9924911771625343e-136,1.1348867155306532e-141,6.464181438677591e-147,3.6819526701272556e-152,2.097227556683066e-157,1.194579063253399e-162,6.804335405615593e-168,3.875766593595454e-173,2.2076505067566306e-178,1.2574873424501403e-183,7.162709915586827e-189,4.079917945360103e-194,2.323944408176971e-199,1.3237324611216594e-204,7.540060566066513e-210,4.294865294401718e-215,2.4463823317945895e-220,1.3934749602999364e-225,7.93732286007529e-231,4.521150375474611e-236,2.5752765874741402e-241,1.466894306489252e-246,8.355525674683175e-252,4.759362033621478e-257,2.710963760262934e-262,1.5441827156442005e-267,8.79576596899996e-273,5.0101259818600773e-278,2.8538006301583014e-283,1.6255435677258465e-288,9.259202864545661e-294,5.274102739672725e-299,3.0041635497463283e-304,1.711191284643303e-309,9.74705793e-315,5.552e-320,0.0,0.0,0.0,0.0,0.0,0.0,0.0,0.0,0.0,0.0,0.0,0.0,0.0,0.0,0.0,0.0,0.0,0.0,0.0,0.0,0.0,0.0
Tc113,50430502292.386185,19.787039732265725,7.748068708561708e-09,3.033933789548043e-18,1.188006274284827e-27,4.651910706167265e-37,1.8215621993394705e-46,7.132744060765176e-56,2.7929893283264983e-65,1.0936589511258691e-74,4.282472149989946e-84,1.6769000698581409e-93,6.566286354709488e-103,2.5711798375493826e-112,1.006804363973395e-121,3.9423731180235007e-131,1.5437265031685e-140,6.044814747974957e-150,2.366985684467909e-159,9.268474658140566e-169,3.6292835673784375e-178,1.4211291176023634e-187,5.564756601138521e-197,2.1790079202767605e-206,8.532404661971053e-216,3.341058499061291e-225,1.3082679896678775e-234,5.122823001364726e-244,2.0059586958153532e-253,7.854790782826711e-263,3.075723262432452e-272,1.2043698996733447e-281,4.7159862298275865e-291,1.846652438420757e-300,7.2309906393641e-310,2.83144e-319,0.0,0.0,0.0,0.0,0.0,0.0,0.0,0.0,0.0,0.0,0.0,0.0,0.0,0.0,0.0,0.0,0.0,0.0,0.0,0.0,0.0,0.0,0.0,0.0,0.0,0.0,0.0,0.0,0.0,0.0,0.0,0.0,0.0,0.0,0.0,0.0,0.0,0.0,0.0,0.0,0.0,0.0,0.0,0.0,0.0,0.0,0.0,0.0,0.0,0.0
Tc114,2526221064.455404,0.23372162943829122,2.1595621972744633e-11,1.9954117618875174e-21,1.8437385616882104e-31,1.7035941898230295e-41,1.5741023287712567e-51,1.4544532707642617e-61,1.3438988547130647e-71,1.2417477879850118e-81,1.1473613237767714e-91,1.0601492670544437e-101,9.795662840860578e-112,9.051084924901336e-122,8.363103104779694e-132,7.72741545588119e-142,7.140047047089999e-152,6.597325085693235e-162,6.095855951545344e-172,5.6325039768880976e-182,5.204371839137322e-192,4.808782444033011e-202,4.4432621858689427e-212,4.1055254801286617e-222,3.793460471810835e-232,3.5051158300789115e-242,3.2386885466622654e-252,2.9925126617128627e-262,2.7650488466205835e-272,2.5548747786489484e-282,2.360676247204176e-292,2.1812389361254545e-302,2.01544083061e-312,1.9e-322,0.0,0.0,0.0,0.0,0.0,0.0,0.0,0.0,0.0,0.0,0.0,0.0,0.0,0.0,0.0,0.0,0.0,0.0,0.0,0.0,0.0,0.0,0.0,0.0,0.0,0.0,0.0,0.0,0.0,0.0,0.0,0.0,0.0,0.0,0.0,0.0,0.0,0.0,0.0,0.0,0.0,0.0,0.0,0.0,0.0,0.0,0.0,0.0,0.0,0.0,0.0,0.0
Tc115,32310838.739733122,2.12830590914499e-13,5.891361059811673e-30,2.5696619202388163e-46,1.1208568148849722e-62,4.889047822914673e-79,2.132546128757943e-95,9.301919629350816e-112,4.0573897851061775e-128,1.7697865090490833e-144,7.719604113732412e-161,3.3672020533580365e-177,1.4687346010359929e-193,6.406450501326604e-210,2.7944196314976138e-226,1.2188935316494313e-242,5.316672645548913e-259,2.3190711318056286e-275,1.0115520124935183e-291,4.412272913694523e-308,0.0,0.0,0.0,0.0,0.0,0.0,0.0,0.0,0.0,0.0,0.0,0.0,0.0,0.0,0.0,0.0,0.0,0.0,0.0,0.0,0.0,0.0,0.0,0.0,0.0,0.0,0.0,0.0,0.0,0.0,0.0,0.0,0.0,0.0,0.0,0.0,0.0,0.0,0.0,0.0,0.0,0.0,0.0,0.0,0.0,0.0,0.0,0.0,0.0,0.0,0.0,0.0,0.0,0.0,0.0,0.0,0.0,0.0,0.0,0.0,0.0,0.0,0.0,0.0,0.0,0.0
Tc116,2265228.9763052203,4.2778293949682704e-11,8.07857595142683e-28,1.525619265689677e-44,2.881094586271019e-61,5.440876502885342e-78,1.0274961905351753e-94,1.940401369162536e-111,3.664400421267494e-128,6.92013037136783e-145,1.306849657553615e-161,2.4679535439307425e-178,4.6606697716109894e-195,8.801560618281235e-212,1.662153147797513e-228,3.1389354758232515e-245,5.927802702439098e-262,1.1194510097353413e-278,2.11405579116497e-295,3.992342540486e-312,0.0,0.0,0.0,0.0,0.0,0.0,0.0,0.0,0.0,0.0,0.0,0.0,0.0,0.0,0.0,0.0,0.0,0.0,0.0,0.0,0.0,0.0,0.0,0.0,0.0,0.0,0.0,0.0,0.0,0.0,0.0,0.0,0.0,0.0,0.0,0.0,0.0,0.0,0.0,0.0,0.0,0.0,0.0,0.0,0.0,0.0,0.0,0.0,0.0,0.0,0.0,0.0,0.0,0.0,0.0,0.0,0.0,0.0,0.0,0.0,0.0,0.0,0.0,0.0,0.0,0.0
Tc117,313760.1845788025,7.376466490088565e-33,1.7341989377155533e-70,4.077082109184298e-108,9.585173974865594e-146,2.2534635719372734e-183,5.297867397466387e-221,1.2455226394899317e-258,2.928209653234885e-296,0.0,0.0,0.0,0.0,0.0,0.0,0.0,0.0,0.0,0.0,0.0,0.0,0.0,0.0,0.0,0.0,0.0,0.0,0.0,0.0,0.0,0.0,0.0,0.0,0.0,0.0,0.0,0.0,0.0,0.0,0.0,0.0,0.0,0.0,0.0,0.0,0.0,0.0,0.0,0.0,0.0,0.0,0.0,0.0,0.0,0.0,0.0,0.0,0.0,0.0,0.0,0.0,0.0,0.0,0.0,0.0,0.0,0.0,0.0,0.0,0.0,0.0,0.0,0.0,0.0,0.0,0.0,0.0,0.0,0.0,0.0,0.0,0.0,0.0,0.0,0.0,0.0
Tc118,210.62493844916386,3.2976692113417654e-21,5.163026898667133e-44,8.08354175266542e-67,1.2656073375088156e-89,1.98151006299682e-112,3.10236991631722e-135,4.857254715685766e-158,7.604806650864633e-181,1.1906537248349757e-203,1.8641582324807943e-226,2.918636916209678e-249,4.5695914114145425e-272,7.154423885788097e-295,1.120139e-317,0.0,0.0,0.0,0.0,0.0,0.0,0.0,0.0,0.0,0.0,0.0,0.0,0.0,0.0,0.0,0.0,0.0,0.0,0.0,0.0,0.0,0.0,0.0,0.0,0.0,0.0,0.0,0.0,0.0,0.0,0.0,0.0,0.0,0.0,0.0,0.0,0.0,0.0,0.0,0.0,0.0,0.0,0.0,0.0,0.0,0.0,0.0,0.0,0.0,0.0,0.0,0.0,0.0,0.0,0.0,0.0,0.0,0.0,0.0,0.0,0.0,0.0,0.0,0.0,0.0,0.0,0.0,0.0,0.0,0.0,0.0
Te136,477539425735773.94,416194202296142.06,341471982827259.94,280122550144018.28,229794455419170.38,188508516945297.66,154640201371674.7,126856824645627.06,104065138407676.03,85368312363645.19,70030644914602.195,57448614027464.695,47127129240365.66,38660050343013.375,31714206161409.113,26016284601919.18,21342078090911.387,17507661228650.605,14362153506866.213,11781782310091.441,9665012585753.352,7928551540352.278,6504071150479.795,5335519522727.847,4376915307162.6514,3590538376716.553,2945445577522.8604,2416253146438.338,1982137885088.0696,1626017787619.9487,1333879880681.9617,1094228826790.6628,897634594179.1383,736361394380.7151,604063286609.5845,495534471272.0174,406504446904.9872,333469970170.4904,273557206697.6657,224408648544.78458,184090348595.17877,151015821652.39612,123883617818.00435,101626111726.2468,83367492542.6226,68389301674.41643,56102162136.196144,46022587148.79469,37753955413.09903,30970904454.501087,25406527931.5617,20841873135.65565,17097325418.604107,14025540534.049036,11505646787.198673,9438488853.274757,7742726113.625272,6351631982.890425,5210468283.913913,4274331354.6510267,3506385133.512259,2876411696.7996683,2359622213.3186893,1935681528.406318,1587907995.7226062,1302617070.9784782,1068582838.6627567,876596283.3780648,719102924.1999171,589905553.3296723,483920382.1015795,396976998.93065155,325654267.74461955,267145709.66568917,219149070.8445162,179775731.04997927,147476388.33241808,120980095.52539487,99244249.73266289,81413566.93615489,66786427.41642229,54787267.71112905,44943932.76249482,36869097.08310452,30245023.881348718,24811062.43316572
Te137,142183658636542.4,35350352712934.77,8788522564287.03,2184932220918.9495,543200381476.7564,135046136265.19736,33574090781.33834,8346922044.329854,2075145029.77532,515905967.70057034,128260417.31544887,31887079.584008653,7927510.807143074,1970874.3609398182,489983.02759927505,121815.66318660081,30284.836334631724,7529.173899504853,1871.843023439423,465.36264816904657,115.6947412785632,28.763101663138578,7.150852390879909,1.777787754429996,0.4419793791062082,0.1098813798600736,0.027317830221785983,0.0067915405592525275,0.0016884585193441691,0.00041977105881550806,0.0001043601248122669,2.5945179931088566e-05,6.450283217536314e-06,1.603617847204694e-06,3.9867864916102683e-07,9.911629854576716e-08,2.464150176611467e-08,6.12617317432465e-09,1.5230401993365397e-09,3.786460785204305e-10,9.413596098209071e-11,2.3403330055994635e-11,5.818348822231966e-12,1.4465113697995632e-12,3.596200927253363e-13,8.940587249563043e-14,2.22273732708533e-14,5.525991847414609e-15,1.3738279159479115e-15,3.415501134915396e-16,8.491345871771225e-17,2.1110505271675814e-17,5.248325054182402e-18,1.3047966176023271e-18,3.243881039627592e-19,8.064677710915467e-20,2.0049756999844695e-20,4.984610298917805e-21,1.2392339633976567e-21,3.0808844101045927e-22,7.659448521247223e-23,1.904230858425636e-23,4.734146527810311e-24,1.1769656629400559e-24,2.926077939502746e-25,7.274581049932205e-26,1.8085481845034454e-26,4.4962679131895775e-27,1.1178261834770395e-27,2.779050093526221e-28,6.909052173303946e-29,1.7176733173912316e-29,4.270342083503042e-30,1.061658309848656e-30,2.6394100164128046e-31,6.56189017701311e-32,1.6313646772357646e-32,4.0557684422325456e-33,1.0083127265499915e-33,2.506786491891105e-34,6.23217217284241e-35,1.5493928229464277e-35,3.8519765712810976e-36,9.576476207939372e-37,2.380826956346937e-37,5.919021645319689e-38
Te138,23975157803519.95,2017886041464.575,169742075746.01746,14278493277.773813,1201089178.3159735,101034134.77900669,8498866.34134429,714914.1153732458,60137.690349777644,5058.708064139429,425.5322598747569,35.79524690854483,3.01105185684583,0.2532859546346763,0.02130610094586759,0.0017922428354554775,0.00015076124859271804,1.268184959515212e-05,1.0667814883156126e-06,8.973633816378848e-08,7.548509676297829e-09,6.349712892135288e-10,5.341299877928156e-11,4.49303533413168e-12,3.7794857010698833e-13,3.179256583200744e-14,2.674351279848484e-15,2.2496311891966647e-16,1.8923619068072186e-17,1.591831409313731e-18,1.3390288752709915e-19,1.1263745132296981e-20,9.474922964575176e-22,7.970187901999047e-23,6.704423395385382e-24,5.6396779620862875e-25,4.7440272847227485e-26,3.9906170227259416e-27,3.356857637255508e-28,2.823747087888495e-29,2.3753010934588635e-30,1.9980738745288334e-31,1.6807550078887752e-32,1.4138303055533139e-33,1.1892965503710441e-34,1.000421535150866e-35,8.415422105456933e-37,7.078948895510674e-38,5.95472417631402e-39,5.009040259983492e-40,4.2135426567593824e-41,3.54437992087319e-42,2.981488511415925e-43,2.5079912261536576e-44,2.1096911715002925e-45,1.7746460963231407e-46,1.492810326809734e-47,1.255733566510495e-48,1.0563075306633695e-49,8.885528181242737e-51,7.474396306734273e-52,6.28736964315265e-53,5.288857508668742e-54,4.44892146232647e-55,3.7423776582196404e-56,3.148041756938028e-57,2.6480937544234964e-58,2.2275436838669523e-59,1.8737821707584508e-60,1.576202365359295e-61,1.3258819169779064e-62,1.1153154546677023e-63,9.38189553301942e-65,7.891934378217182e-66,6.638597499927763e-67,5.584306033725915e-68,4.697449104068589e-69,3.951436033779132e-70,3.3238990743986057e-71,2.796022752827247e-72,2.3519797260216548e-73,1.978456228949964e-74,1.6642528872865265e-75,1.3999489259924322e-76,1.1776197057304226e-77,9.905991179938969e-79
Te139,2409393817332.589,110738792.81985813,5089.695236611743,0.23392884229583982,1.075166600629339e-05,4.941601932295832e-10,2.271222863784664e-14,1.0438828071652522e-18,4.7978176535234247e-23,2.2051377873509663e-27,1.0135092686634504e-31,4.6582170218972963e-36,2.140975568157254e-40,9.840194997139258e-45,4.522678307117068e-49,2.0786802574150079e-53,9.553877855445451e-58,4.39108332083166e-62,2.018197534260496e-66,9.275891595980255e-71,4.263317313580237e-75,1.9594746583875134e-79,9.005993817613595e-84,4.1392688747319344e-88,1.9024604240584102e-92,8.743949172286854e-97,4.018829835336887e-101,1.8471051154532086e-105,8.489529159791889e-110,3.901895173804068e-114,1.7933604633179313e-118,8.242511928521129e-123,3.788362924323527e-127,1.7411796028742995e-131,8.002682082015315e-136,3.678134087953269e-140,1.6905170329541446e-144,7.769830491140034e-149,3.571112546293221e-153,1.641328576322864e-157,7.543754111727292e-162,3.4672049776709687e-166,1.5935713411573235e-170,7.32425580752309e-175,3.366320775766238e-179,1.5472036836446458e-183,7.111144178286688e-188,3.2683719706031246e-192,1.5021851716692177e-196,6.904233392891526e-201,3.173273151841167e-205,1.458476549556324e-209,6.703343027282484e-214,3.0809413942984594e-218,1.4160397038415986e-222,6.508297907147909e-227,2.991296185641707e-231,1.3748376300364826e-235,6.318927955169515e-240,2.9042593561803515e-244,1.3348344003606923e-248,6.135068042716643e-253,2.819755010703377e-257,1.2959951324135675e-261,5.956557845855872e-266,2.7377094622994996e-270,1.258285958756987e-274,5.78324170555021e-279,2.6580511681029364e-283,1.2216739973833058e-287,5.614968491925988e-292,2.5807106669087613e-296,1.1861273230425907e-300,5.451591472489237e-305,2.505620518603487e-309,1.1516149394e-313,5.29297e-318,2.4e-322,0.0,0.0,0.0,0.0,0.0,0.0,0.0,0.0
Te140,6112813771534.116,68405326.57710634,765.4885097123159,0.00856618464997861,9.585972686266249e-08,1.0727164554183633e-12,1.2004213149636521e-17,1.3433291958377433e-22,1.5032499888963714e-27,1.6822090490690792e-32,1.8824728459485613e-37,2.1065776680340238e-42,2.3573617441602807e-47,2.6380011889220516e-52,2.9520502273328674e-57,3.3034862081533163e-62,3.6967599759706334e-67,4.136852239978886e-72,4.6293366533554665e-77,5.1804504021177637e-82,5.797173197449335e-87,6.487315671912681e-92,7.259618299063544e-97,8.123862089257617e-102,9.09099246358317e-107,1.0173257874750365e-111,1.1384364930534585e-116,1.2739651984371404e-121,1.4256283391582838e-126,1.5953466891438706e-131,1.7852696868140266e-136,1.9978026571562515e-141,2.2356372745359615e-146,2.5017856520468485e-151,2.799618489133758e-156,3.1329077606177002e-161,3.505874487768345e-166,3.9232421964320985e-171,4.3902967392489305e-176,4.912953239590641e-181,5.4978310050480615e-186,6.152337359226788e-191,6.884761453559218e-196,7.704379247234906e-201,8.621570984792477e-206,9.647952659196145e-211,1.0796523125342034e-215,1.2081828727148565e-220,1.3520147523189593e-225,1.5129695444039868e-230,1.693085699226145e-235,1.8946443406785948e-240,2.1201981561276855e-245,2.3726037255294046e-250,2.655057699265819e-255,2.971137282884347e-260,3.3248455414684314e-265,3.7206620974076334e-270,4.163599863641134e-275,4.659268530886204e-280,5.213945612900903e-285,5.834655949550501e-290,6.529260674563172e-295,7.306556774728314e-300,8.17638850142859e-305,9.14977204550355e-310,1.0239035056e-314,1.1458e-319,0.0,0.0,0.0,0.0,0.0,0.0,0.0,0.0,0.0,0.0,0.0,0.0,0.0,0.0,0.0,0.0,0.0,0.0
Te141,11699643765.508646,1004.0164196686893,8.616065507362978e-05,7.393961231397699e-12,6.34520044499344e-19,5.44519607651962e-26,4.6728484889929e-33,4.0100508217216894e-40,3.4412644943804923e-47,2.9531549216624164e-54,2.5342788982306787e-61,2.1748163250446246e-68,1.8663399876717453e-75,1.6016179892851875e-82,1.3744442066003105e-89,1.1794927939715976e-96,1.0121933246545296e-103,8.686236420532636e-111,7.45417908966547e-118,6.396876991450662e-125,5.4895428123645045e-132,4.710905075876542e-139,4.042709455500238e-146,3.4692908216899417e-153,2.977205989682669e-160,2.554918558451866e-167,2.192528452160451e-174,1.8815398235026226e-181,1.6146618776772926e-188,1.3856379475248067e-195,1.189098812676923e-202,1.0204368239448442e-209,8.756978819266205e-217,7.514887373882333e-224,6.448974401752446e-231,5.5342507166507965e-238,4.7492716030051224e-245,4.07563406754383e-252,3.497545400859642e-259,3.0014529342783977e-266,2.5757263120799554e-273,2.2103848302842116e-280,1.8968634497526134e-287,1.6278119980332753e-294,1.3969228524523811e-301,1.1987830646667887e-308,1.02874746e-315,9e-323,-0.0,0.0,0.0,0.0,0.0,0.0,0.0,0.0,0.0,0.0,0.0,0.0,0.0,0.0,0.0,0.0,0.0,0.0,0.0,0.0,0.0,0.0,0.0,0.0,0.0,0.0,0.0,0.0,0.0,0.0,0.0,0.0,0.0,0.0,0.0,0.0,0.0,0.0
Te142,747046962.5779802,22.26373441749765,6.635109906642967e-07,1.9774168451556586e-14,5.89316143141887e-22,1.7562989686187825e-29,5.234178807195413e-37,1.5599068424688105e-44,4.648884661402762e-52,1.385475594223377e-59,4.129039031932906e-67,1.230549523810425e-74,3.6673233622623434e-82,1.0929475314206973e-89,3.257237468423555e-97,9.707324112723976e-105,2.8930080272924973e-112,8.621835789956202e-120,2.56950729786046e-127,7.657728486837381e-135,2.2821809312216717e-142,6.801429185931937e-150,2.026983852962248e-157,6.040882626063408e-165,1.8003233152817038e-172,5.365381584411009e-180,1.5990083171162132e-187,4.765416136730379e-195,1.4202046801836505e-202,4.232539773534711e-210,1.261395148496251e-217,3.759250487376032e-225,1.1203439496088182e-232,3.3388851571346065e-240,9.95065318684168e-248,2.965525742424053e-255,8.83795542247316e-263,2.633915967486269e-270,7.849681280512469e-278,2.33938732162491e-285,6.971917514875306e-293,2.0777933343873476e-300,6.192306680641649e-308,1.8454512e-315,5.4e-323,0.0,0.0,0.0,0.0,0.0,0.0,0.0,0.0,0.0,0.0,0.0,0.0,0.0,0.0,0.0,0.0,0.0,0.0,0.0,0.0,0.0,0.0,0.0,0.0,0.0,0.0,0.0,0.0,0.0,0.0,0.0,0.0,0.0,0.0,0.0,0.0,0.0,0.0,0.0,0.0,0.0
Ti56,0.0,0.0,0.0,0.0,0.0,0.0,0.0,0.0,0.0,0.0,0.0,0.0,0.0,0.0,0.0,0.0,0.0,0.0,0.0,0.0,0.0,0.0,0.0,0.0,0.0,0.0,0.0,0.0,0.0,0.0,0.0,0.0,0.0,0.0,0.0,0.0,0.0,0.0,0.0,0.0,0.0,0.0,0.0,0.0,0.0,0.0,0.0,0.0,0.0,0.0,0.0,0.0,0.0,0.0,0.0,0.0,0.0,0.0,0.0,0.0,0.0,0.0,0.0,0.0,0.0,0.0,0.0,0.0,0.0,0.0,0.0,0.0,0.0,0.0,0.0,0.0,0.0,0.0,0.0,0.0,0.0,0.0,0.0,0.0,0.0,0.0
Ti57,0.0,0.0,0.0,0.0,0.0,0.0,0.0,0.0,0.0,0.0,0.0,0.0,0.0,0.0,0.0,0.0,0.0,0.0,0.0,0.0,0.0,0.0,0.0,0.0,0.0,0.0,0.0,0.0,0.0,0.0,0.0,0.0,0.0,0.0,0.0,0.0,0.0,0.0,0.0,0.0,0.0,0.0,0.0,0.0,0.0,0.0,0.0,0.0,0.0,0.0,0.0,0.0,0.0,0.0,0.0,0.0,0.0,0.0,0.0,0.0,0.0,0.0,0.0,0.0,0.0,0.0,0.0,0.0,0.0,0.0,0.0,0.0,0.0,0.0,0.0,0.0,0.0,0.0,0.0,0.0,0.0,0.0,0.0,0.0,0.0,0.0
Ti58,0.0,0.0,0.0,0.0,0.0,0.0,0.0,0.0,0.0,0.0,0.0,0.0,0.0,0.0,0.0,0.0,0.0,0.0,0.0,0.0,0.0,0.0,0.0,0.0,0.0,0.0,0.0,0.0,0.0,0.0,0.0,0.0,0.0,0.0,0.0,0.0,0.0,0.0,0.0,0.0,0.0,0.0,0.0,0.0,0.0,0.0,0.0,0.0,0.0,0.0,0.0,0.0,0.0,0.0,0.0,0.0,0.0,0.0,0.0,0.0,0.0,0.0,0.0,0.0,0.0,0.0,0.0,0.0,0.0,0.0,0.0,0.0,0.0,0.0,0.0,0.0,0.0,0.0,0.0,0.0,0.0,0.0,0.0,0.0,0.0,0.0
Ti59,0.0,0.0,0.0,0.0,0.0,0.0,0.0,0.0,0.0,0.0,0.0,0.0,0.0,0.0,0.0,0.0,0.0,0.0,0.0,0.0,0.0,0.0,0.0,0.0,0.0,0.0,0.0,0.0,0.0,0.0,0.0,0.0,0.0,0.0,0.0,0.0,0.0,0.0,0.0,0.0,0.0,0.0,0.0,0.0,0.0,0.0,0.0,0.0,0.0,0.0,0.0,0.0,0.0,0.0,0.0,0.0,0.0,0.0,0.0,0.0,0.0,0.0,0.0,0.0,0.0,0.0,0.0,0.0,0.0,0.0,0.0,0.0,0.0,0.0,0.0,0.0,0.0,0.0,0.0,0.0,0.0,0.0,0.0,0.0,0.0,0.0
Ti60,0.0,0.0,0.0,0.0,0.0,0.0,0.0,0.0,0.0,0.0,0.0,0.0,0.0,0.0,0.0,0.0,0.0,0.0,0.0,0.0,0.0,0.0,0.0,0.0,0.0,0.0,0.0,0.0,0.0,0.0,0.0,0.0,0.0,0.0,0.0,0.0,0.0,0.0,0.0,0.0,0.0,0.0,0.0,0.0,0.0,0.0,0.0,0.0,0.0,0.0,0.0,0.0,0.0,0.0,0.0,0.0,0.0,0.0,0.0,0.0,0.0,0.0,0.0,0.0,0.0,0.0,0.0,0.0,0.0,0.0,0.0,0.0,0.0,0.0,0.0,0.0,0.0,0.0,0.0,0.0,0.0,0.0,0.0,0.0,0.0,0.0
Ti61,0.0,0.0,0.0,0.0,0.0,0.0,0.0,0.0,0.0,0.0,0.0,0.0,0.0,0.0,0.0,0.0,0.0,0.0,0.0,0.0,0.0,0.0,0.0,0.0,0.0,0.0,0.0,0.0,0.0,0.0,0.0,0.0,0.0,0.0,0.0,0.0,0.0,0.0,0.0,0.0,0.0,0.0,0.0,0.0,0.0,0.0,0.0,0.0,0.0,0.0,0.0,0.0,0.0,0.0,0.0,0.0,0.0,0.0,0.0,0.0,0.0,0.0,0.0,0.0,0.0,0.0,0.0,0.0,0.0,0.0,0.0,0.0,0.0,0.0,0.0,0.0,0.0,0.0,0.0,0.0,0.0,0.0,0.0,0.0,0.0,0.0
Tl209,0.0,3.250758625582892e-34,2.12424884601311e-32,2.427725944365958e-31,1.3625604149933085e-30,5.182849452455121e-30,1.5417870965314123e-29,3.8712866777841483e-29,8.586622764231615e-29,1.7324648584744185e-28,3.2439615036891598e-28,5.71814615575603e-28,9.589126105206633e-28,1.542130885339763e-27,2.3932160544219794e-27,3.6016467329824584e-27,5.2772033146140516e-27,7.552674942488611e-27,1.058669742627356e-26,1.4566716050677985e-26,1.9712067409992973e-26,2.6277174586187434e-26,3.455485016620402e-26,4.4879701767206256e-26,5.763163490679132e-26,7.323944821873264e-26,9.21845161737778e-26,1.150045546195267e-25,1.4229746460356614e-25,1.7472525008996331e-25,2.1301800532103e-25,2.5797796771407717e-25,3.104836323167874e-25,3.714939239749523e-25,4.420524234927526e-25,5.232916441885889e-25,6.164373553688298e-25,7.228129493577741e-25,8.43843848834773e-25,9.810619513388708e-25,1.1361101079076143e-24,1.310746632919916e-24,1.5068498423131461e-24,1.726422617442002e-24,1.9715969919412868e-24,2.2446387590466404e-24,2.5479520969163556e-24,2.8840842095841422e-24,3.2557299812567485e-24,3.665736641751967e-24,4.117108440951941e-24,4.613011330223516e-24,5.156777648832195e-24,5.751910813448713e-24,6.4020900089176875e-24,7.111174878526056e-24,7.883210212075408e-24,8.722430630126536e-24,9.633265262847082e-24,1.06203424219537e-23,1.168849426429882e-23,1.2842761445709405e-23,1.4088397763740045e-23,1.5430874788056698e-23,1.6875886477219213e-23,1.842935378068133e-23,2.0097429224876135e-23,2.1886501482301348e-23,2.380319992256651e-23,2.585439914440694e-23,2.804722348771426e-23,3.038905152467394e-23,3.2887520529141405e-23,3.5550530923428024e-23,3.838625070170597e-23,4.140311982927778e-23,4.4609854616993015e-23,4.80154520701285e-23,5.16291942110821e-23,5.546065237526337e-23,5.951969147959535e-23,6.381647426307202e-23,6.836146549884632e-23,7.31654361773516e-23,7.82394676599874e-23,8.359495580292733e-23
Tl210,0.0,2.567826193194179e-41,2.948713654792685e-39,4.776622001040163e-38,3.4527108589578973e-37,1.6020672775532713e-36,5.613602712463352e-36,1.62010634315954e-35,4.0561632282019495e-35,9.109656808218691e-35,1.8777677463467645e-34,3.611009890183821e-34,6.556974137088494e-34,1.1346155363049552e-33,1.8843510135507004e-33,3.0206428329687382e-33,4.695078496249236e-33,7.102539684471562e-33,1.0489517757592276e-32,1.516332550111523e-32,2.1502228753544756e-32,2.996651892154309e-32,4.1110544908441197e-32,5.559572063898508e-32,7.420452215234469e-32,9.785548615017831e-32,1.276192199209167e-31,1.6473543070967219e-31,2.1063098085980696e-31,2.669389734119812e-31,3.3551887130445094e-31,4.184776518697238e-31,5.18191996962865e-31,6.37331517781433e-31,7.788830122420457e-31,9.461757516599998e-31,1.1429077924324101e-30,1.3731733074483845e-30,1.6414909310383497e-30,1.9528331104255663e-30,2.3126564558529115e-30,2.7269330808242744e-30,3.202182923219414e-30,3.745507037411275e-30,4.364621846933006e-30,5.067894346705464e-30,5.864378243342969e-30,6.76385102160285e-30,7.776851924630839e-30,8.91472083527774e-30,1.0189638045420954e-29,1.1614664899915298e-29,1.3203785301519953e-29,1.497194806289996e-29,1.6935110091580193e-29,1.9110280393535746e-29,2.1515564880933235e-29,2.4170211969391802e-29,2.709465895000928e-29,3.031057912129582e-29,3.3840929666074666e-29,3.771000025834501e-29,4.1943462385055377e-29,4.6568419367704635e-29,5.161345706867387e-29,5.710869526719003e-29,6.308583968983759e-29,6.957823468055802e-29,7.66209164951158e-29,8.425066720505947e-29,9.250606919626333e-29,1.014275602472072e-28,1.110574891722284e-28,1.2144017201506728e-28,1.326219487781228e-28,1.4465124067293687e-28,1.5757860787753256e-28,1.7145680778635176e-28,1.8634085373865343e-28,2.0228807421136225e-28,2.193581724624883e-28,2.3761328661137703e-28,2.5711805014218217e-28,2.7793965281710537e-28,3.001479019860872e-28,3.2381528427978854e-28
Tl211,0.0,0.0,0.0,0.0,0.0,0.0,0.0,0.0,0.0,0.0,0.0,0.0,0.0,0.0,0.0,0.0,0.0,0.0,0.0,0.0,0.0,0.0,0.0,0.0,0.0,0.0,0.0,0.0,0.0,0.0,0.0,0.0,0.0,0.0,0.0,0.0,0.0,0.0,0.0,0.0,0.0,0.0,0.0,0.0,0.0,0.0,0.0,0.0,0.0,0.0,0.0,0.0,0.0,0.0,0.0,0.0,0.0,0.0,0.0,0.0,0.0,0.0,0.0,0.0,0.0,0.0,0.0,0.0,0.0,0.0,0.0,0.0,0.0,0.0,0.0,0.0,0.0,0.0,0.0,0.0,0.0,0.0,0.0,0.0,0.0,0.0
Tl212,0.0,0.0,0.0,0.0,0.0,0.0,0.0,0.0,0.0,0.0,0.0,0.0,0.0,0.0,0.0,0.0,0.0,0.0,0.0,0.0,0.0,0.0,0.0,0.0,0.0,0.0,0.0,0.0,0.0,0.0,0.0,0.0,0.0,0.0,0.0,0.0,0.0,0.0,0.0,0.0,0.0,0.0,0.0,0.0,0.0,0.0,0.0,0.0,0.0,0.0,0.0,0.0,0.0,0.0,0.0,0.0,0.0,0.0,0.0,0.0,0.0,0.0,0.0,0.0,0.0,0.0,0.0,0.0,0.0,0.0,0.0,0.0,0.0,0.0,0.0,0.0,0.0,0.0,0.0,0.0,0.0,0.0,0.0,0.0,0.0,0.0
V56,0.0,0.0,0.0,0.0,0.0,0.0,0.0,0.0,0.0,0.0,0.0,0.0,0.0,0.0,0.0,0.0,0.0,0.0,0.0,0.0,0.0,0.0,0.0,0.0,0.0,0.0,0.0,0.0,0.0,0.0,0.0,0.0,0.0,0.0,0.0,0.0,0.0,0.0,0.0,0.0,0.0,0.0,0.0,0.0,0.0,0.0,0.0,0.0,0.0,0.0,0.0,0.0,0.0,0.0,0.0,0.0,0.0,0.0,0.0,0.0,0.0,0.0,0.0,0.0,0.0,0.0,0.0,0.0,0.0,0.0,0.0,0.0,0.0,0.0,0.0,0.0,0.0,0.0,0.0,0.0,0.0,0.0,0.0,0.0,0.0,0.0
V57,0.0,0.0,0.0,0.0,0.0,0.0,0.0,0.0,0.0,0.0,0.0,0.0,0.0,0.0,0.0,0.0,0.0,0.0,0.0,0.0,0.0,0.0,0.0,0.0,0.0,0.0,0.0,0.0,0.0,0.0,0.0,0.0,0.0,0.0,0.0,0.0,0.0,0.0,0.0,0.0,0.0,0.0,0.0,0.0,0.0,0.0,0.0,0.0,0.0,0.0,0.0,0.0,0.0,0.0,0.0,0.0,0.0,0.0,0.0,0.0,0.0,0.0,0.0,0.0,0.0,0.0,0.0,0.0,0.0,0.0,0.0,0.0,0.0,0.0,0.0,0.0,0.0,0.0,0.0,0.0,0.0,0.0,0.0,0.0,0.0,0.0
V58,0.0,0.0,0.0,0.0,0.0,0.0,0.0,0.0,0.0,0.0,0.0,0.0,0.0,0.0,0.0,0.0,0.0,0.0,0.0,0.0,0.0,0.0,0.0,0.0,0.0,0.0,0.0,0.0,0.0,0.0,0.0,0.0,0.0,0.0,0.0,0.0,0.0,0.0,0.0,0.0,0.0,0.0,0.0,0.0,0.0,0.0,0.0,0.0,0.0,0.0,0.0,0.0,0.0,0.0,0.0,0.0,0.0,0.0,0.0,0.0,0.0,0.0,0.0,0.0,0.0,0.0,0.0,0.0,0.0,0.0,0.0,0.0,0.0,0.0,0.0,0.0,0.0,0.0,0.0,0.0,0.0,0.0,0.0,0.0,0.0,0.0
V59,0.0,0.0,0.0,0.0,0.0,0.0,0.0,0.0,0.0,0.0,0.0,0.0,0.0,0.0,0.0,0.0,0.0,0.0,0.0,0.0,0.0,0.0,0.0,0.0,0.0,0.0,0.0,0.0,0.0,0.0,0.0,0.0,0.0,0.0,0.0,0.0,0.0,0.0,0.0,0.0,0.0,0.0,0.0,0.0,0.0,0.0,0.0,0.0,0.0,0.0,0.0,0.0,0.0,0.0,0.0,0.0,0.0,0.0,0.0,0.0,0.0,0.0,0.0,0.0,0.0,0.0,0.0,0.0,0.0,0.0,0.0,0.0,0.0,0.0,0.0,0.0,0.0,0.0,0.0,0.0,0.0,0.0,0.0,0.0,0.0,0.0
V60,0.0,0.0,0.0,0.0,0.0,0.0,0.0,0.0,0.0,0.0,0.0,0.0,0.0,0.0,0.0,0.0,0.0,0.0,0.0,0.0,0.0,0.0,0.0,0.0,0.0,0.0,0.0,0.0,0.0,0.0,0.0,0.0,0.0,0.0,0.0,0.0,0.0,0.0,0.0,0.0,0.0,0.0,0.0,0.0,0.0,0.0,0.0,0.0,0.0,0.0,0.0,0.0,0.0,0.0,0.0,0.0,0.0,0.0,0.0,0.0,0.0,0.0,0.0,0.0,0.0,0.0,0.0,0.0,0.0,0.0,0.0,0.0,0.0,0.0,0.0,0.0,0.0,0.0,0.0,0.0,0.0,0.0,0.0,0.0,0.0,0.0
V61,0.0,0.0,0.0,0.0,0.0,0.0,0.0,0.0,0.0,0.0,0.0,0.0,0.0,0.0,0.0,0.0,0.0,0.0,0.0,0.0,0.0,0.0,0.0,0.0,0.0,0.0,0.0,0.0,0.0,0.0,0.0,0.0,0.0,0.0,0.0,0.0,0.0,0.0,0.0,0.0,0.0,0.0,0.0,0.0,0.0,0.0,0.0,0.0,0.0,0.0,0.0,0.0,0.0,0.0,0.0,0.0,0.0,0.0,0.0,0.0,0.0,0.0,0.0,0.0,0.0,0.0,0.0,0.0,0.0,0.0,0.0,0.0,0.0,0.0,0.0,0.0,0.0,0.0,0.0,0.0,0.0,0.0,0.0,0.0,0.0,0.0
V62,0.0,0.0,0.0,0.0,0.0,0.0,0.0,0.0,0.0,0.0,0.0,0.0,0.0,0.0,0.0,0.0,0.0,0.0,0.0,0.0,0.0,0.0,0.0,0.0,0.0,0.0,0.0,0.0,0.0,0.0,0.0,0.0,0.0,0.0,0.0,0.0,0.0,0.0,0.0,0.0,0.0,0.0,0.0,0.0,0.0,0.0,0.0,0.0,0.0,0.0,0.0,0.0,0.0,0.0,0.0,0.0,0.0,0.0,0.0,0.0,0.0,0.0,0.0,0.0,0.0,0.0,0.0,0.0,0.0,0.0,0.0,0.0,0.0,0.0,0.0,0.0,0.0,0.0,0.0,0.0,0.0,0.0,0.0,0.0,0.0,0.0
V63,0.0,0.0,0.0,0.0,0.0,0.0,0.0,0.0,0.0,0.0,0.0,0.0,0.0,0.0,0.0,0.0,0.0,0.0,0.0,0.0,0.0,0.0,0.0,0.0,0.0,0.0,0.0,0.0,0.0,0.0,0.0,0.0,0.0,0.0,0.0,0.0,0.0,0.0,0.0,0.0,0.0,0.0,0.0,0.0,0.0,0.0,0.0,0.0,0.0,0.0,0.0,0.0,0.0,0.0,0.0,0.0,0.0,0.0,0.0,0.0,0.0,0.0,0.0,0.0,0.0,0.0,0.0,0.0,0.0,0.0,0.0,0.0,0.0,0.0,0.0,0.0,0.0,0.0,0.0,0.0,0.0,0.0,0.0,0.0,0.0,0.0
V64,0.0,0.0,0.0,0.0,0.0,0.0,0.0,0.0,0.0,0.0,0.0,0.0,0.0,0.0,0.0,0.0,0.0,0.0,0.0,0.0,0.0,0.0,0.0,0.0,0.0,0.0,0.0,0.0,0.0,0.0,0.0,0.0,0.0,0.0,0.0,0.0,0.0,0.0,0.0,0.0,0.0,0.0,0.0,0.0,0.0,0.0,0.0,0.0,0.0,0.0,0.0,0.0,0.0,0.0,0.0,0.0,0.0,0.0,0.0,0.0,0.0,0.0,0.0,0.0,0.0,0.0,0.0,0.0,0.0,0.0,0.0,0.0,0.0,0.0,0.0,0.0,0.0,0.0,0.0,0.0,0.0,0.0,0.0,0.0,0.0,0.0
Xe141,441723548368438.2,61832535177717.77,8341081893993.403,1125106350845.9011,151762575132.57397,20470846319.211838,2761257501.4511623,372458611.1598463,50239942.11123571,6776730.911067801,914095.0389501216,123299.82571221264,16631.582464470175,2243.389507444162,302.60478778024026,40.81754741371115,5.5057693868363575,0.7426584511258917,0.10017520464031406,0.013512364411278626,0.0018226465584849005,0.00024585190097330264,3.3162302878091096e-05,4.4731740036359155e-06,6.033744321183267e-07,8.13875572553616e-08,1.0978149095147193e-08,1.4808130581575073e-09,1.9974289784232413e-10,2.6942783235644218e-11,3.6342396967522824e-12,4.902128357688331e-13,6.612349333129328e-14,8.919220492209662e-15,1.2030897065597749e-15,1.6228154055551293e-16,2.188972132458532e-17,2.952645741639943e-18,3.9827445705454425e-19,5.3722172255582094e-20,7.246439586416114e-21,9.774527811302767e-22,1.318459814569204e-22,1.7784350468814848e-23,2.3988832886876993e-24,3.2357892647448515e-25,4.364669267243007e-26,5.887385195314241e-27,7.941335829988217e-28,1.0711854698219468e-28,1.4448933218825583e-29,1.9489778105073032e-30,2.6289238439421524e-31,3.546084793776407e-32,4.7832185757789295e-33,6.451955120709732e-34,8.702869045216825e-35,1.173906640718568e-35,1.58345115152634e-36,2.1358747470201897e-37,2.881024103939763e-38,3.8861360662940886e-39,5.2419046078440704e-40,7.070664394914036e-41,9.537429374562215e-42,1.2864782429808445e-42,1.7352959635824832e-43,2.3406941373904697e-44,3.157299480777413e-45,4.258796504882431e-46,5.744576268556217e-47,7.748704702708089e-48,1.0452019742243051e-48,1.4098448822557224e-49,1.9017019112481042e-50,2.5651546526582524e-51,3.460068243679557e-52,4.667193160659197e-53,6.295451553215471e-54,8.491765584710739e-55,1.1454314616851705e-55,1.5450417470078067e-56,2.0840653324511723e-57,2.8111397755667683e-58,3.7918709719522354e-59,5.114752952842801e-60
Xe142,157273331062914.16,9470195645242.047,565795897724.8608,33803418713.821945,2019581833.9009032,120659712.5087465,7208802.326456124,430689.1662629495,25731.48070040974,1537.3247132743518,91.84730958784023,5.487408226565788,0.32784464977914146,0.019587045459541864,0.001170226050943987,6.991503711657744e-05,4.1770668248833666e-06,2.4955843519682823e-07,1.4909843483202685e-08,8.907870916816319e-10,5.321998474367439e-11,3.1796226085517062e-12,1.8996623132280807e-13,1.1349513286870229e-14,6.780755240122423e-16,4.0511553636082737e-17,2.4203586767122084e-18,1.4460408446834686e-19,8.639356408667992e-21,5.161574752913066e-22,3.0837776183396473e-23,1.8423998207146995e-24,1.100739910421029e-25,6.57635946753231e-27,3.929039315896111e-28,2.3474005674525617e-29,1.4024520960589725e-30,8.378935870645575e-32,5.005986765728288e-33,2.9908217326785636e-34,1.7868634207947298e-35,1.0675597444300776e-36,6.378124901234604e-38,3.8106042746550396e-39,2.2766416717879723e-40,1.3601772653736775e-41,8.126365322068649e-43,4.855088746802239e-44,2.900667863812609e-45,1.73300108297648e-46,1.0353797451495025e-47,6.185865820837443e-49,3.695739281424683e-50,2.2080156976984593e-51,1.3191767465272612e-52,7.881408136691188e-54,4.708739324023432e-55,2.8132315491166924e-56,1.6807623451499685e-57,1.0041697640427107e-58,5.999402104213744e-60,3.584336722422305e-61,2.141458351438306e-62,1.27941212728634e-63,7.643834821013167e-65,4.5668013867322647e-66,2.728430871965833e-67,1.6300982663104108e-68,9.739005613558675e-70,5.818559058749775e-71,3.4762922277224226e-72,2.0769072773010428e-73,1.2408461532971165e-74,7.413422799274421e-76,4.429141957265842e-77,2.646186384989765e-78,1.5809613807067494e-79,9.445437787239845e-81,5.643167257680592e-82,3.371504573475592e-83,2.014301999200148e-84,1.2034426931828341e-85,7.189956204929762e-87,4.295632066374941e-88,2.566421035640912e-89,1.5333056533723332e-90
Xe143,19135827468949.45,184000148.77066064,1769.123325058409,0.017009149741546065,1.635286755214068e-07,1.5721499347952308e-12,1.5114172168710644e-17,1.4530030429245827e-22,1.396823817053312e-27,1.3427980703838698e-32,1.290846576382962e-37,1.2408924265609789e-42,1.1928610743470807e-47,1.1466803535036852e-52,1.102280476289159e-57,1.0595940156253652e-62,1.0185558747448919e-67,9.791032471507757e-73,9.411755691946133e-78,9.047144671465595e-83,8.696637002760232e-88,8.359691011710627e-93,8.035785142861563e-98,7.724417335128173e-103,7.425104394077714e-108,7.137381365827482e-113,6.860800916532026e-118,6.594932720561822e-123,6.339362859765115e-128,6.093693235627928e-133,5.857540995677166e-138,5.630537975092477e-143,5.41233015418502e-148,5.2025771321544e-153,5.000951617336368e-158,4.807138933996224e-163,4.62083654559695e-168,4.4417535943728485e-173,4.2696104569624755e-178,4.104138315795652e-183,3.9450787458849093e-188,3.7921833166387673e-193,3.645213208291109e-198,3.503938842525204e-203,3.3681395268614883e-208,3.23760311237378e-213,3.112125664298002e-218,2.9915111451000647e-223,2.875571109574566e-228,2.7641244115528696e-233,2.6569969218075494e-238,2.554021256749482e-243,2.4550365175243933e-248,2.3598880391261507e-253,2.2684271491555775e-258,2.1805109358647582e-263,2.0960020251383725e-268,2.0147683660750845e-273,1.9366830248433714e-278,1.8616239864974516e-283,1.7894739644500054e-288,1.720120217309246e-293,1.6534543727984183e-298,1.589372258486179e-303,1.527773739066223e-308,1.4685625599e-313,1.411644e-318,1.5e-323,0.0,0.0,0.0,0.0,0.0,0.0,0.0,0.0,0.0,0.0,0.0,0.0,0.0,0.0,0.0,0.0,0.0,0.0
Xe144,2191011782528.041,107622731437.40862,5285400994.167318,259568432.18983874,12747523.04770123,626036.6196334223,30744.94140198618,1509.8979710884296,74.15177193831562,3.641627041612833,0.17884195028053515,0.0087830090271902,0.0004313375438519825,2.1183181772930682e-05,1.040315633129788e-06,5.1090371037518655e-08,2.5090712180287665e-09,1.2322162179087032e-10,6.051469550832901e-12,2.971904053235809e-13,1.45951551560295e-14,7.167746677307428e-16,3.520112796391008e-17,1.7287433076486031e-18,8.48993653499923e-20,4.169446212714769e-21,2.0476338838407002e-22,1.0056022570735054e-23,4.9385581446551205e-25,2.4253482305337222e-26,1.1910994802641599e-27,5.849543393500037e-29,2.8727372045239494e-30,1.4108142278979108e-31,6.928572451753426e-33,3.4026532529887543e-34,1.6710583948854975e-35,8.20664332066316e-37,4.0303196344733453e-38,1.9793081923181183e-39,9.720472010874518e-41,4.773767747787336e-42,2.3444189216655473e-43,1.1513547308226307e-44,5.6543551322555125e-46,2.7768793670410173e-47,1.3637380105664132e-48,6.697379020268288e-50,3.2891131136324235e-51,1.615298319167756e-52,7.932803068072813e-54,3.895835448479157e-55,1.9132624006149694e-56,9.396118142094419e-58,4.614476096525931e-59,2.266190071622793e-60,1.1129361889182039e-61,5.465679936179446e-63,2.6842201253058702e-64,1.3182326380665152e-65,6.473900078764167e-67,3.1793615951805865e-68,1.561398852303398e-69,7.6681003496738e-71,3.7658387468343025e-72,1.849420432762309e-73,9.082587351872142e-75,4.460499708072059e-76,2.190571571173476e-77,1.0757996014996979e-78,5.2833004765369326e-80,2.5946527481943134e-81,1.2742456942606274e-82,6.257878209219799e-84,3.073272278479304e-85,1.5092979092744173e-86,7.412230263136013e-88,3.640179790626084e-89,1.7877087513031862e-90,8.779518494432181e-92,4.311661222102745e-93,2.1174763178611997e-94,1.0399021921570105e-95,5.107006676444167e-97,2.5080740659990256e-98,1.2317265120390819e-99
Xe145,25832403439.862957,254.71502312746063,2.511525867031622e-06,2.4763997386304377e-14,2.441764883248073e-22,2.407614429955017e-30,2.3739416039176096e-38,2.340739725054813e-46,2.3080022067130183e-54,2.2757225543593577e-62,2.2438943642933175e-70,2.2125113223763513e-78,2.1815672027792732e-86,2.1510558667471668e-94,2.120971261381567e-102,2.0913074184396645e-110,2.0620584531503275e-118,2.0332185630466637e-126,2.004782026814913e-134,1.976743203159448e-142,1.9490965296836366e-150,1.9218365217863684e-158,1.894957771574001e-166,1.8684549467875427e-174,1.8423227897448195e-182,1.8165561162974497e-190,1.7911498148023973e-198,1.7660988451079233e-206,1.7413982375537086e-214,1.7170430919849526e-222,1.6930285767802825e-230,1.6693499278932374e-238,1.6460024479071825e-246,1.6229815051034127e-254,1.600282532542302e-262,1.5779010271573188e-270,1.5558325488616872e-278,1.5340727196675508e-286,1.5126172228174754e-294,1.4914618019280621e-302,1.4706022601456e-310,1.450033e-318,0.0,0.0,0.0,0.0,0.0,0.0,0.0,0.0,0.0,0.0,0.0,0.0,0.0,0.0,0.0,0.0,0.0,0.0,0.0,0.0,0.0,0.0,0.0,0.0,0.0,0.0,0.0,0.0,0.0,0.0,0.0,0.0,0.0,0.0,0.0,0.0,0.0,0.0,0.0,0.0,0.0,0.0,0.0,0.0
Xe146,3833052852.765791,319556.44157905417,26.640989122021615,0.0022210232968315658,1.8516371379735877e-07,1.5436848841766237e-11,1.2869492476497237e-15,1.072912213498547e-19,8.944724277018764e-24,7.457095872829967e-28,6.216880155763923e-32,5.1829290557939065e-36,4.320937982452044e-40,3.6023076617892923e-44,3.003195265214585e-48,2.503723348418111e-52,2.0873203544312637e-56,1.740170799931155e-60,1.4507569029853754e-64,1.2094764442909776e-68,1.0083241832484268e-72,8.406262588434528e-77,7.008187632479284e-81,5.84263141620253e-85,4.870922934111053e-89,4.060822690997319e-93,3.3854530549513156e-97,2.82240650710715e-101,2.3530022014957004e-105,1.9616661690304895e-109,1.635414601938183e-113,1.3634230749641156e-117,1.1366674109070154e-121,9.476242750637494e-126,7.900215648599756e-130,6.586303130550523e-134,5.490912002533536e-138,4.5776992072708765e-142,3.8163660285540047e-146,3.181652835723164e-150,2.6525010157112095e-154,2.211354287102735e-158,1.84357621509769e-162,1.5369646016002768e-166,1.2813466387919985e-170,1.0682413941310493e-174,8.905784286528966e-179,7.424632128462181e-183,6.189815570356455e-187,5.160365676321114e-191,4.302127197599122e-195,3.5866253644096174e-199,2.990121145605676e-203,2.4928236314053715e-207,2.078233407507751e-211,1.7325951349579985e-215,1.444441173371393e-219,1.2042111057763688e-223,1.0039345416127166e-227,8.369666738734663e-232,6.977678166641332e-236,5.817196086421941e-240,4.849717843058865e-244,4.04314429286329e-248,3.3707148130915633e-252,2.8101194338401187e-256,2.3427586343927806e-260,1.9531262454285405e-264,1.6282949829232076e-268,1.3574875447086875e-272,1.13171903946481e-276,9.434988845971367e-281,7.86582282522181e-285,6.557630298015536e-289,5.467007849142437e-293,4.55777063730319e-297,3.7997518488146375e-301,3.167801818371718e-305,2.64095360953891e-309,2.20172737046e-313,1.83555e-317,1.53e-321,0.0,0.0,0.0,0.0
Xe147,640750847.1976302,5.691010748855122e-07,5.054632933414618e-22,4.489415890964448e-37,3.9874023114134745e-52,3.5415246836598794e-67,3.1455057968620457e-82,2.7937703678145403e-97,2.481366550290579e-112,2.2038962213338576e-127,1.9574530630474e-142,1.7385675681746273e-157,1.5441581952432446e-172,1.371487985618155e-187,1.218126031704053e-202,1.0819132538345014e-217,9.609320040433569e-233,8.53479068790512e-248,7.580416905654986e-263,6.732762707932831e-278,5.979894542147772e-293,5.311213284418264e-308,5e-323,0.0,0.0,0.0,0.0,0.0,0.0,0.0,0.0,0.0,0.0,0.0,0.0,0.0,0.0,0.0,0.0,0.0,0.0,0.0,0.0,0.0,0.0,0.0,0.0,0.0,0.0,0.0,0.0,0.0,0.0,0.0,0.0,0.0,0.0,0.0,0.0,0.0,0.0,0.0,0.0,0.0,0.0,0.0,0.0,0.0,0.0,0.0,0.0,0.0,0.0,0.0,0.0,0.0,0.0,0.0,0.0,0.0,0.0,0.0,0.0,0.0,0.0,0.0
Y100,205440382046067.78,1988705577001.819,17813429649.07552,159560152.6756832,1429227.4325272131,12802.012404940715,114.671407703431,1.0271456805971884,0.009200447350380751,8.241112536043892e-05,7.381807997513195e-07,6.612103532602399e-09,5.922656501033575e-11,5.305098423864103e-13,4.751933407242833e-15,4.256447157567181e-17,3.81262548367103e-19,3.415081296826441e-21,3.058989222488258e-23,2.740027030101731e-25,2.4543231700506387e-27,2.1984097809516002e-29,1.9691805968991245e-31,1.7638532437412578e-33,1.5799354667396875e-35,1.415194879687012e-37,1.2676318682972641e-39,1.1354553189721787e-41,1.0170608783400168e-43,9.110114796821102e-46,8.16019899877741e-48,7.309331351442841e-50,6.547184059260046e-52,5.864506210594395e-54,5.253011490559378e-56,4.70527760207659e-58,4.214656174347339e-60,3.775192065208786e-62,3.381551077869925e-64,3.0289552146563064e-66,2.713124681876098e-68,2.4302259418650857e-70,2.17682518166843e-72,1.9498466335641064e-74,1.7465352415242203e-76,1.5644232204613414e-78,1.4013001023573648e-80,1.2551859056960899e-82,1.1243071025312216e-84,1.0070750914790883e-86,9.020669153421532e-89,8.080079893146728e-91,7.237566301261637e-93,6.48290198338102e-95,5.806926855896201e-97,5.201435961267207e-99,4.659079876594768e-101,4.173275506635657e-103,3.7381261784707354e-105,3.348350067938177e-107,2.999216089074924e-109,2.6864864683951454e-111,2.4063653069746937e-113,2.155452505990323e-115,1.9307024964638205e-117,1.7293872722744013e-119,1.5490632777356739e-121,1.3875417478199436e-123,1.2428621410207795e-125,1.1132683423830262e-127,9.971873478536747e-130,8.93210171225118e-132,8.000747419200869e-134,7.166505860323014e-136,6.419251046819566e-138,5.749912831332956e-140,5.150366814880646e-142,4.6133357332435337e-144,4.132301125840267e-146,3.70142421492811e-148,3.315475034765356e-150,2.9697689505081035e-152,2.660109796310433e-154,2.3827389424406435e-156,2.134289673192347e-158,1.9117463218314655e-160
Y100_m1,0.0,0.0,0.0,0.0,0.0,0.0,0.0,0.0,0.0,0.0,0.0,0.0,0.0,0.0,0.0,0.0,0.0,0.0,0.0,0.0,0.0,0.0,0.0,0.0,0.0,0.0,0.0,0.0,0.0,0.0,0.0,0.0,0.0,0.0,0.0,0.0,0.0,0.0,0.0,0.0,0.0,0.0,0.0,0.0,0.0,0.0,0.0,0.0,0.0,0.0,0.0,0.0,0.0,0.0,0.0,0.0,0.0,0.0,0.0,0.0,0.0,0.0,0.0,0.0,0.0,0.0,0.0,0.0,0.0,0.0,0.0,0.0,0.0,0.0,0.0,0.0,0.0,0.0,0.0,0.0,0.0,0.0,0.0,0.0,0.0,0.0
Y101,100588778649614.08,46442695921.31777,20996151.23258968,9492.092520319551,4.29125411682384,0.0019400213236161767,8.770589281417676e-07,3.96507169312627e-10,1.792558404820202e-13,8.103928209575553e-17,3.663682714569159e-20,1.6563042867498267e-23,7.487940698021014e-27,3.3852026071311074e-30,1.530406977495949e-33,6.918774999860967e-37,3.127890045105852e-40,1.4140792458880205e-43,6.392872143251968e-47,2.8901360626576457e-50,1.3065936989669305e-53,5.906943677282206e-57,2.6704539930180166e-60,1.2072782336240268e-63,5.457951109410924e-67,2.4674701724140375e-70,1.1155118339654896e-73,5.043086905888025e-77,2.279915350600043e-80,1.0307206881231431e-83,4.659756936350466e-87,2.106616754283304e-90,9.523746002302943e-94,4.305564252822013e-97,1.9464907538164222e-100,8.799836751267841e-104,3.978294101687135e-107,1.7985360873016634e-110,8.130952550628616e-114,3.6759000749193824e-117,1.6618275997377054e-120,7.512910892471825e-124,3.3964913139684632e-127,1.5355104580599787e-130,6.941847185402395e-134,3.1383206862923783e-137,1.4187948059014716e-140,6.414190589398096e-144,2.899773860602939e-147,1.310950824650369e-150,5.9266416874802206e-154,2.6793592125125123e-157,1.2113041699215466e-160,5.47615185458256e-164,2.475698497462476e-167,1.1192317549063243e-170,5.059904194612765e-174,2.287518232611503e-177,1.0341578542339402e-180,4.6752959265063164e-184,2.1136417337949153e-187,9.555505039823156e-191,4.319922109133804e-194,1.9529817577625846e-197,8.82918175327521e-201,3.991560603293893e-204,1.8045337036875125e-207,8.158067010324211e-211,3.6881581767599507e-214,1.667369331434396e-217,7.537964355558965e-221,3.4078176654956175e-224,1.5406309573087444e-227,6.964996310249657e-231,3.1487861107590094e-234,1.4235260909927815e-237,6.435580126618141e-241,2.90944379791718e-244,1.315322480133112e-247,5.946405385050067e-251,2.688294128431073e-254,1.2153435315941099e-257,5.494413294164638e-261,2.4839542616807423e-264,1.1229640807463134e-267,5.076777564306432e-271
Y102,96905095302251.98,6392914107.8526,421431.22205128276,27.78142673643638,0.0018313965153205069,1.2072861585359764e-07,7.958625324442514e-12,5.246454339513594e-16,3.458547426785554e-20,2.279930316601966e-24,1.5029668838145575e-28,9.907800415628257e-33,6.531382037292807e-37,4.305592515749732e-41,2.838316118369948e-45,1.8710638218386634e-49,1.2334354875890539e-53,8.131005924474713e-58,5.36009041486813e-62,3.5334581627939587e-66,2.3293126835291286e-70,1.5355205375799592e-74,1.012239935841297e-78,6.672849125983367e-83,4.398849905198574e-87,2.899792895529304e-91,1.911590306144496e-95,1.2601512005148224e-99,8.307120218462311e-104,5.476187801574335e-108,3.609991434993647e-112,2.379764652516295e-116,1.5687792902965607e-120,1.034164642735204e-124,6.817380334498525e-129,4.4941272119189535e-133,2.96260123477416e-137,1.9529945776807866e-141,1.2874455649584955e-145,8.487049076703665e-150,5.5947998106388825e-154,3.688182386861173e-158,2.4313093907107426e-162,1.60275841412198e-166,1.0565642298974802e-170,6.965042030432264e-175,4.591468186500613e-179,3.02676997719982e-183,1.9952956489633203e-187,1.3153311142775129e-191,8.670875121115081e-196,5.715980907763266e-200,3.768066923066529e-204,2.483970567050759e-208,1.6374735120025726e-212,1.0794489830423368e-216,7.115902018873722e-221,4.690917527153311e-225,3.092328588587979e-229,2.0385129443112444e-233,1.343820653296746e-237,8.858682763169989e-242,5.839786738353969e-246,3.849681725960283e-250,2.5377723631342417e-254,1.6729405248381834e-258,1.102829410668387e-262,7.270029573542802e-267,4.792520900231917e-271,3.159307172937252e-275,2.0826663087665984e-279,1.3729272641883877e-283,9.05055824266014e-288,5.9662741530744095e-292,3.9330642724178815e-296,2.5927394843227016e-300,1.7091757388020925e-304,1.126716248884063e-308,7.4274954686e-313,4.896325e-317,3.226e-321,0.0,0.0,0.0,0.0,0.0
Y102_m1,0.0,0.0,0.0,0.0,0.0,0.0,0.0,0.0,0.0,0.0,0.0,0.0,0.0,0.0,0.0,0.0,0.0,0.0,0.0,0.0,0.0,0.0,0.0,0.0,0.0,0.0,0.0,0.0,0.0,0.0,0.0,0.0,0.0,0.0,0.0,0.0,0.0,0.0,0.0,0.0,0.0,0.0,0.0,0.0,0.0,0.0,0.0,0.0,0.0,0.0,0.0,0.0,0.0,0.0,0.0,0.0,0.0,0.0,0.0,0.0,0.0,0.0,0.0,0.0,0.0,0.0,0.0,0.0,0.0,0.0,0.0,0.0,0.0,0.0,0.0,0.0,0.0,0.0,0.0,0.0,0.0,0.0,0.0,0.0,0.0,0.0
Y103,932697547444.6956,266739.7813714146,0.07620043496145819,2.176843010990666e-08,6.218659377595013e-15,1.7765049780485172e-21,5.075000487085196e-28,1.449792162823401e-34,4.141669189457299e-41,1.1831643262227604e-47,3.3799846361693384e-54,9.655713823972974e-61,2.7583796817528463e-67,7.879954405666335e-74,2.2510926195599777e-80,6.430770688461743e-87,1.837099517285183e-93,5.248102910067759e-100,1.4992429041276642e-106,4.282936756566251e-113,1.2235206990303858e-119,3.49527202021071e-126,9.985059104394003e-133,2.8524648365488593e-139,8.14873057703501e-146,2.327874796782543e-152,6.650116871905615e-159,1.899760866483356e-165,5.427109657378695e-172,1.5503803532775369e-178,4.429022797726119e-185,1.2652535812459523e-191,3.614491724173562e-198,1.0325637973104104e-204,2.9497591276402017e-211,8.426674394125568e-218,2.4072759256589956e-224,6.876944701099627e-231,1.9645595221509926e-237,5.612222118722294e-244,1.603262041935471e-250,4.580091665538528e-257,1.3084099240203811e-263,3.737777874962526e-270,1.0677833594864852e-276,3.0503720149707254e-283,8.714098554777417e-290,2.489385335614634e-296,7.111509366365525e-303,2.03156838535075e-309,5.80364853e-316,1.7e-322,0.0,0.0,0.0,0.0,0.0,0.0,0.0,0.0,0.0,0.0,0.0,0.0,0.0,0.0,0.0,0.0,0.0,0.0,0.0,0.0,0.0,0.0,0.0,0.0,0.0,0.0,0.0,0.0,0.0,0.0,0.0,0.0,0.0,0.0
Y104,204888845859.7988,890.6205360473105,3.870333427719895e-06,1.6819150508483583e-14,7.309029806087725e-23,3.176255345317988e-31,1.3802923625045628e-39,5.998280361170677e-48,2.60664829195466e-56,1.1327605428273199e-64,4.922591403477166e-73,2.1391905181571305e-81,9.296193199664991e-90,4.039808856293266e-98,1.7555632983158786e-106,7.629079998655247e-115,3.315338255346067e-123,1.4407330568428348e-131,6.260935027466838e-140,2.7207890616503926e-148,1.1823622327209383e-156,5.138143449153849e-165,2.2328620936519452e-173,9.703257954171746e-182,4.216705330475893e-190,1.8324364793805504e-198,7.963144653946278e-207,3.460511373420669e-215,1.5038203481132675e-223,6.53509090237166e-232,2.8399278647773785e-240,1.2341358976677816e-248,5.3631341584503866e-257,2.3306353907939024e-265,1.012814739355786e-273,4.4013478054450396e-282,1.912675808491647e-290,8.31183744184759e-299,3.612041379567706e-307,1.56967013e-315,5e-324,0.0,0.0,0.0,0.0,0.0,0.0,0.0,0.0,0.0,0.0,0.0,0.0,0.0,0.0,0.0,0.0,0.0,0.0,0.0,0.0,0.0,0.0,0.0,0.0,0.0,0.0,0.0,0.0,0.0,0.0,0.0,0.0,0.0,0.0,0.0,0.0,0.0,0.0,0.0,0.0,0.0,0.0,0.0,0.0,0.0
Y105,167622.7728602385,1.3193377658461365e-12,1.0384341642165802e-29,8.173384718663068e-47,6.433168327977126e-64,5.063465890891937e-81,3.985390327302083e-98,3.136850608497953e-115,2.468975666605552e-132,1.9432996986774779e-149,1.5295467549390407e-166,1.203887016056616e-183,9.475643309036761e-201,7.458159687957849e-218,5.8702237005936685e-235,4.620379253966764e-252,3.636642407397104e-269,2.8623555064066855e-286,2.252924023652029e-303,1.773e-320,0.0,0.0,0.0,0.0,0.0,0.0,0.0,0.0,0.0,0.0,0.0,0.0,0.0,0.0,0.0,0.0,0.0,0.0,0.0,0.0,0.0,0.0,0.0,0.0,0.0,0.0,0.0,0.0,0.0,0.0,0.0,0.0,0.0,0.0,0.0,0.0,0.0,0.0,0.0,0.0,0.0,0.0,0.0,0.0,0.0,0.0,0.0,0.0,0.0,0.0,0.0,0.0,0.0,0.0,0.0,0.0,0.0,0.0,0.0,0.0,0.0,0.0,0.0,0.0,0.0,0.0
Y106,1.781405941628546,2.7890750116599346e-23,4.36674159375175e-46,6.836830155834665e-69,1.0704147606675977e-91,1.675904964345552e-114,2.623896411673515e-137,4.1081281610032577e-160,6.431929596056008e-183,1.0070211226934605e-205,1.5766521172318607e-228,2.4685002556082413e-251,3.8648307038310704e-274,6.0510086378722706e-297,9.4737e-320,0.0,0.0,0.0,0.0,0.0,0.0,0.0,0.0,0.0,0.0,0.0,0.0,0.0,0.0,0.0,0.0,0.0,0.0,0.0,0.0,0.0,0.0,0.0,0.0,0.0,0.0,0.0,0.0,0.0,0.0,0.0,0.0,0.0,0.0,0.0,0.0,0.0,0.0,0.0,0.0,0.0,0.0,0.0,0.0,0.0,0.0,0.0,0.0,0.0,0.0,0.0,0.0,0.0,0.0,0.0,0.0,0.0,0.0,0.0,0.0,0.0,0.0,0.0,0.0,0.0,0.0,0.0,0.0,0.0,0.0,0.0
Y107,0.22118750317523098,-3.8578662331971585e-48,6.728739942170894e-95,-1.1736005986875652e-141,2.0469484287951503e-188,-3.570207679539821e-235,6.227017102989708e-282,-0.0,0.0,0.0,0.0,0.0,0.0,0.0,0.0,0.0,0.0,0.0,0.0,0.0,0.0,0.0,0.0,0.0,0.0,0.0,0.0,0.0,0.0,0.0,0.0,0.0,0.0,0.0,0.0,0.0,0.0,0.0,0.0,0.0,0.0,0.0,0.0,0.0,0.0,0.0,0.0,0.0,0.0,0.0,0.0,0.0,0.0,0.0,0.0,0.0,0.0,0.0,0.0,0.0,0.0,0.0,0.0,0.0,0.0,0.0,0.0,0.0,0.0,0.0,0.0,0.0,0.0,0.0,0.0,0.0,0.0,0.0,0.0,0.0,0.0,0.0,0.0,0.0,0.0,0.0
Y108,0.00032712600831537585,1.4368911148805075e-35,6.311500839248609e-67,2.7723076878479158e-98,1.2177277816880847e-129,5.3488325152179985e-161,2.3494585330222472e-192,1.0319925671043558e-223,4.532996192908578e-255,1.9911048916349192e-286,8.745866e-318,0.0,0.0,0.0,0.0,0.0,0.0,0.0,0.0,0.0,0.0,0.0,0.0,0.0,0.0,0.0,0.0,0.0,0.0,0.0,0.0,0.0,0.0,0.0,0.0,0.0,0.0,0.0,0.0,0.0,0.0,0.0,0.0,0.0,0.0,0.0,0.0,0.0,0.0,0.0,0.0,0.0,0.0,0.0,0.0,0.0,0.0,0.0,0.0,0.0,0.0,0.0,0.0,0.0,0.0,0.0,0.0,0.0,0.0,0.0,0.0,0.0,0.0,0.0,0.0,0.0,0.0,0.0,0.0,0.0,0.0,0.0,0.0,0.0,0.0,0.0
Y97,570128269100108.9,468006545115862.8,185805848020435.56,73737131659653.77,29262600141117.95,11612870562046.371,4608570736641.784,1828912508853.765,725804410128.0677,288035671040.11383,114307031803.36096,45362775633.00451,18002229440.007217,7144189487.7101,2835173477.0627966,1125139340.0004566,446511842.9818834,177198342.31642553,70321208.75002879,27906990.186367817,11074896.394776635,4395075.546876817,1744186.8866479953,692181.0246735425,274692.2216798024,109011.68041550025,43261.314042096616,17168.263854987716,6813.230025968785,2703.8321276310467,1073.0164909367359,425.8268766230507,168.98950797694107,67.06353068354623,26.614179788940756,10.56184424855885,4.191470667721657,1.6633862368088048,0.660115265534931,0.2619669167326044,0.1039616398005506,0.041257204095933336,0.016372932295787842,0.006497602487534441,0.0025785752559958426,0.0010233082684867434,0.0004061001554709038,0.00016116095349974068,6.395676678042175e-05,2.53812597169316e-05,1.0072559593733838e-05,3.997297923776375e-06,1.5863287323082325e-06,6.295349746083682e-07,2.498311202360247e-07,9.914554576926502e-08,3.934593591302318e-08,1.5614445014751614e-08,6.196596610579088e-09,2.45912099456396e-09,9.759028134219794e-10,3.872872881611945e-10,1.5369506216024813e-10,6.099392583887402e-11,2.4205455510074775e-11,9.605941385015548e-12,3.812120364929642e-12,1.5128409693796797e-12,6.003713365634745e-13,2.382575228081036e-13,9.45525605862304e-14,3.7523208535217295e-14,1.4891095175506536e-14,5.90953503663942e-15,2.3452005334510896e-15,9.306934484691615e-16,3.693459397899651e-16,1.465750333406937e-16,5.816834052932283e-17,2.308412123687291e-17,9.160939583793394e-18,3.6355212830826944e-18,1.4427575773045633e-18,5.725587239870895e-19,2.272200801926694e-19,9.017234858153569e-20
Y97_m1,568954060274795.4,37077209513033.17,1919534731317.8523,99253595775.62987,5132078562.252596,265362972.3854602,13721050.10479655,709470.5575748631,36684.398659081024,1896.8300947941493,98.07887112867054,5.0713371684026916,0.26222223379674037,0.01355865279985115,0.0007010735248690294,3.6250215602370274e-05,1.8743799110996476e-06,9.691804566547754e-08,5.01131468598855e-09,2.5911866783494114e-10,1.3398177569706917e-11,6.927758763554083e-13,3.5821171376705584e-14,1.8521954395262824e-15,9.577095930572746e-17,4.952002607610969e-18,2.5605183453894166e-19,1.3239601665393193e-20,6.845764357592349e-22,3.5397205160771746e-23,1.8302735352030594e-24,9.463744943844238e-26,4.893392525188914e-27,2.5302129915441255e-28,1.3082902607187686e-29,6.764740407277022e-31,3.497825685311242e-32,1.8086110904805393e-33,9.351735537724899e-35,4.835476130156337e-36,2.5002663207261805e-37,1.2928058181429818e-38,6.684675426651825e-40,3.4564267063609947e-41,1.7872050344902664e-42,9.241051833759773e-44,4.778245212284286e-45,2.470674087695117e-46,1.2775046437371743e-47,6.605558065704038e-49,3.4155177105066187e-50,1.7660523327094554e-51,9.131678141425539e-53,4.7216916585170964e-54,2.4414320974555948e-55,1.2623845684066575e-56,6.52737710875552e-58,3.3750928984883267e-59,1.7451499865308265e-60,9.02359895590613e-62,4.6658074518222426e-63,2.412536204662689e-64,1.2474434487293536e-65,6.450121472872784e-67,3.335146539684224e-68,1.7244950328375042e-69,8.916798955894746e-71,4.610584670053827e-72,2.3839823130342507e-73,1.2326791666519349e-74,6.373780206295843e-76,3.2956729712979495e-77,1.7040845435829784e-78,8.81126300142198e-80,4.556015484829574e-81,2.355766374770222e-82,1.2180896291895791e-83,6.298342486885735e-85,3.256666597555934e-86,1.6839156253760203e-87,8.706976131709503e-89,4.5020921604210565e-90,2.3278843899788225e-91,1.2036727681292638e-92,6.223797620590368e-94,3.21812188891412e-95
Y97_m2,0.0,0.0,0.0,0.0,0.0,0.0,0.0,0.0,0.0,0.0,0.0,0.0,0.0,0.0,0.0,0.0,0.0,0.0,0.0,0.0,0.0,0.0,0.0,0.0,0.0,0.0,0.0,0.0,0.0,0.0,0.0,0.0,0.0,0.0,0.0,0.0,0.0,0.0,0.0,0.0,0.0,0.0,0.0,0.0,0.0,0.0,0.0,0.0,0.0,0.0,0.0,0.0,0.0,0.0,0.0,0.0,0.0,0.0,0.0,0.0,0.0,0.0,0.0,0.0,0.0,0.0,0.0,0.0,0.0,0.0,0.0,0.0,0.0,0.0,0.0,0.0,0.0,0.0,0.0,0.0,0.0,0.0,0.0,0.0,0.0,0.0
Y98,400775542315105.1,5559592086931.836,33953766086.709267,179715787.51792994,911028.4920473928,4550.812490256279,22.61430000878376,0.11216698278807806,0.000555973257986898,2.7550969357443295e-06,1.3651537916677394e-08,6.764137534996251e-11,3.351492650892298e-13,1.66058955517704e-15,8.227836960968348e-18,4.07670058536944e-20,2.0199092983300874e-22,1.0008174985563456e-24,4.958814934813765e-27,2.456975958507889e-29,1.2173736910226296e-31,6.031799768538235e-34,2.988614646427539e-36,1.4807881306010118e-38,7.336956238982323e-41,3.635288920756498e-43,1.8011999944963548e-45,8.924521519157972e-48,4.421890105996004e-50,2.1909423454830986e-52,1.0855603025324697e-54,5.378695486277109e-57,2.6650168642503337e-59,1.3204530549942945e-61,6.54253372214301e-64,3.241671284221715e-66,1.6061717312028796e-68,7.958202433022543e-71,3.943101770165952e-73,1.9537140077474362e-75,9.680192514807705e-78,4.796307276917113e-80,2.3764572305166633e-82,1.1774785563999476e-84,5.834128773612631e-87,2.8906733258192452e-89,1.4322605140970636e-91,7.096513334519414e-94,3.516155127599845e-96,1.7421720073726825e-98,8.632051752917934e-101,4.2769782288847214e-103,2.1191419252288846e-105,1.049984886276545e-107,5.2024276820916275e-110,2.577680321035098e-112,1.277179855920694e-114,6.328125218082059e-117,3.1354369230055107e-119,1.5535351086377302e-121,7.697400372055905e-124,3.813880494769232e-126,1.8896879108935045e-128,9.36295829267487e-131,4.639125195488942e-133,2.2985772131717902e-135,1.138890843051659e-137,5.6429357471837845e-140,2.795941686695985e-142,1.3853232192668074e-144,6.863950099430045e-147,3.400925524976116e-149,1.6850784546633718e-151,8.34916665336456e-154,4.136815328256066e-156,2.0496945109124164e-158,1.0155753290141633e-160,5.031936434484107e-163,2.493205925479459e-165,1.2353247835657894e-167,6.120743197730041e-170,3.032684018887683e-172,1.502623466024133e-174,7.445145180256917e-177,3.688893991637728e-179,1.8277600439043863e-181
Y98_m1,400848134375483.44,70860608510720.16,12526504199233.846,2214394015960.004,391453256226.05743,69199812998.75003,12232914257.06427,2162494156.210935,382278570.5332582,67577942.3815917,11946205.329164319,2111810.6994247404,373318.91653638496,65994.08435702314,11666.21614176203,2062.315136156973,364.56925443006344,64.44734800490541,11.392789200939482,2.013979625153294,0.3560246625293588,0.06293686328604044,0.011125770704042463,0.0019667769776887637,0.000347680334501327,6.146178055277386e-05,1.0865010453166468e-05,1.9206806422741833e-06,3.3953157666145213e-07,6.002127007106823e-08,1.0610361770670379e-08,1.875664689720882e-09,3.3157380533344934e-10,5.861452155377757e-11,1.0361681416670292e-11,1.831703798555549e-12,3.238025442709466e-13,5.72407437048609e-14,1.0118829508467082e-14,1.7887732407769032e-15,3.162134221395963e-16,5.589916377427823e-17,9.881669441862385e-18,1.7468488679461946e-18,3.0880217005819952e-19,5.458902712331858e-20,9.650067814318735e-21,1.7059070976037056e-21,3.0156461919746047e-22,5.33095968001158e-23,9.42389434992064e-24,1.6659249000036188e-24,2.9449669843502e-25,5.206015312511309e-26,9.203021826094375e-27,1.626879785159784e-27,2.875944320654492e-28,5.083999328624325e-29,8.987326002045288e-30,1.5887497901951015e-30,2.8085393756391525e-31,4.964843094359692e-32,8.776685548872351e-33,1.551513466987404e-33,2.74271423402261e-34,4.848479584335637e-35,8.570981981320656e-36,1.5151498701048866e-36,2.678431869162705e-37,4.73484334407777e-38,8.370099591133453e-39,1.4796385450243033e-39,2.615656122229204e-40,4.623870453200948e-41,8.173925381966263e-42,1.4449595166252962e-42,2.554351681864457e-43,4.515498489454051e-44,7.982349005826428e-45,1.4110932779543908e-45,2.494484064320759e-46,4.409666493607471e-47,7.795262701002371e-48,1.3780207792523348e-48,2.436019594063241e-49,4.306314935163546e-50
Y99,706336589594684.6,72915945595267.44,6900999444787.098,653131218294.1682,61814291059.56347,5850289302.011976,553688869.2010744,52402769.854771316,4959554.799095827,469387.0929609818,44424.19772809618,4204.438880787534,397.92066500500636,37.660401334783494,3.5642929695021452,0.33733534222081485,0.03192642526439938,0.0030216123322650895,0.00028597442434863954,2.7065474451591885e-05,2.5615574153467397e-06,2.424334516601073e-07,2.2944626628982967e-08,2.171548057986355e-09,2.0552180013196099e-10,1.9451197579596522e-11,1.8409194890156266e-12,1.7423012393809907e-13,1.648965979697316e-14,1.5606306996401928e-15,1.4770275497778976e-16,1.397903029400791e-17,1.3230172178587682e-18,1.2521430470760563e-19,1.1850656130374567e-20,1.1215815241583492e-21,1.0614982845625818e-22,1.0046337103982302e-23,9.508153774213767e-25,8.998800981728913e-26,8.516734271629025e-27,8.0604919256259015e-28,7.628690529832982e-29,7.220020779990346e-30,6.83324351140427e-31,6.467185941563314e-32,6.120738114037881e-33,5.792849532880441e-34,5.482525977321281e-35,5.1888264871013405e-36,4.910860509301092e-37,4.647785198014073e-38,4.398802858677221e-39,4.1631585293086725e-40,3.9401376913189223e-41,3.729064102954067e-42,3.5292977488017053e-43,3.3402328991420437e-44,3.1612962732597487e-45,2.991945301147396e-46,2.8316664783296206e-47,2.6799738088195256e-48,2.5364073314860858e-49,2.4005317253641886e-50,2.271934989678364e-51,2.150227194577793e-52,2.0350392987945605e-53,1.9260220306400856e-54,1.8228448289466903e-55,1.725194840743028e-56,1.6327759726241658e-57,1.5453079929398481e-58,1.4625256820786444e-59,1.38417802827146e-60,1.3100274664759288e-61,1.2398491580338614e-62,1.1734303089175132e-63,1.1105695244974666e-64,1.0510761988756745e-65,9.947699369319919e-67,9.41480007331733e-68,8.910448248356713e-69,8.433114603427563e-70,7.981351771798784e-71,7.553789922326503e-72,7.149132605864551e-73
Zn78,1291405198359.4973,122526593270.6975,11596292856.639751,1097507823.817606,103871421.48679279,9830701.857009245,930407.0129982111,88056.50119671208,8333.930521460352,788.7480991479787,74.64947809530518,7.065049774346238,0.6686574318746518,0.06328373832901647,0.005989362184560575,0.0005668511425690571,5.364848675542573e-05,5.0774531706910275e-06,4.805453473103422e-07,4.548024827773831e-08,4.304386661908278e-09,4.073800218079036e-10,3.855566314171063e-11,3.649023223328385e-12,3.4535446674719307e-13,3.2685379183048486e-14,3.0934420000471633e-15,2.9277259884501317e-16,2.770887400932562e-17,2.6224506729576995e-18,2.481965716030797e-19,2.3490065529448488e-20,2.2231700261364022e-21,2.1040745752348573e-22,1.9913590800985912e-23,1.8846817658297475e-24,1.783719166447508e-25,1.6881651440774875e-26,1.5977299606832661e-27,1.5121393995253458e-28,1.4311339336836542e-29,1.3544679391223818e-30,1.2819089499110156e-31,1.2132369533432591e-32,1.1482437228165158e-33,1.0867321864490706e-34,1.0285158295205368e-35,9.73418128923611e-37,9.212720179123145e-38,8.719193795237339e-39,8.252105671371989e-40,7.810039507171672e-41,7.391654873639182e-42,6.995683148698949e-43,6.620923670492706e-44,6.266240096743562e-45,5.930556959149284e-46,5.612856402357127e-47,5.312175097632067e-48,5.027601321860216e-49,4.758272193030281e-50,4.5033710538105956e-51,4.262124995288199e-52,4.0338025133614603e-53,3.817711290680011e-54,3.613196097406373e-55,3.419636804434007e-56,3.23644650303751e-57,3.063069725253293e-58,2.8989807595947e-59,2.743682056994412e-60,2.5967027221407057e-61,2.4575970856329732e-62,2.325943352627028e-63,2.2013423238726186e-64,2.0834161852650903e-65,1.9718073622409074e-66,1.866177435543317e-67,1.7662061150705552e-68,1.6715902686951223e-69,1.5820430031092977e-70,1.4972927939098796e-71,1.4170826622843512e-72,1.3411693958020686e-73,1.269322810947744e-74,1.2013250551610876e-75
Zn79,593548665769.741,18228520232.58033,559806412.0365071,17191917.66300291,527971.8605870433,16214.263646203059,497.947646861833,15.29220595061068,0.4696308222554573,0.014422582976233674,0.00044292429254823713,1.3602412914013794e-05,4.177364849844599e-07,1.2828883521642735e-08,3.9398103428289017e-10,1.2099342480797571e-11,3.715764865029456e-13,1.1411288302731987e-14,3.504460197511332e-16,1.0762361751039887e-17,3.3051718077009707e-19,1.015033775218138e-20,3.1172163650707256e-22,9.573117766033427e-24,2.939949398099147e-25,9.028722590304918e-27,2.7727630844731042e-28,8.515285574143617e-30,2.615084166954604e-31,8.031046217665377e-33,2.4663719877661953e-34,7.574344135459476e-36,2.3261166347550932e-37,7.1436133633716e-39,2.1938371929795418e-40,6.737376989043517e-42,2.0690800957223257e-43,6.354242087798145e-45,1.9514175692773146e-46,5.992894946506093e-48,1.8404461661764624e-49,5.652096559056871e-51,1.7357853818278706e-52,5.330678377989495e-54,1.637076349821603e-55,5.0275383077153756e-57,1.5439806114296376e-58,4.7416369255949525e-60,1.4561789550807549e-61,4.4719939179105684e-63,1.3733703218310865e-64,4.217684718515179e-66,1.2952707730773538e-67,3.977837338631239e-69,1.2216125169732289e-70,3.7516293769296663e-72,1.1521429902105459e-73,3.538285199636827e-75,1.0866239920169266e-76,3.337073281000624e-78,1.0248308674004332e-79,3.147303694996462e-81,9.66551736840689e-83,2.9683257496725394e-84,9.115867697852272e-86,2.7995257560230288e-87,8.597474994599602e-89,2.6403249237388824e-90,8.108561766443852e-92,2.4901773766211427e-93,7.647451601956899e-95,2.348568280851861e-96,7.212563422319717e-98,2.2150120797048106e-99,6.802406060036092e-101,2.0890508286429927e-102,6.415573145938926e-104,1.970252625094295e-105,6.05073828695759e-107,1.8582101275211996e-108,5.706650518111482e-110,1.7525391587066627e-111,5.382130013135419e-113,1.6528773884670472e-114,5.076064039029202e-116,1.5588830912752932e-117
Zn80,87574110520.62715,142928448.4366651,233240.46824565355,380.6178309236676,0.6211183432561871,0.0010135836132350814,1.6540354220305829e-06,2.699168713471851e-09,4.40468906937991e-12,7.187874437444715e-15,1.1729667659775273e-17,1.9141278079655675e-20,3.123605349699452e-23,5.0973139515909185e-26,8.318147336885391e-29,1.357412468120355e-31,2.215118985014897e-34,3.6147834449818615e-37,5.89885213503647e-40,9.626152448863753e-43,1.5708617345803794e-45,2.5634401722571392e-48,4.1831979047456155e-51,6.826429927896432e-54,1.1139837660468975e-56,1.8178752937092433e-59,2.966533879757939e-62,4.840993928574311e-65,7.899866701810796e-68,1.2891545584887437e-70,2.103731035476034e-73,3.433012931213792e-76,5.602226514291208e-79,9.142098368482046e-82,1.4918704619635753e-84,2.4345367831006647e-87,3.972844492456234e-90,6.4831607683239566e-93,1.0579667446774066e-95,1.726462867174389e-98,2.8173607977071835e-101,4.5975630379170443e-104,7.502619439023632e-107,1.2243290191474438e-109,1.9979442637458574e-112,3.26038280446431e-115,5.320516805467162e-118,8.68238509861408e-121,1.4168512901448637e-123,2.3121153411009233e-126,3.773068767158801e-129,6.157153005580885e-132,1.0047665567113732e-134,1.639647143039259e-137,2.675688930646884e-140,4.366373145575531e-143,7.125347878833542e-146,1.1627632522851091e-148,1.8974770128500412e-151,3.09643343751931e-154,5.05297295727787e-157,8.245788654005978e-160,1.3456044807958528e-162,2.195849899522012e-165,3.583338826561442e-168,5.847538644940069e-171,9.542415568019182e-174,1.5571969746889665e-176,2.5411410776399687e-179,4.1468087091288065e-182,6.767047536800651e-185,1.1042933392251951e-187,1.8020617890230988e-190,2.9407283156625957e-193,4.798882634999881e-196,7.831146597884374e-199,1.2779403394923318e-201,2.0854309019613753e-204,3.4031495152450576e-207,5.553493339060134e-210,9.062572222826489e-213,1.478892838788312e-215,2.413359005416256e-218,3.9382851388987136e-221,6.42676443929869e-224,1.0487636039929841e-226
Zn81,114.99192826638414,0.0022754834143285923,4.502772365804526e-08,8.910176558784213e-13,1.7631636658257435e-17,3.488983738962252e-22,6.904071225311931e-27,1.3661915059070408e-31,2.7034472413459448e-36,5.349635797866176e-41,1.0585966958083916e-45,2.094772441936014e-50,4.1451778575065764e-55,8.202561350521943e-60,1.6231393446057848e-64,3.2119007946702575e-69,6.355773919896554e-74,1.2576933318696826e-78,2.4887488714438255e-83,4.9247863435080144e-88,9.745266309305287e-93,1.928412905962367e-97,3.815982260363002e-102,7.551142479073045e-107,1.4942352675884115e-111,2.956822813359359e-116,5.851020477995149e-121,1.1578117051600905e-125,2.2911010987694388e-130,4.533676954023131e-135,8.971331179789589e-140,1.7752650652809226e-144,3.5129302316992333e-149,6.951457026972814e-154,1.3755683036857703e-158,2.7220022374632275e-163,5.386352797532449e-168,1.0658623295814826e-172,2.1091498242397155e-177,4.173628110899797e-182,8.258859284390615e-187,1.6342796930380996e-191,3.2339455403056634e-196,6.399396506127347e-201,1.2663254570070524e-205,2.5058302943546518e-210,4.958587406863245e-215,9.812152533591676e-220,1.9416484866074858e-224,3.84217309365976e-229,7.602969426992523e-234,1.504490888324926e-238,2.977116842028504e-243,5.89117871026652e-248,1.1657582969652626e-252,2.3068259745287352e-257,4.564793654579513e-262,9.032905532956935e-267,1.7874495221808658e-271,3.537041080179131e-276,6.999168059084835e-281,1.3850094587205741e-285,2.740684585013774e-290,5.423321802777337e-295,1.0731778307255371e-299,2.1236258851004677e-304,4.202273631407244e-309,8.3155436167e-314,1.645496e-318,3.5e-323,0.0,0.0,0.0,0.0,0.0,0.0,0.0,0.0,0.0,0.0,0.0,0.0,0.0,0.0,0.0,0.0
Zn82,3850079829.8976836,4.3679518647943484e-20,4.955482570777617e-49,5.62204169583654e-78,6.37825930740075e-107,7.236195317187355e-136,8.2095318087377385e-165,9.313791234821612e-194,1.0566583964448713e-222,1.198788912728761e-251,1.3600373234306491e-280,1.54297516558941e-309,0.0,0.0,0.0,0.0,0.0,0.0,0.0,0.0,0.0,0.0,0.0,0.0,0.0,0.0,0.0,0.0,0.0,0.0,0.0,0.0,0.0,0.0,0.0,0.0,0.0,0.0,0.0,0.0,0.0,0.0,0.0,0.0,0.0,0.0,0.0,0.0,0.0,0.0,0.0,0.0,0.0,0.0,0.0,0.0,0.0,0.0,0.0,0.0,0.0,0.0,0.0,0.0,0.0,0.0,0.0,0.0,0.0,0.0,0.0,0.0,0.0,0.0,0.0,0.0,0.0,0.0,0.0,0.0,0.0,0.0,0.0,0.0,0.0,0.0
Zn83,22451923.075965203,2.2272331278890768e-28,2.2094176027517207e-63,2.191744583098842e-98,2.1742129290362782e-133,2.1568215097878183e-168,2.1395692036222573e-203,2.1224548977811158e-238,2.105477488406772e-273,2.088635880471296e-308,0.0,0.0,0.0,0.0,0.0,0.0,0.0,0.0,0.0,0.0,0.0,0.0,0.0,0.0,0.0,0.0,0.0,0.0,0.0,0.0,0.0,0.0,0.0,0.0,0.0,0.0,0.0,0.0,0.0,0.0,0.0,0.0,0.0,0.0,0.0,0.0,0.0,0.0,0.0,0.0,0.0,0.0,0.0,0.0,0.0,0.0,0.0,0.0,0.0,0.0,0.0,0.0,0.0,0.0,0.0,0.0,0.0,0.0,0.0,0.0,0.0,0.0,0.0,0.0,0.0,0.0,0.0,0.0,0.0,0.0,0.0,0.0,0.0,0.0,0.0,0.0
Zr103,180713822049577.97,12638996787854.047,878830130283.0126,61107886380.120186,4249027939.72572,295448582.85989183,20543490.49998318,1428454.9881325287,99325.07103027949,6906.391742919082,480.2236375156474,33.39149451885675,2.321818042883217,0.16144347840477022,0.011225684458488146,0.0007805579562997006,5.4274705956310204e-05,3.7738949207672837e-06,2.6241105542714145e-07,1.8246284927399653e-08,1.268722893972314e-09,8.821838462427657e-11,6.134108104055879e-12,4.2652427147129413e-13,2.96576048331836e-14,2.062188680159254e-15,1.433906135204401e-16,9.970410682392258e-18,6.932747321106275e-19,4.820562256596457e-20,3.3518920268414154e-21,2.3306783652112046e-22,1.6205956512216038e-23,1.1268522950056994e-24,7.835366544408779e-26,5.448182442130082e-27,3.7882965339912123e-28,2.6341244592827803e-29,1.8315914830673332e-30,1.273564485164159e-31,8.855503603648403e-33,6.157516559840448e-34,4.281519367129911e-35,2.977078163405458e-36,2.070058227242559e-37,1.4393780844748994e-38,1.0008458906136214e-39,6.959203475184221e-41,4.838958071689065e-42,3.3646832289157767e-43,2.3395724995392267e-44,1.6267800289669527e-45,1.1311524918193064e-46,7.865267196337203e-48,5.468973327396441e-49,3.8027531054129245e-50,2.644176578497211e-51,1.838581044959539e-52,1.2784245524199095e-53,8.889297214885707e-55,6.181014344960741e-56,4.297858133107959e-57,2.9884390330499293e-58,2.0779578054146223e-59,1.444870915327592e-60,1.0046652326239304e-61,6.985760588962011e-63,4.8574240873091065e-64,3.377523243675395e-65,2.348500574897737e-66,1.632988007002768e-67,1.1354690986741551e-68,7.895281952561912e-70,5.4898435530510355e-71,3.8172648447591575e-72,2.6542670577444565e-73,1.8455972798166996e-74,1.283303166246334e-75,8.923219786395812e-77,6.204601800307695e-78,4.3142592496795253e-79,2.9998432570680534e-80,2.0858875292775076e-81,1.4503847074489756e-82,1.0084991496787367e-83,7.012419047713358e-85
Zr104,29988170213378.44,1682523584408.858,93684881592.31941,5216483807.482925,290459921.0803983,16173148.21010442,900539.8130422338,50143.11031710418,2792.027044067358,155.46333216079805,8.65638020874255,0.4819973769815083,0.02683817783123946,0.0014943811391921065,8.32088900824592e-05,4.633168344521451e-06,2.579802336914098e-07,1.436464121882638e-08,7.998400280248937e-10,4.453602848029441e-11,2.4798181677597462e-12,1.3807917667989268e-13,7.68841009412436e-15,4.280996685870395e-16,2.3837090373781078e-17,1.3272770786373111e-18,7.39043404984396e-20,4.115080138441683e-21,2.29132476273904e-22,1.2758364337296413e-23,7.104006521040496e-25,3.9555939395347443e-26,2.202520981384499e-27,1.2263894493704066e-28,6.828679927405818e-30,3.802288871197815e-31,2.1171589258433798e-32,1.1788588582082766e-33,6.564024035288353e-35,3.6549253743004816e-36,2.0351052067893115e-37,1.13317038750583e-38,6.309625285397091e-40,3.5132731741913375e-41,1.9562316046024376e-42,1.0892526430787053e-43,6.065086146561216e-45,3.3771109208638206e-46,1.880414869009574e-47,1.047036997732914e-48,5.830024494536017e-50,3.2462258430680726e-51,1.807536526489616e-52,1.0064574840258987e-53,5.604073014883895e-55,3.120413415828079e-56,1.7374826951432202e-57,9.67450691183823e-59,5.386878628997825e-60,2.999477040844842e-61,1.670143906737528e-62,9.299556660139759e-64,5.178101942369979e-65,2.883227739285883e-66,1.605414935647789e-67,8.939138176574813e-69,4.977416714243667e-70,2.77148385648124e-71,1.5431946344286122e-72,8.592688260334376e-74,4.784509347819646e-75,2.664070778064369e-76,1.4833857757579259e-77,8.259665538314678e-79,4.599078400220297e-80,2.5608206571144906e-81,1.425894900506625e-82,7.939549619151241e-84,4.4208341114459115e-85,2.461572151873905e-86,1.3706321716965122e-87,7.631840280039578e-89,4.249497951586917e-90,2.3661701736304882e-91,1.317511234118316e-92,7.336056685071901e-94
Zr105,41928334299071.88,129994301278.21906,403033380.07600826,1249561.741232334,3874.1320752566876,12.011330726027762,0.03723984185553603,0.00011545813307931106,3.5796555060231017e-07,1.109833772645475e-09,3.4409205043110567e-12,1.0668204742738908e-14,3.307562388913259e-17,1.0254742217990925e-19,3.1793727704104506e-22,9.857304063180862e-25,3.0561513358327523e-27,9.475269229443224e-30,2.9377055356445496e-32,9.108040737607337e-35,2.823850282860763e-37,8.755044745339601e-40,2.7144076638243606e-42,8.415729650440106e-45,2.609206660193086e-47,8.089565228892447e-50,2.5080828817010242e-52,7.776041806319612e-55,2.4108783092774294e-57,7.474669461551381e-60,2.3174410481213367e-62,7.184977261058776e-65,2.2276250903461518e-67,6.90651252305906e-70,2.141290086823337e-72,6.638840110141491e-75,2.0583011278686107e-77,6.3815417493085176e-80,1.9785285324279938e-82,6.134215378369721e-85,1.9018476454342954e-87,5.896474517667275e-90,1.828138643017328e-92,5.667947666151212e-95,1.7572863452635035e-97,5.448277720860625e-100,1.6891800362322366e-102,5.2371214189037786e-105,1.6237132909478618e-107,5.0341488010651964e-110,1.5607838090967472e-112,4.83904269620139e-115,1.5002932551697482e-117,4.6514982256196356e-120,1.4421471048001616e-122,4.471222326665366e-125,1.3862544970570909e-127,4.297933294773583e-130,1.3325280924634237e-132,4.1313603432687845e-135,1.2808839365165184e-137,3.971243180225562e-140,1.2312413284983589e-142,3.817331601728554e-145,1.183522695370186e-147,3.669385100896236e-150,1.1376534705545168e-152,3.5271724920576394e-155,1.0935619774151552e-157,3.390471549494615e-160,1.0511793172531245e-162,3.2590686601852034e-165,1.0104392616434737e-167,3.1327584900055067e-170,9.712781489447366e-173,3.011343662868362e-175,9.336347848193367e-178,2.8946344522974984e-180,8.974503466094619e-183,2.7824484849552415e-185,8.62668291418999e-188,2.6746104556604083e-190,8.29234267757905e-193,2.5709518534511297e-195,7.970960306109215e-198,2.471310698264554e-200
Zr106,606977803.8527781,1616.3792326513196,0.004304410802334271,1.146262707474958e-08,3.052492559110034e-14,8.128774287656637e-20,2.164689025120267e-25,5.76455737317191e-31,1.535099098437219e-36,4.087962161656997e-42,1.0886225294609412e-47,2.898997018038872e-53,7.720016335469209e-59,2.0558369618547923e-64,5.474684806442794e-70,1.4579061611410297e-75,3.882397708433597e-81,1.0338808057888684e-86,2.7532200481591195e-92,7.331812904488025e-98,1.952458558565254e-103,5.199388572205943e-109,1.3845948947900416e-114,3.687170127900786e-120,9.818917867774942e-126,2.6147735187093095e-131,6.963130404198809e-137,1.8542785705513363e-142,4.93793569503246e-148,1.3149701083492422e-153,3.5017596271890097e-159,9.325170518137876e-165,2.483288816204466e-170,6.6129872185089e-176,1.761035593878392e-181,4.689630057391663e-187,1.2488464260257327e-192,3.325672551375391e-198,8.856251408084512e-204,2.358415863003757e-209,6.280451092197214e-215,1.6724813693902107e-220,4.453810546240172e-226,1.1860477937062199e-231,3.158440069128917e-237,8.41091204183804e-243,2.2398221852297776e-248,5.964636648787457e-254,1.5883801217197403e-259,4.2298492928103204e-265,1.1264070102134425e-270,2.9996169244483857e-276,7.987966704621463e-282,2.127192027557818e-287,5.664703033235757e-293,1.508507931537845e-298,4.017150000911406e-304,1.06976528213353e-309,2.84878025e-315,7.584e-321,0.0,0.0,0.0,0.0,0.0,0.0,0.0,0.0,0.0,0.0,0.0,0.0,0.0,0.0,0.0,0.0,0.0,0.0,0.0,0.0,0.0,0.0,0.0,0.0,0.0,0.0
Zr107,56139440.0934518,0.0051872226494392455,4.792936781021512e-13,4.428620967205297e-23,4.0919971548196276e-33,3.7809604477437604e-43,3.493565945070365e-53,3.228016579712856e-63,2.982651881412021e-73,2.7559375938775432e-83,2.546456081140748e-93,2.3528974631298654e-103,2.1740514250388788e-113,2.0087996492742622e-123,1.856108822656869e-133,1.7150241751532204e-143,1.5846635097341664e-153,1.4642116860298242e-163,1.3529155232873054e-173,1.2500790907596148e-183,1.1550593560766837e-193,1.067262164387995e-203,9.86138523134501e-214,9.111811692186638e-224,8.419213971072618e-234,7.77926128033204e-244,7.187952019701831e-254,6.641588754469807e-264,6.13675509555358e-274,5.670294336947264e-284,5.239289716956816e-294,4.841046179798115e-304,4.4730735237e-314,5e-324,0.0,0.0,0.0,0.0,0.0,0.0,0.0,0.0,0.0,0.0,0.0,0.0,0.0,0.0,0.0,0.0,0.0,0.0,0.0,0.0,0.0,0.0,0.0,0.0,0.0,0.0,0.0,0.0,0.0,0.0,0.0,0.0,0.0,0.0,0.0,0.0,0.0,0.0,0.0,0.0,0.0,0.0,0.0,0.0,0.0,0.0,0.0,0.0,0.0,0.0,0.0,0.0
Zr108,111153.6803563907,1.7043120692666035e-14,2.613210475780511e-33,4.006818418922305e-52,6.143628303579274e-71,9.419984832427782e-90,1.4443600728818823e-108,2.2146277910701166e-127,3.395674212451867e-146,5.206564915153969e-165,7.983191707940246e-184,1.2240575289906121e-202,1.876839350843031e-221,2.8777454208199257e-240,4.4124281086339354e-259,6.765546970557108e-278,1.037356863021739e-296,1.59057245e-315,0.0,0.0,0.0,0.0,0.0,0.0,0.0,0.0,0.0,0.0,0.0,0.0,0.0,0.0,0.0,0.0,0.0,0.0,0.0,0.0,0.0,0.0,0.0,0.0,0.0,0.0,0.0,0.0,0.0,0.0,0.0,0.0,0.0,0.0,0.0,0.0,0.0,0.0,0.0,0.0,0.0,0.0,0.0,0.0,0.0,0.0,0.0,0.0,0.0,0.0,0.0,0.0,0.0,0.0,0.0,0.0,0.0,0.0,0.0,0.0,0.0,0.0,0.0,0.0,0.0,0.0,0.0,0.0
Zr109,138613755.99345437,1.893549237498759e-05,2.5867048253143447e-18,3.5335980289284094e-31,4.827112435810826e-44,6.594132744359076e-57,9.007991263606164e-70,1.2305470598028097e-82,1.6810030361676234e-95,2.296353629951862e-108,3.1369604220436838e-121,4.2852810477952176e-134,5.853957713189519e-147,7.996866605853637e-160,1.0924212070704239e-172,1.492314618307695e-185,2.038593635496199e-198,2.7848444019119876e-211,3.8042688880331274e-224,5.196865491845954e-237,7.099238180901188e-250,9.69799638421336e-263,1.3248060069492746e-275,1.809766560550483e-288,2.4722525309414046e-301,3.3772491493e-314,0.0,0.0,0.0,0.0,0.0,0.0,0.0,0.0,0.0,0.0,0.0,0.0,0.0,0.0,0.0,0.0,0.0,0.0,0.0,0.0,0.0,0.0,0.0,0.0,0.0,0.0,0.0,0.0,0.0,0.0,0.0,0.0,0.0,0.0,0.0,0.0,0.0,0.0,0.0,0.0,0.0,0.0,0.0,0.0,0.0,0.0,0.0,0.0,0.0,0.0,0.0,0.0,0.0,0.0,0.0,0.0,0.0,0.0,0.0,0.0
Zr110,3337633.7650413266,1.4613876475498364e-09,6.398706409253987e-25,2.801682618603893e-40,1.2267206827984959e-55,5.371213797069875e-71,2.3517935303755483e-86,1.029736111516087e-101,4.508714075724771e-117,1.9741468119156206e-132,8.643829636436041e-148,3.784712987542668e-163,1.6571419151639033e-178,7.255819228649325e-194,3.1769706744536776e-209,1.3910410869232053e-224,6.090693002198521e-240,2.666818514259892e-255,1.167670244655606e-270,5.112660621498925e-286,2.2385856580883707e-301,9.801679e-317,0.0,0.0,0.0,0.0,0.0,0.0,0.0,0.0,0.0,0.0,0.0,0.0,0.0,0.0,0.0,0.0,0.0,0.0,0.0,0.0,0.0,0.0,0.0,0.0,0.0,0.0,0.0,0.0,0.0,0.0,0.0,0.0,0.0,0.0,0.0,0.0,0.0,0.0,0.0,0.0,0.0,0.0,0.0,0.0,0.0,0.0,0.0,0.0,0.0,0.0,0.0,0.0,0.0,0.0,0.0,0.0,0.0,0.0,0.0,0.0,0.0,0.0,0.0,0.0
