Ag120,5080935189.492112,3841714885.4999304,2418748394.55226,1434137733.285411,830581985.8647887,476323945.9611212,272010168.22149915,155048778.84847862,88308361.4209636,50278460.205558114,28621659.95685824,16292139.519548189,9273601.896038368,5278531.011865872,3004520.722779451,1710157.9784735409,973412.1777836258,554060.3950736555,315367.79851214174,179505.41106032644,102173.37159608642,58156.451172957866,33102.2920473745,18841.619680156433,10724.533247334963,6104.337909789392,3474.551334444668,1977.693101614812,1125.6906654901504,640.7361553241486,364.7030514873055,207.58671827441606,118.15707444210896,67.25427501700442,38.28071682899629,21.78914694375968,12.402247498591642,7.059282468163336,4.01809986222064,2.287077557186633,1.301790381510318,0.7409710230716436,0.4217561174440793,0.24006097008236876,0.1366412174555572,0.07777533474654623,0.04426923886933878,0.025197776601760022,0.01434241839002931,0.008163615723947753,0.004646679512195626,0.0026448612011121626,0.001505438615852181,0.0008568863368504686,0.0004877343961748827,0.00027761539772758626,0.00015801696509386932,8.994227792068888e-05,5.119458757328262e-05,2.913964219484856e-05,1.6586103873350378e-05,9.44070760574411e-06,5.373592302189715e-06,3.0586154593521735e-06,1.7409449772317003e-06,9.909350992393923e-07,5.640341215527668e-07,3.210447288828405e-07,1.8273667142638302e-07,1.0401258167418768e-07,5.920331733134325e-08,3.36981615744815e-08,1.9180784872990092e-08,1.091758396168787e-08,6.214221177588504e-09,3.5370962091524186e-09,2.013293256751357e-09,1.14595405326896e-09,6.522699501425599e-10,3.712680160651441e-10,2.1132345545402166e-10,1.202840021026536e-10,6.846490906911699e-11,3.896980223390028e-11,2.21813700886711e-11,1.2625498483607518e-11,7.186355546224316e-12,4.090429071279941e-12,2.328246895043038e-12,1.3252237136534286e-12,7.543091306031443e-13,4.29348085647124e-13,2.443822713659219e-13,1.391008753840174e-13,7.917535680658253e-14,4.506612275547141e-14,2.5651357974585907e-14,1.460059409837884e-14,8.310567738239064e-15,4.7303236886455574e-15,2.6924709483328963e-15,1.53253778911954e-15,8.723110184470669e-16,4.965140294134732e-16,2.826127105940747e-16,1.6086140462874686e-16,9.156131528811695e-17,5.211613361600464e-17,2.966418049516321e-17,1.6884667825385026e-17,9.610648358213611e-18,5.4703215260397226e-18,3.113673134516366e-18,1.7722834649589066e-18,1.0087727723721473e-18,5.741872146299031e-19,3.2682380658349077e-19,1.860260866633379e-19,1.0588489645547071e-19,6.026902730946573e-20,3.4304757094008135e-20,1.9526055286013778e-20
Ag120_m1,174627737.01929954,20016792.612797484,2294434.9697405854,263000.7680152883,30146.59595449414,3455.5687973910876,396.0963198474412,45.40274084982428,5.2043121164828445,0.5965469066142286,0.06837949066581087,0.007838033676603087,0.0008984385715274256,0.00010298397533270978,1.180459022067312e-05,1.3531071200914467e-06,1.5510058750161065e-07,1.777848323029961e-08,2.037867625528898e-09,2.33591606515738e-10,2.6775555954200793e-11,3.0691616336318784e-12,3.5180420341113566e-13,4.032573461805125e-14,4.622357711243947e-15,5.298400887936237e-16,6.073318795945936e-17,6.961572364441692e-18,7.979737506568668e-19,9.146814446544285e-20,1.0484582287405004e-20,1.2018005436078087e-21,1.3775699470174154e-22,1.5790465140152685e-23,1.809990047200303e-24,2.0747102393036164e-25,2.378147097399434e-26,2.7259631295634165e-27,3.1246490142956387e-28,3.5816447246307395e-29,4.1054783672613366e-30,4.705925327584948e-31,5.394190690518329e-32,6.183118341277887e-33,7.0874306482059775e-34,8.124003200421979e-35,9.3121797272433e-36,1.067413307616335e-36,1.2235278985683133e-37,1.4024750374510728e-38,1.6075940997953202e-39,1.8427128616803547e-40,2.112218930782669e-41,2.421141624576443e-42,2.7752458236346544e-43,3.1811395514498204e-44,3.646397288347224e-45,4.179701320681193e-46,4.791003763065696e-47,5.491712277175053e-48,6.294902952857819e-49,7.215564324189553e-50,8.270877074106498e-51,9.480534647255601e-52,1.0867110754094196e-52,1.2456480624321678e-53,1.427830387075453e-54,1.636657797448353e-55,1.8760272720032392e-56,2.150405741986499e-57,2.4649134499152e-58,2.8254194996522667e-59,3.2386513811630595e-60,3.7123205138211483e-61,4.2552661510570435e-62,4.877620331789115e-63,5.59099695683491e-64,6.408708518703279e-65,7.346014529213905e-66,8.420406280911764e-67,9.65193325627762e-68,1.1063577275935258e-68,1.268168136792494e-69,1.4536441361275657e-70,1.666246937762174e-71,1.909943973631644e-72,2.189282932643266e-73,2.5094766261910688e-74,2.876500265681034e-75,3.2972029673860244e-76,3.779435565449279e-77,4.332197118185656e-78,4.9658028416698396e-79,5.692076604460609e-80,6.524571575651365e-81,7.478823143813219e-82,8.57263882661174e-83,9.826430581170393e-84,1.1263595716504095e-84,1.291095351632135e-85,1.4799245720117806e-86,1.6963710202159312e-87,1.9444738553915517e-88,2.2288629841247854e-89,2.5548454602395713e-90,2.928504521003483e-91,3.35681310787919e-92,3.847763990259573e-93,4.4105189204567093e-94,5.0555796033618784e-95,5.794983671282386e-96,6.642529321088747e-97,7.614032805679951e-98,8.727623584876903e-99,1.0004082643625707e-99,1.1467230290948072e-100,1.3144370676448075e-101,1.506680131960475e-102,1.7270397160298782e-103,1.9796280029680572e-104,2.2691586034536215e-105,2.6010345175495455e-106
Ag121,2554237382.911706,1058900090.722911,436183819.4778984,179429490.23311424,73789087.85153987,30343352.22730391,12477547.388697324,5130901.408480089,2109880.4550613146,867604.852600286,356768.1560809474,146706.78254303342,60327.35727726333,24807.23775679993,10200.994587889729,4194.755240427957,1724.9270524994688,709.3079729103073,291.6748274688119,119.93972749227318,49.32046538180905,20.281089146504296,8.339795129349348,3.4294106345618656,1.4102093778128073,0.579892786599834,0.2384579547131323,0.09805639504394979,0.04032181111585128,0.016580748771496942,0.006818176619934131,0.0028037052524751247,0.001152912806596162,0.00047408975620386897,0.00019495064644222697,8.016573665831092e-05,3.2964986016982227e-05,1.3555545653270976e-05,5.574181583552071e-06,2.292161534560833e-06,9.425607009329311e-07,3.875907790736905e-07,1.593813659685349e-07,6.553927799496602e-08,2.6950433847765074e-08,1.1082299146453058e-08,4.557156855627354e-09,1.873950371880929e-09,7.705879142466426e-10,3.1687377771214607e-10,1.3030179833501585e-10,5.358145685618321e-11,2.203325322839779e-11,9.060303252480157e-12,3.725691080475625e-12,1.532042983587324e-12,6.29992034460224e-13,2.5905928732756733e-13,1.065278776233548e-13,4.38053730016915e-14,1.8013225707940198e-14,7.40722605860857e-15,3.0459285179080715e-15,1.252517536632121e-15,5.150482587977607e-16,2.1179320938204113e-16,8.70915739916295e-17,3.5812962476324965e-17,1.4726663241313455e-17,6.055757335529642e-18,2.4901905004483774e-18,1.0239922746146483e-18,4.2107629046118375e-19,1.7315095707658075e-19,7.120147729927735e-20,2.9278789186000975e-20,1.2039743116495527e-20,4.950867790000988e-21,2.0358484094637254e-21,8.371620738260825e-22,3.442497656480228e-22,1.415590897555856e-22,5.821057235785815e-23,2.393679374514158e-23,9.843058942541063e-24,4.047568374356835e-24,1.664402279893723e-24,6.844195559156222e-25,2.8144045113279253e-25,1.1573124532928294e-25,4.758989367575692e-26,1.95694600332517e-26,8.047165824791994e-27,3.3090784161477995e-27,1.3607275160752982e-27,5.595453295905665e-28,2.300908684272468e-28,9.461576200152261e-29,3.8906986967018103e-29,1.59989583429805e-29,6.578938335096753e-30,2.705327977555219e-30,1.1124590463326465e-30,4.57454748568311e-31,1.8811015801216513e-31,7.735285655708453e-32,3.180830041700322e-32,1.3079904485126133e-32,5.3785929803583415e-33,2.211733463440578e-33,9.094878402524058e-34,3.7399087423501793e-34,1.537889434258468e-34,6.323961558798856e-35,2.6004788709956317e-35,1.0693440014804819e-35,4.397253929867471e-36,1.8081966230665643e-36,7.435492877637536e-37,3.057552128354092e-37,1.2572972863330826e-37,5.170137416664387e-38
Ag122,223535292.1590684,60686650.69353277,16377061.556354135,4417689.802247745,1191629.9729174708,321430.202792258,86702.55115199972,23387.137277101327,6308.444008096673,1701.6390387919155,458.9999395312522,123.81059653990668,33.39665759259732,9.008410988451935,2.4299278546618623,0.6554484899091181,0.1768006083390177,0.047690177932030835,0.012863943696549137,0.003469918851295413,0.0009359755545109545,0.00025246994992837827,6.810121835942869e-05,1.83696156447698e-05,4.955018237054081e-06,1.3365661102729186e-06,3.6052520529009384e-07,9.72480318410313e-08,2.6231674119274393e-08,7.07572908235953e-09,1.9086064358416675e-09,5.148273039478045e-10,1.388694640827214e-10,3.745863497670554e-11,1.010408835078562e-11,2.725475753827392e-12,7.351695498707149e-13,1.9830455886394178e-13,5.349065133769215e-14,1.4428562797155217e-14,3.891959046771883e-15,1.0498166334859075e-15,2.8317743087708353e-16,7.63842511161945e-17,2.0603880049729033e-17,5.557688488139381e-18,1.499130321893095e-18,4.043752590335776e-19,1.090761408334277e-19,2.9422187023874834e-20,7.936337705510156e-21,2.1407469174467637e-21,5.774448536099981e-22,1.5575991549639318e-22,4.20146636060061e-23,1.133303104524818e-23,3.0569706299921064e-24,8.245869437155237e-25,2.224239974944945e-25,5.999662623629719e-26,1.618348379799731e-26,4.365331257269802e-27,1.1775040049198145e-27,3.176198093313462e-28,8.567473474245267e-29,2.3109894148737581e-29,6.2336604737828266e-30,1.681466935863271e-30,4.535587185558865e-31,1.223428821527453e-31,3.300075646455957e-32,8.901620658842166e-33,2.4011222421226126e-33,6.476784669417525e-34,1.7470472314195395e-34,4.712483407426862e-35,1.2711447902429686e-35,3.4287846514543264e-36,9.248800196712132e-37,2.4947704150046342e-37,6.729391154752085e-38,1.8151852788254058e-38,4.896278906506589e-39,1.3207217692848674e-39,3.562513543795413e-40,9.609520373543802e-41,2.5920710384492645e-41,6.991849756482353e-42,1.88598083509582e-42,5.087242767267704e-43,1.3722323414703568e-43,3.7014581082957934e-44,9.984309299100306e-45,2.6931665647297567e-45,7.264544725223875e-46,1.959537547952351e-46,5.28565456896788e-47,1.4257519204796773e-47,3.845821765739083e-48,1.0373715680394418e-48,2.798205002019373e-49,7.547875298071157e-50,2.0359631075678556e-50,5.49180479496878e-51,1.4813588612649684e-51,3.995815870692689e-52,1.0778309625019124e-52,2.9073401310816923e-53,7.842256283097935e-54,2.115369404229535e-54,5.705995258016152e-55,1.5391345747652662e-55,4.151660020939944e-56,1.119868347580963e-56,3.0207317304122213e-57,8.148118666653834e-58,2.197872692151065e-58,5.928539542106542e-59,1.599163647095585e-59,4.313582378980597e-60,1.1635452678058384e-60,3.1385458101609364e-61
Ag122_m1,83322284.40748519,2603821.3877339163,81369.41836668499,2542.794323958912,79.46232262371619,2.483197581991137,0.07759992443722316,0.0024249976386632277,7.578117620822597e-05,2.3681617565070646e-06,7.400505489084589e-08,2.312657965338938e-09,7.2270561416842e-11,2.258455044276316e-12,7.057672013363504e-14,2.2055225041760998e-15,6.892257825550316e-17,2.153830570484477e-18,6.730720532763997e-20,2.103350166488753e-21,6.572969270277364e-23,2.0540528969616793e-24,6.418915303005258e-26,2.005911032189147e-27,6.268471975591094e-29,1.9588974923722167e-30,6.121554663663177e-32,1.912985832394743e-33,5.978080726233572e-35,1.868150226947991e-36,5.837969459212472e-38,1.8243654560038976e-39,5.70114205001218e-41,1.7816068906288062e-42,5.5675215332150195e-44,1.7398504791296936e-45,5.437032747280292e-47,1.6990727335250914e-48,5.309602292265911e-50,1.659250716333097e-51,5.185158488540928e-53,1.62036202766904e-54,5.06363133646575e-56,1.582384792645547e-57,4.944952477017334e-59,1.545297649067917e-60,4.8290551533372405e-62,1.5090797354178877e-63,4.715874173180899e-65,1.473710679119031e-66,4.605345872246972e-68,1.4391705850771786e-69,4.497408078366183e-71,1.4054400244894323e-72,4.392000076529476e-74,1.3725000239154612e-75,4.289062574735816e-77,1.3403320546049426e-78,4.1885376706404455e-80,1.3089180220751392e-81,4.09036881898481e-83,1.2782402559327532e-84,3.9945007997898536e-86,1.2482814999343293e-87,3.900879687294779e-89,1.2190249022796184e-90,3.8094528196238075e-92,1.1904540061324399e-93,3.7201687691638746e-95,1.1625527403637108e-96,3.632977313636596e-98,1.1353054105114363e-99,3.5478294078482385e-101,1.1086966899525745e-102,3.4646771561017954e-104,1.082711611281811e-105,3.3834737852556596e-107,1.0573355578923936e-108,3.30417361841373e-110,1.0325542557542906e-111,3.226732049232158e-113,1.0083537653850495e-114,3.1511055168282796e-116,9.847204740088374e-118,3.077251481277617e-119,9.616410878992552e-121,3.0051283996851726e-122,9.391026249016164e-124,2.9346957028175514e-125,9.170924071304848e-127,2.865913772282765e-128,8.95598053838364e-130,2.7987439182448877e-131,8.746074744515274e-133,2.733148357661023e-134,8.541088617690697e-136,2.669090193028343e-137,8.340906853213572e-139,2.606533391629241e-140,8.145416848841379e-142,2.545442765262931e-143,7.954508641446659e-145,2.485783950452081e-146,7.768074845162753e-148,2.4275233891133602e-149,7.586010590979251e-151,2.370628309681016e-152,7.408213467753175e-154,2.315066708672867e-155,7.23458346460271e-157,2.2608073326883467e-158,7.065022914651083e-160,2.2078196608284636e-161,6.899436440088949e-163,2.1560738875277965e-164,6.737730898524364e-166,2.1055409057888637e-167,6.579815330590199e-169,2.0561922908094372e-170,6.425600908779491e-172,2.008000283993591e-173,6.275000887479972e-175
Ag123,103053894.15339576,10250567.217956832,1018521.8970788335,101139.8917332923,10039.586150861009,996.3588995984384,98.86917561668221,9.810106847119506,0.9733467186495729,0.09657177768332173,0.00958134123286638,0.0009506015546303997,9.431232609167978e-05,9.357009119892143e-06,9.283352916960517e-07,9.210266681383555e-08,9.137750098117364e-09,9.065801117801293e-10,8.994416693254704e-11,8.923593209334423e-12,8.85332673377452e-13,8.783613163514876e-14,8.714448310016059e-15,8.645827948954894e-16,8.577747849125926e-17,8.510203789204052e-18,8.443191567421235e-19,8.376707007107322e-20,8.31074595981705e-21,8.245304307048758e-22,8.180377961141762e-23,8.115962865695051e-24,8.05205499570732e-25,7.988650357555242e-26,7.925744988877987e-27,7.863334958407933e-28,7.801416365770633e-29,7.739985341267817e-30,7.679038045651065e-31,7.618570669891026e-32,7.558579434944604e-33,7.49906059152195e-34,7.440010419853892e-35,7.38142522946054e-36,7.3233013589212655e-37,7.265635175646225e-38,7.208423075649536e-39,7.1516614833241675e-40,7.095346851218555e-41,7.039475659814901e-42,6.984044417309285e-43,6.929049659393432e-44,6.874487949038189e-45,6.820355876278726e-46,6.766650058001473e-47,6.713367137732638e-48,6.660503785428456e-49,6.60805669726707e-50,6.556022595442041e-51,6.504398227957489e-52,6.453180368424893e-53,6.402365815861381e-54,6.351951394489749e-55,6.301933953539937e-56,6.25231036705213e-57,6.203077533681395e-58,6.154232376503845e-59,6.105771842824345e-60,6.0576929039857375e-61,6.009992555179536e-62,5.96266781525815e-63,5.915715726548572e-64,5.8691333546675155e-65,5.822917788338037e-66,5.7770661392075896e-67,5.731575541667496e-68,5.686443152673864e-69,5.641666151569912e-70,5.597241739909664e-71,5.55316714128307e-72,5.509439601142492e-73,5.466056386630531e-74,5.423014786409248e-75,5.380312110490715e-76,5.337945690068878e-77,5.295912877352782e-78,5.2542110454010886e-79,5.2128375879578886e-80,5.171789919289826e-81,5.1310654740245006e-82,5.0906617069901256e-83,5.050576093056471e-84,5.0108061269770514e-85,4.9713493232325445e-86,4.93220321587546e-87,4.893365358376027e-88,4.854833323469282e-89,4.8166047030033785e-90,4.7786771077890886e-91,4.7410481674504704e-92,4.703715530276737e-93,4.666676863075282e-94,4.62992985102585e-95,4.593472197535876e-96,4.557301624096955e-97,4.5214158701424317e-98,4.485812692906129e-99,4.4504898672821825e-100,4.4154451856859684e-101,4.380676457916141e-102,4.3461815110177564e-103,4.3119581891464535e-104,4.278004353433732e-105,4.2443178818532777e-106,4.2108966690883335e-107,4.177738626400129e-108,4.1448416814973415e-109,4.112203778406576e-110,4.079822877343876e-111,4.0476969545872476e-112,4.0158240023501716e-113,3.9842020286561286e-114
Ag124,118486042.89563553,2106461.8562762155,37443.73871059741,665.5869719729059,11.831244221739034,0.2103081125814637,0.0037383644009570606,6.645187493150704e-05,1.1812255864589937e-06,2.0997058210321604e-08,3.73236457619186e-10,6.634522420309883e-12,1.1793298149073388e-13,2.0963362262161434e-15,3.7263795280887054e-17,6.623964944564352e-19,1.1775961329538053e-20,2.095767778728794e-22,3.769547785110918e-24,7.47727575843893e-26,2.694349097096224e-27,2.8787214511753135e-28,4.730067177326809e-29,8.25585501350913e-30,1.4501766495387634e-30,2.5489450896156464e-31,4.4805203253950936e-32,7.875883724593507e-33,1.3844281784444737e-33,2.4335573986480677e-34,4.277724005638969e-35,7.519412811565661e-36,1.3217675792116993e-36,2.323412182903872e-37,4.0841099876950383e-38,7.179076753718513e-39,1.261943071833608e-39,2.2182522505055864e-40,3.8992591319697026e-41,6.854144642379499e-42,1.2048262808049917e-42,2.117851960612326e-43,3.722774808724017e-44,6.543919279638004e-45,1.1502946522058237e-45,2.021995887098584e-46,3.5542783404264964e-47,6.24773502351294e-48,1.0982311790287728e-48,1.9304783542384676e-49,3.393408188865142e-50,5.964956359637361e-51,1.0485241501193364e-51,1.843102995392769e-52,3.239819179404852e-53,5.694976537652857e-54,1.0010669104803045e-54,1.759682331670511e-55,3.093181760355754e-56,5.43721626932209e-57,9.55757632425088e-58,1.680037369660671e-58,2.953181295863286e-59,5.191122485566048e-60,9.124990970888553e-61,1.6039972173709595e-61,2.8195173908026926e-62,4.95616714975902e-63,8.71198485828718e-64,1.5313987175496167e-64,2.6919032462295715e-65,4.731846124735003e-66,8.317671810653237e-67,1.4620860976033953e-67,2.57006504400327e-68,4.5176780910745364e-69,7.941205761385746e-70,1.3959106353606208e-70,2.4537413592628846e-71,4.313203514350933e-72,7.581778937694506e-73,1.332730339962138e-73,2.3426825994951765e-74,4.1179836591199633e-75,7.238620127384427e-76,1.2724096471954584e-76,2.236650468990811e-77,3.9315996475373717e-78,6.91099302408681e-79,1.2148191286183741e-79,2.135417457539844e-80,3.753651560584223e-81,6.598194647387108e-82,1.1598352138479219e-82,2.0387663522693484e-83,3.5837575799717655e-84,6.299553834459358e-85,1.1073399254188455e-85,1.9464897715757816e-86,3.42155316888447e-87,6.014429799970605e-88,1.0572206256425942e-88,1.8583897201519967e-89,3.2666902898034717e-90,5.742210761165584e-91,1.0093697749237644e-91,1.7742771641541885e-92,3.118836657732091e-93,5.482312625181361e-94,9.636847010153587e-95,1.693971625597217e-95,2.977675027221111e-96,5.234177735775418e-97,9.20067378717776e-98,1.617300795107966e-98,2.842902511663978e-99,4.997273676778119e-100,8.784242195488692e-101,1.5441001622059043e-101,2.714229933401397e-102,4.771092129701989e-103,8.386658709337093e-104
Ag125,343.71674665032975,5.281617958041611,0.08115836230481953,0.001247095080483987,1.9163104045809646e-05,2.944639633662796e-07,4.5247906999260685e-09,6.952890133134933e-11,1.0684108733836705e-12,1.6420279856594416e-14,2.5282201621148166e-16,3.973650000715743e-18,7.665830743149226e-20,3.919849793285794e-21,5.42206848082824e-22,9.305332143779932e-23,1.6322308344089295e-23,2.86861391058275e-24,5.042387491529946e-25,8.863530992001512e-26,1.558037408350476e-26,2.738728891266615e-27,4.814156562538259e-28,8.462357666210005e-29,1.4875190772466679e-29,2.614771311336461e-30,4.596263076670714e-31,8.079342992014796e-32,1.4201924932003936e-32,2.4964241767383764e-33,4.388231665807363e-34,7.713663940698391e-35,1.3559131769102593e-35,2.3834335504541256e-36,4.189615962266248e-37,7.364535884766619e-38,1.2945432060240138e-38,2.2755569916216637e-39,3.99998980182526e-40,7.031209709805526e-41,1.2359509006924005e-41,2.1725630324921827e-42,3.81894630887634e-43,6.712970207060121e-44,1.1800105410263304e-44,2.0742306817760374e-45,3.646097023403692e-46,6.409134538830755e-47,1.126602097343182e-47,1.9803489504678245e-48,3.481071067475892e-49,6.119050773327152e-50,1.0756109726224347e-50,1.8907163991331134e-51,3.3235143494633452e-52,5.842096485836365e-53,1.0269277566180107e-53,1.8051407056854284e-54,3.173088804273666e-55,5.577677423203312e-56,9.804479910997389e-57,1.7234382527260646e-57,3.0294716679748034e-58,5.325226228758196e-59,9.3607194572021e-60,1.6454337335613078e-60,2.892354785249334e-61,5.084201224955026e-62,8.937044040261432e-63,1.5709597760517203e-63,2.761443948194172e-64,4.854085251109041e-65,8.5325445915506e-66,1.4998565834863608e-66,2.6364582650467827e-67,4.6343845537393665e-68,8.146353187789568e-69,1.4319715917114085e-69,2.5171295574834987e-70,4.424627727135795e-71,7.777641188763967e-72,1.3671591417774706e-72,2.4032017851967175e-73,4.224364701876631e-74,7.425617459334767e-75,1.3052801674032096e-75,2.2944304965162898e-76,4.0331657791271555e-77,7.089526671921516e-78,1.246201896584672e-78,2.1905823038963302e-79,3.850620708646716e-80,6.7686476858167185e-81,1.1897975667100533e-81,2.0914343831420032e-82,3.6763378085261404e-83,6.462291999854307e-84,1.1359461525686936e-84,1.996773995301835e-85,3.509943124766688e-86,6.169802275111601e-87,1.084532106670605e-87,1.9063980301996103e-88,3.351079628897313e-89,5.890550924475477e-90,1.0354451113194412e-90,1.8201125706264917e-91,3.199406451908536e-92,5.623938766046005e-93,9.885798419068525e-94,1.737732476258229e-94,3.054598152859244e-95,5.36939373748838e-96,9.438357409203852e-97,1.6590809864046802e-97,2.916344020587059e-98,5.126369668574676e-99,9.011168021800226e-100,1.5839893407392913e-100,2.7843474070239873e-101,4.8943451092813884e-102,8.603313648403612e-103
Ag126,63.396050197965664,0.09743113351308022,0.00014973844187454258,2.3012768266732376e-07,3.536750460793733e-10,5.435505923034617e-13,8.353635623112027e-16,1.2838405313477538e-18,1.973088825386488e-21,3.032370000640302e-24,4.6603415429014405e-27,7.162313072582488e-30,1.1007504080430192e-32,1.6917041303948383e-35,2.5999198763713826e-38,3.9957243362486316e-41,6.140886539000769e-44,9.437709989845082e-47,1.45044806294231e-49,2.2291420117346e-52,3.425889030731751e-55,5.2651269363297586e-58,8.091786221617338e-61,1.2435978286593647e-63,1.911241247716966e-66,2.937318659451647e-69,4.514260519162105e-72,6.937806345692872e-75,1.0662467681256086e-77,1.6386767140655412e-80,2.518423927268875e-83,3.870476112219107e-86,5.9483970006211524e-89,9.141879668316046e-92,1.404982953579649e-94,2.159268303093955e-97,3.318502614474558e-100,5.100088574678302e-103,7.838144636713694e-106,1.2046165560942021e-108,1.851332317114093e-111,2.8452467559502874e-114,4.3727584871769564e-117,6.720336908280513e-120,1.03282466418479e-122,1.5873114718907156e-125,2.439482514473607e-128,3.749153864133474e-131,5.761941154958442e-134,8.855322314406317e-137,1.3609429736112596e-139,2.0915848251041686e-142,3.2144822857622805e-145,4.940223433187738e-148,7.59245358977913e-151,1.1668571734164182e-153,1.7933012655964884e-156,2.7560608979881525e-159,4.235691915877127e-162,6.509684172553417e-165,1.0004501948678023e-167,1.5375563020877279e-170,2.3630155646099598e-173,3.6316345300702625e-176,5.581329872524812e-179,8.57774726173648e-182,1.318283451555669e-184,2.0260229237550555e-187,3.1137225326898094e-190,4.7853693543659e-193,7.354463866734521e-196,1.1302813798010546e-198,1.7370892299892668e-201,2.669670620846484e-204,4.102921773255654e-207,6.305634465167723e-210,9.690905214788147e-213,1.4893607360335657e-215,2.288945514247232e-218,3.517798905553025e-221,5.406379952202494e-224,8.30887295502812e-227,1.276961116184087e-229,1.9625160970349538e-232,3.016121150681994e-235,4.635369263638332e-238,7.12393406525612e-241,1.0948520749840393e-243,1.682639192216835e-246,2.585988295473978e-249,3.9743133853419927e-252,6.107980810490673e-255,9.387138346693805e-258,1.4426758870725804e-260,2.217197231224046e-263,3.407531522636623e-266,5.236913935415682e-269,8.048426664511168e-272,1.2369340526287016e-274,1.9009999274751308e-277,2.9215791388235217e-280,4.490071010021359e-283,6.900630349911612e-286,1.0605333216299134e-288,1.6298959214672066e-291,2.5049290396011484e-294,3.849736299596833e-297,5.9165227206569266e-300,9.092893221729383e-303,1.3974544009287929e-305,2.14769793843882e-308,3.3007205327836e-311,5.072759926e-314,7.7961444e-317,1.19816e-319,1.83e-322,0.0,0.0,0.0,0.0,0.0,0.0
Ag127,21.481729576809727,0.03718143658559935,6.435511729285337e-05,1.1138841051077029e-07,1.927955152292717e-10,3.336981874692098e-13,5.775781671467489e-16,9.996953885024588e-19,1.7303127552935357e-21,2.9948945104333097e-24,5.183683181658094e-27,8.972126141403648e-30,1.5529314712383655e-32,2.6878758906807665e-35,4.652283077206036e-38,8.052357590430234e-41,1.393734252368406e-43,2.4123309781143624e-46,4.175358923755552e-49,7.226878193892115e-52,1.2508569774015214e-54,2.1650332770745287e-57,3.747326173594535e-60,6.486021993288408e-63,1.1226266235871248e-65,1.94308705288195e-68,3.363172773342344e-71,5.821113926200619e-74,1.0075416764310695e-76,1.7438934242060135e-79,3.018400475265137e-82,5.224368245570333e-85,9.042545476980183e-88,1.5651199314402167e-90,2.7089721650031323e-93,4.6887973524232534e-96,8.115557958147534e-99,1.4046732247452102e-101,2.4312645889433006e-104,4.208129974515474e-107,7.283599639030731e-110,1.2606745519498092e-112,2.1820259276982296e-115,3.7767377328140707e-118,6.536928696126027e-121,1.1314377592853514e-123,1.958337718897426e-126,3.389569235941648e-129,5.86680197923708e-132,1.0154495473528248e-134,1.7575806834256685e-137,3.0420909308630713e-140,5.265372633478162e-143,9.113517511297758e-146,1.577404054950356e-148,2.7302340172049666e-151,4.7255982164555597e-154,8.179254365246408e-157,1.4156980536017922e-159,2.450346803600756e-162,4.2411582347243285e-165,7.340766272569111e-168,1.2705691814865948e-170,2.199151948177378e-173,3.806380133912751e-176,6.588234949319217e-179,1.1403180507568843e-181,1.9737080824908174e-184,3.416172875895397e-187,5.912848623123437e-190,1.0234194846128518e-192,1.77137536954558e-195,3.0659673252358713e-198,5.306698851653038e-201,9.18504658231124e-204,1.5897845925993635e-206,2.7516627468538645e-209,4.76268791864651e-212,8.243450704980637e-215,1.426809412798087e-217,2.4695787884304515e-220,4.274445723136452e-223,7.39838158864801e-226,1.2805414707917325e-228,2.216412385289133e-231,3.8362551886943385e-234,6.639943888810391e-237,1.1492680407831782e-239,1.9891990831299652e-242,3.442985319272104e-245,5.959256672324102e-248,1.0314519753499044e-250,1.7852783257249817e-253,3.090031117757255e-256,5.348349426037361e-259,9.25713706202272e-262,1.60226230111084e-264,2.7732596637173e-267,4.800068725994032e-270,8.308150901160882e-273,1.4380079814829313e-275,2.4889617189303544e-278,4.307994474350747e-281,7.456449108832553e-284,1.2905920293917974e-286,2.233808294026462e-289,3.866364723182849e-292,6.692058675154922e-295,1.1582882764057927e-297,2.0048116676562817e-300,3.470008204902749e-303,6.006028963393266e-306,1.0395475105261255e-308,1.7992904017405e-311,3.1142837795e-314,5.390327e-317,9.33e-320,1.63e-322,0.0,0.0,0.0,0.0
Ag128,0.9072157928744404,5.855153199224637e-06,3.778904562250636e-11,2.438897703392235e-16,1.5740598656636314e-21,1.0158951961153822e-26,6.556567967986382e-32,4.231596298831453e-37,2.731064075552224e-42,1.7626234777716456e-47,1.137593787052985e-52,7.342008322603371e-58,4.7385179861804635e-63,3.058230353162289e-68,1.973775961235093e-73,1.2738711919202453e-78,8.221540060650399e-84,5.3061660706046727e-89,3.4245893301174107e-94,2.210223337133051e-99,1.4264738714933973e-104,9.206434806234543e-110,5.941815236525288e-115,3.8348360736879e-120,2.4749957928106037e-125,1.5973575028304392e-130,1.0309314461303211e-135,6.653611635072871e-141,4.294228094074529e-146,2.7714865151934863e-151,1.7887120422173903e-156,1.1544312961414997e-161,7.45067728094924e-167,4.8086527219415396e-172,3.1034951761177064e-177,2.0029897905159982e-182,1.2927257408951616e-187,8.343226955452615e-193,5.384702557403194e-198,3.475276626959682e-203,2.242936820583966e-208,1.4475870905080827e-213,9.342699113834486e-219,6.029759957378981e-224,3.891595426612073e-229,2.5116281695251815e-234,1.6209999679859421e-239,1.0461902474629339e-244,6.752091644063789e-250,4.357786901607619e-255,2.812507246775683e-260,1.8151867431258724e-265,1.1715180169570261e-270,7.560954646966326e-276,4.879825520906067e-281,3.1494299630590253e-286,2.032636013258992e-291,1.3118593557751004e-296,8.466714936214115e-302,5.464401461600015e-307,3.526714145747e-312,2.2761347e-317,1.5e-322,0.0,0.0,0.0,0.0,0.0,0.0,0.0,0.0,0.0,0.0,0.0,0.0,0.0,0.0,0.0,0.0,0.0,0.0,0.0,0.0,0.0,0.0,0.0,0.0,0.0,0.0,0.0,0.0,0.0,0.0,0.0,0.0,0.0,0.0,0.0,0.0,0.0,0.0,0.0,0.0,0.0,0.0,0.0,0.0,0.0,0.0,0.0,0.0,0.0,0.0,0.0,0.0,0.0,0.0,0.0,0.0,0.0,0.0,0.0
Ag129,0.00016750232005414452,4.78509413914779e-11,1.3669736582218751e-17,3.9050788300798026e-24,1.1155767762909052e-30,3.1869050484037832e-37,9.104136984017932e-44,2.6008089028343545e-50,7.42981675356689e-57,2.1225003087087278e-63,6.063416783874094e-70,1.7321563131989816e-76,4.948308190416143e-83,1.4135995556959116e-89,4.038276572453399e-96,1.1536278155943348e-102,3.2956067100288107e-109,9.414668613543658e-116,2.6895194997970257e-122,7.683239247935434e-129,2.1948963502763382e-135,6.2702329486237525e-142,1.7912381705430897e-148,5.117089285039709e-155,1.4618158088451864e-161,4.176017536448215e-168,1.192976732034364e-174,3.40801606016685e-181,9.735792119389479e-188,2.781255913075885e-194,7.945305691782418e-201,2.2697617374610755e-207,6.4841033746136256e-214,1.852335242011139e-220,5.291627308457147e-227,1.5116766628705674e-233,4.3184566861224587e-240,1.2336677947056812e-246,3.5242595638038575e-253,1.006786877826061e-259,2.87612134978138e-266,8.216310920271446e-273,2.347180696798599e-279,6.705268674571949e-286,1.915516264236461e-292,5.47211862288075e-299,1.5632382132142456e-305,4.46575427118e-312,1.275747e-318,0.0,0.0,0.0,0.0,0.0,0.0,0.0,0.0,0.0,0.0,0.0,0.0,0.0,0.0,0.0,0.0,0.0,0.0,0.0,0.0,0.0,0.0,0.0,0.0,0.0,0.0,0.0,0.0,0.0,0.0,0.0,0.0,0.0,0.0,0.0,0.0,0.0,0.0,0.0,0.0,0.0,0.0,0.0,0.0,0.0,0.0,0.0,0.0,0.0,0.0,0.0,0.0,0.0,0.0,0.0,0.0,0.0,0.0,0.0,0.0,0.0,0.0,0.0,0.0,0.0,0.0,0.0,0.0,0.0,0.0,0.0,0.0,0.0
Ag130,415368.83371600887,0.3961265885505768,3.7777575354631183e-07,3.6027503351813587e-13,3.435850463086476e-19,3.2766823416581013e-25,3.1248877922612286e-31,2.980125229130969e-37,2.8420688906965058e-43,2.7104081065144628e-49,2.584846598162144e-55,2.4651018125173112e-61,2.35090428592426e-67,2.241997037815347e-73,2.1381349924233947e-79,2.03908442728367e-85,1.944622447284388e-91,1.8545364830821914e-97,1.7686238127538636e-103,1.6866911056078588e-109,1.6085539871290801e-115,1.5340366240778774e-121,1.4629713288096246e-127,1.395198181924463e-133,1.330564672398057e-139,1.2689253543835257e-145,1.2101415199122707e-151,1.1540808867571584e-157,1.1006173007556554e-163,1.0496304519230442e-169,1.0010056037168947e-175,9.546333348435368e-182,9.104092930255314e-188,8.682339601760228e-194,8.280124284515617e-200,7.896541866794245e-206,7.530729166788349e-212,7.18186299017751e-218,6.849158277680898e-224,6.531866338425555e-230,6.229273165154997e-236,5.940697827487004e-242,5.665490939604778e-248,5.403033198933403e-254,5.1527339925131045e-260,4.914030067933197e-266,4.6863842658359614e-272,4.469284311138122e-278,4.2622416602498395e-284,4.064790401697013e-290,3.8764862076730924e-296,3.6969053341609007e-302,3.525643667374523e-308,3.3623158146e-314,3.2065e-320,0.0,0.0,0.0,0.0,0.0,0.0,0.0,0.0,0.0,0.0,0.0,0.0,0.0,0.0,0.0,0.0,0.0,0.0,0.0,0.0,0.0,0.0,0.0,0.0,0.0,0.0,0.0,0.0,0.0,0.0,0.0,0.0,0.0,0.0,0.0,0.0,0.0,0.0,0.0,0.0,0.0,0.0,0.0,0.0,0.0,0.0,0.0,0.0,0.0,0.0,0.0,0.0,0.0,0.0,0.0,0.0,0.0,0.0,0.0,0.0,0.0,0.0,0.0,0.0,0.0,0.0,0.0
Al31,0.0,0.0,0.0,0.0,0.0,0.0,0.0,0.0,0.0,0.0,0.0,0.0,0.0,0.0,0.0,0.0,0.0,0.0,0.0,0.0,0.0,0.0,0.0,0.0,0.0,0.0,0.0,0.0,0.0,0.0,0.0,0.0,0.0,0.0,0.0,0.0,0.0,0.0,0.0,0.0,0.0,0.0,0.0,0.0,0.0,0.0,0.0,0.0,0.0,0.0,0.0,0.0,0.0,0.0,0.0,0.0,0.0,0.0,0.0,0.0,0.0,0.0,0.0,0.0,0.0,0.0,0.0,0.0,0.0,0.0,0.0,0.0,0.0,0.0,0.0,0.0,0.0,0.0,0.0,0.0,0.0,0.0,0.0,0.0,0.0,0.0,0.0,0.0,0.0,0.0,0.0,0.0,0.0,0.0,0.0,0.0,0.0,0.0,0.0,0.0,0.0,0.0,0.0,0.0,0.0,0.0,0.0,0.0,0.0,0.0,0.0,0.0,0.0,0.0,0.0,0.0,0.0,0.0,0.0,0.0,0.0,0.0
Al32,0.0,0.0,0.0,0.0,0.0,0.0,0.0,0.0,0.0,0.0,0.0,0.0,0.0,0.0,0.0,0.0,0.0,0.0,0.0,0.0,0.0,0.0,0.0,0.0,0.0,0.0,0.0,0.0,0.0,0.0,0.0,0.0,0.0,0.0,0.0,0.0,0.0,0.0,0.0,0.0,0.0,0.0,0.0,0.0,0.0,0.0,0.0,0.0,0.0,0.0,0.0,0.0,0.0,0.0,0.0,0.0,0.0,0.0,0.0,0.0,0.0,0.0,0.0,0.0,0.0,0.0,0.0,0.0,0.0,0.0,0.0,0.0,0.0,0.0,0.0,0.0,0.0,0.0,0.0,0.0,0.0,0.0,0.0,0.0,0.0,0.0,0.0,0.0,0.0,0.0,0.0,0.0,0.0,0.0,0.0,0.0,0.0,0.0,0.0,0.0,0.0,0.0,0.0,0.0,0.0,0.0,0.0,0.0,0.0,0.0,0.0,0.0,0.0,0.0,0.0,0.0,0.0,0.0,0.0,0.0,0.0,0.0
Al33,0.0,0.0,0.0,0.0,0.0,0.0,0.0,0.0,0.0,0.0,0.0,0.0,0.0,0.0,0.0,0.0,0.0,0.0,0.0,0.0,0.0,0.0,0.0,0.0,0.0,0.0,0.0,0.0,0.0,0.0,0.0,0.0,0.0,0.0,0.0,0.0,0.0,0.0,0.0,0.0,0.0,0.0,0.0,0.0,0.0,0.0,0.0,0.0,0.0,0.0,0.0,0.0,0.0,0.0,0.0,0.0,0.0,0.0,0.0,0.0,0.0,0.0,0.0,0.0,0.0,0.0,0.0,0.0,0.0,0.0,0.0,0.0,0.0,0.0,0.0,0.0,0.0,0.0,0.0,0.0,0.0,0.0,0.0,0.0,0.0,0.0,0.0,0.0,0.0,0.0,0.0,0.0,0.0,0.0,0.0,0.0,0.0,0.0,0.0,0.0,0.0,0.0,0.0,0.0,0.0,0.0,0.0,0.0,0.0,0.0,0.0,0.0,0.0,0.0,0.0,0.0,0.0,0.0,0.0,0.0,0.0,0.0
Al34,0.0,0.0,0.0,0.0,0.0,0.0,0.0,0.0,0.0,0.0,0.0,0.0,0.0,0.0,0.0,0.0,0.0,0.0,0.0,0.0,0.0,0.0,0.0,0.0,0.0,0.0,0.0,0.0,0.0,0.0,0.0,0.0,0.0,0.0,0.0,0.0,0.0,0.0,0.0,0.0,0.0,0.0,0.0,0.0,0.0,0.0,0.0,0.0,0.0,0.0,0.0,0.0,0.0,0.0,0.0,0.0,0.0,0.0,0.0,0.0,0.0,0.0,0.0,0.0,0.0,0.0,0.0,0.0,0.0,0.0,0.0,0.0,0.0,0.0,0.0,0.0,0.0,0.0,0.0,0.0,0.0,0.0,0.0,0.0,0.0,0.0,0.0,0.0,0.0,0.0,0.0,0.0,0.0,0.0,0.0,0.0,0.0,0.0,0.0,0.0,0.0,0.0,0.0,0.0,0.0,0.0,0.0,0.0,0.0,0.0,0.0,0.0,0.0,0.0,0.0,0.0,0.0,0.0,0.0,0.0,0.0,0.0
Al35,0.0,0.0,0.0,0.0,0.0,0.0,0.0,0.0,0.0,0.0,0.0,0.0,0.0,0.0,0.0,0.0,0.0,0.0,0.0,0.0,0.0,0.0,0.0,0.0,0.0,0.0,0.0,0.0,0.0,0.0,0.0,0.0,0.0,0.0,0.0,0.0,0.0,0.0,0.0,0.0,0.0,0.0,0.0,0.0,0.0,0.0,0.0,0.0,0.0,0.0,0.0,0.0,0.0,0.0,0.0,0.0,0.0,0.0,0.0,0.0,0.0,0.0,0.0,0.0,0.0,0.0,0.0,0.0,0.0,0.0,0.0,0.0,0.0,0.0,0.0,0.0,0.0,0.0,0.0,0.0,0.0,0.0,0.0,0.0,0.0,0.0,0.0,0.0,0.0,0.0,0.0,0.0,0.0,0.0,0.0,0.0,0.0,0.0,0.0,0.0,0.0,0.0,0.0,0.0,0.0,0.0,0.0,0.0,0.0,0.0,0.0,0.0,0.0,0.0,0.0,0.0,0.0,0.0,0.0,0.0,0.0,0.0
Al36,0.0,0.0,0.0,0.0,0.0,0.0,0.0,0.0,0.0,0.0,0.0,0.0,0.0,0.0,0.0,0.0,0.0,0.0,0.0,0.0,0.0,0.0,0.0,0.0,0.0,0.0,0.0,0.0,0.0,0.0,0.0,0.0,0.0,0.0,0.0,0.0,0.0,0.0,0.0,0.0,0.0,0.0,0.0,0.0,0.0,0.0,0.0,0.0,0.0,0.0,0.0,0.0,0.0,0.0,0.0,0.0,0.0,0.0,0.0,0.0,0.0,0.0,0.0,0.0,0.0,0.0,0.0,0.0,0.0,0.0,0.0,0.0,0.0,0.0,0.0,0.0,0.0,0.0,0.0,0.0,0.0,0.0,0.0,0.0,0.0,0.0,0.0,0.0,0.0,0.0,0.0,0.0,0.0,0.0,0.0,0.0,0.0,0.0,0.0,0.0,0.0,0.0,0.0,0.0,0.0,0.0,0.0,0.0,0.0,0.0,0.0,0.0,0.0,0.0,0.0,0.0,0.0,0.0,0.0,0.0,0.0,0.0
Al37,0.0,0.0,0.0,0.0,0.0,0.0,0.0,0.0,0.0,0.0,0.0,0.0,0.0,0.0,0.0,0.0,0.0,0.0,0.0,0.0,0.0,0.0,0.0,0.0,0.0,0.0,0.0,0.0,0.0,0.0,0.0,0.0,0.0,0.0,0.0,0.0,0.0,0.0,0.0,0.0,0.0,0.0,0.0,0.0,0.0,0.0,0.0,0.0,0.0,0.0,0.0,0.0,0.0,0.0,0.0,0.0,0.0,0.0,0.0,0.0,0.0,0.0,0.0,0.0,0.0,0.0,0.0,0.0,0.0,0.0,0.0,0.0,0.0,0.0,0.0,0.0,0.0,0.0,0.0,0.0,0.0,0.0,0.0,0.0,0.0,0.0,0.0,0.0,0.0,0.0,0.0,0.0,0.0,0.0,0.0,0.0,0.0,0.0,0.0,0.0,0.0,0.0,0.0,0.0,0.0,0.0,0.0,0.0,0.0,0.0,0.0,0.0,0.0,0.0,0.0,0.0,0.0,0.0,0.0,0.0,0.0,0.0
Al38,0.0,0.0,0.0,0.0,0.0,0.0,0.0,0.0,0.0,0.0,0.0,0.0,0.0,0.0,0.0,0.0,0.0,0.0,0.0,0.0,0.0,0.0,0.0,0.0,0.0,0.0,0.0,0.0,0.0,0.0,0.0,0.0,0.0,0.0,0.0,0.0,0.0,0.0,0.0,0.0,0.0,0.0,0.0,0.0,0.0,0.0,0.0,0.0,0.0,0.0,0.0,0.0,0.0,0.0,0.0,0.0,0.0,0.0,0.0,0.0,0.0,0.0,0.0,0.0,0.0,0.0,0.0,0.0,0.0,0.0,0.0,0.0,0.0,0.0,0.0,0.0,0.0,0.0,0.0,0.0,0.0,0.0,0.0,0.0,0.0,0.0,0.0,0.0,0.0,0.0,0.0,0.0,0.0,0.0,0.0,0.0,0.0,0.0,0.0,0.0,0.0,0.0,0.0,0.0,0.0,0.0,0.0,0.0,0.0,0.0,0.0,0.0,0.0,0.0,0.0,0.0,0.0,0.0,0.0,0.0,0.0,0.0
Al39,0.0,0.0,0.0,0.0,0.0,0.0,0.0,0.0,0.0,0.0,0.0,0.0,0.0,0.0,0.0,0.0,0.0,0.0,0.0,0.0,0.0,0.0,0.0,0.0,0.0,0.0,0.0,0.0,0.0,0.0,0.0,0.0,0.0,0.0,0.0,0.0,0.0,0.0,0.0,0.0,0.0,0.0,0.0,0.0,0.0,0.0,0.0,0.0,0.0,0.0,0.0,0.0,0.0,0.0,0.0,0.0,0.0,0.0,0.0,0.0,0.0,0.0,0.0,0.0,0.0,0.0,0.0,0.0,0.0,0.0,0.0,0.0,0.0,0.0,0.0,0.0,0.0,0.0,0.0,0.0,0.0,0.0,0.0,0.0,0.0,0.0,0.0,0.0,0.0,0.0,0.0,0.0,0.0,0.0,0.0,0.0,0.0,0.0,0.0,0.0,0.0,0.0,0.0,0.0,0.0,0.0,0.0,0.0,0.0,0.0,0.0,0.0,0.0,0.0,0.0,0.0,0.0,0.0,0.0,0.0,0.0,0.0
Ar47,0.0,0.0,0.0,0.0,0.0,0.0,0.0,0.0,0.0,0.0,0.0,0.0,0.0,0.0,0.0,0.0,0.0,0.0,0.0,0.0,0.0,0.0,0.0,0.0,0.0,0.0,0.0,0.0,0.0,0.0,0.0,0.0,0.0,0.0,0.0,0.0,0.0,0.0,0.0,0.0,0.0,0.0,0.0,0.0,0.0,0.0,0.0,0.0,0.0,0.0,0.0,0.0,0.0,0.0,0.0,0.0,0.0,0.0,0.0,0.0,0.0,0.0,0.0,0.0,0.0,0.0,0.0,0.0,0.0,0.0,0.0,0.0,0.0,0.0,0.0,0.0,0.0,0.0,0.0,0.0,0.0,0.0,0.0,0.0,0.0,0.0,0.0,0.0,0.0,0.0,0.0,0.0,0.0,0.0,0.0,0.0,0.0,0.0,0.0,0.0,0.0,0.0,0.0,0.0,0.0,0.0,0.0,0.0,0.0,0.0,0.0,0.0,0.0,0.0,0.0,0.0,0.0,0.0,0.0,0.0,0.0,0.0
Ar48,0.0,0.0,0.0,0.0,0.0,0.0,0.0,0.0,0.0,0.0,0.0,0.0,0.0,0.0,0.0,0.0,0.0,0.0,0.0,0.0,0.0,0.0,0.0,0.0,0.0,0.0,0.0,0.0,0.0,0.0,0.0,0.0,0.0,0.0,0.0,0.0,0.0,0.0,0.0,0.0,0.0,0.0,0.0,0.0,0.0,0.0,0.0,0.0,0.0,0.0,0.0,0.0,0.0,0.0,0.0,0.0,0.0,0.0,0.0,0.0,0.0,0.0,0.0,0.0,0.0,0.0,0.0,0.0,0.0,0.0,0.0,0.0,0.0,0.0,0.0,0.0,0.0,0.0,0.0,0.0,0.0,0.0,0.0,0.0,0.0,0.0,0.0,0.0,0.0,0.0,0.0,0.0,0.0,0.0,0.0,0.0,0.0,0.0,0.0,0.0,0.0,0.0,0.0,0.0,0.0,0.0,0.0,0.0,0.0,0.0,0.0,0.0,0.0,0.0,0.0,0.0,0.0,0.0,0.0,0.0,0.0,0.0
Ar49,0.0,0.0,0.0,0.0,0.0,0.0,0.0,0.0,0.0,0.0,0.0,0.0,0.0,0.0,0.0,0.0,0.0,0.0,0.0,0.0,0.0,0.0,0.0,0.0,0.0,0.0,0.0,0.0,0.0,0.0,0.0,0.0,0.0,0.0,0.0,0.0,0.0,0.0,0.0,0.0,0.0,0.0,0.0,0.0,0.0,0.0,0.0,0.0,0.0,0.0,0.0,0.0,0.0,0.0,0.0,0.0,0.0,0.0,0.0,0.0,0.0,0.0,0.0,0.0,0.0,0.0,0.0,0.0,0.0,0.0,0.0,0.0,0.0,0.0,0.0,0.0,0.0,0.0,0.0,0.0,0.0,0.0,0.0,0.0,0.0,0.0,0.0,0.0,0.0,0.0,0.0,0.0,0.0,0.0,0.0,0.0,0.0,0.0,0.0,0.0,0.0,0.0,0.0,0.0,0.0,0.0,0.0,0.0,0.0,0.0,0.0,0.0,0.0,0.0,0.0,0.0,0.0,0.0,0.0,0.0,0.0,0.0
Ar50,0.0,0.0,0.0,0.0,0.0,0.0,0.0,0.0,0.0,0.0,0.0,0.0,0.0,0.0,0.0,0.0,0.0,0.0,0.0,0.0,0.0,0.0,0.0,0.0,0.0,0.0,0.0,0.0,0.0,0.0,0.0,0.0,0.0,0.0,0.0,0.0,0.0,0.0,0.0,0.0,0.0,0.0,0.0,0.0,0.0,0.0,0.0,0.0,0.0,0.0,0.0,0.0,0.0,0.0,0.0,0.0,0.0,0.0,0.0,0.0,0.0,0.0,0.0,0.0,0.0,0.0,0.0,0.0,0.0,0.0,0.0,0.0,0.0,0.0,0.0,0.0,0.0,0.0,0.0,0.0,0.0,0.0,0.0,0.0,0.0,0.0,0.0,0.0,0.0,0.0,0.0,0.0,0.0,0.0,0.0,0.0,0.0,0.0,0.0,0.0,0.0,0.0,0.0,0.0,0.0,0.0,0.0,0.0,0.0,0.0,0.0,0.0,0.0,0.0,0.0,0.0,0.0,0.0,0.0,0.0,0.0,0.0
As84,1167322532988.3494,1004381366224.8511,858696737082.8405,731499275844.6884,621875746188.2258,528070575007.4838,448121048935.79736,380133815135.4266,322392738006.48816,273389180518.14978,231818112283.59183,196560515646.23767,166661557180.07187,141308738287.7856,119811753965.616,101584634393.51175,86130225588.41531,73026848398.14267,61916898790.45307,52497139724.68228,44510449319.48839,37738814431.07408,31997385329.47088,27129432536.548542,23002069780.905533,19502627099.068638,16535575454.445608,14019919104.738804,11886984622.40311,10078546254.83647,8545236470.344148,7245198310.310689,6142942763.755371,5208379974.728391,4415997837.156677,3744165554.6091075,3174543153.5141654,2691580830.590298,2282094467.516425,1934905725.0851467,1640536891.984658,1390952158.0639918,1179338249.248508,999918435.7825257,847794836.5149107,718814714.3808874,609457113.1553829,516736740.8381271,438122475.83682346,371468271.29428864,314954571.35542774,267038640.12949368,226412447.4057424,191966961.4681961,162761874.25902602,137999932.4347273,117005173.59293805,99204473.55283241,84111900.95861387,71315452.11117826,60465803.9095348,51266777.87482247,43467254.93964591,36854320.289086714,31247451.118238334,26493588.64110771,22462959.824410927,19045534.786109768,16148023.151193492,13691327.369901778,11608383.477947086,9842330.354857448,8344957.504046878,7075388.981429584,5998967.545881219,5086308.570594637,4312497.888585288,3656411.674779367,3100139.79852606,2628496.9049567212,2228607.878474353,1889556.3721729922,1602086.8085882277,1358351.716863956,1151697.5090339782,976482.8474449634,827924.6450346296,701967.4945128533,595172.96206594,504625.7234748051,427853.98030943744,362761.9836858523,307572.82358930015,260779.9220014691,221105.9056696778,187467.73580879078,158947.14283108452,134765.55901829212,114262.86483685684,96879.3687039407,82140.52827989882,69643.99620232468,59048.63663040695,50065.21276838289,42448.4911519993,35990.54715731239,30515.088982655565,25872.645157332565,21936.484203526983,18599.155064560895,15769.553858587886,13370.436884670125,11336.311990183058,9611.650737165774,8149.37256254603,6909.559552177538,5858.366744024806,4967.09821347147,4211.423719321697,3570.714526151831,3027.480271998193,2566.891508746875
As85,393674862278.2868,283095228988.8131,201132744220.33218,142798396488.0731,101355235099.20636,71932252834.13673,51048576748.96698,36227374827.09541,25709136327.738186,18244715922.221725,12947512430.56598,9188305325.195093,6520553194.911412,4627361660.989134,3283843391.6192875,2330405126.8490353,1653790206.058642,1173625139.7002301,832872248.7823889,591054297.6712873,419446299.5780004,297663343.14535344,211239116.76120156,149907489.3749898,106383020.88757765,75495541.81946461,53576001.01087986,38020627.644234,26981635.418587666,19147728.350875404,13588335.003086587,9643068.084766619,6843278.596408035,4856386.114501827,3446372.34344155,2445745.056014189,1735642.084756446,1231711.963996391,874094.0171802386,620307.647569888,440206.1678387465,312395.745824562,221694.08140831263,157326.93670891598,111648.28964749789,79232.08092632462,56227.66517728155,39902.40183428103,28317.051172662847,20095.416572801743,14260.869352960266,10120.337339881613,7181.976451648895,5096.745693325145,3616.9453962028015,2566.793555394697,1821.5450979526834,1292.6737083712355,917.3559952989149,651.0088482972262,461.993514767606,327.8573067717786,232.6664989176621,165.11359850913726,117.17415502213942,83.1535544565856,59.01056950193396,41.87731162785904,29.718561335344205,21.090009208114218,14.96668978620297,10.62122832408482,7.537437651466248,5.349001510579644,3.7959607074981934,2.6938331694934816,1.9116997525103472,1.3566526632513363,0.962759160422594,0.683229559109263,0.4848591938982322,0.344084114589732,0.2441819798468125,0.1732856495075418,0.12297351485186836,0.08726911546339282,0.06193120952049685,0.04394996663258909,0.031189437150689055,0.022133827720712367,0.015707443747805878,0.011146910159583792,0.007910491872567671,0.005613742352822167,0.003983836114307283,0.0028271604195871654,0.0020063164770697615,0.0014237981609651316,0.0010104094874047154,0.0007170449858886008,0.000508856575672712,0.0003611140440295702,0.00025626740230878645,0.0001818621639670035,0.00012905990533633823,9.158837001657294e-05,6.499640225546352e-05,4.612520460173699e-05,3.2733111768094264e-05,2.3229308471884847e-05,1.6484860220589913e-05,1.1698609832543923e-05,8.302009855270452e-06,5.891586147720939e-06,4.181010133826978e-06,2.9670865028301553e-06,2.1056161151225736e-06,1.494266924821666e-06,1.0604181961658365e-06,7.525340567206948e-07,5.340416720234612e-07,3.7898684439668757e-07
As86,726172669121.747,386395386609.19305,185584444231.53787,89123328373.0623,42799740648.89565,20553740893.90307,9870533286.607712,4740131145.2227955,2276355554.607854,1093175368.410713,524976154.83700925,252109561.84287804,121070701.18706886,58141843.4857456,27921486.625386715,13408749.510372564,6439290.494956816,3092343.7003850103,1485037.7644555978,713160.4296070671,342481.3903933173,164470.00968683237,78983.51514901617,37930.29304961681,18215.28363374862,8747.534785030142,4200.833012204103,2017.3681420076807,968.8017135087647,465.2481322340351,223.42634362537157,107.296144932596,51.52688143480556,24.74478008566298,11.883198137316773,5.7066741947949415,2.7405190075280457,1.3160808159457893,0.6320221495792019,0.3035163135264245,0.14575779130210123,0.06999733713956452,0.03361485628219195,0.016142879272956445,0.00775230300060215,0.003722892353771442,0.00178784646016717,0.0008585784012514354,0.0004123155357684039,0.00019800649630621227,9.508875891953839e-05,4.566452233403017e-05,2.192949643774003e-05,1.0531213060658115e-05,5.057409724106085e-06,2.4287224054969767e-06,1.1663465775467973e-06,5.601152012581546e-07,2.6898440370986147e-07,1.2917451495090322e-07,6.203354202944587e-08,2.97903989667129e-08,1.4306258220345844e-08,6.870301552386235e-09,3.2993283564246803e-09,1.5844381095218646e-09,7.608955071163826e-10,3.6540523058020276e-10,1.7547873694429433e-10,8.42702417550812e-11,4.0469140416221404e-11,1.9434515576539132e-11,9.333047151734097e-12,4.48201390939962e-12,2.1523997851354677e-12,1.0336480271369317e-12,4.963893099147596e-13,2.383812869842681e-13,1.1447796487405038e-13,5.497581042327866e-14,2.6401060981661222e-14,1.2678594741774912e-14,6.08864790463613e-15,2.923954433568413e-15,1.404172102491665e-15,6.743262722495947e-16,3.238320435501839e-16,1.5551402450929982e-16,7.468257790039004e-17,3.58648518000014e-17,1.7223395747689458e-17,8.271199968586389e-18,3.972082504666433e-18,1.9075151711721495e-18,9.160469662896587e-19,4.399136935476342e-19,2.1125997344281198e-19,1.01453482884649e-19,4.8721056912430344e-20,2.3397337569605042e-20,1.1236115142780951e-20,5.395925204149735e-21,2.5912878640697283e-21,1.244415469160146e-21,5.976062641890246e-22,2.8698875564363605e-22,1.3782075389998117e-22,6.61857296916029e-23,3.1784406127896877e-23,1.5263841278330116e-23,7.330162144057354e-24,3.520167438746441e-24,1.6904917726624467e-24,8.118257108977448e-25,3.898634678574257e-25,1.872243284851601e-25,8.991083306512346e-26,4.3177924406898074e-26,2.073535626944362e-26,9.957750529390087e-27,4.7820155254187566e-27,2.2964697114928304e-27
As87,36772354382.04564,10803952146.980108,3134477116.933263,909106698.6165115,263670398.19913137,76472944.65058322,22179627.586295936,6432809.43425505,1865722.81506203,541119.9660457324,156942.29351191132,45518.341658635516,13201.791441865369,3828.9465504164477,1110.5183527936786,322.0862437365316,93.41542905917386,27.093496093076954,7.857990247848546,2.2790713506722717,0.6610044117676604,0.19171266061829412,0.05560287282055834,0.016126631678514004,0.004677244827506381,0.0013565522926639456,0.0003934440446455968,0.0001141114995007672,3.3096025967410225e-05,9.598918072478127e-06,2.78399673280644e-06,8.074491051756599e-07,2.34186358685753e-07,6.792161913729663e-08,1.969946657918912e-08,5.713482517549337e-09,1.6570947414803352e-09,4.806110763107045e-10,1.3939275823552846e-10,4.042840876173896e-11,1.1725546260047107e-11,3.400787696265267e-12,9.86338435632316e-13,2.8607005096907373e-13,8.296956815738967e-14,2.40638585441016e-14,6.979297360353399e-15,2.0242219906240103e-15,5.870898538586352e-16,1.702750479444698e-16,4.9385271712552555e-17,1.432332623930914e-17,4.154227919445375e-18,1.2048604715388947e-18,3.4944850981376603e-19,1.0135137129620718e-19,2.939517604208996e-20,8.525551884444947e-21,2.472685818594437e-21,7.171588702232275e-22,2.0799926997284727e-22,6.032651634884042e-23,1.7496641095240343e-23,5.074591873421472e-24,1.4717957887814523e-24,4.2686838624803525e-25,1.238056397272783e-25,3.590764020499349e-26,1.0414377147369786e-26,3.0205062418046377e-27,8.760445130494403e-28,2.540812457932566e-28,7.369177992923516e-29,2.1372999853588387e-29,6.19886130013619e-30,1.7978702887547498e-30,5.21440538622162e-31,1.5123462299768862e-31,4.386293258611808e-32,1.272166926407946e-32,3.689695588567283e-33,1.0701310695706075e-33,3.1037262521296725e-34,9.001810079230968e-35,2.610816100387151e-35,7.572211199798053e-36,2.19618618277421e-36,6.3696503202882e-37,1.847404629032711e-37,5.358070995672918e-38,1.554013903803152e-38,4.5071429907587803e-39,1.3072172578012683e-39,3.7913528871773974e-40,1.0996149744294197e-40,3.1892391132433185e-41,9.249825036912395e-42,2.6827484605405244e-42,7.780838311872506e-43,2.2566947936410337e-43,6.545144864244023e-44,1.8983037234211938e-44,5.505694833495465e-45,1.5968295918920712e-45,4.631322335610339e-46,1.3432332845803701e-46,3.895811014775315e-47,1.129911210291824e-47,3.2771079970283535e-48,9.504673222432672e-49,2.7566626777984408e-49,7.995213450612355e-50,2.318870518169602e-50,6.725474577072506e-51,1.9506051731837305e-51,5.657385955516211e-52,1.64082492396104e-52,4.758923029578048e-53,1.3802416132719637e-53,4.003147138894793e-54,1.161042158238708e-54,3.367397815858863e-55
As88,17372843747.06696,35673659.499575466,73212.14269991918,150.25029830895303,0.3083525363691933,0.0006328192864088834,1.298709113793144e-06,2.6652875449171696e-09,5.469860511213786e-12,1.1225570790361307e-14,2.3037779356726225e-17,4.7279491404117603e-20,9.702976458012596e-23,1.9913021343657519e-25,4.086667846189734e-28,8.386901112020558e-31,1.7212093791374397e-33,3.532367542267293e-36,7.249333291407272e-39,1.487750992530468e-41,3.0532504532506027e-44,6.266060904734435e-47,1.2859580261435782e-49,2.6391190097651518e-52,5.416155897864545e-55,1.1115355011058527e-57,2.2811588025111537e-60,4.681528819454742e-63,9.607709933766503e-66,1.971750975617121e-68,4.0465438035169055e-71,8.30455618192665e-74,1.704310066255483e-76,3.49768577429973e-79,7.17815731888355e-82,1.4731438390847865e-84,3.023272790252796e-87,6.204538974253462e-90,1.2733321322225525e-92,2.6132074045767747e-95,5.362978571360941e-98,1.1006221360961876e-100,2.2587617502964036e-103,4.635564266132644e-106,9.513378762778369e-109,1.95239177558827e-111,4.006813709865868e-114,8.223019737281845e-117,1.687576675532298e-119,3.4633445215857346e-122,7.107680171873978e-125,1.4586801027383709e-127,2.993589456296302e-130,6.143621083214118e-133,1.2608302028431903e-135,2.5875502067421293e-138,5.310323354653924e-141,1.0898159215425502e-143,2.2365845985758075e-146,4.59005100559196e-149,9.419973761489549e-152,1.9332226495750594e-154,3.967473697335473e-157,8.142283840150958e-160,1.671007577897944e-162,3.4293404408517667e-165,7.037894989115158e-168,1.4443583753822254e-170,2.9641975615766747e-173,6.083301300989026e-176,1.2484510208871097e-178,2.5621449184189886e-181,5.258185121524159e-184,1.0791158054119347e-186,2.2146251883050948e-189,4.544984606914493e-192,9.327485836508019e-195,1.9142417313778727e-197,3.9285199360006555e-200,8.062340630535578e-203,1.6546011602771217e-205,3.395670221649431e-208,6.968794976709367e-211,1.4301772627325366e-213,2.935094244662317e-216,6.023573755179283e-219,1.2361933811859263e-221,2.5369890662896185e-224,5.206558796082922e-227,1.0685207460004788e-229,2.192881381638077e-232,4.500360682686046e-235,9.235905983723261e-238,1.895447173119967e-240,3.88994863353962e-243,7.983182325608944e-246,1.638355825432161e-248,3.3623305860332446e-251,6.900373407463297e-254,1.416135384194963e-256,2.9062766722159904e-259,5.96443263104286e-262,1.2240560904039432e-264,2.5120802013200204e-267,5.155439352277994e-270,1.0580297118320638e-272,2.1713510617185472e-275,4.456174888569306e-278,9.145225287429644e-281,1.876837145067581e-283,3.8517560348646917e-286,7.904801218958368e-289,1.6222699918075355e-291,3.329318288241552e-294,6.832623620233177e-297,1.402231372730238e-299,2.8777420387189787e-302,5.90587217092856e-305,1.2120379669219715e-307,2.4874158985215e-310,5.10482181343e-313,1.04764168e-315
B13,0.0,0.0,0.0,0.0,0.0,0.0,0.0,0.0,0.0,0.0,0.0,0.0,0.0,0.0,0.0,0.0,0.0,0.0,0.0,0.0,0.0,0.0,0.0,0.0,0.0,0.0,0.0,0.0,0.0,0.0,0.0,0.0,0.0,0.0,0.0,0.0,0.0,0.0,0.0,0.0,0.0,0.0,0.0,0.0,0.0,0.0,0.0,0.0,0.0,0.0,0.0,0.0,0.0,0.0,0.0,0.0,0.0,0.0,0.0,0.0,0.0,0.0,0.0,0.0,0.0,0.0,0.0,0.0,0.0,0.0,0.0,0.0,0.0,0.0,0.0,0.0,0.0,0.0,0.0,0.0,0.0,0.0,0.0,0.0,0.0,0.0,0.0,0.0,0.0,0.0,0.0,0.0,0.0,0.0,0.0,0.0,0.0,0.0,0.0,0.0,0.0,0.0,0.0,0.0,0.0,0.0,0.0,0.0,0.0,0.0,0.0,0.0,0.0,0.0,0.0,0.0,0.0,0.0,0.0,0.0,0.0,0.0
B14,0.0,0.0,0.0,0.0,0.0,0.0,0.0,0.0,0.0,0.0,0.0,0.0,0.0,0.0,0.0,0.0,0.0,0.0,0.0,0.0,0.0,0.0,0.0,0.0,0.0,0.0,0.0,0.0,0.0,0.0,0.0,0.0,0.0,0.0,0.0,0.0,0.0,0.0,0.0,0.0,0.0,0.0,0.0,0.0,0.0,0.0,0.0,0.0,0.0,0.0,0.0,0.0,0.0,0.0,0.0,0.0,0.0,0.0,0.0,0.0,0.0,0.0,0.0,0.0,0.0,0.0,0.0,0.0,0.0,0.0,0.0,0.0,0.0,0.0,0.0,0.0,0.0,0.0,0.0,0.0,0.0,0.0,0.0,0.0,0.0,0.0,0.0,0.0,0.0,0.0,0.0,0.0,0.0,0.0,0.0,0.0,0.0,0.0,0.0,0.0,0.0,0.0,0.0,0.0,0.0,0.0,0.0,0.0,0.0,0.0,0.0,0.0,0.0,0.0,0.0,0.0,0.0,0.0,0.0,0.0,0.0,0.0
B15,0.0,0.0,0.0,0.0,0.0,0.0,0.0,0.0,0.0,0.0,0.0,0.0,0.0,0.0,0.0,0.0,0.0,0.0,0.0,0.0,0.0,0.0,0.0,0.0,0.0,0.0,0.0,0.0,0.0,0.0,0.0,0.0,0.0,0.0,0.0,0.0,0.0,0.0,0.0,0.0,0.0,0.0,0.0,0.0,0.0,0.0,0.0,0.0,0.0,0.0,0.0,0.0,0.0,0.0,0.0,0.0,0.0,0.0,0.0,0.0,0.0,0.0,0.0,0.0,0.0,0.0,0.0,0.0,0.0,0.0,0.0,0.0,0.0,0.0,0.0,0.0,0.0,0.0,0.0,0.0,0.0,0.0,0.0,0.0,0.0,0.0,0.0,0.0,0.0,0.0,0.0,0.0,0.0,0.0,0.0,0.0,0.0,0.0,0.0,0.0,0.0,0.0,0.0,0.0,0.0,0.0,0.0,0.0,0.0,0.0,0.0,0.0,0.0,0.0,0.0,0.0,0.0,0.0,0.0,0.0,0.0,0.0
B17,0.0,0.0,0.0,0.0,0.0,0.0,0.0,0.0,0.0,0.0,0.0,0.0,0.0,0.0,0.0,0.0,0.0,0.0,0.0,0.0,0.0,0.0,0.0,0.0,0.0,0.0,0.0,0.0,0.0,0.0,0.0,0.0,0.0,0.0,0.0,0.0,0.0,0.0,0.0,0.0,0.0,0.0,0.0,0.0,0.0,0.0,0.0,0.0,0.0,0.0,0.0,0.0,0.0,0.0,0.0,0.0,0.0,0.0,0.0,0.0,0.0,0.0,0.0,0.0,0.0,0.0,0.0,0.0,0.0,0.0,0.0,0.0,0.0,0.0,0.0,0.0,0.0,0.0,0.0,0.0,0.0,0.0,0.0,0.0,0.0,0.0,0.0,0.0,0.0,0.0,0.0,0.0,0.0,0.0,0.0,0.0,0.0,0.0,0.0,0.0,0.0,0.0,0.0,0.0,0.0,0.0,0.0,0.0,0.0,0.0,0.0,0.0,0.0,0.0,0.0,0.0,0.0,0.0,0.0,0.0,0.0,0.0
B19,0.0,0.0,0.0,0.0,0.0,0.0,0.0,0.0,0.0,0.0,0.0,0.0,0.0,0.0,0.0,0.0,0.0,0.0,0.0,0.0,0.0,0.0,0.0,0.0,0.0,0.0,0.0,0.0,0.0,0.0,0.0,0.0,0.0,0.0,0.0,0.0,0.0,0.0,0.0,0.0,0.0,0.0,0.0,0.0,0.0,0.0,0.0,0.0,0.0,0.0,0.0,0.0,0.0,0.0,0.0,0.0,0.0,0.0,0.0,0.0,0.0,0.0,0.0,0.0,0.0,0.0,0.0,0.0,0.0,0.0,0.0,0.0,0.0,0.0,0.0,0.0,0.0,0.0,0.0,0.0,0.0,0.0,0.0,0.0,0.0,0.0,0.0,0.0,0.0,0.0,0.0,0.0,0.0,0.0,0.0,0.0,0.0,0.0,0.0,0.0,0.0,0.0,0.0,0.0,0.0,0.0,0.0,0.0,0.0,0.0,0.0,0.0,0.0,0.0,0.0,0.0,0.0,0.0,0.0,0.0,0.0,0.0
Ba147,273494676276.70334,126213051759.69487,58140013960.5038,26777036103.35408,12332211837.247757,5679609792.253645,2615748115.685848,1204684526.7492752,554818255.0303738,255521913.989057,117680786.3380225,54197963.91194814,24960908.093887776,11495762.716911515,5294381.115721218,2438330.7213943773,1122974.8249972202,517186.7977188859,238190.72144861086,109698.89416057305,50521.898195135574,23267.893598849267,10716.043772470486,4935.281040617387,2272.9469445104924,1046.807217267063,482.1077556468903,222.03504544197702,102.25838689998027,47.09516765955155,21.68971058628833,9.989210543165678,4.600537516566656,2.118780593309021,0.9758058023474614,0.4494080070876394,0.20697515463488483,0.09532254423713572,0.043900860737944886,0.020218570422731143,0.009311675968703905,0.004288498520580633,0.0019750708275109953,0.0009096201747451724,0.00041892617255966824,0.00019293672560050516,8.885713646870001e-05,4.092321291782362e-05,1.884721275153227e-05,8.680096287034445e-06,3.9976240808372935e-06,1.8411084120761682e-06,8.479236957937433e-07,3.9051181840929897e-07,1.7985047602022979e-07,8.283025557705632e-08,3.81475289405893e-08,1.7568869661633533e-08,8.091354532247163e-09,3.726478676627023e-09,1.71623221699312e-09,7.904118816295386e-10,3.640247143919293e-10,1.6765182276224212e-10,7.721215775816955e-11,3.556011027763864e-11,1.6377232286634636e-11,7.542545151752498e-12,3.4737241537846884e-12,1.599825954476846e-12,7.368009005059287e-13,3.3933414160909224e-13,1.5628056315147374e-13,7.197511663025465e-14,3.3148187525518985e-14,1.526641966933738e-14,7.030959666826676e-15,3.2381131206442957e-15,1.4913151374712934e-15,6.868261720296243e-16,3.1631824738582254e-16,1.4568057785794862e-16,6.709328639880749e-17,3.089985738649233e-17,1.42309497381028e-17,6.554073305753773e-18,3.0184827919236886e-18,1.3901642444463877e-18,6.402410614060747e-19,2.9486344390451305e-19,1.357995539372085e-19,6.254257430268906e-20,2.880402392349561e-20,1.326571225178422e-20,6.109532543596824e-21,2.8137492501579284e-21,1.2958740764973932e-21,5.968156622498315e-22,2.748638476274216e-22,1.2658872665597807e-22,5.83005217117656e-23,2.685034379957986e-23,1.2365943579714908e-23,5.695143487104443e-24,2.6229020963603564e-24,1.2079792937033313e-24,5.563356619527902e-25,2.5622075674126753e-25,1.1800263882892807e-25,5.434619328929536e-26,2.5029175231574597e-26,1.1527203192284338e-26,5.308861047430167e-27,2.444999463511333e-27,1.1260461185859173e-27,5.186012840106834e-28,2.3884216404499694e-28,1.099989164788147e-28,5.066007367205778e-29,2.3331530406052737e-29,1.0745351746079541e-29,4.948778847229874e-30
Ba148,16944167831.017618,5460125954.939362,1759240549.6678386,566821340.8703319,182627896.27126428,58842083.03849507,18958717.73563924,6108433.957781579,1968116.5117214143,634120.4031151071,204311.42325774263,65828.44120539539,21209.69842232243,6833.692229810789,2201.792244373782,709.4099242919467,228.5694492611131,73.64429414724155,23.72793948612863,7.64506088050368,2.463212446271445,0.7936386184889105,0.25570764621233,0.08238812830951439,0.026545172922630044,0.008552763850213084,0.002755671235999022,0.0008878678394380298,0.0002860679786507866,9.217012349624442e-05,2.969689828753432e-05,9.568238974271243e-06,3.0828538449482767e-06,9.93284956078998e-07,3.2003301278442896e-07,1.0311354123008858e-07,3.322283002151113e-08,1.0704282109517393e-08,3.448883054391958e-09,1.111218314425411e-09,3.5803073715184266e-10,1.1535627795315294e-10,3.716739788618061e-11,1.1975208373060254e-11,3.858371146061123e-12,1.2431539758629393e-12,4.00539955644628e-13,1.2905260264034143e-13,4.158030681718638e-14,1.3397032525021699e-14,4.316478020847716e-15,1.3907544427963713e-15,4.480963208467782e-16,1.4437510072065092e-16,4.651716324898265e-17,1.498767076823929e-17,4.828976217977933e-18,1.5558796076046915e-18,5.012990837162976e-19,1.615168488014842e-19,5.204017580356369e-20,1.6767166507776313e-20,5.402323653953595e-21,1.7406101888790214e-21,5.608186446608418e-22,1.8069384759937412e-22,5.82189391724151e-23,1.8757942915003312e-23,6.043744997834642e-24,1.947273950260062e-24,6.274050011573917e-25,2.0214774373412433e-25,6.513131106926915e-26,2.0985085478773985e-26,6.761322708260856e-27,2.178475032254894e-27,7.018971983632268e-28,2.2614887468331735e-28,7.286439330402403e-29,2.3476658104083667e-29,7.564098879357568e-30,2.4371267666391576e-30,7.852339018039776e-31,2.5299967526621117e-31,8.151562934019531e-32,2.6264056741323187e-32,8.462189178870803e-33,2.7264883869341814e-33,8.784652253636946e-34,2.8303848858165574e-34,9.119403216606686e-35,2.938240500216069e-35,9.466910314250143e-36,3.050206097542567e-36,9.827659636197572e-37,3.1664382942110026e-37,1.0202155795176877e-37,3.287099674714999e-38,1.059092263286117e-38,3.4123590190485e-39,1.0994503952613543e-39,3.5423915387936105e-40,1.14134642801539e-40,3.6773791222049005e-41,1.184838965321241e-41,3.817510588632982e-42,1.2299888441273302e-42,3.96298195264321e-43,1.27685921965565e-43,4.113996698198993e-44,1.325515653742675e-44,4.270766063293243e-45,1.3760262065466432e-45,4.433509335426071e-46,1.4284615317494563e-46,4.602454158342054e-47,1.4828949753863842e-47,4.777836850456159e-48,1.539402678441797e-48,4.95990273541368e-49,1.5980636833544535e-49,5.14890648524664e-50
Ba149,443136841.79071563,59082499.444631405,7877196.203550148,1050230.1122009296,140022.32013422207,18668.52788545783,2488.9884203892575,331.84530643455656,44.2433988445083,5.8987675985113714,0.786455382949553,0.10485445629802703,0.013979759365777134,0.0018638566144442525,0.0002484993760130057,3.3131271687047566e-05,4.4172391142886045e-06,5.889300470295333e-07,7.851931745607269e-08,1.0468617189535849e-08,1.3957322785231297e-09,1.8608652490021387e-10,2.481005511033902e-11,3.307809820770921e-12,4.4101497403884794e-13,5.879848536188112e-14,7.83932991932108e-15,1.0451815757792252e-15,1.3934922213899514e-16,1.857878684501876e-17,2.477023662811317e-18,3.302501006825565e-19,4.403071744460218e-20,5.870411771804176e-21,7.82674831812484e-22,1.0435041291225017e-22,1.3912557593989353e-23,1.8548969132382622e-24,2.473048205189313e-25,3.2972007131721863e-26,4.396005108242906e-27,5.860990152797085e-28,7.8141869095586e-29,1.0418293746556817e-29,1.3890228867801153e-30,1.851919927518474e-31,2.4690791279114064e-32,3.291908926136297e-33,4.388949813504989e-34,5.851583654859568e-35,7.801645661214569e-36,1.0401573080579803e-36,1.3867935977727934e-37,1.848947719662037e-38,2.4651164207375704e-39,3.2866256320653427e-40,4.381905842044142e-41,5.842192253723296e-42,7.789124540736923e-43,1.038487925015548e-43,1.3845678866255053e-44,1.8459802820007923e-45,2.4611600734442125e-46,3.2813508173286737e-47,4.374873175687255e-48,5.8328159251589036e-49,7.776623515821769e-50,1.0368212212214555e-50,1.3823457475960288e-51,1.8430176068788993e-52,2.4572100758241495e-53,3.276084468317534e-54,4.367851796290401e-55,5.82345464497594e-56,7.764142554217093e-57,1.0351571923756913e-57,1.3801271749513557e-58,1.840059686652801e-59,2.4532664176865752e-60,3.270826571444992e-61,4.360841685738754e-62,5.814108389022737e-63,7.751681623722601e-64,1.0334958341851376e-64,1.3779121629676685e-65,1.8371065136912022e-66,2.449329088857048e-67,3.265577113145929e-68,4.353842825946567e-69,5.804777133186413e-70,7.739240692189694e-71,1.0318371423635736e-71,1.3757007059303509e-72,1.8341580803750656e-73,2.4453980791774535e-74,3.260336079877008e-75,4.346855198857137e-76,5.795460853392796e-77,7.726819727521413e-78,1.0301811126316586e-78,1.373492798133953e-79,1.8312143790975777e-80,2.441473378505978e-81,3.255103458116613e-82,4.3398787864427215e-83,5.7861595256063265e-84,7.714418697672237e-85,1.0285277407169104e-85,1.3712884338821735e-86,1.8282754022641266e-87,2.4375549767170756e-88,3.249879234364829e-89,4.332913570704503e-90,5.776873125830028e-91,7.702037570648125e-92,1.0268770223537127e-92,1.3690876074878627e-93,1.8253411422922996e-94,2.43364286370147e-95,3.2446633951434144e-96,4.325959533672568e-97,5.767601630105439e-98
Ba150,18785095.349565454,1863719.9121632127,184904.43432366606,18344.84334743579,1820.0389767444644,180.57073664420554,17.914886081480308,1.7773818132270207,0.1763386100041075,0.017495005938945655,0.0017357244269795148,0.00017220567383213658,1.7084966737251633e-05,1.6950433857221856e-06,1.6816960335169615e-07,1.6684537829347334e-08,1.655315806369324e-09,1.6422812827314087e-10,1.6293493973972025e-11,1.6165193421575455e-12,1.603790315167395e-13,1.591161520895708e-14,1.5786321700757298e-15,1.566201479655662e-16,1.5538686727497187e-17,1.5416329785895838e-18,1.5294936324762348e-19,1.5174498757321486e-20,1.5055009556538923e-21,1.4936461254650742e-22,1.481884644269678e-23,1.4702157770057547e-24,1.4586387943994875e-25,1.4471529729196087e-26,1.4357575947321849e-27,1.4244519476557526e-28,1.413235325116809e-29,1.4021070261056526e-30,1.3910663551325747e-31,1.3801126221843858e-32,1.369245142681304e-33,1.3584632374341575e-34,1.347766232601943e-35,1.3371534596497144e-36,1.3266242553067974e-37,1.3161779615253378e-38,1.305813925439176e-39,1.2955314993230443e-40,1.2853300405520877e-41,1.2752089115616953e-42,1.2651674798076604e-43,1.2552051177266481e-44,1.2453212026969681e-45,1.2355151169996684e-46,1.2257862477799298e-47,1.2161339870087579e-48,1.2065577314449887e-49,1.1970568825975877e-50,1.1876308466882401e-51,1.1782790346142467e-52,1.1690008619117068e-53,1.1597957487189845e-54,1.1506631197404753e-55,1.1416024042106511e-56,1.1326130358583833e-57,1.123694452871558e-58,1.114846097861964e-59,1.1060674178304524e-60,1.0973578641323808e-61,1.0887168924433242e-62,1.0801439627250512e-63,1.0716385391917781e-64,1.0632000902766838e-65,1.0548280885986828e-66,1.0465220109294708e-67,1.038281338160824e-68,1.0301055552721512e-69,1.0219941512983114e-70,1.0139466192976797e-71,1.0059624563204602e-72,9.980411633772572e-74,9.901822454078903e-75,9.823852112504494e-76,9.746495736106027e-77,9.66974849031143e-78,9.59360557861767e-79,9.518062242291042e-80,9.443113760069755e-81,9.368755447868818e-82,9.294982658487346e-83,9.22179078131812e-84,9.149175242059393e-85,9.077131502429049e-86,9.005655059880977e-87,8.934741447323626e-88,8.864386232840868e-89,8.794585019415016e-90,8.725333444651978e-91,8.65662718050866e-92,8.588461933022477e-93,8.520833442042947e-94,8.453737480965488e-95,8.387169856467263e-96,8.321126408245066e-97,8.25560300875536e-98,8.190595562956311e-99,8.126100008051822e-100,8.062112313237656e-101,7.998628479449523e-102,7.935644539113107e-103,7.873156555896148e-104,7.811160624462424e-105,7.749652870227644e-106,7.688629449117332e-107,7.628086547326586e-108,7.568020381081684e-109,7.508427196403645e-110,7.44930326887362e-111,7.390644903400082e-112,7.332448433987935e-113,7.274710223509394e-114,7.217426663476642e-115
Ba151,264356.2937653081,18193.315388114832,1252.0851729399894,86.16996115572418,5.930317174944218,0.40813134094237835,0.02808807464180708,0.0019330540390798173,0.00013303503232795419,9.155626003567219e-06,6.301008542663562e-07,4.3364275298325e-08,2.9843799757078408e-09,2.0538850881591828e-10,1.4135076597818659e-11,9.72792448701569e-13,6.694871030248488e-14,4.607488285038137e-15,3.170927147191923e-16,2.182269026152387e-17,1.5018629824786207e-18,1.0335996117382791e-19,7.113353014549907e-21,4.89549246487321e-22,3.369134981015255e-23,2.3186779678956447e-24,1.5957412063035213e-25,1.0982076997117614e-26,7.557993407339493e-28,5.201499166358057e-29,3.579732360093107e-30,2.4636135391078225e-31,1.6954875559237378e-32,1.1668543002622439e-33,8.030427314452865e-35,5.5266336883891475e-36,3.803493728243633e-37,2.6176087210522613e-38,1.8014688352576545e-39,1.2397918521221862e-40,8.532392048673551e-42,5.8720916698759495e-43,4.041241938101872e-44,2.7812298105043703e-45,1.9140747763474248e-46,1.3172885734261004e-47,9.065733518469418e-49,6.239143486543772e-50,4.293851277050734e-51,2.955078502232629e-52,2.033719472546662e-53,1.3996294480470227e-54,9.632413016075233e-56,6.629138922571336e-57,4.5622506822964336e-58,3.1397941016509596e-59,2.1608429012936063e-60,1.487117273586761e-61,1.0234514429883722e-62,7.043512134242384e-64,4.847427156911378e-65,3.336055875779278e-66,2.2959125420695617e-67,1.5800737748737498e-68,1.0874251907667572e-69,7.483786923864363e-71,5.150429399406493e-72,3.544585551157458e-73,2.4394250954924346e-74,1.6788407870632677e-75,1.1553977998813091e-76,7.951582343348567e-78,5.472371660180409e-79,3.766149967898654e-80,2.5919083098671357e-81,1.7837815126907065e-82,1.2276192305507335e-83,8.448618648057966e-85,5.814437839026906e-86,4.001563899641634e-87,2.753922921909677e-88,1.895281857300528e-89,1.304355067469222e-90,8.976723622817153e-92,6.177885838768735e-93,4.251693049772385e-94,2.9260647187817846e-95,2.013751848562512e-96,1.3858874964588084e-97,9.537839303347696e-99,6.564052191027763e-100,4.517457234932992e-101,3.1089667290188253e-102,2.139627144093904e-103,1.4725163421701295e-104,1.0134029117845847e-105,6.974356971141995e-107,4.799833767524891e-108,3.303301550407998e-109,2.273370633532318e-110,1.5645601706476954e-111,1.0767485474965118e-112,7.410309020303663e-114,5.099861049645094e-115,3.509783823377095e-116,2.4154741407507172e-117,1.6623574608140615e-118,1.1440537826106944e-119,7.873511494121641e-121,5.4186423916716e-122,3.7291728589895325e-123,2.566460232474222e-124,1.7662678491810081e-125,1.2155661231668204e-126,8.365667758012773e-128,5.757350069540405e-129,3.962275431209662e-130,2.726884139949649e-131,1.876673452364919e-132,1.2915485462746113e-133,8.888587651101384e-135,6.1172296356341096e-136
Ba152,4237.461525639472,202.67434096204258,9.693749013614797,0.4636441371557571,0.022175722273909546,0.0010606467740243734,5.072987320786733e-05,2.4263686070732873e-06,1.1605123855262763e-07,5.550636424464788e-09,2.6548242914808314e-10,1.2697808827059503e-11,6.073258766161714e-13,2.904790310132717e-14,1.3893375979389727e-15,6.645088818678417e-17,3.17829197695581e-18,1.5201512224167208e-19,7.270759753257172e-21,3.477545300101248e-22,1.6632816548282568e-23,7.955340979189201e-25,3.804974936833641e-26,1.819888589037917e-27,8.704379217978612e-29,4.163233838969876e-30,1.9912409103390256e-31,9.523943444860346e-33,4.555224748041915e-34,2.1787269764155742e-35,1.0420674061804322e-36,4.984123714345041e-38,2.383865866311854e-39,1.1401836700422962e-40,5.453405830431287e-42,2.6083196885532245e-43,1.2475381090712526e-44,5.966873387549936e-46,2.853907048142778e-47,1.3650005472603745e-48,6.528686683168756e-50,3.122617781548372e-51,1.4935227072207222e-52,7.143397729189423e-54,3.4166290790681214e-55,1.634145921377736e-56,7.815987133973134e-58,3.7383231252034874e-59,1.7880095692183123e-60,8.551904457007665e-62,4.0903063999685984e-63,1.956360308950197e-64,9.357112363184068e-66,4.475430797521919e-67,2.1405621783718775e-68,1.0238134934436353e-69,4.896816733230908e-71,2.3421076467938104e-72,1.1202110530182607e-73,5.357878426391363e-75,2.5626297075576206e-76,1.225684962486151e-77,5.862351563451152e-79,2.8039151091311907e-80,1.3410898091184886e-81,6.414323565875519e-83,3.0679188319826337e-84,1.4673606441849318e-85,7.018266707895111e-87,3.3567799285300406e-88,1.605520559072853e-89,7.679074352468492e-91,3.6728388545078475e-92,1.7566889747390102e-93,8.402100599055852e-95,4.018656432174794e-96,1.9220907116578198e-97,9.193203664444454e-99,4.3970345990101656e-100,2.1030659137541056e-101,1.0058793348112496e-102,4.811039110011568e-104,2.3010809067276642e-105,1.100588296671294e-106,5.2640243775364964e-108,2.5177400787475764e-109,1.2042146178468961e-110,5.759660649948822e-112,2.7547988797779745e-113,1.3175979157892588e-114,6.301963749281466e-116,3.0141780448603714e-117,1.4416568624588128e-118,6.895327608860172e-120,3.2979791565947415e-121,1.5773966277334453e-122,7.544559874520138e-124,3.608501672912031e-125,1.7259170236536993e-126,8.254920857868926e-128,3.948261558103287e-129,1.888421415492598e-130,9.032166157209216e-132,4.3200116680606065e-133,2.0662264718507117e-134,9.882593291451135e-136,4.726764054898406e-137,2.260772832775248e-138,1.081309272485882e-139,5.171814371675021e-141,2.4736367823400434e-142,1.1831203696051936e-143,5.658768574950417e-145,2.7065430202619174e-146,1.294517530360868e-147,6.1915721415336395e-149,2.961378636033518e-150,1.4164033343207547e-151,6.774542036144563e-153,3.240208398796141e-154,1.5497653437846387e-155,7.412401689003291e-157
Ba153,7.347756485446514,0.09139061874473274,0.0011367068589015086,1.4138239797705765e-05,1.758499326471915e-07,2.1872028805905355e-09,2.720419831187203e-11,3.383629439953213e-13,4.208522543346455e-15,5.2345158688831515e-17,6.5106355257401025e-19,8.097859670463317e-21,1.0072032289821962e-22,1.2527487333132813e-24,1.5581556369749998e-26,1.9380175165819326e-28,2.410485708520184e-30,2.998136653185616e-32,3.7290506885823244e-34,4.638153842401054e-36,5.76888673882791e-38,7.175280367198064e-40,8.92453790111302e-42,1.1100245937777203e-43,1.3806368603552288e-45,1.7172215380240917e-47,2.1358620034924355e-49,2.6565625907603296e-51,3.3042044790756714e-53,4.109734616273044e-55,5.111644489059522e-57,6.357809401870301e-59,7.907776152474061e-61,9.835608418717604e-63,1.2233425820492202e-64,1.5215805767610864e-66,1.8925258431684752e-68,2.353903645829024e-70,2.927760481500551e-72,3.641517549889955e-74,4.5292810494388906e-76,5.633471909376403e-78,7.006852833224968e-80,8.715049514093954e-82,1.0839686495620549e-83,1.3482287522672102e-85,1.6769126756335568e-87,2.085726266385963e-89,2.594204290720597e-91,3.226643884412678e-93,4.013265568196935e-95,4.991657306429647e-97,6.208570611993398e-99,7.722154522598612e-101,9.604734196901426e-103,1.1946266902994308e-104,1.4858640540372046e-106,1.8481020096131436e-108,2.2986497510697686e-110,2.8590362710547295e-112,3.556039103131041e-114,4.4229638605920817e-116,5.501235713319076e-118,6.842378849879635e-120,8.5104785115694e-122,1.0585243244337244e-123,1.3165813695371734e-125,1.637549995404863e-127,2.0367673806542882e-129,2.5333097459853064e-131,3.1509038931301713e-133,3.9190609673675725e-135,4.874486619357362e-137,6.062834949529742e-139,7.540890045582972e-141,9.379279355771192e-143,1.1665848553928197e-144,1.450985916092258e-146,1.804720950186823e-148,2.244692847753416e-150,2.7919252448605686e-152,3.472567117898184e-154,4.319142287389546e-156,5.372103537629468e-158,6.681765614268169e-160,8.310709466280558e-162,1.0336772616722514e-163,1.2856768554278962e-165,1.5991112873169418e-167,1.9889577217079e-169,2.4738445973819298e-171,3.076941769652426e-173,3.8270676597274244e-175,4.760066315387579e-177,5.92052018450629e-179,7.363880444655589e-181,9.159116684559191e-183,1.1392012549885175e-184,1.416926483265863e-186,1.7623581875358822e-188,2.1920024912061634e-190,2.726389536154492e-192,3.3910544959109696e-194,4.217757749487778e-196,5.2460025206953374e-198,6.52492250188718e-200,8.115629660427719e-202,1.0094134415568107e-203,1.2554977723587555e-205,1.5615748626912697e-207,1.9422703133976241e-209,2.415775292261175e-211,3.0047157815487905e-213,3.7372337389202395e-215,4.648331833942861e-217,5.781546017159017e-219,7.191025843818482e-221,8.944121958554511e-223,1.11246043814825e-224,1.3836665378442628e-226,1.7209898188710169e-228,2.140548951391248e-230
Be11,0.0,0.0,0.0,0.0,0.0,0.0,0.0,0.0,0.0,0.0,0.0,0.0,0.0,0.0,0.0,0.0,0.0,0.0,0.0,0.0,0.0,0.0,0.0,0.0,0.0,0.0,0.0,0.0,0.0,0.0,0.0,0.0,0.0,0.0,0.0,0.0,0.0,0.0,0.0,0.0,0.0,0.0,0.0,0.0,0.0,0.0,0.0,0.0,0.0,0.0,0.0,0.0,0.0,0.0,0.0,0.0,0.0,0.0,0.0,0.0,0.0,0.0,0.0,0.0,0.0,0.0,0.0,0.0,0.0,0.0,0.0,0.0,0.0,0.0,0.0,0.0,0.0,0.0,0.0,0.0,0.0,0.0,0.0,0.0,0.0,0.0,0.0,0.0,0.0,0.0,0.0,0.0,0.0,0.0,0.0,0.0,0.0,0.0,0.0,0.0,0.0,0.0,0.0,0.0,0.0,0.0,0.0,0.0,0.0,0.0,0.0,0.0,0.0,0.0,0.0,0.0,0.0,0.0,0.0,0.0,0.0,0.0
Be12,0.0,0.0,0.0,0.0,0.0,0.0,0.0,0.0,0.0,0.0,0.0,0.0,0.0,0.0,0.0,0.0,0.0,0.0,0.0,0.0,0.0,0.0,0.0,0.0,0.0,0.0,0.0,0.0,0.0,0.0,0.0,0.0,0.0,0.0,0.0,0.0,0.0,0.0,0.0,0.0,0.0,0.0,0.0,0.0,0.0,0.0,0.0,0.0,0.0,0.0,0.0,0.0,0.0,0.0,0.0,0.0,0.0,0.0,0.0,0.0,0.0,0.0,0.0,0.0,0.0,0.0,0.0,0.0,0.0,0.0,0.0,0.0,0.0,0.0,0.0,0.0,0.0,0.0,0.0,0.0,0.0,0.0,0.0,0.0,0.0,0.0,0.0,0.0,0.0,0.0,0.0,0.0,0.0,0.0,0.0,0.0,0.0,0.0,0.0,0.0,0.0,0.0,0.0,0.0,0.0,0.0,0.0,0.0,0.0,0.0,0.0,0.0,0.0,0.0,0.0,0.0,0.0,0.0,0.0,0.0,0.0,0.0
Be14,0.0,0.0,0.0,0.0,0.0,0.0,0.0,0.0,0.0,0.0,0.0,0.0,0.0,0.0,0.0,0.0,0.0,0.0,0.0,0.0,0.0,0.0,0.0,0.0,0.0,0.0,0.0,0.0,0.0,0.0,0.0,0.0,0.0,0.0,0.0,0.0,0.0,0.0,0.0,0.0,0.0,0.0,0.0,0.0,0.0,0.0,0.0,0.0,0.0,0.0,0.0,0.0,0.0,0.0,0.0,0.0,0.0,0.0,0.0,0.0,0.0,0.0,0.0,0.0,0.0,0.0,0.0,0.0,0.0,0.0,0.0,0.0,0.0,0.0,0.0,0.0,0.0,0.0,0.0,0.0,0.0,0.0,0.0,0.0,0.0,0.0,0.0,0.0,0.0,0.0,0.0,0.0,0.0,0.0,0.0,0.0,0.0,0.0,0.0,0.0,0.0,0.0,0.0,0.0,0.0,0.0,0.0,0.0,0.0,0.0,0.0,0.0,0.0,0.0,0.0,0.0,0.0,0.0,0.0,0.0,0.0,0.0
Br87,143769804031215.66,142648832311994.12,141464542859053.66,140226120605263.55,138942254156525.72,137620697016997.25,136268279001998.0,134890991485429.25,133494082697942.4,132082146573990.19,130659201837512.75,129228761533555.86,127793894010193.9,126357276420519.72,124921241706951.98,123487819899903.86,122058774445766.56,120635634180290.03,119219721480780.28,117812177060982.4,116413981813480.78,115025976053876.45,113648876477377.06,112283291100580.9,110929732428260.28,109588629056118.39,108260335895239.8,106945143181786.22,105643284416014.12,104354943357558.11,103080260188847.3,101819336945248.0,100572242298831.23,99339015772363.95,98119671451044.66,96914201251500.6,95722577800519.73,94544756969767.05,93380680107263.53,92230276001571.75,91093462610377.69,89970148581403.8,88860234590280.17,87763614517085.73,86680176480696.45,85609803747815.11,84552375531555.45,83507767692694.08,82475853355148.12,81456503445871.0,80449587168147.36,79454972416208.05,78472526138144.42,77502114653277.25,76543603929405.05,75596859824712.19,74661748298555.62,73738135594842.64,72825888401277.67,71924873987364.28,71034960323708.0,70156016184863.17,69287911237701.125,68430516117042.69,67583702490090.55,66747343111017.1,65921311866898.516,65105483816049.055,64299735219680.83,63503943567705.91,62717987599401.48,61941747319570.93,61175104010760.15,60417940242021.09,59670139874656.875,58931588065329.14,58202171266865.83,57481777227064.03,56770294985749.914,56067614870325.2,55373628490002.19,54688228728905.875,54011309738198.9,53342766927368.71,52682496954796.586,52030397717715.46,51386368341651.63,50750309169430.766,50122121749821.586,49501708825881.125,48888974323056.21,48283823337090.805,47686162121781.94,47095898076621.74,46512939734358.28,45937196748504.27,45368579880818.12,44807000988779.96,44252373013081.08,43704609965143.555,43163626914684.78,42629339977338.76,42101666302345.28,41580524060316.31,41065832431087.32,40557511591660.664,40055482704246.33,39559667904405.45,39069990289300.484,38586373906055.375,38108743740228.72,37637025704402.14,37171146626885.766,36711034240541.94,36256617171728.72,35807824929363.43,35364587894107.22,34926837307670.242,34494505262238.094,34067524690019.145,33645829352912.27,33229353832294.73
Br88,35122942542931.535,33894965941934.246,32632267383136.78,31367654344418.613,30121170373203.832,28904667005121.387,27724893659093.87,26585401849563.016,25487743349343.867,24432228548630.32,23418406941320.94,22445371325423.094,21511950044633.652,20616828115534.684,19758623194568.58,18935932880278.285,18147363834820.875,17391549387608.934,16667159854963.717,15972908265657.68,15307553200774.404,14669899832475.875,14058799849756.822,13473150707264.033,12911894473118.541,12374016449930.807,11858543678570.143,11364543393213.434,10891121470159.236,10437420896384.75,10002620273371.877,9585932365125.93,9186602695152.65,8803908194553.693,8437155901781.158,8085681713596.036,7748849186176.512,7426048384972.929,7116694781714.474,6820228196880.819,6536111785920.58,6263831067506.461,6002892992146.947,5752825049518.771,5513174412935.783,5283507119425.591,5063407283942.144,4852476346299.726,4650332349469.857,4456609247937.679,4270956244867.3867,4093037156877.916,3922529805279.353,3759125432668.3345,3602528143826.331,3452454369908.5527,3308632354953.4453,3170801663782.9795,3038712710402.6543,2912126306047.373,2790813226054.691,2674553794781.232,2563137487810.575,2456362550732.3486,2354035633802.1465,2255971441820.768,2161992398598.752,2071928325398.5906,1985616132772.408,1902899525236.9858,1823628718251.447,1747660166985.0332,1674856306383.8577,1605085302065.937,1538220811593.399,1474141755689.6023,1412732098986.866,1353880639907.7917,1297480809299.6936,1243430477457.4807,1191631769185.5864,1141990886564.0042,1094417939097.5354,1048826780940.6619,1005134854903.2821,963263042954.8507,923135522956.1924,884679631359.5785,847825731628.4221,812507088138.3376,778659745331.2169,746222411903.4954,715136349818.886,685345267944.6176,656795220118.5616,629434507462.6665,603213584765.8142,578084970766.5676,554003162173.3505,530924551266.36804,508807346932.05975,487611498987.08923,467298625654.83887,447831944063.08075,429176203636.97235,411297622266.7558,394163825134.5809,377743786089.673,362007771465.6878,346927286238.5183,332475022427.0553,318624809643.4625,305351567703.4247,292631261210.55426,280440856032.7139,268758277591.44705,257562370888.98163,246832862200.42517,236550322361.7845,226696131587.32703,217252445752.5791,208202164081.90308
Br89,5949642094065.411,5099400743722.064,4359272895028.6504,3724476280235.185,3181733352017.1934,2718009667681.1064,2321858577020.6416,1983444264326.4255,1694353891442.4602,1447398849637.849,1236437921762.3425,1056224917348.1207,902278275159.9447,770769627144.6139,658428596219.4183,562461468445.5441,480481718597.9248,410450661704.4919,350626754718.6823,299522287560.7513,255866386515.7832,218573409951.5569,186715950416.19238,159501771727.626,136254107522.91808,116394831328.70679,99430079623.53976,84937970364.19746,72558111558.43918,61982638981.7532,52948560162.67847,45231214245.75201,38638685090.95315,33007028673.745136,28196196099.96822,24086550848.49406,20575893631.898186,17576920888.930782,15015053706.186457,12826583178.265545,10957086084.9588,9360071486.273426,7995824578.618187,6830419060.98612,5834873450.505989,4984430366.488287,4257940860.091165,3637338479.0220633,3107189988.235596,2654311573.881153,2267440986.2012086,1936957468.179774,1654642505.08369,1413475445.1797397,1207458909.0922763,1031469646.0545268,881131128.1239995,752704714.0154325,642996675.9968133,549278777.7790829,469220428.31832385,400830724.32079613,342408940.1549604,292502233.9460428,249869518.0818165,213450595.6558144,182339795.32831058,155763448.95275787,133060651.87784803,113666827.46943873,97099687.13236172,82947236.68378548,70857530.81878725,60529920.88061748,51707578.28386489,44171107.66186652,37733090.90913335,32233426.439203717,27535347.75387478,23522022.312982097,20093646.124900278,17164961.805596218,14663138.38494753,12525960.135024799,10700279.37984245,9140694.81081378,7808422.440056722,6670331.1142441705,5698118.604009686,4867607.779773663,4158145.371182736,3552088.3584199487,3034365.2228862992,2592101.146368291,2214297.838087098,1891560.0275192936,1615861.8213707746,1380347.1144333268,1179159.0909104156,1007294.5762251146,860479.6173085849,735063.1972806882,627926.4414031316,536405.0564248799,458223.07452960795,391436.2542195226,334383.7306200742,285646.71283792844,244013.20125177046,208447.8473201285,178066.20637530086,152112.74311792542,129942.04284945923,111002.7612006223,94823.91321519579,81003.16082400818,69196.80744022103,59111.25085997724,50495.6819178362,43135.84732604102,36848.721590950096,31477.95550703451
Br90,1353584707708.179,945296127298.6753,658867850822.7329,459210909657.88324,320055834537.6324,223069037233.84583,155472233201.7233,108359347382.29872,75523120259.30603,52637283552.255875,36686561813.75228,25569401133.288147,17821083306.58329,12420744958.57934,8656875829.152504,6033575230.091231,4205215689.3111353,2930905527.693426,2042750680.8030229,1423734168.3289127,992298767.1067046,691601610.1216519,482024973.7057541,335956527.39322436,234151329.1944339,163196248.60078216,113742747.68798266,79275184.09605208,55252356.22672531,38509186.74507349,26839714.449130498,18706452.475344006,13037819.939386137,9086958.04273433,6333329.257061511,4414134.993219534,3076515.8335389495,2144236.569238317,1494466.6998739508,1041597.1582023262,725961.0669589821,505972.45450419304,352647.1822923015,245784.20044735688,171304.0007773948,119393.60068275388,83213.65420132058,57997.34831631723,40422.36149834698,28173.138195756743,19635.80766625091,13685.551819856166,9538.407169055805,6647.975362651572,4633.433616233134,3229.3602044091167,2250.764377692676,1568.7132940368997,1093.344742469578,762.0275358345687,531.1096700007795,370.1670455509291,257.99500433065464,179.814554157595,125.32519368264703,87.34779142419929,60.87871434697694,42.430584678916375,29.572807762227207,20.61133414869505,14.365463665299524,10.012284737623654,6.978253400160019,4.863627213263068,3.3897980358596085,2.3625845937744856,1.6466485329486824,1.147663198264664,0.7998858228066853,0.5574957274003125,0.38855731306631425,0.2708124531130336,0.18874792030637288,0.13155147413073787,0.09168731670197838,0.06390322951192705,0.04453857838731923,0.031042014306853456,0.021635325758427162,0.015079154208427682,0.010509705015787681,0.0073249399795341655,0.005105257057470005,0.0035582065785752445,0.0024799601495659935,0.0017284556721543713,0.0012046802490457181,0.0008396249471830487,0.0005851926704123982,0.00040786122738887073,0.00028426668551731016,0.00019812510498320112,0.00013808708239296713,9.624243391779586e-05,6.707800560273874e-05,4.675129932275195e-05,3.258421249597065e-05,2.2710190291243277e-05,1.5828301608586005e-05,1.1031837628809699e-05,7.688850293477162e-06,5.358891313004446e-06,3.734981825430674e-06,2.6031670398772063e-06,1.814327071517054e-06,1.2645299636994958e-06,8.813383508392504e-07,6.142656251399354e-07,4.2812417940198814e-07,2.9838933758806786e-07,2.0796815753460443e-07,1.449473861832373e-07
Br91,151412905190.4638,42135401948.00258,11707591582.753157,3251658458.3402076,903008234.6692576,250763616.04402044,69635945.16101421,19337545.91813973,5369933.97952441,1491201.9163463698,414098.7670255671,114993.00296840188,31932.939028678884,8867.605572249167,2462.4864153767803,683.8192447783573,189.89292960094593,52.73224611262155,14.643461375421985,4.066410533611743,1.1292203532984535,0.31357842395978486,0.08707904324065302,0.02418138236666417,0.006715039938447903,0.0018647305059413305,0.0005178256408988576,0.00014379739781054948,3.993176464029943e-05,1.108883645717327e-05,3.0793102954894348e-06,8.55107921604644e-07,2.374588746908966e-07,6.594105345633449e-08,1.8311476193893793e-08,5.08499853769516e-09,1.4120767683920728e-09,3.9212613043078413e-10,1.0889131923168006e-10,3.023853419559004e-11,8.397078451703131e-12,2.3318235622128905e-12,6.475348725827825e-13,1.7981695442380942e-13,4.993420195160323e-14,1.386645954789537e-14,3.850641301522698e-15,1.069302397037814e-15,2.9693952949049474e-16,8.245851165983896e-17,2.2898285576267323e-17,6.358730854799863e-18,1.7657853881292565e-18,4.903491133890627e-19,1.3616731377315e-19,3.781293130530022e-20,1.0500447826130851e-20,2.9159179345040963e-21,8.097347409891962e-22,2.248589862582498e-22,6.244213214727607e-23,1.733984454870698e-23,4.815181651135197e-24,1.3371500689236603e-24,3.71319388625978e-25,1.0311339884277555e-25,2.863403675270794e-26,7.951518133987632e-27,2.2080938563143665e-27,6.1317579814763375e-28,1.70275624090346e-28,4.728462579075248e-29,1.3130686486194803e-29,3.6463210761511076e-30,1.0125637684185371e-30,2.8118351722229416e-31,7.8083151721877e-32,2.1683271633598622e-32,6.0213280121055136e-33,1.6720904318325556e-33,4.643305275190161e-34,1.2894209229449047e-34,3.5806526127231635e-35,9.943279890106954e-36,2.7611953927530943e-36,7.667691225856568e-37,2.129276649142053e-37,5.912886832600818e-38,1.6419768990202102e-38,4.559681612797135e-39,1.2661990812712641e-39,3.516166806279865e-40,9.764206270921842e-41,2.71146761100278e-41,7.529599848184086e-42,2.090929415631354e-42,5.806398625827196e-43,1.6124056962404896e-43,4.4775639717612377e-44,1.2433954536355115e-44,3.452842357745992e-45,9.588357680242689e-46,2.6626354023380643e-46,7.393995428844425e-47,2.0532727970853769e-47,5.701828219698667e-48,1.583367056394125e-48,4.3969252293726456e-49,1.221002508206878e-49,3.390658351632242e-50,9.415676036879666e-51,2.614682637924639e-51,7.260833178931429e-52,2.0162943558655722e-52,5.599141075561342e-53,1.5548513882825348e-53,4.317738751388314e-54,1.1990128487991985e-54,3.329594249127085e-55,9.246104305656866e-56,2.5675934794006573e-56,7.130069116165381e-57
Br92,11472329530.810856,1521462052.7161255,201661840.1624598,26729156.829658948,3542801.2388062687,469578.6214689066,62240.03743853598,8249.571175605282,1093.4348271975966,144.92871155098734,19.20949553588123,2.5461119111186017,0.3374729883890532,0.04473016971284774,0.005928735488108358,0.0007858209506828549,0.00010415620122886138,1.3805325812451331e-05,1.8298192382147294e-06,2.425323741016587e-07,3.214631875046676e-08,4.260815955124659e-09,5.647474830436452e-10,7.485414131078123e-11,9.921500563715445e-12,1.3150397788562723e-12,1.743012167230829e-13,2.310265791166426e-14,3.062128954792899e-15,4.0586818069304897e-16,5.379557246968602e-17,7.130304258884222e-18,9.450822156955713e-19,1.252653970987513e-19,1.6603232448680796e-20,2.200666218521689e-21,2.916860810273933e-22,3.866136952030487e-23,5.1243497390099564e-24,6.792040885644324e-25,9.002472848618833e-26,1.1932277610609678e-26,1.5815571051514025e-27,2.0962660763363524e-28,2.7784842219642375e-29,3.682726472011807e-30,4.881249337478187e-31,6.469824809338932e-32,8.575393340829237e-33,1.1366207450283685e-33,1.5065276503152415e-34,1.9968187023611972e-35,2.6466722527562728e-36,3.508017029902035e-37,4.649681678291256e-38,6.162894742287254e-39,8.168574589060877e-40,1.0826991796437367e-40,1.4350576111174255e-41,1.902089136064273e-42,2.521113475518642e-43,3.3415958463404544e-44,4.429099645339314e-45,5.8705255124818e-46,7.781055418106196e-47,1.0313356664733087e-47,1.3669781280118709e-48,1.8118535634985713e-49,2.4015112372990125e-50,3.183069724319903e-51,4.218982077834203e-52,5.592026350251985e-53,7.411920251143908e-54,9.824088508960915e-55,1.3021283521905507e-55,1.7258987885053317e-56,2.2875829584334792e-57,3.0320641201951326e-58,4.018832538982662e-59,5.326739256208875e-60,7.060296946540442e-61,9.358031353839114e-62,1.240355065552118e-62,1.644021729003549e-63,2.1790594649063002e-64,2.888222258762789e-65,3.828178143073997e-66,5.074037446615043e-67,6.7253547372740536e-68,8.914084063835282e-69,1.181512318699333e-69,1.5660289371756917e-70,2.0756843523827157e-71,2.7512042903221864e-72,3.646568438210981e-73,4.8333238725064734e-74,6.406302268113185e-75,8.491197741555274e-76,1.1254610861099561e-76,1.491736142415871e-77,1.9772133804121373e-78,2.620686487725341e-79,3.47357434204425e-80,4.604029809067604e-81,6.102385725911442e-82,8.088373249553154e-83,1.0720689376664376e-83,1.4209678159606924e-84,1.8834138953705368e-85,2.49636048151913e-86,3.30878712799578e-87,4.385613511926872e-88,5.8128870586019986e-89,7.704658849707139e-90,1.0212097257683022e-90,1.3535567561741048e-91,1.794064280778547e-92,2.377932531372504e-93,3.1518174595760886e-94,4.177558937197831e-95,5.537122278683209e-96,7.339147954584084e-97
Br93,392654586.14960366,439638.59270715574,491.8422356631905,0.550239049707693,0.0006155692851129737,6.886562201940384e-07,7.704208138252775e-10,8.618933699717637e-13,9.642265212343466e-16,1.0787097530198525e-18,1.206785652162481e-21,1.3500680847542341e-24,1.5103625322407784e-27,1.6896888420349885e-30,1.8903066793253838e-33,2.1147440007940625e-36,2.3658289090373964e-39,2.6467252890824686e-42,2.9609726760499006e-45,3.312530856329807e-48,3.7058297642839014e-51,4.145825303214976e-54,4.6380617939957843e-57,5.188741838263582e-60,5.804804476516522e-63,6.494012625970725e-66,7.265050899970167e-69,8.127635041557623e-72,9.092634350163554e-75,1.0172208644094046e-77,1.1379961484662629e-80,1.2731111592721247e-83,1.4242684617585633e-86,1.5933727674807895e-89,1.782554935615619e-92,1.9941988236132658e-95,2.2309713258442168e-98,2.4958559787538683e-101,2.7921905559786717e-104,3.123709127154457e-107,3.49458911039401e-110,3.909503911335385e-113,4.373681812058131e-116,4.892971851918181e-119,5.473917530456479e-122,6.123839261101026e-125,6.850926614649792e-128,7.664341514881343e-131,8.574333686646328e-134,9.592369811184777e-137,1.0731278016136826e-139,1.2005409520944828e-142,1.3430819474517573e-145,1.502546926386597e-148,1.680945284297258e-151,1.880524993383257e-154,2.1038009290216308e-157,2.3535865593519663e-160,2.6330293973861398e-163,2.9456506623697315e-166,3.295389650162252e-169,3.686653371741004e-172,4.124372085316265e-175,4.614061421810027e-178,5.161891886532595e-181,5.774766612837717e-184,6.460408347518885e-187,7.22745676403746e-190,8.085577329812618e-193,9.045583099394228e-196,1.011957096821715e-198,1.1321074103850904e-201,1.2665232475509151e-204,1.4168983630636994e-207,1.585127612252442e-210,1.773330827831699e-213,1.9838795316105058e-216,2.2194268176996077e-219,2.4829407837709893e-222,2.7777419316322325e-225,3.1075450083950254e-228,3.476505815472345e-231,3.8892735752378455e-234,4.351049515212212e-237,4.867652407987435e-240,5.445591892748262e-243,6.092150502304758e-246,6.815475429246939e-249,7.624681187553672e-252,8.529964463280076e-255,9.542732601540492e-258,1.0675747348833204e-260,1.1943285661983312e-263,1.3361319610034237e-266,1.4947717636005996e-269,1.6722469714590733e-272,1.8707939242965476e-275,2.0929144838762462e-278,2.34140755960924e-281,2.6194043772117436e-284,2.9304079348326394e-287,3.278337143832269e-290,3.6675762104241417e-293,4.103029880430539e-296,4.5901852432833175e-299,5.135180874053253e-302,5.744884184756798e-305,6.426977959632913e-308,7.190057164809e-311,8.0437372524e-314,8.9987753e-317,1.0067e-319,1.14e-322,0.0,0.0,0.0,0.0,0.0,0.0,0.0,0.0,0.0
Br94,14495145.035385456,726.0027143074332,0.03635234988417089,1.8201516420214052e-06,9.113383143896785e-11,4.563007779622741e-15,2.284665974791098e-19,1.1439161898252197e-23,5.727507907614246e-28,2.8677229242127726e-32,1.4358486975176063e-36,7.189193435394066e-41,3.599578586569052e-45,1.8022836799870812e-49,9.023907618707145e-54,4.5182070733472816e-58,2.262234501971787e-62,1.1326849032884471e-66,5.6712736412573625e-71,2.8395668222153345e-75,1.4217511352597054e-79,7.11860793272422e-84,3.564236921856769e-88,1.784588357047698e-92,8.935308381383136e-97,4.473846058398426e-101,2.2400232538083794e-105,1.121563887559992e-109,5.615591497722398e-114,2.8116871645981316e-118,1.4077919867875477e-122,7.0487154581669016e-127,3.5292422514476906e-131,1.767066771715419e-135,8.847579036037832e-140,4.429920592244762e-144,2.2180300818632096e-148,1.110552061060125e-152,5.560456056974946e-157,2.784081237221299e-161,1.3939698931214142e-165,6.97950920738334e-170,3.494591168455449e-174,1.7497172181860703e-178,8.760711041829626e-183,4.386426398546979e-187,2.1962528450032614e-191,1.0996483517386122e-195,5.505861951334894e-200,2.756746352525165e-204,1.3802835086190745e-208,6.910982442837542e-213,3.4602802994431656e-217,1.7325380074035209e-221,8.674695941773275e-226,4.343359242952031e-230,2.174689423117753e-234,1.0888516980708926e-238,5.451803865823413e-243,2.7296798493372034e-247,1.3667315008501664e-251,6.843128493144385e-256,3.426306304095226e-260,1.7155274668952498e-264,8.589525361916501e-269,4.300714932680923e-273,2.1533377169117287e-277,1.078161048954749e-281,5.398276537645654e-286,2.7028790926130576e-290,1.353312550466515e-294,6.77594075242038e-299,3.3926658748922396e-303,1.6986839406095555e-307,8.505191010523e-312,4.2584893e-316,2.1324e-320,0.0,0.0,0.0,0.0,0.0,0.0,0.0,0.0,0.0,0.0,0.0,0.0,0.0,0.0,0.0,0.0,0.0,0.0,0.0,0.0,0.0,0.0,0.0,0.0,0.0,0.0,0.0,0.0,0.0,0.0,0.0,0.0,0.0,0.0,0.0,0.0,0.0,0.0,0.0,0.0,0.0,0.0,0.0,0.0,0.0
C16,0.0,0.0,0.0,0.0,0.0,0.0,0.0,0.0,0.0,0.0,0.0,0.0,0.0,0.0,0.0,0.0,0.0,0.0,0.0,0.0,0.0,0.0,0.0,0.0,0.0,0.0,0.0,0.0,0.0,0.0,0.0,0.0,0.0,0.0,0.0,0.0,0.0,0.0,0.0,0.0,0.0,0.0,0.0,0.0,0.0,0.0,0.0,0.0,0.0,0.0,0.0,0.0,0.0,0.0,0.0,0.0,0.0,0.0,0.0,0.0,0.0,0.0,0.0,0.0,0.0,0.0,0.0,0.0,0.0,0.0,0.0,0.0,0.0,0.0,0.0,0.0,0.0,0.0,0.0,0.0,0.0,0.0,0.0,0.0,0.0,0.0,0.0,0.0,0.0,0.0,0.0,0.0,0.0,0.0,0.0,0.0,0.0,0.0,0.0,0.0,0.0,0.0,0.0,0.0,0.0,0.0,0.0,0.0,0.0,0.0,0.0,0.0,0.0,0.0,0.0,0.0,0.0,0.0,0.0,0.0,0.0,0.0
C17,0.0,0.0,0.0,0.0,0.0,0.0,0.0,0.0,0.0,0.0,0.0,0.0,0.0,0.0,0.0,0.0,0.0,0.0,0.0,0.0,0.0,0.0,0.0,0.0,0.0,0.0,0.0,0.0,0.0,0.0,0.0,0.0,0.0,0.0,0.0,0.0,0.0,0.0,0.0,0.0,0.0,0.0,0.0,0.0,0.0,0.0,0.0,0.0,0.0,0.0,0.0,0.0,0.0,0.0,0.0,0.0,0.0,0.0,0.0,0.0,0.0,0.0,0.0,0.0,0.0,0.0,0.0,0.0,0.0,0.0,0.0,0.0,0.0,0.0,0.0,0.0,0.0,0.0,0.0,0.0,0.0,0.0,0.0,0.0,0.0,0.0,0.0,0.0,0.0,0.0,0.0,0.0,0.0,0.0,0.0,0.0,0.0,0.0,0.0,0.0,0.0,0.0,0.0,0.0,0.0,0.0,0.0,0.0,0.0,0.0,0.0,0.0,0.0,0.0,0.0,0.0,0.0,0.0,0.0,0.0,0.0,0.0
C18,0.0,0.0,0.0,0.0,0.0,0.0,0.0,0.0,0.0,0.0,0.0,0.0,0.0,0.0,0.0,0.0,0.0,0.0,0.0,0.0,0.0,0.0,0.0,0.0,0.0,0.0,0.0,0.0,0.0,0.0,0.0,0.0,0.0,0.0,0.0,0.0,0.0,0.0,0.0,0.0,0.0,0.0,0.0,0.0,0.0,0.0,0.0,0.0,0.0,0.0,0.0,0.0,0.0,0.0,0.0,0.0,0.0,0.0,0.0,0.0,0.0,0.0,0.0,0.0,0.0,0.0,0.0,0.0,0.0,0.0,0.0,0.0,0.0,0.0,0.0,0.0,0.0,0.0,0.0,0.0,0.0,0.0,0.0,0.0,0.0,0.0,0.0,0.0,0.0,0.0,0.0,0.0,0.0,0.0,0.0,0.0,0.0,0.0,0.0,0.0,0.0,0.0,0.0,0.0,0.0,0.0,0.0,0.0,0.0,0.0,0.0,0.0,0.0,0.0,0.0,0.0,0.0,0.0,0.0,0.0,0.0,0.0
C19,0.0,0.0,0.0,0.0,0.0,0.0,0.0,0.0,0.0,0.0,0.0,0.0,0.0,0.0,0.0,0.0,0.0,0.0,0.0,0.0,0.0,0.0,0.0,0.0,0.0,0.0,0.0,0.0,0.0,0.0,0.0,0.0,0.0,0.0,0.0,0.0,0.0,0.0,0.0,0.0,0.0,0.0,0.0,0.0,0.0,0.0,0.0,0.0,0.0,0.0,0.0,0.0,0.0,0.0,0.0,0.0,0.0,0.0,0.0,0.0,0.0,0.0,0.0,0.0,0.0,0.0,0.0,0.0,0.0,0.0,0.0,0.0,0.0,0.0,0.0,0.0,0.0,0.0,0.0,0.0,0.0,0.0,0.0,0.0,0.0,0.0,0.0,0.0,0.0,0.0,0.0,0.0,0.0,0.0,0.0,0.0,0.0,0.0,0.0,0.0,0.0,0.0,0.0,0.0,0.0,0.0,0.0,0.0,0.0,0.0,0.0,0.0,0.0,0.0,0.0,0.0,0.0,0.0,0.0,0.0,0.0,0.0
C20,0.0,0.0,0.0,0.0,0.0,0.0,0.0,0.0,0.0,0.0,0.0,0.0,0.0,0.0,0.0,0.0,0.0,0.0,0.0,0.0,0.0,0.0,0.0,0.0,0.0,0.0,0.0,0.0,0.0,0.0,0.0,0.0,0.0,0.0,0.0,0.0,0.0,0.0,0.0,0.0,0.0,0.0,0.0,0.0,0.0,0.0,0.0,0.0,0.0,0.0,0.0,0.0,0.0,0.0,0.0,0.0,0.0,0.0,0.0,0.0,0.0,0.0,0.0,0.0,0.0,0.0,0.0,0.0,0.0,0.0,0.0,0.0,0.0,0.0,0.0,0.0,0.0,0.0,0.0,0.0,0.0,0.0,0.0,0.0,0.0,0.0,0.0,0.0,0.0,0.0,0.0,0.0,0.0,0.0,0.0,0.0,0.0,0.0,0.0,0.0,0.0,0.0,0.0,0.0,0.0,0.0,0.0,0.0,0.0,0.0,0.0,0.0,0.0,0.0,0.0,0.0,0.0,0.0,0.0,0.0,0.0,0.0
C22,0.0,0.0,0.0,0.0,0.0,0.0,0.0,0.0,0.0,0.0,0.0,0.0,0.0,0.0,0.0,0.0,0.0,0.0,0.0,0.0,0.0,0.0,0.0,0.0,0.0,0.0,0.0,0.0,0.0,0.0,0.0,0.0,0.0,0.0,0.0,0.0,0.0,0.0,0.0,0.0,0.0,0.0,0.0,0.0,0.0,0.0,0.0,0.0,0.0,0.0,0.0,0.0,0.0,0.0,0.0,0.0,0.0,0.0,0.0,0.0,0.0,0.0,0.0,0.0,0.0,0.0,0.0,0.0,0.0,0.0,0.0,0.0,0.0,0.0,0.0,0.0,0.0,0.0,0.0,0.0,0.0,0.0,0.0,0.0,0.0,0.0,0.0,0.0,0.0,0.0,0.0,0.0,0.0,0.0,0.0,0.0,0.0,0.0,0.0,0.0,0.0,0.0,0.0,0.0,0.0,0.0,0.0,0.0,0.0,0.0,0.0,0.0,0.0,0.0,0.0,0.0,0.0,0.0,0.0,0.0,0.0,0.0
Ca51,0.0,0.0,0.0,0.0,0.0,0.0,0.0,0.0,0.0,0.0,0.0,0.0,0.0,0.0,0.0,0.0,0.0,0.0,0.0,0.0,0.0,0.0,0.0,0.0,0.0,0.0,0.0,0.0,0.0,0.0,0.0,0.0,0.0,0.0,0.0,0.0,0.0,0.0,0.0,0.0,0.0,0.0,0.0,0.0,0.0,0.0,0.0,0.0,0.0,0.0,0.0,0.0,0.0,0.0,0.0,0.0,0.0,0.0,0.0,0.0,0.0,0.0,0.0,0.0,0.0,0.0,0.0,0.0,0.0,0.0,0.0,0.0,0.0,0.0,0.0,0.0,0.0,0.0,0.0,0.0,0.0,0.0,0.0,0.0,0.0,0.0,0.0,0.0,0.0,0.0,0.0,0.0,0.0,0.0,0.0,0.0,0.0,0.0,0.0,0.0,0.0,0.0,0.0,0.0,0.0,0.0,0.0,0.0,0.0,0.0,0.0,0.0,0.0,0.0,0.0,0.0,0.0,0.0,0.0,0.0,0.0,0.0
Ca52,0.0,0.0,0.0,0.0,0.0,0.0,0.0,0.0,0.0,0.0,0.0,0.0,0.0,0.0,0.0,0.0,0.0,0.0,0.0,0.0,0.0,0.0,0.0,0.0,0.0,0.0,0.0,0.0,0.0,0.0,0.0,0.0,0.0,0.0,0.0,0.0,0.0,0.0,0.0,0.0,0.0,0.0,0.0,0.0,0.0,0.0,0.0,0.0,0.0,0.0,0.0,0.0,0.0,0.0,0.0,0.0,0.0,0.0,0.0,0.0,0.0,0.0,0.0,0.0,0.0,0.0,0.0,0.0,0.0,0.0,0.0,0.0,0.0,0.0,0.0,0.0,0.0,0.0,0.0,0.0,0.0,0.0,0.0,0.0,0.0,0.0,0.0,0.0,0.0,0.0,0.0,0.0,0.0,0.0,0.0,0.0,0.0,0.0,0.0,0.0,0.0,0.0,0.0,0.0,0.0,0.0,0.0,0.0,0.0,0.0,0.0,0.0,0.0,0.0,0.0,0.0,0.0,0.0,0.0,0.0,0.0,0.0
Ca53,0.0,0.0,0.0,0.0,0.0,0.0,0.0,0.0,0.0,0.0,0.0,0.0,0.0,0.0,0.0,0.0,0.0,0.0,0.0,0.0,0.0,0.0,0.0,0.0,0.0,0.0,0.0,0.0,0.0,0.0,0.0,0.0,0.0,0.0,0.0,0.0,0.0,0.0,0.0,0.0,0.0,0.0,0.0,0.0,0.0,0.0,0.0,0.0,0.0,0.0,0.0,0.0,0.0,0.0,0.0,0.0,0.0,0.0,0.0,0.0,0.0,0.0,0.0,0.0,0.0,0.0,0.0,0.0,0.0,0.0,0.0,0.0,0.0,0.0,0.0,0.0,0.0,0.0,0.0,0.0,0.0,0.0,0.0,0.0,0.0,0.0,0.0,0.0,0.0,0.0,0.0,0.0,0.0,0.0,0.0,0.0,0.0,0.0,0.0,0.0,0.0,0.0,0.0,0.0,0.0,0.0,0.0,0.0,0.0,0.0,0.0,0.0,0.0,0.0,0.0,0.0,0.0,0.0,0.0,0.0,0.0,0.0
Ca54,0.0,0.0,0.0,0.0,0.0,0.0,0.0,0.0,0.0,0.0,0.0,0.0,0.0,0.0,0.0,0.0,0.0,0.0,0.0,0.0,0.0,0.0,0.0,0.0,0.0,0.0,0.0,0.0,0.0,0.0,0.0,0.0,0.0,0.0,0.0,0.0,0.0,0.0,0.0,0.0,0.0,0.0,0.0,0.0,0.0,0.0,0.0,0.0,0.0,0.0,0.0,0.0,0.0,0.0,0.0,0.0,0.0,0.0,0.0,0.0,0.0,0.0,0.0,0.0,0.0,0.0,0.0,0.0,0.0,0.0,0.0,0.0,0.0,0.0,0.0,0.0,0.0,0.0,0.0,0.0,0.0,0.0,0.0,0.0,0.0,0.0,0.0,0.0,0.0,0.0,0.0,0.0,0.0,0.0,0.0,0.0,0.0,0.0,0.0,0.0,0.0,0.0,0.0,0.0,0.0,0.0,0.0,0.0,0.0,0.0,0.0,0.0,0.0,0.0,0.0,0.0,0.0,0.0,0.0,0.0,0.0,0.0
Ca55,0.0,0.0,0.0,0.0,0.0,0.0,0.0,0.0,0.0,0.0,0.0,0.0,0.0,0.0,0.0,0.0,0.0,0.0,0.0,0.0,0.0,0.0,0.0,0.0,0.0,0.0,0.0,0.0,0.0,0.0,0.0,0.0,0.0,0.0,0.0,0.0,0.0,0.0,0.0,0.0,0.0,0.0,0.0,0.0,0.0,0.0,0.0,0.0,0.0,0.0,0.0,0.0,0.0,0.0,0.0,0.0,0.0,0.0,0.0,0.0,0.0,0.0,0.0,0.0,0.0,0.0,0.0,0.0,0.0,0.0,0.0,0.0,0.0,0.0,0.0,0.0,0.0,0.0,0.0,0.0,0.0,0.0,0.0,0.0,0.0,0.0,0.0,0.0,0.0,0.0,0.0,0.0,0.0,0.0,0.0,0.0,0.0,0.0,0.0,0.0,0.0,0.0,0.0,0.0,0.0,0.0,0.0,0.0,0.0,0.0,0.0,0.0,0.0,0.0,0.0,0.0,0.0,0.0,0.0,0.0,0.0,0.0
Ca56,0.0,0.0,0.0,0.0,0.0,0.0,0.0,0.0,0.0,0.0,0.0,0.0,0.0,0.0,0.0,0.0,0.0,0.0,0.0,0.0,0.0,0.0,0.0,0.0,0.0,0.0,0.0,0.0,0.0,0.0,0.0,0.0,0.0,0.0,0.0,0.0,0.0,0.0,0.0,0.0,0.0,0.0,0.0,0.0,0.0,0.0,0.0,0.0,0.0,0.0,0.0,0.0,0.0,0.0,0.0,0.0,0.0,0.0,0.0,0.0,0.0,0.0,0.0,0.0,0.0,0.0,0.0,0.0,0.0,0.0,0.0,0.0,0.0,0.0,0.0,0.0,0.0,0.0,0.0,0.0,0.0,0.0,0.0,0.0,0.0,0.0,0.0,0.0,0.0,0.0,0.0,0.0,0.0,0.0,0.0,0.0,0.0,0.0,0.0,0.0,0.0,0.0,0.0,0.0,0.0,0.0,0.0,0.0,0.0,0.0,0.0,0.0,0.0,0.0,0.0,0.0,0.0,0.0,0.0,0.0,0.0,0.0
Cd126,5189794002.517295,1350908278.0680811,351642694.77675027,91532924.023321,23826106.171703108,6201957.834982211,1614375.4547933228,420223.44852762535,109384.55869614126,28472.903459034373,7411.523537243924,1929.2265441827044,502.1794830814488,130.71779153587482,34.025964022200114,8.856990422166925,2.3054829331852202,0.6001193748505727,0.15621163743488378,0.040662036076011744,0.010584366216224399,0.0027551204762528625,0.000717160450007134,0.00018667753932631693,4.859233897879057e-05,1.2648631516950875e-05,3.292450674610125e-06,8.570280057738503e-07,2.2308519557933177e-07,5.8069286127623944e-08,1.5115489768897384e-08,3.934576196640258e-09,1.0241738828087851e-09,2.6659342450231594e-10,6.939451901756926e-11,1.8063458536795052e-11,4.701935238255697e-12,1.223918162721525e-12,3.1858704833955677e-13,8.292850818066066e-14,2.158636863900412e-14,5.6189520496842576e-15,1.4626185008071599e-15,3.8072097074108204e-16,9.910202659274495e-17,2.579635068609936e-17,6.714814334270486e-18,1.7478724836851013e-18,4.549728506462775e-19,1.184298607349054e-19,3.0827404083048143e-20,8.024402263097803e-21,2.088759452678582e-21,5.437060491369031e-22,1.415271957184771e-22,3.683966209265523e-23,9.589398675012632e-24,2.4961294899245983e-24,6.497448527931844e-25,1.6912919599535249e-25,4.402448871286296e-26,1.1459615798577175e-26,2.982948765345457e-27,7.76464367835156e-28,2.0211440488748274e-28,5.261056959627776e-29,1.3694580724148105e-29,3.56471223652134e-30,9.278979462874677e-31,2.415327077185649e-31,6.287119087963611e-32,1.6365430090029226e-32,4.259936837276976e-33,1.1088655634321292e-33,2.8863874858567685e-34,7.513293760087518e-35,1.9557174288612226e-35,5.0907508526686425e-36,1.3251272326716825e-36,3.4493186439238367e-37,8.978608856549257e-38,2.3371403259862116e-38,6.083598239572088e-39,1.583566340840374e-39,4.122038072025863e-40,1.0729703852011494e-40,2.7929519994775013e-41,7.270080310672325e-42,1.8924087393379196e-42,4.9259577386860406e-43,1.2822314301830104e-43,3.3376604667902056e-44,8.687961571792257e-45,2.2614845645317537e-45,5.886665581280114e-46,1.5323045847541705e-46,3.9886032390310575e-47,1.0382371727329491e-47,2.70254112090218e-48,7.034739943804584e-49,1.8311494206030593e-49,4.766499156131516e-50,1.2407242112399621e-50,3.229616785679656e-51,8.406722854162556e-52,2.188277861945354e-52,5.6961078462448545e-53,1.4827022271846415e-53,3.85948783597486e-54,1.0046283119383848e-54,2.615056940303161e-55,6.80701779928251e-56,1.7718731323065305e-56,4.6122024204500695e-57,1.2005606258905356e-57,3.12507059544456e-58,8.134588138160931e-59,2.1174409395412457e-59,5.511718671301974e-60,1.4347055516061086e-60,3.7345520382359434e-61,9.721074063370793e-62
Cd127,3763662800.7310624,578117514.7260183,88801754.03925832,13640395.454060651,2095233.2547477107,321838.351870786,49435.98737763259,7593.615968374861,1166.4175539709647,179.1675949742268,27.521042511374684,4.227370362491304,0.6493453209224815,0.09974270282659382,0.015320980142000397,0.0023533795040591708,0.00036149091238249346,5.5526819839186424e-05,8.529198427514294e-06,1.310127718940119e-06,2.012421981411761e-07,3.091181243417647e-08,4.748209653799211e-09,7.293488521399496e-10,1.1203164706348414e-10,1.7208623701718996e-11,2.643331036091574e-12,4.060289240717717e-13,6.236808214026856e-14,9.580050679265669e-15,1.4715439030317987e-15,2.2603653477917146e-16,3.4720347078813295e-17,5.333219704730415e-18,8.192093343525673e-19,1.2583466848274168e-19,1.9328837121558934e-20,2.9690064667909467e-21,4.560543060303621e-22,7.00522320766908e-23,1.0760374705462892e-23,1.6528476019894341e-24,2.53885693591625e-25,3.8998117753213495e-26,5.99030676671288e-27,9.201412074912072e-28,1.4133831115763929e-28,2.171027450814883e-29,3.334807210859346e-30,5.122431376639338e-31,7.868311884097674e-32,1.208612226369151e-32,1.8564890859006816e-33,2.851660483712215e-34,4.380293736238439e-35,6.728351192338513e-36,1.0335085383182358e-36,1.587521025943135e-37,2.438512033884641e-38,3.745676965675168e-39,5.7535479572102275e-40,8.837738651590057e-41,1.357521047094574e-41,2.085220513929983e-42,3.203003445891696e-43,4.919974173407042e-44,7.55732745090865e-45,1.1608434554181207e-45,1.783113854389173e-46,2.738952442618028e-47,4.207168524016158e-48,6.462422170628668e-49,9.92660504874812e-50,1.5247763948582432e-50,2.3421331289997382e-51,3.5976341268505074e-52,5.526146720877053e-53,8.488438930668712e-54,1.3038668554977599e-54,2.00280498069353e-55,3.0764090472715487e-56,4.725518818540658e-57,7.25863425872666e-58,1.1149626808222381e-58,1.7126386801094863e-59,2.630699035096048e-60,4.040885852708206e-61,6.207003635450508e-62,9.534269349547473e-63,1.4645116608365343e-63,2.2495634705641945e-64,3.4554424819029655e-65,5.307733212233015e-66,8.152944810913648e-67,1.2523332735828847e-67,1.92364681044256e-68,2.954818121807994e-69,4.538749049757345e-70,6.9717465128000185e-71,1.0708952820675966e-71,1.6449489422042232e-72,2.5267241977521307e-73,3.881175280097858e-74,5.961680173975364e-75,9.1574401906102e-76,1.4066288092855618e-76,2.1606525032409437e-77,3.3188707702727073e-78,5.097952203442424e-79,7.830710644526841e-80,1.202836487107494e-80,1.8476172602908365e-81,2.838032913961266e-82,4.359361104615152e-83,6.696197618760537e-84,1.0285695879156275e-84,1.5799345500510356e-85,2.426858825860723e-86,3.7277770528328766e-87,5.726052792007311e-88,8.795504696810701e-89,1.3510336995076775e-89
Cd128,1240928492.6701148,104385795.98548916,8780803.933217589,738630.3565740327,62132.67119981861,5226.523383537423,439.6486767937839,36.98270242420717,3.1109391448003505,0.2616883496408958,0.02201290001195785,0.0018516978979056813,0.00015576253484301172,1.310255160313211e-05,1.1021704204144317e-06,9.271321132184195e-08,7.798920561101976e-09,6.560355428444754e-10,5.518489771800328e-11,4.6420852793160965e-12,3.904864669779602e-13,3.284723819537286e-14,2.7630690134120774e-15,2.3242594483798824e-16,1.9551382745637877e-17,1.6446381127239355e-18,1.3834492204535377e-19,1.163740357690939e-20,9.789239822439278e-22,8.234587351715856e-23,6.92683293932646e-24,5.826766117107278e-25,4.9014035246489866e-26,4.122999967496242e-27,3.4682165315477447e-28,2.917420811188022e-29,2.4540982698547552e-30,2.0643570838351563e-31,1.7365116229973186e-32,1.4607320799377611e-33,1.2287497423578106e-34,1.0336090718352106e-35,8.69459155555977e-37,7.313782780929725e-38,6.152263533577836e-39,5.175207921854644e-40,4.3533208368354183e-41,3.6619595955545307e-42,3.080395078167973e-43,2.5911902056812748e-44,2.179677123108442e-45,1.8335174124174965e-46,1.5423321491046807e-47,1.2973907103644176e-48,1.0913490043743122e-49,9.180292720103236e-51,7.72234858775523e-52,6.49594403239624e-53,5.464307702831947e-54,4.596507993652493e-55,3.8665256213081606e-56,3.252473486585371e-57,2.7359404325793057e-58,2.3014392220244627e-59,1.9359421826589925e-60,1.628490597853652e-61,1.3698661308445073e-62,1.1523144308651025e-63,9.693126340464911e-65,8.15373788052594e-66,6.858823365046011e-67,5.769557305154212e-68,4.85328018025655e-69,4.082519205941309e-70,3.4341646160635668e-71,2.8887767614319857e-72,2.4300032498019924e-73,2.0440886512535977e-74,1.7194620684248953e-75,1.446390205698186e-76,1.2166855352942144e-77,1.0234608102034284e-78,8.609225635027898e-80,7.241974025374673e-81,6.091858897368942e-82,5.12439628966125e-83,4.310578720862258e-84,3.6260054567284096e-85,3.050150901685468e-86,2.5657491788351442e-87,2.1582764462753352e-88,1.8155154279974073e-89,1.5271891026679548e-90,1.2846525671667727e-91,1.0806338360096326e-92,9.090158050315048e-94,7.646528419361e-95,6.432165045366729e-96,5.410657608501372e-97,4.551378198468581e-98,3.828562996288484e-99,3.220539796381117e-100,2.709078207705949e-101,2.278843051004724e-102,1.9169345633288537e-103,1.6125016237799566e-104,1.3564164037908954e-105,1.1410006869699104e-106,9.597956527415334e-108,8.073682211953309e-109,6.791481527700243e-110,5.7129101852442834e-111,4.805629324257273e-112,4.04243589577348e-113,3.4004470317659286e-114,2.86041394693118e-115,2.406144801364349e-116,2.024019219786015e-117,1.702579911125994e-118,1.432189143972785e-119,1.2047397779743387e-120,1.0134121870297034e-121
Cd129,2016228.8813279958,185659.61757977807,14249.264244963486,1093.6202177841633,83.93452182194383,6.441910856176912,0.4944117697717158,0.037945728145929364,0.0029123058401089624,0.00022351726322697094,1.7154780336740244e-05,1.3166163729509168e-06,1.0104930751050493e-07,7.75545767022999e-09,5.95225490966145e-10,4.568310474517508e-11,3.5061436225978755e-12,2.690938623995801e-13,2.0652749737465377e-14,1.585082870024767e-15,1.216539074352962e-16,9.33684507867048e-18,7.16595774529146e-19,5.499818190687471e-20,4.221068726018079e-21,3.2396382156663103e-22,2.4863977465503736e-23,1.9082914024642903e-24,1.4645991703344503e-25,1.1240687491304164e-26,8.627142349692053e-28,6.62126628637506e-29,5.081771629356724e-30,3.9002211625403436e-31,2.993390145446801e-32,2.2974042213087773e-33,1.7632403060175e-34,1.353273554530841e-35,1.0386271837948563e-36,7.971384819469256e-38,6.117977358140816e-39,4.6955011961417e-40,3.6037615362584805e-41,2.7658596319574128e-42,2.122776278819492e-43,1.6292146853199794e-44,1.2504099076980458e-45,9.596801154308022e-47,7.365472060668284e-48,5.6529439137260964e-49,4.338591556456672e-50,3.3298360962066956e-51,2.555623935399088e-52,1.9614219770831952e-53,1.5053764831734414e-54,1.1553650272959677e-55,8.867338909696627e-57,6.805615323448541e-58,5.223258116379151e-59,4.0088109676607656e-60,3.0767319968436903e-61,2.361368459816793e-62,1.8123323736801953e-63,1.390951343927124e-64,1.0675446012388446e-65,8.193323803955534e-67,6.288313844551495e-68,4.826233156864575e-69,3.7040973240546516e-70,2.8428665876934993e-71,2.181878532980157e-72,1.6745752168912195e-73,1.2852237714608729e-74,9.86399491683993e-76,7.570541245813394e-77,5.81033295715879e-78,4.459386452945528e-79,3.42254526261061e-80,2.6267775170911883e-81,2.0160318110833903e-82,1.5472891163622207e-83,1.1875326552146115e-84,9.114223012933864e-86,6.995096999204706e-87,5.368683864641548e-88,4.120424125889812e-89,3.162394248808762e-90,2.4271135881525438e-91,1.8627912607714058e-92,1.4296781568626917e-93,1.0972671362887252e-94,8.421442004970712e-96,6.463392832757156e-97,4.9606049517266605e-98,3.80722665693181e-99,2.9220175680804516e-100,2.2426263097904425e-101,1.721198674609004e-102,1.321006921457468e-103,1.013862787766178e-104,7.781319959193729e-106,5.972104020185306e-107,4.58354451621972e-108,3.517835634000896e-109,2.6999121540228674e-110,2.0721620899467374e-111,1.590368679445584e-112,1.2205958929721084e-113,9.36798085372101e-115,7.189854216369126e-116,5.518158550901357e-117,4.235144813306529e-118,3.2504415058439e-119,2.4946891897809732e-120,1.9146550222242116e-121,1.4694832002099038e-122,1.1278172049973981e-123,8.655911464019803e-125,6.643346363307378e-126,5.098717920847759e-127,3.9132273126628916e-128,3.003372266968769e-129
Cd130,17742757831.483143,245931530.56121832,3408822.3060609056,47249.205835356035,654.9145868068265,9.07767883987175,0.12582442776490077,0.0017440346702757331,2.4173818909051847e-05,3.350698989001423e-07,4.644356672454074e-09,6.43747736569945e-11,8.922896701642695e-13,1.2367901434871367e-14,1.7142973971057226e-16,2.3761634754279733e-18,3.2935667238895895e-20,4.565166444517894e-22,6.327712906189418e-24,8.770753730400854e-26,1.2157018205439693e-27,1.6850671697133337e-29,2.335647868961142e-31,3.23740861244765e-33,4.4873264772621326e-35,6.219820023989442e-37,8.621204926106412e-39,1.1949730714273742e-40,1.6563353425371843e-42,2.295823088013834e-44,3.1822080445277094e-46,4.4108137475947494e-48,6.113766807115946e-50,8.474206056008436e-52,1.1745977650980463e-53,1.628093417430057e-55,2.2566773534238958e-57,3.1279486931990198e-59,4.335605624987012e-61,6.009521887711805e-63,8.329713641562005e-65,1.1545698750561158e-66,1.6003330411453634e-68,2.2181990868738814e-70,3.074614509918866e-72,4.261679864779922e-74,5.907054432768513e-76,8.187684945568303e-78,1.134883477558652e-79,1.5730460028664709e-81,2.180376907466519e-83,3.022189719785842e-85,4.189014601604826e-87,5.8063341350065565e-89,8.048077959534106e-91,1.1155327498675822e-92,1.54622423177815e-94,2.1431996283584942e-96,2.9706588168739996e-98,4.1175883429161795e-100,5.707331203911307e-102,7.910851391246711e-104,1.096511968527463e-105,1.5198597946794304e-107,2.1066562534516847e-109,2.9200065596466155e-111,4.0473799626346215e-113,5.6100163569217205e-115,7.775964652560691e-117,1.077815507672628e-118,1.4939448936371535e-120,2.0707359741407858e-122,2.8702179664481256e-124,3.9783686948983834e-126,5.514360810769287e-128,7.643377847393004e-130,1.059437837363202e-131,1.4684718636795508e-133,2.0354281661163875e-135,2.821278311072899e-137,3.9105341279212795e-139,5.420336272964707e-141,7.513051759922738e-143,1.0413735219494887e-144,1.4434331705291414e-146,2.000722386222593e-148,2.7731731184096513e-150,3.8438561979554415e-152,5.327914933429652e-154,7.384947842992055e-156,1.0236172184642313e-157,1.4188214083742685e-159,1.9666083693681895e-161,2.725888160160039e-163,3.7783151833569462e-165,5.23706945627127e-167,7.2590282067049e-169,1.00616367504231e-170,1.3946292976786658e-172,1.9330760254904858e-174,2.6794094506302835e-176,3.7138916987526485e-178,5.1477729716969044e-180,7.135255607220145e-182,9.890077293673654e-184,1.3708496830283388e-185,1.900115436570933e-187,2.6337232425945777e-189,3.650566689306487e-191,5.059999068066684e-193,7.013593435735791e-195,9.721443071449164e-197,1.3474755310151863e-198,1.8677168537016328e-200,2.588816023229006e-202,3.588321425083571e-204,4.973721784081674e-206,6.894005707661047e-208,9.555684206015227e-210,1.3244999281566925e-211,1.8358706942018516e-213,2.544674510114775e-215
Cd131,1168726422.1156232,43732.183483718356,1.6363999615851934,6.123190339382387e-05,2.2912161337369867e-09,8.573425094647922e-14,3.2080612898641683e-18,1.200413734990193e-22,4.491788045652074e-27,1.6807671604347074e-31,6.289206478320483e-36,2.353337158058121e-40,8.805873679911413e-45,3.2950404493057084e-49,1.2329601760389994e-53,4.6135724859415244e-58,1.726337273229448e-62,6.459723760757356e-67,2.4171424502254315e-71,9.044624570752239e-76,3.384377847413401e-80,1.2663890385347351e-84,4.7386588295589744e-89,1.7731429141978747e-93,6.634864224784766e-98,2.4826776752647136e-102,9.289848639604597e-107,3.476137422372467e-111,1.3007242472932908e-115,4.867136599973614e-120,1.8212175818278e-124,6.814753217274976e-129,2.5499897363032784e-133,9.541721391713437e-138,3.5703848459040864e-142,1.3359903757965845e-146,4.999097747876358e-151,1.870595682841025e-155,6.999519483590663e-160,2.6191268081382095e-164,9.800423090742294e-169,3.667187570266216e-173,1.372212663779646e-177,5.134636716988379e-182,1.921312556818009e-186,7.18929525972714e-191,2.690138371714758e-195,1.0066138887786894e-199,3.766614876528717e-204,1.4094170352945173e-208,5.2738505116538134e-213,1.9734045014901634e-217,7.384216366952791e-222,2.763075249539518e-226,1.0339058953886528e-230,3.8687379241573724e-235,1.4476301172639337e-239,5.416838766265174e-244,2.0269087987179204e-248,7.584422309015435e-253,2.8379896420537675e-257,1.061937861612827e-261,3.97362980194224e-266,1.4868792585380405e-270,5.563703816571003e-275,2.081863741173087e-279,7.790056371984264e-284,2.9149351649929724e-288,1.090729849744117e-292,4.081365580306805e-297,1.527192549467765e-301,5.714550772916855e-306,2.1383086597447e-310,8.001265725e-315,2.994e-319,1e-323,0.0,0.0,0.0,0.0,0.0,0.0,0.0,0.0,0.0,0.0,0.0,0.0,0.0,0.0,0.0,0.0,0.0,0.0,0.0,0.0,0.0,0.0,0.0,0.0,0.0,0.0,0.0,0.0,0.0,0.0,0.0,0.0,0.0,0.0,0.0,0.0,0.0,0.0,0.0,0.0,0.0,0.0,0.0,0.0,0.0,0.0
Cd132,0.01427135967437637,1.1247689903805335e-05,8.864644368770887e-09,6.986494156297416e-12,5.5062672077329825e-15,4.339655610479105e-18,3.420213750454088e-21,2.6955738309159844e-24,2.1244632084630347e-27,1.674353665386107e-30,1.3196087301601655e-33,1.0400235247272935e-36,8.196739740081139e-40,6.460098331356734e-43,5.091398748056982e-46,4.012685238224861e-49,3.1625185175709413e-52,2.4924764291762894e-55,1.96439600763856e-58,1.5481998664683804e-61,1.2201831083000931e-64,9.616631870516209e-68,7.579158234854337e-71,5.973363681007456e-74,4.70778845881487e-77,3.710350374851525e-80,2.924239273832295e-83,2.3046813553195527e-86,1.8163890339235583e-89,1.4315510970497276e-92,1.1282486874728213e-95,8.892068913275569e-99,7.008108268714163e-102,5.523301943003934e-105,4.353081200212165e-108,3.430794863504184e-111,2.703913125919408e-114,2.13103565890609e-117,1.6795336122291787e-120,1.32369120282839e-123,1.0432410448277365e-126,8.222097988471453e-130,6.480083933353024e-133,5.107150005044696e-136,4.025099279930433e-139,3.1723023990470593e-142,2.50018740188035e-145,1.9704732582867745e-148,1.552989531385982e-151,1.2239579879867884e-154,9.646382838264827e-158,7.602605871744562e-161,5.991843472333282e-164,4.722352940900842e-167,3.721829083387382e-170,2.9332859909674035e-173,2.3118113465260542e-176,1.8220083954936808e-179,1.4359798857454239e-182,1.1317391497017336e-185,8.919578301075693e-189,7.029789248696392e-192,5.540389378624282e-195,4.366548324683419e-198,3.441408711336816e-201,2.712278220194343e-204,2.1376284425347922e-207,1.6847295842704165e-210,1.3277863054396439e-213,1.0464685189680131e-216,8.247534687658261e-220,6.500131364793157e-223,5.122949991685865e-226,4.037551726948727e-229,3.182116548910918e-232,2.5079222300156353e-235,1.9765693101213544e-238,1.5577940140868137e-241,1.227744546016308e-244,9.676225846562957e-248,7.626126048573735e-251,6.010380434577474e-254,4.736962481115541e-257,3.733343303596346e-260,2.942360695925408e-263,2.318963395781702e-266,1.82764514167903e-269,1.4404223757818221e-272,1.1352404103713737e-275,8.947172794650978e-279,7.051537303112298e-282,5.557529677633101e-285,4.380057112388897e-288,3.452055395223591e-291,2.720669193555998e-294,2.1442416222539224e-297,1.689941631086985e-300,1.3318940770671884e-303,1.0497059779429443e-306,8.27305008034483e-310,6.52024081696e-313,5.13879887e-316,4.05005e-319,3.2e-322,0.0,0.0,0.0,0.0,0.0,0.0,0.0,0.0,0.0,0.0,0.0,0.0,0.0,0.0,0.0,0.0,0.0,0.0
Ce153,2082863218.7298546,1026217979.9533834,505556892.3041467,249050560.73081842,122687850.44194643,60438637.781423755,29773338.156620555,14666967.401230648,7225253.777816203,3559310.5348569937,1753390.5155769833,863756.6932171889,425504.540086201,209612.40016505073,103259.43477218252,50867.74857323502,25058.512576752542,12344.345290907602,6081.081636206557,2995.6674894249554,1475.728208246132,726.9744563777924,358.12276086657414,176.41873208272358,86.90754241468474,42.81246577046379,21.09031246794789,10.389527255459907,5.118097550995989,2.5212814690625285,1.2420357726477984,0.6118526945388637,0.3014113828753832,0.14848152592564953,0.07314509269984822,0.036032796354399294,0.01775050608583487,0.008744269059894711,0.004307609091374006,0.0021220179705119238,0.0010453502561763868,0.0005149613119555326,0.00025368066946378334,0.0001249683822173234,6.156202830521384e-05,3.0326737545991763e-05,1.4939582653510047e-05,7.359549622592263e-06,3.6254674513730334e-06,1.7859807889080514e-06,8.798113405046889e-07,4.3341339374312227e-07,2.1350846622206002e-07,1.0517871807052324e-07,5.1813227506645854e-08,2.5524275194677598e-08,1.2573789658829326e-08,6.19411071141604e-09,3.0513479663895552e-09,1.5031575710827339e-09,7.404867318940452e-10,3.647791892610202e-10,1.7969782737034518e-10,8.852289306042647e-11,4.3608221148036507e-11,2.148231814337516e-11,1.0582637417072552e-11,5.213227639297431e-12,2.568144532221229e-12,1.2651214937674643e-12,6.232252016626547e-13,3.070137167860403e-13,1.5124135231264206e-13,7.45046406682139e-14,3.6702538004453424e-14,1.808043477408588e-14,8.90679880449434e-15,4.387674629232068e-15,2.1614599223115295e-15,1.0647801832508809e-15,5.245328987785749e-16,2.58395832519197e-16,1.2729116976030593e-16,6.270628183503404e-17,3.089042067080513e-17,1.521726470291504e-17,7.496341584543013e-18,3.692854021352739e-18,1.819176817014327e-18,8.961643954585843e-19,4.41469249265023e-19,2.174769484642285e-19,1.0713367509074193e-19,5.277628005864966e-20,2.5998694943208598e-20,1.2807498709626092e-20,6.3092406582478274e-21,3.108063376478733e-21,1.5310967635352687e-21,7.542501600994031e-22,3.7155934070189863e-22,1.8303787120792263e-22,9.016826823149992e-23,4.441876723223059e-23,2.1881610028990373e-23,1.0779336917603319e-23,5.310125910719698e-24,2.61587863921839e-24,1.2886363092267291e-24,6.348090895966257e-25,3.127201812870801e-25,1.540524755976086e-25,7.588945855709084e-26,3.738472814375083e-26,1.841649584745347e-26,9.07234948974654e-27,4.469228345385007e-27,2.201634981739535e-27,1.0845712544145409e-27,5.342823927029574e-28,2.6319863631872584e-28,1.2965713095948994e-28
Ce154,88173478.21923369,36052282.877012484,14740403.681988897,6026759.457705167,2464098.646521834,1007470.3952803484,411913.94299365825,168414.9698809406,68858.0771770426,28153.285873648907,11510.741193721475,4706.277037197612,1924.2065457030915,786.7303180968996,321.6622429619121,131.51469590948747,53.771045929730036,21.98480831653246,8.988699928699734,3.6751162550481724,1.5026065610439274,0.6143551171179649,0.25118498728423594,0.10269939336220563,0.041989632863806796,0.017167864486005147,0.007019246202171153,0.00286988619270951,0.001173380520056001,0.0004797478897750327,0.00019614953019043846,8.019761840322334e-05,3.278956616059514e-05,1.3406328896131299e-05,5.481306266480441e-06,2.2410846861759336e-06,9.162889877775817e-07,3.74633548790648e-07,1.5317252280842995e-07,6.262605636691093e-08,2.5605264339588543e-08,1.0468958129169589e-08,4.280334030406935e-09,1.7500556584337903e-09,7.155270560332778e-10,2.925501057342622e-10,1.1961191913495947e-10,4.890448138187941e-11,1.999506668338015e-11,8.175174960979297e-12,3.3424987623659556e-12,1.3666127061187232e-12,5.587527240258891e-13,2.284514150999184e-13,9.340455413822214e-14,3.8189348619023624e-14,1.5614081790777682e-14,6.383967231314569e-15,2.6101462869606454e-15,1.0671833661545219e-15,4.3632816393714603e-16,1.7839695846345745e-16,7.293930903254065e-17,2.982193669649493e-17,1.2192985101257043e-17,4.985219008158838e-18,2.0382546483015072e-18,8.333599796766108e-19,3.407272277314925e-19,1.3930959795146352e-19,5.695806645863967e-20,2.328785225435167e-20,9.521461951562612e-21,3.892941122473571e-21,1.5916663491533069e-21,6.507680664374639e-22,2.660727711684284e-22,1.0878640672214046e-22,4.447836670977329e-23,1.8185407210131124e-23,7.435278313077577e-24,3.0399849150544873e-24,1.2429270155905752e-24,5.081826421027503e-25,2.0777535164590917e-25,8.495094711017788e-26,3.47330102331622e-26,1.420092466176182e-26,5.8061843731727416e-27,2.3739142188430513e-27,9.705976173377622e-28,3.968381533351539e-28,1.622510885349237e-28,6.633791511607565e-29,2.712289342207048e-29,1.1089455348389818e-29,4.534030275098276e-30,1.8537818034943152e-30,7.579364861854941e-31,3.0988960837157947e-31,1.2670134124297648e-31,5.18030596673646e-32,2.1180178241004177e-32,8.659719198078958e-33,3.540609325203764e-33,1.4476121115452325e-33,5.918701085079032e-34,2.419917756637333e-34,9.89406605387043e-35,4.045283886605332e-35,1.653953150719793e-35,6.762346231951396e-36,2.7648501737117584e-36,1.1304355353700972e-36,4.621894205254328e-37,1.889705814809667e-37,7.72624363073011e-38,3.1589488783686737e-38,1.291566574014924e-38,5.280693924917526e-39,2.1590624045012333e-39,8.827533905221471e-40
Ce155,1498109.4913485877,343886.6888033069,78937.97753029197,18119.92959887336,4159.364730258633,954.7672256057991,219.16338526518703,50.30816742695316,11.548059028148224,2.650815446839548,0.608485158941011,0.13967558137361266,0.03206202771816164,0.007359723233587123,0.001689398017840268,0.00038779524339416764,8.901700440692759e-05,2.0433533439523703e-05,4.6904441640774854e-06,1.076674600672559e-06,2.471467850766773e-07,5.6731656282763504e-08,1.3022547809339648e-08,2.989279047332549e-09,6.861782620151126e-10,1.5750975395964786e-10,3.615579794027698e-11,8.299433475294714e-12,1.9051051265587093e-12,4.373100349613194e-13,1.0038294685780266e-13,2.3042544680566798e-14,5.289333317819871e-15,1.2141474535403268e-15,2.7870318438280395e-16,6.397531433156796e-17,1.4685303481144774e-17,3.3709586359454393e-18,7.737914398463153e-19,1.7762104405398745e-19,4.077227230259183e-20,9.359128573815948e-21,2.14835432793992e-21,4.931470149144845e-22,1.1320012493109921e-22,2.5984681843077887e-23,5.9646903295994906e-24,1.3691732283993787e-24,3.142887938478199e-25,7.214386309159168e-26,1.6560364491705314e-26,3.801372152056236e-27,8.725913155876806e-28,2.0030020044924422e-28,4.597819114551571e-29,1.0554128534430816e-29,2.4226622741366935e-30,5.561134181166865e-31,1.2765383648846758e-31,2.930247938524877e-32,6.726278831427827e-33,1.5439931318880104e-33,3.5441807440077488e-34,8.135539522015451e-35,1.8674838586090663e-35,4.286742081121911e-36,9.840062384125933e-37,2.2587509556476267e-37,5.184881640455431e-38,1.1901709463947484e-38,2.7319946333774908e-39,6.271195494573824e-40,1.4395303874569847e-40,3.30439026849837e-41,7.585109103417943e-42,1.741134534235847e-42,3.99671174794655e-43,9.174308177848267e-44,2.1059294702796078e-44,4.834085413111019e-45,1.1096469331496697e-45,2.5471546549609712e-46,5.84690196716314e-47,1.342135333126838e-47,3.0808234216067655e-48,7.071919441244482e-49,1.623333691658593e-49,3.726304147506214e-50,8.553597249333914e-51,1.9634475074391577e-51,4.507023188132045e-52,1.0345709748489113e-52,2.374820490869122e-53,5.451315087082831e-54,1.251329786521308e-54,2.8723825528738362e-55,6.5934509183151455e-56,1.5135029618090122e-56,3.4741916543909075e-57,7.974882082168345e-58,1.8306055206859268e-58,4.202089181805986e-59,9.645744696123622e-60,2.2141460287334905e-60,5.0824926337999096e-61,1.166667917897282e-61,2.6780442761471267e-62,6.147354388496891e-63,1.4111031066349657e-63,3.239136467031844e-64,7.435321347336308e-65,1.7067512931560443e-65,3.9177862537621275e-66,8.993137542485601e-67,2.0643424020491358e-67,4.738623792603723e-68,1.0877340612458918e-68,2.4968544450420923e-69,5.7314396430554904e-70,1.3156313715929988e-70,3.019984530443249e-71,6.932265953094016e-72
Ce156,26373.425562565553,4030.5758312204334,615.9814731946396,94.13870156715271,14.386950774328197,2.19871688409992,0.33602366562985647,0.051353543823605095,0.007848216459098728,0.001199420663166692,0.00018330405828236206,2.8013839359805934e-05,4.28127561948542e-06,6.542952108270839e-07,9.999408142816858e-08,1.5281811872081214e-08,2.335475967759583e-09,3.5692416852398523e-10,5.454770840512988e-11,8.336371573143072e-12,1.2740240247924384e-12,1.947054784575e-13,2.975628606967616e-14,4.547568808412729e-15,6.949920436584057e-16,1.0621366296974773e-16,1.6232332879764635e-17,2.480741397597182e-18,3.791246721796933e-19,5.794054841612287e-20,8.854889689610903e-21,1.3532676779662459e-21,2.0681606122962636e-22,3.1607112087992543e-23,4.830425299675992e-24,7.382201990106523e-25,1.1282009935313195e-25,1.7241975815764552e-26,2.635042264064064e-27,4.0270603599010893e-28,6.154442136831101e-29,9.405659371972385e-30,1.4374402464871179e-30,2.196799161553788e-31,3.3573058553197207e-32,5.130875322344799e-33,7.84137123870706e-34,1.1983745275479203e-34,1.8314418034268392e-35,2.798940566771372e-36,4.277541487619213e-37,6.537245340443192e-38,9.990686651395146e-39,1.5268483064091094e-39,2.3334389638361994e-40,3.566128589915087e-41,5.4500131852184506e-42,8.329100583487994e-43,1.2729128200646606e-43,1.9453565619043438e-44,2.973033261423237e-45,4.543602415423685e-46,6.9438587106695145e-47,1.061210233317581e-47,1.6218175026625377e-48,2.4785776930549065e-49,3.787939993509659e-50,5.789001262552762e-51,8.847166448058469e-52,1.3520873568636246e-52,2.0663567610301402e-53,3.15795443406815e-54,4.82621219903915e-55,7.375763227890722e-56,1.1272169757628118e-56,1.7226937351285115e-57,2.6327439781881687e-58,4.023547954778503e-59,6.149074227697357e-60,9.397455748682215e-61,1.4361865100059249e-61,2.1948831116467213e-62,3.3543776105877216e-63,5.126400168968651e-64,7.834531988721836e-65,1.197329304369432e-65,1.829844418486665e-66,2.7964993286706375e-67,4.273810612665657e-68,6.531543550062783e-69,9.981972766864896e-70,1.5255165881497427e-70,2.331403736589187e-71,3.5630182098344305e-72,5.4452596795544747e-73,8.321835935595611e-74,1.2718025845304897e-74,1.9436598204247905e-75,2.9704401795412144e-76,4.539639481925623e-77,6.937802271796939e-78,1.0602846449413137e-78,1.6204029521976433e-79,2.476415875697384e-80,3.784636149353328e-81,5.783952091228754e-82,8.839449942723225e-83,1.3509080652379703e-83,2.0645544830844698e-84,3.155200063798076e-85,4.82200277307192e-86,7.369330081568266e-87,1.1262338162553565e-87,1.7211912003365906e-88,2.6304476968789693e-89,4.020038613178339e-90,6.143711000458042e-91,9.389259280598524e-92,1.4349338670346456e-92,2.1929687329198457e-93,3.3514519198730144e-94,5.1219289188246975e-95
Ce157,139.0101690150578,8.002387383820887,0.4606728003747621,0.026519514593131028,0.0015266467950422944,8.788435507098554e-05,5.05923170397058e-06,2.912443905833631e-07,1.6766042753033757e-08,9.651694545378588e-10,5.556183350447129e-11,3.1985236663511644e-12,1.8412915843364306e-13,1.0599748672223642e-14,6.101948918361974e-16,3.512704098340462e-17,2.0221555846472427e-18,1.1640927029555082e-19,6.701323238244563e-21,3.85774543809274e-22,2.2207852592742265e-23,1.2784376903438211e-24,7.359572121015344e-26,4.2366790508076854e-27,2.4389256718196763e-28,1.4040144087683624e-29,8.082478620836457e-31,4.652834062692028e-32,2.678493297728853e-33,1.5419261141299952e-34,8.876393842209667e-36,5.109866609041367e-37,2.9415928615100723e-38,1.6933844315185255e-39,9.748292737687892e-41,5.6117919552645345e-42,3.2305358278193294e-43,1.8597199999607538e-44,1.0705835386412098e-45,6.163019773050361e-47,3.547860708863289e-48,2.0423941627670444e-49,1.1757434291836608e-50,6.768392881595929e-52,3.896355366531446e-53,2.2430118061820773e-54,1.2912328289888222e-55,7.433229794257876e-57,4.279081505193149e-58,2.4633354591339064e-59,1.4180663716879946e-60,8.163371444421051e-62,4.699401570341405e-63,2.7053007779549228e-64,1.5573583550281313e-65,8.965232501095071e-67,5.1610082894016815e-68,2.971033552115837e-69,1.710332530549254e-70,9.845857725072783e-72,5.667957114236953e-73,3.26286838037687e-74,1.8783328548696036e-75,1.0812983860768194e-76,6.224701850373057e-78,3.58336918143565e-79,2.0628352970340638e-80,1.1875107607485667e-81,6.83613378596533e-83,3.9353517192684562e-84,2.2654608056595091e-85,1.304156026728274e-86,7.507624664274613e-88,4.321908341061425e-89,2.487989549800049e-90,1.4322589725246256e-91,8.245073877187938e-93,4.7464351450671853e-94,2.7323765586455315e-95,1.5729450482420772e-96,9.05496029440296e-98,5.212661817070389e-99,3.000768897456015e-100,1.7274502532374442e-101,9.94439918362239e-103,5.724684397590972e-104,3.2955245306317085e-105,1.8971319950084186e-106,1.0921204721831411e-107,6.287001267701639e-109,3.619233037639982e-110,2.0834810147148776e-111,1.1993958646851689e-112,6.904552669613594e-114,3.9747383637996708e-115,2.288134484104825e-116,1.3172085652311178e-117,7.582764109239023e-119,4.365163805799789e-120,2.5128903889081634e-121,1.44659361884131e-122,8.327594022044199e-124,4.79393945146345e-125,2.759723325063851e-126,1.5886877395951504e-127,9.14558612096215e-129,5.2648323148292305e-130,3.0308018465583053e-131,1.7447392972475295e-132,1.0043926886268117e-133,5.781979431302255e-135,3.328507517284797e-136,1.916119284797617e-137,1.1030508702495999e-138,6.349924203632821e-140,3.655455834304168e-141,2.1043333633657712e-142,1.2113999197085734e-143,6.973656318040617e-145,4.014519206328426e-146,2.311035090199e-147,1.3303917389937542e-148
Cl43,0.0,0.0,0.0,0.0,0.0,0.0,0.0,0.0,0.0,0.0,0.0,0.0,0.0,0.0,0.0,0.0,0.0,0.0,0.0,0.0,0.0,0.0,0.0,0.0,0.0,0.0,0.0,0.0,0.0,0.0,0.0,0.0,0.0,0.0,0.0,0.0,0.0,0.0,0.0,0.0,0.0,0.0,0.0,0.0,0.0,0.0,0.0,0.0,0.0,0.0,0.0,0.0,0.0,0.0,0.0,0.0,0.0,0.0,0.0,0.0,0.0,0.0,0.0,0.0,0.0,0.0,0.0,0.0,0.0,0.0,0.0,0.0,0.0,0.0,0.0,0.0,0.0,0.0,0.0,0.0,0.0,0.0,0.0,0.0,0.0,0.0,0.0,0.0,0.0,0.0,0.0,0.0,0.0,0.0,0.0,0.0,0.0,0.0,0.0,0.0,0.0,0.0,0.0,0.0,0.0,0.0,0.0,0.0,0.0,0.0,0.0,0.0,0.0,0.0,0.0,0.0,0.0,0.0,0.0,0.0,0.0,0.0
Cl44,0.0,0.0,0.0,0.0,0.0,0.0,0.0,0.0,0.0,0.0,0.0,0.0,0.0,0.0,0.0,0.0,0.0,0.0,0.0,0.0,0.0,0.0,0.0,0.0,0.0,0.0,0.0,0.0,0.0,0.0,0.0,0.0,0.0,0.0,0.0,0.0,0.0,0.0,0.0,0.0,0.0,0.0,0.0,0.0,0.0,0.0,0.0,0.0,0.0,0.0,0.0,0.0,0.0,0.0,0.0,0.0,0.0,0.0,0.0,0.0,0.0,0.0,0.0,0.0,0.0,0.0,0.0,0.0,0.0,0.0,0.0,0.0,0.0,0.0,0.0,0.0,0.0,0.0,0.0,0.0,0.0,0.0,0.0,0.0,0.0,0.0,0.0,0.0,0.0,0.0,0.0,0.0,0.0,0.0,0.0,0.0,0.0,0.0,0.0,0.0,0.0,0.0,0.0,0.0,0.0,0.0,0.0,0.0,0.0,0.0,0.0,0.0,0.0,0.0,0.0,0.0,0.0,0.0,0.0,0.0,0.0,0.0
Cl45,0.0,0.0,0.0,0.0,0.0,0.0,0.0,0.0,0.0,0.0,0.0,0.0,0.0,0.0,0.0,0.0,0.0,0.0,0.0,0.0,0.0,0.0,0.0,0.0,0.0,0.0,0.0,0.0,0.0,0.0,0.0,0.0,0.0,0.0,0.0,0.0,0.0,0.0,0.0,0.0,0.0,0.0,0.0,0.0,0.0,0.0,0.0,0.0,0.0,0.0,0.0,0.0,0.0,0.0,0.0,0.0,0.0,0.0,0.0,0.0,0.0,0.0,0.0,0.0,0.0,0.0,0.0,0.0,0.0,0.0,0.0,0.0,0.0,0.0,0.0,0.0,0.0,0.0,0.0,0.0,0.0,0.0,0.0,0.0,0.0,0.0,0.0,0.0,0.0,0.0,0.0,0.0,0.0,0.0,0.0,0.0,0.0,0.0,0.0,0.0,0.0,0.0,0.0,0.0,0.0,0.0,0.0,0.0,0.0,0.0,0.0,0.0,0.0,0.0,0.0,0.0,0.0,0.0,0.0,0.0,0.0,0.0
Cl46,0.0,0.0,0.0,0.0,0.0,0.0,0.0,0.0,0.0,0.0,0.0,0.0,0.0,0.0,0.0,0.0,0.0,0.0,0.0,0.0,0.0,0.0,0.0,0.0,0.0,0.0,0.0,0.0,0.0,0.0,0.0,0.0,0.0,0.0,0.0,0.0,0.0,0.0,0.0,0.0,0.0,0.0,0.0,0.0,0.0,0.0,0.0,0.0,0.0,0.0,0.0,0.0,0.0,0.0,0.0,0.0,0.0,0.0,0.0,0.0,0.0,0.0,0.0,0.0,0.0,0.0,0.0,0.0,0.0,0.0,0.0,0.0,0.0,0.0,0.0,0.0,0.0,0.0,0.0,0.0,0.0,0.0,0.0,0.0,0.0,0.0,0.0,0.0,0.0,0.0,0.0,0.0,0.0,0.0,0.0,0.0,0.0,0.0,0.0,0.0,0.0,0.0,0.0,0.0,0.0,0.0,0.0,0.0,0.0,0.0,0.0,0.0,0.0,0.0,0.0,0.0,0.0,0.0,0.0,0.0,0.0,0.0
Cl47,0.0,0.0,0.0,0.0,0.0,0.0,0.0,0.0,0.0,0.0,0.0,0.0,0.0,0.0,0.0,0.0,0.0,0.0,0.0,0.0,0.0,0.0,0.0,0.0,0.0,0.0,0.0,0.0,0.0,0.0,0.0,0.0,0.0,0.0,0.0,0.0,0.0,0.0,0.0,0.0,0.0,0.0,0.0,0.0,0.0,0.0,0.0,0.0,0.0,0.0,0.0,0.0,0.0,0.0,0.0,0.0,0.0,0.0,0.0,0.0,0.0,0.0,0.0,0.0,0.0,0.0,0.0,0.0,0.0,0.0,0.0,0.0,0.0,0.0,0.0,0.0,0.0,0.0,0.0,0.0,0.0,0.0,0.0,0.0,0.0,0.0,0.0,0.0,0.0,0.0,0.0,0.0,0.0,0.0,0.0,0.0,0.0,0.0,0.0,0.0,0.0,0.0,0.0,0.0,0.0,0.0,0.0,0.0,0.0,0.0,0.0,0.0,0.0,0.0,0.0,0.0,0.0,0.0,0.0,0.0,0.0,0.0
Co66,16550.830018745808,3598.6639553246314,750.2116390755124,155.4197305473445,32.16767900282128,6.656893608747289,1.3775716345752775,0.28507252391630605,0.058992434300981965,0.012207795405625221,0.0025262606768037626,0.0005227801404236932,0.00010818324397848248,2.2387258758094833e-05,4.632781716165519e-06,9.587000651367464e-07,1.9839178083568563e-07,4.105486182223195e-08,8.495824132142545e-09,1.758111572676379e-09,3.6382065517157893e-10,7.528843515202877e-11,1.5580062283621662e-11,3.224111914019364e-12,6.671923028863051e-13,1.3806765425700981e-13,2.857148841431045e-14,5.9125358115340856e-15,1.2235302276084342e-15,2.531952897352725e-16,5.2395807882439134e-17,1.0842700456725845e-17,2.2437702164658367e-18,4.643220389968617e-19,9.608602267561367e-20,1.988388010520639e-20,4.1147367434802295e-21,8.514967088195755e-22,1.7620729838413114e-22,3.6464042294276486e-23,7.545807651736455e-24,1.5615167582761862e-24,3.231376545645526e-25,6.686956335502327e-26,1.38378750978964e-26,2.863586624730021e-27,5.925858052136368e-28,1.2262871096969227e-28,2.5376579428302306e-29,5.2513867135086575e-30,1.0867131440125766e-30,2.2488259231258616e-31,4.653682584393544e-32,9.630252556936444e-33,1.9928682850308074e-33,4.124008148281673e-34,8.534153177529592e-35,1.766043320934874e-35,3.6546203783062584e-36,7.56281001219218e-37,1.56503519818444e-37,3.238657546080862e-38,6.702023515480313e-39,1.3869054867009879e-39,2.870038913767453e-40,5.939210310670122e-41,1.229050203645718e-41,2.5433758430270943e-42,5.263219240113679e-43,1.089161747189234e-43,2.253893021402395e-44,4.664168352438295e-45,9.651951629164328e-46,1.9973586545825793e-46,4.1333004435926038e-47,8.553382497332798e-48,1.7700226040691387e-48,3.662855039971204e-49,7.57985068269693e-50,1.5685615659098762e-50,3.245954952207883e-51,6.717124645121044e-52,1.3900304890985106e-52,2.8765057412279486e-53,5.952592654772304e-54,1.2318195234515005e-54,2.5491066269078083e-55,5.27507842799761e-56,1.0916158676061575e-56,2.2589715369632493e-57,4.674677747219405e-58,9.673699594163497e-59,2.0018591419222994e-59,4.1426136764839326e-60,8.572655145013122e-61,1.7740108534015022e-61,3.671108256135859e-62,7.59692974957167e-63,1.572095879315609e-63,3.253268800992227e-64,6.732259800920606e-65,1.3931625328121725e-65,2.882987139869765e-66,5.966005152232317e-67,1.2345950831424951e-67,2.5548503235021516e-68,5.286964337234186e-69,1.0940755176949052e-69,2.2640614955340736e-70,4.6852108219730936e-71,9.695496562100079e-72,2.006369769847562e-72,4.1519478941326276e-73,8.591971218197778e-74,1.778008089134775e-74,3.6793800686075883e-75,7.614047299331826e-76,1.5756381563049996e-76,3.2605991294827943e-77,6.747429059547356e-78,1.396301633707602e-78,2.8894831425249667e-79
Co67,142737.05928000432,39467.23297917727,9903.876787393097,2350.261994653337,537.8339940510101,119.97615098366013,26.26206532485094,5.665478918371329,1.2081586132486866,0.2552302934967386,0.053501073754481855,0.011141687509240253,0.002307368203010588,0.0004755479551923914,9.760086308609627e-05,1.995799673268284e-05,4.067885305964678e-06,8.267304123454665e-07,1.6758457703710333e-07,3.389155920274352e-08,6.839641716168456e-09,1.3776649212233101e-09,2.7701022336281423e-10,5.5610209018284026e-11,1.114748346267017e-11,2.231584624554505e-12,4.4617912271116456e-13,8.910558206465128e-14,1.7776108328398322e-14,3.5427242015917337e-15,7.054017545842424e-16,1.403334446980533e-16,2.7895606503501774e-17,5.540931530752124e-18,1.0998224938305636e-18,2.1815945870222017e-19,4.324684391247079e-20,8.568003662126106e-21,1.6965412890806948e-21,3.357549329397692e-22,6.641499846587421e-23,1.3131291569013907e-23,2.595118129581845e-24,5.126552136306558e-25,1.0123289424822013e-25,1.9982729160517157e-26,3.943057390937621e-27,7.777934672811503e-28,1.5337537855156718e-28,3.0235279643423077e-29,5.958620536219167e-30,1.1739697269800388e-30,2.3123479095472533e-31,4.553443192904754e-32,8.964419822023905e-33,1.7644312560952007e-33,3.4720989933477486e-34,6.831066650322523e-35,1.343686806163825e-35,2.642557920789259e-36,5.19602865018836e-37,1.021509851906728e-37,2.0078943103417028e-38,3.946112918951133e-39,7.754101595163425e-40,1.5234548532092864e-40,2.9927227316312193e-41,5.878204739634122e-42,1.1544275624340627e-42,2.266912327396417e-43,4.4509326039494235e-44,8.738113201303106e-45,1.7152865044909927e-45,3.3667428073907182e-46,6.607532413370666e-47,1.296661147014754e-47,2.5443285678606482e-48,4.992073655061009e-49,9.793803640460197e-50,1.9212588281568372e-50,3.768650217291938e-51,7.391840590413022e-52,1.449731049491308e-52,2.843096497217148e-53,5.575274388976324e-54,1.0932324235443845e-54,2.1435393071616516e-55,4.202658729037815e-56,8.239322767020579e-57,1.6152307618410476e-57,3.16631575110199e-58,6.206565256145239e-59,1.2165409508698045e-59,2.384411729963399e-60,4.673213829778713e-61,9.158633685438002e-62,1.7948455113837571e-62,3.51726827012306e-63,6.892338733045451e-64,1.3505512405999548e-64,2.6463023600256553e-65,5.185043384998354e-66,1.0158987425489294e-66,1.9903712594157442e-67,3.899455106467649e-68,7.639420646955269e-69,1.4965942546262776e-69,2.9318067396247206e-70,5.743209618306585e-71,1.1250258231604424e-71,2.2037342636021945e-72,4.316634387536044e-73,8.455143866636895e-74,1.6561009293518655e-74,3.243717473669435e-75,6.353163077766625e-76,1.2443085357276972e-76,2.437011451116851e-77,4.772860912595057e-78,9.347425276540627e-79,1.8306171420555727e-79,3.5850533348590106e-80
Co68,71053.26914671063,3116.1782648164776,118.64027504422432,4.20691022169145,0.1430331186346345,0.004732437941151207,0.00015368118387945005,4.9245871637660925e-06,1.5627017776998198e-07,4.922756391477063e-09,1.542163101443435e-10,4.810620652963064e-12,1.495676831593297e-13,4.638268124153789e-15,1.435479250004923e-16,4.435550603017146e-18,1.3688404436879377e-19,4.220134664016461e-21,1.3000413925273298e-22,4.002356578964089e-24,1.2315661000708714e-25,3.788149484414831e-27,1.164820295071423e-28,3.580807880084823e-30,1.1005646016473795e-31,3.3820509181415836e-33,1.0391755082279473e-34,3.192662811147013e-36,9.808024897444228e-38,3.0128782298796865e-39,9.254625103327135e-41,2.8426139401833862e-42,8.730967720040709e-44,2.6816077448174867e-45,8.2360470611101195e-47,2.5295015598235118e-48,7.768642521855059e-50,2.3858908367659434e-51,7.327438786523824e-53,2.2503537253551007e-54,6.911096345985591e-56,2.1224680531792765e-57,6.5182921579808515e-59,2.001820991961572e-60,6.147742405248481e-62,1.888014345374328e-63,5.7982145563656305e-65,1.7806672268266305e-66,5.468533069210834e-68,1.6794171920968096e-69,5.157581349295422e-71,1.5839204674367637e-72,4.8643015334674995e-74,1.493851657984098e-75,4.587693041451658e-77,1.408903167125753e-78,4.3268104591555144e-80,1.328784464538783e-81,4.080761089617542e-83,1.2532212846689796e-84,3.848702370160386e-86,1.181954803727165e-87,3.6298392717229696e-89,1.1147408230382796e-90,3.4234217467455865e-92,1.0513489744340806e-93,3.2287422622693117e-95,9.915619561176959e-97,3.04513343718175e-98,9.351748031068818e-100,2.871965792028275e-101,8.819941938117505e-103,2.7086456136377133e-104,8.318377928165477e-106,2.5546129332507022e-107,7.845336290880193e-109,2.4093396148431582e-110,7.399195083686189e-112,2.2723275492763325e-113,6.978424582767003e-115,2.143106949400314e-116,6.581582045349153e-118,2.0212347410605053e-119,6.207306767262269e-121,1.9062930449698888e-122,5.854315420006728e-124,1.7978877445309315e-125,5.5213976520508845e-127,1.6956471348710227e-128,5.2074119397042095e-130,1.5992206485644072e-131,4.911281673597917e-133,1.5082776537347862e-134,4.6319914675102654e-136,1.4225063204558147e-137,4.368583676974078e-139,1.341612551585555e-140,4.1201551157859834e-142,1.2653189743829158e-143,3.8858539591930464e-145,1.193363989456785e-146,3.664876823158847e-148,1.1255008737919705e-149,3.45646600970674e-151,1.0614969347793938e-152,3.259906908902475e-154,1.0011327123516706e-155,3.074525548572464e-157,9.442012264894477e-159,2.8996862833588034e-160,8.905072675189563e-162,2.734789615188808e-163,8.398667267677352e-165,2.5792701376867234e-166,7.921059652836834e-168,2.4325945974799622e-169,7.470612184530172e-171,2.2942600657526916e-172,7.0457803447573535e-174,2.163792213777493e-175,6.645107447732808e-177,2.040743686512379e-178
Co68_m1,0.0,0.0,0.0,0.0,0.0,0.0,0.0,0.0,0.0,0.0,0.0,0.0,0.0,0.0,0.0,0.0,0.0,0.0,0.0,0.0,0.0,0.0,0.0,0.0,0.0,0.0,0.0,0.0,0.0,0.0,0.0,0.0,0.0,0.0,0.0,0.0,0.0,0.0,0.0,0.0,0.0,0.0,0.0,0.0,0.0,0.0,0.0,0.0,0.0,0.0,0.0,0.0,0.0,0.0,0.0,0.0,0.0,0.0,0.0,0.0,0.0,0.0,0.0,0.0,0.0,0.0,0.0,0.0,0.0,0.0,0.0,0.0,0.0,0.0,0.0,0.0,0.0,0.0,0.0,0.0,0.0,0.0,0.0,0.0,0.0,0.0,0.0,0.0,0.0,0.0,0.0,0.0,0.0,0.0,0.0,0.0,0.0,0.0,0.0,0.0,0.0,0.0,0.0,0.0,0.0,0.0,0.0,0.0,0.0,0.0,0.0,0.0,0.0,0.0,0.0,0.0,0.0,0.0,0.0,0.0,0.0,0.0
Co69,92534.93705454438,4097.861329589785,175.7186361225726,7.525286458018615,0.32225956689977986,0.013800273552002737,0.0005909755787061935,2.5307623948184278e-05,1.0837602312038198e-06,4.6410371875969094e-08,1.9874530875456882e-09,8.51096342376026e-11,3.644689721458382e-12,1.5607825464999387e-13,6.683812186031799e-15,2.862240190879074e-16,1.2257105200239542e-17,5.248917556551999e-19,2.2477685444799302e-20,9.625724494846839e-22,4.122069075049366e-23,1.7652129425244596e-24,7.559254043840933e-26,3.237134757102185e-27,1.3862533756458476e-28,5.936417744962127e-30,2.5421799695371454e-31,1.0886496326846871e-32,4.661975300514564e-34,1.9964195136878204e-35,8.549360770301795e-37,3.661132796972077e-38,1.567824041725571e-39,6.713966310770376e-41,2.87515323291935e-42,1.2312403324850859e-43,5.272598131400219e-45,2.2579093879368053e-46,9.669151103650038e-48,4.14066585509203e-49,1.7731767287257354e-50,7.593357738412864e-52,3.2517391419269484e-53,1.3925074797476752e-54,5.963199987819887e-56,2.5536490548100017e-57,1.0935610927776552e-58,4.6830078760608524e-60,2.0054263920037763e-61,8.587931347081566e-63,3.6776500556818886e-64,1.5748973047686522e-65,6.744256476321222e-67,2.8881245323537067e-68,1.23679509278289e-69,5.296385541537656e-71,2.268095981969859e-72,9.712773632287964e-74,4.1593465348029526e-75,1.7811764436748318e-76,7.627615292344039e-78,3.266409414665601e-79,1.3987897993394036e-80,5.990103059191293e-82,2.5651698830430663e-83,1.0984947110007716e-84,4.704135340405482e-86,2.0144739049941804e-87,8.626675935630521e-89,3.6942418322664605e-90,1.5820024789501936e-91,6.774683296434607e-93,2.901154352011293e-94,1.24237491346992e-95,5.320280268953383e-97,2.278328532983534e-98,9.756592964656067e-100,4.178111492696833e-101,1.789212249464867e-102,7.662027399773395e-104,3.2811458725725053e-105,1.4051004617156575e-106,6.017127504196102e-108,2.5767426876755193e-109,1.1034505873207896e-110,4.725358121640754e-112,2.0235622359830115e-113,8.665595321005542e-115,3.7109084629143864e-116,1.589139708237803e-117,6.805247387629757e-119,2.9142429559070273e-120,1.2479799076065243e-121,5.34428279781103e-123,2.2886072483134864e-124,9.800609988637487e-126,4.19696110899602e-127,1.797284308920237e-128,7.696594757971479e-130,3.2959488142431095e-131,1.4114395947453653e-132,6.044273870413385e-134,2.588367703199717e-135,1.1084288221554682e-136,4.746676649790351e-138,2.03269156912132e-139,8.704690291805294e-141,3.727650285330962e-142,1.5963091372486027e-143,6.83594936920735e-145,2.927390609246933e-146,1.2536101887631165e-147,5.368393614458487e-149,2.2989323362307525e-150,9.844825596121086e-152,4.2158957656382504e-153,1.80539278559993e-154,7.731318067354592e-156,3.310818539619953e-157,1.4178073268743264e-158,6.071542707892621e-160,2.600045165165916e-161
Co70,31503.511453623738,97.25164889321981,0.28987123602895815,0.000857788866341136,2.5345135671493686e-06,7.486323740060713e-09,2.2111225154265088e-11,6.530563912107822e-14,1.9288000891149956e-16,5.696701523026819e-19,1.682517742208873e-21,4.96930698832681e-24,1.46768210338248e-26,4.334791065969484e-29,1.2802781703858555e-31,3.7812945734235845e-34,1.1168032839699156e-36,3.298472390510765e-39,9.742020163372464e-42,2.8773003265565537e-44,8.498090776211536e-47,2.5099064624636655e-49,7.412995008186128e-52,2.1894240209036452e-54,6.466451870015243e-57,1.909863022785565e-59,5.6407699912177975e-62,1.6659983315146737e-64,4.92051695944166e-67,1.4532719925439946e-69,4.292230880863472e-72,1.2677080428961948e-74,3.744168770577419e-77,1.1058381984025262e-79,3.266087070261941e-82,9.646370297157442e-85,2.849050190888465e-87,8.41465415503852e-90,2.4852635020384218e-92,7.340212159362368e-95,2.1679276463143512e-97,6.402962445246757e-100,1.891111455907676e-102,5.585387341011376e-105,1.64964109606944e-107,4.872205954025063e-110,1.4390033635193837e-112,4.250088563085911e-115,1.255261332391621e-117,3.7074074791832484e-120,1.0949807710969696e-122,3.2340197181029965e-125,9.55165954795819e-128,2.821077422917407e-130,8.332036737841609e-133,2.460862493059438e-135,7.268143912811714e-138,2.146642329115545e-140,6.340096377326634e-143,1.8725439971339836e-145,5.530548453083662e-148,1.633444460515796e-150,4.824369279509822e-153,1.4248748278670378e-155,4.208360010317048e-158,1.2429368271560446e-160,3.671007120382618e-163,1.084229945035492e-165,3.202267212135353e-168,9.457878695262782e-171,2.7933792993701196e-173,8.250230481448046e-176,2.4367010599800304e-178,7.196783252370031e-181,2.1255659970869885e-183,6.2778475459637254e-186,1.854158838839849e-188,5.476247988625177e-191,1.6174068480392793e-193,4.77700227878305e-196,1.4108850101112149e-198,4.167041160096808e-201,1.2307333273441037e-203,3.6349641504388226e-206,1.0735846735773962e-208,3.17082646111143e-211,9.365018609088418e-214,2.765953123711183e-216,8.169227421655221e-219,2.412776850577319e-221,7.1261232307599e-224,2.1046965983540932e-226,6.2162098909576746e-229,1.8359541911484095e-231,5.422480661244392e-234,1.6015266973070472e-236,4.73010034045674e-239,1.3970325482809872e-241,4.126127989851505e-244,1.218649644890862e-246,3.599275060408566e-249,1.0630439203581983e-251,3.1396944041344017e-254,9.273070249093069e-257,2.7387962258805235e-259,8.08901967245531e-262,2.389087535723201e-264,7.056156968914203e-267,2.084032101188152e-269,6.155177411608842e-272,1.8179282817563122e-274,5.369241236453055e-277,1.5858024623158571e-279,4.6836588984187664e-282,1.3833160937776363e-284,4.085616516502198e-287,1.206684603396132e-289,3.563936375800329e-292,1.0526066591887285e-294,3.108868010360154e-297,9.182024663695204e-300,2.7119059620334276e-302
Co70_m1,0.0,0.0,0.0,0.0,0.0,0.0,0.0,0.0,0.0,0.0,0.0,0.0,0.0,0.0,0.0,0.0,0.0,0.0,0.0,0.0,0.0,0.0,0.0,0.0,0.0,0.0,0.0,0.0,0.0,0.0,0.0,0.0,0.0,0.0,0.0,0.0,0.0,0.0,0.0,0.0,0.0,0.0,0.0,0.0,0.0,0.0,0.0,0.0,0.0,0.0,0.0,0.0,0.0,0.0,0.0,0.0,0.0,0.0,0.0,0.0,0.0,0.0,0.0,0.0,0.0,0.0,0.0,0.0,0.0,0.0,0.0,0.0,0.0,0.0,0.0,0.0,0.0,0.0,0.0,0.0,0.0,0.0,0.0,0.0,0.0,0.0,0.0,0.0,0.0,0.0,0.0,0.0,0.0,0.0,0.0,0.0,0.0,0.0,0.0,0.0,0.0,0.0,0.0,0.0,0.0,0.0,0.0,0.0,0.0,0.0,0.0,0.0,0.0,0.0,0.0,0.0,0.0,0.0,0.0,0.0,0.0,0.0
Co71,14634.383920672282,2.2680747186916395,0.0003508739157157756,5.4280621220058614e-08,8.397278076442097e-12,1.2990691246370175e-15,2.0096757249465902e-19,3.108992772473223e-23,4.809649606305325e-27,7.440586398350085e-31,1.1510677592549298e-34,1.7807158138637694e-38,2.7547890072058088e-42,4.26169207637673e-46,6.592889439570547e-50,1.0199280094247346e-53,1.577841026979004e-57,2.4409392461163462e-61,3.7761626813816645e-65,5.841769564296595e-69,9.037288517944768e-73,1.39807951781834e-76,2.16284600658924e-80,3.3459490598351252e-84,5.176223862865956e-88,8.007681228662582e-92,1.2387980187621117e-95,1.9164355916116317e-99,2.9647491529457363e-103,4.586502973731928e-107,7.095375845592434e-111,1.0976632671678513e-114,1.6980984155167066e-118,2.626978887815337e-122,4.063968268251181e-126,6.287008305227559e-130,9.726078261681282e-134,1.5046361283425274e-137,2.327690378179459e-141,3.6009653062350296e-145,5.5707370955625515e-149,8.617997994633048e-153,1.3332147642483434e-156,2.062499444437906e-160,3.1907117085558203e-164,4.936069793652583e-168,7.63615996471128e-172,1.1813232276748363e-175,1.827521391240078e-179,2.827197804290844e-183,4.373709365537566e-187,6.766181547381792e-191,1.0467365091256568e-194,1.6193141018519313e-198,2.5050985970164e-202,3.875417977029e-206,5.99531871303076e-210,9.274830917302074e-214,1.4348276157124646e-217,2.2196957606748174e-221,3.433896320368235e-225,5.312279343838404e-229,8.218160711371145e-233,1.2713594505578914e-236,1.9668085223575353e-240,3.042676689051825e-244,4.707057819234133e-248,7.281875656830861e-252,1.1265150146418534e-255,1.7427324195286115e-259,2.696028234511923e-263,4.1707884468296825e-267,6.452260419801262e-271,9.981725291432415e-275,1.54418503456329e-278,2.3888730167879058e-282,3.695615591787716e-286,5.717162237710117e-290,8.844519469214358e-294,1.368257911684579e-297,2.1167116194428397e-301,3.274578602193531e-305,5.0658128974443e-309,7.8368741232e-313,1.21237395e-316,1.8755e-320,5e-324,0.0,0.0,0.0,0.0,0.0,0.0,0.0,0.0,0.0,0.0,0.0,0.0,0.0,0.0,0.0,0.0,0.0,0.0,0.0,0.0,0.0,0.0,0.0,0.0,0.0,0.0,0.0,0.0,0.0,0.0,0.0,0.0,0.0,0.0,0.0
Co72,4337.380336947666,0.04089639329502778,3.856048699625478e-07,3.6358002199893624e-12,3.428131818189587e-17,3.2323249496140464e-22,3.0477021112376732e-27,2.873624497423028e-32,2.709489789616045e-37,2.5547300722892223e-42,2.408809867921208e-47,2.2712242842138128e-52,2.141497267135605e-57,2.0191799537475954e-62,1.903849119111657e-67,1.7951057119078967e-72,1.6925734736941459e-77,1.5958976370301116e-82,1.5047436979616304e-87,1.4187962586177578e-92,1.3377579359159925e-97,1.2613483325997114e-102,1.1893030670475356e-107,1.121372858497724e-112,1.0573226645223941e-117,9.969308677672121e-123,9.399885091426e-128,8.862985648132699e-133,8.356752644844251e-138,7.879434486258543e-143,7.429379624098903e-148,7.005030842662025e-153,6.6049198707621465e-158,6.227662301428274e-163,5.871952801776479e-168,5.53656059648303e-173,5.220325209231036e-178,4.922152447395611e-183,4.6410106160745095e-188,4.375926948364414e-193,4.125984239531515e-198,3.8903176734304057e-203,3.668111830190463e-208,3.458597864816228e-213,3.26105084693949e-218,3.074787252518536e-223,2.8991625988056585e-228,2.7335692143997895e-233,2.5774341366685054e-238,2.430217129264371e-243,2.291408812876119e-248,2.160528902746928e-253,2.0371245468615582e-258,1.92076875905233e-263,1.811058941602431e-268,1.7076154922346698e-273,1.6100804906657605e-278,1.5181164601815623e-283,1.4314051999482486e-288,1.3496466840191184e-293,1.2725580232275654e-298,1.1998724863743001e-303,1.1313385773220585e-308,1.0667191648e-313,1.00579e-318,1e-323,0.0,0.0,0.0,0.0,0.0,0.0,0.0,0.0,0.0,0.0,0.0,0.0,0.0,0.0,0.0,0.0,0.0,0.0,0.0,0.0,0.0,0.0,0.0,0.0,0.0,0.0,0.0,0.0,0.0,0.0,0.0,0.0,0.0,0.0,0.0,0.0,0.0,0.0,0.0,0.0,0.0,0.0,0.0,0.0,0.0,0.0,0.0,0.0,0.0,0.0,0.0,0.0,0.0,0.0,0.0,0.0
Co73,1130.4972035356734,5.141318113402298e-05,2.3381881760103283e-12,1.0633700980654944e-19,4.83603491396162e-27,2.199350323241397e-34,1.000228892139968e-41,4.548878939836538e-49,2.0687564388404793e-56,9.408369094557029e-64,4.278773825546582e-71,1.945917009226823e-78,8.849715271674959e-86,4.024707118462107e-93,1.8303715873486826e-100,8.324233414165838e-108,3.7857264837620527e-115,1.7216870667595972e-122,7.829953824085039e-130,3.5609361347351297e-137,1.619456058177215e-144,7.365023760983461e-152,3.349493475044024e-159,1.5232953624394545e-166,6.927700497159648e-174,3.1506059403665795e-181,1.4328445341340828e-188,6.51634478527976e-196,2.9635280275751906e-203,1.347764530517647e-210,6.129414713879796e-218,2.7875585003187754e-225,1.267736440659422e-232,5.765459927718227e-240,2.622037760532809e-247,1.19246029004677e-254,5.423116191314796e-262,2.4663453760248232e-269,1.121653916171079e-276,5.1011002752975957e-284,2.3198977548679427e-291,1.0550519108796261e-298,4.798205146390667e-306,2.1821459579e-313,9.926e-321,0.0,0.0,0.0,0.0,0.0,0.0,0.0,0.0,0.0,0.0,0.0,0.0,0.0,0.0,0.0,0.0,0.0,0.0,0.0,0.0,0.0,0.0,0.0,0.0,0.0,0.0,0.0,0.0,0.0,0.0,0.0,0.0,0.0,0.0,0.0,0.0,0.0,0.0,0.0,0.0,0.0,0.0,0.0,0.0,0.0,0.0,0.0,0.0,0.0,0.0,0.0,0.0,0.0,0.0,0.0,0.0,0.0,0.0,0.0,0.0,0.0,0.0,0.0,0.0,0.0,0.0,0.0,0.0,0.0,0.0,0.0,0.0,0.0,0.0,0.0,0.0,0.0
Co74,112.26078914620433,1.0372773673470652e-08,9.584328998517805e-19,8.855814774669986e-29,8.182675629706739e-39,7.56070244970675e-49,6.986006059615776e-59,6.454992904380371e-69,5.964342578582388e-79,5.510987064067975e-89,5.092091545744707e-99,4.705036685588726e-109,4.347402244021949e-119,4.016951946244431e-129,3.7116194988915916e-139,3.4294956695790126e-149,3.168816348543687e-159,2.927951517731579e-169,2.70539505835564e-179,2.499755333191314e-189,2.309746484720969e-199,2.1341803947148822e-209,1.971959254972352e-219,1.8220687027680335e-229,1.6835714780797182e-239,1.5556015629364417e-249,1.4373587662404656e-259,1.3281037202022433e-269,1.2271532571012622e-279,1.1338761374638104e-289,1.0476891029461351e-299,9.68053229241816e-310,8.9446e-320,0.0,0.0,0.0,0.0,0.0,0.0,0.0,0.0,0.0,0.0,0.0,0.0,0.0,0.0,0.0,0.0,0.0,0.0,0.0,0.0,0.0,0.0,0.0,0.0,0.0,0.0,0.0,0.0,0.0,0.0,0.0,0.0,0.0,0.0,0.0,0.0,0.0,0.0,0.0,0.0,0.0,0.0,0.0,0.0,0.0,0.0,0.0,0.0,0.0,0.0,0.0,0.0,0.0,0.0,0.0,0.0,0.0,0.0,0.0,0.0,0.0,0.0,0.0,0.0,0.0,0.0,0.0,0.0,0.0,0.0,0.0,0.0,0.0,0.0,0.0,0.0,0.0,0.0,0.0,0.0,0.0,0.0,0.0,0.0,0.0,0.0,0.0,0.0,0.0
Co75,16.158055346912835,2.262380711913407e-08,3.167687184965442e-17,4.4352579780031104e-26,6.210055533515327e-35,8.695049965663419e-44,1.2174431210373776e-52,1.7046109669458846e-61,2.386722220054317e-70,3.3417847627175613e-79,4.679021842800426e-88,6.551363106820727e-97,9.172934001890362e-106,1.2843543676495973e-114,1.798297187530894e-123,2.517897595972363e-132,3.525450825237688e-141,4.936183084272471e-150,6.911429104904601e-159,9.67708276954292e-168,1.3549430878503847e-176,1.897132446868849e-185,2.656282432255196e-194,3.7192112609496446e-203,5.207478028543362e-212,7.291284499616649e-221,1.0208939790615076e-229,1.429411397318037e-238,2.001399738551698e-247,2.8022729642357663e-256,3.923620861352413e-265,5.493683470567364e-274,7.692016925504445e-283,1.0770027923748636e-291,1.5079725201036085e-300,2.111397609632325e-309,2.956286e-318,0.0,0.0,0.0,0.0,0.0,0.0,0.0,0.0,0.0,0.0,0.0,0.0,0.0,0.0,0.0,0.0,0.0,0.0,0.0,0.0,0.0,0.0,0.0,0.0,0.0,0.0,0.0,0.0,0.0,0.0,0.0,0.0,0.0,0.0,0.0,0.0,0.0,0.0,0.0,0.0,0.0,0.0,0.0,0.0,0.0,0.0,0.0,0.0,0.0,0.0,0.0,0.0,0.0,0.0,0.0,0.0,0.0,0.0,0.0,0.0,0.0,0.0,0.0,0.0,0.0,0.0,0.0,0.0,0.0,0.0,0.0,0.0,0.0,0.0,0.0,0.0,0.0,0.0,0.0,0.0,0.0,0.0,0.0,0.0,0.0
Cr60,0.0,0.0,0.0,0.0,0.0,0.0,0.0,0.0,0.0,0.0,0.0,0.0,0.0,0.0,0.0,0.0,0.0,0.0,0.0,0.0,0.0,0.0,0.0,0.0,0.0,0.0,0.0,0.0,0.0,0.0,0.0,0.0,0.0,0.0,0.0,0.0,0.0,0.0,0.0,0.0,0.0,0.0,0.0,0.0,0.0,0.0,0.0,0.0,0.0,0.0,0.0,0.0,0.0,0.0,0.0,0.0,0.0,0.0,0.0,0.0,0.0,0.0,0.0,0.0,0.0,0.0,0.0,0.0,0.0,0.0,0.0,0.0,0.0,0.0,0.0,0.0,0.0,0.0,0.0,0.0,0.0,0.0,0.0,0.0,0.0,0.0,0.0,0.0,0.0,0.0,0.0,0.0,0.0,0.0,0.0,0.0,0.0,0.0,0.0,0.0,0.0,0.0,0.0,0.0,0.0,0.0,0.0,0.0,0.0,0.0,0.0,0.0,0.0,0.0,0.0,0.0,0.0,0.0,0.0,0.0,0.0,0.0
Cr61,0.0,0.0,0.0,0.0,0.0,0.0,0.0,0.0,0.0,0.0,0.0,0.0,0.0,0.0,0.0,0.0,0.0,0.0,0.0,0.0,0.0,0.0,0.0,0.0,0.0,0.0,0.0,0.0,0.0,0.0,0.0,0.0,0.0,0.0,0.0,0.0,0.0,0.0,0.0,0.0,0.0,0.0,0.0,0.0,0.0,0.0,0.0,0.0,0.0,0.0,0.0,0.0,0.0,0.0,0.0,0.0,0.0,0.0,0.0,0.0,0.0,0.0,0.0,0.0,0.0,0.0,0.0,0.0,0.0,0.0,0.0,0.0,0.0,0.0,0.0,0.0,0.0,0.0,0.0,0.0,0.0,0.0,0.0,0.0,0.0,0.0,0.0,0.0,0.0,0.0,0.0,0.0,0.0,0.0,0.0,0.0,0.0,0.0,0.0,0.0,0.0,0.0,0.0,0.0,0.0,0.0,0.0,0.0,0.0,0.0,0.0,0.0,0.0,0.0,0.0,0.0,0.0,0.0,0.0,0.0,0.0,0.0
Cr62,0.0,0.0,0.0,0.0,0.0,0.0,0.0,0.0,0.0,0.0,0.0,0.0,0.0,0.0,0.0,0.0,0.0,0.0,0.0,0.0,0.0,0.0,0.0,0.0,0.0,0.0,0.0,0.0,0.0,0.0,0.0,0.0,0.0,0.0,0.0,0.0,0.0,0.0,0.0,0.0,0.0,0.0,0.0,0.0,0.0,0.0,0.0,0.0,0.0,0.0,0.0,0.0,0.0,0.0,0.0,0.0,0.0,0.0,0.0,0.0,0.0,0.0,0.0,0.0,0.0,0.0,0.0,0.0,0.0,0.0,0.0,0.0,0.0,0.0,0.0,0.0,0.0,0.0,0.0,0.0,0.0,0.0,0.0,0.0,0.0,0.0,0.0,0.0,0.0,0.0,0.0,0.0,0.0,0.0,0.0,0.0,0.0,0.0,0.0,0.0,0.0,0.0,0.0,0.0,0.0,0.0,0.0,0.0,0.0,0.0,0.0,0.0,0.0,0.0,0.0,0.0,0.0,0.0,0.0,0.0,0.0,0.0
Cr63,0.0,0.0,0.0,0.0,0.0,0.0,0.0,0.0,0.0,0.0,0.0,0.0,0.0,0.0,0.0,0.0,0.0,0.0,0.0,0.0,0.0,0.0,0.0,0.0,0.0,0.0,0.0,0.0,0.0,0.0,0.0,0.0,0.0,0.0,0.0,0.0,0.0,0.0,0.0,0.0,0.0,0.0,0.0,0.0,0.0,0.0,0.0,0.0,0.0,0.0,0.0,0.0,0.0,0.0,0.0,0.0,0.0,0.0,0.0,0.0,0.0,0.0,0.0,0.0,0.0,0.0,0.0,0.0,0.0,0.0,0.0,0.0,0.0,0.0,0.0,0.0,0.0,0.0,0.0,0.0,0.0,0.0,0.0,0.0,0.0,0.0,0.0,0.0,0.0,0.0,0.0,0.0,0.0,0.0,0.0,0.0,0.0,0.0,0.0,0.0,0.0,0.0,0.0,0.0,0.0,0.0,0.0,0.0,0.0,0.0,0.0,0.0,0.0,0.0,0.0,0.0,0.0,0.0,0.0,0.0,0.0,0.0
Cr64,0.0,0.0,0.0,0.0,0.0,0.0,0.0,0.0,0.0,0.0,0.0,0.0,0.0,0.0,0.0,0.0,0.0,0.0,0.0,0.0,0.0,0.0,0.0,0.0,0.0,0.0,0.0,0.0,0.0,0.0,0.0,0.0,0.0,0.0,0.0,0.0,0.0,0.0,0.0,0.0,0.0,0.0,0.0,0.0,0.0,0.0,0.0,0.0,0.0,0.0,0.0,0.0,0.0,0.0,0.0,0.0,0.0,0.0,0.0,0.0,0.0,0.0,0.0,0.0,0.0,0.0,0.0,0.0,0.0,0.0,0.0,0.0,0.0,0.0,0.0,0.0,0.0,0.0,0.0,0.0,0.0,0.0,0.0,0.0,0.0,0.0,0.0,0.0,0.0,0.0,0.0,0.0,0.0,0.0,0.0,0.0,0.0,0.0,0.0,0.0,0.0,0.0,0.0,0.0,0.0,0.0,0.0,0.0,0.0,0.0,0.0,0.0,0.0,0.0,0.0,0.0,0.0,0.0,0.0,0.0,0.0,0.0
Cr65,0.0,0.0,0.0,0.0,0.0,0.0,0.0,0.0,0.0,0.0,0.0,0.0,0.0,0.0,0.0,0.0,0.0,0.0,0.0,0.0,0.0,0.0,0.0,0.0,0.0,0.0,0.0,0.0,0.0,0.0,0.0,0.0,0.0,0.0,0.0,0.0,0.0,0.0,0.0,0.0,0.0,0.0,0.0,0.0,0.0,0.0,0.0,0.0,0.0,0.0,0.0,0.0,0.0,0.0,0.0,0.0,0.0,0.0,0.0,0.0,0.0,0.0,0.0,0.0,0.0,0.0,0.0,0.0,0.0,0.0,0.0,0.0,0.0,0.0,0.0,0.0,0.0,0.0,0.0,0.0,0.0,0.0,0.0,0.0,0.0,0.0,0.0,0.0,0.0,0.0,0.0,0.0,0.0,0.0,0.0,0.0,0.0,0.0,0.0,0.0,0.0,0.0,0.0,0.0,0.0,0.0,0.0,0.0,0.0,0.0,0.0,0.0,0.0,0.0,0.0,0.0,0.0,0.0,0.0,0.0,0.0,0.0
Cr66,0.030060936112008434,2.3713897273110266e-32,1.8706966469184025e-62,1.4757194502819843e-92,1.1641373814017118e-122,9.183424684941821e-153,7.244444709992291e-183,5.714859211748176e-213,4.5082290109903404e-243,3.5563656185535057e-273,2.805477801149045e-303,0.0,0.0,0.0,0.0,0.0,0.0,0.0,0.0,0.0,0.0,0.0,0.0,0.0,0.0,0.0,0.0,0.0,0.0,0.0,0.0,0.0,0.0,0.0,0.0,0.0,0.0,0.0,0.0,0.0,0.0,0.0,0.0,0.0,0.0,0.0,0.0,0.0,0.0,0.0,0.0,0.0,0.0,0.0,0.0,0.0,0.0,0.0,0.0,0.0,0.0,0.0,0.0,0.0,0.0,0.0,0.0,0.0,0.0,0.0,0.0,0.0,0.0,0.0,0.0,0.0,0.0,0.0,0.0,0.0,0.0,0.0,0.0,0.0,0.0,0.0,0.0,0.0,0.0,0.0,0.0,0.0,0.0,0.0,0.0,0.0,0.0,0.0,0.0,0.0,0.0,0.0,0.0,0.0,0.0,0.0,0.0,0.0,0.0,0.0,0.0,0.0,0.0,0.0,0.0,0.0,0.0,0.0,0.0,0.0,0.0,0.0
Cs141,129032972604815.28,126365938975145.1,123482657024345.61,120482965299247.86,117434365690644.5,114381541934352.38,111353691482376.36,108369616558218.94,105441168993378.48,102575563969530.28,99776930561126.84,97047350008755.6,94387550681294.14,91797373064167.25,89276080717404.45,86822568075205.22,84435499161253.83,82113400042632.38,79854720309027.12,77657873816240.33,75521265552058.7,73443309217916.67,71422438602910.25,69457114810670.72,67545830719027.31,65687113596514.45,63879526494419.984,62121668828537.42,60412176427776.414,58749721235027.1,57133010784205.57,55560787536248.414,54031828129252.55,52544942579498.57,51098973457736.164,49692795056837.836,48325312561390.44,46995461226093.81,45702205567360.32,44444538570857.86,43221480916638.74,42032080222763.84,40875410307846.38,39750570472621.14,38656684800433.4,37592901476408.26,36558392124974.06,35552351165360.75,34573995184662.992,33622562328041.027,32697311705625.816,31797522815693.734,30922494983680.37,30071546816609.01,29244015672516.96,28439257144472.08,27656644558781.992,26895568487006.97,26155436271398.56,25435671563395.49,24735713874818.23,24055018141413.16,23393054298406.723,22749306867739.477,22123274556658.66,21514469867356.8,20922418717352.36,20346660070317.066,19786745577062.234,19242239226404.844,18712717005641.062,18197766570363.29,17696986923363.305,17209988102371.68,16736390876390.176,16275826450380.533,15827936178080.107,15392371282720.307,14968792585430.496,14556870241115.945,14156283481604.02,13766720365858.805,13387877537069.287,13019459986422.357,12661180823376.357,12312761052256.51,11973929354998.07,11644421879868.178,11323982036001.816,11012360293591.795,10709313989577.371,10414607138680.025,10128010249639.275,9849300146505.494,9578259794850.445,9314678132760.396,9058349906479.996,8809075510579.092,8566660832517.8955,8330917101489.547,8101660741422.393,7878713228027.336,7661900949779.174,7451055072723.522,7246011409004.061,7046610289007.755,6852696437028.494,6664118850352.296,6480730681669.937,6302389124725.435,6128955303111.355,5960294162124.315,5796274363596.512,5636768183621.304,5481651413093.325,5330803260985.55,5184106260288.092,5041446176535.424,4902711918850.833,4767795453438.806,4636591719457.9795,4508998547209.223
Cs142,5702200067808.242,4010235802723.2695,2789229953768.488,1923296056598.306,1317146690652.2546,897082693967.063,608259581405.3197,410916065989.3634,276759071960.10583,185933337781.52444,124652006377.81374,83420920336.2562,55744944367.53607,37204128991.605705,24803645305.05125,16521463461.257236,10996357804.596273,7314186460.511915,4862300610.401597,3230811301.575565,2145879989.4732885,1424783413.4988093,945722225.5317135,627578702.2371687,416369078.5018612,276189982.21262026,183175802.7171976,121469961.09693335,80541320.42280728,53397989.30585382,35399210.26472824,23465513.96895171,15553887.626350764,10309180.442317005,6832646.906430112,4528312.037240661,3001018.781541463,1988786.673390446,1317943.001508378,873364.5436274282,578743.7679366677,383504.17123383196,254125.26174104516,168391.5976620787,111580.56510618512,73935.47759176011,48990.73252612034,32461.76806467627,21509.384892875856,14252.194337740753,9443.515489766225,6257.258927797369,4146.037638718541,2747.142728330719,1820.2382502682462,1206.075276028647,799.1344931665917,529.498486350384,350.83995009773815,232.46249993862764,154.02682993235447,102.05622857441924,67.62112087800355,44.80484384274913,29.687071487572325,19.670235793619774,13.033216719840551,8.635620190913128,5.721835047666785,3.79120295879865,2.5119943040721227,1.6644095255220344,1.102812479380756,0.7307067127560182,0.4841550606960751,0.32079368800420627,0.21255294116531964,0.14083428515097052,0.0933146095676409,0.061828807617367074,0.040966803639618146,0.027143964166125314,0.01798516608064187,0.011916689402603016,0.007895811601242047,0.005231640892935742,0.0034664031187032897,0.002296784249668977,0.0015218131421966914,0.0010083294565880006,0.0006681032350518308,0.0004426746894663264,0.0002933092807382178,0.00019434211103678663,0.00012876802204631215,8.531966304261802e-05,5.653146455515415e-05,3.7456857662005986e-05,2.4818323619111972e-05,1.6444230088460404e-05,1.0895687669915332e-05,7.219310904278715e-06,4.78340160183275e-06,3.1694064929313156e-06,2.0999987754128707e-06,1.3914260800303033e-06,9.219369826554676e-07,6.10860908517943e-07,4.0474680628648515e-07,2.681788518936574e-07,1.7769107860394388e-07,1.1773530679337037e-07,7.800955776744022e-08,5.168790286511924e-08,3.424758937747183e-08,2.269191267018544e-08,1.5035303503044757e-08,9.962155005579103e-09,6.600766810048428e-09,4.373563998073421e-09,2.8978545362693185e-09,1.9200727178940036e-09
Cs143,3252157872602.519,2222227080282.3545,1510444420916.1895,1025854364830.323,696654142045.8025,473087121243.7782,321265140000.3917,218165273074.34897,148151949552.43204,100607166311.74557,68320384485.71088,46395040375.35881,31505959312.968502,21395073090.73486,14528968203.147213,9866331822.392132,6700027998.756236,4549854223.61891,3089714266.24807,2098162550.0184135,1424819746.5856981,967566235.6116369,657054617.9670718,446192462.5181851,303000244.6800931,205761313.0028993,139728327.53537288,94886667.69414859,64435607.269435704,43756910.845071495,29714428.378381845,20178464.00211847,13702784.485388443,9305282.213089122,6319027.857199278,4291123.2650925545,2914014.507825851,1978847.965429057,1343795.391654751,912544.1089448682,619690.1369544086,420818.9630476082,285769.5952124474,194060.3173678047,131782.41282036668,89490.75504427467,60771.35078756115,41268.58773568941,28024.658189320653,19030.975123108805,12923.547957863098,8776.118445316528,5959.683456434336,4047.0997652294036,2748.3030984772868,1866.3167105053174,1267.3777014544132,860.6504078750261,584.4501790718625,396.8882239389907,269.51871680558094,183.02467628579677,124.28833339065694,84.40167812586881,57.31546216851312,38.92176407538572,26.43097798431493,17.948739318523206,12.188623641359063,8.277046294678543,5.620773713261705,3.8169530543743555,2.592015149963218,1.760184744723555,1.195305643024632,0.8117077395023621,0.5512142088618057,0.3743183528561179,0.25419197660781423,0.17261659888906342,0.11722041981677872,0.0796020018379083,0.054056099666817126,0.03670839732320847,0.024927925661378435,0.016928047070753318,0.011495492305386868,0.0078063549085656625,0.005301136770795764,0.003599894110866915,0.002444614838245114,0.001660088192407688,0.001127332111159786,0.0007655482971713517,0.0005198682708496765,0.00035303196419459674,0.00023973682321368835,0.00016280039835970959,0.00011055443778220049,7.507526908093379e-05,5.098208756376183e-05,3.462089825555034e-05,2.3510347522001848e-05,1.596539860188881e-05,1.0841777318631884e-05,7.362430363178942e-06,4.999676645221785e-06,3.395178673850718e-06,2.3055967506193343e-06,1.5656838379104889e-06,1.0632240350076943e-06,7.220138071596232e-07,4.903048845442638e-07,3.329560701251469e-07,2.2610369206544914e-07,1.5354241641070562e-07,1.0426753062667503e-07,7.080595836074515e-08,4.8082885527749973e-08,3.265210914730674e-08,2.2173382900498384e-08,1.505749313265014e-08
Cs144,525349648382.0392,264289890057.12393,133077269729.34181,67073061112.739525,33841056495.166527,17093187888.937891,8644074601.917166,4376874388.596576,2219189466.365307,1126793914.5622125,572993553.6866442,291840365.3834893,148890230.26744717,76093281.60680239,38959966.720069915,19985466.370335642,10272182.76983127,5290427.993189777,2730376.6165829035,1412143.5560051473,731942.5897521724,380216.1623032497,197947.02015848676,103285.04252198088,54012.82390853954,28308.959563956843,14869.994989202803,7827.909713415192,4129.648781956465,2183.199082901035,1156.548163522177,613.9012714054554,326.4896709884657,173.958623805682,92.85297508031647,49.646132268662654,26.587665187602585,14.260838109932964,7.660279851672879,4.120441356480142,2.2192566268485763,1.1967455249997154,0.6460903637761958,0.3491801717781838,0.1889033271995874,0.10229007658265915,0.055437388128273216,0.030069089937481745,0.016321513052652212,0.008865412497839259,0.004818513760405493,0.002620484080004826,0.0014258841299024068,0.0007762517475166134,0.0004227846746625273,0.00023036582214289685,0.0001255694711866531,6.847049198707354e-05,3.734766005138766e-05,2.0377556091269683e-05,1.1121379429529585e-05,6.07117918073123e-06,3.3150192221240273e-06,1.8104610383063225e-06,9.889507519155881e-07,5.40300485975014e-07,2.952328772371148e-07,1.6134546144908848e-07,8.818728535808538e-08,4.820669525756808e-08,2.6354593387091313e-08,1.4409491571413711e-08,7.879171205141406e-09,4.3087218384214754e-09,2.35640112680022e-09,1.2887833316140162e-09,7.049168007845401e-10,3.855854573901455e-10,2.1092402405335651e-10,1.1538571598238851e-10,6.312433378135773e-11,3.4534935183060784e-11,1.88945273785525e-11,1.0337786956566669e-11,5.6562944616233655e-12,3.0949110696123223e-12,1.6934602881053937e-12,9.266411425588105e-13,5.070572387420626e-13,2.7746643004760174e-13,1.5183476899343785e-13,8.308807318026402e-14,4.546866578711226e-14,2.4882342029934316e-14,1.3616808361080741e-14,7.451847655072552e-15,4.078089666324012e-15,2.231790164140649e-15,1.2213872797886632e-15,6.684309652075616e-16,3.6581590181056805e-16,2.002032828043946e-16,1.0956760527351671e-16,5.996464860232503e-17,3.2817868511893717e-17,1.7960864080972138e-17,9.82982304527483e-18,5.3797939861968804e-18,2.944333020043532e-18,1.6114225329266106e-18,8.819278217449929e-19,4.8267817588787445e-19,2.641698196788472e-19,1.4458044974043533e-19,7.912918675649185e-20,4.3307640612895386e-20,2.3702435556836582e-20,1.2972449735414816e-20,7.099888672120482e-21,3.885809936917901e-21,2.1267282534607923e-21,1.1639728182547671e-21
Cs144_m1,0.0,0.0,0.0,0.0,0.0,0.0,0.0,0.0,0.0,0.0,0.0,0.0,0.0,0.0,0.0,0.0,0.0,0.0,0.0,0.0,0.0,0.0,0.0,0.0,0.0,0.0,0.0,0.0,0.0,0.0,0.0,0.0,0.0,0.0,0.0,0.0,0.0,0.0,0.0,0.0,0.0,0.0,0.0,0.0,0.0,0.0,0.0,0.0,0.0,0.0,0.0,0.0,0.0,0.0,0.0,0.0,0.0,0.0,0.0,0.0,0.0,0.0,0.0,0.0,0.0,0.0,0.0,0.0,0.0,0.0,0.0,0.0,0.0,0.0,0.0,0.0,0.0,0.0,0.0,0.0,0.0,0.0,0.0,0.0,0.0,0.0,0.0,0.0,0.0,0.0,0.0,0.0,0.0,0.0,0.0,0.0,0.0,0.0,0.0,0.0,0.0,0.0,0.0,0.0,0.0,0.0,0.0,0.0,0.0,0.0,0.0,0.0,0.0,0.0,0.0,0.0,0.0,0.0,0.0,0.0,0.0,0.0
Cs145,55422167141.48606,17022732765.345943,5226561080.791896,1604684105.9554458,492676519.7368614,151263455.28349555,46441487.715577215,14258643.508551886,4377743.269848916,1344071.4692738147,412661.9569685526,126697.05009603976,38899.01215915955,11942.923255215528,3666.761902576902,1125.7832408927065,345.6422694042315,106.12040937767883,32.581493304247516,10.003294485474793,3.071249670118246,0.9429468011638025,0.28950712749761975,0.08888558375554807,0.027289991330617883,0.008378677344047932,0.0025724535118079603,0.0007898045000042678,0.0002424887934276291,7.444983529173237e-05,2.2857872714931468e-05,7.0179113627942294e-06,2.1546659442137822e-06,6.61533765696663e-07,2.031066227839291e-07,6.235857088148842e-08,1.9145566545697594e-08,5.878144947426117e-09,1.8047305072158282e-09,5.540952516153379e-10,1.7012043994109068e-10,5.2231027068684446e-11,1.603616937267696e-11,4.923485954258871e-12,1.511627457807138e-12,4.641056341838258e-13,1.4249148397557913e-13,4.374827950811016e-14,1.3431763825603382e-14,4.123871418379832e-15,1.2661267497060199e-15,3.8873106934816577e-16,1.1934969726502894e-16,3.664319978626707e-17,1.1250335118945599e-17,3.4541208471650977e-18,1.0604973719163951e-18,3.255979525917918e-19,9.996632668725209e-20,3.069204333686691e-20,9.42318834160225e-21,2.8931432666995927e-21,8.882638930918338e-22,2.7271817225655144e-22,8.373097460943928e-23,2.570740354790622e-23,7.892785199951541e-24,2.42327305036793e-24,7.440025450934034e-25,2.2842650233799145e-25,7.013237698510542e-26,2.1532310179592053e-26,6.610932091587748e-27,2.0297136143341964e-27,6.231704242516503e-28,1.9132816320462465e-28,5.874230324588214e-29,1.8035286247643078e-29,5.5372624507573286e-30,1.7000714614426465e-30,5.219624317457521e-31,1.6025489888686673e-31,4.920207098304997e-32,1.5106207709320027e-32,4.63796557335429e-33,1.4239659002138685e-33,4.37191448039453e-34,1.3422818777481014e-34,4.1211250755490023e-35,1.2652835570433e-35,3.8847218911716074e-36,1.192702148679823e-36,3.661879679722548e-37,1.124284282006824e-37,3.4518205329547333e-38,1.0597911206638732e-38,3.2538111663545064e-39,9.989975288395692e-40,3.0671603593569867e-40,9.41691285356688e-41,2.891216542400279e-41,8.876723428403395e-42,2.7253655223952686e-42,8.367521293830373e-43,2.5690283386710473e-43,7.88752890268859e-44,2.4216592419113026e-44,7.435070674587883e-45,2.2827437890265087e-45,7.008567146710998e-46,2.151797047311398e-46,6.606529460149263e-47,2.0283619016186816e-47,6.227554162522726e-48,1.912007458639646e-48,5.870318308741478e-49,1.8023275427211694e-49,5.533574842805656e-50,1.6989392779683443e-50,5.2161482445227456e-51,1.6014817516829887e-51,4.9169304259455075e-52
Cs146,3063629923.858187,354742842.6943143,41120077.66820005,4773165.216984736,555085.9786105996,64708.10020261792,7566.800179125599,888.4090856828842,104.84500378226817,12.454019428138233,1.4914273873124135,0.1803984180636651,0.022084486438323055,0.002742097905017247,0.00034601649973972377,4.4450569989441574e-05,5.820401661353768e-06,7.772466937925992e-07,1.0582840982338694e-07,1.4678312756685628e-08,2.070703009249404e-09,2.9654805585836563e-10,4.302276630362295e-11,6.309873851180937e-12,9.337186768632952e-13,1.3916612098808258e-13,2.0860827857020524e-14,3.1410708810452287e-15,4.746135848887699e-16,7.190752097625958e-17,1.091714333512605e-17,1.6600949228370106e-18,2.5274501895862287e-19,3.851522117125472e-20,5.873352831378854e-21,8.961285010258312e-22,1.3678205738639708e-22,2.088431255063061e-23,3.1894166894754216e-24,4.8716713379666695e-25,7.442209309817401e-26,1.1370223254765982e-26,1.737275740709849e-27,2.6545639072130924e-28,4.056357727628186e-29,6.198596759659419e-30,9.472424470597006e-31,1.447561236640461e-31,2.2121715422221535e-32,3.380689118451073e-33,5.166484462001993e-34,7.895645303599638e-35,1.2066521872410077e-35,1.844072822659675e-36,2.8182216996401085e-37,4.3069823358710543e-38,6.582208995275967e-39,1.0059368757181786e-39,1.5373408081044741e-40,2.349469752372422e-41,3.5906226760342076e-42,5.4874406706648474e-43,8.386292871943584e-44,1.2816525387163858e-44,1.9587122836948993e-45,2.993443344758391e-46,4.574793311947214e-47,6.99152542494649e-48,1.0684948349397845e-48,1.6329501598489067e-49,2.4955911947197276e-50,3.8139409887236604e-51,5.828737549703444e-52,8.907893946676425e-53,1.3613681287724002e-53,2.0805402559708476e-54,3.179630614556372e-55,4.859339230253054e-56,7.42639026016776e-57,1.1349541534430293e-57,1.734518235019504e-58,2.6508150152575425e-59,4.051165395802714e-60,6.191281165228308e-61,9.461959397745615e-62,1.44604441784551e-62,2.2099486704161525e-63,3.377401874240189e-64,5.161587495186101e-65,7.888307778049776e-66,1.2055477053486506e-66,1.8424043671708993e-67,2.815694341512667e-68,4.303145805803292e-69,6.576375693068715e-70,1.0050488458739827e-70,1.53598764692981e-71,2.3474063586472586e-72,3.587474563153561e-73,5.482635630585214e-74,8.378956541375277e-75,1.280532164693522e-75,1.9570009901870888e-76,2.9908291108957137e-77,4.570799307436484e-78,6.985422949369847e-79,1.067562378034211e-79,1.6315253052757277e-80,2.493413852461122e-81,3.810613675156854e-82,5.823652807160458e-83,8.900123420924224e-84,1.3601806208348476e-84,2.078725466823756e-85,3.1768571763432284e-86,4.855100723957268e-87,7.419912741215827e-88,1.1339642206719442e-88,1.7330053581647328e-89,2.648502939226885e-90,4.047631927994784e-91,6.185881080919407e-92
Cs147,642626857.996184,31577121.51858945,1550783.7304062557,76159.70668033994,3740.237640748065,183.68476139871674,9.02084167050467,0.4430176124819525,0.02175679522354622,0.001068486049002414,5.247383289599693e-05,2.577013655318945e-06,1.2655830560086514e-07,6.2153356011532734e-09,3.0523794113358656e-10,1.499037327770088e-11,7.361840083519111e-13,3.615432945617815e-14,1.7755554638467948e-15,8.719833150321322e-17,4.282349479790926e-18,2.1030811887025452e-19,1.0328326791512705e-20,5.072287978482166e-22,2.491023556477393e-23,1.2233529297329298e-24,6.007941541919836e-26,2.950527251281943e-27,1.4490172715254983e-28,7.116189326049927e-30,3.494792748113617e-31,1.7163085174754725e-32,8.428868718320587e-34,4.1394555318751826e-35,2.032905324901791e-36,9.983689951953494e-38,4.903035268578105e-39,2.4079027855043648e-40,1.1825319433447838e-41,5.807467832377141e-43,2.8520737062458997e-44,1.4006662904802788e-45,6.878735472338579e-47,3.378178087100559e-48,1.6590385302731516e-49,8.147613222171049e-51,4.001329686247056e-52,1.965071097689601e-53,9.650552995538875e-55,4.73943020327377e-56,2.327555598325521e-57,1.143073076496477e-58,5.613683553471808e-60,2.7569053708367153e-61,1.3539286907342245e-62,6.649205007123406e-64,3.265454637997164e-65,1.6036795348306338e-66,7.875742692943907e-68,3.8678128403010477e-69,1.899500371057159e-70,9.328532192797246e-72,4.581284331290919e-73,2.2498894456661775e-74,1.1049308778208247e-75,5.426365491484873e-77,2.6649126237879225e-78,1.3087506367878112e-79,6.427333541832519e-81,3.1564925583805506e-82,1.5501677649470603e-83,7.612943971944108e-85,3.7387512003863265e-86,1.8361176162472902e-87,9.017256618587707e-89,4.428415489616043e-90,2.1748148664469044e-91,1.0680614125772916e-92,5.245297880919418e-94,2.5759895016885734e-95,1.2650800895308943e-96,6.212865510043452e-98,3.051166338425314e-99,1.498441582179788e-100,7.358914349993336e-102,3.613996104656968e-103,1.7748498247554098e-104,8.716367724843769e-106,4.280647593672785e-107,2.1022453847362263e-108,1.0324222120450003e-109,5.070272155967328e-111,2.4900335769274464e-112,1.2228667463005589e-113,6.005553873104616e-115,2.949354656332877e-116,1.4484414048450726e-117,7.113361218749206e-119,3.493403851833235e-120,1.715626424233405e-121,8.425518927573472e-123,4.137810434495912e-124,2.032097410141854e-125,9.979722246044124e-127,4.901086710269243e-128,2.4069458397100547e-129,1.182061982939144e-130,5.805159835579591e-132,2.850940238584885e-133,1.400109639387896e-134,6.8760017336594095e-136,3.376835535676833e-137,1.6583791971997006e-138,8.144375207640918e-140,3.999739482673249e-141,1.9642901415256866e-142,9.646717684513273e-144,4.7375466646908415e-145,2.3266305840125504e-146,1.142618797785673e-147,5.611452570186511e-149,2.755809724859719e-150
Cs148,2385869.522838119,20691.758650988675,179.4519239096775,1.5563197666306623,0.013497382269495413,0.00011705777439510139,1.0151985231464235e-06,8.804439062031308e-09,7.635762408003637e-11,6.622212629413068e-13,5.743198618017702e-15,4.980862471781408e-17,4.319716696714788e-19,3.746329565530604e-21,3.249052240912592e-23,2.817782119679588e-25,2.4437575899844076e-27,2.1193800318689913e-29,1.8380594449687898e-31,1.594080567164565e-33,1.3824867642704832e-35,1.1989793318807582e-37,1.039830163607969e-39,9.01806011495541e-42,7.821027998915656e-44,6.782886583155701e-46,5.882545159834783e-48,5.101712542773516e-50,4.424525466766429e-52,3.8372263121320616e-54,3.3278836072062556e-56,2.8861496305540247e-58,2.503050188386851e-60,2.1708022963385923e-62,1.8826560616532857e-64,1.6327575534898084e-66,1.416029875439343e-68,1.2280700241447539e-70,1.0650594386188145e-72,9.236864229961196e-75,8.01078866672272e-77,6.947458949839159e-79,6.0252726501455425e-81,5.225494784597806e-83,4.531877199482302e-85,3.930328475635113e-87,3.408627649520793e-89,2.956175934175615e-91,2.5637813960194922e-93,2.2234722130665967e-95,1.9283347207195657e-97,1.672372954912763e-99,1.4503868391064384e-101,1.2578665403991167e-103,1.0909008485146134e-105,9.460977163064537e-108,8.205153474938348e-110,7.116024316190776e-112,6.171463120499262e-114,5.352280340164784e-116,4.641833594461635e-118,4.0256895658064944e-120,3.491330774885935e-122,3.027901277634562e-124,2.6259861176861818e-126,2.2774200536906677e-128,1.9751216756326497e-130,1.7129495400868183e-132,1.485577401677692e-134,1.288386005966988e-136,1.1173692454509366e-138,9.690527721484631e-141,8.404234133271164e-143,7.288679563884384e-145,6.321200592766941e-147,5.482142078516951e-149,4.754457848313721e-151,4.12336439071406e-153,3.576040516299652e-155,3.101366884531424e-157,2.6897001050818554e-159,2.3326768243256025e-161,2.023043816842241e-163,1.7545106300984765e-165,1.5216217886637115e-167,1.3196459616811769e-169,1.1444798419394305e-171,9.925647837674783e-174,8.608145061829058e-176,7.465523925222292e-178,6.474571127432199e-180,5.615154636709633e-182,4.869814690979601e-184,4.223409088227232e-186,3.6628055600473534e-188,3.176614978670047e-190,2.7549599773405504e-192,2.3892742833838377e-194,2.0721286872378002e-196,1.797080111870964e-198,1.5585407163042377e-200,1.3516643739656154e-202,1.1722482195910865e-204,1.016647264514962e-206,8.817003456881301e-209,7.64665904016827e-211,6.631662873053853e-213,5.751394462708133e-215,4.987970422935147e-217,4.3258811582818773e-219,3.751675773684004e-221,3.2536888083254055e-223,2.821803242081993e-225,2.4472449598284065e-227,2.1224044979786437e-229,1.8406824518931012e-231,1.5963554034746893e-233,1.3844596451614547e-235,1.200690338071681e-237,1.0413140556152245e-239,9.030929358216358e-242,7.832189014764479e-244
Cs149,22613.492172952177,0.02156590668959831,2.05668513198837e-08,1.9614077873119116e-14,1.8705442307585863e-20,1.783889990576354e-26,1.7012500673068598e-32,1.6224384949749597e-38,1.5472779226064323e-44,1.4755992151321743e-50,1.407241072780779e-56,1.3420496681030103e-62,1.2798782998113753e-68,1.2205870626558096e-74,1.164042532592595e-80,1.1101174665380455e-86,1.0586905160313112e-92,1.009645954161944e-98,9.628734151477307e-105,9.182676459767659e-111,8.75728269554871e-117,8.351595588253719e-123,7.964702213529347e-129,7.595731938866968e-135,7.243854464404103e-141,6.908277954486963e-147,6.588247255789738e-153,6.283042197980643e-159,5.991975973110824e-165,5.714393590079158e-171,5.449670400695011e-177,5.197210694022198e-183,4.956446355840881e-189,4.726835590210816e-195,4.507861700259044e-201,4.2990319254484686e-207,4.0998763327107235e-213,3.909946758948073e-219,3.728815802524641e-225,3.5560758614775194e-231,3.391338216283346e-237,3.23423215511642e-243,3.084404139629771e-249,2.941517009382038e-255,2.8052492231197787e-261,2.6752941352079236e-267,2.5513593055800725e-273,2.4331658416558074e-279,2.3204477707441445e-285,2.2129514415208323e-291,2.1104349532326093e-297,2.0126676113439688e-303,1.919429408401467e-309,1.83051053e-315,1.744e-321,0.0,0.0,0.0,0.0,0.0,0.0,0.0,0.0,0.0,0.0,0.0,0.0,0.0,0.0,0.0,0.0,0.0,0.0,0.0,0.0,0.0,0.0,0.0,0.0,0.0,0.0,0.0,0.0,0.0,0.0,0.0,0.0,0.0,0.0,0.0,0.0,0.0,0.0,0.0,0.0,0.0,0.0,0.0,0.0,0.0,0.0,0.0,0.0,0.0,0.0,0.0,0.0,0.0,0.0,0.0,0.0,0.0,0.0,0.0,0.0,0.0,0.0,0.0,0.0,0.0,0.0,0.0
Cs150,124.11048015185165,0.00011836097731766896,1.1287782413260393e-10,1.0764868176708621e-16,1.0266178299626017e-22,9.790590572000539e-29,9.337034770966107e-35,8.904490252462507e-41,8.491983654463313e-47,8.098586706603362e-53,7.723414141276722e-59,7.365621701504453e-65,7.024404241089312e-71,6.698993912782028e-77,6.388658440382044e-83,6.09269947088438e-89,5.810451002964397e-95,5.5412778882640935e-101,5.284574402107341e-107,5.0397628804276975e-113,4.806292419841489e-119,4.5836376379408825e-125,4.371297491017234e-131,4.168794146554227e-137,3.975671907953485e-143,3.7914961890730794e-149,3.615852536271176e-155,3.4483456957542265e-161,3.288598724130849e-167,3.1362521401699603e-173,2.9909631158542306e-179,2.8524047049085964e-185,2.7202651070676816e-191,2.594246966426552e-197,2.4740667022958334e-203,2.35945387105545e-209,2.2501505575708921e-215,2.145910794802569e-221,2.046500010302139e-227,1.951694498350281e-233,1.861280916548048e-239,1.775055805728963e-245,1.6928251321115172e-251,1.6144038506617738e-257,1.5396154886834894e-263,1.4682917486987047e-269,1.400272129725178e-275,1.3354035660983867e-281,1.2735400830253493e-287,1.2145424680951615e-293,1.1582779580070163e-299,1.1046199398107726e-305,1.0534476659875e-311,1.004646e-317,1e-323,0.0,0.0,0.0,0.0,0.0,0.0,0.0,0.0,0.0,0.0,0.0,0.0,0.0,0.0,0.0,0.0,0.0,0.0,0.0,0.0,0.0,0.0,0.0,0.0,0.0,0.0,0.0,0.0,0.0,0.0,0.0,0.0,0.0,0.0,0.0,0.0,0.0,0.0,0.0,0.0,0.0,0.0,0.0,0.0,0.0,0.0,0.0,0.0,0.0,0.0,0.0,0.0,0.0,0.0,0.0,0.0,0.0,0.0,0.0,0.0,0.0,0.0,0.0,0.0,0.0,0.0,0.0
Cs151,0.5905972473483638,5.632374261363651e-07,5.371450673450153e-13,5.122614549112478e-19,4.885305928337558e-25,4.658990791642729e-31,4.443159858362906e-37,4.237327440607941e-43,4.0410303503112316e-49,3.8538268569099814e-55,3.6752956933116846e-61,3.505035107909864e-67,3.3426619605158545e-73,3.187810860172141e-79,3.0401333429070924e-85,2.899297087580778e-91,2.764985168057236e-97,2.636895340020412e-103,2.514739360828799e-109,2.398242340878301e-115,2.287142125013643e-121,2.1811887025963317e-127,2.0801436449015986e-133,1.983779568578341e-139,1.89187962396464e-145,1.804237007107395e-151,1.7206544943880066e-157,1.640943998706827e-163,1.5649261462276763e-169,1.492429872729951e-175,1.4232920386600059e-181,1.3573570620155423e-187,1.294476568236872e-193,1.23450905631721e-199,1.1773195803806427e-205,1.1227794460112061e-211,1.0707659206497269e-217,1.0211619574067395e-223,9.738559316699429e-230,9.28741389913507e-236,8.857168101439562e-242,8.446853734435635e-248,8.055547460971507e-254,7.682368718120125e-260,7.326477735633987e-266,6.987073646196362e-272,6.663392683216457e-278,6.354706462112883e-284,6.060320341217891e-290,5.779571858613882e-296,5.511829241384403e-302,5.256489983925265e-308,5.012979492e-314,4.7806e-320,0.0,0.0,0.0,0.0,0.0,0.0,0.0,0.0,0.0,0.0,0.0,0.0,0.0,0.0,0.0,0.0,0.0,0.0,0.0,0.0,0.0,0.0,0.0,0.0,0.0,0.0,0.0,0.0,0.0,0.0,0.0,0.0,0.0,0.0,0.0,0.0,0.0,0.0,0.0,0.0,0.0,0.0,0.0,0.0,0.0,0.0,0.0,0.0,0.0,0.0,0.0,0.0,0.0,0.0,0.0,0.0,0.0,0.0,0.0,0.0,0.0,0.0,0.0,0.0,0.0,0.0,0.0,0.0
Cu73,284301801.21241176,244897070.5332995,209322921.9329392,178214127.39914748,151423838.75359604,128528009.82628381,109036093.14961508,92474849.8438001,78417952.01791702,66492950.9786422,56379253.56207392,47802935.413947515,40530824.14549369,34364817.57783906,29136775.18598153,24704059.22170048,20945698.34704788,17759110.458106477,15057313.371789087,12766555.174695373,10824303.025454175,9177537.032058187,7781303.297349178,6597486.925537112,5593771.622881704,4742757.547395206,4021213.350833801,3409442.005665923,2890743.1098036333,2450956.9929232006,2078078.1800945257,1761927.6612762439,1493875.020318787,1266602.8381066173,1073906.9384461865,910527.0237384615,772003.0770603566,654553.6106586133,554972.4372310763,470541.1460128376,398954.89440111537,338259.48934602767,286798.0409273874,243165.73184335497,206171.46808853067,174805.36394479414,148211.1736758387,125662.91735365122,106545.0627384436,90335.72220825926,76592.4060406348,64939.94313311765,55060.239417145276,46683.5943859536,39581.338691266305,33559.591826633776,28453.96949191042,24125.096158172757,20454.800333097734,17342.88866347819,14704.410812904269,12467.340450036198,10570.609042063961,8962.438778981117,7598.929120104947,6442.858377766626,5462.667623274834,4631.599177369968,3926.966167301608,3329.5332105763623,2822.991319008102,2393.5126887698375,2029.3732229099267,1720.6324817857899,1458.86232456105,1236.916834102072,1048.7372445823055,889.1865466222006,753.9092549428987,639.2125104093042,541.9652707336934,459.5128379032584,389.6043890636312,330.3315325644988,280.0762118431599,237.4665350032796,201.33932430520707,170.70836322733857,144.7374742928115,122.71769272817525,104.04791283051132,88.21847871900319,74.79727152405742,63.41791321593521,53.769765055805934,45.58944764253281,38.65365106568975,32.77303889319705,27.787079581943768,23.559664216965583,19.975390950290755,16.93641471042792,14.359776184476825,12.175137158238474,10.322860392640587,8.752381620098747,7.420829218852488,6.291853884537721,5.33463635085433,4.523046071650359,3.8349278977554766,3.251497275953479,2.7568274599688496,2.3374147351267944,1.9818097879979752,1.6803051579939354,1.4246702388291503,1.2079265958028047,1.0241574654124077,0.8683462369357428,0.7362395067801745,0.6242309671965861
Cu74,159128929.6947003,109116182.78485192,74158977.29119283,50167354.637079835,33854351.33224195,22816182.728423476,15366349.021278856,10345176.51733624,6963368.454007901,4686568.879790989,3154032.1127428417,2122580.129962023,1428417.141741103,961263.0550732259,646885.5269853295,435322.92569791555,292951.054781042,197141.6028069701,132666.51911996293,89277.96792686591,60079.62472834054,40430.591993634946,27207.77176679761,18309.472988345464,12321.36173991183,8291.661616124251,5579.8744999692035,3754.9770882392995,2526.912195379452,1700.4858060510126,1144.3420872505876,770.0851179365019,518.2288543240296,348.74215744453033,234.686068446626,157.93201236696012,106.2803629343808,71.52138047343617,48.13031987834652,32.38930339789118,21.7963848412354,14.667879278257692,9.870750773058964,6.642522683443515,4.470086279605889,3.0081449924024724,2.024331462370296,1.3622740525779689,0.916742454891376,0.6169219233162812,0.41515766771525303,0.2793803924753793,0.18800906202515807,0.12652071639814436,0.08514212828612303,0.05729640343071087,0.03855762020726744,0.025947354232203224,0.017461274529711118,0.011750566376572307,0.007907544774883972,0.005321383017882654,0.0035810252144194035,0.002409851262954199,0.0016217096395126918,0.0010913296581069399,0.0007344103985357662,0.0004942215484302465,0.00033258643861766476,0.000223814075901212,0.00015061570393463678,0.0001013568524695427,6.82081036316834e-05,4.590064990848513e-05,3.0888846776890224e-05,2.078665241360392e-05,1.3988379743825661e-05,9.413481495914747e-06,6.334803279346388e-06,4.263006476980192e-06,2.8687906192803094e-06,1.930552923555631e-06,1.2991657758502398e-06,8.742737339891001e-07,5.883425934946694e-07,3.9592520495914717e-07,2.664379048112606e-07,1.7929941370501836e-07,1.206595577222263e-07,8.119786099063962e-08,5.4642108374318506e-08,3.6771412093416654e-08,2.4745325309946583e-08,1.6652369050703704e-08,1.1206213356563598e-08,7.541222357639109e-09,5.074866311914949e-09,3.415131773394891e-09,2.2982132558385293e-09,1.5465828318716546e-09,1.0407730656689766e-09,7.003883347852213e-10,4.71326397352442e-10,3.171791444946826e-10,2.1344573583717941e-10,1.4363832848990725e-10,9.666142699197783e-11,6.504831660431066e-11,4.377427092407608e-11,2.945789983452747e-11,1.982369653091758e-11,1.3340358489823655e-11,8.977395530619163e-12,6.041339186998586e-12,4.065519787769396e-12,2.735891932754743e-12,1.8411187396579573e-12,1.2389810331823424e-12,8.337724056139743e-13,5.61087220663695e-13,3.775836991874099e-13,2.5409498673558614e-13
Cu75,156446054.4381392,89325701.21290998,50862204.45222306,28920290.951538306,16431477.870899197,9331819.55507415,5298512.308819523,3008049.3102758653,1707593.7328136472,969319.0117159022,550223.6363519266,312324.74266038317,177284.41658413652,100631.29988245644,57120.85326724195,32423.19299347345,18404.18517330154,10446.654955571401,5929.769609305472,3365.8777728281616,1910.551881447251,1084.4744263654427,615.5733170863548,349.41396081546054,198.3356196746546,112.57998338819587,63.90305814798945,36.27288540723985,20.589346631751784,11.68699952685631,6.633817010337132,3.7655112436126332,2.1373931332344465,1.2132348332816683,0.6886607511631494,0.39090011033192396,0.22188413670833537,0.1259466774794781,0.07149030932727982,0.040579588362214515,0.023033932950373103,0.013074604464351224,0.007421454350306206,0.004212592803388298,0.0023911671876585623,0.0013572829813353737,0.0007704258827784099,0.00043731193053854776,0.0002482285822247691,0.00014090040707884926,7.997839949393386e-05,4.5397628851644876e-05,2.576876654687263e-05,1.4626960617639447e-05,8.302608373622006e-06,4.7127566421836055e-06,2.6750719977361237e-06,1.5184340581091968e-06,8.618990407649594e-07,4.892342558468443e-07,2.7770092061082416e-07,1.576296025604575e-07,8.947428603662789e-08,5.0787718370943766e-08,2.8828308686032754e-08,1.6363629010210805e-08,9.288382377893216e-09,5.272305253567087e-09,2.992685007558447e-09,1.6987187053339949e-09,9.642328653244497e-10,5.47321352059284e-10,3.106725285900775e-10,1.7634506612506162e-10,1.0009762526407543e-10,5.6817776667488716e-11,3.2251112220893355e-11,1.8306493152165594e-11,1.0391197960397117e-11,5.89828942958351e-12,3.348008413248149e-12,1.9004086640712522e-12,1.0787168503478311e-12,6.123051663695833e-13,3.4755887668018804e-13,1.972826286529842e-13,1.1198228035488959e-13,6.356378764365879e-14,3.608030740938316e-14,2.0480034796753627e-14,1.162495154260135e-14,6.5985971073277164e-15,3.7455195942339634e-15,2.1260454006521327e-15,1.206793592160752e-15,6.850045505300766e-16,3.8882476447920005e-16,2.2070612137585706e-16,1.2527800814852753e-16,7.111075681917786e-17,4.036414539255021e-17,2.291164243145188e-17,1.3005189476985489e-17,7.382052763712601e-18,4.190227532068864e-18,2.378472131331337e-18,1.3500769674735804e-18,7.663355790855571e-19,4.349901775388137e-19,2.4691070037624307e-19,1.4015234620981081e-19,7.955378247351404e-20,4.515660620029044e-20,2.563195639637867e-20,1.4549303944405658e-20,8.258528611440873e-21,4.687735927890371e-21,2.6608696492485976e-21,1.510372469611077e-21,8.5732309269763e-22,4.866368396279712e-22,2.762265658072301e-22
Cu76,67777247.17281683,23499834.468277704,8132422.68610398,2813508.2191585507,973321.9181019801,336714.3982175126,116484.02800960885,40296.84040610295,13940.411651951508,4822.588426639865,1668.3409139832352,577.1509319753694,199.66134947746943,69.07145473821886,23.894789212521964,8.266236083701482,2.8596468620731454,0.9892749363750312,0.34223278150866643,0.11839304973026987,0.04095725185250612,0.014168876324508813,0.004901624186656513,0.0016956827850672233,0.0005866096620382999,0.00020293353133442728,7.020344328589019e-05,2.4286392774948397e-05,8.401708611600427e-06,2.9065126405702215e-06,1.0054878263845515e-06,3.478415180087377e-07,1.203333531005363e-07,4.162848630408346e-08,1.4401085213020137e-08,4.981955236078897e-09,1.7234727527238082e-09,5.96223408004612e-10,2.062593398652941e-10,7.13539836083353e-11,2.4684414194788543e-11,8.539401352620483e-12,2.9541464863497535e-12,1.0219664239267244e-12,3.535421741811098e-13,1.2230545544191796e-13,4.231072138848163e-14,1.4637099693920593e-14,5.063602803711466e-15,1.7517181606957303e-15,6.059947103793577e-16,2.0963965393948368e-16,7.252337974427883e-17,2.508895865212204e-17,8.679350693078331e-18,3.002560987004843e-18,1.0387150835918116e-18,3.593362564659882e-19,1.2430987789692326e-19,4.30041373913256e-20,1.4876982135767835e-20,5.146588465522824e-21,1.780426473039219e-21,6.159261513008603e-22,2.130753668297841e-22,7.371194071522718e-23,2.5500133050788966e-23,8.821593615613658e-24,3.0517689364223883e-24,1.0557382313359688e-24,3.652252959921121e-25,1.2634715014888679e-25,4.370891755287978e-26,1.5120795929256467e-26,5.230934151082743e-27,1.809605276136362e-27,6.260203552252216e-28,2.1656738644852447e-28,7.49199806071337e-29,2.591804604663976e-29,8.96616770896197e-30,3.1017833381639186e-30,1.073040365650838e-30,3.712108489813664e-31,1.2841781056194245e-31,4.442524811647071e-32,1.536860550396953e-32,5.316662149357212e-33,1.8392622806998732e-33,6.362799896198584e-34,2.201166355874994e-34,7.614781865339971e-35,2.6342808076248574e-35,9.113111177887769e-36,3.152617408901905e-36,1.0906260587523111e-36,3.772944971600294e-37,1.3052240632329181e-37,4.515331837770381e-38,1.5620476345404748e-38,5.4037951145985573e-39,1.8694053238107328e-39,6.467077656684111e-40,2.237240521618266e-40,7.739577931923462e-41,2.677453138609718e-41,9.262462853280463e-42,3.204284581912388e-42,1.1084999577887696e-42,3.834778481767516e-43,1.3266149358780031e-43,4.589332073448544e-44,1.587647501227923e-44,5.4923560723319e-45,1.9000423709891537e-45,6.573064389871784e-46,2.2739058945779262e-46,7.8664192387397205e-47,2.721333006223657e-47,9.414262202415669e-48,3.2567985106247716e-48,1.1266667860691274e-48
Cu77,26048374.398653712,5942474.593621236,1355540.1146572463,309212.7357156566,70534.62662181722,16089.67865160855,3670.2222937966367,837.2157068864236,190.97757131551322,43.56396140871707,9.937390660837394,2.2668217019937553,0.5170855010138912,0.11795255671128359,0.02690619947271507,0.006137582687906915,0.00140004615996008,0.0003193650252372283,7.285046897859688e-05,1.661794627154072e-05,3.7907256076134156e-06,8.647037604655728e-07,1.972478809496453e-07,4.499428395937276e-08,1.026366204427561e-08,2.34124758278679e-09,5.340628150322002e-10,1.2182525782284715e-10,2.77896026944103e-11,6.339096109578235e-12,1.446013457923696e-12,3.298506418505089e-13,7.524234669670281e-14,1.7163558344666257e-14,3.915185370788972e-15,8.930943211087405e-16,2.037240617896848e-16,4.6471567863697086e-17,1.0600645798725924e-17,2.4181170663241204e-18,5.515975401376731e-19,1.2582511017485593e-19,2.8702010430581574e-20,6.547225761315789e-21,1.4934899864702084e-21,3.4068052958640017e-22,7.771275622247712e-23,1.772708433624333e-23,4.043731484244954e-24,9.224170205611556e-25,2.1041287314352695e-25,4.7997354989807065e-26,1.0948693640270415e-26,2.4975103826857718e-27,5.697079776422685e-28,1.2995628848606058e-28,2.96443749778012e-29,6.76218887182783e-30,1.5425252977171684e-30,3.518659917959801e-31,8.026427596733652e-32,1.8309112408613135e-32,4.1764981139012645e-33,9.52702463458309e-34,2.1732129624540954e-34,4.957323782951652e-35,1.1308168832780548e-35,2.5795103961220616e-36,5.884130297394651e-37,1.3422310454250775e-37,3.061767989911088e-38,6.984209802028049e-39,1.5931705707120292e-39,3.634187029498829e-40,8.289956899891032e-41,1.8910250035075437e-41,4.313623830707379e-42,9.839822592685454e-43,2.2445654154234745e-43,5.120086116044685e-44,1.1679446567061883e-44,2.664202691540494e-45,6.077322192328158e-46,1.3863001169782787e-46,3.1622941050583945e-47,7.213520279205002e-48,1.6454786648486297e-48,3.7535072082315294e-49,8.562138582053327e-50,1.9531124633919758e-50,4.455251755271473e-51,1.0162890552844697e-51,2.3182605621981647e-52,5.288192376271354e-53,1.2062914352448027e-53,2.7516756638323516e-54,6.276857099122672e-55,1.43181609521285e-55,3.2661207641593756e-56,7.450359638880307e-57,1.6995041750375428e-57,3.8767449908017e-58,8.843256724199611e-59,2.017238422327321e-59,4.601529707237948e-60,1.0496565706975008e-60,2.3943753197450855e-61,5.461818019197236e-62,1.2458972421250806e-62,2.84202061013199e-63,6.482943275994595e-64,1.4788264859842672e-64,3.373356332989146e-65,7.694975074607258e-66,1.75530348868773e-66,4.004029002727565e-67,9.133604734454924e-68,2.0834698097448703e-68,4.752610359569475e-69,1.0841196317912089e-69,2.4729891304229995e-70,5.64114426106816e-71
Cu78,4556051.205883869,575513.8539829674,72687.49673010524,9180.423670861757,1159.4865689439378,146.44303478379794,18.49574027932251,2.3360101010278242,0.2950378362635562,0.03726324847173431,0.004706344461616181,0.0005944108229905597,7.507402600254667e-05,9.481841787259248e-06,1.1975556456179115e-06,1.5125115526377873e-07,1.9103005402996307e-08,2.41270762388879e-09,3.047247255375871e-10,3.848670159390928e-11,4.860866465514016e-12,6.139269362406984e-13,7.753890910517627e-14,9.793156270412585e-15,1.2368746329230845e-15,1.562171393292963e-16,1.9730208681340408e-17,2.491923333640488e-18,3.1472966155774387e-19,3.975032398751261e-20,5.020461844274949e-21,6.3408381621590465e-22,8.008472097948801e-23,1.0114692049132255e-23,1.2774845688103599e-24,1.6134617006838081e-25,2.0378004737839884e-26,2.5737399091619597e-27,3.2506308665797268e-28,4.1055434518251184e-29,5.185297170502552e-30,6.549025010189337e-31,8.271411873570331e-32,1.0446784716166827e-32,1.3194278386094789e-33,1.6664360074383297e-34,2.1047069689037622e-35,2.6582427439032616e-36,3.3573578602226062e-37,4.240339535375677e-38,5.3555444858290555e-39,6.764047194902968e-40,8.542984672415066e-41,1.0789780882681399e-41,1.3627482192750536e-42,1.7211496038053206e-43,2.1738101850208992e-44,2.7455200350120742e-45,3.467588989413182e-46,4.379561338530408e-47,5.531381480478218e-48,6.986129138870372e-49,8.823473939959421e-50,1.1144038540022118e-50,1.4074909250774004e-51,1.7776595953618317e-52,2.245182246420675e-53,2.835662875386756e-54,3.581439304388682e-55,4.52335416962098e-56,5.712991678723966e-57,7.215502633061367e-58,9.113172427960589e-59,1.1509927433358157e-59,1.453702654793482e-60,1.836024962615293e-61,2.3188976454234977e-62,2.9287653487516097e-63,3.6990276327964485e-64,4.6718681078441496e-65,5.900564630437934e-66,7.452407078769482e-67,9.412382500006871e-68,1.1887829447591556e-68,1.5014316404472715e-69,1.8963066225625396e-70,2.3950333201339206e-71,3.024924627853807e-72,3.820476703716533e-73,4.825258159902208e-74,6.094296108926203e-75,7.697089737479612e-76,9.7214164471002e-77,1.227813900593759e-77,1.5507276976504173e-78,1.9585674922700003e-79,2.4736687347423305e-80,3.124241075884344e-81,3.945913275756257e-82,4.983684421786246e-83,6.2943883152613705e-84,7.949805988939114e-85,1.0040596813599651e-85,1.2681263481591063e-86,1.6016422775956637e-87,2.022872554541366e-88,2.5548859624631753e-89,3.2268183512289124e-90,4.0754682693504973e-91,5.147312245871273e-92,6.501050089323555e-93,8.210819597702484e-94,1.0370256733867139e-94,1.3097623622909544e-95,1.6542285207574295e-96,2.0892889257413442e-97,2.6387697711962694e-98,3.3327635156580748e-99,4.2092769034056914e-100,5.316312413497502e-101,6.714497127770365e-102,8.480402988427128e-103
Cu79,0.008906299393176435,0.0002230868180380025,5.587924477415441e-06,1.3996748100095937e-07,3.5059342367517473e-09,8.781736146515213e-11,2.199667322295888e-12,5.50977192670085e-14,1.380098998451059e-15,3.4569003415466216e-17,8.658915037832292e-19,2.168902838513807e-20,5.432712415308448e-22,1.3607969736288695e-23,3.408552232986836e-25,8.537811701636079e-27,2.138568625915365e-28,5.35673065602176e-30,1.3417649063696196e-31,3.3608803196801236e-33,8.418402113210108e-35,2.1086586667401915e-36,5.281811575430914e-38,1.3229990210546142e-39,3.313875144379167e-41,8.300662583846847e-43,2.0791670273921308e-44,5.2079403109422815e-46,1.304495594870852e-47,3.2675273821054343e-49,8.18456975614839e-51,2.0500878572621386e-52,5.1351022078300497e-54,1.2862509570724841e-55,3.221827838299257e-57,8.070100599392677e-59,2.021415387567608e-60,5.063282816328967e-62,1.2682614882526086e-63,3.176767446995829e-65,7.957232404964689e-67,1.9931439302079736e-68,4.9924678887678064e-70,1.2505236196252486e-71,3.132337269026677e-73,7.845942781851473e-75,1.9652678766362766e-76,4.922643376742861e-78,1.2330338323173616e-79,3.0885284902462655e-81,7.736209652200118e-83,1.9377816967465349e-84,4.8537954283309595e-86,1.2157886566707588e-87,3.0453324197834327e-89,7.628011246937859e-91,1.9106799377766573e-92,4.7859103853415605e-94,1.1987846715537969e-95,3.00274048831732e-97,7.52132610145367e-99,1.883957223226748e-100,4.718974780607179e-102,1.18201850368268e-103,2.9607442463773287e-105,7.416133051339898e-107,1.857608251792469e-108,4.6529753353117357e-110,1.1654868269522584e-111,2.919335362666904e-113,7.312411228193668e-115,1.8316277963133713e-116,4.587898956356297e-118,1.149186361776199e-119,2.878505622410785e-121,7.21014005547704e-123,1.8060107027359374e-124,4.523732733761647e-126,1.1331138744363667e-127,2.8382469257253077e-129,7.109299244434894e-131,1.780751889091069e-132,4.460463938107127e-134,1.1172661764413073e-135,2.798551286011537e-137,7.009868790070055e-139,1.7558463444859544e-140,4.398080018005414e-142,1.1016401238937253e-143,2.759410828370898e-145,6.911828967174693e-147,1.7312891281099903e-148,4.3365685976125393e-150,1.0862326168667802e-151,2.7208177880429203e-153,6.815160326417148e-155,1.7070753682545995e-156,4.275917474172723e-158,1.0710405987891189e-159,2.6827645088648322e-161,6.719843690483534e-163,1.6832002613467748e-164,4.2161146155975364e-166,1.056061055838501e-167,2.6452434417527502e-169,6.625860150273358e-171,1.6596590709961584e-172,4.157148158079058e-174,1.0412910163439287e-175,2.608247143204059e-177,6.533191061148255e-179,1.6364471270554038e-180,4.099006403736207e-182,1.0267275501961015e-183,2.5717682738207514e-185,6.441818039233212e-187,1.613559824693706e-188,4.041677818294125e-190,1.012367768266142e-191,2.535799596853432e-193,6.351722957769599e-195,1.5909926234833014e-196
Cu80,11132.851966228904,188.730353738984,3.19946286274994,0.05423908983010391,0.0009194914871021621,1.558773566263078e-05,2.6425204202141235e-07,4.479748901560535e-09,7.594321719340478e-11,1.2874320334507078e-12,2.182527027441979e-14,3.6999422895726e-16,6.272349791797328e-18,1.0633239340391066e-19,1.802606401478153e-21,3.0558795251668916e-23,5.180498451950827e-25,8.78227167977089e-27,1.488819976932173e-28,2.5239311701299394e-30,4.2787097501739735e-32,7.2535088685842875e-34,1.2296555265168824e-35,2.0845810507551333e-37,3.5338987736478975e-39,5.990863506058556e-41,1.0156047993184589e-42,1.7217102465372124e-44,2.9187398238177585e-46,4.9480115346200897e-48,8.388146811492607e-50,1.4220057176272528e-51,2.4106638884695195e-53,4.086692698301999e-55,6.927990787200962e-57,1.1744718747138466e-58,1.991030627584243e-60,3.3753068467002307e-62,5.722009572100073e-64,9.700271717581339e-66,1.644444494705272e-67,2.7877545855393214e-69,4.725958008444901e-71,8.011709213371667e-73,1.3581899036116415e-74,2.3024797395215024e-76,3.9032928582444223e-78,6.61708108684082e-80,1.1217647176368922e-81,1.9016784972416742e-83,3.223832101342621e-85,5.465221083754192e-87,9.264949462433866e-89,1.5706462231988697e-90,2.6626476144866318e-92,4.513869650730177e-94,7.652165128021014e-96,1.2972379726789136e-97,2.1991506058825838e-99,3.728123512578348e-101,6.320124182427928e-103,1.0714229168251246e-104,1.8163362515719823e-106,3.079155137497426e-108,5.2199565760861223e-110,8.849163306000376e-112,1.5001598207734118e-113,2.5431551097457154e-115,4.31129925136332e-117,7.308756419762555e-119,1.2390214014146318e-120,2.1004586074485046e-122,3.560815298724679e-124,6.036493909791356e-126,1.0233403214145643e-127,1.734823937673879e-129,2.9409708889083114e-131,4.985698883659326e-133,8.452036520412092e-135,1.4328366596008214e-136,2.429025109082162e-138,4.1178196698256984e-140,6.980758976020062e-142,1.1834174341915124e-143,2.006195641991462e-145,3.401015430109166e-147,5.765592205333816e-149,9.774155443081613e-151,1.6569696784511079e-152,2.808987979876804e-154,4.761954050039174e-156,8.072731723002616e-158,1.3685347818725092e-159,2.320016957652875e-161,3.933022934522918e-163,6.667481180453385e-165,1.1303088243265637e-166,1.9161629463551358e-168,3.2483869522756112e-170,5.506847844952933e-172,9.335517483906506e-174,1.5826093101918443e-175,2.6829281108665645e-177,4.5482502862348694e-179,7.710449110600274e-181,1.3071186004667152e-182,2.2159008005605642e-184,3.756519382534782e-186,6.368262454614253e-188,1.0795835868543936e-189,1.830170677342154e-191,3.1026080323827667e-193,5.259715239556546e-195,8.916564423375553e-197,1.511586036412682e-198,2.5625254716802763e-200,4.344136975883963e-202,7.3644247730611e-204,1.2484586130491442e-205,2.1164570981811055e-207,3.58793683797098e-209,6.08247186504871e-211
Cu81,3.0861228213971323e-06,5.474468137014136e-17,9.711149917751906e-28,1.7226592678003812e-38,3.055822408336913e-49,5.420718284711937e-60,9.615803144202432e-71,1.7057457195078544e-81,3.025819493167982e-92,5.367496163424008e-103,9.521392511820935e-114,1.688998233141322e-124,2.9961111549732077e-135,5.314796591740303e-146,9.427908829312753e-157,1.6724151782585583e-167,2.9666945015138587e-178,5.262614439123359e-189,9.335342995626023e-200,1.6559949404254876e-210,2.9375666689479927e-221,5.210944625408708e-232,9.243685999065446e-243,1.6397359210589734e-253,2.908724821551661e-264,5.159782120310362e-275,9.152928916415092e-286,1.623636537271235e-296,2.880166151442854e-307,5.109123e-318,0.0,0.0,0.0,0.0,0.0,0.0,0.0,0.0,0.0,0.0,0.0,0.0,0.0,0.0,0.0,0.0,0.0,0.0,0.0,0.0,0.0,0.0,0.0,0.0,0.0,0.0,0.0,0.0,0.0,0.0,0.0,0.0,0.0,0.0,0.0,0.0,0.0,0.0,0.0,0.0,0.0,0.0,0.0,0.0,0.0,0.0,0.0,0.0,0.0,0.0,0.0,0.0,0.0,0.0,0.0,0.0,0.0,0.0,0.0,0.0,0.0,0.0,0.0,0.0,0.0,0.0,0.0,0.0,0.0,0.0,0.0,0.0,0.0,0.0,0.0,0.0,0.0,0.0,0.0,0.0,0.0,0.0,0.0,0.0,0.0,0.0,0.0,0.0,0.0,0.0,0.0,0.0
Eu165,111755.80154128667,82799.71697748988,61304.98296253518,45373.65349861926,33575.70084057924,24842.722002412345,18380.08452197011,13598.210891950452,10060.240704782445,7442.70469795752,5506.186553641034,4073.5195956058633,3013.6167337710676,2229.491684905099,1649.3905156394576,1220.2280907097897,902.7312651887812,667.8453657363583,494.0755143114486,365.5196560028641,270.4133546666146,200.05321380447992,148.0004131324563,109.4914789276858,81.00236810823553,59.92597505765769,44.33354936795577,32.798191390670816,24.26427330388489,17.950836127571247,13.280122327754881,9.824703862484316,7.268367233557549,5.377176043273449,3.9780629226859023,2.9429917282739018,2.1772406523007417,1.6107340066529112,1.191629431246346,0.8815736773094028,0.6521928110754307,0.48249564814214874,0.3569528006483686,0.2640755463418698,0.195364468493001,0.14453165421133546,0.10692527269774954,0.07910387522978608,0.05852146006732856,0.043294481824859544,0.03202948378811115,0.023695579401618174,0.017530113407160333,0.012968869461234468,0.009594437365923747,0.007098014876608338,0.005251148479794418,0.003884827072949624,0.002874015359648177,0.0021262115745147234,0.001572982428372891,0.0011637006164518671,0.0008609117942476015,0.000636907042065901,0.0004711871563888331,0.0003485867193831758,0.0002578862757244813,0.00019078561376269395,0.0001411441935657551,0.00010441921161889417,7.72498781540865e-05,5.7149863346999426e-05,4.2279767407088565e-05,3.127879276182666e-05,2.3140214259392277e-05,1.7119251374179664e-05,1.266491158323652e-05,9.369567740159713e-06,6.9316551529376875e-06,5.128074687299134e-06,3.7937764384272916e-06,2.806655624656368e-06,2.0763784907369947e-06,1.5361156527078724e-06,1.1364263832537538e-06,8.407341740699068e-07,6.219795332674694e-07,4.6014370741096084e-07,3.404167181476256e-07,2.5184206613718354e-07,1.863140759401271e-07,1.3783612652905487e-07,1.0197188634657412e-07,7.543933413484857e-08,5.5810413424803e-08,4.128883535848409e-08,3.054569605647072e-08,2.2597865487687307e-08,1.6718018920096974e-08,1.2368077718004155e-08,9.149968496249539e-09,6.769194485290578e-09,5.007885436815462e-09,3.704859803151581e-09,2.7408746334534344e-09,2.0277133698603067e-09,1.5001129420975007e-09,1.1097913898962223e-09,8.210294668651275e-10,6.074018879565016e-10,4.493590892685083e-10,3.324382013160349e-10,2.4593951771208896e-10,1.819473397852771e-10,1.346055923135278e-10,9.958192026032455e-11,7.367122474106173e-11,5.450235686015821e-11,4.0321128279768905e-11,2.982978130514669e-11,2.2068228015319265e-11,1.6326190351656927e-11
Eu166,1250.5487169626656,221.0678694921093,39.079647405083286,6.908370921628416,1.2212389814088527,0.215886591300888,0.038163718169026646,0.00674645597815275,0.0011926161927820827,0.00021082674931727344,3.7269256024440084e-05,6.588335916164795e-06,1.1646642507637526e-06,2.0588549738014984e-07,3.639575783636727e-08,6.4339217931296825e-09,1.1373674323864772e-09,2.0106005603530258e-10,3.554273226207741e-11,6.2831267511032055e-12,1.1107103831899191e-12,1.9634771097197517e-13,3.470969947468497e-14,6.135865967874224e-15,1.0846781085839054e-15,1.917458114960695e-16,3.3896190893247043e-17,5.992056609252172e-18,1.0592559654139701e-18,1.8725176903913038e-19,3.3101748919186566e-20,5.851617782472824e-21,1.0344296537245802e-21,1.8286305570227576e-22,3.232592667889313e-23,5.7144704906961174e-24,1.0101852087154103e-24,1.7857720283425367e-25,3.1568287772356573e-26,5.580537588570427e-27,9.865089928861429e-28,1.7439179964282585e-28,3.0828406027691966e-29,5.449743738838308e-30,9.63387688365374e-31,1.7030449183869712e-31,3.0105865261417935e-32,5.322015369959285e-33,9.408082894193105e-34,1.6631298031122765e-34,2.940025904435345e-35,5.197280634725864e-36,9.187580951360454e-37,1.6241501983518326e-37,2.871119047300142e-38,5.075469369849477e-39,8.972247022812943e-40,1.5860841780779615e-40,2.803827194629045e-41,4.9565130564936297e-42,8.761959983215765e-43,1.5489103301542593e-43,2.7381124947549265e-44,4.84034478173206e-45,8.556601546109145e-46,1.5126077442912688e-46,2.673937983159108e-47,4.726899200910215e-48,8.356056197372212e-49,1.4771560002844422e-49,2.6112675616788163e-50,4.616112500888882e-51,8.160211130246301e-52,1.4425351565277756e-52,2.550065978201969e-53,4.507922364149299e-54,7.968956181881153e-55,1.4087257387966558e-55,2.4902988068378604e-56,4.4022679337395495e-57,7.782183771368314e-58,1.3757087292936092e-58,2.431932428552598e-59,4.299089779042529e-60,7.599788839226869e-61,1.3434655559507903e-61,2.3749340122583966e-62,4.1983298623462196e-63,7.421668788307489e-64,1.3119780819831936e-64,2.3192714963460904e-65,4.09993150619748e-66,7.247723426081532e-67,1.2812285956867125e-67,2.264913570650479e-68,4.0038393615209766e-69,7.077854908282747e-70,1.2511998004753052e-70,2.2118296588383583e-71,3.9099993764853287e-72,6.91196768386987e-73,1.2218748051516652e-73,2.1599899012093343e-74,3.818358766098954e-75,6.74996844127917e-76,1.193237114405923e-76,2.1093651378997405e-77,3.7288659825185096e-78,6.591766055936689e-79,1.1652706195370342e-79,2.0599268924802153e-80,3.641470686053232e-81,6.437271539000673e-82,1.137959589391635e-82,2.0116473559377103e-83,3.5561237168488594e-84,6.286397987305345e-85,1.1112886615152686e-85,1.9644993710329202e-86,3.4727770672352143e-87,6.139060534477876e-88,1.0852428335110045e-88
Eu167,55.88089244227254,1.746277888821021,0.05457118402565703,0.0017053495008017847,5.32921719000558e-05,1.6653803718767469e-06,5.204313662114843e-08,1.6263480194108912e-09,5.0823375606590415e-11,1.5882304877059529e-12,4.963220274081111e-14,1.5510063356503496e-15,4.846894798907356e-17,1.5146546246585514e-18,4.733295702057982e-20,1.4791549068931215e-21,4.622359084041014e-23,1.4444872137628186e-24,4.5140225430088166e-26,1.4106320446902577e-27,4.40822513965706e-29,1.377570356142834e-30,4.3049073629463655e-32,1.345283550920741e-33,4.204011096627321e-35,1.3137534676960394e-36,4.1054795865501294e-38,1.282962370796918e-39,4.009257408740376e-41,1.25289294023137e-42,3.915290438223036e-44,1.2235282619447008e-45,3.823525818577199e-47,1.1948518183053773e-48,3.73391193220431e-50,1.1668474788138486e-51,3.646398371293284e-53,1.139499491029154e-54,3.5609359094661106e-56,1.112792471708162e-57,3.4774764740880114e-59,1.0867113981525059e-60,3.3959731192265853e-62,1.0612415997583093e-63,3.3163799992447202e-65,1.0363687497639761e-66,3.2386523430124295e-68,1.0120788571913862e-69,3.1627464287230878e-71,9.883582589759667e-73,3.088619559299899e-74,9.651936122812196e-76,3.0162300383788126e-77,9.425718869933808e-79,2.945537146854318e-80,9.204803583919751e-82,2.8765011199749278e-83,8.989065999921662e-85,2.8090831249755254e-86,8.77838476554853e-88,2.74324523923392e-89,8.572641372606017e-91,2.678950428939385e-92,8.371720090435586e-94,2.6161625282611246e-95,8.175507900816027e-97,2.5548462190050133e-98,7.983894434390682e-100,2.4949670107470906e-101,7.796771908584678e-103,2.436491221432715e-104,7.614035066977254e-106,2.3793859584303954e-107,7.435581120094999e-109,2.323619100029691e-110,7.261309687592791e-112,2.2691592773727514e-113,7.0911227417898545e-115,2.2159758568093326e-116,6.924924552529173e-118,2.16403892266537e-119,6.76262163332929e-121,2.113319260415406e-122,6.604122688798146e-124,2.0637883402494244e-125,6.449338563279459e-127,2.0154183010248344e-128,6.298182190702622e-130,1.968181934594574e-131,6.1505685456080534e-133,1.922052670502519e-134,6.0064145953203784e-136,1.8770045610376218e-137,5.8656392532425794e-139,1.8330122666383096e-140,5.728163333244727e-142,1.790051041638981e-143,5.5939095051218256e-145,1.7480967203505743e-146,5.462802251095553e-148,1.7071257034673633e-149,5.33476782333552e-151,1.667114944792352e-152,5.20973420247611e-154,1.6280419382737874e-155,5.08763105710559e-157,1.589884705345501e-158,4.9683897042046954e-160,1.5526217825639703e-161,4.8519430705124176e-163,1.5162322095351324e-164,4.738225654797299e-166,1.4806955171241582e-167,4.6271734910130033e-169,1.4459917159415645e-170,4.518724112317394e-172,1.4121012850991876e-173,4.4128165159349703e-175,1.379005161229679e-176,4.309391128842755e-178,1.3466847277633641e-179,4.208389774260521e-181
F22,0.0,0.0,0.0,0.0,0.0,0.0,0.0,0.0,0.0,0.0,0.0,0.0,0.0,0.0,0.0,0.0,0.0,0.0,0.0,0.0,0.0,0.0,0.0,0.0,0.0,0.0,0.0,0.0,0.0,0.0,0.0,0.0,0.0,0.0,0.0,0.0,0.0,0.0,0.0,0.0,0.0,0.0,0.0,0.0,0.0,0.0,0.0,0.0,0.0,0.0,0.0,0.0,0.0,0.0,0.0,0.0,0.0,0.0,0.0,0.0,0.0,0.0,0.0,0.0,0.0,0.0,0.0,0.0,0.0,0.0,0.0,0.0,0.0,0.0,0.0,0.0,0.0,0.0,0.0,0.0,0.0,0.0,0.0,0.0,0.0,0.0,0.0,0.0,0.0,0.0,0.0,0.0,0.0,0.0,0.0,0.0,0.0,0.0,0.0,0.0,0.0,0.0,0.0,0.0,0.0,0.0,0.0,0.0,0.0,0.0,0.0,0.0,0.0,0.0,0.0,0.0,0.0,0.0,0.0,0.0,0.0,0.0
F23,0.0,0.0,0.0,0.0,0.0,0.0,0.0,0.0,0.0,0.0,0.0,0.0,0.0,0.0,0.0,0.0,0.0,0.0,0.0,0.0,0.0,0.0,0.0,0.0,0.0,0.0,0.0,0.0,0.0,0.0,0.0,0.0,0.0,0.0,0.0,0.0,0.0,0.0,0.0,0.0,0.0,0.0,0.0,0.0,0.0,0.0,0.0,0.0,0.0,0.0,0.0,0.0,0.0,0.0,0.0,0.0,0.0,0.0,0.0,0.0,0.0,0.0,0.0,0.0,0.0,0.0,0.0,0.0,0.0,0.0,0.0,0.0,0.0,0.0,0.0,0.0,0.0,0.0,0.0,0.0,0.0,0.0,0.0,0.0,0.0,0.0,0.0,0.0,0.0,0.0,0.0,0.0,0.0,0.0,0.0,0.0,0.0,0.0,0.0,0.0,0.0,0.0,0.0,0.0,0.0,0.0,0.0,0.0,0.0,0.0,0.0,0.0,0.0,0.0,0.0,0.0,0.0,0.0,0.0,0.0,0.0,0.0
F24,0.0,0.0,0.0,0.0,0.0,0.0,0.0,0.0,0.0,0.0,0.0,0.0,0.0,0.0,0.0,0.0,0.0,0.0,0.0,0.0,0.0,0.0,0.0,0.0,0.0,0.0,0.0,0.0,0.0,0.0,0.0,0.0,0.0,0.0,0.0,0.0,0.0,0.0,0.0,0.0,0.0,0.0,0.0,0.0,0.0,0.0,0.0,0.0,0.0,0.0,0.0,0.0,0.0,0.0,0.0,0.0,0.0,0.0,0.0,0.0,0.0,0.0,0.0,0.0,0.0,0.0,0.0,0.0,0.0,0.0,0.0,0.0,0.0,0.0,0.0,0.0,0.0,0.0,0.0,0.0,0.0,0.0,0.0,0.0,0.0,0.0,0.0,0.0,0.0,0.0,0.0,0.0,0.0,0.0,0.0,0.0,0.0,0.0,0.0,0.0,0.0,0.0,0.0,0.0,0.0,0.0,0.0,0.0,0.0,0.0,0.0,0.0,0.0,0.0,0.0,0.0,0.0,0.0,0.0,0.0,0.0,0.0
F25,0.0,0.0,0.0,0.0,0.0,0.0,0.0,0.0,0.0,0.0,0.0,0.0,0.0,0.0,0.0,0.0,0.0,0.0,0.0,0.0,0.0,0.0,0.0,0.0,0.0,0.0,0.0,0.0,0.0,0.0,0.0,0.0,0.0,0.0,0.0,0.0,0.0,0.0,0.0,0.0,0.0,0.0,0.0,0.0,0.0,0.0,0.0,0.0,0.0,0.0,0.0,0.0,0.0,0.0,0.0,0.0,0.0,0.0,0.0,0.0,0.0,0.0,0.0,0.0,0.0,0.0,0.0,0.0,0.0,0.0,0.0,0.0,0.0,0.0,0.0,0.0,0.0,0.0,0.0,0.0,0.0,0.0,0.0,0.0,0.0,0.0,0.0,0.0,0.0,0.0,0.0,0.0,0.0,0.0,0.0,0.0,0.0,0.0,0.0,0.0,0.0,0.0,0.0,0.0,0.0,0.0,0.0,0.0,0.0,0.0,0.0,0.0,0.0,0.0,0.0,0.0,0.0,0.0,0.0,0.0,0.0,0.0
F26,0.0,0.0,0.0,0.0,0.0,0.0,0.0,0.0,0.0,0.0,0.0,0.0,0.0,0.0,0.0,0.0,0.0,0.0,0.0,0.0,0.0,0.0,0.0,0.0,0.0,0.0,0.0,0.0,0.0,0.0,0.0,0.0,0.0,0.0,0.0,0.0,0.0,0.0,0.0,0.0,0.0,0.0,0.0,0.0,0.0,0.0,0.0,0.0,0.0,0.0,0.0,0.0,0.0,0.0,0.0,0.0,0.0,0.0,0.0,0.0,0.0,0.0,0.0,0.0,0.0,0.0,0.0,0.0,0.0,0.0,0.0,0.0,0.0,0.0,0.0,0.0,0.0,0.0,0.0,0.0,0.0,0.0,0.0,0.0,0.0,0.0,0.0,0.0,0.0,0.0,0.0,0.0,0.0,0.0,0.0,0.0,0.0,0.0,0.0,0.0,0.0,0.0,0.0,0.0,0.0,0.0,0.0,0.0,0.0,0.0,0.0,0.0,0.0,0.0,0.0,0.0,0.0,0.0,0.0,0.0,0.0,0.0
F27,0.0,0.0,0.0,0.0,0.0,0.0,0.0,0.0,0.0,0.0,0.0,0.0,0.0,0.0,0.0,0.0,0.0,0.0,0.0,0.0,0.0,0.0,0.0,0.0,0.0,0.0,0.0,0.0,0.0,0.0,0.0,0.0,0.0,0.0,0.0,0.0,0.0,0.0,0.0,0.0,0.0,0.0,0.0,0.0,0.0,0.0,0.0,0.0,0.0,0.0,0.0,0.0,0.0,0.0,0.0,0.0,0.0,0.0,0.0,0.0,0.0,0.0,0.0,0.0,0.0,0.0,0.0,0.0,0.0,0.0,0.0,0.0,0.0,0.0,0.0,0.0,0.0,0.0,0.0,0.0,0.0,0.0,0.0,0.0,0.0,0.0,0.0,0.0,0.0,0.0,0.0,0.0,0.0,0.0,0.0,0.0,0.0,0.0,0.0,0.0,0.0,0.0,0.0,0.0,0.0,0.0,0.0,0.0,0.0,0.0,0.0,0.0,0.0,0.0,0.0,0.0,0.0,0.0,0.0,0.0,0.0,0.0
F29,0.0,0.0,0.0,0.0,0.0,0.0,0.0,0.0,0.0,0.0,0.0,0.0,0.0,0.0,0.0,0.0,0.0,0.0,0.0,0.0,0.0,0.0,0.0,0.0,0.0,0.0,0.0,0.0,0.0,0.0,0.0,0.0,0.0,0.0,0.0,0.0,0.0,0.0,0.0,0.0,0.0,0.0,0.0,0.0,0.0,0.0,0.0,0.0,0.0,0.0,0.0,0.0,0.0,0.0,0.0,0.0,0.0,0.0,0.0,0.0,0.0,0.0,0.0,0.0,0.0,0.0,0.0,0.0,0.0,0.0,0.0,0.0,0.0,0.0,0.0,0.0,0.0,0.0,0.0,0.0,0.0,0.0,0.0,0.0,0.0,0.0,0.0,0.0,0.0,0.0,0.0,0.0,0.0,0.0,0.0,0.0,0.0,0.0,0.0,0.0,0.0,0.0,0.0,0.0,0.0,0.0,0.0,0.0,0.0,0.0,0.0,0.0,0.0,0.0,0.0,0.0,0.0,0.0,0.0,0.0,0.0,0.0
Fe65,79.41140507534088,36.64406227565783,15.572675761587822,6.617916319021026,2.8124143254872824,1.195191047591863,0.5079200554833735,0.21585066528236718,0.09173000593272636,0.03898247882354518,0.016566374762284734,0.007040208346081411,0.0029918756678783925,0.0012714566916226413,0.0005403306481042247,0.00022962418712676213,9.758333623795423e-05,4.146996721243835e-05,1.7623482111813952e-05,7.489447005211763e-06,3.1827885140970004e-06,1.3525888785137838e-06,5.748093742880141e-07,2.4427660319995115e-07,1.0381017001474231e-07,4.411618328288532e-08,1.87480439264548e-08,7.967351772351477e-09,3.3858835894244593e-09,1.4388981444144671e-09,6.114882025082658e-10,2.598639961127678e-10,1.1043434067688938e-10,4.6931255515084663e-11,1.9944364504030493e-11,8.475751843923668e-12,3.601938247030024e-12,1.5307148409163087e-12,6.50507522202368e-13,2.7644602713105876e-13,1.1748120245836546e-13,4.9925958691821665e-14,2.1217022801420883e-14,9.016593138145475e-15,3.831779443316031e-15,1.6283903994851e-15,6.920166811168272e-16,2.940861645311674e-16,1.2497772745748604e-16,5.311175513930817e-17,2.2570889960672436e-17,9.591945743094867e-18,4.076286903121058e-18,1.7322986765764422e-18,7.361745569407418e-19,3.1285192652687596e-19,1.3295260887351792e-19,5.650083859961827e-20,2.4011147953456792e-20,1.0204011840041737e-20,4.3363964868960795e-21,1.842837384583802e-21,7.831501654154567e-22,3.32815139697621e-22,1.414363708308562e-22,6.010618090264263e-23,2.5543309415240127e-23,1.085513413237021e-23,4.613103772741544e-24,1.9604296140959446e-24,8.331233072479387e-25,3.5405221390711634e-25,1.5046148521112625e-25,6.39415816161994e-26,2.7173238745078904e-26,1.1547804812353736e-26,4.9074678670156816e-27,2.0855254532902565e-27,8.86285256303978e-28,3.766444347646542e-28,1.6006249594039345e-28,6.802172086433999e-29,2.8907174551802877e-29,1.2284675100104256e-29,5.2206154580994635e-30,2.2186037106602666e-30,9.428394917152927e-31,4.00678274748489e-31,1.7027615120719258e-31,7.23622155160137e-32,3.075175353249837e-32,1.306856539120543e-32,5.553745128833868e-33,2.3601737476710802e-33,1.0030024767026698e-33,4.262457241821206e-34,1.8114154411744234e-34,7.697967895915292e-35,3.271403587468724e-35,1.3902476051870767e-35,5.908131944135682e-36,2.5107774283574e-36,1.0670044870961711e-36,4.534446433303295e-37,1.927002623246116e-37,8.189178468897003e-38,3.480153227943015e-38,1.4789598902945233e-38,6.285132331350913e-39,2.6709911933261323e-39,1.1350904927235395e-39,4.823791369626012e-40,2.0499654720785094e-40,8.711733395384962e-41,3.7022232708785313e-41,1.5733329436706044e-41,6.686189272025744e-42,2.8414282661020606e-42,1.2075210950403788e-42,5.131599528175957e-43,2.1807746320734152e-43,9.267632771775153e-44
Fe65_m1,0.0,0.0,0.0,0.0,0.0,0.0,0.0,0.0,0.0,0.0,0.0,0.0,0.0,0.0,0.0,0.0,0.0,0.0,0.0,0.0,0.0,0.0,0.0,0.0,0.0,0.0,0.0,0.0,0.0,0.0,0.0,0.0,0.0,0.0,0.0,0.0,0.0,0.0,0.0,0.0,0.0,0.0,0.0,0.0,0.0,0.0,0.0,0.0,0.0,0.0,0.0,0.0,0.0,0.0,0.0,0.0,0.0,0.0,0.0,0.0,0.0,0.0,0.0,0.0,0.0,0.0,0.0,0.0,0.0,0.0,0.0,0.0,0.0,0.0,0.0,0.0,0.0,0.0,0.0,0.0,0.0,0.0,0.0,0.0,0.0,0.0,0.0,0.0,0.0,0.0,0.0,0.0,0.0,0.0,0.0,0.0,0.0,0.0,0.0,0.0,0.0,0.0,0.0,0.0,0.0,0.0,0.0,0.0,0.0,0.0,0.0,0.0,0.0,0.0,0.0,0.0,0.0,0.0,0.0,0.0,0.0,0.0
Fe66,20989.707663288606,4356.031573505968,901.4301019754141,186.54043087913809,38.60236337283316,7.988308223291976,1.653087083140182,0.3420870637511249,0.07079092225653949,0.014649354520980287,0.0030315128132341993,0.000627336168541859,0.00012981989277522358,2.6864710509746424e-05,5.559338059399637e-06,1.1504400781641263e-06,2.380701370028235e-07,4.92658341866783e-08,1.0194988958571054e-08,2.109733887211654e-09,4.365847862058946e-10,9.034612218243447e-11,1.8696074740345973e-11,3.868934296823231e-12,8.006307634635656e-13,1.6568118510841154e-13,3.428578609717252e-14,7.095042973840899e-15,1.46823627313012e-15,3.0383434768232676e-16,6.287496945892688e-17,1.3011240548070997e-17,2.692524259759001e-18,5.571864467962334e-19,1.1530322721073636e-19,2.3860656126247642e-20,4.937684092176268e-21,1.0217960505834893e-21,2.1144875806095725e-22,4.375685075313175e-23,9.054969182083735e-24,1.8738201099314223e-24,3.8776518547746265e-25,8.024347602602787e-26,1.6605450117475666e-26,3.436303949676023e-27,7.111029662563635e-28,1.4715445316363057e-28,3.045189531396272e-29,6.301664056210384e-30,1.3040557728150908e-30,2.6985911077510297e-31,5.584419101272248e-32,1.1556303068323723e-32,2.3914419420369667e-33,4.948809777938001e-34,1.02409838130355e-34,2.1192519851218462e-35,4.385544453967506e-36,9.075372014630609e-37,1.878042237821327e-37,3.8863890552970295e-38,8.042428218576365e-39,1.6642865840411834e-39,3.444046696520942e-40,7.127052372804137e-41,1.4748602443748605e-41,3.0520510116325095e-42,6.315863088136412e-43,1.3069940966270792e-43,2.704671625682872e-44,5.5970020229259517e-45,1.1582341954997186e-45,2.396830385499092e-46,4.959960532311121e-47,1.0264058996799352e-47,2.124027124882964e-48,4.3954260479654426e-49,9.095820819236311e-50,1.8822738790918493e-50,3.895145942649456e-51,8.060549574145248e-52,1.6680365869182111e-52,3.4518068894735347e-53,7.143111185726754e-54,1.4781834281417985e-54,3.0589279522893672e-55,6.330094113597126e-56,1.3099390411273876e-56,2.710765844355898e-57,5.6096132966632815e-58,1.160843951299619e-58,2.4022309703067555e-59,4.9711364117807167e-60,1.0287186174015739e-60,2.1288130240817995e-61,4.4053299073630295e-62,9.116315699485994e-63,1.8865150551787304e-63,3.903922561190671e-64,8.078711761104721e-65,1.6717950393746058e-65,3.459584567843713e-66,7.159206182678774e-67,1.4815140997709922e-67,3.0658203882025767e-68,6.344357204681017e-69,1.312890621233885e-69,2.716873794640885e-70,5.622252986367704e-71,1.1634595874520084e-71,2.4076437238170705e-72,4.982337472959147e-73,1.0310365461837324e-73,2.133609706961729e-74,4.4152560823291013e-75,9.136856759198181e-76,1.8907657875659977e-76,3.912718955379352e-77,8.096914871456823e-78,1.6755619604491218e-78,3.467379771029958e-79
Fe67,35935.54337099133,6797.21869103024,1284.4034001644034,242.70104669925414,45.86082383569963,8.665867706352739,1.6375035776297815,0.30942290577372294,0.05846859568761226,0.011048234044384002,0.0020876758551146,0.0003944875224872628,7.454241759652674e-05,1.4085545687479617e-05,2.6616066893344265e-06,5.029375734450052e-07,9.503515444124585e-08,1.7957856116826852e-08,3.393319011356236e-09,6.412020364748465e-10,1.2116162677412607e-10,2.2894717994440585e-11,4.326189124401042e-12,8.174773039192067e-13,1.5447062604216049e-13,2.918879116944299e-14,5.515518074619668e-15,1.0422130692175832e-15,1.9693672778378798e-16,3.7213191712614064e-17,7.031809927095612e-18,1.328731790400007e-18,2.510773455375286e-19,4.7443610439390324e-20,8.964951285054042e-21,1.6940184526231623e-21,3.2010196448161434e-22,6.048651211934723e-23,1.1429539816442074e-23,2.1597274473006046e-24,4.081024014557024e-25,7.711508703659597e-26,1.4571677665825412e-26,2.7534662561678665e-27,5.202953700819202e-28,9.831508612908839e-29,1.8577632468742103e-29,3.510432037769917e-30,6.6333173037715195e-31,1.2534325683874282e-31,2.3684879398141073e-32,4.4754981341053986e-33,8.456907553412737e-34,1.59801843781274e-34,3.0196178821405625e-35,5.7058741866728985e-36,1.0781827868584792e-36,2.0373357067582995e-37,3.849752409910398e-38,7.274497555040968e-39,1.3745900786260876e-39,2.59742734114732e-40,4.908102348070881e-41,9.274357083073689e-42,1.7524838156271648e-42,3.3114958767764982e-43,6.257407254847219e-44,1.1824005528018138e-44,2.2342657435042875e-45,4.221871683642124e-46,7.977654656774706e-47,1.5074587432239438e-47,2.8484961561886375e-48,5.3825223332271665e-49,1.017082175264506e-49,1.9218799053650314e-50,3.6315869656110386e-51,6.862251825402718e-52,1.2966920677148006e-52,2.4502311504369907e-53,4.6299602195856436e-54,8.748779326849386e-55,1.653170569071482e-55,3.12383342674655e-56,5.902800025976716e-57,1.1153939210823892e-57,2.1076499181957127e-58,3.98261824249468e-59,7.525561018705468e-60,1.4220310659448028e-60,2.6870718973453487e-61,5.077494827235655e-62,9.594441349364233e-63,1.8129669834938444e-63,3.4257849556363884e-64,6.473368058610571e-65,1.2232085365806388e-65,2.3113765669071167e-66,4.3675804037320325e-67,8.252986058688643e-68,1.5594854035591103e-68,2.946805806552344e-69,5.568288386484696e-70,1.0521845547513713e-70,1.9882094108927035e-71,3.756923292317656e-72,7.099087524196742e-73,1.3414445745874084e-73,2.5347955502120717e-74,4.789753228046067e-75,9.050724419828768e-76,1.7102261562043244e-76,3.2316457442428175e-77,6.106522332380349e-78,1.153889316683038e-78,2.1803908717324545e-79,4.120069650354619e-80,7.78528939184449e-81,1.4711093757735262e-81,2.7798103404554886e-82,5.252733519450336e-83,9.925572628036248e-84
Fe68,9155.105486306978,224.8920993291237,5.523166371637432,0.13564445731878694,0.003331317140072572,8.181442948059364e-05,2.0092955998446945e-06,4.934665966854774e-08,1.2119136779235927e-09,2.976361059904574e-11,7.309699791567817e-13,1.7952025969779256e-14,4.4088710290317624e-16,1.0827827334562733e-17,2.6592260017379456e-19,6.530841977639222e-21,1.603921475986598e-22,3.9391002108750446e-24,9.674108554330178e-26,2.3758820875535504e-27,5.83497245483272e-29,1.4330216018301957e-30,3.5193840711470015e-32,8.643319978166603e-34,2.122728827962964e-35,5.21324871513181e-37,1.2803313267245863e-38,3.1443892201695826e-40,7.722363236407416e-42,1.8965493703034834e-43,4.6577704310007087e-45,1.14391039472033e-46,2.809350547721364e-48,6.899535607342678e-50,1.6944696216568723e-51,4.16147906485524e-53,1.0220252866082544e-54,2.5100106721383187e-56,6.16438130915162e-58,1.513921727362433e-59,3.718068175272382e-61,9.13127191856718e-63,2.2425658411899645e-64,5.507558636870807e-66,1.3526114409410008e-67,3.3219032801872744e-69,8.1583232766699e-71,2.0036175972860245e-72,4.920721256087402e-74,1.2084889707950488e-75,2.9679502587686047e-77,7.289043550583237e-79,1.790129592816784e-80,4.3964121449404267e-82,1.0797229332300024e-83,2.651711382165234e-85,6.512386685415334e-87,1.599389006873908e-88,3.9279688367367965e-90,9.646770808142605e-92,2.369168160258195e-93,5.818483597478483e-95,1.4289720730687436e-96,3.5094387590871524e-98,8.618895103620882e-100,2.116730278163978e-101,5.1985167665097e-103,1.2767132804054384e-104,3.135503593764497e-106,7.700540863323655e-108,1.891189973618358e-109,4.644608190249766e-111,1.140677855840225e-112,2.8014116961161443e-114,6.880038435878598e-116,1.6896812755080433e-117,4.1497192776044387e-119,1.0191371788590274e-120,2.5029177152733235e-122,6.146961586115967e-124,1.5096435855886332e-125,3.707561408316746e-127,9.105468156631077e-129,2.2362286479042816e-130,5.4919950074901163e-132,1.348789140616867e-133,3.312516022619963e-135,8.135268938401757e-137,1.9979556400086093e-138,4.906815951220961e-140,1.2050739414340889e-141,2.9595632254397884e-143,7.268445681392766e-145,1.7850709242917643e-146,4.3839884680011356e-148,1.0766717795928638e-149,2.64421799790958e-151,6.493983545396615e-153,1.594869345917072e-154,3.916868918383743e-156,9.619510314795633e-158,2.362473205629849e-159,5.802041335445616e-161,1.424933987737847e-162,3.499521551158576e-164,8.594539250527313e-166,2.110748679470196e-167,5.1838264484181945e-169,1.273105458204762e-170,3.126643076959743e-172,7.678780157368532e-174,1.8858457218766134e-175,4.631483144243428e-177,1.1374544516857603e-178,2.7934952786513946e-180,6.860596360832132e-182,1.6849064605896105e-183,4.137992721950882e-185,1.0162572325188031e-186,2.4958448021625958e-188,6.129591088904539e-190,1.505377533275414e-191
Fe69,1659.8008565150658,2.8731281728419855,0.004972925135234307,8.607337686638322e-06,1.4897924267330367e-08,2.5785923075802445e-11,4.463130681428484e-14,7.724965059792956e-17,1.3370678439539255e-19,2.3142504923944786e-22,4.005597296925678e-25,6.933047981567999e-28,1.1999996692532205e-30,2.0770074143957754e-33,3.5949674903991205e-36,6.22231349173408e-39,1.0769829015927335e-41,1.8640850736047646e-44,3.226432988394925e-47,5.584439238318891e-50,9.665770750127981e-53,1.6729902539355837e-55,2.895678432810327e-58,5.011956026951087e-61,8.674893914830186e-64,1.5014853288594552e-66,2.598830850168751e-69,4.498160360260852e-72,7.785595828719751e-75,1.3475620598964883e-77,2.33241430100164e-80,4.037035943216485e-83,6.98746324776987e-86,1.2094180811289463e-88,2.0933091783036682e-91,3.623183235263025e-94,6.271150431265486e-97,1.0854357943811345e-99,1.8787156784661187e-102,3.2517562243530115e-105,5.628269707767418e-108,9.741634279388534e-111,1.6861210169510822e-113,2.918405682524352e-116,5.051293259597349e-119,8.742980370153088e-122,1.5132700048180402e-124,2.619228238575921e-127,4.5334649757882655e-130,7.8467024690728e-133,1.3581386415684704e-135,2.3507206715070094e-138,4.068721341341628e-141,7.042305601913981e-144,1.2189104150935994e-146,2.1097388895191506e-149,3.651620436443402e-152,6.320370676245274e-155,1.093955031209343e-157,1.8934611142446113e-160,3.2772782142544634e-163,5.672444188489094e-166,9.818093237117325e-169,1.699354839106925e-171,2.9413113111197254e-174,5.090939237544654e-177,8.81160121418945e-180,1.525147174912122e-182,2.63978571953156e-185,4.569046685900507e-188,7.908288715814016e-191,1.3687982354320194e-193,2.369170722833119e-196,4.100655427976965e-199,7.0975783960763585e-202,1.228477251337902e-204,2.1262975522595266e-207,3.680280832079716e-210,6.36997723511473e-213,1.1025411327904062e-215,1.9083222822111997e-218,3.3030005180550914e-221,5.716965380517829e-224,9.895152296641041e-227,1.7126925292811835e-229,2.96439671863495e-232,5.130896384035624e-235,8.880760641184529e-238,1.53711756509844e-240,2.6605045495506255e-243,4.604907665423937e-246,7.970358333219832e-249,1.3795414930231505e-251,2.387765582684566e-254,4.132840154998718e-257,7.153285008642418e-260,1.2381191746063122e-262,2.142986178623888e-265,3.7091661739535427e-268,6.419973139927464e-271,1.1111946239242919e-273,1.923300090710659e-276,3.328924707954363e-279,5.761836005079336e-282,9.972816167965946e-285,1.726134902700578e-287,2.9876633160970417e-290,5.171167141332249e-293,8.950462878303053e-296,1.5491819070315703e-298,2.6813859950101153e-301,4.641050106254486e-304,8.032915115111387e-307,1.390369070991595e-309,2.406506387616e-312,4.16527749e-315,7.20943e-318,1.248e-320,2e-323,0.0,0.0,0.0
Fe70,379.89009736109426,0.23834783449994731,0.00014954243505014382,9.382480830020473e-08,5.886686711780742e-11,3.69338142762615e-14,2.317274052080021e-17,1.4538869428102003e-20,9.121869899577159e-24,5.7231761297738186e-27,3.59079282789718e-30,2.252908671777571e-33,1.4135032920690437e-36,8.868497785636318e-40,5.564207272464884e-43,3.4910537634790284e-46,2.190331125839278e-49,1.374241351138439e-52,8.622163420405958e-56,5.409653987387363e-59,3.394085084724382e-62,2.1294917547789603e-65,1.3360699630309426e-68,8.382671321020414e-72,5.259393626127853e-75,3.2998098404730384e-78,2.0703422784689648e-81,1.298958836186029e-84,8.149831434411564e-88,5.11330694699633e-91,3.208153216985979e-94,2.0128357578266206e-97,1.262878520431706e-100,7.923458986489007e-104,4.9712780203999425e-107,3.119042478575699e-110,1.9569265575649655e-113,1.2278003836138277e-116,7.703374335509356e-120,4.833194136845021e-123,3.0324069098854855e-126,1.902570309978033e-129,1.193696588874546e-132,7.489402829518452e-136,4.6989457174945445e-139,2.9481777597720712e-142,1.849723879732128e-145,1.1605400725619048e-148,7.281374667753333e-152,4.568426227209991e-155,2.86628818674698e-158,1.798345329635037e-161,1.1283045227530127e-164,7.079124765893901e-168,4.441532090008508e-171,2.7866732059332973e-174,1.748393887356036e-177,1.0969643583737546e-180,6.882492625057442e-184,4.318162606868466e-187,2.7092696374958254e-190,1.6998299130703264e-193,1.066494708898507e-196,6.691322204431958e-200,4.19821987581797e-203,2.6340160565036314e-206,1.6526148680021554e-209,1.036871394613694e-212,6.50546179744732e-216,4.081608714243106e-219,2.5608527441852442e-222,1.6067112838417222e-225,1.008070907429566e-228,6.324763911385927e-232,3.968236583354116e-235,2.4897216405377854e-238,1.5620827330115375e-241,9.800703922249416e-245,6.149085150337279e-248,3.858013514749677e-251,2.4205662982524717e-254,1.5186937997587195e-257,9.528476287101515e-261,5.9782861014037385e-264,3.750852039020912e-267,2.3533318379198776e-270,1.476510052050197e-273,9.263810137937284e-277,5.812231224067015e-280,3.646667116338546e-283,2.2879649044794364e-286,1.435498014248585e-289,9.006495444389151e-293,5.650788742627652e-296,3.545376068968088e-299,2.2244136248786093e-302,1.3956251405470108e-305,8.75632800996333e-309,5.493830541633e-312,3.446898513e-315,2.16263e-318,1.36e-321,0.0,0.0,0.0,0.0,0.0,0.0,0.0,0.0,0.0,0.0,0.0,0.0,0.0,0.0,0.0,0.0,0.0,0.0,0.0,0.0
Fe71,17.18336404882164,3.0481540890003064e-10,5.40711546580219e-21,9.591673126375969e-32,1.7014652996612855e-42,3.018226463525537e-53,5.35402690077744e-64,9.497499409227462e-75,1.6847598396485094e-85,2.988592675809758e-96,5.30145957406436e-107,9.404250315852604e-118,1.6682183984930637e-128,2.9592498408720395e-139,5.249408368000087e-150,9.311916768037729e-161,1.6518393658121423e-171,2.9301951020570014e-182,5.197868215168388e-193,9.220489776701632e-204,1.6356211470341254e-214,2.9014256307567044e-225,5.146834097906352e-236,9.129960441020436e-247,1.619562163243343e-257,2.8729386261352666e-268,5.096301047815874e-279,9.040319947561014e-290,1.6036608510263645e-300,2.8447313148564e-311,5.04e-322,0.0,0.0,0.0,0.0,0.0,0.0,0.0,0.0,0.0,0.0,0.0,0.0,0.0,0.0,0.0,0.0,0.0,0.0,0.0,0.0,0.0,0.0,0.0,0.0,0.0,0.0,0.0,0.0,0.0,0.0,0.0,0.0,0.0,0.0,0.0,0.0,0.0,0.0,0.0,0.0,0.0,0.0,0.0,0.0,0.0,0.0,0.0,0.0,0.0,0.0,0.0,0.0,0.0,0.0,0.0,0.0,0.0,0.0,0.0,0.0,0.0,0.0,0.0,0.0,0.0,0.0,0.0,0.0,0.0,0.0,0.0,0.0,0.0,0.0,0.0,0.0,0.0,0.0,0.0,0.0,0.0,0.0,0.0,0.0,0.0,0.0,0.0,0.0,0.0,0.0,0.0
Fe72,1.3377727528338317e-05,2.8009752563046245e-52,5.864570323929493e-99,1.2279003538820975e-145,2.5709288077110757e-192,5.382908241227977e-239,1.1270518672696133e-285,0.0,0.0,0.0,0.0,0.0,0.0,0.0,0.0,0.0,0.0,0.0,0.0,0.0,0.0,0.0,0.0,0.0,0.0,0.0,0.0,0.0,0.0,0.0,0.0,0.0,0.0,0.0,0.0,0.0,0.0,0.0,0.0,0.0,0.0,0.0,0.0,0.0,0.0,0.0,0.0,0.0,0.0,0.0,0.0,0.0,0.0,0.0,0.0,0.0,0.0,0.0,0.0,0.0,0.0,0.0,0.0,0.0,0.0,0.0,0.0,0.0,0.0,0.0,0.0,0.0,0.0,0.0,0.0,0.0,0.0,0.0,0.0,0.0,0.0,0.0,0.0,0.0,0.0,0.0,0.0,0.0,0.0,0.0,0.0,0.0,0.0,0.0,0.0,0.0,0.0,0.0,0.0,0.0,0.0,0.0,0.0,0.0,0.0,0.0,0.0,0.0,0.0,0.0,0.0,0.0,0.0,0.0,0.0,0.0,0.0,0.0,0.0,0.0,0.0,0.0
Ga79,66508742575.6808,53019266037.10752,42001698332.98348,33144349642.10173,26091143030.430252,20507355960.867252,16102921796.771463,12636672369.78471,9912688658.926376,7773968062.862126,6095731117.419629,4779313349.151224,3746948010.8880444,2937462476.4131956,2302798114.961804,1805229134.5733612,1415155976.4150634,1109362369.0685492,869642458.5477014,681721336.3768338,534407205.20318544,418925944.14796185,328399065.8457519,257434282.11405912,201804445.3744415,158195818.77387735,124010718.6185669,97212792.1155767,76205723.43350494,59738147.538149536,46829110.0150066,36709633.79083302,28776912.53862868,22558402.410388738,17683673.22646549,13862342.399161413,10866777.173518835,8518534.793666145,6677732.858331283,5234716.672950834,4103527.2332768454,3216780.736035364,2521654.5948563134,1976740.852806045,1549579.5526469718,1214725.130268996,952230.648350691,746459.5776084332,585154.3446596239,458706.16084788734,359582.6364781726,281879.0840249865,220966.78190277683,173217.24622929067,135786.0857314286,106443.56425024994,83441.77762591666,65410.53282473074,51275.72693377091,40195.36394286156,31509.397898656764,24700.414638543993,19362.80995524835,15178.628166752213,11898.621819715518,9327.404272194075,7311.810710109979,5731.774275063442,4493.173803699969,3522.22712574148,2761.0959351479137,2164.4404210547455,1696.71842135564,1330.0682122563085,1042.6488137266972,817.3389445354233,640.7171249411595,502.26217279565003,393.72646742441054,308.6446472519382,241.94847478868584,189.66492687879852,148.67952575174556,116.55081274931815,91.36491311660743,71.62152842948797,56.14456534347137,44.01207690939893,34.50134313140771,27.045819271867444,21.201387357602037,16.619900523947063,13.028444260127767,10.213079169438052,8.006096816979932,6.276029508775755,4.919818894955887,3.856676888679335,3.0232732019715263,2.369962824883963,1.8578287227463315,1.4563635879943624,1.1416525508877144,0.8949485950437478,0.7015558167395125,0.5499540048744198,0.43111239371237775,0.33795170935223234,0.26492246458192376,0.20767438156973764,0.162797250238611,0.12761778552042127,0.10004038248352178,0.07842228327843738,0.061475719723647515,0.04819120226482351,0.037777385708845784,0.02961392959553989,0.02321454514742248,0.018198027541839027,0.014265547927407966,0.011182852493287756
Ga80,24974927853.900555,16607005953.35295,11007289904.338755,7285963727.6154995,4820034577.583144,3187949336.112284,2108288301.4551198,1394218093.309999,921985185.8051993,609696967.6642805,403183558.0682776,266618966.59627295,176310849.43735462,116591513.01569608,77100074.57742876,50985025.53060179,33715567.72266202,22295556.141081892,14743688.32528957,9749761.064327653,6447358.263843315,4263533.05473965,2819404.997111845,1864426.623503724,1232914.972462771,815306.5989029818,539148.9803105699,356530.44310044346,235767.77755216268,155909.39289359612,103100.34324800657,68178.57847160548,45085.38396644644,29814.230407406547,19715.66517981644,13037.648403832742,8621.584630884117,5701.3135532666665,3770.1858329179263,2493.162511048126,1648.6877787891551,1090.2503867611897,720.9648310160338,476.7623051307698,315.2751504858775,208.48632420012518,137.8686119457638,91.17026851893709,60.28941428006079,39.86840812559206,26.36432921847872,17.43430168946601,11.529019869251062,7.623953142092085,5.041596091601814,3.3339254160053557,2.204670599852638,1.4579127746890121,0.9640939824495712,0.6375396547257368,0.42159459424804846,0.2787936414333937,0.18436169619850726,0.12191538820770054,0.08062066138635735,0.053313130835465336,0.03525510546060118,0.02331362727268842,0.015416922159465675,0.010194959629875535,0.0067417608248723365,0.004458216674697928,0.002948146105276735,0.0019495610223222901,0.0012892129643627573,0.0008525355443868966,0.0005637678758546452,0.00037281051791715047,0.0002465335259816911,0.00016302860705896702,0.00010780816367166603,7.129178347241142e-05,4.7144095749151325e-05,3.1175622992588444e-05,2.0615931932335455e-05,1.3632980150540398e-05,9.01526782272285e-06,5.961649838696523e-06,3.9423419800850546e-06,2.6070065683930067e-06,1.7239710004806963e-06,1.140033955622306e-06,7.538858946057978e-07,4.985324685134875e-07,3.296714051031668e-07,2.1800633300126975e-07,1.441640387760884e-07,9.53333317895516e-08,6.304238024444261e-08,4.168889969835784e-08,2.7568190657156377e-08,1.8230395659477206e-08,1.2055463850864368e-08,7.972081976396631e-09,5.271808022039002e-09,3.486160817653396e-09,2.3053413925041197e-09,1.5244847309052713e-09,1.0081169332750636e-09,6.666513153939027e-10,4.408456614974449e-10,2.915240587896952e-10,1.9278011393951361e-10,1.2748235080433624e-10,8.430200311894703e-11,5.57475421893869e-11,3.6864942055676886e-11,2.437818600417403e-11,1.612089751711926e-11,1.0660487072867717e-11,7.04960654393439e-12,4.66179003685184e-12
Ga81,12419909329.275942,7027049454.042127,3975748136.070195,2249389782.1379905,1272654659.9062755,720039673.0892504,407382416.5784628,230487901.62529832,130404923.31951495,73780202.37094323,41743195.91109124,23617370.90542311,13362182.657799883,7560025.46157282,4277294.095083107,2419997.7723390646,1369180.8624658617,774652.0495061455,438280.8833037087,247969.56619677175,140295.65993460442,79376.16094737688,44909.264689162475,25408.66213293355,14375.655354280781,8133.4257500004,4601.71121249583,2603.54575477729,1473.0282245465862,833.4065749869935,471.5228857514566,266.7771511052105,150.93657275699374,85.39655252050663,48.31546820748749,27.335816250289138,15.465996249080517,8.750316353697421,4.950734182050299,2.801015180549981,1.5847520293287536,0.8966174163927532,0.5072861725372447,0.2870112225600167,0.1623845599090272,0.09187356878121544,0.05198001980807475,0.02940913796090916,0.016639035513977097,0.009413995854057057,0.005326229267661474,0.0030134619402310352,0.0017049496761914755,0.0009646225689920459,0.0005457619738591717,0.00030877997434985895,0.0001747008350275835,9.884184304243204e-05,5.592251424832762e-05,3.163971354228868e-05,1.7901045517960102e-05,1.0128013017810005e-05,5.730204282538355e-06,3.242022009833563e-06,1.8342638750724007e-06,1.037785663758754e-06,5.871560240266344e-07,3.3219980636667157e-07,1.8795125458007422e-07,1.0633863542723591e-07,6.016403247635152e-08,3.4039470125534295e-08,1.9258774366272447e-08,1.0896185772667668e-08,6.164819325180397e-09,3.487917524997653e-09,1.973386083107922e-09,1.116497911746536e-09,6.31689661544148e-10,3.573959470085847e-10,2.0220667000616422e-10,1.1440403210280293e-10,6.472725435308432e-11,3.662123947103628e-11,2.0719481983265686e-11,1.1722621622198284e-11,6.63239832965995e-12,3.7524633158830134e-12,2.123060201929955e-12,1.201180195937025e-12,6.796010126324778e-13,3.845031227898328e-13,2.175433065681516e-13,1.2308115962551585e-13,6.963657992398806e-14,3.939882658129165e-14,2.229097893200778e-14,1.2611739609096884e-14,7.13544149195141e-15,4.037073937709357e-15,2.284086555389152e-15,1.2922853217470774e-15,7.311462645155413e-16,4.1366627873813697e-16,2.340431709357666e-16,1.324164155433696e-16,7.491825988875611e-17,4.238708351775987e-17,2.3981668178216682e-17,1.3568293944288945e-17,7.676638638752016e-18,4.343271234537567e-18,2.457326168973898e-18,1.3903004382287564e-18,7.866010352814513e-19,4.45041353431585e-19,2.5179448968478544e-19,1.4245971648872387e-19,8.060053596666884e-20,4.560198881645602e-20,2.5800590021834856e-20,1.4597399428215047e-20
Ga82,4684020707.3223915,1472690341.9326143,462974625.5051291,145546893.08328262,45756067.220927596,14384489.034252806,4522100.288416013,1421627.9055722773,446921.9550656483,140500.36098531453,44169.57192023392,13885.737160637138,4365.305981287355,1372.3359508980368,431.4258771779888,135.62880676338585,42.63808500404518,13.404278458217394,4.213948186659525,1.324753090977836,0.41646709316721037,0.13092616342802527,0.041159699172437766,0.012939513322689642,0.00406783840490704,0.0012788200665492316,0.00040202697349929576,0.00012638657434984918,3.97325732570975e-05,1.249086293976685e-05,3.926794672232073e-06,1.2344796730399474e-06,3.880875345800995e-07,1.2200438596576728e-07,3.835492992834513e-08,1.2057768564328781e-08,3.7906413340484105e-09,1.1916766893258233e-09,3.746314163587435e-10,1.1777414073808805e-10,3.7025053481666535e-11,1.1639690824565988e-11,3.659208826222809e-12,1.1503578089589144e-12,3.616418607075629e-13,1.1369057035774807e-13,3.574128770098919e-14,1.123610905025092e-14,3.5323334639013685e-15,1.1104715737801424e-15,3.491026905516924e-16,1.0974858918321097e-16,3.4502033796046375e-17,1.0846520624300006e-17,3.4098572376578774e-18,1.0719683098337516e-18,3.3699828972227656e-19,1.0594328790685259e-19,3.330574841125769e-20,1.0470440356818915e-20,3.291627616710335e-21,1.0348000655038301e-21,3.2531358350824097e-22,1.0226992744095617e-22,3.2150941703648496e-23,1.0107399880851421e-23,3.1774973589604757e-24,9.989205517957898e-25,3.1403401988237967e-25,9.872393301569341e-26,3.10361754874125e-26,9.756947069079428e-27,3.0673243276198006e-27,9.642850846884779e-28,3.0314555137839376e-28,9.530088848174892e-29,2.9960061442808523e-29,9.418645470747763e-30,2.960971314193716e-30,9.308505294851078e-31,2.9263461759630425e-31,9.19965308104875e-32,2.892125938715962e-32,9.092073768112302e-33,2.858305867603312e-33,8.985752470936855e-34,2.824881283144529e-34,8.880674478481702e-35,2.791847560580165e-35,8.776825251734711e-36,2.759200129231991e-36,8.674190421700731e-37,2.7269344718705773e-37,8.57275578741338e-38,2.695046124090277e-38,8.472507313970201e-39,2.6635306736915074e-39,8.373431130590681e-40,2.6323837600702537e-40,8.275513528697038e-41,2.6016010736147387e-41,8.178740960017514e-42,2.571178355109106e-42,8.083100034711708e-43,2.5411113951441096e-43,7.988577519517923e-44,2.511396033534688e-44,7.895160335922187e-45,2.4820281587443248e-45,7.802835558348635e-46,2.453003707316184e-46,7.711590412371059e-47,2.424318663310851e-47,7.621412272945427e-48,2.3959690577506926e-48,7.532288662662996e-49,2.3679509680706796e-49,7.444207250023899e-50,2.340260517575646e-50,7.357155847730925e-51,2.3128938749038965e-51,7.27112241100321e-52
Ga83,73808854.11215119,7781742.67108469,820396.8317559686,86491.03291797302,9118.390619825142,961.3140772011454,101.34735322874465,10.684630809086523,1.1264362796807788,0.11875550169707304,0.012519899649645628,0.0013199210562642944,0.0001391537986344135,1.4670407432692392e-05,1.5466401661562026e-06,1.630558533934782e-07,1.719030186054947e-08,1.8123021768725408e-09,1.910634965540951e-10,2.0143031433352465e-11,2.123596200439835e-12,2.2388193343408511e-13,2.3602943020807215e-14,2.4883603187547598e-15,2.6233750047588477e-16,2.7657153844333346e-17,2.9157789388918816e-18,3.0739847159751706e-19,3.240774500429072e-20,3.416614047574899e-21,3.6019943839167504e-22,3.7974331783178665e-23,4.003476187574927e-24,4.2206987804270585e-25,4.449707544255265e-26,4.691141978958954e-27,4.9456762827396415e-28,5.214021234778624e-29,5.496926180065871e-30,5.795181121922781e-31,6.109618928062037e-32,6.441117656344967e-33,6.790603006731038e-34,7.159050906266348e-35,7.547490234329795e-36,7.957005695746927e-37,8.388740849794722e-38,8.843901303555477e-39,9.323758078537409e-40,9.829651159962918e-41,1.0362993238635935e-41,1.0925273655837371e-42,1.1518062562264621e-43,1.2143015302628918e-44,1.2801877038154304e-45,1.3496487619886417e-46,1.422878672641971e-47,1.5000819280390043e-48,1.5814741158857974e-49,1.6672825213528814e-50,1.7577467617620885e-51,1.8531194557105155e-52,1.9536669285001585e-53,2.059669955843086e-54,2.1714245479189508e-55,2.2892427759742645e-56,2.4134536437717246e-57,2.5444040063230468e-58,2.682459538470882e-59,2.8280057560245156e-60,2.9814490923008608e-61,3.1432180330769376e-62,3.3137643131231605e-63,3.49356417765876e-64,3.6831197122518222e-65,3.882960244877735e-66,4.093643824051215e-67,4.31575877715955e-68,4.5499253533486326e-69,4.7967974555495776e-70,5.0570644664824334e-71,5.331453173736147e-72,5.6207297993004443e-73,5.925702139217086e-74,6.24722181932536e-75,6.58618667340091e-76,6.943543250328857e-77,7.320289457312291e-78,7.717477346497347e-79,8.136216052796291e-80,8.577674891112532e-81,9.043086621616355e-82,9.533750892189639e-83,1.0051037867652382e-83,1.05963920559057e-84,1.1171336341675474e-85,1.1777476239120927e-86,1.2416504375183337e-87,1.3090205216194453e-88,1.3800460050943616e-89,1.4549252244118647e-90,1.533867277479042e-91,1.617092607540731e-92,1.7048336187604795e-93,1.79733532520199e-94,1.894856035023321e-95,1.997668071794445e-96,2.1060585349524046e-97,2.22033010151762e-98,2.340801871310124e-99,2.4678102580259474e-100,2.601709928661983e-101,2.7428747939126057e-102,2.891699052303755e-103,3.048598290980123e-104,3.2140106462194403e-105,3.3883980269144785e-106,3.57224740443938e-107,3.766072172502171e-108,3.9704135807808456e-109,4.18584224634635e-110,4.4129597470931515e-111
Ga84,1173600938.965886,337280.3870293201,96.93078430465948,0.027856873115778426,8.00576808859346e-06,2.3007723236546185e-09,6.61217415582807e-13,1.9002682976276895e-16,5.461168320538004e-20,1.569481502295273e-23,4.5105223671339984e-27,1.296275999090338e-30,3.725358903131529e-34,1.0706283975696867e-37,3.076871773935941e-41,8.842601162769448e-45,2.5412692198020555e-48,7.30333657329709e-52,2.0989010014064366e-55,6.032017516229752e-59,1.7335374699293328e-62,4.982001712633174e-66,1.4317741320983197e-69,4.1147660791597923e-73,1.1825398648172652e-76,3.39849338936803e-80,9.76690736710424e-84,2.806904960181012e-87,8.066745346664126e-91,2.3182965369704196e-94,6.662536874988348e-98,1.9147420057223636e-101,5.502764213194862e-105,1.5814357179986934e-108,4.544877507499119e-112,1.3061492998470706e-115,3.7537337159824936e-119,1.0787830160115312e-122,3.100307277204755e-126,8.909952298494486e-130,2.5606252175436907e-133,7.358963645437893e-137,2.114887628374792e-140,6.077961376294588e-144,1.7467412450711137e-147,5.019947953490751e-151,1.4426794768179902e-154,4.146106876236683e-158,1.1915468754773074e-161,3.4243785769180097e-165,9.84129863406145e-169,2.8282842165175294e-172,8.128187048116184e-176,2.335954226358219e-179,6.7132831901370756e-183,1.9293259552109846e-186,5.544676927854686e-190,1.5934809849651386e-193,4.5794943194786174e-197,1.3160978022336258e-200,3.782324650293232e-204,1.0869997454548063e-207,3.123921280864166e-211,8.977816425295343e-215,2.5801286434466824e-218,7.41501441038322e-222,2.130996020134182e-225,6.124255175376011e-229,1.7600455889522623e-232,5.058183218174156e-236,1.453667883901193e-239,4.1776863856832586e-243,1.2006224895252313e-246,3.450460923284478e-250,9.916256514419549e-254,2.8498263114994536e-257,8.190096730459547e-261,2.353746408460623e-264,6.764416022996624e-268,1.9440209857653818e-271,5.586908877644727e-275,1.6056179967016313e-278,4.614374796137667e-282,1.3261220790356692e-285,3.811133352188627e-289,1.0952790589782382e-292,3.1477151444919576e-296,9.046197450453487e-300,2.5997806204220267e-303,7.471492095259448e-307,2.1472271041263e-310,6.170901579e-314,1.773451e-317,5.1e-321,0.0,0.0,0.0,0.0,0.0,0.0,0.0,0.0,0.0,0.0,0.0,0.0,0.0,0.0,0.0,0.0,0.0,0.0,0.0,0.0,0.0,0.0,0.0,0.0,0.0,0.0,0.0,0.0
Ga85,35204.95354360832,0.01884280408153294,1.0085264427780962e-08,5.397952350305885e-15,2.889154745006916e-21,1.5463669552627613e-27,8.27664480229458e-34,4.42992195029865e-40,2.3710342722811157e-46,1.2690524987585004e-52,6.792370162814122e-59,3.6354912404193013e-65,1.9458298417720002e-71,1.0414696454319497e-77,5.574274785345e-84,2.9835280863750654e-90,1.59687855101638e-96,8.546998831153632e-103,4.57462397332884e-109,2.4484833695163066e-115,1.310505704020841e-121,7.014240822107079e-128,3.7542434313380925e-134,2.0093897685011718e-140,1.0754889275568603e-146,5.756356737897519e-153,3.0809841035937853e-159,1.6490400923388017e-165,8.826183890299286e-172,4.724052642946501e-178,2.528462317430039e-184,1.35331296534328e-190,7.243358817495591e-197,3.876874625647478e-203,2.0750258604731107e-209,1.1106194389541484e-215,5.94438634081212e-222,3.181623491311186e-228,1.7029054741889825e-234,9.114488442589818e-241,4.878362353592629e-247,2.6110537528080555e-253,1.3975185125459708e-259,7.479960880959608e-266,4.003511529787024e-272,2.1428059349798858e-278,1.1468974775824575e-284,6.13855787223845e-291,3.285550233334734e-297,1.7585303519879568e-303,9.41221037343313e-310,5.03771254e-316,2.7e-322,0.0,0.0,0.0,0.0,0.0,0.0,0.0,0.0,0.0,0.0,0.0,0.0,0.0,0.0,0.0,0.0,0.0,0.0,0.0,0.0,0.0,0.0,0.0,0.0,0.0,0.0,0.0,0.0,0.0,0.0,0.0,0.0,0.0,0.0,0.0,0.0,0.0,0.0,0.0,0.0,0.0,0.0,0.0,0.0,0.0,0.0,0.0,0.0,0.0,0.0,0.0,0.0,0.0,0.0,0.0,0.0,0.0,0.0,0.0,0.0,0.0,0.0,0.0,0.0,0.0,0.0,0.0,0.0,0.0
Ga86,1186479.6698516353,4.942146590299163e-05,2.058595148373662e-15,8.574844771350785e-26,3.571754403037944e-36,1.4877738146636194e-46,6.197153202124073e-57,2.581353928404759e-67,1.0752337220591576e-77,4.4787642032786227e-88,1.865578466991787e-98,7.770855661380116e-109,3.2368618516151274e-119,1.3482781180085033e-129,5.616099688015662e-140,2.3393226727076997e-150,9.744183456575843e-161,4.058829179195935e-171,1.690659292213432e-181,7.042249664012384e-192,2.933369281362087e-202,1.2218617276252837e-212,5.089526541786798e-223,2.119984596775602e-233,8.830555560847847e-244,3.6782678342013866e-254,1.5321407772017377e-264,6.38195875606763e-275,2.6583325873315225e-285,1.107298309966362e-295,4.6123256100364383e-306,1.92121196e-316,0.0,0.0,0.0,0.0,0.0,0.0,0.0,0.0,0.0,0.0,0.0,0.0,0.0,0.0,0.0,0.0,0.0,0.0,0.0,0.0,0.0,0.0,0.0,0.0,0.0,0.0,0.0,0.0,0.0,0.0,0.0,0.0,0.0,0.0,0.0,0.0,0.0,0.0,0.0,0.0,0.0,0.0,0.0,0.0,0.0,0.0,0.0,0.0,0.0,0.0,0.0,0.0,0.0,0.0,0.0,0.0,0.0,0.0,0.0,0.0,0.0,0.0,0.0,0.0,0.0,0.0,0.0,0.0,0.0,0.0,0.0,0.0,0.0,0.0,0.0,0.0,0.0,0.0,0.0,0.0,0.0,0.0,0.0,0.0,0.0,0.0,0.0,0.0,0.0,0.0
Gd169,148.43417188741307,74.21708594370658,37.108542971853325,18.554271485926684,9.277135742963354,4.638567871481679,2.3192839357408395,1.1596419678704197,0.5798209839352099,0.28991049196760493,0.14495524598380247,0.07247762299190123,0.03623881149595062,0.01811940574797531,0.009059702873987654,0.004529851436993827,0.0022649257184969135,0.0011324628592484568,0.0005662314296242284,0.0002831157148121142,0.0001415578574060571,7.077892870302855e-05,3.5389464351514274e-05,1.7694732175757137e-05,8.847366087878569e-06,4.423683043939284e-06,2.211841521969642e-06,1.105920760984821e-06,5.529603804924105e-07,2.7648019024620527e-07,1.3824009512310263e-07,6.912004756155132e-08,3.456002378077566e-08,1.728001189038783e-08,8.640005945193915e-09,4.320002972596957e-09,2.1600014862984786e-09,1.0800007431492393e-09,5.400003715746197e-10,2.7000018578730983e-10,1.3500009289365492e-10,6.750004644682746e-11,3.375002322341373e-11,1.6875011611706864e-11,8.437505805853432e-12,4.218752902926716e-12,2.109376451463358e-12,1.054688225731679e-12,5.273441128658395e-13,2.6367205643291976e-13,1.3183602821645988e-13,6.591801410822994e-14,3.295900705411497e-14,1.6479503527057485e-14,8.239751763528742e-15,4.119875881764371e-15,2.0599379408821856e-15,1.0299689704410928e-15,5.149844852205464e-16,2.574922426102732e-16,1.287461213051366e-16,6.43730606525683e-17,3.218653032628415e-17,1.6093265163142075e-17,8.046632581571037e-18,4.023316290785519e-18,2.0116581453927594e-18,1.0058290726963797e-18,5.029145363481898e-19,2.514572681740949e-19,1.2572863408704746e-19,6.286431704352373e-20,3.1432158521761865e-20,1.5716079260880933e-20,7.858039630440466e-21,3.929019815220233e-21,1.9645099076101166e-21,9.822549538050583e-22,4.911274769025291e-22,2.4556373845126457e-22,1.2278186922563229e-22,6.139093461281614e-23,3.069546730640807e-23,1.5347733653204036e-23,7.673866826602018e-24,3.836933413301009e-24,1.9184667066505045e-24,9.592333533252522e-25,4.796166766626261e-25,2.3980833833131306e-25,1.1990416916565653e-25,5.995208458282826e-26,2.997604229141413e-26,1.4988021145707066e-26,7.494010572853533e-27,3.7470052864267665e-27,1.8735026432133833e-27,9.367513216066916e-28,4.683756608033458e-28,2.341878304016729e-28,1.1709391520083645e-28,5.854695760041823e-29,2.9273478800209114e-29,1.4636739400104557e-29,7.318369700052278e-30,3.659184850026139e-30,1.8295924250130696e-30,9.147962125065348e-31,4.573981062532674e-31,2.286990531266337e-31,1.1434952656331685e-31,5.717476328165842e-32,2.858738164082921e-32,1.4293690820414606e-32,7.146845410207303e-33,3.5734227051036516e-33,1.7867113525518258e-33,8.933556762759129e-34,4.4667783813795644e-34,2.2333891906897822e-34,1.1166945953448911e-34,5.583472976724456e-35
Ge83,114486717525.7102,78852301823.30779,54213435697.49747,37272603418.76595,25625424867.17912,17617821212.769318,12112485998.063387,8327494842.514162,5725263189.989935,3936194402.429817,2706185874.5875354,1860538692.7148588,1279145035.6724584,879429182.8984828,604619230.9434981,415683742.9727467,285788088.3183152,196483102.37139112,135084739.69176438,92872550.75553359,63851110.81770122,43898485.822641656,30180791.419942416,20749694.52053999,14265690.276472837,9807851.3330786,6743027.915755038,4635921.154239151,3187257.299959667,2191281.680202221,1506535.2276550215,1035762.9567532899,712100.7746046394,489578.7302357747,336591.87245281244,231411.3779957908,159098.3925894357,109382.2557203848,75201.75202118358,51702.20224304303,35545.949993658855,24438.312221443353,16801.663884051195,11551.366833955508,7941.717954450229,5460.0364592905835,3753.847506014364,2580.819964019275,1774.3479659226634,1219.88776747946,838.6890248284482,576.6098317561313,396.42690942073773,272.54875976402684,187.38088833942166,128.8268467824637,88.57016635469101,60.893164460852745,41.86485845817853,28.782645626014105,19.78845073751513,13.604822422478973,9.35349591548816,6.43065253806615,4.421158937682439,3.0396054267499664,2.089769058420462,1.4367439533758852,0.9877805297406435,0.6791122194334637,0.4668986608846585,0.3209990238693466,0.22069108771877197,0.1517280507940686,0.10431504795111521,0.0717179794513571,0.04930706238083351,0.03389925956121457,0.023306190701908376,0.01602331531911071,0.01101624186893077,0.007573812441301854,0.0052070965378673536,0.0035799479541916953,0.0024612617149537834,0.001692150083468183,0.0011633756327433665,0.0007998361824307264,0.0005498979871331734,0.0003780621618468796,0.00025992275215534,0.00017870034059470086,0.0001228588550400436,8.446709285230118e-05,5.80722469910195e-05,3.992544027154949e-05,2.7449269891753502e-05,1.8871737229839282e-05,1.2974569723586596e-05,8.920188823212197e-06,6.1327481632866165e-06,4.216345727617863e-06,2.8987936275006252e-06,1.9929590782361517e-06,1.3701858075866193e-06,9.420209214598522e-07,6.476518816313679e-07,4.4526926125018953e-07,3.061285246556859e-07,2.104674222171606e-07,1.4469914512069247e-07,9.94825820456693e-08,6.839559502731341e-08,4.70228790100437e-08,3.232885318872067e-08,2.2226515485677077e-08,1.5281024283515322e-08,1.0505906933718896e-08,7.222950402547991e-09,4.965874231212202e-09,3.4141044179838563e-09,2.3472420835055158e-09
Ge84,33674444561.48857,16806987609.867563,8127422653.624688,3930137827.445301,1900477412.247432,919004511.5509074,444398489.98371595,214895591.28118277,103916003.75100578,50250150.64850525,24299218.109347615,11750253.344627747,5682012.196508592,2747622.68134698,1328654.381222772,642490.8619101387,310686.1449236591,150236.97046920075,72649.35261696222,35130.68999714493,16987.974912626363,8214.79144461655,3972.38628062656,1920.9072888699131,928.8836864705811,449.17571399231076,217.20568999022058,105.03308681763545,50.790333010786426,24.560431436481867,11.876566988013666,5.743093063554952,2.7771592556957723,1.3429372371553756,0.6493975522792556,0.3140259792032981,0.15185199769922253,0.07343032338836024,0.03550834019055366,0.01717059335854635,0.008303099347994584,0.0040150888989723636,0.0019415567839188566,0.0009388690611921814,0.000454004292516601,0.0002195406219497393,0.00010616217837701608,5.133632226082322e-05,2.482445277175715e-05,1.2004238486080428e-05,5.8048305417084326e-06,2.8070133442469877e-06,1.3573736318686197e-06,6.563784886410887e-07,3.1740171625233106e-07,1.5348438625479195e-07,7.421968949053264e-08,3.589005007275842e-08,1.735517492820305e-08,8.392356549459066e-09,4.058250564723108e-09,1.9624282582628106e-09,9.489617773492917e-10,4.588847776107218e-10,2.2190065411384185e-10,1.0730340751882984e-10,5.1888180821878156e-11,2.5091312300883457e-11,1.2133282435583325e-11,5.8672316894501865e-12,2.837188360235635e-12,1.3719652158837605e-12,6.634344691300811e-13,3.208137420207042e-13,1.5513432276782554e-13,7.501754117215686e-14,3.627586328486814e-14,1.7541740724912773e-14,8.482573253836803e-15,4.101876212576694e-15,1.9835240981493603e-15,9.59162988847916e-16,4.638177272633229e-16,2.2428605630635347e-16,1.0845690472045619e-16,5.244597178825557e-17,2.5361040534062997e-17,1.2263713590190678e-17,5.93030364113899e-18,2.867687753588481e-18,1.3867136574649132e-18,6.705663004605029e-19,3.2426244660726763e-19,1.5680199587650511e-19,7.582396965207027e-20,3.666582393712719e-20,1.7730312078849348e-20,8.573759775655056e-21,4.14597083027831e-21,2.004846715477905e-21,9.6947386199838e-22,4.688037054613477e-22,2.2669710125166585e-22,1.0962280186188742e-22,5.30097589325145e-23,2.5633668309478502e-23,1.2395546862170829e-23,5.9940536078271074e-24,2.8985150113185884e-24,1.4016206428098276e-24,6.777747980187029e-25,3.2774822430438607e-25,1.584875962468497e-25,7.663906712970184e-26,3.705997661395975e-26,1.7920910549483434e-26,8.665926540320928e-27,4.190539459190781e-27,2.0263985480754643e-27,9.798955756487016e-28,4.738432822545344e-28,2.291340646059257e-28
Ge85,1436925758.2282274,393577405.6530499,107735112.51670837,29490652.416207317,8072563.898781614,2209726.898551029,604875.1087516231,165574.26052386823,45323.13423279416,12406.436182680454,3396.0506341936084,929.6110293226066,254.46518880995293,69.6555121159322,19.067010268962193,5.2192693665309395,1.4286861094710555,0.3910784931861475,0.10705107778318916,0.029303409556422907,0.008021309354498643,0.002195696839873864,0.0006010346191084423,0.00016452299188424505,4.503536734488772e-05,1.2327664897535815e-05,3.3744883362917246e-06,9.237087174591423e-07,2.528495314485659e-07,6.921325342649183e-08,1.8945949484008595e-08,5.186131038209742e-09,1.4196150564100308e-09,3.8859544688283503e-10,1.0637138614177576e-10,2.911735554414328e-11,7.970380236975058e-12,2.181755861230349e-12,5.972185136075182e-13,1.6347839798832385e-13,4.474942755440455e-14,1.2249393749196935e-14,3.353062942323518e-15,9.178438807161656e-16,2.5124413226324343e-16,6.877380273806125e-17,1.8825657341513658e-17,5.153203112672296e-18,1.4106015975280802e-18,3.8612816600526444e-19,1.0569601001718767e-19,2.8932482831105196e-20,7.919774480002349e-21,2.1679033970310855e-21,5.934266374283844e-22,1.6244043645663856e-22,4.446530326068763e-23,1.2171619562181465e-23,3.331773583054779e-24,9.120162811556152e-25,2.4964892612249355e-25,6.833714222200383e-26,1.8706128961191644e-26,5.120484254023469e-27,1.4016453671466628e-27,3.8367655045516306e-28,1.050249220092275e-28,2.874878391697103e-29,7.869490030490828e-30,2.1541388852777384e-30,5.896588367335661e-31,1.6140906517880024e-31,4.418298293673497e-32,1.209433918116894e-32,3.310619394770261e-33,9.06225682350151e-34,2.480638483083578e-34,6.790325416288028e-35,1.8587359493742772e-35,5.0879731348500474e-36,1.3927460019090155e-36,3.812405007698053e-37,1.043580948916676e-37,2.8566251349024727e-38,7.819524848386364e-39,2.140461767540226e-39,5.859149586623384e-40,1.60384242311788e-40,4.3902455128732255e-41,1.2017549470872722e-41,3.2895995192386333e-42,9.004718493735627e-43,2.4648883451378704e-43,6.747212095773132e-44,1.8469344120656664e-44,5.0556684361668676e-45,1.38390314076541e-45,3.788199181179755e-46,1.0369550161114612e-46,2.8384877721869124e-47,7.769876906587605e-48,2.1268714889340723e-48,5.821948513245261e-49,1.5936592627825355e-49,4.362370845558837e-50,1.194124731591293e-50,3.268713103677709e-51,8.947545487912472e-52,2.4492382084003307e-52,6.704372511536256e-53,1.8352078054016723e-53,5.0235688473632787e-54,1.3751164249584997e-54,3.764147042959603e-55,1.0303711528606837e-55,2.8204655677125414e-56,7.720544190863652e-57,2.1133674980978707e-57,5.7849836379433096e-58,1.5835407576482946e-58,4.334673160847252e-59,1.1865429620689724e-59
Ge86,74501472396.69626,50516170.93820458,34252.606686464154,23.225059283539487,0.015747805230166136,1.0677835803976211e-05,7.24013129386878e-09,4.909187789995617e-12,3.328686149359051e-15,2.2570233519106564e-18,1.5303799104192853e-21,1.0376776422061807e-24,7.035997282789531e-28,4.770774251064113e-31,3.234834528758188e-34,2.1933870432272473e-37,1.4872311639520032e-40,1.0084205347432011e-43,6.83761878812124e-47,4.636263253363284e-50,3.1436290352760134e-53,2.1315449471643794e-56,1.4452989875069902e-59,9.799883254010706e-63,6.644833534263773e-66,4.5055447655466707e-69,3.054995061903258e-72,2.0714464762666487e-75,1.4045490801429635e-78,9.523577563471157e-82,6.457483820944113e-85,4.378511858578957e-88,2.9688601051599087e-91,2.0130424693815322e-94,1.3649481080266104e-97,9.255062254984717e-101,6.275416394215974e-104,4.255060618266974e-107,2.88515370578665e-110,1.95628515144509e-113,1.3264636771651915e-116,8.994117680333412e-120,6.098482321096523e-123,4.135090060256826e-126,2.803807391108475e-129,1.901128094401465e-132,1.2890643069079204e-135,8.740530384235626e-139,5.926536867737765e-142,4.0185020474277055e-145,2.7247546190233548e-148,1.8475261792242907e-151,1.2527194041944843e-154,8.494092929737422e-158,5.759439381032691e-161,3.9052012096147e-164,2.6479307235701164e-167,1.7954355590088385e-170,1.2173992385295947e-173,8.254603728527024e-177,5.597053173559698e-180,3.7950948655950525e-183,2.5732728620310506e-186,1.744813623104838e-189,1.1830749176631613e-192,8.021866876033648e-196,5.439245411770902e-199,3.6880929472740192e-202,2.5007199635259434e-205,1.6956189622605404e-208,1.1497183639561421e-211,7.795691991175542e-215,5.285887007332932e-218,3.584107926008226e-221,2.4302126790554556e-224,1.647811334749505e-227,1.117302291412736e-230,7.575894060626326e-234,5.136852511531418e-237,3.4830547410063845e-240,2.361693332953085e-243,1.6013516334524994e-246,1.085800183360186e-249,7.362293287472302e-253,4.992020012652659e-256,3.384850729748705e-259,2.2951058757058585e-262,1.5562018538674598e-265,1.0551862707578605e-268,7.154714944136731e-272,4.851271036258612e-275,3.289415560368122e-278,2.2303958381052843e-281,1.5123250630214257e-284,1.0254355111179138e-287,6.952989229450859e-291,4.714490448273609e-294,3.1966711659380054e-297,2.167510286690989e-300,1.469685369259017e-303,9.965235680203025e-307,6.756951129755e-310,4.5815663608e-313,3.1065417e-316,2.1064e-319,1.43e-322,0.0,0.0,0.0,0.0,0.0,0.0,0.0,0.0,0.0,0.0,0.0,0.0,0.0,0.0,0.0,0.0
Ge87,383482627.3488702,2713510.081437259,19200.705421690687,135.8635411795747,0.9613658152893326,0.006802591944702452,4.8134910176937816e-05,3.406009939411733e-07,2.4100810959713156e-09,1.705365219856495e-11,1.2067106529973825e-13,8.538643705774076e-16,6.0419153633106616e-18,4.2752388453360394e-20,3.0251445254696513e-22,2.1405820191689622e-24,1.5146685859837083e-26,1.0717743608145276e-28,7.583839072976878e-31,5.366298839347195e-33,3.7971748814911655e-35,2.686868083996129e-37,1.901218755023998e-39,1.345295951068436e-41,9.519268580633612e-44,6.735802203096691e-46,4.7662308227700234e-48,3.3725687855678427e-50,2.3864182487863914e-52,1.6886214693414583e-54,1.1948628318489446e-56,8.454808924648246e-59,5.982594156159055e-61,4.233263360093917e-63,2.9954428142956297e-65,2.119565188950648e-67,1.4997971481114092e-69,1.0612513817500193e-71,7.509378829560635e-74,5.3136110233245856e-76,3.759893161342677e-78,2.6604876651031982e-80,1.8825520599735912e-82,1.3320874608803513e-84,9.425805751473088e-87,6.669668221768763e-89,4.719434641597614e-91,3.339455966282664e-93,2.3629877300230502e-95,1.6720421136305692e-97,1.1831313359070685e-99,8.371797256743773e-102,5.923855381134764e-104,4.1917000018522226e-106,2.966032722791111e-108,2.0987547078226707e-110,1.4850717221564659e-112,1.050831720223646e-114,7.435649657544576e-117,5.261440510948396e-119,3.7229774835021457e-121,2.6343662565074864e-123,1.8640686397321511e-125,1.319008655326282e-127,9.333260566390076e-130,6.60418356228176e-132,4.6730979183603875e-134,3.3066682578760986e-136,2.3397872586161633e-138,1.65562553864987e-140,1.171515023058488e-142,8.289600620505859e-145,5.865693319756978e-147,4.150544724233293e-149,2.9369113877529733e-151,2.0781485497922032e-153,1.470490874533218e-155,1.0405143618350497e-157,7.362644379066115e-160,5.209782223187361e-162,3.686424254064232e-164,2.6085013151737466e-166,1.8457666948565515e-168,1.306058261126373e-170,9.241624015699413e-173,6.539341849412967e-175,4.627216141972364e-177,3.2742024683189894e-179,2.3168145758967195e-181,1.639370146172818e-183,1.160012762403518e-185,8.20821101372665e-188,5.808102309690513e-190,4.109793520587932e-192,2.9080759740898167e-194,2.0577447087581706e-196,1.456053185731341e-198,1.0302983021435359e-200,7.29035588673692e-203,5.158631130877586e-205,3.650229914409617e-207,2.5828903230350044e-209,1.8276444435711323e-211,1.2932350175021998e-213,9.150887178175708e-216,6.475136770533522e-218,4.581784845638739e-220,3.242055436922469e-222,2.2940674453719843e-224,1.62327435366473e-226,1.1486234341459719e-228,8.127620512766273e-231,5.751076744194654e-233,4.069442423605409e-235,2.879523674546005e-237,2.0375411983159988e-239,1.4417572501776872e-241,1.0201825465703045e-243,7.218777142951102e-246,5.10798225423298e-248,3.614390940858519e-250,2.557530786747382e-252
Ge88,4280875.781601242,117.6175383543572,0.0032315549514413087,8.878733180694878e-08,2.439441819140729e-12,6.702393537302918e-17,1.8414900809031518e-21,5.0595144841782716e-26,1.3901072333256844e-30,3.819335088746635e-35,1.0493665647097338e-39,2.8831463109252157e-44,7.921476564770292e-49,2.1764344989508457e-53,5.979777999079108e-58,1.6429506578538265e-62,4.5140252105647e-67,1.2402334485340685e-71,3.4075551976597946e-76,9.36229581521347e-81,2.5723011909465403e-85,7.0674261394229605e-90,1.94178319444074e-94,5.335070929401095e-99,1.4658166732119855e-103,4.0273476171149115e-108,1.106518238296467e-112,3.0401711699270508e-117,8.352904111806662e-122,2.2949696974697244e-126,6.305454775734394e-131,1.7324307145609342e-135,4.75987266184864e-140,1.307780309283889e-144,3.5931409490404775e-149,9.872194731805604e-154,2.712396485551627e-158,7.452339519934915e-163,2.047538573959219e-167,5.625635011175076e-172,1.545649477936973e-176,4.2466891362506255e-181,1.1667825647002531e-185,3.2057480771725513e-190,8.80782850653552e-195,2.4199606810327667e-199,6.648868893620241e-204,1.8267841255042386e-208,5.019109708113448e-213,1.3790059761508597e-217,3.7888342611553906e-222,1.040986428396339e-226,2.860121793173689e-231,7.858216446096224e-236,2.159053710967164e-240,5.9320240907296645e-245,1.6298302184077652e-249,4.477976657219478e-254,1.230329068397829e-258,3.3803428030475286e-263,9.287529458273649e-268,2.551759051198456e-272,7.010986381930229e-277,1.9262763082794027e-281,5.292465587156022e-286,1.454110808030967e-290,3.995185622300277e-295,1.097681694440369e-299,3.0158926673743366e-304,8.286198655940525e-309,2.27664229924e-313,6.2551e-318,1.73e-322,0.0,0.0,0.0,0.0,0.0,0.0,0.0,0.0,0.0,0.0,0.0,0.0,0.0,0.0,0.0,0.0,0.0,0.0,0.0,0.0,0.0,0.0,0.0,0.0,0.0,0.0,0.0,0.0,0.0,0.0,0.0,0.0,0.0,0.0,0.0,0.0,0.0,0.0,0.0,0.0,0.0,0.0,0.0,0.0,0.0,0.0,0.0,0.0,0.0
He8,0.0,0.0,0.0,0.0,0.0,0.0,0.0,0.0,0.0,0.0,0.0,0.0,0.0,0.0,0.0,0.0,0.0,0.0,0.0,0.0,0.0,0.0,0.0,0.0,0.0,0.0,0.0,0.0,0.0,0.0,0.0,0.0,0.0,0.0,0.0,0.0,0.0,0.0,0.0,0.0,0.0,0.0,0.0,0.0,0.0,0.0,0.0,0.0,0.0,0.0,0.0,0.0,0.0,0.0,0.0,0.0,0.0,0.0,0.0,0.0,0.0,0.0,0.0,0.0,0.0,0.0,0.0,0.0,0.0,0.0,0.0,0.0,0.0,0.0,0.0,0.0,0.0,0.0,0.0,0.0,0.0,0.0,0.0,0.0,0.0,0.0,0.0,0.0,0.0,0.0,0.0,0.0,0.0,0.0,0.0,0.0,0.0,0.0,0.0,0.0,0.0,0.0,0.0,0.0,0.0,0.0,0.0,0.0,0.0,0.0,0.0,0.0,0.0,0.0,0.0,0.0,0.0,0.0,0.0,0.0,0.0,0.0
Hg209,0.0,0.0,0.0,0.0,0.0,0.0,0.0,0.0,0.0,0.0,0.0,0.0,0.0,0.0,0.0,0.0,0.0,0.0,0.0,0.0,0.0,0.0,0.0,0.0,0.0,0.0,0.0,0.0,0.0,0.0,0.0,0.0,0.0,0.0,0.0,0.0,0.0,0.0,0.0,0.0,0.0,0.0,0.0,0.0,0.0,0.0,0.0,0.0,0.0,0.0,0.0,0.0,0.0,0.0,0.0,0.0,0.0,0.0,0.0,0.0,0.0,0.0,0.0,0.0,0.0,0.0,0.0,0.0,0.0,0.0,0.0,0.0,0.0,0.0,0.0,0.0,0.0,0.0,0.0,0.0,0.0,0.0,0.0,0.0,0.0,0.0,0.0,0.0,0.0,0.0,0.0,0.0,0.0,0.0,0.0,0.0,0.0,0.0,0.0,0.0,0.0,0.0,0.0,0.0,0.0,0.0,0.0,0.0,0.0,0.0,0.0,0.0,0.0,0.0,0.0,0.0,0.0,0.0,0.0,0.0,0.0,0.0
Hg210,0.0,0.0,0.0,0.0,0.0,0.0,0.0,0.0,0.0,0.0,0.0,0.0,0.0,0.0,0.0,0.0,0.0,0.0,0.0,0.0,0.0,0.0,0.0,0.0,0.0,0.0,0.0,0.0,0.0,0.0,0.0,0.0,0.0,0.0,0.0,0.0,0.0,0.0,0.0,0.0,0.0,0.0,0.0,0.0,0.0,0.0,0.0,0.0,0.0,0.0,0.0,0.0,0.0,0.0,0.0,0.0,0.0,0.0,0.0,0.0,0.0,0.0,0.0,0.0,0.0,0.0,0.0,0.0,0.0,0.0,0.0,0.0,0.0,0.0,0.0,0.0,0.0,0.0,0.0,0.0,0.0,0.0,0.0,0.0,0.0,0.0,0.0,0.0,0.0,0.0,0.0,0.0,0.0,0.0,0.0,0.0,0.0,0.0,0.0,0.0,0.0,0.0,0.0,0.0,0.0,0.0,0.0,0.0,0.0,0.0,0.0,0.0,0.0,0.0,0.0,0.0,0.0,0.0,0.0,0.0,0.0,0.0
Ho174,0.0,0.0,0.0,0.0,0.0,0.0,0.0,0.0,0.0,0.0,0.0,0.0,0.0,0.0,0.0,0.0,0.0,0.0,0.0,0.0,0.0,0.0,0.0,0.0,0.0,0.0,0.0,0.0,0.0,0.0,0.0,0.0,0.0,0.0,0.0,0.0,0.0,0.0,0.0,0.0,0.0,0.0,0.0,0.0,0.0,0.0,0.0,0.0,0.0,0.0,0.0,0.0,0.0,0.0,0.0,0.0,0.0,0.0,0.0,0.0,0.0,0.0,0.0,0.0,0.0,0.0,0.0,0.0,0.0,0.0,0.0,0.0,0.0,0.0,0.0,0.0,0.0,0.0,0.0,0.0,0.0,0.0,0.0,0.0,0.0,0.0,0.0,0.0,0.0,0.0,0.0,0.0,0.0,0.0,0.0,0.0,0.0,0.0,0.0,0.0,0.0,0.0,0.0,0.0,0.0,0.0,0.0,0.0,0.0,0.0,0.0,0.0,0.0,0.0,0.0,0.0,0.0,0.0,0.0,0.0,0.0,0.0
I137,91785172485380.98,89510694203623.22,87229782685389.42,84959758173268.14,82713230196580.44,80499280470983.55,78324347992237.44,76192892471665.12,74107892411151.92,72071219501103.19,70083920315295.31,68146428393947.27,66258723977709.08,64420454327766.26,62631024343073.66,60889664776574.625,59195483547748.47,57547504294535.7,55944695289622.36,54385991079745.22,52870308629222.234,51396559313396.38,49963657778980.64,48570528440066.85,47216110191024.79,45899359775775.21,44619254145762.3,43374792057918.12,42164995102621.71,40988908305294.766,39845600410202.21,38734163928490.82,37653715012420.586,36603393202554.414,35582361083177.42,34589803872521.73,33624928967794.547,32686965460031.246,31775163630031.746,30888794433793.773,30027148983704.395,29189538030127.04,28375291446793.69,27583757722485.344,26814303460785.195,26066312889163.934,25339187378259.47,24632344971917.133,23945219928334.387,23277262272486.95,22627937359891.04,21996725451664.48,21383121300782.918,20786633749379.176,20206785336898.25,19643111918897.598,19095162296264.438,18562497854612.65,18044692213614.723,17541330886021.844,17052010946124.742,16576340707409.01,16113939409161.756,15664436911789.49,15227473400612.02,14802699097901.209,14389773982939.4,13988367519876.498,13598158393171.062,13218834250405.479,12850091452270.955,12491634829523.488,12143177446717.04,11804440372525.537,11475152456470.361,11155050111875.053,10843877104873.59,10541384349303.84,10247329707321.979,9961477795578.441,9683599796800.459,9413473276630.258,9150882005572.453,8895615785908.205,8647470283437.578,8406246863915.254,8171752434049.09,7943799286933.866,7722204951796.756,7506792047934.096,7297388142722.649,7093825613591.678,6895941513845.286,6703577442227.737,6516579416127.219,6334797748316.669,6158086927132.874,5986305499998.077,5819315960190.746,5656984636774.871,5499181587599.777,5345780495284.6455,5196658566104.677,5051696431697.755,4910778053513.096,4773790629925.29,4640624505939.433,4511173085415.06,4385332745738.5923,4263002754876.0596,4144085190739.6304,4028484862803.4263,3916109235905.8945,3806868356177.751,3700674779036.1553,3597443499187.508,3497091882582.8584,3399539600271.422,3304708564099.259,3212522864201.6846,3122908708239.306,3035794362329.126
I138,11546722603253.697,10370835877684.979,9303156507382.523,8338403860729.74,7469449992089.273,6688466657119.635,5987567541842.531,5359159188089.025,4796120092462.048,4291878938030.0835,3840434630470.3037,3436343778294.8906,3074690934633.5234,2751050661998.654,2461446697650.0176,2202311216804.3613,1970445824153.6245,1762985091769.551,1577362984818.715,1411282242540.196,1262686629759.8813,1129735894711.5767,1010783232331.9591,904355040493.1162,809132758992.9663,723936591050.8347,647710920702.5638,579511254604.2988,518492532047.6593,463898661751.3768,415053157860.0664,371350760387.36676,332249937043.07336,297266174003.05316,265965972772.50354,237961478930.2843,212905676303.48312,190488087086.14352,170430924660.0293,152485651469.43088,136429899311.7823,122064713890.96089,109212089494.71867,97712763250.61926,87424241630.10776,78219034747.44337,69983076574.61963,62614311496.87819,56021429694.44238,50122735680.16564,44845135972.71813,40123233361.15933,35898516537.543434,32118635055.93888,28736750633.553864,25710956755.64512,23003759392.267162,20581612392.183647,18414501796.790928,16475573923.093874,14740802607.136738,13188691484.546875,11800007619.010149,10557543177.94401,9445902202.179754,8451309827.417326,7561441593.426273,6765270725.88324,6052931498.443704,5415596981.9032345,4845369665.581066,4335183595.56406,3878716817.1603003,3470313036.595773,3104911531.2273784,2777984439.7569456,2485480655.3799205,2223775626.6224074,1989626443.8252003,1780131654.730415,1592695311.226799,1424994801.7400923,1274952070.6645226,1140707868.2019174,1020598711.5261143,913136271.7876742,816988931.5336045,730965284.0114355,653999369.8898002,585137468.4567975,523526279.6196918,468402350.26356375,419082613.94597197,374955926.7005468,335475494.06569004,300152095.4981472,268548022.2119831,240271653.32388234,214972603.09525362,192337379.13833192,172085497.78508607,153966008.48263842,137754384.14735687,123249738.94453713,110272339.0178796,98661375.32304402,88272970.967418,78978398.36411284,70662484.10810627,63222181.80860497,56565295.192923546,50609335.659262046,45280500.12178276,40512756.48198588,36247025.394031145,32430448.184875906,29015731.857685383,25960563.06214505,23227083.76990676,20781422.158017274,18593272.88728614,16635521.57462516
I139,2213719162913.831,1635513718883.3916,1207050662310.4404,890662915216.0465,657182604580.9423,484904237208.3937,357787688761.6116,263994399500.08496,194788815914.46713,143725331314.43488,106048033288.18501,78247760911.20157,57735272380.831955,42600090252.35242,31432564785.272526,23192582999.880463,17112695380.758217,12626637714.140352,9316590777.594213,6874265792.860205,5072191246.666578,3742526812.024338,2761431156.194294,2037527695.4331036,1503394028.253961,1109282396.1390324,818486312.4759519,603921820.126421,445604965.2455554,328790546.11725515,242598785.1291366,179002015.84611282,132077007.96982986,97453293.7621178,71906114.55443515,53056075.48716255,39147535.13720293,28885089.845918752,21312923.341983173,15725784.610825164,11603302.731302097,8561520.941954326,6317135.951454832,4661111.839791145,3439211.0206267945,2537628.9715740415,1872394.790186014,1381550.3722520592,1019379.8023119802,752151.4975003933,554976.5395674804,409490.5886564878,302143.4785854547,222937.19118487695,164494.66805005193,121372.73136476256,89555.1211086088,66078.43151090221,48756.10748876828,35974.79484760654,26544.076854894844,19585.602060089062,14451.277027003795,10662.90467203834,7867.646287073503,5805.159100861461,4283.348660664035,3160.477676846059,2331.9649968195085,1720.645200638856,1269.5816234460735,936.7634292028997,691.192835565842,509.99806465979174,376.30312782945015,277.65604190809717,204.86908533752978,151.1630787452066,111.53599059654519,82.29706156833014,60.72305725315637,44.80463350576134,33.05919158873125,24.39279295432472,17.998272780371693,13.280062831806053,9.798721853413022,7.2300072052818845,5.334675784293295,3.936201571519139,2.9043344784414606,2.1429692075978637,1.5811942662943448,1.1666874628425734,0.8608427597856315,0.6351746124620318,0.4686649027712787,0.3458053687602975,0.2551532072411328,0.1882653221921611,0.13891195773456202,0.10249647559603645,0.07562723671120683,0.05580171317416581,0.041173409588697106,0.03037988550400734,0.022415861412894957,0.016539589749797898,0.012203770537867998,0.009004577356143599,0.006644046043899083,0.004902323128284656,0.003617189269207854,0.0026689505907479057,0.0019692907187611897,0.001453045233749426,0.0010721324338795915,0.0007910751359133532,0.000583696426751895,0.00043068161687267044,0.00031777932262535554,0.00023447413107972347
I140,164424693126.70383,76776688366.8872,34633389642.638565,15503826120.863413,6928318132.930769,3094882571.854264,1382359582.1918485,617431574.2558076,275774795.41616124,123174223.53133164,55015490.17965318,24572543.667348925,10975270.644610899,4902079.613389781,2189502.6826780005,977936.3810422844,436793.05483283376,195092.62202238807,87137.67480131958,38919.84376992943,17383.45947983256,7764.2825411455005,3467.8990938872166,1548.9292232285852,691.8257058864509,309.00237412245735,138.01520585444487,61.64417701041994,27.53323110860401,12.297654896936319,5.492719520190365,2.453310649902561,1.0957656080565221,0.4894212104150644,0.21859886771678186,0.09763668584476262,0.04360920311398772,0.01947795113878344,0.008699782465026175,0.003885738001882272,0.0017355560187821996,0.0007751821385981295,0.00034623333473454373,0.0001546443295225995,6.907153718121867e-05,3.0850644593982714e-05,1.377937006624244e-05,6.15452422214516e-06,2.7489042110689635e-06,1.2277917981771917e-06,5.483904072033748e-07,2.4493732500832555e-07,1.0940069774047812e-07,4.886357220442673e-08,2.1824803112693464e-08,9.74799854818397e-09,4.353921325417618e-09,1.944669032748046e-09,8.685819894934563e-10,3.879501651786504e-10,1.7327705672312465e-10,7.739380230139233e-11,3.4567765334553017e-11,1.543961356971897e-11,6.896068197499893e-12,3.0801131368882455e-12,1.3757255097145083e-12,6.144646621621524e-13,2.7444924033167104e-13,1.2258212743038832e-13,5.475102772082957e-14,2.4454421695278237e-14,1.0922511692378406e-14,4.878514943298708e-15,2.178977576063944e-15,9.732353661253886e-16,4.346933572341744e-16,1.9415479687692803e-16,8.671879733835885e-17,3.8732753106163394e-17,1.729989586144093e-17,7.726959041521808e-18,3.4512286378805184e-18,1.541483402063015e-18,6.885000468398501e-19,3.0751697609203153e-19,1.3735175621096785e-19,6.134784873987324e-20,2.740087676221378e-20,1.2238539129898421e-20,5.466315597631031e-21,2.4415173980942515e-21,1.0904981790257932e-21,4.870685252486016e-22,2.1754804625147055e-22,9.716733883322892e-23,4.33995703414307e-23,1.9384319138898455e-23,8.657961945765154e-24,3.867058962308094e-24,1.7272130683459305e-24,7.714557788082888e-25,3.4456896463077625e-25,1.5390094241063382e-25,6.873950502263456e-26,3.070234318740807e-26,1.3713131581133604e-26,6.124938953799746e-27,2.7356900184189974e-27,1.2218897091593813e-27,5.457542526007519e-28,2.4375989256568346e-28,1.0887480022460167e-28,4.862868127804416e-29,2.1719889615992682e-29,9.701139174092793e-30,4.332991692822493e-30,1.9353208600704832e-30,8.644066494815205e-31,3.86085259082391e-31,1.7244410066734875e-31,7.702176437827899e-32
I141,21837737850.77608,4359158077.729877,869729096.7135136,173509846.97270867,34614357.95717425,6905369.031264317,1377581.1987180847,274819.4482485519,54824.882385460354,10937.245281595026,2181.916841950552,435.27972370825375,86.83577404138738,17.323232033588514,3.4558840685419874,0.6894287781888702,0.1375370327151933,0.02743783834755698,0.005473689219001907,0.0010919691736169658,0.0002178415011196319,4.3458112881399475e-05,8.669640842106074e-06,1.729542940261545e-06,3.450337605314088e-07,6.883222910235634e-08,1.3731629495914143e-08,2.7393802448656173e-09,5.464904313208348e-10,1.0902166359890733e-10,2.174918800526156e-11,4.338836551132522e-12,8.655726647307152e-13,1.7267671393002148e-13,3.4448000437891376e-14,6.872175796962812e-15,1.3709591147245204e-15,2.734983722443344e-16,5.456133506602129e-17,1.0884669110670786e-17,2.171428201040721e-18,4.3318730081123873e-19,8.641834783862035e-20,1.7239957933141295e-20,3.439271369680775e-21,6.861146413569348e-22,1.3687588168654713e-22,2.730594256146068e-23,5.447376776555027e-24,1.086719994336781e-24,2.1679432037344467e-25,4.324920641113951e-26,8.6279652159304e-27,1.7212288951533515e-27,3.4337515687252893e-28,6.850134731599956e-29,1.366562050337605e-29,2.7262118346491793e-30,5.438634100475085e-31,1.0849758812912186e-31,2.1644637996162043e-32,4.317979432200434e-33,8.6141179077294e-34,1.7184664376794094e-34,3.4282406266818495e-35,6.839140722645018e-36,1.3643688094733653e-36,2.7218364466462337e-37,5.429905455806613e-38,1.0832345674306623e-38,2.160989979709297e-39,4.311049363463847e-40,8.600292823533669e-41,1.715708413765302e-41,3.4227385293325027e-42,6.82816435834054e-43,1.362179088614304e-43,2.7174680808489593e-44,5.421190820030168e-45,1.081496048262613e-45,2.15752173505145e-46,4.304130417024974e-47,8.58648992767519e-48,1.7129548162954665e-48,3.4172452624821067e-49,6.817205610368031e-50,1.359992882111039e-50,2.713106725987162e-51,5.41249017066236e-52,1.079760319301767e-52,2.1540590566947435e-53,4.297222575033234e-54,8.572709184543092e-55,1.7102056381657424e-55,3.411760811958281e-56,6.806264450454439e-57,1.35781018432327e-57,2.7087523708087697e-58,5.40380348525597e-59,1.0780273760700323e-59,2.1506019357056428e-60,4.290325819666751e-61,8.558950558583786e-62,1.7074608722833963e-62,3.4062851636114346e-63,6.795340850372124e-64,1.3556309896197422e-64,2.7044050040797647e-65,5.39513074139977e-66,1.0762972140965005e-66,2.1471503631649474e-67,4.283440133132231e-68,8.545214014300662e-69,1.7047205115670581e-69,3.4008183033146463e-70,6.784434781938712e-71,1.353455292378236e-71,2.700064614584138e-72,5.3864719167184945e-73,1.0745698289174366e-73,2.1437043301677664e-74,4.276565497664941e-75
I142,1622358101.3201683,71533106.32252684,3153298.9689364773,138979.4972268657,6124.701928380505,269.88749721964444,11.891996056899801,0.5239724341761404,0.023086023835327336,0.0010171397619056202,4.48131625344839e-05,1.9743580906738197e-06,8.69847197149264e-08,3.832283972289722e-09,1.6883821203737617e-10,7.438453177966575e-12,3.277130163206482e-13,1.4437904311150383e-14,6.360836149396134e-16,2.8023602318036354e-17,1.2346205558465519e-18,5.439298544034396e-20,2.396360670987924e-21,1.0557507416900457e-22,4.651259325513044e-24,2.0491779523381639e-25,9.027942170622803e-27,3.9773869406649886e-28,1.7522937215866714e-29,7.719976117165245e-31,3.401143859849553e-32,1.4984216598092636e-33,6.601506861964326e-35,2.9083864558570525e-36,1.2813304477327794e-37,5.6450809980013164e-39,2.4870196027072728e-40,1.0956913634557477e-41,4.8272219545131924e-43,2.1267003244498866e-44,9.369476502956107e-46,4.127854258487585e-47,1.8185840766684105e-48,8.012027160399274e-50,3.529810913575541e-51,1.5551076943489708e-52,6.85124501022774e-54,3.0184120597309978e-55,1.3298037580665252e-56,5.8586369254201704e-58,2.581104649098313e-59,1.1371418461884583e-60,5.00983785680312e-62,2.2071543172418455e-63,9.723927838271211e-65,4.2840127609106066e-66,1.8873818934951948e-67,8.315125585973039e-69,3.663345174006648e-70,1.6139380848975422e-71,7.110430544093345e-73,3.1325998807176304e-74,1.3801108036729743e-75,6.08027166871426e-77,2.678748942981579e-78,1.1801604090235719e-79,5.199362167461498e-81,2.290651909836155e-82,1.0091788190622727e-83,4.446078797353137e-85,1.958782358377361e-86,8.629690345961679e-88,3.801931089928499e-89,1.6749940534458422e-90,7.379421174968449e-92,3.2511074750113013e-93,1.432320986085949e-94,6.310290948394717e-96,2.7800871620408373e-97,1.2248063824236865e-98,5.396056263662432e-100,2.3773082520187423e-101,1.0473564857310334e-102,4.6142758612449823e-104,2.0328839333827285e-105,8.956155225384832e-107,3.945759770343291e-108,1.7383597954099294e-109,7.658587836518837e-111,3.3740982623130033e-112,1.486506302044112e-113,6.549011955870165e-115,2.8852590492991805e-116,1.2711413321059834e-117,5.600191381708506e-119,2.467242840715633e-120,1.0869784298702729e-121,4.788835892054056e-123,2.109788802686927e-124,9.294970410927775e-126,4.095029551298798e-127,1.8041226905139363e-128,7.948315492362978e-130,3.5017418437401603e-131,1.5427414716970775e-132,6.796763881234504e-134,2.9944096340676223e-135,1.3192291527668032e-136,5.812049018643098e-138,2.560579693396253e-139,1.1280992891150757e-140,4.969999603542902e-142,2.1896030161133176e-143,9.646603119957687e-145,4.249946271957521e-146,1.872373424087219e-147,8.249003669435418e-149,3.634214236486049e-150,1.6011040418875005e-151,7.053888367976883e-153,3.1076894321759295e-154,1.369136156265523e-155
I143,6864149.651726343,660075.3502175218,63474.64581504351,6103.895047766125,586.967194156659,56.44436614981293,5.427844182385135,0.5219562992355407,0.050192741198393176,0.004826670877808484,0.00046414583476525335,4.4633529275927926e-05,4.292081898424593e-06,4.1273830059232067e-07,3.969004059274002e-08,3.8167025449119656e-09,3.670245255179222e-10,3.529407931231985e-11,3.3939749196501467e-12,3.263738842223699e-13,3.13850027841034e-14,3.018067459978047e-15,2.902255977365073e-16,2.7908884973076656e-17,2.683794491303222e-18,2.580809974493042e-19,2.4817772545648484e-20,2.3865446902906214e-21,2.294966459329974e-22,2.2069023349435723e-23,2.1222174712746496e-24,2.0407821968698591e-25,1.9624718161233054e-26,1.8871664183396945e-27,1.8147506941242628e-28,1.7451137588183218e-29,1.6781489827100615e-30,1.6137538277606356e-31,1.5518296905954966e-32,1.4922817515205995e-33,1.4350188293322563e-34,1.3799532416983356e-35,1.3270006708970097e-36,1.2760800347074799e-37,1.2271133622549807e-38,1.1800256746199344e-39,1.134744870028474e-40,1.0912016134485095e-41,1.0493292304222986e-42,1.0090636049729517e-43,9.703430814285371e-45,9.331083700134713e-46,8.97302456062621e-47,8.628705127191038e-48,8.29759816982122e-49,7.97919668976262e-50,7.673013143186535e-51,7.378578694651144e-52,7.095442499209615e-53,6.8231710120658e-54,6.561347324720199e-55,6.309570526589896e-56,6.067455091124835e-57,5.8346302854805195e-58,5.6107396028431635e-59,5.395440216538084e-60,5.188402455085429e-61,4.989309297399478e-62,4.797855887358489e-63,4.6137490670018516e-64,4.436706927639732e-65,4.2664583781878384e-66,4.1027427300664146e-67,3.945309298027734e-68,3.7939170163009763e-69,3.648334069466646e-70,3.5083375374953447e-71,3.3737130544074005e-72,3.2442544800306326e-73,3.119763584353676e-74,3.000049743991538e-75,2.884929650298582e-76,2.774227028682018e-77,2.667772368686116e-78,2.5654026644338076e-79,2.4669611650282487e-80,2.3722971345321783e-81,2.281265621157496e-82,2.19372723531168e-83,2.1095479361611713e-84,2.0285988263848975e-85,1.9507559548036623e-86,1.875900126583193e-87,1.8039167207202067e-88,1.7346955145320353e-89,1.6681305148810672e-90,1.6041197958755587e-91,1.5425653427983155e-92,1.4833729020242547e-93,1.4264518366970434e-94,1.3717149879438059e-95,1.3190785414154147e-96,1.2684618989479878e-97,1.21978755514909e-98,1.1729809787196484e-99,1.1279704983298792e-100,1.0846871928744633e-101,1.04306478593893e-102,1.0030395443156525e-103,9.645501804140627e-105,9.275377584156567e-106,8.919456040300769e-107,8.57719217714113e-108,8.248061912207172e-109,7.931561273502673e-110,7.627205627811875e-111,7.334528938617736e-112,7.053083052495868e-113,6.782437012891455e-114,6.522176400228474e-115,6.271902697340695e-116,6.031232679252817e-117
I144,377900.91018546245,10609.060580500578,297.83512917577804,8.361321296835023,0.23473286721542502,0.006589810030626498,0.00018500006733139737,5.193628458720193e-06,1.4580414459476485e-07,4.093255563038421e-09,1.1491265320963018e-10,3.2260184257527076e-12,9.05661351697327e-14,2.542522626066067e-15,7.137790844163465e-17,2.003838928027692e-18,5.625508700303983e-20,1.5792860241688286e-21,4.433633434786462e-23,1.2446830487467796e-24,3.494280514221617e-26,9.809723306156238e-28,2.753948086070621e-29,7.7313394313705515e-31,2.1704697232819313e-32,6.093302281579464e-34,1.710612790237885e-35,4.80231569500755e-37,1.3481856423690566e-38,3.784850146731574e-40,1.0625458529614432e-41,2.9829547957678515e-43,8.374245016151139e-45,2.350956832803105e-46,6.599995604432242e-48,1.852860136380608e-49,5.201656017290171e-51,1.4602950752162471e-52,4.099582324576209e-54,1.1509026854376576e-55,3.2310047377437154e-57,9.070611918289609e-59,2.546452489254865e-60,7.148823407335272e-62,2.0069361719848553e-63,5.63420379679317e-65,1.5817270557440582e-66,4.440486303134359e-68,1.2466068995101287e-69,3.4996814668909785e-71,9.824885755496086e-73,2.7582047401103328e-74,7.743289415972428e-76,2.1738245209857834e-77,6.102720425626275e-79,1.7132568077053047e-80,4.809738418989348e-82,1.3502694724491838e-83,3.7907002198495965e-85,1.0641881824302707e-86,2.9875654152075846e-88,8.387188711080525e-90,2.3545906013371323e-91,6.610196921622519e-93,1.8557240191910364e-94,5.209695983697344e-96,1.4625521878185165e-97,4.105918865105502e-99,1.15268158409956e-100,3.2359987568534956e-102,9.084631956306938e-104,2.550388426656917e-105,7.159873023045096e-107,2.0100382032130744e-108,5.642912332902976e-110,1.5841718603123e-111,4.44734976365347e-113,1.2485337238833057e-114,3.505090767570619e-116,9.840071640753752e-118,2.7624679734692576e-119,7.75525787112948e-121,2.1771845040499638e-122,6.112153126875885e-124,1.7159049119119284e-125,4.817172615942657e-127,1.3523565234119965e-128,3.79655933516324e-130,1.0658330503740952e-131,2.9921831610749848e-133,8.400152412498581e-135,2.358229986424199e-136,6.620414006531231e-138,1.858592328576676e-139,5.2177483771199775e-141,1.4648127891384979e-142,4.112265199741288e-144,1.1544632323253391e-145,3.2410004949946275e-147,9.09867366446822e-149,2.5543304476608776e-150,7.170939717650326e-152,2.0131450291118336e-153,5.651634329406456e-155,1.5866204437053095e-156,4.454223832715675e-158,1.250463526462498e-159,3.5105084291637064e-161,9.855280998153157e-163,2.7667377963167753e-164,7.767244825390871e-166,2.180549680489269e-167,6.121600407828756e-169,1.7185571091744553e-170,4.824618303600776e-172,1.3544468002358779e-173,3.802427506648638e-175,1.067480460716525e-176,2.9968080443850565e-178,8.413136151328485e-180,2.3618749967455617e-181,6.63064688352985e-183
I145,131.26020189699457,0.5595232549747957,0.0023850814514460882,1.0166893832300903e-05,4.3338448728703554e-08,1.8473893493834202e-10,7.874872101628613e-13,3.3568240846308932e-15,1.430914405940339e-17,6.099563115332949e-20,2.600062592386917e-22,1.1083294584387221e-24,4.724479295382568e-27,2.0139052014318228e-29,8.584679721886104e-32,3.659393991085902e-34,1.5598909704057645e-36,6.649351902202203e-39,2.834421222902455e-41,1.2082295819204704e-43,5.150323850358615e-46,2.195430087170205e-48,9.358466394917215e-51,3.9892362674906256e-53,1.7004929361616095e-55,7.248696321901492e-58,3.0899039478370757e-60,1.3171342794444209e-62,5.614552230019838e-65,2.3933168573304086e-67,1.0201998921580361e-69,4.3488091297707355e-72,1.853768167645296e-74,7.902063109300363e-77,3.3684148035987653e-79,1.4358551851793414e-81,6.120624189763482e-84,2.6090403028797638e-86,1.1121563897740253e-88,4.740792367024603e-91,2.0208589793567963e-93,8.614321611832354e-96,3.672029448373512e-98,1.565277090560604e-100,6.67231133268583e-103,2.84420814619749e-105,1.2124014566388443e-107,5.168107313190732e-110,2.2030106491872857e-112,9.390780079286408e-115,4.003010631385527e-117,1.7063645383763723e-119,7.273725218213103e-122,3.10057302294919e-124,1.3216821892815452e-126,5.633938618876653e-129,2.4015806991031673e-131,1.0237225224606465e-133,4.3638250564911275e-136,1.8601690112167932e-138,7.929348004325279e-141,3.380045543956737e-143,1.440813024348265e-145,6.141757985608277e-148,2.618049012351603e-150,1.1159965350533719e-152,4.7571617657854125e-155,2.0278367678595232e-157,8.644065851740162e-160,3.684708534409833e-162,1.5706818083551992e-164,6.695350039384034e-167,2.8540288625882103e-169,1.2165877363502162e-171,5.185952180229564e-174,2.2106173859939213e-176,9.423205339009275e-179,4.0168325565397916e-181,1.7122564145433744e-183,7.29884053636153e-186,3.111278937123511e-188,1.3262458025167247e-190,5.6533919466553e-193,2.4098730749501454e-195,1.0272573159916029e-197,4.3788928314413504e-200,1.866591956148717e-202,7.956727110885351e-205,3.391716443893961e-207,1.4457879823530423e-209,6.162964753965841e-212,2.6270888278382752e-214,1.1198499399029568e-216,4.77358768615591e-219,2.034838649845712e-221,8.673912795011946e-224,3.697431399839817e-226,1.576105188005017e-228,6.718468296028286e-231,2.863883488758207e-233,1.2207884707933368e-235,5.2038586634966206e-238,2.2182503879685752e-240,9.455742559342358e-243,4.030702207176844e-245,1.7181686346661936e-247,7.324042574751225e-250,3.122021817561e-252,1.3308251733719571e-254,5.672912444488051e-257,2.4181940833961607e-259,1.0308043147491091e-261,4.3940126336472695e-264,1.873037078754477e-266,7.984200754281975e-269,3.403427642076753e-271,1.4507801183030035e-273,6.184244746801673e-276,2.636159856745185e-278,1.1237166501065167e-280,4.790070323298565e-283,2.04186470850732e-285
In127,67106472480.187744,37677195253.47516,20277600591.002174,10786544881.31566,5718707195.132889,3028966549.0112305,1603872121.436095,849199655.9725852,449613841.8437115,238049117.1833014,126035421.56398067,66729583.20834074,35330040.38495045,18705522.098235674,9903655.593138479,5243499.389839674,2776175.479877074,1469848.610522846,778212.6718218512,412025.400596347,218147.2197538624,115498.24214076968,61150.64841371786,32376.265924980722,17141.643178551465,9075.658432681028,4805.115538150775,2544.0727530947006,1346.9616124006232,713.1500398618316,377.57793145159457,199.9089761628369,105.84198763109389,56.03813575922453,29.66944149154224,15.708512542285007,8.316886125459007,4.403382856120553,2.331375022464465,1.2343486071887417,0.6535269827409372,0.3460104501136014,0.18319554471292002,0.09699304628413656,0.05135305578647719,0.02718892167675269,0.014395199090357844,0.007621551134490928,0.0040352371183645765,0.0021364599297561296,0.0011311506356542127,0.0005988887236874045,0.00031708217460576273,0.00016787944316880762,8.888392251538659e-05,4.705967289739705e-05,2.4915786235993792e-05,1.3191685482201368e-05,6.984349769782864e-06,3.697870281434688e-06,1.9578407538348416e-06,1.0365805519520307e-06,5.48818507624047e-07,2.905724535767916e-07,1.5384384747366184e-07,8.145276372264392e-08,4.3125239175994346e-08,2.2832696755625187e-08,1.2088791879084493e-08,6.400421757443768e-09,3.388709068938161e-09,1.7941550711948708e-09,9.499170197289713e-10,5.029344223684236e-10,2.662790832774312e-10,1.409817006701685e-10,7.464288850335533e-11,3.951974460259342e-11,2.092376440367802e-11,1.107810592459884e-11,5.8653131677901665e-12,3.1053953437891978e-12,1.6441543640304763e-12,8.704990101073471e-13,4.608864855853794e-13,2.440167652448535e-13,1.2919489632015134e-13,6.840235431539349e-14,3.6215688151443134e-14,1.917442873727839e-14,1.0151918579139758e-14,5.37494244285431e-15,2.8457681214425876e-15,1.5066944971262419e-15,7.977207596660122e-16,4.2235397528554233e-16,2.236156929326817e-16,1.1839353019456487e-16,6.268356128364879e-17,3.3187868025759195e-17,1.757134664240147e-17,9.30316531895906e-18,4.925569264169618e-18,2.607847086914613e-18,1.380726990928949e-18,7.310271499603949e-19,3.870429835080396e-19,2.0492025650609603e-19,1.0849521452609399e-19,5.744288913045053e-20,3.0413189430208747e-20,1.610229055884025e-20,8.525372251283027e-21,4.5137660233713656e-21,2.3898174898668537e-21,1.2652910242360664e-21,6.699094733387156e-22,3.546841745280774e-22,1.8778785592282124e-22,9.942444959381377e-23,5.264036446049808e-23,2.78704884146171e-23
In127_m1,28631571033.41696,23703946415.801792,19624388582.359478,16246941352.124819,13450768271.917624,11135829396.04594,9219302112.039268,7632617958.679535,6319009421.231695,5231478934.460244,4331117429.536393,3585712266.7300463,2968594749.266493,2457685985.3311963,2034706961.5971818,1684524566.71926,1394610167.182631,1154591364.729743,955880898.3886575,791369414.1634092,655171110.4689325,542413159.1525705,449061368.1230426,371775848.24009866,307791520.5940709,254819189.03034443,210963638.54584113,174655829.32688966,144596760.50399166,119710995.2117109,99108184.19879253,82051211.4013475,67929821.8089101,56238788.09563196,46559834.874328166,38546673.86925928,31912614.604273237,26420307.348309305,21873251.346997343,18108764.526523866,14992163.143688532,12411943.14486557,10275790.835175833,8507280.129780777,7043138.223368128,5830981.850452765,4827443.145656475,3996618.0520243156,3308781.7653820356,2739325.2566077444,2267874.823295478,1877563.170613289,1554425.942486919,1286902.1125329717,1065420.360002621,882056.6323213889,730250.6426855174,604571.1597215324,500521.69187127164,414379.6143849659,343062.9832962264,284020.27132244175,235139.08072215132,194670.56708810935,161166.87015199344,133429.31303443087,110465.51664154125,91453.89487041574,75714.2603524817,62683.4890831732,51895.37328038511,42963.94165833778,35569.6503587681,29447.950486160258,24379.8232225688,20183.943892565483,16710.194628528,13834.293535969311,11453.348204132904,9482.174477796581,7850.2487853231,6499.184985023309,5380.6454578259545,4454.611710474217,3687.952615839479,3053.2390656399934,2527.7626268601516,2092.7230918983432,1732.5558550584808,1434.375050630558,1187.5125294601078,983.1361797633173,813.9339366794275,673.852175227606,557.8791270351189,461.86557203936144,382.37638996989733,316.567660500901,262.0849150307194,216.97889979656927,179.63583654332552,148.7196856508837,123.12434604196153,101.9340817048762,84.39075899315007,69.86672253603336,57.8423393291591,47.88740759013051,39.64576523528076,32.82254730813487,27.173636462843334,22.49692906777407,18.62510445271117,15.419638601755361,12.765848117116654,10.568787139455976,8.749850427043842,7.243961060566901,5.997242156828309,4.965089291192846,4.110574664964894,3.4031259228757715
In128,17462229495.23223,8303745843.035634,3693244191.6933637,1622842533.9309134,711450183.732641,311760413.28128695,136603134.12518975,59854016.43953321,26225548.382760447,11490941.072943132,5034850.353790358,2206061.0496856724,966603.7701882028,423525.38154585287,185571.12471287575,81309.51255028926,35626.430789578866,15610.013281265617,6839.655537778836,2996.8512539070643,1313.094992640647,575.343356614725,252.09141749525259,110.45592522122675,48.39717090609401,21.205617960488972,9.291415689539622,4.071110102835809,1.7837903311193914,0.7815823853986676,0.34245674197714043,0.15005023439183254,0.06574574269163261,0.028807037187205127,0.012622039960781097,0.005530450484589102,0.0024232123062141744,0.0010617503759142854,0.0004652146482845111,0.0002038376193576722,8.931312721690708e-05,3.913328029634481e-05,1.7146568197450724e-05,7.512909695364581e-06,3.2918430930741534e-06,1.4423480899957976e-06,6.319766628887929e-07,2.769057658177496e-07,1.2132853576051586e-07,5.316109452007369e-08,2.3292970222194936e-08,1.0206006228242493e-08,4.471845459694628e-09,1.959375819314494e-09,8.585166092874129e-10,3.7616610410157037e-10,1.6482026829090966e-10,7.22173543636253e-11,3.1642626998254136e-11,1.3864476927653253e-11,6.074834446837648e-12,2.661738610771501e-12,1.1662626354797097e-12,5.110075532630288e-13,2.2390215681089618e-13,9.81045691095036e-14,4.298532277333115e-14,1.8834372248911562e-14,8.252434903912196e-15,3.6158721375618965e-15,1.5843240773699718e-15,6.941846079288369e-16,3.041626879049076e-16,1.332713800577702e-16,5.839394984586489e-17,2.5585788765174402e-17,1.1210623505758294e-17,4.912026771632101e-18,2.1522448767311825e-18,9.430237709955554e-19,4.131936111346828e-19,1.8104417463653124e-19,7.932599218998807e-20,3.4757335051289286e-20,1.5229211844892086e-20,6.6728042605786e-21,2.9237439963073445e-21,1.281062447229949e-21,5.613080337319207e-22,2.4594172548985915e-22,1.0776138715630396e-22,4.721653692036753e-23,2.0688313482070947e-23,9.064754483249952e-24,3.9717966335347104e-24,1.740275318797364e-24,7.625159253231944e-25,3.3410261588568134e-25,1.4638980542516905e-25,6.41418956736079e-26,2.810429844246955e-26,1.2314129207571756e-26,5.3955368589320804e-27,2.364098792969811e-27,1.0358493045356589e-27,4.538658811119791e-28,1.9886506380374889e-28,8.713436115703963e-29,3.81786360511166e-29,1.6728282980081957e-29,7.329634591634794e-30,3.2115396009773964e-30,1.4071624553313024e-30,6.165597880503779e-31,2.7015073547511983e-31,1.1836876373096368e-31,5.1864246094148e-32,2.2724745432233532e-32,9.957033869197363e-33,4.3627561755528545e-33,1.9115774534227723e-33,8.375733626624761e-34
In128_m1,11808055101.427465,4509009547.424049,1721804897.0912583,657486322.0995158,251066926.6176655,95872110.98164777,36609607.597079135,13979700.193194577,5338271.29868491,2038465.7799911676,778406.0613814575,297241.1910677349,113504.15939794264,43342.56014233828,16550.737256297063,6320.044381951495,2413.3644544831113,921.5644128695398,351.90746490441563,134.37895618152908,51.31378463182678,19.59461933671005,7.482377487947585,2.8572115594640017,1.091051328095183,0.4166275320409154,0.15909288223639018,0.060751014351582144,0.023198308389826568,0.008858477803103258,0.0033826875507218727,0.0012917089504700509,0.0004932504074662098,0.0001883520001754633,7.192386551151097e-05,2.7464759733365486e-05,1.0487659719718089e-05,4.0048049742439605e-06,1.529269952530485e-06,5.839651625368082e-07,2.2299222612225014e-07,8.515154002499668e-08,3.251586342141609e-08,1.2416468025473352e-08,4.741337365996601e-09,1.8105213150853775e-09,6.913634654827972e-10,2.6400321135232946e-10,1.0081194492345793e-10,3.849592657298049e-11,1.4700007661170232e-11,5.613327031596455e-12,2.1434982273433115e-12,8.185136238743596e-13,3.1255661605948823e-13,1.1935248894226565e-13,4.5575796143129584e-14,1.7403518037105065e-14,6.645686212845234e-15,2.5377136476337254e-15,9.690482443993246e-16,3.700395830116721e-16,1.4130286473025843e-16,5.3957739921969164e-17,2.0604236885392832e-17,7.86790881610908e-18,3.004430083139514e-18,1.1472680143410245e-18,4.380943674197917e-19,1.6729018186320448e-19,6.388122520873961e-20,2.4393606897424747e-20,9.314913036212075e-21,3.556981353231279e-21,1.3582645697334422e-21,5.186652552218814e-22,1.9805688300267781e-22,7.562976025443538e-23,2.887988818881918e-23,1.1028038949122325e-23,4.2111535289961124e-24,1.6080659604659615e-24,6.140541102109272e-25,2.3448195505467583e-25,8.953899392901513e-26,3.419125122848268e-26,1.305622957407824e-26,4.985635932183465e-27,1.9038088681918527e-27,7.2698613695577135e-28,2.7760604131854257e-28,1.06006305016021e-28,4.047943859498092e-29,1.5457429147418997e-29,5.902555078347953e-30,2.253942497206826e-30,8.606877383237965e-31,3.286611720658089e-31,1.2550215509522485e-31,4.792410017448618e-32,1.830023855599571e-32,6.988106818636634e-33,2.668469963342441e-33,1.0189786919499391e-33,3.891059629344468e-34,1.4858352935861136e-34,5.673792565440763e-35,2.1665875224941364e-35,8.273304740147162e-36,3.159234077215858e-36,1.2063812790805528e-36,4.606672867363448e-37,1.7590984935605571e-37,6.717272094508556e-38,2.56504934526624e-38,9.794866206223149e-39,3.740255686498472e-39,1.428249483540259e-39,5.453896092175222e-40,2.0826181228866295e-40,7.952660212941371e-41,3.0367931483684456e-41
In129,23297480010.631462,7739282854.8224125,2488008842.682449,798712794.7211077,256389848.99358243,82301788.80546033,26419070.079090316,8480583.642363038,2722287.2451726003,873860.5882956735,280511.2973599185,90044.78400743018,28904.586741216655,9278.440099305692,2978.4010215005874,956.0737095809737,306.90190191084554,98.5162299230783,31.62394073750684,10.151359106516763,3.258610069024092,1.0460214706746522,0.33577534406872117,0.10778467253807973,0.034599132543107106,0.011106402650270752,0.0035651812852896415,0.0011444315497304276,0.0003673652101289947,0.00011792509359333002,3.785423147203474e-05,1.2151297036743962e-05,3.900594832687695e-06,1.2521000846891347e-06,4.019270622368845e-07,1.2901952913650692e-07,4.1415571287895114e-08,1.32944954657828e-08,4.267564208184128e-09,1.3698981144375362e-09,4.397405059168467e-10,1.411577331963847e-10,4.531196324431749e-11,1.454524641733879e-11,4.669058195522766e-12,1.4987786255165331e-12,4.811114520824088e-13,1.544379038932928e-13,4.9574929168114116e-14,1.5913668471709092e-14,5.108324882697992e-15,1.6397842617861767e-15,5.263745918567114e-16,1.6896747786230956e-16,5.423895647098768e-17,1.7410832168892297e-17,5.5889179389998414e-18,1.7940557594187377e-18,5.758961042250573e-19,1.848639994160785e-19,5.934177715283272e-20,1.9048849569302262e-20,6.114725364213086e-21,1.9628411754589974e-21,6.300766184243952e-22,2.0225607147877658e-22,6.492467305376853e-23,2.0840972240386165e-23,6.690000942551307e-24,2.147505984610824e-24,6.893544550354804e-25,2.212843959842946e-25,7.103280982439413e-26,2.2801698461859218e-26,7.319398655788534e-27,2.3495441259330953e-27,7.542091719981596e-28,2.421029121554568e-28,7.771560231608508e-29,2.4946890516846538e-29,8.008010333990784e-30,2.57059008881278e-30,8.25165444237062e-31,2.648800418729613e-31,8.502711434734415e-32,2.7293903017818586e-32,8.761406848442061e-33,2.8124321359907358e-33,9.027973082838759e-34,2.8980005220908077e-34,9.302649608031164e-35,2.986172330547659e-35,9.585683180015738e-36,3.077026770614574e-36,9.877328062352266e-37,3.170645461490268e-37,1.0177846254581869e-37,3.2671125056415945e-38,1.0487507727594589e-38,3.366514564357091e-39,1.0806590666158057e-39,3.4689409355992662e-40,1.1135381718825174e-40,3.5744836342255317e-41,1.147417625544513e-41,3.6832374746498556e-42,1.1823278632509338e-42,3.7953001560194245e-43,1.2183002466570433e-43,3.910772349982787e-44,1.255367091598009e-44,4.029757791128345e-45,1.293561697119873e-45,4.152363370174455e-46,1.33291837539379e-46,4.278699229994839e-47,1.3734724825404124e-47,4.4088788645655713e-48,1.415260450392102e-48,4.5430192209225365e-49,1.4583198192215105e-49,4.681240804220931e-50
In129_m1,38881962410.745026,22131372205.329662,12597039998.050165,7170157152.490587,4081209045.8845587,2322998913.6882863,1322236595.1674407,752608881.2603656,428380314.250984,243831421.88071856,138787335.26849136,78996891.71460219,44964541.53036363,25593538.5703546,14567683.651570221,8291835.315732423,4719661.309766055,2686401.9883075873,1529083.3746586514,870344.787129372,495394.86272445734,281975.6878457686,160498.81522553993,91354.93164535445,51998.6613246934,29597.315994463414,16846.60896568351,9588.98549097284,5457.991156166012,3106.6547643471417,1768.2886521238697,1006.4989496466151,572.8929688164827,326.0871298818518,185.60677484705835,105.64622676647359,60.13317800058764,34.227432508719545,19.482042610944386,11.089058000420021,6.311823138483452,3.5926506408376695,2.0449144952139013,1.163952666369173,0.6625146492524593,0.37709923535232026,0.21464254935911015,0.1221732097980361,0.06954023438932584,0.039581870746593965,0.022529755695510814,0.012823797413442882,0.007299226069006689,0.004154674273832175,0.002364814866460486,0.0013460379765160913,0.0007661564801203048,0.0004360915236207806,0.0002482205944979172,0.0001412856251397302,8.041890283721752e-05,4.5773941454736364e-05,2.6054243994634005e-05,1.4829914325887322e-05,8.44109539153978e-06,4.804619220536928e-06,2.734759504967746e-06,1.5566081736599392e-06,8.860117322577918e-07,5.043123908650051e-07,2.8705148963645804e-07,1.6338793016998476e-07,9.29993979792301e-08,5.293468137763386e-08,3.0130092811755774e-08,1.714986223056014e-08,9.761595371270747e-09,5.556239631045836e-09,3.1625771877886734e-09,1.800119349215089e-09,1.0246167853010794e-09,5.832055286659083e-10,3.3195697508169973e-10,1.8894785438242653e-10,1.0754794854645262e-10,6.121562626024811e-11,3.484355535443622e-11,1.9832735919032004e-11,1.1288670459513915e-11,6.425441313984985e-12,3.657321402687385e-12,2.0817246923479525e-12,1.1849048026096047e-12,6.74440475442385e-13,3.838873417621032e-13,2.1850629748831404e-13,1.2437243130470128e-13,7.079201765097827e-14,4.029437802674032e-14,2.2935310426759897e-14,1.3054636654839449e-14,7.430618335605135e-15,4.229461938258004e-15,2.407383541886134e-15,1.3702678029374183e-15,7.799479472622184e-16,4.439415413063822e-16,2.526887759488219e-16,1.4382888634980744e-16,8.186651136738894e-17,4.6597911264963294e-17,2.652324250770926e-17,1.509686537498732e-17,8.593042275439928e-18,4.891106445834607e-18,2.7839874979854067e-18,1.5846284424129935e-18,9.019606957004353e-19,5.133904420834484e-19,2.9221866016895367e-19,1.6632905163641238e-19,9.467346610333815e-20
In130,35184244022.602356,6334926294.96153,622183704.1277134,57580706.60443637,5283275.792144087,484137.46987017896,44355.68984923248,4063.658055373913,372.2914259167922,34.107400338704856,3.124741957307826,0.2862725406140595,0.0262267951842055,0.002402762011037588,0.00022012850753693651,2.0167024285988807e-05,1.8475974470635961e-06,1.6926722941306323e-07,1.5507379596518542e-08,1.4207051346228256e-09,1.3015758510205014e-10,1.1924358226589359e-11,1.0924474282812253e-12,1.0008432830347915e-13,9.169203489927565e-15,8.400345395211813e-16,7.695957760821129e-17,7.05063459534685e-18,6.459423211776799e-19,5.917786216914047e-20,5.421566688067313e-21,4.966956269753349e-22,4.5504659455617165e-23,4.168899260863659e-24,3.81932779085641e-25,3.499068665666469e-26,3.2056639800229223e-27,2.936861929475473e-28,2.690599528382487e-29,2.4649867770341588e-30,2.2582921563975987e-31,2.068929339159794e-32,1.8954450150791564e-33,1.7365077372083886e-34,1.5908977033863843e-35,1.4574973945747198e-36,1.3352829981904656e-37,1.223316550611586e-38,1.1207387385507375e-39,1.0267623040498754e-40,9.406660024807211e-42,8.617890671803214e-43,7.895261382392203e-44,7.233226165220148e-45,6.6267040726361604e-46,6.071040205744225e-47,5.561969989268083e-48,5.095586442048035e-49,4.668310191979404e-50,4.276862005265008e-51,3.9182376191509384e-52,3.589684684993322e-53,3.2886816447002226e-54,3.0129183784308568e-55,2.7602784750282174e-56,2.528822989115355e-57,2.3167755601952234e-58,2.122508779547107e-59,1.9445317002890558e-60,1.7814783947493795e-61,1.6320974713279593e-62,1.4952424703920465e-63,1.3698630654975455e-64,1.2549970024074528e-65,1.1497627140415176e-66,1.0533525546787916e-67,9.650266014873321e-69,8.841069758094177e-70,8.099726406196219e-71,7.420546342275954e-72,6.798317036454618e-73,6.228263041070614e-74,5.706009340364062e-75,5.227547773371693e-76,4.789206272336704e-77,4.387620680546261e-78,4.019708933306051e-79,3.6826474038974605e-80,3.373849232978812e-81,3.090944475114531e-82,2.8317619100619244e-83,2.5943123792220262e-84,2.376773519366064e-85,2.1774757764729033e-86,1.9948895923373076e-87,1.8276136656095804e-88,1.6743641971731303e-89,1.5339650373210264e-90,1.4053386591137144e-91,1.2874978886407387e-92,1.1795383287184077e-93,1.0806314178772572e-94,9.90018071368829e-96,9.070028553881863e-97,8.309486498008023e-98,7.61271758411677e-99,6.974374292492496e-100,6.389557504834677e-101,5.85377890480246e-102,5.362926531357181e-103,4.913233220533688e-104,4.501247693439278e-105,4.123808068588206e-106,3.7780175952857935e-107,3.461222421822261e-108,3.1709912278528995e-109,2.9050965646484514e-110,2.6614977600069656e-111,2.4383252566268074e-112,2.2338662637418966e-113,2.0465516118992254e-114,1.8749437099925008e-115
In130_m1,2115215053.8393106,585991847.1036001,162341150.25260022,44974429.585669555,12459560.089410856,3451753.341883522,956261.7819332193,264919.44962878345,73392.36610474378,20332.366725057203,5632.808404789837,1560.4937169448847,432.31377061462825,119.76670859587846,33.179753833649265,9.192003999844808,2.5465209282979804,0.7054793316418371,0.19544354882112097,0.05414500335097932,0.015000144059811208,0.004155587919287107,0.0011512496737409539,0.00031893821934009784,8.835753883455257e-05,2.4478266308292345e-05,6.7813740554910695e-06,1.8786883638449797e-06,5.204653127176511e-07,1.4418790628366003e-07,3.9945317796315926e-08,1.1066312390372068e-08,3.0657728283888356e-09,8.493310782971009e-10,2.352957381191276e-10,6.518551574496654e-11,1.8058769346625315e-11,5.002938867439986e-12,1.3859968434681274e-12,3.8397176159911543e-13,1.0637420597337628e-13,2.9469541326010735e-14,8.164139586459664e-15,2.261764933829071e-15,6.265915179087677e-16,1.7358874233253317e-16,4.809042351093233e-17,1.3322804246317766e-17,3.690903511077471e-18,1.0225151159035574e-18,2.8327404363546893e-19,7.847725921066778e-20,2.174106788669858e-20,6.0230700920016755e-21,1.6686104621089e-21,4.622660589583094e-22,1.2806458674289494e-22,3.547856923475228e-23,9.828859850788884e-24,2.722953265878062e-24,7.543575349241462e-25,2.0898459684482794e-25,5.789636836170389e-26,1.6039409220015264e-26,4.443502337139325e-27,1.2310124861409236e-27,3.4103543242658647e-28,9.4479274158292e-29,2.617421064422458e-29,7.251212596113203e-30,2.008850804661524e-30,5.565250641737291e-31,1.5417777484264634e-31,4.2712876356650995e-32,1.1833027221469007e-32,3.2781808477345376e-33,9.081758597627412e-34,2.5159789241822324e-34,6.970180806813032e-35,1.930994731820174e-35,5.3495608760573185e-36,1.482023803331029e-36,4.105747377266103e-37,1.137442022728579e-37,3.15112995561448e-38,8.729781209727973e-39,2.4184683286049555e-39,6.70004083257833e-40,1.8561560896731318e-40,5.142230495787618e-41,1.4245857133957237e-41,3.946622883734347e-42,1.0933587245718028e-42,3.0290031143440405e-43,8.39144524163293e-44,2.324736904688633e-44,6.440370544525672e-45,1.7842179330976555e-45,4.9429355202135e-46,1.3693737241262778e-46,3.7936655023298343e-47,1.0509839417833249e-47,2.9116094848321745e-48,8.066221999339002e-49,2.2346381848790685e-49,6.190764174019544e-50,1.715067849357362e-50,4.751364524986351e-51,1.3163015596005617e-51,3.646636217228247e-52,1.0102514582476133e-52,2.7987656242474813e-53,7.753603279184275e-54,2.1480313781952172e-54,5.950831678605916e-55,1.6485977824426994e-55,4.567218155482586e-56,1.2652862876512299e-56,3.5053052760276343e-57,9.710976241555595e-58,2.690295199364938e-58,7.453100573713916e-59
In130_m2,2115215053.839311,585991847.1036001,162341150.25260022,44974429.585669555,12459560.089410856,3451753.341883522,956261.7819332193,264919.44962878345,73392.36610474378,20332.366725057203,5632.808404789837,1560.4937169448847,432.31377061462825,119.76670859587846,33.179753833649265,9.192003999844808,2.5465209282979804,0.7054793316418371,0.19544354882112097,0.05414500335097932,0.015000144059811208,0.004155587919287107,0.0011512496737409539,0.00031893821934009784,8.835753883455257e-05,2.4478266308292345e-05,6.7813740554910695e-06,1.8786883638449797e-06,5.204653127176511e-07,1.4418790628366003e-07,3.9945317796315926e-08,1.1066312390372068e-08,3.0657728283888356e-09,8.493310782971009e-10,2.352957381191276e-10,6.518551574496654e-11,1.8058769346625315e-11,5.002938867439986e-12,1.3859968434681274e-12,3.8397176159911543e-13,1.0637420597337628e-13,2.9469541326010735e-14,8.164139586459664e-15,2.261764933829071e-15,6.265915179087677e-16,1.7358874233253317e-16,4.809042351093233e-17,1.3322804246317766e-17,3.690903511077471e-18,1.0225151159035574e-18,2.8327404363546893e-19,7.847725921066778e-20,2.174106788669858e-20,6.0230700920016755e-21,1.6686104621089e-21,4.622660589583094e-22,1.2806458674289494e-22,3.547856923475228e-23,9.828859850788884e-24,2.722953265878062e-24,7.543575349241462e-25,2.0898459684482794e-25,5.789636836170389e-26,1.6039409220015264e-26,4.443502337139325e-27,1.2310124861409236e-27,3.4103543242658647e-28,9.4479274158292e-29,2.617421064422458e-29,7.251212596113203e-30,2.008850804661524e-30,5.565250641737291e-31,1.5417777484264634e-31,4.2712876356650995e-32,1.1833027221469007e-32,3.2781808477345376e-33,9.081758597627412e-34,2.5159789241822324e-34,6.970180806813032e-35,1.930994731820174e-35,5.3495608760573185e-36,1.482023803331029e-36,4.105747377266103e-37,1.137442022728579e-37,3.15112995561448e-38,8.729781209727973e-39,2.4184683286049555e-39,6.70004083257833e-40,1.8561560896731318e-40,5.142230495787618e-41,1.4245857133957237e-41,3.946622883734347e-42,1.0933587245718028e-42,3.0290031143440405e-43,8.39144524163293e-44,2.324736904688633e-44,6.440370544525672e-45,1.7842179330976555e-45,4.9429355202135e-46,1.3693737241262778e-46,3.7936655023298343e-47,1.0509839417833249e-47,2.9116094848321745e-48,8.066221999339002e-49,2.2346381848790685e-49,6.190764174019544e-50,1.715067849357362e-50,4.751364524986351e-51,1.3163015596005617e-51,3.646636217228247e-52,1.0102514582476133e-52,2.7987656242474813e-53,7.753603279184275e-54,2.1480313781952172e-54,5.950831678605916e-55,1.6485977824426994e-55,4.567218155482586e-56,1.2652862876512299e-56,3.5053052760276343e-57,9.710976241555595e-58,2.690295199364938e-58,7.453100573713916e-59
In131,3473216359.3279214,333462512.72760826,28051999.142609417,2359699.4984363057,198495.00059590756,16697.153721162063,1404.543900607757,118.14849414928648,9.938505064671725,0.8360147425637087,0.07032452519124917,0.0059156120001050815,0.0004976139581549816,4.185867013358376e-05,3.5210995122577945e-06,2.961905319890915e-07,2.49151808787499e-08,2.0958341715112196e-09,1.7629897594765175e-10,1.4830051605551984e-11,1.247485582041264e-12,1.0493694282346404e-13,8.827165722521931e-15,7.425302528962506e-16,6.246072565052607e-17,5.254118917812493e-18,4.419699789748217e-19,3.717796748999572e-20,3.1273646004040484e-21,2.630700386322139e-22,2.2129125979431137e-23,1.8614746824063798e-24,1.5658494585193772e-25,1.3171731799090627e-26,1.1079897728561136e-27,9.320272804510778e-29,7.840098101860742e-30,6.594993465969341e-31,5.547626860160799e-32,4.6665950373392856e-33,3.925481974807591e-34,3.3020668412927435e-35,2.7776577486130127e-36,2.3365313118281326e-37,1.9654612141756376e-38,1.6533216417315118e-39,1.3907536975560541e-40,1.1698847934030346e-41,9.840926054992561e-43,8.278065170684538e-44,6.963405942404699e-45,5.857530874537371e-46,4.927282457743643e-47,4.144769005644501e-48,3.486528376945976e-49,2.9328245088436073e-50,2.4670556696309418e-51,2.0752566881193962e-52,1.7456802351884262e-53,1.468444603009127e-54,1.2352374212874555e-55,1.039066427035927e-56,8.740498151909184e-58,7.352398841473332e-59,6.184746885655554e-60,5.202532515491363e-61,4.376305946734956e-62,3.6812943854554415e-63,3.096659264075558e-64,2.604871437522542e-65,2.1911856059650737e-66,1.8431982057260244e-67,1.5504755125914201e-68,1.3042408069178404e-69,1.0971112207935642e-70,9.228763771282366e-72,7.763121835954659e-73,6.5302419840248925e-74,5.493158715146886e-75,4.6207771080476903e-76,3.8869404998953584e-77,3.269646229724796e-78,2.7503859315164154e-79,2.3135905969007943e-80,1.9461637687757431e-81,1.6370888695558674e-82,1.3770988905572054e-83,1.1583985387967185e-84,9.744305103197155e-86,8.196788822163445e-87,6.895037284197831e-88,5.800020005630717e-89,4.878905026781194e-90,4.1040745096123675e-91,3.45229667066552e-92,2.9040292212954816e-93,2.4428334302197376e-94,2.054881240188442e-95,1.7285406606289009e-96,1.4540270050708122e-97,1.2231095163859102e-98,1.0288645835714164e-99,8.654681507633631e-101,7.280210942684879e-102,6.12402331885236e-103,5.151452602830273e-104,4.333338156553575e-105,3.6451504122791254e-106,3.066255401287742e-107,2.579296084533237e-108,2.169671935643228e-109,1.8251011725820236e-110,1.5352525123448045e-111,1.2914354075651154e-112,1.0863394773838343e-113,9.138153199218978e-115,7.686901344458006e-116,6.466126250157476e-117,5.439225353545059e-118,4.575409031941937e-119,3.848777435914047e-120,3.2375439327473637e-121
In131_m1,2427327027.7366714,334998289.6976352,46233512.3442276,6380742.019946308,880613.7942100716,121534.55697298115,16773.128737857627,2314.879443871184,319.4792649246551,44.091713279941175,6.08514978403693,0.8398187582112041,0.11590438554094425,0.0159961020830704,0.0022076410711967314,0.0003046791695829917,4.2049134521428275e-05,5.803251060521059e-06,8.009135801422158e-07,1.1053503564924645e-07,1.5255071719236755e-08,2.1053705894439043e-09,2.9056469877528355e-10,4.010117962019756e-11,5.534411488076266e-12,7.6381071104261e-13,1.0541442456173558e-13,1.454837009357143e-14,2.007837857669739e-15,2.771040904763065e-16,3.824346506137615e-17,5.27802609260203e-18,7.284266577173328e-19,1.0053102928327139e-19,1.3874406903811864e-20,1.914823396367778e-21,2.6426705405836724e-22,3.6471810399414206e-23,5.033517925836592e-24,6.946817948506669e-25,9.587386062934055e-26,1.3231665519534935e-26,1.8261178935697345e-27,2.520247021278069e-28,3.47822288507597e-29,4.800336767040817e-30,6.625001858240765e-31,9.143243849691443e-32,1.2618699569258628e-32,1.7415217338273377e-33,2.40349485519225e-34,3.3170918322334006e-35,4.5779578848274394e-36,6.318094118347898e-37,8.719676828090137e-38,1.2034129685648563e-38,1.6608445490144136e-39,2.292151313011408e-40,3.1634252855619436e-41,4.3658808563494104e-42,6.02540408930578e-43,8.315731838312279e-44,1.1476640401505054e-44,1.5839047899383674e-45,2.185965836535843e-46,3.016877446710533e-47,4.1636284411901573e-48,5.746273125940113e-49,7.930499876320152e-50,1.0944977189545683e-50,1.5105293177970576e-51,2.0846994748457364e-52,2.8771185366731003e-53,3.9707455074216436e-54,5.480073095264543e-55,7.563114048309471e-56,1.0437943639321978e-56,1.440553014561708e-57,1.988124346585976e-58,2.743834053681469e-59,3.786798007413524e-60,5.226204962982695e-61,7.2127476199240405e-62,9.954398764917353e-63,1.3738184114090996e-63,1.896023127161003e-64,2.616724065476865e-65,3.6113720010886423e-66,4.984097445471473e-67,6.878612155841866e-68,9.493254437367776e-69,1.3101753343668934e-69,1.80818855968571e-70,2.4955025343674326e-71,3.444072724426882e-72,4.753205724212144e-73,6.559955745546213e-74,9.053472936027313e-75,1.249480566374677e-75,1.7244229885918713e-76,2.3798966735529257e-77,3.284523701121218e-78,4.533010219776291e-79,6.256061311289037e-80,8.634064613368333e-81,1.1915975250002643e-81,1.6445379148405755e-82,2.2696463332680947e-83,3.1323658953869036e-84,4.323015422607699e-85,5.96624499443916e-86,8.234085667961438e-87,1.1363959550860064e-87,1.5683535717397457e-88,2.164503415363402e-89,2.9872569040173565e-90,4.1227487779690735e-91,5.689854616583977e-92,7.852636020623625e-93,1.0837516356334747e-93,1.4956985204122025e-94,2.064231315005686e-95
In131_m2,0.0,0.0,0.0,0.0,0.0,0.0,0.0,0.0,0.0,0.0,0.0,0.0,0.0,0.0,0.0,0.0,0.0,0.0,0.0,0.0,0.0,0.0,0.0,0.0,0.0,0.0,0.0,0.0,0.0,0.0,0.0,0.0,0.0,0.0,0.0,0.0,0.0,0.0,0.0,0.0,0.0,0.0,0.0,0.0,0.0,0.0,0.0,0.0,0.0,0.0,0.0,0.0,0.0,0.0,0.0,0.0,0.0,0.0,0.0,0.0,0.0,0.0,0.0,0.0,0.0,0.0,0.0,0.0,0.0,0.0,0.0,0.0,0.0,0.0,0.0,0.0,0.0,0.0,0.0,0.0,0.0,0.0,0.0,0.0,0.0,0.0,0.0,0.0,0.0,0.0,0.0,0.0,0.0,0.0,0.0,0.0,0.0,0.0,0.0,0.0,0.0,0.0,0.0,0.0,0.0,0.0,0.0,0.0,0.0,0.0,0.0,0.0,0.0,0.0,0.0,0.0,0.0,0.0,0.0,0.0,0.0,0.0
In132,1607808891.192341,56491517.25271111,1984869.9301237962,69739.82698828241,2450.358783989545,86.09511135270736,3.0250134173276684,0.10628601358704977,0.003734435232424917,0.0001312120573019191,4.610229635773512e-06,1.6198372109705126e-07,5.691414088540286e-09,1.999719114232925e-10,7.026156371015576e-12,2.4686903774933123e-13,8.673920502351666e-15,3.0476441098908247e-16,1.0708115918325581e-17,3.7623732426029634e-19,1.3219367930477363e-20,4.644719628093914e-22,1.631955516864249e-23,5.73399262447324e-25,2.014679387872585e-26,7.078720364227063e-28,2.4871591130852412e-29,8.738811727984416e-31,3.0704441069082814e-32,1.07882253412756e-33,3.7905202622735004e-35,1.3318264500588457e-36,4.679467646513704e-38,1.6441644820765487e-39,5.776889698416954e-41,2.0297515821243844e-42,7.131677598527492e-44,2.5057660167510098e-45,8.80418841704321e-47,3.093414674978414e-48,1.0868934077839197e-49,3.8188778550757517e-51,1.341790093448366e-52,4.7144756213745434e-54,1.6564647848467795e-55,5.820107693414029e-57,2.0449365342874144e-58,7.185031015827178e-60,2.52451212215189e-61,8.870054201370937e-63,3.1165570901752446e-64,1.0950246611593855e-65,3.847447596346782e-67,1.3518282767222545e-68,4.749745497459271e-70,1.6688571084883274e-71,5.863649010335006e-73,2.0602350879247364e-74,7.238783580045395e-76,2.5433984706821504e-77,8.936412739981012e-79,3.139872638119356e-80,1.1032167459659588e-81,3.876231073209074e-83,1.3619415575273727e-84,4.7852792341000796e-86,1.681342141426593e-87,5.907516068011844e-89,2.0756480929102907e-90,7.292938277275095e-92,2.5624261115269434e-93,9.003267719260599e-95,3.163362614049276e-96,1.1114701172949781e-97,3.90522988465865e-99,1.3721304976824235e-100,4.821078805287236e-102,1.6939205772372036e-103,5.9517113033722026e-105,2.091176405476071e-106,7.347498115948766e-108,2.581596101720571e-109,9.070622853175455e-111,3.187028322893493e-112,1.1197852336424146e-113,3.9344456416539394e-115,1.382395663209195e-116,4.857146199778852e-118,1.706593114684565e-119,5.996237171574884e-121,2.1068208882597082e-122,7.402466127005484e-124,2.6009095062052e-125,9.138481883476191e-127,3.210871079342881e-128,1.1281625569343269e-129,3.963879967205258e-131,1.392737624363988e-132,4.893483421211282e-134,1.7193604577606653e-135,6.041096146146166e-137,2.1225824103523815e-138,7.457845364059394e-140,2.6203673978900302e-141,9.206848579906122e-143,3.234892207923767e-144,1.1366025525525272e-145,3.993534496464939e-147,1.403156955669289e-148,4.930092488210442e-150,1.7322233157241833e-151,6.08629071911724e-153,2.1384618473471048e-154,7.513638903569278e-156,2.6399708577108994e-157,9.275726740410768e-159,3.259093043071515e-160,1.1451056893604416e-161,4.023410876818223e-163,1.4136542359457065e-164,4.9669754345040186e-166,1.7451824031399084e-167
In133,35193641.0578177,527278.4041167716,7899.79402788083,118.35634684769093,1.7732392502502654,0.0265670369386656,0.0003980328382652307,5.963410247941363e-06,8.934504484666412e-08,1.3385859276423414e-09,2.0054971025614816e-11,3.004677208482611e-13,4.501669494133858e-15,6.744494276191954e-17,1.0104740719162492e-18,1.5139131389277578e-20,2.2681759541555667e-22,3.398228092962603e-24,5.091295563134352e-26,7.627884239104489e-28,1.1428253819418506e-29,1.7122046070325076e-31,2.5652603299394648e-33,3.8433260448739073e-35,5.75815051393037e-37,8.626980108882324e-39,1.2925119900738888e-40,1.93646817704463e-42,2.9012566455899426e-44,4.346722669321618e-46,6.512349740831889e-48,9.75693697834468e-50,1.4618044636409417e-51,2.190105659863668e-53,3.281261564505006e-55,4.9160538927460015e-57,7.36533354665034e-59,1.1034894945610752e-60,1.6532707675682192e-62,2.47696443361503e-64,3.711039308109378e-66,5.559955790819943e-68,8.330040678448431e-70,1.2480239108946675e-71,1.8698152173428947e-73,2.8013958037877167e-75,4.197109092219064e-77,6.288195587417537e-79,9.421104592902397e-81,1.4114893615587736e-82,2.1147225340163787e-84,3.1683210073492584e-86,4.746844015770475e-88,7.111819811751827e-90,1.0655075428387829e-91,1.5963654224904869e-93,2.3917076695052663e-95,3.5833058620413715e-97,5.368582901938045e-99,8.043321861048752e-101,1.2050671050841006e-102,1.805456443050292e-104,2.70497215798146e-106,4.052645193197313e-108,6.071756788136908e-110,9.09683151048347e-112,1.362906098146219e-113,2.041934084657382e-115,3.059267848134801e-117,4.583458318734966e-119,6.867031983613048e-121,1.0288329245018563e-122,1.5414187513105484e-124,2.309385431110864e-126,3.459968983050618e-128,5.18379704071911e-130,7.766471864633788e-132,1.163588866430248e-133,1.7433128886307678e-135,2.6118674003730073e-137,3.9131537210679805e-139,5.862767781596151e-141,8.78371986151902e-143,1.315995063762161e-144,1.971651003390353e-146,2.953968283176445e-148,4.4256963341928714e-150,6.630669717762265e-152,9.934206413207899e-154,1.4883633367509448e-155,2.229896712473361e-157,3.3408773419225697e-159,5.0053714826062624e-161,7.49915100578651e-163,1.1235383028615192e-164,1.6833083065308254e-166,2.52196729530183e-168,3.7784635256034455e-170,5.660972146986932e-172,8.481385471054338e-174,1.2706987005208747e-175,1.9037870558012928e-177,2.8522931142928434e-179,4.2733644947586625e-181,6.4024430075418384e-183,9.592272438987532e-185,1.4371340820273355e-186,2.1531439842450442e-188,3.2258848181727543e-190,4.833087306869649e-192,7.241031292944817e-194,1.0848662740041876e-195,1.6253690736269264e-197,2.435161539082608e-199,3.648409347542624e-201,5.46612228946872e-203,8.18945738738208e-205,1.2269614316708882e-206,1.8382589756524966e-208,2.754117590285736e-210,4.1262758956087423e-212,6.182071828282132e-214
In133_m1,0.0,0.0,0.0,0.0,0.0,0.0,0.0,0.0,0.0,0.0,0.0,0.0,0.0,0.0,0.0,0.0,0.0,0.0,0.0,0.0,0.0,0.0,0.0,0.0,0.0,0.0,0.0,0.0,0.0,0.0,0.0,0.0,0.0,0.0,0.0,0.0,0.0,0.0,0.0,0.0,0.0,0.0,0.0,0.0,0.0,0.0,0.0,0.0,0.0,0.0,0.0,0.0,0.0,0.0,0.0,0.0,0.0,0.0,0.0,0.0,0.0,0.0,0.0,0.0,0.0,0.0,0.0,0.0,0.0,0.0,0.0,0.0,0.0,0.0,0.0,0.0,0.0,0.0,0.0,0.0,0.0,0.0,0.0,0.0,0.0,0.0,0.0,0.0,0.0,0.0,0.0,0.0,0.0,0.0,0.0,0.0,0.0,0.0,0.0,0.0,0.0,0.0,0.0,0.0,0.0,0.0,0.0,0.0,0.0,0.0,0.0,0.0,0.0,0.0,0.0,0.0,0.0,0.0,0.0,0.0,0.0,0.0
In134,605973.7729268234,4287.849891118026,30.34068058747669,0.21468962810898587,0.0015191365363306742,1.074935867345781e-05,7.606209786102512e-08,5.382128280178716e-10,3.808375740204585e-12,2.6947937736811472e-14,1.9068269461984776e-16,1.3492642881469073e-18,9.547348399381642e-21,6.755671387728197e-23,4.780290190512517e-25,3.382517146559226e-27,2.3934576753258728e-29,1.6936025437161886e-31,1.1983874232041413e-33,8.479748813689344e-36,6.000241537165812e-38,4.245750587117436e-40,3.0042787338395597e-42,2.1258174556900758e-44,1.5042212308779628e-46,1.0643818477299638e-48,7.53152990079665e-51,5.329285046299004e-53,3.7709840469068626e-55,2.668335538160329e-57,1.8881051883657643e-59,1.336016835720575e-61,9.453609874743047e-64,6.689342325213853e-66,4.73335597055339e-68,3.3493066514961427e-70,2.3699580415129384e-72,1.6769742824303216e-74,1.186621321843068e-76,8.396492279010821e-79,5.941329495241632e-81,4.2040646258042816e-83,2.974781888816974e-85,2.1049455880665743e-87,1.4894523680467208e-89,1.0539314504170541e-91,7.45758324339616e-94,5.276960642001477e-96,3.733959475664064e-98,2.6421370769620274e-100,1.8695672459637307e-102,1.3228994504703529e-104,9.360791701036859e-107,6.623664499901779e-109,4.6868825638326544e-111,3.316422226319631e-113,2.3466891336472516e-115,1.6605092820431894e-117,1.1749707433409271e-119,8.314053180169004e-122,5.882995868146611e-124,4.1627879488649787e-126,2.945574652030956e-128,2.0842786462502823e-130,1.4748285100225164e-132,1.0435836580144317e-134,7.384362614865338e-137,5.225149973272843e-139,3.697298421969637e-141,2.6161958395496074e-143,1.851211314241297e-145,1.3099108553604925e-147,9.268884842001367e-150,6.558631517763804e-152,4.6408654459576436e-154,3.283860669584772e-156,2.3236486863972257e-158,1.6442059396138382e-160,1.1634345534621297e-162,8.232423491351269e-165,5.825234976842924e-167,4.1219165378316e-169,2.916654180027216e-171,2.0638146182225723e-173,1.460348233107785e-175,1.03333746311852e-177,7.311860886850592e-180,5.173847996114266e-182,3.6609973167070985e-184,2.5905093004283518e-186,1.8330356061669515e-188,1.297049785893549e-190,9.17788035009547e-193,6.494237047550144e-195,4.595300136957448e-197,3.2516188112793286e-199,2.300834456672942e-201,1.6280626679394317e-203,1.1520116291073242e-205,8.151595265544681e-208,5.7680411980511345e-210,4.081446413690663e-212,2.8880176572692883e-214,2.0435515117193767e-216,1.446010127583219e-218,1.0231918682167132e-220,7.240071000986522e-223,5.1230497160502875e-225,3.625052625802528e-227,2.5650749588995046e-229,1.815038352254728e-231,1.2843149899872477e-233,9.087769365627447e-236,6.430474820172948e-238,4.5501822008467415e-240,3.219693512515096e-242,2.2782442234077374e-244,1.6120778954007314e-246,1.140700858204061e-248,8.07156063376224e-251,5.711408963702689e-253,4.0413736364957246e-255
In135,832.6629905725887,0.4450451696283577,0.00023786958859950313,1.2713752455227533e-07,6.795299157176148e-11,3.631979684843764e-14,1.9412355697669603e-17,1.0375596408355355e-20,5.5455918130533796e-24,2.9640309189589466e-27,1.584227542291355e-30,8.467445092091043e-34,4.525715181284914e-37,2.4189230257003853e-40,1.2928760140407838e-43,6.910217356742903e-47,3.6934016409035607e-50,1.974064631659985e-53,1.0551062540324005e-56,5.639375679215504e-60,3.0141569088216915e-63,1.6110190893083704e-66,8.610641664075038e-70,4.6022514791513496e-73,2.459830463706333e-76,1.3147403912168367e-79,7.027078986949901e-83,3.7558623298345714e-86,2.0074488798073563e-89,1.0729496054817593e-92,5.734745564300195e-96,3.065130600658007e-99,1.6382637195930371e-102,8.756259894304828e-106,4.680082114963597e-109,2.501429704827311e-112,1.3369745261918592e-115,7.145916913980791e-119,3.819379318090981e-122,2.0413977032003786e-125,1.0910947134506403e-128,5.831728290149252e-132,3.116966330317174e-135,1.665969095429557e-138,8.904340736474859e-142,4.759228977822187e-145,2.5437324484405846e-148,1.3595846720975485e-151,7.2667645598332786e-155,3.8839704692007755e-158,2.075920649611605e-161,1.109546681072126e-164,5.930351132200081e-168,3.169678676088133e-171,1.6941430086822805e-174,9.054925836865004e-178,4.839714327003556e-181,2.586750591776569e-184,1.3825771878149757e-187,7.389655911718739e-191,3.949653948789695e-194,2.1110274282800428e-197,1.1283106977805626e-200,6.0306418271566694e-204,3.223282462799497e-207,1.722793382987109e-210,9.208057546053139e-214,4.921560798220261e-217,2.6304962332648155e-220,1.4059585397629602e-223,7.514625531620731e-227,4.0164482296900955e-230,2.146727912641767e-233,1.1473920407710223e-236,6.132628580790164e-240,3.277792765988848e-243,1.7519282759799091e-246,9.363778930825723e-250,5.0047914099869956e-253,2.67498167593656e-256,1.4297353037166742e-259,7.6417085660152e-263,4.084372097136252e-266,2.1830321431067277e-269,1.1667960764834725e-272,6.2363400758715534e-276,3.3332249161426185e-279,1.7815558815626736e-282,9.522133786290092e-286,5.089429570094426e-289,2.72021943088486e-292,1.453914166657044e-295,7.770940755755234e-299,4.153444654047596e-302,2.2199503298825496e-305,1.1865282621120407e-308,6.34180548024e-312,3.3895945e-315,1.811684e-318,9.7e-322,0.0,0.0,0.0,0.0,0.0,0.0,0.0,0.0,0.0,0.0,0.0,0.0,0.0,0.0,0.0,0.0,0.0,0.0,0.0,0.0,0.0,0.0
K48,0.0,0.0,0.0,0.0,0.0,0.0,0.0,0.0,0.0,0.0,0.0,0.0,0.0,0.0,0.0,0.0,0.0,0.0,0.0,0.0,0.0,0.0,0.0,0.0,0.0,0.0,0.0,0.0,0.0,0.0,0.0,0.0,0.0,0.0,0.0,0.0,0.0,0.0,0.0,0.0,0.0,0.0,0.0,0.0,0.0,0.0,0.0,0.0,0.0,0.0,0.0,0.0,0.0,0.0,0.0,0.0,0.0,0.0,0.0,0.0,0.0,0.0,0.0,0.0,0.0,0.0,0.0,0.0,0.0,0.0,0.0,0.0,0.0,0.0,0.0,0.0,0.0,0.0,0.0,0.0,0.0,0.0,0.0,0.0,0.0,0.0,0.0,0.0,0.0,0.0,0.0,0.0,0.0,0.0,0.0,0.0,0.0,0.0,0.0,0.0,0.0,0.0,0.0,0.0,0.0,0.0,0.0,0.0,0.0,0.0,0.0,0.0,0.0,0.0,0.0,0.0,0.0,0.0,0.0,0.0,0.0,0.0
K49,0.0,0.0,0.0,0.0,0.0,0.0,0.0,0.0,0.0,0.0,0.0,0.0,0.0,0.0,0.0,0.0,0.0,0.0,0.0,0.0,0.0,0.0,0.0,0.0,0.0,0.0,0.0,0.0,0.0,0.0,0.0,0.0,0.0,0.0,0.0,0.0,0.0,0.0,0.0,0.0,0.0,0.0,0.0,0.0,0.0,0.0,0.0,0.0,0.0,0.0,0.0,0.0,0.0,0.0,0.0,0.0,0.0,0.0,0.0,0.0,0.0,0.0,0.0,0.0,0.0,0.0,0.0,0.0,0.0,0.0,0.0,0.0,0.0,0.0,0.0,0.0,0.0,0.0,0.0,0.0,0.0,0.0,0.0,0.0,0.0,0.0,0.0,0.0,0.0,0.0,0.0,0.0,0.0,0.0,0.0,0.0,0.0,0.0,0.0,0.0,0.0,0.0,0.0,0.0,0.0,0.0,0.0,0.0,0.0,0.0,0.0,0.0,0.0,0.0,0.0,0.0,0.0,0.0,0.0,0.0,0.0,0.0
K50,0.0,0.0,0.0,0.0,0.0,0.0,0.0,0.0,0.0,0.0,0.0,0.0,0.0,0.0,0.0,0.0,0.0,0.0,0.0,0.0,0.0,0.0,0.0,0.0,0.0,0.0,0.0,0.0,0.0,0.0,0.0,0.0,0.0,0.0,0.0,0.0,0.0,0.0,0.0,0.0,0.0,0.0,0.0,0.0,0.0,0.0,0.0,0.0,0.0,0.0,0.0,0.0,0.0,0.0,0.0,0.0,0.0,0.0,0.0,0.0,0.0,0.0,0.0,0.0,0.0,0.0,0.0,0.0,0.0,0.0,0.0,0.0,0.0,0.0,0.0,0.0,0.0,0.0,0.0,0.0,0.0,0.0,0.0,0.0,0.0,0.0,0.0,0.0,0.0,0.0,0.0,0.0,0.0,0.0,0.0,0.0,0.0,0.0,0.0,0.0,0.0,0.0,0.0,0.0,0.0,0.0,0.0,0.0,0.0,0.0,0.0,0.0,0.0,0.0,0.0,0.0,0.0,0.0,0.0,0.0,0.0,0.0
K51,0.0,0.0,0.0,0.0,0.0,0.0,0.0,0.0,0.0,0.0,0.0,0.0,0.0,0.0,0.0,0.0,0.0,0.0,0.0,0.0,0.0,0.0,0.0,0.0,0.0,0.0,0.0,0.0,0.0,0.0,0.0,0.0,0.0,0.0,0.0,0.0,0.0,0.0,0.0,0.0,0.0,0.0,0.0,0.0,0.0,0.0,0.0,0.0,0.0,0.0,0.0,0.0,0.0,0.0,0.0,0.0,0.0,0.0,0.0,0.0,0.0,0.0,0.0,0.0,0.0,0.0,0.0,0.0,0.0,0.0,0.0,0.0,0.0,0.0,0.0,0.0,0.0,0.0,0.0,0.0,0.0,0.0,0.0,0.0,0.0,0.0,0.0,0.0,0.0,0.0,0.0,0.0,0.0,0.0,0.0,0.0,0.0,0.0,0.0,0.0,0.0,0.0,0.0,0.0,0.0,0.0,0.0,0.0,0.0,0.0,0.0,0.0,0.0,0.0,0.0,0.0,0.0,0.0,0.0,0.0,0.0,0.0
K52,0.0,0.0,0.0,0.0,0.0,0.0,0.0,0.0,0.0,0.0,0.0,0.0,0.0,0.0,0.0,0.0,0.0,0.0,0.0,0.0,0.0,0.0,0.0,0.0,0.0,0.0,0.0,0.0,0.0,0.0,0.0,0.0,0.0,0.0,0.0,0.0,0.0,0.0,0.0,0.0,0.0,0.0,0.0,0.0,0.0,0.0,0.0,0.0,0.0,0.0,0.0,0.0,0.0,0.0,0.0,0.0,0.0,0.0,0.0,0.0,0.0,0.0,0.0,0.0,0.0,0.0,0.0,0.0,0.0,0.0,0.0,0.0,0.0,0.0,0.0,0.0,0.0,0.0,0.0,0.0,0.0,0.0,0.0,0.0,0.0,0.0,0.0,0.0,0.0,0.0,0.0,0.0,0.0,0.0,0.0,0.0,0.0,0.0,0.0,0.0,0.0,0.0,0.0,0.0,0.0,0.0,0.0,0.0,0.0,0.0,0.0,0.0,0.0,0.0,0.0,0.0,0.0,0.0,0.0,0.0,0.0,0.0
K53,0.0,0.0,0.0,0.0,0.0,0.0,0.0,0.0,0.0,0.0,0.0,0.0,0.0,0.0,0.0,0.0,0.0,0.0,0.0,0.0,0.0,0.0,0.0,0.0,0.0,0.0,0.0,0.0,0.0,0.0,0.0,0.0,0.0,0.0,0.0,0.0,0.0,0.0,0.0,0.0,0.0,0.0,0.0,0.0,0.0,0.0,0.0,0.0,0.0,0.0,0.0,0.0,0.0,0.0,0.0,0.0,0.0,0.0,0.0,0.0,0.0,0.0,0.0,0.0,0.0,0.0,0.0,0.0,0.0,0.0,0.0,0.0,0.0,0.0,0.0,0.0,0.0,0.0,0.0,0.0,0.0,0.0,0.0,0.0,0.0,0.0,0.0,0.0,0.0,0.0,0.0,0.0,0.0,0.0,0.0,0.0,0.0,0.0,0.0,0.0,0.0,0.0,0.0,0.0,0.0,0.0,0.0,0.0,0.0,0.0,0.0,0.0,0.0,0.0,0.0,0.0,0.0,0.0,0.0,0.0,0.0,0.0
K54,0.0,0.0,0.0,0.0,0.0,0.0,0.0,0.0,0.0,0.0,0.0,0.0,0.0,0.0,0.0,0.0,0.0,0.0,0.0,0.0,0.0,0.0,0.0,0.0,0.0,0.0,0.0,0.0,0.0,0.0,0.0,0.0,0.0,0.0,0.0,0.0,0.0,0.0,0.0,0.0,0.0,0.0,0.0,0.0,0.0,0.0,0.0,0.0,0.0,0.0,0.0,0.0,0.0,0.0,0.0,0.0,0.0,0.0,0.0,0.0,0.0,0.0,0.0,0.0,0.0,0.0,0.0,0.0,0.0,0.0,0.0,0.0,0.0,0.0,0.0,0.0,0.0,0.0,0.0,0.0,0.0,0.0,0.0,0.0,0.0,0.0,0.0,0.0,0.0,0.0,0.0,0.0,0.0,0.0,0.0,0.0,0.0,0.0,0.0,0.0,0.0,0.0,0.0,0.0,0.0,0.0,0.0,0.0,0.0,0.0,0.0,0.0,0.0,0.0,0.0,0.0,0.0,0.0,0.0,0.0,0.0,0.0
Kr100,10041.106249405115,9.94083776249466e-40,9.841570536721654e-83,9.743294573692767e-126,9.64599997485492e-169,9.54967694050065e-212,9.454315768780535e-255,9.359906854726353e-298,0.0,0.0,0.0,0.0,0.0,0.0,0.0,0.0,0.0,0.0,0.0,0.0,0.0,0.0,0.0,0.0,0.0,0.0,0.0,0.0,0.0,0.0,0.0,0.0,0.0,0.0,0.0,0.0,0.0,0.0,0.0,0.0,0.0,0.0,0.0,0.0,0.0,0.0,0.0,0.0,0.0,0.0,0.0,0.0,0.0,0.0,0.0,0.0,0.0,0.0,0.0,0.0,0.0,0.0,0.0,0.0,0.0,0.0,0.0,0.0,0.0,0.0,0.0,0.0,0.0,0.0,0.0,0.0,0.0,0.0,0.0,0.0,0.0,0.0,0.0,0.0,0.0,0.0,0.0,0.0,0.0,0.0,0.0,0.0,0.0,0.0,0.0,0.0,0.0,0.0,0.0,0.0,0.0,0.0,0.0,0.0,0.0,0.0,0.0,0.0,0.0,0.0,0.0,0.0,0.0,0.0,0.0,0.0,0.0,0.0,0.0,0.0,0.0,0.0
Kr91,36154727398428.375,33451211077504.094,30881346981362.027,28490060933040.863,26278730655531.83,24237593819028.516,22354596519662.086,20617776359588.117,19015865980688.02,17538408402725.744,16175741053384.656,14918947091332.035,13759801087846.742,12690716312427.822,11704695387631.238,10795284576108.75,9956531563353.47,9182946505011.254,8469466096349.9,7811420432195.7705,7204502441395.655,6644739696013.461,6128468410820.64,5652309462921.273,5213146274560.142,4808104414352.857,4434532783423.576,4089986263308.9814,3772209712054.8765,3479123203755.894,3208808414927.4297,2959496068605.315,2729554353991.679,2517478245850.83,2321879653747.8633,2141478336654.4087,1975093523455.342,1821636184510.597,1680101903687.578,1549564304209.835,1429168985292.582,1318127929878.823,1215714346873.3586,1121257914115.8079,1034140390956.7393,953791571720.135,879685553566.6069,811337294329.5962,748299437794.7662,690159385643.2411,636536596893.8423,587080097168.511,541466181478.43713,499396295495.0699,460595081438.3983,424808575792.3669,391802547051.0257,361360962615.5517,333284574807.6057,307389616744.1365,283506599537.80383,261479202950.40952,241163252238.38232,222425774493.52182,205144128302.51733,189205201028.64874,174504668461.68106,160946311990.17804,148441388826.95758,136908051165.66269,126270810466.68144,116460043366.03629,107411535973.2948,99066063575.81909,91369002998.41403,84269975081.1732,77722514935.4515,71683767819.70905,66114208644.65759,60977383271.80266,56239669912.11614,51870059063.134346,47839950544.115944,44122966300.80539,40694777754.56141,37532946565.809616,34616777769.575554,31927184321.834835,29446562170.102108,27158675030.565815,25048548117.60602,23102370130.128994,21307402853.195225,19651897783.260784,18125019231.32395,16716773400.668121,15417942974.997482,14220026788.828382,13115184185.26448,12096183696.963602,11156355714.400316,10289548831.626602,9490089583.802717,8752745312.970497,8072689919.01643,7445472271.6560755,6866987076.688514,6333448005.833268,5841362914.277829,5387510983.728539,4968921641.360491,4582855116.685679,4226784509.07944,3898379248.5926113,3595489841.7963943,3316133802.817708,3058482677.4801874,2820850075.620601,2601680633.2493286,2399539832.3094044,2213104611.4020295,2041154706.023396
Kr92,3860872486971.2227,2655827832427.5854,1823097534807.6191,1250972677019.0295,858326498156.8057,588912534977.4747,404061839550.02795,277232815478.77954,190213522454.29388,130508299738.4429,89543666576.04219,61437228389.24786,42152987206.383415,28921785323.921986,19843662851.768833,13615029326.994936,9341472134.433603,6409321606.482099,4397529946.47333,3017210060.1991725,2070152257.7845838,1420361951.904575,974531253.3567774,668640245.1823328,458763919.5126086,314764681.550359,215964683.6585543,148176550.04371074,101666113.23159559,69754617.55973257,47859670.407783434,32837224.712474547,22530103.48024015,15458235.806313287,10606123.245424133,7277017.358681019,4992868.780908379,3425680.8022631826,2350410.0496026804,1612650.9503230841,1106463.5670773992,759160.9486382467,520871.5072829937,357377.6121992548,245202.04295192962,168236.73284346066,115429.70008365996,79198.01719997318,54338.925977120845,37282.73738080417,25580.235192562843,17550.976094468206,12041.983177627424,8262.182004564771,5668.804753305069,3889.4504276642283,2668.609219683833,1830.9720871435004,1256.2569143397536,861.9363702526786,591.3872376613526,405.7594933210658,278.3975641260737,191.01266880280656,131.05660517434666,89.91986692545606,61.69534497811347,42.33008479787764,29.043294589424377,19.927032148312136,13.672230229157877,9.38071851582433,6.436249126749063,4.4160053146992695,3.0298862824320407,2.078849600545606,1.4263293268616462,0.9786255571983902,0.6714494073462723,0.4606913270447768,0.3160871042437683,0.2168720173442725,0.1487990850480947,0.10209324366638892,0.07004767804153991,0.04806074352035313,0.032975183936280926,0.022624759335466278,0.015523180582612999,0.010650682812907238,0.007307590334175122,0.005013845349653523,0.003440073135008313,0.0023602848410599077,0.001619426190171312,0.0011111121589185366,0.0007623504159618488,0.0005230598477860906,0.0003588790648468665,0.00024623221172586144,0.0001689435468109024,0.00011591465555621229,7.953075229179607e-05,5.456722042392367e-05,3.743937356292585e-05,2.5687705583951024e-05,1.762471311275276e-05,1.2092575231822686e-05,8.296893958034595e-06,5.692621135795495e-06,3.9057911984428995e-06,2.6798208631711885e-06,1.8386645608578757e-06,1.2615348338448713e-06,8.655576285548605e-07,5.938718363139863e-07,4.0746421304817003e-07,2.7956719743682914e-07,1.9181517144290475e-07,1.31607214054448e-07,9.029764778709841e-08,6.195454599099386e-08
Kr93,783996835996.2946,457522149226.27686,266888606116.66797,155685301250.99963,90816589523.3173,52976439434.8732,30902978739.101376,18026770110.199234,10515634863.211315,6134131400.1570215,3578249770.352094,2087316130.641912,1217603272.2302709,710269856.483087,414324830.2088152,241689920.19113135,140986041.0551677,82242005.61070316,47974589.79803743,27985227.855270464,16324745.691591993,9522785.49502544,5554968.22415881,3240403.9750274373,1890239.0612618972,1102641.4410845193,643208.6673657469,375205.73266999866,218870.40547042165,127674.63346014373,74477.00384228035,43444.99726372504,25342.960778096807,14783.42045003238,8623.677482518986,5030.487604263615,2934.456394959939,1711.769317674683,998.5339028942882,582.4791605587067,339.78012314028996,198.2054293075343,115.62004229059528,67.44514631098897,39.34307297239866,22.950167292606004,13.38762173275378,7.809460095615269,4.5555266052816945,2.657395312523758,1.550150061429963,0.9042558333818965,0.5274835208217885,0.30769927543396997,0.17949156772724592,0.10470360334695697,0.0610772121089051,0.035628437988276765,0.02078329297711027,0.012123609435657249,0.007072118259134226,0.004125409758258864,0.0024064933659099937,0.00140379032860314,0.0008188791685841768,0.0004776803765334141,0.0002786473888688847,0.00016254460333271867,9.481785628726246e-05,5.531051592349161e-05,3.226452581309612e-05,1.882100733581859e-05,1.0978940747089966e-05,6.404393653187526e-06,3.735903035623927e-06,2.179280701247582e-06,1.271249368504283e-06,7.415634690828841e-07,4.3257947048206504e-07,2.523384795558599e-07,1.4719771188772367e-07,8.586548679819903e-08,5.0088290969600313e-08,2.921822242913043e-08,1.7043993823551964e-08,9.942347662041639e-09,5.799713262997673e-09,3.383172171841345e-09,1.973520659606835e-09,1.1512224610712623e-09,6.71547646802442e-10,3.9173683382293015e-10,2.2851356520166397e-10,1.332998201154057e-10,7.775836864265999e-11,4.535913018286977e-11,2.6459540328084537e-11,1.543475969558899e-11,9.003626061021014e-12,5.2521246747925626e-12,3.063744919281642e-12,1.787187759550816e-12,1.0425280733348948e-12,6.081424729344249e-13,3.547504156926369e-13,2.069381157130076e-13,1.2071411854793496e-13,7.041669615381026e-14,4.107648017368441e-14,2.3961323317038195e-14,1.397746381082242e-14,8.153535261716067e-15,4.756237480834918e-15,2.7744768677602687e-15,1.6184477584970308e-15,9.44096228525626e-16,5.507237932375596e-16,3.2125612546045025e-16,1.8739974450557642e-16,1.0931671478768042e-16,6.37681986360204e-17,3.7198182960225735e-17
Kr94,22965073659.469803,873321876.2647871,33206385.389249474,1262608.748897815,48008.26207836614,1825.421556595723,69.40813341347585,2.6391103833172265,0.10034708142692306,0.003815504199655575,0.00014507718700509638,5.516280178963409e-06,2.0974591278610624e-07,7.975183729471817e-09,3.032409770181953e-10,1.1530153192977252e-11,4.3841183325809705e-13,1.666976425411182e-14,6.338356294413093e-16,2.410037712741885e-17,9.16370350142325e-19,3.484321486673361e-20,1.3248460320227608e-21,5.0374714712167364e-23,1.9154013530597604e-24,7.282944160112558e-26,2.769199027378089e-27,1.0529345117364238e-28,4.0035803676246554e-30,1.5222842048928835e-31,5.788192037321962e-33,2.2008483667657105e-34,8.368301366407935e-36,3.1818851683060916e-37,1.20985045602297e-38,4.600222976362855e-40,1.7491460475058042e-41,6.6507904317372136e-43,2.5288347665400115e-44,9.615406382292335e-46,3.6560727936814917e-47,1.3901511533942358e-48,5.285781597738289e-50,2.009816488715693e-51,7.641939500568586e-53,2.905700080491853e-54,1.1048364040492823e-55,4.2009273011615334e-57,1.5973215695069664e-58,6.07350714140361e-60,2.3093339313051707e-61,8.780796798478635e-63,3.338728599228462e-64,1.2694871450888598e-65,4.826979982494784e-67,1.83536602489775e-68,6.978625263757468e-70,2.65348763741375e-71,1.0089374877992177e-72,3.836290171220682e-74,1.4586753347728886e-75,5.546331578973779e-77,2.1088855930172615e-78,8.018630659039429e-80,3.048929627049747e-81,1.159296676200236e-82,4.408001980515981e-84,1.676057721817945e-85,6.3728861721988835e-87,2.42316703268142e-88,9.213625207820261e-90,3.503303252530747e-91,1.3320634823278274e-92,5.064914433740602e-94,1.9258360101790154e-95,7.322619930941514e-97,2.784284973881947e-98,1.0586706518834772e-99,4.025390934020486e-101,1.5305772520345448e-102,5.819724749332122e-104,2.2128380722350118e-105,8.413889908615887e-107,3.1992193320682185e-108,1.2164414374139006e-109,4.625283911687883e-111,1.7586749847325018e-112,6.68702237738996e-114,2.54261126495272e-115,9.66778885999152e-117,3.6759902203577386e-118,1.397724370676584e-119,5.314577295565082e-121,2.0207654973393408e-122,7.683570993773515e-124,2.921529652702883e-125,1.110855293526792e-126,4.2238129673434893e-128,1.606023402603404e-129,6.106594183151156e-131,2.3219146406737703e-132,8.828632519007783e-134,3.3569172091986876e-135,1.2764030131679756e-136,4.853276236780312e-138,1.8453646683296174e-139,7.016643176648074e-141,2.6679432154169724e-142,1.0144339424838425e-143,3.8571893798814486e-145,1.4666218557160723e-146,5.5765466919598483e-148,2.120374306874414e-149,8.062314277284492e-151,3.06553948022137e-152,1.1656122524612281e-153,4.432015740960635e-155,1.6851884909965987e-156,6.4076041606563805e-158,2.4363678780751807e-159,9.263818875959549e-161,3.522388426594429e-162
Kr95,1022177733.9516265,2338554.552408251,5349.750320865019,12.238255518816992,0.027996614635022225,6.40459279360298e-05,1.4651346024014735e-07,3.351687565988903e-10,7.667424905255453e-13,1.7540240108981048e-15,4.012559977859445e-18,9.179257225604028e-21,2.099875482951726e-23,4.8037405811030487e-26,1.0989186624579848e-28,2.5139205715000285e-31,5.750923026164058e-34,1.3155990697482384e-36,3.009605422378426e-39,6.88486713520022e-42,1.5750036571870514e-44,3.6030274389317597e-47,8.242397829653678e-50,1.8855566085397887e-52,4.313458046415908e-55,9.86760102238402e-58,2.2573431545916937e-60,5.163968533003049e-63,1.181325531105133e-65,2.702437091786977e-68,6.1821792916250024e-71,1.414254596710134e-73,3.2352928796893715e-76,7.401156794340673e-79,1.6931116882275724e-81,3.8732150506591033e-84,8.860487428538622e-87,2.026952710976666e-89,4.636920175861345e-92,1.0607563067887257e-94,2.4266191776377534e-97,5.551209637495142e-100,1.2699120127047452e-102,2.9050902872036045e-105,6.6457750555722304e-108,1.5203082081066707e-110,3.4779044254568134e-113,7.956162525541925e-116,1.820076528541274e-118,4.163663775233417e-121,9.524926980452435e-124,2.1789519730820417e-126,4.984638423729518e-129,1.140301416564779e-131,2.608589049166705e-134,5.967489585281846e-137,1.3651415105734253e-139,3.122940253615331e-142,7.144135426337131e-145,1.6343146792757024e-147,3.7387091810288954e-150,8.552787610342283e-153,1.9565623418586823e-155,4.475892974298152e-158,1.023919222442978e-160,2.3423495157469233e-163,5.3584317333444655e-166,1.225811538708694e-168,2.8042046688416406e-171,6.414985971691018e-174,1.467512178203156e-176,3.357126582471504e-179,7.67986736882575e-182,1.7568703876317156e-184,4.0190714379604653e-187,9.194153044610174e-190,2.103283096918816e-192,4.811535944985976e-195,1.1007019541880377e-197,2.5180000852241275e-200,5.760255448865654e-203,1.3177339838427e-205,3.014489318378924e-208,6.896039687859628e-211,1.577559525143999e-213,3.608874322103838e-216,8.25577334177081e-219,1.888616432366095e-221,4.3204577947366045e-224,9.883613864735204e-227,2.2610063022995303e-229,5.17234846383303e-232,1.18324255019134e-234,2.7068225243775875e-237,6.192211543857219e-240,1.4165496059884959e-242,3.2405430144206806e-245,7.413167166131672e-248,1.6958592182994716e-250,3.8795003860570095e-253,8.874865957628512e-256,2.0302419880907833e-258,4.644444828672366e-261,1.0624776698105073e-263,2.4305570213192817e-266,5.5602179713933044e-269,1.2719727872347612e-271,2.9098045792264965e-274,6.656559616888076e-277,1.5227753179549907e-279,3.48354826281414e-282,7.969073543726884e-285,1.8230300932884203e-287,4.170420441973883e-290,9.540383741806946e-293,2.182487909968486e-295,4.992727343120948e-298,1.1421518629675942e-300,2.612822188012569e-303,5.977173445598527e-306,1.3673568206316954e-308,3.1280080659277e-311
Kr96,3773434092.3759017,651436.4747464862,112.45975417171843,0.019414320016036508,3.3515618494788017e-06,5.785918240558083e-10,9.98843267404679e-14,1.724338007139592e-17,2.9767849069973273e-21,5.138927719413039e-25,8.871510347716027e-29,1.5315198062101173e-32,2.643916114484087e-36,4.564284700781467e-40,7.87948404098778e-44,1.360262841219151e-47,2.3482692363821858e-51,4.053899172601564e-55,6.998387683576921e-59,1.2081561006908351e-62,2.0856820594003617e-66,3.6005857607449244e-70,6.215816913248203e-74,1.0730581762626576e-77,1.8524577955151277e-81,3.197962570973221e-85,5.520754443154136e-89,9.530671152392717e-93,1.6453130373818145e-96,2.840361342547165e-100,4.9034149568731185e-104,8.464936442813793e-108,1.4613315334538012e-111,2.52274764860088e-115,4.3551073475295406e-119,7.518373872640383e-123,1.2979231320409636e-126,2.240650019836548e-130,3.8681123615532154e-134,6.677657424916485e-138,1.1527873163083861e-141,1.9900969937194904e-145,3.435573924506874e-149,5.930951218961166e-153,1.0238808168491384e-156,1.767561202931758e-160,3.0514026190314938e-164,5.267742880975495e-168,9.09388845870346e-172,1.5699097159431905e-175,2.7101899560402312e-179,4.6786955474114285e-183,8.0769954801805e-187,1.3943599305783034e-190,2.4071322322429754e-194,4.155516417557911e-198,7.173813081511798e-202,1.2384403996342196e-205,2.1379629020428123e-209,3.690840004784532e-213,6.371625965961267e-217,1.0999560370399178e-220,1.8988925117138873e-224,3.2781244428155433e-228,5.659140681367794e-232,9.769572147177326e-236,1.686555350234454e-239,2.911559387200287e-243,5.0263266272379765e-247,8.677123150826381e-251,1.4979620657080384e-254,2.5859842153866314e-258,4.464274840676912e-262,7.706833527644388e-266,1.3304575802913082e-269,2.2968153737915772e-273,3.9650725730994644e-277,6.84504322347517e-281,1.1816837111411919e-284,2.039981849037167e-288,3.5216918919718107e-292,6.079619673005258e-296,1.0495459711467693e-299,1.8118678548947803e-303,3.127890739282288e-307,5.3997869935474e-311,9.32184082e-315,1.60926e-318,2.77e-322,0.0,0.0,0.0,0.0,0.0,0.0,0.0,0.0,0.0,0.0,0.0,0.0,0.0,0.0,0.0,0.0,0.0,0.0,0.0,0.0,0.0,0.0,0.0,0.0,0.0,0.0,0.0,0.0,0.0,0.0,0.0,0.0,0.0
Kr97,2333876.265118566,38.88874499341691,0.0006479925734564067,1.0797323887045898e-08,1.7991286921688005e-13,2.9978391727865543e-18,4.995217821277668e-23,8.323395500505257e-28,1.3869047384226195e-32,2.3109616181789668e-37,3.850692446815315e-42,6.416304019642176e-47,1.0691312755066912e-51,1.7814643457781625e-56,2.9684055531672207e-61,4.946173382002249e-66,8.241674086185544e-71,1.373287721576103e-75,2.2882719536226346e-80,3.8128852763108185e-85,6.35330696043016e-90,1.0586342469895982e-94,1.7639734328582734e-99,2.939260921019845e-104,4.897610474685968e-109,8.16075503546348e-114,1.3598044003920636e-118,2.2658050625098843e-123,3.7754493071321205e-128,6.290928423884314e-133,1.0482402812209354e-137,1.7466542505910298e-142,2.9104024389849783e-147,4.849524371513989e-152,8.080630470509844e-157,1.3464534622092632e-161,2.2435587575890273e-166,3.7383808947212767e-171,6.229162337176939e-176,1.0379483663019487e-180,1.7295051128770758e-185,2.8818272975611437e-190,4.801910391090492e-195,8.00129259084222e-200,1.3332336072545446e-204,2.2215308730834242e-209,3.70167643030361e-214,6.168002687104996e-219,1.027757500268982e-223,1.7125243501716486e-228,2.853532714831347e-233,4.754763897982881e-238,7.922733672565431e-243,1.3201435485162801e-247,2.199719264480631e-252,3.665332340536399e-257,6.107443519504782e-262,1.017666690995943e-266,1.6957103093220356e-271,2.825515936192213e-276,4.7080803022705393e-281,7.844946067619683e-286,1.3071820116190777e-290,2.1781218083236087e-295,3.629345087160985e-300,6.047478938672168e-305,1.0076749560977e-309,1.6790613536e-314,2.7978e-319,5e-324,0.0,0.0,0.0,0.0,0.0,0.0,0.0,0.0,0.0,0.0,0.0,0.0,0.0,0.0,0.0,0.0,0.0,0.0,0.0,0.0,0.0,0.0,0.0,0.0,0.0,0.0,0.0,0.0,0.0,0.0,0.0,0.0,0.0,0.0,0.0,0.0,0.0,0.0,0.0,0.0,0.0,0.0,0.0,0.0,0.0,0.0,0.0,0.0,0.0,0.0,0.0,0.0
Kr98,93697721.95034958,26.766937915318948,7.64659962322452e-06,2.1844293875854305e-12,6.240331630354997e-19,1.782696162124676e-25,5.092687047263962e-32,1.4548447409265414e-38,4.156103056320218e-45,1.1872876966756983e-51,3.391764004826148e-58,9.689364335741605e-65,2.76799273467004e-71,7.907416331661455e-78,2.2589377587250038e-84,6.453182156808702e-91,1.8435018755212993e-97,5.2663927384489174e-104,1.5044678198520797e-110,4.297862946007899e-117,1.2277847129015924e-123,3.5074531695689735e-130,1.0019857396371962e-136,2.8624057796320533e-143,8.177129197704619e-150,2.3359875246111556e-156,6.67329276963207e-163,1.9063816017868736e-169,5.446023330746003e-176,1.5557834848610522e-182,4.4444581023027685e-189,1.2696630357204817e-195,3.6270883585103737e-202,1.0361623194752727e-208,2.9600391448454006e-215,8.456041659046446e-222,2.4156653692923908e-228,6.900911102011503e-235,1.971406083112227e-241,5.631780915709892e-248,1.6088494681158296e-254,4.596053450581215e-261,1.3129697799097444e-267,3.750804165992107e-274,1.0715046230988514e-280,3.0610026717258076e-287,8.74446750328965e-294,2.4980609335102917e-300,7.136293233616248e-307,2.03864847465e-313,5.824e-320,0.0,0.0,0.0,0.0,0.0,0.0,0.0,0.0,0.0,0.0,0.0,0.0,0.0,0.0,0.0,0.0,0.0,0.0,0.0,0.0,0.0,0.0,0.0,0.0,0.0,0.0,0.0,0.0,0.0,0.0,0.0,0.0,0.0,0.0,0.0,0.0,0.0,0.0,0.0,0.0,0.0,0.0,0.0,0.0,0.0,0.0,0.0,0.0,0.0,0.0,0.0,0.0,0.0,0.0,0.0,0.0,0.0,0.0,0.0,0.0,0.0,0.0,0.0,0.0,0.0,0.0,0.0,0.0,0.0,0.0,0.0
Kr99,41.34746463343538,2.93217431903064e-10,2.079364796222688e-21,1.474591032227451e-32,1.045712958243596e-43,7.41572115345606e-55,5.258892489788321e-66,3.729367602537629e-77,2.6446980503716443e-88,1.8754996887086837e-99,1.3300191611106884e-110,9.431891562400296e-122,6.6886689339563795e-133,4.7433000911948444e-144,3.3637329007134457e-155,2.3854065333850523e-166,1.6916219264345307e-177,1.1996214070619206e-188,8.507169940238521e-200,6.032898376609441e-211,4.278257408535598e-222,3.0339457605742917e-233,2.151536478319903e-244,1.5257719098659736e-255,1.0820081111308607e-266,7.673109886102257e-278,5.441420883866141e-289,3.85880844597355e-300,2.736491615061e-311,1.93e-322,0.0,0.0,0.0,0.0,0.0,0.0,0.0,0.0,0.0,0.0,0.0,0.0,0.0,0.0,0.0,0.0,0.0,0.0,0.0,0.0,0.0,0.0,0.0,0.0,0.0,0.0,0.0,0.0,0.0,0.0,0.0,0.0,0.0,0.0,0.0,0.0,0.0,0.0,0.0,0.0,0.0,0.0,0.0,0.0,0.0,0.0,0.0,0.0,0.0,0.0,0.0,0.0,0.0,0.0,0.0,0.0,0.0,0.0,0.0,0.0,0.0,0.0,0.0,0.0,0.0,0.0,0.0,0.0,0.0,0.0,0.0,0.0,0.0,0.0,0.0,0.0,0.0,0.0,0.0,0.0,0.0,0.0,0.0,0.0,0.0,0.0,0.0,0.0,0.0,0.0,0.0,0.0
La147,4499069870925.175,3927235525507.4175,3372759657501.3257,2871919787951.4595,2434307454778.73,2058295175940.8015,1738035518804.8682,1466537722591.3162,1236959036474.7148,1043093538857.6355,879508000396.6898,741529211010.3258,625174710844.4261,527067412374.8948,444351196777.2174,374614034715.7604,315820537649.4006,266253881273.57828,224466284931.52145,189237005707.97543,159536806674.17935,134497947143.34634,113388857728.4684,95592778501.35329,80589744502.52525,67941396121.54835,57278172316.99175,48288513305.93342,40709757623.108765,34320467752.28019,28933960178.77769,24392850859.91862,20564456758.77383,17336919090.202663,14615935010.987143,12322002261.591852,10388096253.702864,8757711732.57489,7383211795.244739,6224436025.968313,5247527081.136258,4423941438.60625,3729615407.334036,3144262029.6081886,2650778332.638139,2234745610.4537473,1884008135.2527928,1588317988.8998315,1339035637.1918094,1128877498.2090452,951703129.1529108,802335813.6524004,676411307.4233966,570250322.9008887,480751027.0744476,405298411.5070912,341687886.4925104,288060866.9093587,242850467.70714244,204735722.34348428,172602986.51784524,145513399.48823333,122675452.24910122,103421861.06193227,87190070.6246794,73505817.217737,61969271.57113684,52243356.57247372,44043898.47999891,37131323.87704465,31303659.767722256,26390632.289281745,22248691.616122734,18756817.69210093,15812984.24217278,13331177.748158664,11238884.288458694,9474970.811698189,7987898.938929685,6734219.1049048705,5677301.039933065,4786263.499289634,4035071.9687928213,3401777.983129026,2867877.8311761892,2417771.9108483875,2038308.936782718,1718401.6834368887,1448703.0363020531,1221332.8860300027,1029647.885812373,868047.3447366462,731809.5856719405,616953.9863563713,520124.67277471453,438492.4665560681,369672.2214708437,311653.1337482278,262739.9900069345,221503.63616947457,186739.22015070505,157430.98824713155,132722.60664078235,111892.14086537881,94330.96217981256,79525.96453110239,67044.57251847703,56522.102318260455,47651.10627852021,40172.3898516999,33867.43839616638,28552.032571435106,24070.86578040606,20293.006389954542,17108.072144125006,14423.004993162147,12159.352104685631,10250.97361304511,8642.110131415091,7285.753562809278,6142.273608042557,5178.259839673877
La148,563312041537.8999,333324386296.52313,194982302302.1427,113349613895.57065,65668982276.02219,37973361508.92531,21935188125.46462,12663375661.625803,7308291742.039584,4216995789.2834125,2433023514.1086874,1403669269.6412702,809784595.6366498,467160959.3849294,269500315.82723475,155471080.62367043,89688883.26931617,51740052.841670126,29847963.261470627,17218777.00665214,9933213.534147292,5730297.485133595,3305708.2767408304,1907005.1193612013,1100117.7704246617,634638.6156910479,366111.865189006,211203.50044309473,121839.58706077511,70287.11607733632,40547.401721135226,23391.083277798945,13493.904751792372,7784.396441149478,4490.681464140748,2590.5951943562827,1494.4688271550456,862.1327948767346,497.34925378849726,286.9120415239305,165.51451307941628,95.4824129875053,55.0821255507344,31.775909932047018,18.330963845599904,10.574810799351864,6.100422453722875,3.5192264731739216,2.0301798872846497,1.1711750880919694,0.6756303200312924,0.3897592546040723,0.22484526233589652,0.12970927924791298,0.07482700301631852,0.043166382643315994,0.02490192731763972,0.014365484114268962,0.008287195252197616,0.004780737258957431,0.0027579232832873053,0.0015909974601191438,0.0009178184663238395,0.0005294733387330251,0.00030544386141189464,0.00017620519419817495,0.00010164967899141236,5.8639912892898135e-05,3.38283349067653e-05,1.9514971733576166e-05,1.1257844136044494e-05,6.494452378499347e-06,3.746535410057229e-06,2.1613104170695414e-06,1.2468219855586406e-06,7.192696853699439e-07,4.1493403732400435e-07,2.39368151935175e-07,1.3808727895735434e-07,7.96601237703926e-08,4.5954525044077584e-08,2.6510357655402707e-08,1.529335930124998e-08,8.822470136288937e-09,5.089527929900159e-09,2.9360591930696737e-09,1.6937609349906939e-09,9.771009084803795e-10,5.636723374768523e-10,3.2517266259710847e-10,1.8758639278592434e-10,1.0821529238463114e-10,6.242749984139525e-11,3.601332723470874e-11,2.077545539720958e-11,1.1984995003334777e-11,6.9139329311285374e-12,3.988526366747992e-12,2.300910745983654e-12,1.3273549612509216e-12,7.65727743343745e-13,4.4173487427487215e-13,2.5482908363559304e-13,1.4700641866493916e-13,8.480541867660229e-14,4.8922755225442895e-14,2.822267746800181e-14,1.6281166499972935e-14,9.392318744399017e-15,5.41826357445185e-15,3.1257010075109227e-15,1.803161963995671e-15,1.0402124389337846e-15,6.000802699469377e-16,3.4617575881777347e-16,1.9970270977857323e-16,1.1520498266286304e-16,6.645972928993567e-17,3.833944952031446e-17,2.2117354452470456e-17,1.2759112978839726e-17,7.360507982843877e-18
La149,105968291687.2732,55013920960.5707,28463593381.47082,14713858302.386084,7604407852.95276,3929876981.6764736,2030888072.1248014,1049521500.1317946,542370745.8925784,280285777.9704944,144845776.9934494,74853240.52023079,38682574.72103229,19990338.092775296,10330584.761423262,5338628.141732514,2758890.333252806,1425736.2882006548,736790.4185930027,380757.7357909466,196767.5606334392,101685.32186799994,52548.82791712307,27156.125040819756,14033.712196125647,7252.326232393153,3747.849111197991,1936.8093092073266,1000.9021678658487,517.2451128131772,267.30135603520387,138.13569846925873,71.38561313200717,36.890578023657326,19.064272017989524,9.852013360778082,5.091312543660708,2.631082852610919,1.3596880800261728,0.702658098786467,0.3631188733968371,0.18765216887802247,0.09697467982101471,0.05011446754181221,0.02589809898454653,0.013383590885282242,0.00691635726203269,0.00357422743911553,0.0018470852939675678,0.0009545346907290023,0.0004932833793765831,0.00025491843799133805,0.00013173646780897087,6.807862580490836e-05,3.5181596778543054e-05,1.8181106584539088e-05,9.395612107065347e-06,4.8554540096862244e-06,2.509196140871939e-06,1.2966996002446952e-06,6.701069820275037e-07,3.4629714336093856e-07,1.7895905387689934e-07,9.248226148702167e-08,4.779288057500117e-08,2.4698351845308934e-08,1.2763586888582529e-08,6.5959522838904595e-09,3.408648909678985e-09,1.7615178050685662e-09,9.103152186670367e-10,4.704316896215299e-10,2.431091670907392e-10,1.2563368588349474e-10,6.492483692637304e-11,3.355178525785748e-11,1.7338854393519524e-11,8.960353953423854e-12,4.630521783529507e-12,2.3929559143752504e-12,1.23662910484762e-12,6.390638180041356e-13,3.3025469146818085e-13,1.7066865337076152e-13,8.819795750333967e-14,4.557884271144987e-14,2.355418381243608e-14,1.2172305000860731e-14,6.2903902853874845e-15,3.2507409188070174e-15,1.6799142885862044e-15,8.681442438764935e-16,4.486386200156506e-16,2.318469687373541e-16,1.198136195025397e-16,6.191714947354627e-17,3.1997475869996606e-17,1.653562011100728e-17,8.545259431289555e-18,4.416009696511764e-18,2.282100595832118e-18,1.1793414162136303e-18,6.09458749775064e-19,3.14955417125875e-19,1.627623113353365e-19,8.411212683042505e-20,4.3467371665430024e-20,2.246302014583219e-20,1.1608414650784268e-20,5.998983655345446e-21,3.100148123557117e-21,1.6020911107885452e-21,8.279268683209379e-22,4.278551292568698e-22,2.2110649942145793e-22,1.1426317167524338e-22,5.904879519800794e-23,3.051517092704455e-23,1.5769596205718354e-23,8.149394446649153e-24,4.2114350285642424e-24,2.176380725700499e-24
La150,11234271513.357548,5027689309.527949,2246590759.6765757,1003532334.2817029,448235120.75293213,200204156.17455754,89420825.26511998,39939617.18244313,17838939.88826885,7967721.920194811,3558764.837924831,1589514.2015395032,709952.894003355,317098.84137262125,141631.47449210563,63259.3751521707,28254.655675859358,12619.877535002559,5636.639526792247,2517.592192703468,1124.476812582066,502.2450044528144,224.3265860845823,100.19495819413608,44.75184962579278,19.988311597966,8.92773380046199,3.9875519461094484,1.7810309848282493,0.7954934284964469,0.3553053260564444,0.15869631376174226,0.07088134670282001,0.03165899189031181,0.014140416543058618,0.006315784807803504,0.0028209308839676817,0.0012599623474014762,0.0005627593096632655,0.00025135516252991795,0.00011226721023637205,5.014389347486567e-05,2.239665568891162e-05,1.0003415197487332e-05,4.468002589460869e-06,1.9956231692195836e-06,8.913405383694202e-07,3.981152191429926e-07,1.7781725489925362e-07,7.942167146478615e-08,3.547350847269717e-08,1.5844161677212415e-08,7.076758687313427e-09,3.1608181321763163e-09,1.4117722118468061e-09,6.30564839480503e-10,2.816403478213651e-10,1.2579401919442445e-10,5.618561185389506e-11,2.5095175427358265e-11,1.1208702885847943e-11,5.0063415873256345e-12,2.2360710551647465e-12,9.987360383885767e-13,4.460831743571844e-13,1.9924203272532903e-13,8.899099963078831e-14,3.974762707929445e-14,1.775318700755521e-14,7.929420498397757e-15,3.5416575859676642e-15,1.581873285541717e-15,7.0654009620380975e-16,3.1557452300785104e-16,1.4095064116913977e-16,6.295528250072755e-17,2.811883338643633e-17,1.255921281911535e-17,5.6095437697609925e-18,2.5054899346056964e-18,1.119071366596704e-18,4.998306743282528e-19,2.2324823103929065e-19,9.971331337188265e-20,4.4536724064117613e-20,1.9892226256345343e-20,8.884817501708514e-21,3.968383479123422e-21,1.7724694327544054e-21,7.916694307836105e-22,3.535973461969922e-22,1.5793344845183343e-22,7.054061465153629e-23,3.1506804696499176e-23,1.4072442479939808e-23,6.285424347497172e-24,2.8073704535958622e-24,1.2539056120946467e-24,5.600540826482563e-25,2.5014687905177368e-25,1.1172753317583113e-25,4.9902847946277136e-26,2.2288993253168478e-26,9.95532801604066e-27,4.4465245595098985e-27,1.986030056113416e-27,8.870557962735297e-28,3.9620144885537947e-28,1.7696247376382338e-28,7.903988541960799e-29,3.530298460611765e-29,1.576799758101118e-29,7.042740167404699e-30,3.1456238378237204e-30,1.404985714918287e-30,6.275336661010742e-31,2.8028648114273395e-31,1.2518931772932597e-31,5.591552332327115e-32,2.4974541000976143e-32,1.1154821794359426e-32,4.9822757206650015e-33
La151,997578467.0756154,409409511.31070083,167978306.48884887,68917432.37304075,28274942.392503027,11600422.944583207,4759330.0913935155,1952620.3679928097,801105.6610278017,328671.30242670653,134844.6656615425,55323.00423740109,22697.48516058676,9312.144915412353,3820.51325563625,1567.4499988003718,643.0810036098443,263.8381942137564,108.24545016137405,44.41008821924236,18.22022018200873,7.475248007659601,3.066885702687388,1.2582576395740397,0.5162280048973235,0.211793947963222,0.08689314792747417,0.03564983432886876,0.014626132416523354,0.006000694070335205,0.002461917361357739,0.0010100560073738405,0.00041439779987957837,0.00017001585584498812,6.975276231462499e-05,2.8617612318210124e-05,1.1741007920250645e-05,4.8170079827264215e-06,1.9762839837309925e-06,8.10814181408315e-07,3.3265443741121894e-07,1.3647883481412402e-07,5.599345824807189e-08,2.2972553735885985e-08,9.424997877610854e-09,3.8668136774974516e-09,1.5864457701365125e-09,6.508744386186409e-10,2.6703562316578716e-10,1.0955726605407677e-10,4.494828968115577e-11,1.8441029226339627e-11,7.565839798111041e-12,3.1040529868539768e-12,1.2735063393230562e-12,5.224841209749317e-13,2.1436065784804578e-13,8.794619738357871e-14,3.608187114127154e-14,1.4803385067088928e-14,6.073415887621537e-15,2.491753094096021e-15,1.022296776117631e-15,4.194198457851811e-16,1.7207626116804237e-16,7.059808913462358e-17,2.896442632835341e-17,1.1883296032713294e-17,4.875384825518389e-18,2.0002343736502647e-18,8.206403581909365e-19,3.3668584360079574e-19,1.3813280829993605e-19,5.667203742445022e-20,2.325095584000931e-20,9.539218493683925e-21,3.9136752095867784e-21,1.6056717493446305e-21,6.587623214946496e-22,2.702718014426971e-22,1.108849797136948e-22,4.5493013553296623e-23,1.8664514233615558e-23,7.657529461501111e-24,3.1416706976572906e-24,1.2889398365544928e-24,5.288160543038401e-25,2.169584734358232e-25,8.9012008641775e-26,3.651914376502615e-26,1.4982785824976205e-26,6.1470190134110754e-27,2.5219504031251978e-27,1.0346858895258165e-27,4.245027533678599e-28,1.7416163633919743e-28,7.145366038665454e-29,2.931544334314615e-29,1.2027308520722352e-29,4.934469131488021e-30,2.024475015973543e-30,8.305856174370581e-31,3.407661060028186e-31,1.3980682612665627e-31,5.735884023467823e-32,2.3532731871666792e-32,9.65482333809374e-33,3.9611046519435496e-33,1.62513072629113e-33,6.66745796842223e-34,2.7354719864371883e-34,1.122287838036919e-34,4.604433888010878e-35,1.8890707633566592e-35,7.750330302843262e-36,3.179744293773164e-36,1.3045603708107488e-36,5.352247237058133e-37,2.1958777169348908e-37,9.009073636107932e-38,3.696171565241196e-38,1.5164360722885171e-38
La152,25491515.57545794,5483163.713488924,1179187.6372393297,253580.5713897781,54531.17906243912,11726.620689112495,2521.742060178487,542.2860104877515,116.61545998028627,25.07747788571465,5.392766074823199,1.159683045592628,0.24938310831555696,0.05362839005769562,0.011532474030009515,0.0024799916072378004,0.0005333078016013526,0.00011468474748817435,2.4662289332601557e-05,5.303482184391333e-06,1.1404830630615772e-06,2.4525426350227207e-07,5.274050594365928e-08,1.1341539704435722e-08,2.4389322886796548e-09,5.244782334481221e-10,1.1278600010243797e-10,2.425397472737137e-11,5.215676498339207e-12,1.121600959888367e-12,2.4119377680404064e-13,5.186732184571905e-14,1.1153766532015837e-14,2.398552757760801e-15,5.157948496813477e-16,1.109186888205756e-16,2.385242027382846e-17,5.1293245436724295e-18,1.1030314732123185e-18,2.3720051646914043e-19,5.100859438704055e-20,1.0969102175964796e-20,2.3588417597589198e-21,5.072552300382923e-22,1.0908229317913157e-22,2.3457514049327337e-23,5.044402252075667e-24,1.0847694272819049e-24,2.332733694822441e-25,5.0164084220137315e-26,1.0787495165994799e-26,2.319788226287342e-27,4.98856994326645e-28,1.0727630133156348e-28,2.3069145984239695e-29,4.960885953714176e-30,1.0668097320365415e-30,2.2941124125536582e-31,4.933355596021587e-32,1.0608894883972162e-32,2.2813812722102057e-33,4.905978017611124e-34,1.0550020990557999e-34,2.2687207831275887e-35,4.878752370636582e-36,1.0491473816878895e-36,2.2561305532277584e-37,4.851677811956878e-38,1.0433251549808882e-38,2.2436101926084988e-39,4.824753503109923e-40,1.0375352386283897e-40,2.2311593135313466e-41,4.797978610286654e-42,1.0317774533245943e-42,2.218777530409591e-43,4.771352304305229e-44,1.0260516207587605e-44,2.2064644597963253e-45,4.744873760585331e-46,1.0203575636096752e-46,2.1942197203725774e-47,4.7185421591226367e-48,1.0146951055401684e-48,2.1820429329354937e-49,4.69235668446343e-50,1.009064071191652e-50,2.1699337203866103e-51,4.666316525679343e-52,1.003464286178687e-52,2.157891707720163e-53,4.6404208763422404e-54,9.978955770835809e-55,2.1459165220114652e-55,4.614668934499231e-56,9.923577714510238e-57,2.1340077924053846e-57,4.589059902647879e-58,9.868506977827395e-59,2.122165150104832e-59,4.563592987711445e-60,9.813741855321817e-61,2.110388228359355e-61,4.538267401014377e-62,9.759280650992497e-63,2.0986766624537823e-63,4.513082358257858e-64,9.705121678250354e-65,2.0870300896969223e-65,4.4880370794955254e-66,9.651263259865991e-67,2.075448149410325e-67,4.4631307891093145e-68,9.59770372791778e-69,2.0639304829171262e-69,4.438362715785441e-70,9.5444414237402e-71,2.052476733530931e-71,4.4137320924905187e-72,9.491474697872459e-73,2.0410865465447714e-73,4.389238156447796e-74
La153,605757.2008275694,79818.3027154938,10517.163650106637,1385.7792125389242,182.5952114132793,24.05939591841643,3.1701517616897563,0.417710495511906,0.05503902373607304,0.007252137943299666,0.0009555675442362644,0.00012590898556216057,1.6590216715619942e-05,2.1859860870323113e-06,2.880333183471781e-07,3.79522966638445e-08,5.0007298819656606e-09,6.589139933712537e-10,8.682085633663386e-11,1.1439825486874026e-11,1.507352181170696e-12,1.9861409605304376e-13,2.6170101217042984e-14,3.448265814564171e-15,4.54355794395947e-16,5.986753893196135e-17,7.888360315806905e-18,1.0393984717280005e-18,1.3695484736741443e-19,1.8045658837893868e-20,2.3777603287018655e-21,3.1330217597132957e-22,4.128181141030275e-23,5.43943861236302e-24,7.167198193798619e-25,9.443755800908734e-26,1.2443429247479693e-26,1.6395905898173853e-27,2.160383001142715e-28,2.8465976449317347e-29,3.7507785183668035e-30,4.942159464963395e-31,6.511965464642414e-32,8.580397802483605e-33,1.1305837976047727e-33,1.4896975091719505e-34,1.9628785354386394e-35,2.5863587212597063e-36,3.4078784368291635e-37,4.4903420955267477e-38,5.916634794526363e-39,7.795968892141495e-40,1.027224648434689e-40,1.3535078101907596e-41,1.783430133845608e-42,2.3499111112334783e-43,3.096326638146067e-44,4.079830340927466e-45,5.375729874777869e-46,7.083253290383099e-47,9.333147004116579e-48,1.2297687154392144e-48,1.6203870921629893e-49,2.135079788162175e-50,2.813257229625047e-51,3.706847998804824e-52,4.884275046571088e-53,6.435694891791845e-54,8.479900977180324e-55,1.1173419777015366e-55,1.4722496152886772e-56,1.9398885685619933e-57,2.5560663214706415e-58,3.3679640911537595e-59,4.4377495309960637e-60,5.847336956941646e-61,7.704659591354018e-62,1.0151934095087905e-62,1.337655020952018e-63,1.7625419337029783e-64,2.3223880742065172e-65,3.0600613035545277e-66,4.032045843462743e-67,5.312767317733411e-68,7.000291581044142e-69,9.223833698883715e-70,1.2153652047158394e-70,1.6014085130489038e-71,2.1100729358671262e-72,2.780307309720757e-73,3.6634320099034925e-74,4.827068592116699e-75,6.360317628390574e-76,8.3805812082477e-77,1.104255250941087e-77,1.4550060776583338e-78,1.9171678687680843e-79,2.526128717587289e-80,3.3285172372097244e-81,4.385772950233453e-82,5.778850761525282e-83,7.614419739216946e-84,1.0033030849489087e-84,1.321987905504557e-85,1.7418983839657224e-86,2.295187397273759e-87,3.0242207221130027e-88,3.9848210158879705e-89,5.250542201684289e-90,6.918301550245275e-91,9.115800711928865e-92,1.2011303932922191e-92,1.5826522181451335e-93,2.0853589731704788e-94,2.7477433115907986e-95,3.6205245252874448e-96,4.770532161033239e-97,6.285823211664512e-98,8.282424709561674e-99,1.0913218008145768e-99,1.437964502784114e-100,1.8947132823002104e-101
La154,4152.158519002881,198.59436748085724,9.498607197827562,0.45431066269952614,0.02172930977603625,0.0010392952270530916,4.970864606875565e-05,2.3775241429667304e-06,1.1371504753058719e-07,5.4388983065164385e-09,2.6013808577682283e-10,1.2442193226990639e-11,5.950999902051427e-13,2.846314889033566e-14,1.3613692792603504e-15,6.511318623439874e-17,3.1143107797312652e-18,1.4895495357630815e-19,7.124394373009453e-21,3.4075399282486027e-22,1.6297986544088092e-23,7.795194509365623e-25,3.728378181836566e-26,1.7832529836290385e-27,8.529154094704606e-29,4.079425086572544e-30,1.9511558651859216e-31,9.332219931627672e-33,4.463524949810715e-34,2.134867708171113e-35,1.021089874625895e-36,4.883789885775719e-38,2.3358770115259295e-39,1.117230990806363e-40,5.343625031023227e-42,2.5558124243912046e-43,1.2224243113521054e-44,5.846756134071995e-46,2.796455942004089e-47,1.3375221501026744e-48,6.397259742748575e-50,3.0597573440596857e-51,1.463457070840265e-52,6.999596233833217e-54,3.347849992522245e-55,1.6012494432544254e-56,7.658645952624983e-58,3.663068116885474e-59,1.7520157103415762e-60,8.379748755241791e-62,4.007965726933243e-63,1.9169774342247583e-64,9.168747274041111e-66,4.38533730623873e-67,2.097471193686098e-68,1.0032034256713307e-69,4.798240454068005e-71,2.294959413605269e-72,1.097660436260577e-73,5.250020659140927e-75,2.5110422140479977e-76,1.201011083595018e-77,5.744338405975151e-79,2.7474703750101197e-80,1.3140927515179713e-81,6.285198833438604e-83,3.0061595218621636e-84,1.437821668075767e-85,6.876984185814517e-87,3.2892056464300555e-88,1.5732003291244958e-89,7.524489319309125e-91,3.598902089469154e-92,1.7213256209093374e-93,8.232960551688582e-95,3.937758122129896e-96,1.8833977074285492e-97,9.008138169818506e-99,4.308519276968465e-100,2.0607297545906585e-101,9.85630293951766e-103,4.71418959323182e-104,2.254758569953489e-105,1.0784326994564932e-106,5.1580559566561935e-108,2.467056244251966e-109,1.179972951718076e-110,5.643714730988782e-112,2.699342889038517e-113,1.291073766112595e-114,6.175100897010845e-116,2.9535005736410124e-117,1.4126353211038836e-118,6.75651993515686e-120,3.231588574360372e-121,1.5456425518108156e-122,7.392682710054164e-124,3.535860059462383e-125,1.6911731303032918e-126,8.088743639630076e-128,3.86878034515143e-129,1.850406197286101e-130,8.850342458046136e-132,4.233046870442545e-133,2.0246319159178906e-134,9.683649910837871e-136,4.631611052775346e-137,2.2152619251736944e-138,1.0595417752498173e-139,5.0677022014519107e-141,2.423840777447908e-142,1.1593033451602729e-143,5.544853682653592e-145,2.6520584530692075e-146,1.2684580046717985e-147,6.066931548035421e-149,2.9017640531245726e-150,1.3878901638065409e-151,6.638165858856801e-153,3.174980781536423e-154,1.5185675045579024e-155,7.263184959448107e-157
La155,6.772897001846075,0.15658201805943986,0.0036200060879242554,8.369060661636212e-05,1.9348358720111675e-06,4.4731302627328816e-08,1.0341391038289178e-09,2.390817220276289e-11,5.527309584954315e-13,1.2778539065565735e-14,2.954259357838003e-16,6.829926573446686e-18,1.5790047977646497e-19,3.6504874899490666e-21,8.439530350471354e-23,1.9511276982220505e-24,4.510795194375545e-26,1.042846826691191e-27,2.4109485291992722e-29,5.573850983361522e-31,1.2886137720674802e-32,2.9791349975426425e-34,6.887436349018501e-36,1.5923004328743018e-37,3.681225553384607e-39,8.510593412594751e-41,1.9675567058885356e-42,4.548777274635015e-44,1.0516278708669736e-45,2.4312493490307e-47,5.6207842725670025e-49,1.2994642384719726e-50,3.0042200966669726e-52,6.945430372005096e-54,1.6057080207235668e-55,3.7122224393873766e-57,8.582254844365374e-59,1.9841240501145216e-60,4.5870791739859605e-62,1.0604828537409855e-63,2.4517211070969576e-65,5.668112752394257e-67,1.3104060686533804e-68,3.0295164189143285e-70,7.003912719896892e-72,1.6192285039839133e-73,3.743480327311359e-75,8.654519684212765e-77,2.0008308957301597e-78,4.625703585389103e-80,1.0694123978964832e-81,2.472365242742864e-83,5.715839750452068e-85,1.3214400319186916e-86,3.0550257428388646e-88,7.062887504517819e-90,1.6328628332643503e-91,3.7750014148612752e-93,8.727393012991408e-95,2.0176784173737915e-96,4.664653224480629e-98,1.0784171311590379e-99,2.4931832074329133e-101,5.763968622368613e-103,1.3325669040526742e-104,3.0807498619706543e-106,7.12235887231448e-108,1.6466119671782707e-109,3.8067879182471166e-111,8.800879954337948e-113,2.0346677995745262e-114,4.7039308297631134e-116,1.0874976866406847e-117,2.514176464853326e-119,5.812502752027364e-121,1.3437874673724086e-122,3.106690584941766e-124,7.182331004647674e-126,1.6604768724108456e-127,3.838842072339933e-129,8.87498567503137e-131,2.0518002368355137e-132,4.743539162798016e-134,1.0966547027844177e-135,2.53534649101492e-137,5.8614455518049194e-139,1.3551025107822817e-140,3.13284973561341e-142,7.242808118086281e-144,1.6744585237869772e-145,3.871166130828962e-147,8.94971538535628e-149,2.069076933717928e-150,4.783481008399866e-152,1.1058888234090963e-153,2.556694774356928e-155,5.910800462811023e-157,1.3665128298294686e-158,3.159229153204192e-160,7.303794464703857e-162,1.6885579043398643e-163,3.9037623663801193e-165,9.025074339469263e-167,2.0864991049256742e-168,4.8237591748320765e-170,1.1152006977546982e-171,2.5782228158516217e-173,5.960570955130453e-175,1.3780192267598582e-176,3.185830692419425e-178,7.365294332377515e-180,1.7027760053800903e-181,3.936633070795743e-183,9.101067835768271e-185,2.1040679753907775e-186,4.8643764940043694e-188,1.1245909805279759e-189,2.5999321291098597e-191,6.01076052806701e-193,1.3896225105744575e-194,3.212656223581514e-196,7.427312045089402e-198
Li11,0.0,0.0,0.0,0.0,0.0,0.0,0.0,0.0,0.0,0.0,0.0,0.0,0.0,0.0,0.0,0.0,0.0,0.0,0.0,0.0,0.0,0.0,0.0,0.0,0.0,0.0,0.0,0.0,0.0,0.0,0.0,0.0,0.0,0.0,0.0,0.0,0.0,0.0,0.0,0.0,0.0,0.0,0.0,0.0,0.0,0.0,0.0,0.0,0.0,0.0,0.0,0.0,0.0,0.0,0.0,0.0,0.0,0.0,0.0,0.0,0.0,0.0,0.0,0.0,0.0,0.0,0.0,0.0,0.0,0.0,0.0,0.0,0.0,0.0,0.0,0.0,0.0,0.0,0.0,0.0,0.0,0.0,0.0,0.0,0.0,0.0,0.0,0.0,0.0,0.0,0.0,0.0,0.0,0.0,0.0,0.0,0.0,0.0,0.0,0.0,0.0,0.0,0.0,0.0,0.0,0.0,0.0,0.0,0.0,0.0,0.0,0.0,0.0,0.0,0.0,0.0,0.0,0.0,0.0,0.0,0.0,0.0
Li9,0.0,0.0,0.0,0.0,0.0,0.0,0.0,0.0,0.0,0.0,0.0,0.0,0.0,0.0,0.0,0.0,0.0,0.0,0.0,0.0,0.0,0.0,0.0,0.0,0.0,0.0,0.0,0.0,0.0,0.0,0.0,0.0,0.0,0.0,0.0,0.0,0.0,0.0,0.0,0.0,0.0,0.0,0.0,0.0,0.0,0.0,0.0,0.0,0.0,0.0,0.0,0.0,0.0,0.0,0.0,0.0,0.0,0.0,0.0,0.0,0.0,0.0,0.0,0.0,0.0,0.0,0.0,0.0,0.0,0.0,0.0,0.0,0.0,0.0,0.0,0.0,0.0,0.0,0.0,0.0,0.0,0.0,0.0,0.0,0.0,0.0,0.0,0.0,0.0,0.0,0.0,0.0,0.0,0.0,0.0,0.0,0.0,0.0,0.0,0.0,0.0,0.0,0.0,0.0,0.0,0.0,0.0,0.0,0.0,0.0,0.0,0.0,0.0,0.0,0.0,0.0,0.0,0.0,0.0,0.0,0.0,0.0
Mg30,0.0,0.0,0.0,0.0,0.0,0.0,0.0,0.0,0.0,0.0,0.0,0.0,0.0,0.0,0.0,0.0,0.0,0.0,0.0,0.0,0.0,0.0,0.0,0.0,0.0,0.0,0.0,0.0,0.0,0.0,0.0,0.0,0.0,0.0,0.0,0.0,0.0,0.0,0.0,0.0,0.0,0.0,0.0,0.0,0.0,0.0,0.0,0.0,0.0,0.0,0.0,0.0,0.0,0.0,0.0,0.0,0.0,0.0,0.0,0.0,0.0,0.0,0.0,0.0,0.0,0.0,0.0,0.0,0.0,0.0,0.0,0.0,0.0,0.0,0.0,0.0,0.0,0.0,0.0,0.0,0.0,0.0,0.0,0.0,0.0,0.0,0.0,0.0,0.0,0.0,0.0,0.0,0.0,0.0,0.0,0.0,0.0,0.0,0.0,0.0,0.0,0.0,0.0,0.0,0.0,0.0,0.0,0.0,0.0,0.0,0.0,0.0,0.0,0.0,0.0,0.0,0.0,0.0,0.0,0.0,0.0,0.0
Mg31,0.0,0.0,0.0,0.0,0.0,0.0,0.0,0.0,0.0,0.0,0.0,0.0,0.0,0.0,0.0,0.0,0.0,0.0,0.0,0.0,0.0,0.0,0.0,0.0,0.0,0.0,0.0,0.0,0.0,0.0,0.0,0.0,0.0,0.0,0.0,0.0,0.0,0.0,0.0,0.0,0.0,0.0,0.0,0.0,0.0,0.0,0.0,0.0,0.0,0.0,0.0,0.0,0.0,0.0,0.0,0.0,0.0,0.0,0.0,0.0,0.0,0.0,0.0,0.0,0.0,0.0,0.0,0.0,0.0,0.0,0.0,0.0,0.0,0.0,0.0,0.0,0.0,0.0,0.0,0.0,0.0,0.0,0.0,0.0,0.0,0.0,0.0,0.0,0.0,0.0,0.0,0.0,0.0,0.0,0.0,0.0,0.0,0.0,0.0,0.0,0.0,0.0,0.0,0.0,0.0,0.0,0.0,0.0,0.0,0.0,0.0,0.0,0.0,0.0,0.0,0.0,0.0,0.0,0.0,0.0,0.0,0.0
Mg32,0.0,0.0,0.0,0.0,0.0,0.0,0.0,0.0,0.0,0.0,0.0,0.0,0.0,0.0,0.0,0.0,0.0,0.0,0.0,0.0,0.0,0.0,0.0,0.0,0.0,0.0,0.0,0.0,0.0,0.0,0.0,0.0,0.0,0.0,0.0,0.0,0.0,0.0,0.0,0.0,0.0,0.0,0.0,0.0,0.0,0.0,0.0,0.0,0.0,0.0,0.0,0.0,0.0,0.0,0.0,0.0,0.0,0.0,0.0,0.0,0.0,0.0,0.0,0.0,0.0,0.0,0.0,0.0,0.0,0.0,0.0,0.0,0.0,0.0,0.0,0.0,0.0,0.0,0.0,0.0,0.0,0.0,0.0,0.0,0.0,0.0,0.0,0.0,0.0,0.0,0.0,0.0,0.0,0.0,0.0,0.0,0.0,0.0,0.0,0.0,0.0,0.0,0.0,0.0,0.0,0.0,0.0,0.0,0.0,0.0,0.0,0.0,0.0,0.0,0.0,0.0,0.0,0.0,0.0,0.0,0.0,0.0
Mg33,0.0,0.0,0.0,0.0,0.0,0.0,0.0,0.0,0.0,0.0,0.0,0.0,0.0,0.0,0.0,0.0,0.0,0.0,0.0,0.0,0.0,0.0,0.0,0.0,0.0,0.0,0.0,0.0,0.0,0.0,0.0,0.0,0.0,0.0,0.0,0.0,0.0,0.0,0.0,0.0,0.0,0.0,0.0,0.0,0.0,0.0,0.0,0.0,0.0,0.0,0.0,0.0,0.0,0.0,0.0,0.0,0.0,0.0,0.0,0.0,0.0,0.0,0.0,0.0,0.0,0.0,0.0,0.0,0.0,0.0,0.0,0.0,0.0,0.0,0.0,0.0,0.0,0.0,0.0,0.0,0.0,0.0,0.0,0.0,0.0,0.0,0.0,0.0,0.0,0.0,0.0,0.0,0.0,0.0,0.0,0.0,0.0,0.0,0.0,0.0,0.0,0.0,0.0,0.0,0.0,0.0,0.0,0.0,0.0,0.0,0.0,0.0,0.0,0.0,0.0,0.0,0.0,0.0,0.0,0.0,0.0,0.0
Mg34,0.0,0.0,0.0,0.0,0.0,0.0,0.0,0.0,0.0,0.0,0.0,0.0,0.0,0.0,0.0,0.0,0.0,0.0,0.0,0.0,0.0,0.0,0.0,0.0,0.0,0.0,0.0,0.0,0.0,0.0,0.0,0.0,0.0,0.0,0.0,0.0,0.0,0.0,0.0,0.0,0.0,0.0,0.0,0.0,0.0,0.0,0.0,0.0,0.0,0.0,0.0,0.0,0.0,0.0,0.0,0.0,0.0,0.0,0.0,0.0,0.0,0.0,0.0,0.0,0.0,0.0,0.0,0.0,0.0,0.0,0.0,0.0,0.0,0.0,0.0,0.0,0.0,0.0,0.0,0.0,0.0,0.0,0.0,0.0,0.0,0.0,0.0,0.0,0.0,0.0,0.0,0.0,0.0,0.0,0.0,0.0,0.0,0.0,0.0,0.0,0.0,0.0,0.0,0.0,0.0,0.0,0.0,0.0,0.0,0.0,0.0,0.0,0.0,0.0,0.0,0.0,0.0,0.0,0.0,0.0,0.0,0.0
Mg35,0.0,0.0,0.0,0.0,0.0,0.0,0.0,0.0,0.0,0.0,0.0,0.0,0.0,0.0,0.0,0.0,0.0,0.0,0.0,0.0,0.0,0.0,0.0,0.0,0.0,0.0,0.0,0.0,0.0,0.0,0.0,0.0,0.0,0.0,0.0,0.0,0.0,0.0,0.0,0.0,0.0,0.0,0.0,0.0,0.0,0.0,0.0,0.0,0.0,0.0,0.0,0.0,0.0,0.0,0.0,0.0,0.0,0.0,0.0,0.0,0.0,0.0,0.0,0.0,0.0,0.0,0.0,0.0,0.0,0.0,0.0,0.0,0.0,0.0,0.0,0.0,0.0,0.0,0.0,0.0,0.0,0.0,0.0,0.0,0.0,0.0,0.0,0.0,0.0,0.0,0.0,0.0,0.0,0.0,0.0,0.0,0.0,0.0,0.0,0.0,0.0,0.0,0.0,0.0,0.0,0.0,0.0,0.0,0.0,0.0,0.0,0.0,0.0,0.0,0.0,0.0,0.0,0.0,0.0,0.0,0.0,0.0
Mg36,0.0,0.0,0.0,0.0,0.0,0.0,0.0,0.0,0.0,0.0,0.0,0.0,0.0,0.0,0.0,0.0,0.0,0.0,0.0,0.0,0.0,0.0,0.0,0.0,0.0,0.0,0.0,0.0,0.0,0.0,0.0,0.0,0.0,0.0,0.0,0.0,0.0,0.0,0.0,0.0,0.0,0.0,0.0,0.0,0.0,0.0,0.0,0.0,0.0,0.0,0.0,0.0,0.0,0.0,0.0,0.0,0.0,0.0,0.0,0.0,0.0,0.0,0.0,0.0,0.0,0.0,0.0,0.0,0.0,0.0,0.0,0.0,0.0,0.0,0.0,0.0,0.0,0.0,0.0,0.0,0.0,0.0,0.0,0.0,0.0,0.0,0.0,0.0,0.0,0.0,0.0,0.0,0.0,0.0,0.0,0.0,0.0,0.0,0.0,0.0,0.0,0.0,0.0,0.0,0.0,0.0,0.0,0.0,0.0,0.0,0.0,0.0,0.0,0.0,0.0,0.0,0.0,0.0,0.0,0.0,0.0,0.0
Mg37,0.0,0.0,0.0,0.0,0.0,0.0,0.0,0.0,0.0,0.0,0.0,0.0,0.0,0.0,0.0,0.0,0.0,0.0,0.0,0.0,0.0,0.0,0.0,0.0,0.0,0.0,0.0,0.0,0.0,0.0,0.0,0.0,0.0,0.0,0.0,0.0,0.0,0.0,0.0,0.0,0.0,0.0,0.0,0.0,0.0,0.0,0.0,0.0,0.0,0.0,0.0,0.0,0.0,0.0,0.0,0.0,0.0,0.0,0.0,0.0,0.0,0.0,0.0,0.0,0.0,0.0,0.0,0.0,0.0,0.0,0.0,0.0,0.0,0.0,0.0,0.0,0.0,0.0,0.0,0.0,0.0,0.0,0.0,0.0,0.0,0.0,0.0,0.0,0.0,0.0,0.0,0.0,0.0,0.0,0.0,0.0,0.0,0.0,0.0,0.0,0.0,0.0,0.0,0.0,0.0,0.0,0.0,0.0,0.0,0.0,0.0,0.0,0.0,0.0,0.0,0.0,0.0,0.0,0.0,0.0,0.0,0.0
Mn61,0.0,0.0,0.0,0.0,0.0,0.0,0.0,0.0,0.0,0.0,0.0,0.0,0.0,0.0,0.0,0.0,0.0,0.0,0.0,0.0,0.0,0.0,0.0,0.0,0.0,0.0,0.0,0.0,0.0,0.0,0.0,0.0,0.0,0.0,0.0,0.0,0.0,0.0,0.0,0.0,0.0,0.0,0.0,0.0,0.0,0.0,0.0,0.0,0.0,0.0,0.0,0.0,0.0,0.0,0.0,0.0,0.0,0.0,0.0,0.0,0.0,0.0,0.0,0.0,0.0,0.0,0.0,0.0,0.0,0.0,0.0,0.0,0.0,0.0,0.0,0.0,0.0,0.0,0.0,0.0,0.0,0.0,0.0,0.0,0.0,0.0,0.0,0.0,0.0,0.0,0.0,0.0,0.0,0.0,0.0,0.0,0.0,0.0,0.0,0.0,0.0,0.0,0.0,0.0,0.0,0.0,0.0,0.0,0.0,0.0,0.0,0.0,0.0,0.0,0.0,0.0,0.0,0.0,0.0,0.0,0.0,0.0
Mn62,0.0,0.0,0.0,0.0,0.0,0.0,0.0,0.0,0.0,0.0,0.0,0.0,0.0,0.0,0.0,0.0,0.0,0.0,0.0,0.0,0.0,0.0,0.0,0.0,0.0,0.0,0.0,0.0,0.0,0.0,0.0,0.0,0.0,0.0,0.0,0.0,0.0,0.0,0.0,0.0,0.0,0.0,0.0,0.0,0.0,0.0,0.0,0.0,0.0,0.0,0.0,0.0,0.0,0.0,0.0,0.0,0.0,0.0,0.0,0.0,0.0,0.0,0.0,0.0,0.0,0.0,0.0,0.0,0.0,0.0,0.0,0.0,0.0,0.0,0.0,0.0,0.0,0.0,0.0,0.0,0.0,0.0,0.0,0.0,0.0,0.0,0.0,0.0,0.0,0.0,0.0,0.0,0.0,0.0,0.0,0.0,0.0,0.0,0.0,0.0,0.0,0.0,0.0,0.0,0.0,0.0,0.0,0.0,0.0,0.0,0.0,0.0,0.0,0.0,0.0,0.0,0.0,0.0,0.0,0.0,0.0,0.0
Mn62_m1,0.0,0.0,0.0,0.0,0.0,0.0,0.0,0.0,0.0,0.0,0.0,0.0,0.0,0.0,0.0,0.0,0.0,0.0,0.0,0.0,0.0,0.0,0.0,0.0,0.0,0.0,0.0,0.0,0.0,0.0,0.0,0.0,0.0,0.0,0.0,0.0,0.0,0.0,0.0,0.0,0.0,0.0,0.0,0.0,0.0,0.0,0.0,0.0,0.0,0.0,0.0,0.0,0.0,0.0,0.0,0.0,0.0,0.0,0.0,0.0,0.0,0.0,0.0,0.0,0.0,0.0,0.0,0.0,0.0,0.0,0.0,0.0,0.0,0.0,0.0,0.0,0.0,0.0,0.0,0.0,0.0,0.0,0.0,0.0,0.0,0.0,0.0,0.0,0.0,0.0,0.0,0.0,0.0,0.0,0.0,0.0,0.0,0.0,0.0,0.0,0.0,0.0,0.0,0.0,0.0,0.0,0.0,0.0,0.0,0.0,0.0,0.0,0.0,0.0,0.0,0.0,0.0,0.0,0.0,0.0,0.0,0.0
Mn63,0.0,0.0,0.0,0.0,0.0,0.0,0.0,0.0,0.0,0.0,0.0,0.0,0.0,0.0,0.0,0.0,0.0,0.0,0.0,0.0,0.0,0.0,0.0,0.0,0.0,0.0,0.0,0.0,0.0,0.0,0.0,0.0,0.0,0.0,0.0,0.0,0.0,0.0,0.0,0.0,0.0,0.0,0.0,0.0,0.0,0.0,0.0,0.0,0.0,0.0,0.0,0.0,0.0,0.0,0.0,0.0,0.0,0.0,0.0,0.0,0.0,0.0,0.0,0.0,0.0,0.0,0.0,0.0,0.0,0.0,0.0,0.0,0.0,0.0,0.0,0.0,0.0,0.0,0.0,0.0,0.0,0.0,0.0,0.0,0.0,0.0,0.0,0.0,0.0,0.0,0.0,0.0,0.0,0.0,0.0,0.0,0.0,0.0,0.0,0.0,0.0,0.0,0.0,0.0,0.0,0.0,0.0,0.0,0.0,0.0,0.0,0.0,0.0,0.0,0.0,0.0,0.0,0.0,0.0,0.0,0.0,0.0
Mn64,0.0,0.0,0.0,0.0,0.0,0.0,0.0,0.0,0.0,0.0,0.0,0.0,0.0,0.0,0.0,0.0,0.0,0.0,0.0,0.0,0.0,0.0,0.0,0.0,0.0,0.0,0.0,0.0,0.0,0.0,0.0,0.0,0.0,0.0,0.0,0.0,0.0,0.0,0.0,0.0,0.0,0.0,0.0,0.0,0.0,0.0,0.0,0.0,0.0,0.0,0.0,0.0,0.0,0.0,0.0,0.0,0.0,0.0,0.0,0.0,0.0,0.0,0.0,0.0,0.0,0.0,0.0,0.0,0.0,0.0,0.0,0.0,0.0,0.0,0.0,0.0,0.0,0.0,0.0,0.0,0.0,0.0,0.0,0.0,0.0,0.0,0.0,0.0,0.0,0.0,0.0,0.0,0.0,0.0,0.0,0.0,0.0,0.0,0.0,0.0,0.0,0.0,0.0,0.0,0.0,0.0,0.0,0.0,0.0,0.0,0.0,0.0,0.0,0.0,0.0,0.0,0.0,0.0,0.0,0.0,0.0,0.0
Mn65,0.0,0.0,0.0,0.0,0.0,0.0,0.0,0.0,0.0,0.0,0.0,0.0,0.0,0.0,0.0,0.0,0.0,0.0,0.0,0.0,0.0,0.0,0.0,0.0,0.0,0.0,0.0,0.0,0.0,0.0,0.0,0.0,0.0,0.0,0.0,0.0,0.0,0.0,0.0,0.0,0.0,0.0,0.0,0.0,0.0,0.0,0.0,0.0,0.0,0.0,0.0,0.0,0.0,0.0,0.0,0.0,0.0,0.0,0.0,0.0,0.0,0.0,0.0,0.0,0.0,0.0,0.0,0.0,0.0,0.0,0.0,0.0,0.0,0.0,0.0,0.0,0.0,0.0,0.0,0.0,0.0,0.0,0.0,0.0,0.0,0.0,0.0,0.0,0.0,0.0,0.0,0.0,0.0,0.0,0.0,0.0,0.0,0.0,0.0,0.0,0.0,0.0,0.0,0.0,0.0,0.0,0.0,0.0,0.0,0.0,0.0,0.0,0.0,0.0,0.0,0.0,0.0,0.0,0.0,0.0,0.0,0.0
Mn66,57.66986484483065,0.0011418878990400309,2.2595907508124612e-08,4.471323643458831e-13,8.847945194219498e-18,1.7508491981885043e-22,3.46461562261942e-27,6.855851106376207e-32,1.3566496117472185e-36,2.6845655491878216e-41,5.312272325500768e-46,1.0512031367168153e-50,2.080141918438083e-55,4.1162266832247104e-60,8.145272184319682e-65,1.6118028491248205e-69,3.1894679093082653e-74,6.311383274964945e-79,1.2489092217311692e-83,2.471366697554614e-88,4.890390148065287e-93,9.677202425669376e-98,1.914944287715573e-102,3.7893302875710503e-107,7.498403019041798e-112,1.4837990771191367e-116,2.9361714696697463e-121,5.8101551835716624e-126,1.1497251984735636e-130,2.2750993566276608e-135,4.502012384698211e-140,8.90867269287928e-145,1.7628660778145137e-149,3.488394865817795e-154,6.90290595128483e-159,1.3659609191378845e-163,2.7029909516074524e-168,5.348732882550548e-173,1.05841802510896e-177,2.0944188847609073e-182,4.1444782314544763e-187,8.201176916412716e-192,1.6228653899985998e-196,3.2113586877812587e-201,6.354701187876755e-206,1.2574810574991384e-210,2.488328818648173e-215,4.923955134584009e-220,9.743621496361522e-225,1.92808742706749e-229,3.815338196176789e-234,7.549867991902014e-239,1.493983069502587e-243,2.9563237587125985e-248,5.850032938618557e-253,1.1576162888812007e-257,2.290714405104758e-262,4.53291175681872e-267,8.969816992164799e-272,1.7749654347869997e-276,3.5123373168489246e-281,6.950283755136858e-286,1.3753361342941055e-290,2.7215428159994675e-295,5.3854436850958444e-300,1.0656824325832812e-304,2.108793840439925e-309,4.172923683e-314,8.25747e-319,1.5e-323,0.0,0.0,0.0,0.0,0.0,0.0,0.0,0.0,0.0,0.0,0.0,0.0,0.0,0.0,0.0,0.0,0.0,0.0,0.0,0.0,0.0,0.0,0.0,0.0,0.0,0.0,0.0,0.0,0.0,0.0,0.0,0.0,0.0,0.0,0.0,0.0,0.0,0.0,0.0,0.0,0.0,0.0,0.0,0.0,0.0,0.0,0.0,0.0,0.0,0.0,0.0,0.0
Mn67,31.540269443637765,1.2415719022419557e-05,4.887405281893214e-12,1.9239103737700915e-18,7.573407567505514e-25,2.9812462308790156e-31,1.1735576431424805e-37,4.619672120355709e-44,1.818520648685869e-50,7.158568525420584e-57,2.8179691510154266e-63,1.1093060073956691e-69,4.366955918714284e-76,1.7192382994613784e-82,6.769640170851369e-89,2.6666743437191712e-95,1.0514711903467639e-101,4.1557121313075534e-108,1.651743180994337e-114,6.653295966352702e-121,2.763305213819995e-127,1.2253408309439328e-133,6.1355315648872755e-140,3.666470154294469e-146,2.6365680805068374e-152,2.175871393623127e-158,1.941801306514821e-164,1.7993842204353366e-170,1.695375103400414e-176,1.6087063348363416e-182,1.5309818202729668e-188,1.4587983348811112e-194,1.3907226258428246e-200,1.3261012484621303e-206,1.2645918613884692e-212,1.2059785310516383e-218,1.1500988442226777e-224,1.096815041922356e-230,1.0460024902522758e-236,9.975449835422904e-243,9.513327443554111e-249,9.07261492101023e-255,8.65231938977416e-261,8.251494604971263e-267,7.869238408073821e-273,7.504690532432998e-279,7.157030602720357e-285,6.825476263360287e-291,6.509281407958763e-297,6.20773449638209e-303,5.92015695201326e-309,5.645901636e-315,5.385e-321,0.0,0.0,0.0,0.0,0.0,0.0,0.0,0.0,0.0,0.0,0.0,0.0,0.0,0.0,0.0,0.0,0.0,0.0,0.0,0.0,0.0,0.0,0.0,0.0,0.0,0.0,0.0,0.0,0.0,0.0,0.0,0.0,0.0,0.0,0.0,0.0,0.0,0.0,0.0,0.0,0.0,0.0,0.0,0.0,0.0,0.0,0.0,0.0,0.0,0.0,0.0,0.0,0.0,0.0,0.0,0.0,0.0,0.0,0.0,0.0,0.0,0.0,0.0,0.0,0.0,0.0,0.0,0.0,0.0
Mn68,2.3260420892807865,4.1261621912237017e-11,7.319392244337326e-22,1.298385772144768e-32,2.3032043604606605e-43,4.0856503820757554e-54,7.24752841350871e-65,1.285637859153512e-75,2.2805908588202866e-86,4.0455363291488165e-97,7.17637016177859e-108,1.273015108721116e-118,2.25819938283478e-129,4.0058161271615674e-140,7.105910561574954e-151,1.2605162919667356e-161,2.2360277525944604e-172,3.966485909175837e-183,7.036142753342611e-194,1.2481401920750157e-204,2.2140738095925915e-215,3.9275418462201246e-226,6.967059944875378e-237,1.2358856041776338e-247,2.1923354165152597e-258,3.8889801469168346e-269,6.898655410654858e-280,1.2237513352359961e-290,2.170810457033286e-301,3.850797057114e-312,7e-323,0.0,0.0,0.0,0.0,0.0,0.0,0.0,0.0,0.0,0.0,0.0,0.0,0.0,0.0,0.0,0.0,0.0,0.0,0.0,0.0,0.0,0.0,0.0,0.0,0.0,0.0,0.0,0.0,0.0,0.0,0.0,0.0,0.0,0.0,0.0,0.0,0.0,0.0,0.0,0.0,0.0,0.0,0.0,0.0,0.0,0.0,0.0,0.0,0.0,0.0,0.0,0.0,0.0,0.0,0.0,0.0,0.0,0.0,0.0,0.0,0.0,0.0,0.0,0.0,0.0,0.0,0.0,0.0,0.0,0.0,0.0,0.0,0.0,0.0,0.0,0.0,0.0,0.0,0.0,0.0,0.0,0.0,0.0,0.0,0.0,0.0,0.0,0.0,0.0,0.0,0.0
Mn69,0.14022607168388976,4.412515260436706e-23,1.3884929307210785e-44,4.3691919571324086e-66,1.3748603205604173e-87,4.326294014081492e-109,1.3613615591617366e-130,4.283817254978557e-152,1.3479953323606256e-173,4.241757544522349e-195,1.3347603388955022e-216,4.200110788013121e-238,1.32165529028094e-259,4.158872930954073e-281,1.308678910682219e-302,5e-324,0.0,0.0,0.0,0.0,0.0,0.0,0.0,0.0,0.0,0.0,0.0,0.0,0.0,0.0,0.0,0.0,0.0,0.0,0.0,0.0,0.0,0.0,0.0,0.0,0.0,0.0,0.0,0.0,0.0,0.0,0.0,0.0,0.0,0.0,0.0,0.0,0.0,0.0,0.0,0.0,0.0,0.0,0.0,0.0,0.0,0.0,0.0,0.0,0.0,0.0,0.0,0.0,0.0,0.0,0.0,0.0,0.0,0.0,0.0,0.0,0.0,0.0,0.0,0.0,0.0,0.0,0.0,0.0,0.0,0.0,0.0,0.0,0.0,0.0,0.0,0.0,0.0,0.0,0.0,0.0,0.0,0.0,0.0,0.0,0.0,0.0,0.0,0.0,0.0,0.0,0.0,0.0,0.0,0.0,0.0,0.0,0.0,0.0,0.0,0.0,0.0,0.0,0.0,0.0,0.0,0.0
Mo109,10488159913.36299,2866478608.7222824,775907507.524295,209831812.82407296,56740648.712004825,15343115.919500552,4148895.346879417,1121892.7976243808,303368.32688784885,82033.09789171624,22182.372228088803,5998.281794888102,1621.9809189435155,438.59594986996836,118.59967339667415,32.07025175213756,8.672039458367713,2.3449852825827597,0.6341018167558917,0.17146594351767833,0.046365692400666854,0.012537635099366585,0.0033902716803299203,0.0009167551914976176,0.0002478975611347017,6.70333818520762e-05,1.8126335176345743e-05,4.9014985943910355e-06,1.325402417923328e-06,3.583988724279652e-07,9.69137750321106e-08,2.6206220257744523e-08,7.086360839518144e-09,1.916205750160256e-09,5.181565771348597e-10,1.4011347080325785e-10,3.7887745841400094e-11,1.0245134009692619e-11,2.770361987644751e-12,7.49126906034218e-13,2.0256960059631128e-13,5.47763573237279e-14,1.4811942724002967e-14,4.005261721996764e-15,1.0830531659899015e-15,2.928657954906288e-16,7.919313369068586e-17,2.1414424355170293e-17,5.79062286200761e-18,1.5658283675465417e-18,4.234118738244716e-19,1.144937840003857e-19,3.095998809934492e-20,8.371815740742315e-21,2.2638025109067696e-21,6.121493791899192e-22,1.655298378004298e-22,4.4760524364978065e-23,1.2103585480723474e-23,3.272901369399586e-24,8.850173686861418e-25,2.393154129847278e-25,6.4712703861478e-26,1.749880623581314e-26,4.7318100064864e-27,1.2795173359689692e-27,3.459911980406846e-28,9.355864571461452e-29,2.5298967827856374e-29,6.841032897240118e-30,1.8498672127481408e-30,5.002181331683288e-31,1.3526277941792737e-31,3.6576082078388145e-32,9.89045017381682e-33,2.6744527866901608e-33,7.231923302308561e-34,1.955566944787971e-34,5.288001428785333e-35,1.429915717555124e-35,3.866600618110741e-36,1.0455581511850893e-36,2.8272685893370776e-37,7.645148830021443e-38,2.0673062634945092e-38,5.590153026584887e-39,1.5116198026610957e-39,4.087534664848181e-40,1.1053003941151353e-40,2.988816148122994e-41,8.081985688996543e-42,2.1854302653632782e-42,5.90956929219558e-43,1.5979923849666208e-43,4.3210926823104853e-44,1.168456254533856e-44,3.159594387661383e-45,8.543783009252616e-46,2.310303765390052e-46,6.2472367130522e-47,1.689300218160623e-47,4.567995992716731e-48,1.2352207834434816e-48,3.340130740664916e-49,9.03196700887216e-50,2.442312423768054e-50,6.604198143585376e-51,1.7858252979954814e-51,4.829007133982306e-52,1.3058001768833167e-52,3.5309827768723074e-53,9.548045398743245e-54,2.5818639369635993e-54,6.981556025980552e-55,1.887865733204692e-55,5.104932214746389e-56,1.3804124127470393e-56,3.7327399250506374e-57,1.0093612038984415e-57,2.7293892968487236e-58,7.380475794968154e-59,1.9957366661839707e-59
Mo110,1459162126.1511974,145264086.88479486,14420431.515338315,1430830.5589281903,141958.78747567322,14084.136503054118,1397.3240133107765,138.63211231538415,13.75404775746709,1.3645743708225895,0.13538292454064935,0.013431687303119808,0.001332592159684005,0.00013220988725821478,1.3116882132147691e-05,1.3013595309447142e-06,1.2911121802565657e-07,1.280945520717645e-08,1.2708589169382148e-09,1.2608517385318066e-10,1.2509233600758278e-11,1.2410731610724776e-12,1.23130052590997e-13,1.2216048438240524e-14,1.2119855088598432e-15,1.2024419198339567e-16,1.1929734802969284e-17,1.1835795984959431e-18,1.1742596873378495e-19,1.1650131643524701e-20,1.1558394516561961e-21,1.146737975915872e-22,1.1377081683129619e-23,1.1287494645080062e-24,1.1198613046053453e-25,1.1110431331181295e-26,1.1022943989336024e-27,1.09361455527866e-28,1.0850030596856756e-29,1.0764593739585989e-30,1.0679829641393197e-31,1.059573300474295e-32,1.051229857381446e-33,1.0429521134173065e-34,1.0347395512444318e-35,1.0265916575990713e-36,1.0185079232590911e-37,1.010487843012143e-38,1.0025309156240963e-39,9.946366438077088e-41,9.868045341915481e-42,9.790340972891577e-43,9.71324847468467e-44,9.636763029214355e-45,9.560879856339457e-46,9.48559421355927e-47,9.410901395717165e-48,9.336796734706525e-49,9.263275599179003e-50,9.190333394255069e-51,9.117965561236862e-52,9.046167577323256e-53,8.974934955327231e-54,8.90426324339539e-55,8.834148024729759e-56,8.764584917311761e-57,8.695569573628325e-58,8.627097680400173e-59,8.55916495831229e-60,8.491767161746434e-61,8.424900078515814e-62,8.358559529601866e-63,8.292741368893014e-64,8.227441482925613e-65,8.162655790626828e-66,8.098380243059594e-67,8.034610823169554e-68,7.971343545534021e-69,7.908574456112896e-70,7.84629963200153e-71,7.784515181185586e-72,7.723217242297764e-73,7.662401984376515e-74,7.602065606626566e-75,7.542204338181436e-76,7.482814437867708e-77,7.423892193971277e-78,7.36543392400532e-79,7.307435974480201e-80,7.249894720675087e-81,7.192806566411467e-82,7.136167943828342e-83,7.079975313159285e-84,7.024225162511208e-85,6.968914007644874e-86,6.914038391757126e-87,6.859594885264865e-88,6.80558008559071e-89,6.7519906169503235e-90,6.698823130141478e-91,6.646074302334683e-92,6.59374083686556e-93,6.541819463028792e-94,6.490306935873723e-95,6.439200036001534e-96,6.388495569364069e-97,6.3381903670642e-98,6.2882812851577674e-99,6.238765204457118e-100,6.189639030336148e-101,6.1408996925368965e-102,6.092544144977671e-103,6.044569365562664e-104,5.996972355993087e-105,5.949750141579782e-106,5.902899771057311e-107,5.8564183163995165e-108,5.810302872636515e-109,5.764550557673167e-110,5.7191585121089124e-111,5.674123899059109e-112,5.629443903977707e-113
Mo111,56860320.296232924,1776913.9955242604,55528.56636715372,1735.267699622057,54.22711561329942,1.6945973629156266,0.0529561675911134,0.0016548802372222955,5.17150074131968e-05,1.6160939816624015e-06,5.050293692695017e-08,1.578216778967196e-09,4.9319274342724934e-11,1.5412273232101568e-12,4.816335385031751e-14,1.5051048078224239e-15,4.703452524445083e-17,1.4698289138890912e-18,4.593215355903417e-20,1.4353797987198213e-21,4.4855618709994486e-23,1.40173808468733e-24,4.380431514647915e-26,1.3688848483274747e-27,4.2777651510233663e-29,1.3368016096948055e-30,4.177505030296275e-32,1.305470321967586e-33,4.079594756148714e-35,1.2748733612964751e-36,3.9839792540514914e-38,1.2449935168910932e-39,3.8906047402846734e-41,1.2158139813389623e-42,3.799418691684261e-44,1.1873183411513332e-45,3.7103698160979207e-47,1.1594905675306025e-48,3.623408023533141e-50,1.1323150073541083e-51,3.538484397981593e-53,1.1057763743692497e-54,3.455551169903908e-56,1.0798597405949734e-57,3.3745616893593002e-59,1.0545505279247831e-60,3.295470399764952e-62,1.0298344999265493e-63,3.2182328122704723e-65,1.0056977538345243e-66,3.1428054807328947e-68,9.821267127290304e-70,3.0691459772782227e-71,9.591081178994462e-73,2.997212868435776e-74,9.366290213861813e-76,2.9269656918318207e-77,9.146767786974452e-79,2.858364933429524e-80,8.93239041696727e-82,2.7913720053022757e-83,8.723037516569623e-85,2.72594922392801e-86,8.518591324775044e-88,2.6620597889922054e-89,8.318936840600654e-91,2.5996677626877084e-92,8.1239617583991e-94,2.5387380494997232e-95,7.933556404686656e-97,2.479236376464583e-98,7.747613676451828e-100,2.4211292738912002e-101,7.566028980910012e-103,2.3643840565343805e-104,7.388700176669948e-106,2.3089688052093635e-107,7.215527516279266e-109,2.254852348837274e-110,7.0464135901164935e-112,2.2020042469114083e-113,6.881263271598158e-115,2.1503947723744255e-116,6.719983663670092e-118,2.0999948948969046e-119,6.562484046552834e-121,2.0507762645477635e-122,6.408675826711771e-124,2.0027111958474316e-125,6.258472487023231e-127,1.9557726521947633e-128,6.111789538108647e-130,1.909934230658955e-131,5.9685444708092415e-133,1.8651701471278916e-134,5.828656709774669e-136,1.821455221804587e-137,5.692047568139342e-139,1.7787648650435473e-140,5.5586402032610955e-142,1.737075063519095e-143,5.428359573497182e-145,1.6963623667178734e-146,5.301132395993359e-148,1.6566038737479271e-149,5.17688710546228e-151,1.617777220456965e-152,5.055553813928022e-154,1.5798605668525096e-155,4.937064271414102e-157,1.5428325848169078e-158,4.8213518275528443e-160,1.5066724461102662e-161,4.708351394094595e-163,1.4713598106545623e-164,4.597999408295514e-166,1.4368748150923507e-167,4.490233797163604e-169,1.4031980616136272e-170,4.384993942542588e-172,1.370310607044561e-173,4.282220647014263e-175
Mo112,3453894.086693387,308625.91959056206,27577.024104937645,2464.1230794081566,220.17976005457305,19.6739875304172,1.7579535251154526,0.15708054057104057,0.014035806904775742,0.001254158374754602,0.00011206432516764771,1.0013418742060826e-05,8.947410761975656e-07,7.994887800631588e-08,7.143768476163503e-09,6.383257565790464e-10,5.703709083962844e-11,5.096503936928578e-12,4.553940601942827e-13,4.0691374445442774e-14,3.6359454349334985e-15,3.2488701563862583e-16,2.90300211649087e-17,2.593954477307998e-18,2.3178074146496657e-19,2.0710584007550757e-20,1.8505777797705796e-21,1.653569072572767e-22,1.4775335074584863e-23,1.3202383268247222e-24,1.1796884678541995e-25,1.0541012580169915e-26,9.4188380443703e-28,8.416127903401787e-29,7.520164223309308e-30,6.719582995249245e-31,6.00422999940458e-32,5.365032013331462e-33,4.793881731200472e-34,4.283534934298968e-35,3.827518608550412e-36,3.4200488436537613e-37,3.0559574725117593e-38,2.730626520474892e-39,2.4399296329841616e-40,2.1801797387065849e-41,1.948082284345767e-42,1.740693447978405e-43,1.5553828009131193e-44,1.3897999444910608e-45,1.2418446986641514e-46,1.1096404642360205e-47,9.915104209040289e-49,8.85956259208822e-50,7.916391766368177e-51,7.073628968385731e-52,6.32058496586268e-53,5.647708480221043e-54,5.046465042370832e-55,4.509228745261676e-56,4.029185520235303e-57,3.6002467103787934e-58,3.2169718446809958e-59,2.8744996334935615e-60,2.5684863100733723e-61,2.295050536157638e-62,2.0507241727782433e-63,1.832408291914036e-64,1.6373338710521962e-65,1.4630266721258314e-66,1.3072758593676896e-67,1.1681059580426753e-68,1.0437517983960716e-69,9.326361270175403e-71,8.333496016532955e-72,7.446329157294648e-73,6.653608258619501e-74,5.945278797647686e-75,5.3123566353593566e-76,4.746814065710863e-77,4.2414779957457196e-78,3.789938965241733e-79,3.386469851939482e-80,3.025953231245123e-81,2.703816469069935e-82,2.415973724552785e-83,2.1587741270535468e-84,1.9289554701173172e-85,1.723602835084019e-86,1.5401116195434971e-87,1.3761545017053006e-88,1.2296519216737713e-89,1.098745705225908e-90,9.817754955476422e-92,8.772576939990313e-93,7.838666428023024e-94,7.004178109822664e-95,6.258527702969499e-96,5.592257705997759e-97,4.99691744361106e-98,4.464955882037546e-99,3.989625855042122e-100,3.56489848584057e-101,3.1853867194807942e-102,2.8462769958096357e-103,2.543268196395195e-104,2.272517091034338e-105,2.030589591912898e-106,1.8144171971477966e-107,1.6212580712601614e-108,1.4486622689412885e-109,1.294440661025002e-110,1.156637168537141e-111,1.0335039526510803e-112,9.23479245869581e-114,8.25167543253477e-115,7.373219024514385e-116,6.588281280321884e-117,5.886906395202128e-118,5.260198438913436e-119,4.700208523665043e-120,4.1998339839241724e-121
Mo113,13900.370694077237,13.57458785812076,0.013256433455196745,1.2945735796090605e-05,1.264232011336976e-08,1.234601573571268e-11,1.2056655991906939e-14,1.177407811709664e-17,1.1498123161227204e-20,1.1228635899635968e-23,1.0965464745738273e-26,1.0708461665760049e-29,1.0457482095468825e-32,1.0212384858856298e-35,9.97303208872688e-39,9.739289149147372e-42,9.511024559714252e-45,9.288109921595961e-48,9.070419845308573e-51,8.857831880184166e-54,8.650226445492364e-57,8.447486763176154e-60,8.24949879216423e-63,8.05615116422289e-66,7.867335121311431e-69,7.682944454405715e-72,7.502875443755593e-75,7.327026800542592e-78,7.155299609904894e-81,6.987597275297756e-84,6.823825464157985e-87,6.66389205484179e-90,6.5077070848064496e-93,6.355182700006312e-96,6.206233105474929e-99,6.060774517065377e-102,5.918725114321669e-105,5.780004994454763e-108,5.64453612739724e-111,5.512242311911376e-114,5.3830491327259664e-117,5.2568839186777105e-120,5.13367570183371e-123,5.013355177571991e-126,4.8958546655976594e-129,4.7811080718727286e-132,4.6690508514382195e-135,4.559619972107645e-138,4.4527538790113827e-141,4.34839245997206e-144,4.246477011691473e-147,4.1469502067299665e-150,4.0497560612597403e-153,3.954839903573974e-156,3.8621483433339695e-159,3.771629241537088e-162,3.68323168118857e-165,3.596905938660724e-168,3.5126034557233706e-171,3.4302768122298635e-174,3.3498796994432335e-177,3.2713668939875413e-180,3.194694232409714e-183,3.11981858633762e-186,3.046697838220338e-189,2.975290857637058e-192,2.9055574781611977e-195,2.8374584747668005e-198,2.7709555417644594e-201,2.7060112712543595e-204,2.6425891320843427e-207,2.580653449301122e-210,2.5201693840831346e-213,2.4611029141436916e-216,2.4034208145934535e-219,2.3470906392514228e-222,2.292080702393972e-225,2.238360060931618e-228,2.1858984970035387e-231,2.1346665009800233e-234,2.084635254863308e-237,2.035776616077452e-240,1.98806310163814e-243,1.9414678726935002e-246,1.8959647194272498e-249,1.8515280463156768e-252,1.808132857730156e-255,1.7657547438771098e-258,1.7243698670674932e-261,1.6839549483081026e-264,1.644487254207134e-267,1.6059445841866585e-270,1.5683052579947872e-273,1.5315481035105376e-276,1.4956524448345119e-279,1.460598090658706e-282,1.426365322908894e-285,1.39293488565322e-288,1.3602879742707275e-291,1.3284062248737608e-294,1.2972717039782854e-297,1.266866898416298e-300,1.2371747054846688e-303,1.208178423324875e-306,1.1798617415282e-309,1.15220873196e-312,1.12520384e-315,1.09883e-318,1.07e-321,0.0,0.0,0.0,0.0,0.0,0.0,0.0,0.0,0.0,0.0,0.0,0.0,0.0
Mo114,439.06402690312854,0.07579715595661021,1.3085127678606792e-05,2.258931277889322e-09,3.899671935619957e-13,6.732139819530625e-17,1.1621928023159403e-20,2.006334012606933e-24,3.4636044571278842e-28,5.979341306111035e-32,1.032234566547839e-35,1.781982572707848e-39,3.07629873319817e-43,5.310721912109414e-47,9.168084660763086e-51,1.5827184653608297e-54,2.7323021473774647e-58,4.71686859536419e-62,8.142894945673552e-66,1.4057363853943956e-69,2.4267718034009882e-73,4.189420894963744e-77,7.232343564632524e-81,1.2485447212945678e-84,2.1554063453175247e-88,3.7209532299476004e-92,6.423611477963716e-96,1.1089304774843484e-99,1.914385401595751e-103,3.3048703595529503e-107,5.705313091265421e-111,9.84928119049358e-115,1.7003158006863102e-118,2.935314533261536e-122,5.067335965294579e-126,8.747919002954791e-130,1.5101838008447258e-133,2.6070830234750507e-137,4.500698449744965e-141,7.769712875709113e-145,1.3413126616910036e-148,2.315554879817107e-152,3.9974232366413054e-156,6.900891303471062e-160,1.1913249601844886e-163,2.056625873884879e-167,3.550425053192648e-171,6.129222732439292e-175,1.0581091204859784e-178,1.8266507185814685e-182,3.153410913008392e-186,5.443843360488037e-190,9.397896865035298e-194,1.622391748573795e-197,2.8007915213809393e-201,4.835104193013311e-205,8.347009186091866e-209,1.440973339382805e-212,2.487602587369645e-216,4.294435201236039e-220,7.413633428125542e-224,1.2798414234030395e-227,2.2094349348919295e-231,3.814224670538439e-235,6.584629222428607e-239,1.1367275329048768e-242,1.9623724289025722e-246,3.387712040260074e-250,5.848325577087933e-254,1.0096168638050815e-257,1.7429368427657933e-261,3.0088927263173e-265,5.194356568949816e-269,8.967199105969992e-273,1.5480388906448578e-276,2.672433586707714e-280,4.6135154087688296e-284,7.964472731076833e-288,1.3749347355272901e-291,2.373597839795607e-295,4.097624825022497e-299,7.073872804032598e-303,1.2211873605914437e-306,2.1081783783533e-310,3.6394219415e-314,6.28286e-318,1.087e-321,0.0,0.0,0.0,0.0,0.0,0.0,0.0,0.0,0.0,0.0,0.0,0.0,0.0,0.0,0.0,0.0,0.0,0.0,0.0,0.0,0.0,0.0,0.0,0.0,0.0,0.0,0.0,0.0,0.0,0.0,0.0,0.0,0.0,0.0,0.0
Mo115,0.2718263234859782,0.00014528686108899875,7.765352425915016e-08,4.150457780330581e-11,2.2183538932267854e-14,1.18567499202521e-17,6.3372448868791135e-21,3.38715693814866e-24,1.8103816924295318e-27,9.676203176093203e-31,5.171777216736332e-34,2.764232942693574e-37,1.4774386910452108e-40,7.896675609655232e-44,4.2206479403899433e-47,2.255869421169704e-50,1.2057264470389285e-53,6.444416735501082e-57,3.444438592418594e-60,1.8409978286452477e-63,9.839841571095212e-67,5.259239344975394e-70,2.8109800638445227e-73,1.5024242862954038e-76,8.030219655713299e-80,4.292025116154533e-83,2.294019390191266e-86,1.2261170007524326e-89,6.553401012921678e-93,3.502688961151951e-96,1.8721317273862327e-99,1.0006247324722455e-102,5.3481805825332765e-106,2.8585177454805055e-109,1.5278324235933934e-112,8.166022122038224e-116,4.3646093817527534e-119,2.332814529594901e-122,1.2468523878083325e-125,6.664228369896637e-129,3.56192442669182e-132,1.903792144755181e-135,1.0175467236955833e-138,5.438625943257921e-142,2.906859357106735e-145,1.5536702487277959e-148,8.304121201737448e-152,4.438421150795103e-155,2.372265750131832e-158,1.2679384398302085e-161,6.7769299755296015e-165,3.622161648430013e-168,1.9359879849329437e-171,1.0347548899230585e-174,5.530600864017075e-178,2.956018494325822e-181,1.579945028332699e-184,8.444555733818313e-188,4.5134811821153745e-191,2.4123841470696707e-194,1.289381087062723e-197,6.891537526038283e-201,3.683417567492483e-204,1.9687283026828077e-207,1.052254070782118e-210,5.624131211852302e-214,3.006008982661448e-217,1.6066641519313523e-220,8.587365214111258e-224,4.589810585608866e-227,2.4531810033128345e-230,1.3111863600394365e-233,7.008083253668631e-237,3.745709411503757e-240,2.0020223058969985e-243,1.0700491877451968e-246,5.719243291253645e-250,3.0568448814465864e-253,1.6338351340143713e-256,8.732589806377464e-260,4.667430828169277e-263,2.494667792575723e-266,1.3333603912788251e-269,7.126599935759808e-273,3.809054699432053e-276,2.035879358186328e-279,1.0881452455138506e-282,5.815963851557601e-286,3.108540487777575e-289,1.6614656161531225e-292,8.880270353604587e-296,4.7463637397260954e-299,2.5368561826096185e-302,1.3559094170089943e-305,7.247120903962516e-309,3.873471246516e-312,2.07030898e-315,1.10655e-318,5.93e-322,0.0,0.0,0.0,0.0,0.0,0.0,0.0,0.0,0.0,0.0,0.0,0.0,0.0,0.0,0.0,0.0,0.0,0.0,0.0,0.0,0.0,0.0,0.0
N17,0.0,0.0,0.0,0.0,0.0,0.0,0.0,0.0,0.0,0.0,0.0,0.0,0.0,0.0,0.0,0.0,0.0,0.0,0.0,0.0,0.0,0.0,0.0,0.0,0.0,0.0,0.0,0.0,0.0,0.0,0.0,0.0,0.0,0.0,0.0,0.0,0.0,0.0,0.0,0.0,0.0,0.0,0.0,0.0,0.0,0.0,0.0,0.0,0.0,0.0,0.0,0.0,0.0,0.0,0.0,0.0,0.0,0.0,0.0,0.0,0.0,0.0,0.0,0.0,0.0,0.0,0.0,0.0,0.0,0.0,0.0,0.0,0.0,0.0,0.0,0.0,0.0,0.0,0.0,0.0,0.0,0.0,0.0,0.0,0.0,0.0,0.0,0.0,0.0,0.0,0.0,0.0,0.0,0.0,0.0,0.0,0.0,0.0,0.0,0.0,0.0,0.0,0.0,0.0,0.0,0.0,0.0,0.0,0.0,0.0,0.0,0.0,0.0,0.0,0.0,0.0,0.0,0.0,0.0,0.0,0.0,0.0
N18,0.0,0.0,0.0,0.0,0.0,0.0,0.0,0.0,0.0,0.0,0.0,0.0,0.0,0.0,0.0,0.0,0.0,0.0,0.0,0.0,0.0,0.0,0.0,0.0,0.0,0.0,0.0,0.0,0.0,0.0,0.0,0.0,0.0,0.0,0.0,0.0,0.0,0.0,0.0,0.0,0.0,0.0,0.0,0.0,0.0,0.0,0.0,0.0,0.0,0.0,0.0,0.0,0.0,0.0,0.0,0.0,0.0,0.0,0.0,0.0,0.0,0.0,0.0,0.0,0.0,0.0,0.0,0.0,0.0,0.0,0.0,0.0,0.0,0.0,0.0,0.0,0.0,0.0,0.0,0.0,0.0,0.0,0.0,0.0,0.0,0.0,0.0,0.0,0.0,0.0,0.0,0.0,0.0,0.0,0.0,0.0,0.0,0.0,0.0,0.0,0.0,0.0,0.0,0.0,0.0,0.0,0.0,0.0,0.0,0.0,0.0,0.0,0.0,0.0,0.0,0.0,0.0,0.0,0.0,0.0,0.0,0.0
N19,0.0,0.0,0.0,0.0,0.0,0.0,0.0,0.0,0.0,0.0,0.0,0.0,0.0,0.0,0.0,0.0,0.0,0.0,0.0,0.0,0.0,0.0,0.0,0.0,0.0,0.0,0.0,0.0,0.0,0.0,0.0,0.0,0.0,0.0,0.0,0.0,0.0,0.0,0.0,0.0,0.0,0.0,0.0,0.0,0.0,0.0,0.0,0.0,0.0,0.0,0.0,0.0,0.0,0.0,0.0,0.0,0.0,0.0,0.0,0.0,0.0,0.0,0.0,0.0,0.0,0.0,0.0,0.0,0.0,0.0,0.0,0.0,0.0,0.0,0.0,0.0,0.0,0.0,0.0,0.0,0.0,0.0,0.0,0.0,0.0,0.0,0.0,0.0,0.0,0.0,0.0,0.0,0.0,0.0,0.0,0.0,0.0,0.0,0.0,0.0,0.0,0.0,0.0,0.0,0.0,0.0,0.0,0.0,0.0,0.0,0.0,0.0,0.0,0.0,0.0,0.0,0.0,0.0,0.0,0.0,0.0,0.0
N20,0.0,0.0,0.0,0.0,0.0,0.0,0.0,0.0,0.0,0.0,0.0,0.0,0.0,0.0,0.0,0.0,0.0,0.0,0.0,0.0,0.0,0.0,0.0,0.0,0.0,0.0,0.0,0.0,0.0,0.0,0.0,0.0,0.0,0.0,0.0,0.0,0.0,0.0,0.0,0.0,0.0,0.0,0.0,0.0,0.0,0.0,0.0,0.0,0.0,0.0,0.0,0.0,0.0,0.0,0.0,0.0,0.0,0.0,0.0,0.0,0.0,0.0,0.0,0.0,0.0,0.0,0.0,0.0,0.0,0.0,0.0,0.0,0.0,0.0,0.0,0.0,0.0,0.0,0.0,0.0,0.0,0.0,0.0,0.0,0.0,0.0,0.0,0.0,0.0,0.0,0.0,0.0,0.0,0.0,0.0,0.0,0.0,0.0,0.0,0.0,0.0,0.0,0.0,0.0,0.0,0.0,0.0,0.0,0.0,0.0,0.0,0.0,0.0,0.0,0.0,0.0,0.0,0.0,0.0,0.0,0.0,0.0
N21,0.0,0.0,0.0,0.0,0.0,0.0,0.0,0.0,0.0,0.0,0.0,0.0,0.0,0.0,0.0,0.0,0.0,0.0,0.0,0.0,0.0,0.0,0.0,0.0,0.0,0.0,0.0,0.0,0.0,0.0,0.0,0.0,0.0,0.0,0.0,0.0,0.0,0.0,0.0,0.0,0.0,0.0,0.0,0.0,0.0,0.0,0.0,0.0,0.0,0.0,0.0,0.0,0.0,0.0,0.0,0.0,0.0,0.0,0.0,0.0,0.0,0.0,0.0,0.0,0.0,0.0,0.0,0.0,0.0,0.0,0.0,0.0,0.0,0.0,0.0,0.0,0.0,0.0,0.0,0.0,0.0,0.0,0.0,0.0,0.0,0.0,0.0,0.0,0.0,0.0,0.0,0.0,0.0,0.0,0.0,0.0,0.0,0.0,0.0,0.0,0.0,0.0,0.0,0.0,0.0,0.0,0.0,0.0,0.0,0.0,0.0,0.0,0.0,0.0,0.0,0.0,0.0,0.0,0.0,0.0,0.0,0.0
N22,0.0,0.0,0.0,0.0,0.0,0.0,0.0,0.0,0.0,0.0,0.0,0.0,0.0,0.0,0.0,0.0,0.0,0.0,0.0,0.0,0.0,0.0,0.0,0.0,0.0,0.0,0.0,0.0,0.0,0.0,0.0,0.0,0.0,0.0,0.0,0.0,0.0,0.0,0.0,0.0,0.0,0.0,0.0,0.0,0.0,0.0,0.0,0.0,0.0,0.0,0.0,0.0,0.0,0.0,0.0,0.0,0.0,0.0,0.0,0.0,0.0,0.0,0.0,0.0,0.0,0.0,0.0,0.0,0.0,0.0,0.0,0.0,0.0,0.0,0.0,0.0,0.0,0.0,0.0,0.0,0.0,0.0,0.0,0.0,0.0,0.0,0.0,0.0,0.0,0.0,0.0,0.0,0.0,0.0,0.0,0.0,0.0,0.0,0.0,0.0,0.0,0.0,0.0,0.0,0.0,0.0,0.0,0.0,0.0,0.0,0.0,0.0,0.0,0.0,0.0,0.0,0.0,0.0,0.0,0.0,0.0,0.0
N23,0.0,0.0,0.0,0.0,0.0,0.0,0.0,0.0,0.0,0.0,0.0,0.0,0.0,0.0,0.0,0.0,0.0,0.0,0.0,0.0,0.0,0.0,0.0,0.0,0.0,0.0,0.0,0.0,0.0,0.0,0.0,0.0,0.0,0.0,0.0,0.0,0.0,0.0,0.0,0.0,0.0,0.0,0.0,0.0,0.0,0.0,0.0,0.0,0.0,0.0,0.0,0.0,0.0,0.0,0.0,0.0,0.0,0.0,0.0,0.0,0.0,0.0,0.0,0.0,0.0,0.0,0.0,0.0,0.0,0.0,0.0,0.0,0.0,0.0,0.0,0.0,0.0,0.0,0.0,0.0,0.0,0.0,0.0,0.0,0.0,0.0,0.0,0.0,0.0,0.0,0.0,0.0,0.0,0.0,0.0,0.0,0.0,0.0,0.0,0.0,0.0,0.0,0.0,0.0,0.0,0.0,0.0,0.0,0.0,0.0,0.0,0.0,0.0,0.0,0.0,0.0,0.0,0.0,0.0,0.0,0.0,0.0
Na27,0.0,0.0,0.0,0.0,0.0,0.0,0.0,0.0,0.0,0.0,0.0,0.0,0.0,0.0,0.0,0.0,0.0,0.0,0.0,0.0,0.0,0.0,0.0,0.0,0.0,0.0,0.0,0.0,0.0,0.0,0.0,0.0,0.0,0.0,0.0,0.0,0.0,0.0,0.0,0.0,0.0,0.0,0.0,0.0,0.0,0.0,0.0,0.0,0.0,0.0,0.0,0.0,0.0,0.0,0.0,0.0,0.0,0.0,0.0,0.0,0.0,0.0,0.0,0.0,0.0,0.0,0.0,0.0,0.0,0.0,0.0,0.0,0.0,0.0,0.0,0.0,0.0,0.0,0.0,0.0,0.0,0.0,0.0,0.0,0.0,0.0,0.0,0.0,0.0,0.0,0.0,0.0,0.0,0.0,0.0,0.0,0.0,0.0,0.0,0.0,0.0,0.0,0.0,0.0,0.0,0.0,0.0,0.0,0.0,0.0,0.0,0.0,0.0,0.0,0.0,0.0,0.0,0.0,0.0,0.0,0.0,0.0
Na28,0.0,0.0,0.0,0.0,0.0,0.0,0.0,0.0,0.0,0.0,0.0,0.0,0.0,0.0,0.0,0.0,0.0,0.0,0.0,0.0,0.0,0.0,0.0,0.0,0.0,0.0,0.0,0.0,0.0,0.0,0.0,0.0,0.0,0.0,0.0,0.0,0.0,0.0,0.0,0.0,0.0,0.0,0.0,0.0,0.0,0.0,0.0,0.0,0.0,0.0,0.0,0.0,0.0,0.0,0.0,0.0,0.0,0.0,0.0,0.0,0.0,0.0,0.0,0.0,0.0,0.0,0.0,0.0,0.0,0.0,0.0,0.0,0.0,0.0,0.0,0.0,0.0,0.0,0.0,0.0,0.0,0.0,0.0,0.0,0.0,0.0,0.0,0.0,0.0,0.0,0.0,0.0,0.0,0.0,0.0,0.0,0.0,0.0,0.0,0.0,0.0,0.0,0.0,0.0,0.0,0.0,0.0,0.0,0.0,0.0,0.0,0.0,0.0,0.0,0.0,0.0,0.0,0.0,0.0,0.0,0.0,0.0
Na29,0.0,0.0,0.0,0.0,0.0,0.0,0.0,0.0,0.0,0.0,0.0,0.0,0.0,0.0,0.0,0.0,0.0,0.0,0.0,0.0,0.0,0.0,0.0,0.0,0.0,0.0,0.0,0.0,0.0,0.0,0.0,0.0,0.0,0.0,0.0,0.0,0.0,0.0,0.0,0.0,0.0,0.0,0.0,0.0,0.0,0.0,0.0,0.0,0.0,0.0,0.0,0.0,0.0,0.0,0.0,0.0,0.0,0.0,0.0,0.0,0.0,0.0,0.0,0.0,0.0,0.0,0.0,0.0,0.0,0.0,0.0,0.0,0.0,0.0,0.0,0.0,0.0,0.0,0.0,0.0,0.0,0.0,0.0,0.0,0.0,0.0,0.0,0.0,0.0,0.0,0.0,0.0,0.0,0.0,0.0,0.0,0.0,0.0,0.0,0.0,0.0,0.0,0.0,0.0,0.0,0.0,0.0,0.0,0.0,0.0,0.0,0.0,0.0,0.0,0.0,0.0,0.0,0.0,0.0,0.0,0.0,0.0
Na30,0.0,0.0,0.0,0.0,0.0,0.0,0.0,0.0,0.0,0.0,0.0,0.0,0.0,0.0,0.0,0.0,0.0,0.0,0.0,0.0,0.0,0.0,0.0,0.0,0.0,0.0,0.0,0.0,0.0,0.0,0.0,0.0,0.0,0.0,0.0,0.0,0.0,0.0,0.0,0.0,0.0,0.0,0.0,0.0,0.0,0.0,0.0,0.0,0.0,0.0,0.0,0.0,0.0,0.0,0.0,0.0,0.0,0.0,0.0,0.0,0.0,0.0,0.0,0.0,0.0,0.0,0.0,0.0,0.0,0.0,0.0,0.0,0.0,0.0,0.0,0.0,0.0,0.0,0.0,0.0,0.0,0.0,0.0,0.0,0.0,0.0,0.0,0.0,0.0,0.0,0.0,0.0,0.0,0.0,0.0,0.0,0.0,0.0,0.0,0.0,0.0,0.0,0.0,0.0,0.0,0.0,0.0,0.0,0.0,0.0,0.0,0.0,0.0,0.0,0.0,0.0,0.0,0.0,0.0,0.0,0.0,0.0
Na31,0.0,0.0,0.0,0.0,0.0,0.0,0.0,0.0,0.0,0.0,0.0,0.0,0.0,0.0,0.0,0.0,0.0,0.0,0.0,0.0,0.0,0.0,0.0,0.0,0.0,0.0,0.0,0.0,0.0,0.0,0.0,0.0,0.0,0.0,0.0,0.0,0.0,0.0,0.0,0.0,0.0,0.0,0.0,0.0,0.0,0.0,0.0,0.0,0.0,0.0,0.0,0.0,0.0,0.0,0.0,0.0,0.0,0.0,0.0,0.0,0.0,0.0,0.0,0.0,0.0,0.0,0.0,0.0,0.0,0.0,0.0,0.0,0.0,0.0,0.0,0.0,0.0,0.0,0.0,0.0,0.0,0.0,0.0,0.0,0.0,0.0,0.0,0.0,0.0,0.0,0.0,0.0,0.0,0.0,0.0,0.0,0.0,0.0,0.0,0.0,0.0,0.0,0.0,0.0,0.0,0.0,0.0,0.0,0.0,0.0,0.0,0.0,0.0,0.0,0.0,0.0,0.0,0.0,0.0,0.0,0.0,0.0
Na32,0.0,0.0,0.0,0.0,0.0,0.0,0.0,0.0,0.0,0.0,0.0,0.0,0.0,0.0,0.0,0.0,0.0,0.0,0.0,0.0,0.0,0.0,0.0,0.0,0.0,0.0,0.0,0.0,0.0,0.0,0.0,0.0,0.0,0.0,0.0,0.0,0.0,0.0,0.0,0.0,0.0,0.0,0.0,0.0,0.0,0.0,0.0,0.0,0.0,0.0,0.0,0.0,0.0,0.0,0.0,0.0,0.0,0.0,0.0,0.0,0.0,0.0,0.0,0.0,0.0,0.0,0.0,0.0,0.0,0.0,0.0,0.0,0.0,0.0,0.0,0.0,0.0,0.0,0.0,0.0,0.0,0.0,0.0,0.0,0.0,0.0,0.0,0.0,0.0,0.0,0.0,0.0,0.0,0.0,0.0,0.0,0.0,0.0,0.0,0.0,0.0,0.0,0.0,0.0,0.0,0.0,0.0,0.0,0.0,0.0,0.0,0.0,0.0,0.0,0.0,0.0,0.0,0.0,0.0,0.0,0.0,0.0
Na33,0.0,0.0,0.0,0.0,0.0,0.0,0.0,0.0,0.0,0.0,0.0,0.0,0.0,0.0,0.0,0.0,0.0,0.0,0.0,0.0,0.0,0.0,0.0,0.0,0.0,0.0,0.0,0.0,0.0,0.0,0.0,0.0,0.0,0.0,0.0,0.0,0.0,0.0,0.0,0.0,0.0,0.0,0.0,0.0,0.0,0.0,0.0,0.0,0.0,0.0,0.0,0.0,0.0,0.0,0.0,0.0,0.0,0.0,0.0,0.0,0.0,0.0,0.0,0.0,0.0,0.0,0.0,0.0,0.0,0.0,0.0,0.0,0.0,0.0,0.0,0.0,0.0,0.0,0.0,0.0,0.0,0.0,0.0,0.0,0.0,0.0,0.0,0.0,0.0,0.0,0.0,0.0,0.0,0.0,0.0,0.0,0.0,0.0,0.0,0.0,0.0,0.0,0.0,0.0,0.0,0.0,0.0,0.0,0.0,0.0,0.0,0.0,0.0,0.0,0.0,0.0,0.0,0.0,0.0,0.0,0.0,0.0
Na34,0.0,0.0,0.0,0.0,0.0,0.0,0.0,0.0,0.0,0.0,0.0,0.0,0.0,0.0,0.0,0.0,0.0,0.0,0.0,0.0,0.0,0.0,0.0,0.0,0.0,0.0,0.0,0.0,0.0,0.0,0.0,0.0,0.0,0.0,0.0,0.0,0.0,0.0,0.0,0.0,0.0,0.0,0.0,0.0,0.0,0.0,0.0,0.0,0.0,0.0,0.0,0.0,0.0,0.0,0.0,0.0,0.0,0.0,0.0,0.0,0.0,0.0,0.0,0.0,0.0,0.0,0.0,0.0,0.0,0.0,0.0,0.0,0.0,0.0,0.0,0.0,0.0,0.0,0.0,0.0,0.0,0.0,0.0,0.0,0.0,0.0,0.0,0.0,0.0,0.0,0.0,0.0,0.0,0.0,0.0,0.0,0.0,0.0,0.0,0.0,0.0,0.0,0.0,0.0,0.0,0.0,0.0,0.0,0.0,0.0,0.0,0.0,0.0,0.0,0.0,0.0,0.0,0.0,0.0,0.0,0.0,0.0
Na35,0.0,0.0,0.0,0.0,0.0,0.0,0.0,0.0,0.0,0.0,0.0,0.0,0.0,0.0,0.0,0.0,0.0,0.0,0.0,0.0,0.0,0.0,0.0,0.0,0.0,0.0,0.0,0.0,0.0,0.0,0.0,0.0,0.0,0.0,0.0,0.0,0.0,0.0,0.0,0.0,0.0,0.0,0.0,0.0,0.0,0.0,0.0,0.0,0.0,0.0,0.0,0.0,0.0,0.0,0.0,0.0,0.0,0.0,0.0,0.0,0.0,0.0,0.0,0.0,0.0,0.0,0.0,0.0,0.0,0.0,0.0,0.0,0.0,0.0,0.0,0.0,0.0,0.0,0.0,0.0,0.0,0.0,0.0,0.0,0.0,0.0,0.0,0.0,0.0,0.0,0.0,0.0,0.0,0.0,0.0,0.0,0.0,0.0,0.0,0.0,0.0,0.0,0.0,0.0,0.0,0.0,0.0,0.0,0.0,0.0,0.0,0.0,0.0,0.0,0.0,0.0,0.0,0.0,0.0,0.0,0.0,0.0
Nb103,3576822196303.703,2516993107033.129,1740402793855.9526,1187211456968.612,801187049661.0396,535983468079.6875,355993861409.0483,235025895904.1043,154372490289.60077,100954040971.64474,65771168665.69052,42708854349.021065,27653333567.650425,17859641490.79624,11508521625.178295,7401086784.301055,4751089940.811023,3045040558.4880548,1948789629.3168986,1245575918.571548,795175152.250992,507096365.3675285,323069296.9948662,205644048.08468696,130793345.0746749,83125541.40762618,52794649.03201371,33510157.770216316,21257705.478397846,13478133.624957582,8541513.71367069,5410635.0155258775,3425981.9182795,2168498.4718682696,1372091.2817856586,867897.129561101,548814.309804592,346947.86438063084,219277.224042051,138554.78277986453,87529.75902072877,55284.46153684207,34911.61647628386,22042.57061246906,13915.0689902333,8783.02953505751,5542.986398376557,3497.744299114849,2206.891792725394,1392.279493440149,878.2691208155732,553.9719120115177,349.3894083397086,220.34149121793075,138.94723098223113,87.61387602483669,55.24175044854732,34.828559231856794,21.957302374191205,13.84202327501219,8.725672070364572,5.500199031655173,3.466885593329091,2.185161224046436,1.3772460102145916,0.868010005902908,0.5470463710015585,0.34475510872430776,0.21726277861796836,0.13691430521326284,0.08627837819692825,0.0543682662776637,0.03425942166304729,0.021587692453779696,0.013602685156854323,0.008571085661866278,0.005400578587093071,0.0034028160660620702,0.002144029820854452,0.001350882991241493,0.0008511372255270765,0.0005362616320320555,0.00033786988103096615,0.0002128718073491554,0.00013411674746992947,8.449759267158816e-05,5.3235625567839975e-05,3.3539556579331524e-05,2.1130482391235538e-05,1.3312476189674007e-05,8.386983653041555e-06,5.2838495090778e-06,3.3288400868020523e-06,2.0971689688592955e-06,1.3212105967758068e-06,8.323556595871692e-07,5.243776923647732e-07,3.3035278537964497e-07,2.0811833131230814e-07,1.3111168259129618e-07,8.259832301529833e-08,5.203552445167875e-08,3.278140677798192e-08,2.0651626171760185e-08,1.3010081221447762e-08,8.196055834443846e-09,5.163319683131472e-09,3.252762707200109e-09,2.0491561830964534e-09,1.2909133681875217e-09,8.13239637914712e-10,5.123177727400587e-10,3.2274519702614065e-10,2.0331979880449332e-10,1.2808524555140096e-10,8.068970368028615e-11,5.083194717944633e-11,3.20224833687619e-11,2.0173113556699038e-11,1.2708390252056843e-11,8.005857562722697e-12,5.043417280266651e-12
Nb104,2252661334400.545,2006277518452.87,1770121791702.4204,1552613787703.078,1356781585361.486,1182844742989.183,1029642547956.9741,895409293926.047,778186810619.4685,676036523111.127,587141612593.717,509849735727.3872,442684316042.3974,384339871519.44763,333669835464.2207,289671425152.09827,251469947956.1343,218303741753.1999,189510295966.6124,164513751095.58508,142813793339.76904,123975871665.48868,107622625377.2059,93426397597.72426,81102711104.04251,70404590625.06107,61117626146.6023,53055682958.65446,46057175087.07724,39981828890.59486,34707872781.16279,30129597203.541725,26155236227.387333,22705128437.0658,19710120338.38219,17110180326.340855,14853195458.292257,12893926929.600363,11193103323.612581,9716633465.67526,8434923106.26519,7322281738.323542,6356407659.89042,5517940961.126096,4790075476.077555,4158221921.3221965,3609715469.544047,3133561896.713133,2720217214.685452,2361396372.209404,2049907189.963138,1779506201.0331428,1544773507.313376,1341004143.4569683,1164113770.8880854,1010556811.6118999,877255380.9028608,761537594.4032782,661084013.0641805,573881152.4747236,498181124.72448254,432466603.8630141,375420412.72687143,325899121.5346068,282910129.0618891,245591767.01344615,213196028.8052885,185073576.57415572,160660725.89575416,139468147.33441034,121071058.35880445,105100709.03124756,91236990.8102621,79202020.3178361,68754569.46483774,59685230.29242287,51812217.61386181,44977725.32523802,39044763.35117003,33894411.825522944,29423437.47010373,25542224.394205056,22172977.84009135,19248164.870430164,16709160.742918769,14505073.84013581,12591725.601595936,10930765.011838237,9488899.89541094,8237229.610884098,7150665.768456531,6207429.360062243,5388614.222487971,4677808.083587839,4060763.5958724585,3525112.7636932633,3060119.040020929,2656462.1238634083,2306051.1448184145,2001862.4902448477,1737799.0244725738,1508567.8782504485,1309574.3588530116,1136829.854387606,986871.8863424262,856694.7079144862,743689.0570353409,645589.8565085117,560430.8129639114,486505.0046139465,422330.66783509875,366621.4968036682,318260.8608736977,276279.4229120435,239835.70997410096,208199.24688019045,180735.91462322004,156895.24013259006,136199.3626312749,118233.45542853272,102637.41116333875,89098.62383815627
Nb104_m1,334439565940.8389,159982682627.09473,76529398274.27383,36608642285.82779,17512128936.498104,8377110997.291919,4007279121.540223,1916924099.8625128,916980797.4896833,438647405.51027715,209831598.3144262,100375151.19909944,48015508.90893341,22968723.51614996,10987330.384478869,5255905.008948795,2514217.4210139876,1202702.337536064,575325.3082350133,275212.91009862005,131650.98910269278,62976.63480069507,30125.53538603832,14410.866588340343,6893.5895467334985,3297.621038090972,1577.451694380749,754.5906031534873,360.9663486976523,172.67204805837227,82.59948964286036,39.51233431223658,18.90114054641616,9.04155930480521,4.325124955372614,2.0689689962709323,0.9897130722692778,0.47343965384990366,0.22647483610940106,0.10833661898342171,0.05182396072952449,0.02479053648615599,0.011858813773014183,0.0056727882505312075,0.0027136379026875893,0.0012980972216287364,0.0006209584540116285,0.0002970420051625325,0.00014209316623512084,6.79717600198466e-05,3.251500605279394e-05,1.5553895004403833e-05,7.440369207227332e-06,3.5591788374669273e-06,1.7025706177009842e-06,8.144425556097525e-07,3.895971594316804e-07,1.863678973940598e-07,8.915104316917786e-08,4.2646338823834064e-08,2.0400324555103325e-08,9.758709737609694e-09,4.668181404942155e-09,2.233073655778745e-09,1.0682142615224358e-09,5.10991523081665e-10,2.4443816757246675e-10,1.1692956745318899e-10,5.5934487975313693e-11,2.6756850411791955e-11,1.2799420712941576e-11,6.122737469679121e-12,2.9288758423815542e-12,1.401058553068393e-12,6.702110894294358e-13,3.206025211512088e-13,1.5336358677087098e-13,7.336308417903344e-14,3.509400264810576e-14,1.6787585141046064e-14,8.03051785496695e-15,3.841482647868469e-15,1.837613613516495e-15,8.790417924846939e-16,4.2049888357978707e-16,2.0115006203749535e-16,9.622224704435134e-17,4.6028923543350985e-17,2.2018419519792587e-17,1.0532742476433942e-17,5.03844810365031e-18,2.4101946240474595e-18,1.1529419389233501e-18,5.51521898383489e-19,2.638262987298183e-19,1.2620408383689865e-19,6.037105039866436e-20,2.8879126692510977e-20,1.3814633885193276e-20,6.608375364460744e-21,3.161185835291552e-21,1.5121864806575491e-21,7.233703019780124e-22,3.460317893836926e-22,1.655279445902937e-22,7.918203263661932e-23,3.787755782254962e-23,1.811912802472162e-23,8.667475393062537e-24,4.1461779831151e-24,1.983367830663579e-24,9.487648547001484e-25,4.538516434508406e-25,2.171047053889112e-25,1.0385431843679422e-25,4.967980513665059e-26,2.3764857114898414e-26,1.1368169261897674e-26,5.4380832900584284e-27,2.601364317184361e-27,1.2443899715716471e-27,5.952670262749439e-28
Nb105,936025367416.0228,791748009413.2706,642247963494.8303,512892267584.27155,407108303689.07227,322368339505.0435,255024271570.89966,201672297737.94614,159457708241.4774,126072021523.02066,99673917702.31122,78802537556.46582,62301317096.4834,49255371238.883965,38941233462.96308,30786881947.28667,24340061294.910065,19243214115.70246,15213654534.177017,12027891052.596113,9509231493.296589,7517983253.330087,5943705568.171072,4699084140.693762,3715088425.3463645,2937142982.455947,2322100556.328692,1835848995.39776,1451419287.0382893,1147489772.8879004,907203583.8581682,717233706.1390331,567043823.8726546,448303942.55033535,354428381.80229986,280210513.23431534,221533984.74401957,175144414.92608988,138468895.03318268,109473287.51420216,86549406.46630591,68425822.68024093,54097346.25147937,42769275.6450779,33813321.09529553,26732757.71564626,21134875.603298027,16709198.935560849,13210266.02231716,10444015.242944364,8257021.789764182,6527988.254584331,5161017.099993391,4080291.885898964,3225872.255713751,2550369.459142514,2016318.025800969,1594097.8145718684,1260291.1891408374,996384.2035958185,787739.7618339846,622785.7990269599,492373.45918231114,389269.6713475647,307755.98116659175,243311.38774807117,192361.59499966446,152080.77013283267,120234.81425300005,95057.45233816671,75152.2701736729,59415.26490910415,46973.613652135624,37137.26401650699,29360.661686479405,23212.49229035105,18351.759373929006,14508.871684519048,11470.690807819283,9068.709853501703,7169.707542891562,5668.35934559614,4481.39585591086,3542.984414525137,2801.0778260106727,2214.5276606925977,1750.802035713927,1384.1812963859531,1094.3315247422731,865.1767576772902,684.0073644056597,540.7751311041231,427.5359559539006,338.0092447302666,267.22956965856804,211.27127146149604,167.0307301770039,132.05422881429342,104.40186263484698,82.53994604711727,65.25594966911112,51.591249705769464,40.78795971400828,32.24689588097952,25.494344440121683,20.15578804330546,15.935133872566299,12.598291418377444,9.960189097350957,7.874509610904501,6.225574736198451,4.921929454796928,3.891269575022474,3.07643151828155,2.4322218505309947,1.9229107149132463,1.520250143596451,1.2019073382766494,0.9502260242421822,0.7512471788730111,0.5939348211545276,0.4695639221022485
Nb106,18258463801.17605,8665465405.59453,4112503521.9997797,1951724568.3615258,926254708.2692477,439584400.2506495,208619118.6771251,99007008.67880784,46987005.90977232,22299216.52650241,10582820.676925035,5022422.798872202,2383554.5872587925,1131193.5888228791,536844.8208545435,254777.22339131162,120912.84303657996,57383.13424011979,27233.03838140194,12924.326795736251,6133.66091523083,2910.9288876416967,1381.47626776464,655.6246311956733,311.14805737921944,147.66546130871023,70.07946200010726,33.25849491613504,15.783903764627723,7.490766454683005,3.554987594662876,1.6871353385081274,0.8006851148274864,0.3799912422397623,0.18033724057681308,0.08558492071335505,0.04061711618788658,0.01927617755171729,0.009148138909875253,0.004341547762249053,0.0020604231262320006,0.000977841012374912,0.0004640663528325829,0.00022023782711699713,0.00010452104574518669,4.9603872080811515e-05,2.3541135738424465e-05,1.1172213954428422e-05,5.302138606668555e-06,2.5163028491037734e-06,1.1941936071690425e-06,5.667435348298162e-07,2.689666335032797e-07,1.2764689051073324e-07,6.057899615589473e-08,2.8749738913125583e-08,1.3644126512856687e-08,6.475265353239339e-09,3.073048417965974e-09,1.4584153797556522e-09,6.921385967994777e-10,3.284769509629088e-10,1.5588945308470997e-10,7.39824255912376e-11,3.511077361589546e-11,1.6662963049060523e-11,7.90795271593377e-12,3.752976944935979e-12,1.7810976437480956e-12,8.452779921404861e-13,4.0115424693588783e-13,1.903808348626134e-13,9.03514360369673e-14,4.287922153421177e-14,2.034973344117892e-14,9.657629880165406e-15,4.583343323481899e-15,2.175175097986497e-15,1.0323003041601077e-15,4.89911786391583e-16,2.3250362077600087e-16,1.1034217827685062e-16,5.2366480428321335e-17,2.485222165516261e-17,1.1794432548178265e-17,5.597432739162356e-18,2.6564443131506077e-18,1.2607023108108351e-18,5.983074098770576e-19,2.839463001250149e-19,1.347559799923794e-19,6.395284649143693e-20,3.0350909656021105e-20,1.4404014324386612e-20,6.835894904256194e-21,3.244196936330506e-21,1.5396394925766377e-21,7.306861493380542e-22,3.4677094956883077e-22,1.645714669339305e-22,7.810275849941079e-23,3.706621201636509e-23,1.7590980134875698e-23,8.348373498996048e-24,3.961992995521738e-24,1.8802930293488954e-24,8.923543984591195e-25,4.234958913425726e-25,2.0098379107418766e-25,9.538341481069284e-26,4.5267311221084643e-26,2.1483079309473612e-26,1.0195496135457787e-26,4.8386053019082605e-27,2.2963179973392733e-27,1.0897926191302779e-27,5.171966400502675e-28,2.4545253820195745e-28,1.164875094778803e-28,5.528294783081221e-29,2.623632640583359e-29,1.245130461168695e-29
Nb107,865903038.4946471,85913592.33049946,8523758.4239812,845664.4400997786,83900.54375658797,8323.988261901348,825.8442331935861,81.93412528800147,8.128894792187666,0.8064885090290481,0.08001379422706545,0.007938373820500721,0.0007875864345987282,7.81384709248691e-05,7.752318184082738e-06,7.691273775378215e-07,7.630710051256756e-08,7.570623226643307e-09,7.5110095462678e-10,7.451865284430438e-11,7.39318674476887e-12,7.334970260027157e-13,7.277212191826613e-14,7.219908930438366e-15,7.163056894557794e-16,7.106652531080698e-17,7.050692314881233e-18,6.995172748591611e-19,6.94009036238351e-20,6.885441713751221e-21,6.831223387296513e-22,6.777431994515163e-23,6.72406417358519e-24,6.6711165891567625e-25,6.618585932143724e-26,6.566468919516797e-27,6.514762294098412e-28,6.463462824359123e-29,6.412567304215642e-30,6.3620725528304985e-31,6.31197541441322e-32,6.262272758023106e-33,6.212961477373553e-34,6.164038490637925e-35,6.115500740256956e-36,6.067345192747623e-37,6.019568838513615e-38,5.97216869165719e-39,5.925141789792608e-40,5.878485193860952e-41,5.832195987946475e-42,5.786271279094344e-43,5.740708197129836e-44,5.69550389447898e-45,5.65065554599057e-46,5.606160348759606e-47,5.562015521952129e-48,5.518218306631416e-49,5.474765965585552e-50,5.431655783156376e-51,5.3888850650697424e-52,5.346451138267141e-53,5.304351350738648e-54,5.26258307135717e-55,5.221143689714005e-56,5.180030615955711e-57,5.1392412806222366e-58,5.098773134486333e-59,5.058623648394249e-60,5.018790313107653e-61,4.979270639146809e-62,4.940062156635009e-63,4.901162415144192e-64,4.862568983541806e-65,4.824279449838876e-66,4.78629142103925e-67,4.748602522990045e-68,4.711210400233277e-69,4.674112715858643e-70,4.637307151357466e-71,4.60079140647781e-72,4.564563199080706e-73,4.528620264997525e-74,4.492960357888486e-75,4.457581249102252e-76,4.422480727536646e-77,4.387656599500475e-78,4.353106688576418e-79,4.3188288354850055e-80,4.284820897949682e-81,4.251080750562908e-82,4.217606284653326e-83,4.1843954081539865e-84,4.15144604547159e-85,4.1187561373567634e-86,4.0863236407753775e-87,4.0541465287808495e-88,4.022222790387464e-89,3.9905504304447045e-90,3.9591274695125484e-91,3.927951943737758e-92,3.897021904731157e-93,3.866335419445848e-94,3.8358905700564044e-95,3.80568545383902e-96,3.775718183052586e-97,3.7459868848207074e-98,3.716489701014668e-99,3.687224788137291e-100,3.658190317207722e-101,3.629384473647137e-102,3.600805457165323e-103,3.572451481648166e-104,3.544320775046032e-105,3.516411579263011e-106,3.488722150047037e-107,3.461250756880891e-108,3.433995682874034e-109,3.40695522465531e-110,3.380127692266495e-111,3.353511409056674e-112,3.327104711577451e-113
Nb108,21671553.089519467,597439.9080178321,16465.210972071425,453.76160499679446,12.505094173009217,0.3446244366910144,0.009497409421372676,0.0002617364756577176,7.213123035262089e-06,1.9878445978851137e-07,5.478245866616035e-09,1.5097346043557928e-10,4.1606357784690585e-12,1.1466180897710416e-13,3.1599330337777364e-15,8.708371921773567e-17,2.3999160968696733e-18,6.61386229682432e-20,1.8226959908477883e-21,5.0231173948810277e-23,1.3843070094766786e-24,3.8149733439221236e-26,1.051357936874013e-27,2.897408216990531e-29,7.984887050783963e-31,2.2005329052321717e-32,6.064387681644307e-34,1.671267803623188e-35,4.605800648071597e-37,1.2692998431363073e-38,3.498028279752868e-40,9.640119245360063e-42,2.6566937609585875e-43,7.321508748881319e-45,2.017714316482006e-46,5.560562996743664e-48,1.532420154239939e-49,4.223154257034694e-51,1.163847384110932e-52,3.207414768820111e-54,8.839225520194846e-56,2.4359776776112342e-57,6.713243408331345e-59,1.850084156095321e-60,5.098595680870323e-62,1.4051078612474833e-63,3.872297835160878e-65,1.067155834633154e-66,2.9409452058438323e-68,8.104869432447099e-70,2.2335985174592023e-71,6.155512286506551e-73,1.6963805810739281e-74,4.675008255856981e-76,1.2883725760698546e-77,3.5505902961546617e-79,9.784973450462616e-81,2.6966137301155874e-82,7.431523086150124e-84,2.0480328629645816e-85,5.644117039210883e-87,1.555446581369703e-88,4.286612149759675e-90,1.1813355689969426e-91,3.255609973147605e-93,8.972045348856829e-95,2.472581126298626e-96,6.814117838701234e-98,1.877883860951972e-99,5.175208117469279e-101,1.4262212704433556e-102,3.9304836947499474e-104,1.0831911145100797e-105,2.985136389500356e-107,8.226654691448094e-109,2.26716097965804e-110,6.248006146443992e-112,1.7218707077381875e-113,4.7452557898878245e-115,1.3077318993969277e-116,3.6039421190837914e-118,9.932004261497244e-120,2.7371335440724908e-121,7.543190519088073e-123,2.078806981503758e-124,5.72892658009015e-126,1.5788190078292797e-127,4.3510235724539615e-129,1.1990865345660403e-130,3.304529367480939e-132,9.106860952696785e-134,2.509734585139279e-135,6.916508026817947e-137,1.9061012892876203e-138,5.252971746633617e-140,1.4476519336096666e-141,3.989543865768627e-143,1.0994673434521641e-144,3.0299915980115816e-146,8.350269918153524e-148,2.301227757587769e-149,6.341889836135314e-151,1.7477438537346699e-152,4.816558876287208e-154,1.327382119477505e-155,3.6580956163184445e-157,1.0081244384545144e-158,2.77826221620763e-160,7.656535887414837e-162,2.1100435176090776e-163,5.815010484731577e-165,1.602542632668246e-166,4.416402853034272e-168,1.2171042294091059e-169,3.35418383363235e-171,9.243702320599646e-173,2.5474463186869286e-174,7.020436748736193e-176,1.934742717892094e-177,5.331903866394555e-179,1.469404617862929e-180,4.0494914857812756e-182
Nb109,114700646.05356802,2989973.0881889523,77865.85351556468,2027.606123122593,52.7977850282007,1.3748247989067157,0.03579966514053958,0.0009322031512855122,2.427404588475307e-05,6.320825055502951e-07,1.6459073024530612e-08,4.285850066213284e-10,1.1160112579050853e-11,2.9060305622667445e-13,7.567140178030879e-15,1.9704407523265796e-16,5.130916921165955e-18,1.3360619151234348e-19,3.479030100213868e-21,9.059198755078564e-23,2.3589644159437395e-24,6.142610694537668e-26,1.5995012849548815e-27,4.1650114060579934e-29,1.0845455502764718e-30,2.824095628918712e-32,7.353786218794278e-34,1.9148845810307806e-35,4.986251775035457e-37,1.298391924523236e-38,3.3809395628746917e-40,8.803776511478716e-42,2.292453899949733e-43,5.969421050775887e-45,1.5544036755647595e-46,4.0475797670448955e-48,1.0539670117956213e-49,2.7444708341459366e-51,7.146447730508549e-53,1.8608948045455897e-54,4.845665432913403e-56,1.2617840315517186e-57,3.2856146680388455e-59,8.555555845445443e-61,2.2278186342595862e-62,5.801114453360033e-64,1.5105775839857447e-65,3.933459088914468e-67,1.0242506289110826e-68,2.667091044066945e-70,6.9449551082088e-72,1.8084272586918423e-73,4.709042893760582e-75,1.2262082905849235e-76,3.1929774389853885e-78,8.314333709982051e-80,2.165005746577096e-81,5.6375532258037844e-83,1.467987160034955e-84,3.8225560198063445e-86,9.953720933233355e-88,2.5918929612366346e-89,6.749143528907206e-91,1.7574390244903075e-92,4.5762723989684247e-94,1.1916356003095983e-95,3.1029520975309745e-97,8.079912782960113e-99,2.1039638553295615e-100,5.4786035733810356e-102,1.4265975643180393e-103,3.714779839896649e-105,9.673077821003591e-107,2.518815072868349e-108,6.558852816766193e-110,1.7078883930535472e-111,4.4472453409393355e-113,1.1580376799180297e-114,3.0154650020425437e-116,7.852101305708011e-118,2.0446430276371552e-119,5.3241354736804165e-121,1.3863749397301914e-122,3.61004238718826e-124,9.400347383538387e-126,2.4477976005157846e-127,6.373927312072901e-129,1.6597348314676105e-130,4.321856174244545e-132,1.1253870459740468e-133,2.930444587197709e-135,7.630712926150377e-137,1.9869947384673073e-138,5.174022570245696e-140,1.3472863837607146e-141,3.5082579853934193e-143,9.135306524602008e-145,2.378782451173623e-146,6.194215743908074e-148,1.6129389496357202e-149,4.200002329286947e-151,1.0936569899313156e-152,2.8478213054436342e-154,7.415566546370276e-156,1.9309718309407588e-157,5.028142069214907e-159,1.3092999215784209e-160,3.409343373849668e-162,8.877738438111126e-164,2.3117131697568647e-165,6.019571106404839e-167,1.5674624680567526e-168,4.081584128398081e-170,1.0628215562854516e-171,2.7675275701063757e-173,7.206486174469158e-175,1.8765284777567356e-176,4.8863746388737055e-178,1.2723844798758983e-179,3.313217639411753e-181,8.627432430785287e-183,2.2465348929200076e-184
Nb110,3246163.305710998,55070.96064083868,933.6278891878652,15.827412758741266,0.2683152071285423,0.004548629977256344,7.711092785885492e-05,1.3072277199279676e-06,2.216085785995791e-08,3.756832980225153e-10,6.368794083016525e-12,1.0796737114843832e-13,1.830323461672261e-15,3.1028670409526657e-17,5.260154325418521e-19,8.917308786368101e-21,1.511712225004178e-22,2.5627393936616638e-24,4.344499628431063e-26,7.365039562009209e-28,1.248562835521521e-29,2.116633781964728e-31,3.588236362235601e-33,6.082979635389915e-35,1.0312208424729986e-36,1.7481834391881158e-38,2.963618665544583e-40,5.024092665494663e-42,8.517123813849038e-44,1.4438706228220427e-45,2.447730502706374e-47,4.149530102751899e-49,7.034516281349665e-51,1.1925306742504717e-52,2.0216449179294957e-54,3.427205909616494e-56,5.809991775875179e-58,9.849424086548259e-60,1.6697296412620775e-61,2.830619384860142e-63,4.7986248216146976e-65,8.134898072760284e-67,1.3790735703303246e-68,2.3378829032313957e-70,3.9633102880163815e-72,6.7188260016724126e-74,1.1390130865414271e-75,1.930918900102041e-77,3.273402073098719e-79,5.549254881497473e-81,9.407408271930556e-83,1.5947966399933292e-84,2.703588756238881e-86,4.583275371643547e-88,7.769825600820121e-90,1.3171844362803646e-91,2.2329649702769245e-93,3.785447520595001e-95,6.41730305755837e-97,1.0878972250571583e-98,1.8442644233438554e-100,3.1265005414763684e-102,5.300219161701804e-104,8.985228945076543e-106,1.5232264314428657e-107,2.5822589225370032e-109,4.3775902291202305e-111,7.421136605178798e-113,1.2580727210685687e-114,2.1327554735919597e-116,3.6155667585519093e-118,6.129311656872374e-120,1.0390753067471594e-121,1.7614987677794704e-123,2.986191557763218e-125,5.062359499063078e-127,8.581995897460194e-129,1.4548681024659469e-130,2.4663740473230416e-132,4.181135685769854e-134,7.088095839231146e-136,1.2016137815645948e-137,2.037043111147584e-139,3.4533097908304566e-141,5.854244540130161e-143,9.924443855760174e-145,1.6824474135128286e-146,2.8521792660382722e-148,4.835174342022065e-150,8.196858870733684e-152,1.3895775124962157e-153,2.3556897754204475e-155,3.9934974969851124e-157,6.770001052273492e-159,1.147688568288468e-160,1.945626063584873e-162,3.298334481928297e-164,5.591521700029195e-166,9.479061354510934e-168,1.606943672634115e-169,2.724181087603109e-171,4.61818464731226e-173,7.829005763870103e-175,1.327216989610485e-176,2.2499727176595604e-178,3.8142800083489523e-180,6.466181508735886e-182,1.0961833743825314e-183,1.8583115686580624e-185,3.1503140504695314e-187,5.3405891584436855e-189,9.053666428918499e-191,1.5348283377411603e-192,2.6019271251356398e-194,4.4109328698479755e-196,7.477660920765023e-198,1.2676550402333276e-199,2.1489999587525526e-201,3.643105321356539e-203,6.175996573867118e-205,1.0469895958488377e-206,1.7749155147755073e-208
Nb111,7985.87340229385,1.3786292081199398,0.00023799757368248302,4.108635211348364e-08,7.092880418374648e-12,1.224468711420409e-15,2.1138430888577292e-19,3.649201129139702e-23,6.299743321113996e-27,1.0875466850816341e-30,1.8774698141557013e-34,3.241141692047232e-38,5.595296067463483e-42,9.65935496105922e-46,1.6675281725715088e-49,2.8787121060667157e-53,4.969621218954068e-57,8.579230624636187e-61,1.4810625371200087e-64,2.5568099691379692e-68,4.413910320758854e-72,7.619887498432323e-76,1.3154477836963126e-79,2.2709034378624955e-83,3.920339893389689e-87,6.767819636650393e-91,1.16835233372143e-94,2.016967426732305e-98,3.4819612911982346e-102,6.011031349695658e-106,1.037705329417659e-109,1.7914269416617373e-113,3.0926028770734693e-117,5.338868324940627e-121,9.216674795965784e-125,1.5911067500533585e-128,2.7467831361191887e-132,4.741867631832842e-136,8.186051655170899e-140,1.4131866788365982e-143,2.4396335050973036e-147,4.211624499668485e-151,7.270674422673315e-155,1.255161911150365e-158,2.1668298312048117e-162,3.7406739924859025e-166,6.457656118884133e-170,1.114807722713325e-173,1.9245314952385862e-177,3.3223859152594993e-181,5.735550806637375e-185,9.901481614290198e-189,1.7093273421041328e-192,2.95087147184915e-196,5.094192451548986e-200,8.794282292870154e-204,1.5181876574602725e-207,2.6209003606051734e-211,4.524551801265112e-215,7.810891749278253e-219,1.3484215144113083e-222,2.3278271404738077e-226,4.0186092686990274e-230,6.937465490322751e-234,1.1976388897594913e-237,2.0675258309610966e-241,3.569242029665391e-245,6.161707135919031e-249,1.0637170164780011e-252,1.836331825232222e-256,3.1701237454354883e-260,5.472695306635582e-264,9.447704987035687e-268,1.6309902985798114e-271,2.8156354984747492e-275,4.8607298689479084e-279,8.391247685178393e-283,1.44861038593886e-286,2.5007866874868927e-290,4.3171953735913744e-294,7.452925108334118e-298,1.2866244833443712e-301,2.2211447680992284e-305,3.8344397644531e-309,6.61952724487e-313,1.1427521e-316,1.973e-320,5e-324,0.0,0.0,0.0,0.0,0.0,0.0,0.0,0.0,0.0,0.0,0.0,0.0,0.0,0.0,0.0,0.0,0.0,0.0,0.0,0.0,0.0,0.0,0.0,0.0,0.0,0.0,0.0,0.0,0.0,0.0,0.0,0.0,0.0,0.0
Nb112,214.35093104699658,0.009297620462161281,4.032907430639842e-07,1.749301599296443e-11,7.587717144342184e-16,3.2912249943463134e-20,1.4275916929094985e-24,6.192278088447703e-29,2.685943615048788e-33,1.1650466920534964e-37,5.053470918227529e-42,2.1919780980073143e-46,9.507857193386212e-51,4.124099072522951e-55,1.7888566071244509e-59,7.759289737176881e-64,3.3656457977500643e-68,1.4598722331039105e-72,6.332297172841314e-77,2.746677865084102e-81,1.191390594695961e-85,5.167739425047332e-90,2.2415428562287484e-94,9.722847773548713e-99,4.2173527293896235e-103,1.8293060282685497e-107,7.934741909870963e-112,3.441749395854497e-116,1.4928826971837116e-120,6.475482352767828e-125,2.8087854310396312e-129,1.2183301826540153e-133,5.284591758283093e-138,2.292228367098114e-142,9.942699696137642e-147,4.312715027286998e-151,1.8706700871004163e-155,8.1141613870408e-160,3.519573839821051e-164,1.5266395901043714e-168,6.621905219617568e-173,2.872297366177993e-177,1.2458789254959313e-181,5.404086343122415e-186,2.344059972946187e-190,1.0167522885272338e-194,4.410233646565061e-199,1.9129694653029136e-203,8.29763787692179e-208,3.5991580412196923e-212,1.5611597900295382e-216,6.771638983597237e-221,2.9372454259346606e-225,1.2740505973623288e-229,5.526282925856587e-234,2.397063589141646e-238,1.039742975066374e-242,4.509957345716422e-247,1.9562253122107494e-251,8.485263116221649e-256,3.680541791484339e-260,1.5964605567699506e-264,6.924758510334292e-269,3.003662083795358e-273,1.3028592838531093e-277,5.651242603753171e-282,2.4512657170485055e-286,1.0632535243818319e-290,4.611935985755141e-295,2.0004592553849683e-299,8.677130915988066e-304,3.763765781808268e-308,1.632559540413e-312,7.08134e-317,3.073e-321,0.0,0.0,0.0,0.0,0.0,0.0,0.0,0.0,0.0,0.0,0.0,0.0,0.0,0.0,0.0,0.0,0.0,0.0,0.0,0.0,0.0,0.0,0.0,0.0,0.0,0.0,0.0,0.0,0.0,0.0,0.0,0.0,0.0,0.0,0.0,0.0,0.0,0.0,0.0,0.0,0.0,0.0,0.0,0.0,0.0,0.0,0.0
Nb113,0.04825905164118328,4.459083391248831e-12,4.1201441002091827e-22,3.806967916277137e-32,3.5175965604765316e-42,3.250220604532027e-52,3.0031681565817312e-62,2.7748944068998343e-72,2.563971968259119e-82,2.3690819505319818e-92,2.189005713719726e-102,2.022617247842188e-112,1.8688761320394195e-122,1.72682102885891e-132,1.59556367304842e-142,1.4742833172665596e-152,1.3622215999803187e-162,1.2586778034587391e-172,1.1630044722111344e-182,1.0746033644720893e-192,9.929217114180557e-203,9.174487607245605e-213,8.477125828509972e-223,7.832771200828437e-233,7.237394598790723e-243,6.687273154750796e-253,6.1789669798745925e-263,5.709297654643711e-273,5.275328354316885e-283,4.8743454850746125e-293,4.5038417160184377e-303,4.16150030094e-313,4e-323,0.0,0.0,0.0,0.0,0.0,0.0,0.0,0.0,0.0,0.0,0.0,0.0,0.0,0.0,0.0,0.0,0.0,0.0,0.0,0.0,0.0,0.0,0.0,0.0,0.0,0.0,0.0,0.0,0.0,0.0,0.0,0.0,0.0,0.0,0.0,0.0,0.0,0.0,0.0,0.0,0.0,0.0,0.0,0.0,0.0,0.0,0.0,0.0,0.0,0.0,0.0,0.0,0.0,0.0,0.0,0.0,0.0,0.0,0.0,0.0,0.0,0.0,0.0,0.0,0.0,0.0,0.0,0.0,0.0,0.0,0.0,0.0,0.0,0.0,0.0,0.0,0.0,0.0,0.0,0.0,0.0,0.0,0.0,0.0,0.0,0.0,0.0,0.0,0.0
Nd158,86217534.93738273,51222023.547051266,30429073.02719676,18076753.41832513,10738710.700557282,6379459.012064561,3789793.6187513126,2251372.0435488764,1337454.3809970082,794530.7068965812,472000.43094628246,280397.47851114173,166573.46222710144,98954.94947263246,58785.36649361952,34922.14722159904,20745.91755244745,12324.359449087731,7321.43253950218,4349.3842135908435,2583.8035023019565,1534.9392490198352,911.8489452013429,541.6947279156172,321.80020582990585,191.16924558346673,113.56636756245216,67.46545346227695,40.078656283231545,23.809203185265346,14.144140769370672,8.402495310199274,4.991602430231055,2.965320884052676,1.761584194314915,1.0464900747668973,0.6216798947901155,0.36931634700151156,0.21939677526259527,0.13033526781696653,0.07742721841097426,0.045996561416359064,0.027324805224166773,0.016232626038717345,0.009643184862660966,0.005728648838065729,0.003403172082383593,0.002021694914402463,0.0012010119464949485,0.0007134754533672609,0.00042384859205042057,0.00025179230502643556,0.00014958021817135974,8.885991041641447e-05,5.2788288289347334e-05,3.1359511476668056e-05,1.8629491349764594e-05,1.1067071252343021e-05,6.574525509306775e-06,3.905675195086003e-06,2.3202128743612584e-06,1.378350096578676e-06,8.188252938909601e-07,4.864329197493881e-07,2.8897127040560657e-07,1.7166682543371422e-07,1.0198072255807732e-07,6.058286303828299e-08,3.598997145588132e-08,2.1380271258831935e-08,1.270120482483836e-08,7.545302023979586e-09,4.482376547596145e-09,2.6628091825332984e-09,1.581873514483347e-09,9.397308046847277e-10,5.582582786726993e-10,3.3163998046351357e-10,1.9701468091675663e-10,1.1703891805349372e-10,6.952836344678395e-11,4.1304152533079345e-11,2.4537223830698395e-11,1.4576630106031287e-11,8.659420752490648e-12,5.1442320497410026e-12,3.0559923276589954e-12,1.8154486454748581e-12,1.0784888936161827e-12,6.406891743000656e-13,3.806090359344802e-13,2.2610533164265375e-13,1.343205656474092e-13,7.979473206034039e-14,4.7403011101780045e-14,2.8160323413534107e-14,1.672897557187161e-14,9.93804721538725e-15,5.9038153311270935e-15,3.507231824184197e-15,2.0835128435872153e-15,1.2377356237073475e-15,7.352915912707157e-16,4.3680872864757605e-16,2.5949142855417656e-16,1.5415397421559968e-16,9.157700467744912e-17,5.44024105013627e-17,3.2318400004270806e-17,1.9199130501945106e-17,1.1405472176283734e-17,6.775556609233069e-18,4.025100114696022e-18,2.3911586704549392e-18,1.4204962918602167e-18,8.438627432468632e-19,5.013067147873945e-19,2.9780722552578955e-19,1.7691592982747465e-19,1.0509901555094905e-19,6.243532213605801e-20,3.709044684955793e-20
Nd159,1706971.9868072665,696321.355929792,284039.6572914357,115863.91434786562,47262.57865149328,19279.09438722329,7864.223472278099,3207.931326012727,1308.5619233341467,533.7814726003795,217.7372391865581,88.8181920170879,36.2302344911485,14.778840477084577,6.028504339392957,2.4591147476306663,1.0031087317129757,0.4091826656760548,0.1669115705969845,0.06808566133446173,0.027773133179269036,0.011329065642827148,0.0046212909256954215,0.0018850918948851128,0.0007689564472997978,0.0003136685375648296,0.00012794996622181876,5.219265528912329e-05,2.129014447261904e-05,8.684560100536792e-06,3.542558587934167e-06,1.4450612585628161e-06,5.894615400607611e-07,2.4044994989096514e-07,9.808303760854025e-08,4.000949998484401e-08,1.6320457931024092e-08,6.657352558248063e-09,2.7156310976153454e-09,1.107745487986627e-09,4.518655229836904e-10,1.843225299273699e-10,7.518784530071892e-11,3.0670217488835584e-11,1.2510828539509724e-11,5.103349228025101e-12,2.0817304993778638e-12,8.491681988451786e-13,3.4638807960274645e-13,1.4129674410093448e-13,5.763700043148559e-14,2.3510972173329068e-14,9.590468074273556e-15,3.912091648341089e-15,1.5957991775265213e-15,6.509497332646047e-16,2.655318797030887e-16,1.083143221905202e-16,4.418299002255492e-17,1.8022885319814515e-17,7.351797492323772e-18,2.9989053033986915e-18,1.2232971634682677e-18,4.990007348526677e-19,2.0354966954843388e-19,8.303087566696623e-20,3.3869503838141905e-20,1.3815864050899085e-20,5.635692225817889e-21,2.2988809637336685e-21,9.37747036860243e-22,3.8252067810938804e-22,1.560357574375073e-22,6.364925870003327e-23,2.5963459911977514e-23,1.0590873552475647e-23,4.3201716175271085e-24,1.762260942160343e-24,7.1885191219359535e-25,2.9323016773606215e-25,1.1961285740777534e-25,4.879182714287026e-26,1.9902897126049098e-26,8.118681697452637e-27,3.3117285431920796e-27,1.3509023204142077e-27,5.510527374147302e-28,2.2478243972455464e-28,9.169203195609125e-29,3.740251567043766e-29,1.5257031048752987e-29,6.223565240201091e-30,2.5386829308579703e-30,1.0355657528579821e-30,4.224223574583592e-31,1.7231223376035017e-31,7.028867051954855e-32,2.8671772720890134e-32,1.1695633803882326e-32,4.770819419018762e-33,1.9460867457504686e-33,7.938371355846854e-34,3.238177327960186e-34,1.3208997081740528e-34,5.388142347823112e-35,2.1979017620147155e-35,8.96556149341358e-36,3.657183149919242e-36,1.4918182873296874e-36,6.0853441328483265e-37,2.482300527464154e-37,1.0125665490941917e-37,4.130406471741466e-38,1.6848529745590872e-38,6.872760744740302e-39,2.8034992351071046e-39,1.1435881813958168e-39,4.66486279807466e-40,1.9028654964150173e-40,7.762065583024716e-41,3.1662596346765765e-41,1.2915634333349242e-41
Nd160,36986.11348152163,11385.287232210687,3504.6873855697368,1078.8338862300861,332.09311588545756,102.22689426626975,31.46809557754134,9.686697873242652,2.981817423818026,0.9178809193115048,0.28254760848414373,0.08697549908760627,0.02677331966149952,0.008241523799418822,0.002536955274696879,0.0007809407850361581,0.00024039387521554125,7.399948414586845e-05,2.2778964933881226e-05,7.01195757576049e-06,2.15846282686592e-06,6.644309701854868e-07,2.0452912537884122e-07,6.295938179485459e-08,1.938053442827824e-08,5.965832319471326e-09,1.836438277580074e-09,5.653034424641904e-10,1.7401509539594675e-10,5.356637011383251e-11,1.648912124918403e-11,5.075780176862888e-12,1.5624570900107358e-12,4.80964910429525e-13,1.4805350274476426e-13,4.5574716990099036e-14,1.402908266417946e-14,4.318516348464399e-15,1.329351597561855e-15,4.0920897997031717e-16,1.2596516195976218e-16,3.8775351481045326e-17,1.1936061202055897e-17,3.674229931580839e-18,1.131023489373468e-18,3.4815843247027104e-19,1.0717221635008037e-19,3.299039427508111e-20,1.015530098649945e-20,3.126065644031871e-21,9.622842714152695e-22,2.962161145851408e-22,9.118302059626186e-23,2.806850416191157e-23,8.640215258667856e-24,2.6596828703618633e-24,8.187195294468828e-25,2.520231548532427e-25,7.757927873675129e-26,2.3880918770417134e-26,7.351167613383554e-27,2.262880494656752e-27,6.965734428059238e-28,2.1442341403720387e-28,6.60051010589277e-29,2.0318085995232532e-29,6.2544350646642466e-30,1.925277705157873e-30,5.926505277702411e-31,1.8243323917654981e-31,5.615769361020629e-32,1.7286797986225637e-32,5.321325813178761e-33,1.638042420150083e-33,5.042320399863481e-34,1.5521573008194677e-34,4.777943675599048e-35,1.4707752722706897e-35,4.527428635398695e-36,1.3936602304295214e-36,4.290048489543606e-37,1.3205884505266524e-37,4.06511455503365e-38,1.251347938031426e-38,3.8519742575927016e-39,1.1857378136171276e-39,3.650009238431913e-40,1.1235677303734979e-40,3.4586335602783247e-41,1.0646573215757128e-41,3.27729200746423e-42,1.0088356774076921e-42,3.1054584751454907e-43,9.559408491216201e-44,2.94263444297561e-44,9.058193791951578e-45,2.7883475288075475e-45,8.583258561232512e-46,2.6421501182271075e-46,8.133224925528847e-47,2.5036180659420764e-47,7.706787255369029e-48,2.3723494652595538e-48,7.302708377471361e-49,2.2479634820814943e-49,6.91981598547925e-50,2.1300992500356947e-50,6.55699923888712e-51,2.0184148235367784e-51,6.213205540289883e-52,1.9125861857398057e-52,5.887437481606437e-53,1.8123063085084847e-53,5.578749950417243e-54,1.7172842616706405e-54,5.2862473880212475e-55,1.6272443689768658e-55,5.009081191257091e-56,1.5419254083135362e-56,4.7464472505509423e-57,1.461079853849947e-57,4.497583617048292e-58
Nd161,375.2680127157876,90.7782936083945,21.95950177265184,5.312059732950384,1.2850008574226974,0.3108449992259326,0.07519420161132673,0.018189669996444773,0.004400127769023674,0.001064402179232357,0.00025748161385913073,6.228546198892179e-05,1.506701281317857e-05,3.644748997010966e-06,8.816741192118209e-07,2.132792280416125e-07,5.159279162542563e-08,1.2480428460596488e-08,3.019047616010482e-09,7.303153522746083e-10,1.7666515458036858e-10,4.2735753460061375e-11,1.0337888239122493e-11,2.5007616478428088e-12,6.049406488701131e-13,1.4633669265164482e-13,3.539922082640518e-14,8.563162200881631e-15,2.071450872837034e-15,5.010892726212212e-16,1.2121477869864898e-16,2.9322165485807705e-17,7.093106946262774e-18,1.7158407408713714e-18,4.150662707243138e-19,1.0040559417274289e-19,2.4288370441638507e-20,5.8754190298931105e-21,1.4212789145232317e-21,3.4381101034509257e-22,8.316876415081817e-23,2.0118737103362633e-23,4.86677404392137e-24,1.1772851085482905e-24,2.8478828363537495e-25,6.889101535990079e-26,1.6664913095211923e-26,4.031285168611654e-27,9.751782093203675e-28,2.3589810697038484e-28,5.706435638158276e-29,1.3804013991740478e-29,3.3392263466528136e-30,8.077674074259902e-31,1.9540100513214662e-31,4.7268003704583066e-32,1.1434251183638913e-32,2.7659746526987598e-33,6.690963541468435e-34,1.6185612210718836e-34,3.915341056817e-35,9.471310316606208e-36,2.2911342284541116e-36,5.54231239112748e-37,1.3406995652791127e-37,3.2431865934102256e-38,7.845351450894287e-39,1.8978106135832734e-39,4.590852490896077e-40,1.1105389780370691e-40,2.6864222367965764e-41,6.498524209489057e-42,1.5720096536899395e-42,3.802731622798185e-43,9.19890521097369e-44,2.2252387355753636e-44,5.38290950579424e-45,1.3021395989710715e-45,3.14990904711181e-46,7.61971067688669e-47,1.8432275323218276e-47,4.458814619057666e-48,1.0785986785949936e-48,2.609157834224418e-49,6.311619640367563e-50,1.5267969596218427e-50,3.693360957623786e-51,8.934334770144075e-52,2.1612384681826767e-52,5.228091219462189e-53,1.2646886589058886e-53,3.0593142637050384e-54,7.400559575038924e-55,1.7902143193805827e-55,4.330574298901482e-56,1.0475770166331225e-56,2.5341156392498123e-57,6.130090648351324e-58,1.4828846314262427e-58,3.5871359108067136e-59,8.677373660702833e-60,2.0990789175458306e-60,5.077725674116574e-61,1.2283148482920096e-61,2.9713250840340387e-62,7.187711495376313e-63,1.73872582365252e-63,4.2060223087430125e-64,1.0174475711461764e-64,2.461231738784158e-65,5.953782626041758e-66,1.4402352691773626e-66,3.4839660109684384e-67,8.427803030067695e-68,2.0387071426645338e-68,4.931684804121485e-69,1.1929871877240407e-69,2.8858665681235547e-70,6.980985156178975e-71,1.688718192625209e-71,4.085052568231294e-72,9.881846810255053e-73
Ne26,0.0,0.0,0.0,0.0,0.0,0.0,0.0,0.0,0.0,0.0,0.0,0.0,0.0,0.0,0.0,0.0,0.0,0.0,0.0,0.0,0.0,0.0,0.0,0.0,0.0,0.0,0.0,0.0,0.0,0.0,0.0,0.0,0.0,0.0,0.0,0.0,0.0,0.0,0.0,0.0,0.0,0.0,0.0,0.0,0.0,0.0,0.0,0.0,0.0,0.0,0.0,0.0,0.0,0.0,0.0,0.0,0.0,0.0,0.0,0.0,0.0,0.0,0.0,0.0,0.0,0.0,0.0,0.0,0.0,0.0,0.0,0.0,0.0,0.0,0.0,0.0,0.0,0.0,0.0,0.0,0.0,0.0,0.0,0.0,0.0,0.0,0.0,0.0,0.0,0.0,0.0,0.0,0.0,0.0,0.0,0.0,0.0,0.0,0.0,0.0,0.0,0.0,0.0,0.0,0.0,0.0,0.0,0.0,0.0,0.0,0.0,0.0,0.0,0.0,0.0,0.0,0.0,0.0,0.0,0.0,0.0,0.0
Ne27,0.0,0.0,0.0,0.0,0.0,0.0,0.0,0.0,0.0,0.0,0.0,0.0,0.0,0.0,0.0,0.0,0.0,0.0,0.0,0.0,0.0,0.0,0.0,0.0,0.0,0.0,0.0,0.0,0.0,0.0,0.0,0.0,0.0,0.0,0.0,0.0,0.0,0.0,0.0,0.0,0.0,0.0,0.0,0.0,0.0,0.0,0.0,0.0,0.0,0.0,0.0,0.0,0.0,0.0,0.0,0.0,0.0,0.0,0.0,0.0,0.0,0.0,0.0,0.0,0.0,0.0,0.0,0.0,0.0,0.0,0.0,0.0,0.0,0.0,0.0,0.0,0.0,0.0,0.0,0.0,0.0,0.0,0.0,0.0,0.0,0.0,0.0,0.0,0.0,0.0,0.0,0.0,0.0,0.0,0.0,0.0,0.0,0.0,0.0,0.0,0.0,0.0,0.0,0.0,0.0,0.0,0.0,0.0,0.0,0.0,0.0,0.0,0.0,0.0,0.0,0.0,0.0,0.0,0.0,0.0,0.0,0.0
Ne28,0.0,0.0,0.0,0.0,0.0,0.0,0.0,0.0,0.0,0.0,0.0,0.0,0.0,0.0,0.0,0.0,0.0,0.0,0.0,0.0,0.0,0.0,0.0,0.0,0.0,0.0,0.0,0.0,0.0,0.0,0.0,0.0,0.0,0.0,0.0,0.0,0.0,0.0,0.0,0.0,0.0,0.0,0.0,0.0,0.0,0.0,0.0,0.0,0.0,0.0,0.0,0.0,0.0,0.0,0.0,0.0,0.0,0.0,0.0,0.0,0.0,0.0,0.0,0.0,0.0,0.0,0.0,0.0,0.0,0.0,0.0,0.0,0.0,0.0,0.0,0.0,0.0,0.0,0.0,0.0,0.0,0.0,0.0,0.0,0.0,0.0,0.0,0.0,0.0,0.0,0.0,0.0,0.0,0.0,0.0,0.0,0.0,0.0,0.0,0.0,0.0,0.0,0.0,0.0,0.0,0.0,0.0,0.0,0.0,0.0,0.0,0.0,0.0,0.0,0.0,0.0,0.0,0.0,0.0,0.0,0.0,0.0
Ne29,0.0,0.0,0.0,0.0,0.0,0.0,0.0,0.0,0.0,0.0,0.0,0.0,0.0,0.0,0.0,0.0,0.0,0.0,0.0,0.0,0.0,0.0,0.0,0.0,0.0,0.0,0.0,0.0,0.0,0.0,0.0,0.0,0.0,0.0,0.0,0.0,0.0,0.0,0.0,0.0,0.0,0.0,0.0,0.0,0.0,0.0,0.0,0.0,0.0,0.0,0.0,0.0,0.0,0.0,0.0,0.0,0.0,0.0,0.0,0.0,0.0,0.0,0.0,0.0,0.0,0.0,0.0,0.0,0.0,0.0,0.0,0.0,0.0,0.0,0.0,0.0,0.0,0.0,0.0,0.0,0.0,0.0,0.0,0.0,0.0,0.0,0.0,0.0,0.0,0.0,0.0,0.0,0.0,0.0,0.0,0.0,0.0,0.0,0.0,0.0,0.0,0.0,0.0,0.0,0.0,0.0,0.0,0.0,0.0,0.0,0.0,0.0,0.0,0.0,0.0,0.0,0.0,0.0,0.0,0.0,0.0,0.0
Ne30,0.0,0.0,0.0,0.0,0.0,0.0,0.0,0.0,0.0,0.0,0.0,0.0,0.0,0.0,0.0,0.0,0.0,0.0,0.0,0.0,0.0,0.0,0.0,0.0,0.0,0.0,0.0,0.0,0.0,0.0,0.0,0.0,0.0,0.0,0.0,0.0,0.0,0.0,0.0,0.0,0.0,0.0,0.0,0.0,0.0,0.0,0.0,0.0,0.0,0.0,0.0,0.0,0.0,0.0,0.0,0.0,0.0,0.0,0.0,0.0,0.0,0.0,0.0,0.0,0.0,0.0,0.0,0.0,0.0,0.0,0.0,0.0,0.0,0.0,0.0,0.0,0.0,0.0,0.0,0.0,0.0,0.0,0.0,0.0,0.0,0.0,0.0,0.0,0.0,0.0,0.0,0.0,0.0,0.0,0.0,0.0,0.0,0.0,0.0,0.0,0.0,0.0,0.0,0.0,0.0,0.0,0.0,0.0,0.0,0.0,0.0,0.0,0.0,0.0,0.0,0.0,0.0,0.0,0.0,0.0,0.0,0.0
Ne31,0.0,0.0,0.0,0.0,0.0,0.0,0.0,0.0,0.0,0.0,0.0,0.0,0.0,0.0,0.0,0.0,0.0,0.0,0.0,0.0,0.0,0.0,0.0,0.0,0.0,0.0,0.0,0.0,0.0,0.0,0.0,0.0,0.0,0.0,0.0,0.0,0.0,0.0,0.0,0.0,0.0,0.0,0.0,0.0,0.0,0.0,0.0,0.0,0.0,0.0,0.0,0.0,0.0,0.0,0.0,0.0,0.0,0.0,0.0,0.0,0.0,0.0,0.0,0.0,0.0,0.0,0.0,0.0,0.0,0.0,0.0,0.0,0.0,0.0,0.0,0.0,0.0,0.0,0.0,0.0,0.0,0.0,0.0,0.0,0.0,0.0,0.0,0.0,0.0,0.0,0.0,0.0,0.0,0.0,0.0,0.0,0.0,0.0,0.0,0.0,0.0,0.0,0.0,0.0,0.0,0.0,0.0,0.0,0.0,0.0,0.0,0.0,0.0,0.0,0.0,0.0,0.0,0.0,0.0,0.0,0.0,0.0
Ne32,0.0,0.0,0.0,0.0,0.0,0.0,0.0,0.0,0.0,0.0,0.0,0.0,0.0,0.0,0.0,0.0,0.0,0.0,0.0,0.0,0.0,0.0,0.0,0.0,0.0,0.0,0.0,0.0,0.0,0.0,0.0,0.0,0.0,0.0,0.0,0.0,0.0,0.0,0.0,0.0,0.0,0.0,0.0,0.0,0.0,0.0,0.0,0.0,0.0,0.0,0.0,0.0,0.0,0.0,0.0,0.0,0.0,0.0,0.0,0.0,0.0,0.0,0.0,0.0,0.0,0.0,0.0,0.0,0.0,0.0,0.0,0.0,0.0,0.0,0.0,0.0,0.0,0.0,0.0,0.0,0.0,0.0,0.0,0.0,0.0,0.0,0.0,0.0,0.0,0.0,0.0,0.0,0.0,0.0,0.0,0.0,0.0,0.0,0.0,0.0,0.0,0.0,0.0,0.0,0.0,0.0,0.0,0.0,0.0,0.0,0.0,0.0,0.0,0.0,0.0,0.0,0.0,0.0,0.0,0.0,0.0,0.0
Ni72,14992677.138925979,9644176.894421345,6201922.268299699,3988296.7808829276,2564771.1345406827,1649338.3852735406,1060647.1168133689,682074.8952725896,438624.83137544355,282068.35353799013,181390.9071635081,116647.82946722516,75013.22052019714,48239.073787418805,31021.30829380264,19949.005913752255,12828.69288354374,8249.802612311243,5305.235986232215,3411.6608835721113,2193.9514122843734,1410.8737543764305,907.2966427800882,583.4591475293597,375.20757906981436,241.28634881732967,155.16504829121627,99.78265380211293,64.16765959499884,41.26457235809115,26.53618571478728,17.06473888009666,10.973894898678248,7.057029708652323,4.538194393933906,2.9183961535378273,1.8767455445207253,1.2068868150777385,0.7761178859121587,0.49910146113739634,0.32095931949399453,0.20640068761828242,0.13273097636318018,0.08535587884719129,0.0548901714837189,0.035298458245693665,0.022699531097157388,0.014597484922551177,0.009387267303102723,0.006036710288617353,0.0038820532037746173,0.002496448621255349,0.0016054019333140385,0.0010323927140116502,0.0006639052151532753,0.0004269403771700224,0.00027455438140518097,0.00017655886484300025,0.00011354046726591624,7.301495576801501e-05,4.6954041093730386e-05,3.019493680221483e-05,1.941758765065033e-05,1.248695145945898e-05,8.030037487466296e-06,5.163910683841788e-06,3.3207782145870387e-06,2.135507104137544e-06,1.373289722207189e-06,8.831273178468581e-07,5.679164759741192e-07,3.652124865406914e-07,2.348587617509324e-07,1.5103163227973447e-07,9.712456022088517e-08,6.245830794325657e-08,4.016533225234421e-08,2.582929266042307e-08,1.6610154128597992e-08,1.0681563130783077e-08,6.869038663552412e-09,4.417302185426379e-09,2.8406534819650415e-09,1.8267512309260848e-09,1.1747367571850246e-09,7.554430101475747e-10,4.858059800123733e-10,3.1240933736309086e-10,2.0090241390021502e-10,1.2919517787659388e-10,8.308209773355472e-11,5.342796130054692e-11,3.43581484652363e-11,2.2094842049440774e-11,1.4208624940417862e-11,9.137201444831071e-12,5.875899363486732e-12,3.778639831712948e-12,2.4299461400807724e-12,1.5626358972182667e-12,1.0048909755645741e-12,6.462195541320481e-13,4.155671832041327e-13,2.672405727309958e-13,1.7185554249722667e-13,1.1051588157141586e-13,7.10699224594651e-14,4.570324017304651e-14,2.9390578883866363e-14,1.8900325750606192e-14,1.2154313628545794e-14,7.816126649368263e-15,5.026350122764939e-15,3.232316553962325e-15,2.0786196842315523e-15,1.3367068848434446e-15,8.59601835555803e-16,5.5278784307110655e-16,3.554836516253217e-16,2.2860239811138206e-16,1.470083256524988e-16,9.453727515413638e-17
Ni73,7492787.8908494655,3283524.1380297802,1438703.0715347277,630379.5681103736,276205.98562225915,121021.9213199593,53026.74888445322,23234.105578450475,10180.214201079427,4460.544471140819,1954.4241983548122,856.3470158919657,375.21547893460104,164.40374406569234,72.03485085307119,31.562661586045024,13.829439425468465,6.05948247746196,2.65501201929049,1.1633153241709686,0.5097161646042772,0.22333632426276817,0.09785664493086742,0.04287669275804517,0.018786775115441374,0.008231579828925658,0.0036067343151557057,0.0015803202654258303,0.0006924303048387285,0.000303394025596362,0.00013293458435359004,5.8246380041682834e-05,2.5521129843353075e-05,1.1182292668062437e-05,4.8996133823898945e-06,2.1468058482727674e-06,9.406406160010366e-07,4.1214941219891307e-07,1.8058665029591117e-07,7.912552414210073e-08,3.466949832948933e-08,1.5190725463756172e-08,6.6559411365618426e-09,2.916355280007923e-09,1.2778250204934148e-09,5.59889528615512e-10,2.453201958216904e-10,1.0748905882703308e-10,4.7097214026028497e-11,2.063603117581376e-11,9.04184656132339e-12,3.96175933937993e-12,1.7358773959184388e-12,7.605889392898348e-13,3.3325829112715564e-13,1.460198575970487e-13,6.397979999401428e-14,2.8033274889023043e-14,1.2283009654251063e-14,5.381901571032708e-15,2.35812437957824e-15,1.0332315662350984e-15,4.527188975738302e-16,1.9836250354533758e-16,8.691416025185296e-17,3.808215321580789e-17,1.6686008233294148e-17,7.311111564090524e-18,3.2034235843131707e-18,1.403606355965979e-18,6.150016539041301e-19,2.6946802620063284e-19,1.1806962905466315e-19,5.173317777867414e-20,2.2667316773230786e-20,9.931871030543872e-21,4.351730871112588e-21,1.906746625721872e-21,8.354566958255441e-22,3.6606221360716203e-22,1.6039316567875963e-22,7.027758299047431e-23,3.079270023808158e-23,1.3492074536497232e-23,5.91166328028848e-24,2.5902438238815216e-24,1.1349366073551073e-24,4.972817967323672e-25,2.1788810384543143e-25,9.546946240404678e-26,4.1830729125916006e-26,1.832847755861657e-26,8.030772990007124e-27,3.51874914928264e-27,1.5417688422999891e-27,6.755386821398317e-28,2.9599282236527764e-28,1.296916863653824e-28,5.68254776514129e-29,2.4898549789951343e-29,1.0909504103873939e-29,4.780088832341382e-30,2.0944351849101114e-30,9.176939796829627e-31,4.0209515501550235e-31,1.7618129492665623e-31,7.719528150205318e-32,3.3823746661993827e-32,1.482015242375026e-32,6.493571515245136e-33,2.8452116967453408e-33,1.2466528751228962e-33,5.462311970775254e-34,2.393356856705865e-34,1.0486689654834919e-34,4.594829208552777e-35,2.013262159048996e-35,8.821273516573778e-36,3.865113448064973e-36,1.693531204802173e-36,7.420346078262094e-37,3.251285583935342e-37
Ni74,3887053.8915112475,1402624.5326048867,506116.22556158237,182624.52126156955,65897.34547437333,23778.078160431138,8579.966263185031,3095.9533643007626,1117.1287788219252,403.09932406040224,145.45240274743193,52.48433872796809,18.93819393616531,6.833565940932525,2.4657907520894535,0.889743961738981,0.32105089078631543,0.1158464444908757,0.0418014685095824,0.015083438919830083,0.005442634858535921,0.0019638939343206495,0.0007086419510970004,0.00025570292065099485,9.226660026016307e-05,3.329303201502411e-05,1.2013296009910451e-05,4.334819398743958e-06,1.5641551830759403e-06,5.64402161126307e-07,2.0365613522924967e-07,7.348629093436917e-08,2.651643639025094e-08,9.568062150070738e-09,3.4524930861853994e-09,1.245780840801694e-09,4.495215094038964e-10,1.622031586925993e-10,5.852860016586452e-11,2.1119175884038658e-11,7.620540876716382e-12,2.7497589665700517e-12,9.922096733756302e-13,3.580241206261722e-13,1.2918768521380562e-13,4.661545703041471e-14,1.6820495162198502e-14,6.0694257983343065e-15,2.190062133502086e-15,7.902513858750906e-16,2.8515047282191937e-16,1.0289231199578862e-16,3.7127162241987015e-17,1.3396784943458611e-17,4.834030827659452e-18,1.7442882110436503e-18,6.29400488258574e-19,2.271098159765169e-19,8.194920321017832e-20,2.957015256213102e-20,1.0669950265472527e-20,3.85009304326202e-21,1.389248878670208e-21,5.012898195445202e-22,1.808829843501578e-22,6.526893775171445e-23,2.3551326569172995e-23,8.49814632004279e-24,3.066429853313896e-24,1.1064756584759924e-24,3.9925530384358527e-25,1.4406534515796793e-25,5.198383960258038e-26,1.8757596262055286e-26,6.768399953142466e-27,2.4422765734845446e-27,8.812592197099829e-28,3.179892976722945e-28,1.1474171409792023e-28,4.140284295887466e-29,1.4939600811735737e-29,5.3907330140519714e-30,1.9451659247790543e-30,7.018842270724028e-31,2.532644963277269e-31,9.138673106771577e-32,3.297554428803963e-32,1.189873528014402e-32,4.2934818612924505e-33,1.5492391467863746e-33,5.590199310200113e-34,2.0171403745241746e-34,7.278551380290368e-35,2.626357137292622e-35,9.476819565066712e-36,3.4195695548630456e-36,1.233900873627525e-36,4.452347997348307e-37,1.6065636319077201e-37,5.797046198782588e-38,2.0917780014050455e-38,7.547870168916319e-39,2.7235368212377217e-39,9.82747801781899e-40,3.5460994482470228e-40,1.2795573059596192e-40,4.61709245081664e-41,1.6660092205405887e-41,6.011546774280704e-42,2.1691773475082227e-42,7.827154211082078e-43,2.824312318881418e-43,1.0191111430117811e-43,3.6773111630307117e-44,1.3269031039918623e-44,4.7879327294461435e-45,1.727654397124854e-45,6.233984236136328e-46,2.249440601145168e-46,8.1167722381287065e-47,2.928816681450358e-47,1.056819989754882e-47
Ni75,1145322.5124999532,360758.9945692638,113631.96279918855,35791.82546789224,11273.718580290213,3550.998837474648,1118.4945458716338,352.3037056340699,110.96871367108311,34.952954558488685,11.00949080106473,3.46777230222136,1.092279829952776,0.3440465875332742,0.10836788444441789,0.03413374468602437,0.010751455860414857,0.0033864963888880707,0.0010666795214382648,0.000335982995637965,0.00010582801215275251,3.333373504494584e-05,1.0499468613686425e-05,3.307125379773523e-06,1.0416792201545606e-06,3.28108394177702e-07,1.0334766811792293e-07,3.255247562983012e-08,1.0253387318053212e-08,3.2296146286850985e-09,1.0172648634321938e-09,3.2041835368916417e-10,1.0092545714640969e-10,3.1789526982256187e-11,1.0013073552786414e-11,3.1539205358253125e-12,9.934227181955083e-13,3.129085485245763e-13,9.85600167445413e-14,3.10444599436097e-14,9.77839214139303e-15,3.080000523266923e-15,9.70139373237806e-16,3.055747544185331e-16,9.625001635209165e-17,3.0316855413681553e-17,9.549211075579188e-18,3.0078130110028733e-18,9.474017316775509e-19,2.984128461118507e-19,9.39941565938401e-20,2.960630411492355e-20,9.32540144099536e-21,2.93731739355751e-21,9.251970035913631e-22,2.9141879503110555e-22,9.179116854867242e-23,2.89124063622302e-23,9.106837344722088e-24,2.8684740171460268e-24,9.035126988196977e-25,2.8458866702256594e-25,8.96398130358135e-26,2.8234771838115606e-26,8.893395844455213e-27,2.8012441573691786e-27,8.823366199411145e-28,2.779186201392258e-28,8.753887991778698e-29,2.7573019373159884e-29,8.684956879350834e-30,2.7355899974308543e-30,8.616568554112495e-31,2.714049024797143e-31,8.54871874197144e-32,2.6926776731601635e-32,8.481403202491098e-33,2.6714746068660864e-33,8.414617728625537e-34,2.650438500778476e-34,8.348358146456538e-35,2.629568040195486e-35,8.282620314932764e-36,2.6088619207676762e-36,8.217400125610919e-37,2.5883188484164963e-37,8.152693502399021e-38,2.567937539253422e-38,8.088496401301581e-39,2.5477167194997005e-39,8.024804810166967e-40,2.5276551254067514e-40,7.961614748436581e-41,2.5077515031771833e-41,7.89892226689611e-42,2.488004608886438e-42,7.836723447428718e-43,2.4684132084050434e-43,7.775014402770146e-44,2.4489760773214835e-44,7.713791276265783e-45,2.4296920008656764e-45,7.653050241629648e-46,2.4105597738330607e-46,7.592787502705249e-47,2.391578200509271e-47,7.532999293228338e-48,2.3727460945953984e-48,7.473681876591491e-49,2.3540622791338613e-49,7.414831545610637e-50,2.3355255864348468e-50,7.356444622293334e-51,2.3171348580033273e-51,7.298517457608904e-52,2.2988889444666714e-52,7.241046431260424e-53,2.2807867055027916e-53,7.184027951458375e-54,2.2628270097688877e-54,7.127458454696238e-55,2.245008734830745e-55
Ni76,149034.97990870045,8099.464361517442,440.17399796798566,23.921723689246605,1.3000514953322664,0.07065268006901267,0.003839694980434956,0.00020867230412740685,1.134051812232969e-05,6.163125088433673e-07,3.349415824387172e-08,1.8202756237593007e-09,9.892481316674233e-11,5.376174098219376e-12,2.921738945884807e-13,1.5878500792463986e-14,8.629339995326863e-16,4.6897065238230514e-17,2.548670847538605e-18,1.3851022566328594e-19,7.527485407471311e-21,4.090891938725131e-22,2.2232386977085024e-23,1.2082426964641233e-24,6.566323332998685e-26,3.5685381951541755e-27,1.9393600047499774e-28,1.053965804017781e-29,5.727889166106931e-31,3.112882237178504e-32,1.6917289321656825e-33,9.193880660646164e-35,4.996512147723042e-36,2.7154076242478957e-37,1.47571712983501e-38,8.019941565464451e-40,4.358522471081948e-41,2.368685354607836e-42,1.2872872278070117e-43,6.995899238585938e-45,3.8019957861171825e-46,2.0662350134955065e-47,1.1229173758119438e-48,6.102613810455229e-50,3.316530327320876e-51,1.8024036509068576e-52,9.795354180966197e-54,5.323389324155904e-55,2.8930524994800947e-56,1.5722601250989972e-57,8.544614732779828e-59,4.643661679522717e-60,2.523647287588408e-61,1.3715029370543906e-62,7.453578460032413e-64,4.050726422735758e-65,2.201410321208085e-66,1.1963798332864171e-67,6.501853342401683e-69,3.533501293646377e-70,1.9203188282909878e-71,1.043617674321959e-72,5.671651155586832e-74,3.0823190927241504e-75,1.6751190665196718e-76,9.103612580674677e-78,4.947455000390272e-79,2.6887469962031994e-80,1.4612281282035828e-81,7.941199546362901e-83,4.315729284015555e-84,2.3454289423365442e-85,1.274648283413992e-86,6.92721155215073e-88,3.7646667329849665e-89,2.0459481428776934e-90,1.1118922603876072e-91,6.042696649050744e-93,3.283967709220333e-94,1.7847071500595663e-95,9.69918066651744e-97,5.271122805699853e-98,2.864647704592702e-99,1.5568232374617734e-100,8.460721326448618e-102,4.598068916322956e-103,2.4988694159165483e-104,1.3580371393816933e-105,7.380397151579709e-107,4.0109552629647384e-108,2.179796261785332e-109,1.184633443002099e-110,6.438016336121282e-112,3.4988083941921177e-113,1.901464603403671e-114,1.0333711454444832e-115,5.615965305511093e-117,3.052056025731049e-118,1.65867228115888e-119,9.014230777843657e-121,4.898879509787896e-122,2.6623481296271653e-123,1.44688138362402e-124,7.863230638327251e-126,4.273356252373717e-127,2.3224008679956936e-128,1.2621334316958013e-129,6.859198260544112e-131,3.72770418688909e-132,2.0258604544036263e-133,1.100975392615985e-134,5.983367771018342e-136,3.2517247999699945e-137,1.76718439838444e-138,9.603951410408998e-140,5.219369454473402e-141,2.8365217958896202e-142,1.541537913485117e-143,8.377651608937322e-145,4.55292379556565e-146,2.474334820287108e-147,1.3447035526595285e-148
Ni77,4291.355247996226,0.04985130207218355,5.791066399018103e-07,6.727296709176513e-12,7.814885531440382e-17,9.078302698646998e-22,1.0545974033361331e-26,1.2250920904951423e-31,1.4231503182597822e-36,1.6532282300054166e-41,1.9205023850389428e-46,2.2309862268249463e-51,2.5916653804008057e-56,3.0106548230586997e-61,3.4973814645025025e-66,4.062796244379422e-71,4.719620519202221e-76,5.482632282160404e-81,6.368998655525055e-86,7.398662136446581e-91,8.59478928635063e-96,9.984291959065721e-101,1.1598432794876729e-105,1.3473528603610675e-110,1.565176746228191e-115,1.8182157911305956e-120,2.1121631605397495e-125,2.453632422786956e-130,2.8503063487827034e-135,3.3111097678938655e-140,3.846410369090464e-145,4.46825196521871e-150,5.1906254686501175e-155,6.029783675030618e-160,7.004606937499031e-165,8.137027958736912e-170,9.452525258313291e-175,1.098069641792412e-179,1.2755924002061568e-184,1.4818149136767668e-189,1.721377015134311e-194,1.9996686501692689e-199,2.3229511462704092e-204,2.698498087421752e-209,3.1347589636184205e-214,3.641549277277739e-219,4.2302713837797337e-224,4.914171034863319e-229,5.708635396888532e-234,6.631539249124869e-239,7.703647151235706e-244,8.949080628388585e-249,1.0395860885263103e-253,1.207653925956456e-258,1.402892959971665e-263,1.6296959044614762e-268,1.8931656347267938e-273,2.1992299978779424e-278,2.554775184403873e-283,2.9678006616605303e-288,3.4475991551514506e-293,4.004965727027846e-298,4.652440655898437e-303,5.404591582540184e-308,6.27834126955e-313,7.29335e-318,8.4e-323,-0.0,-0.0,-0.0,-0.0,-0.0,-0.0,-0.0,-0.0,-0.0,-0.0,-0.0,-0.0,-0.0,-0.0,-0.0,-0.0,-0.0,-0.0,-0.0,-0.0,-0.0,-0.0,-0.0,-0.0,-0.0,-0.0,-0.0,-0.0,-0.0,-0.0,-0.0,-0.0,-0.0,-0.0,-0.0,-0.0,-0.0,-0.0,-0.0,-0.0,-0.0,-0.0,-0.0,-0.0,-0.0,-0.0,-0.0,-0.0,-0.0,-0.0,-0.0,-0.0,-0.0,-0.0,-0.0
Ni78,690.1535684452473,1.2656377314779754,0.002320989038641471,4.256344436889604e-06,7.805494840270803e-09,1.4314102301837357e-11,2.6249908417126933e-14,4.813837971656135e-17,8.827854043955092e-20,1.6188955149764456e-22,2.968810625279273e-25,5.444351687452388e-28,9.984121265356007e-31,1.830937514030788e-33,3.357663725417207e-36,6.157449725394063e-39,1.1291835699253774e-41,2.0707526515903756e-44,3.797448579908e-47,6.963948932273493e-50,1.2770833814025735e-52,2.3419786372875984e-55,4.294836200505291e-58,7.8760829392252e-61,1.4443550247214566e-63,2.64872964586041e-66,4.857371364227301e-69,8.907687731320395e-72,1.633535811222419e-74,2.995658724276517e-77,5.493587058626255e-80,1.0074411522959618e-82,1.8474953878189977e-85,3.388028372906629e-88,6.213133917033058e-91,1.1393952122623043e-93,2.0894792661192093e-96,3.831790371379037e-99,7.026926607155628e-102,1.288632538751879e-104,2.3631580529660352e-107,4.333676059978416e-110,7.947309393571049e-113,1.4574168840265642e-115,2.672683129165647e-118,4.901298446050163e-121,8.98824338549744e-124,1.6483085053113637e-126,3.022749620983274e-129,5.5432676842424944e-132,1.0165518310170739e-134,1.8642030008431408e-137,3.4186676196092554e-140,6.269321682284005e-143,1.1496992024175993e-145,2.1083752326425688e-148,3.8664427289095254e-151,7.09047381343038e-154,1.3002861395834327e-156,2.384529002265369e-159,4.3728671632739776e-162,8.019179976202171e-165,1.4705968667608665e-167,2.696853233054757e-170,4.945622777408345e-173,9.06952753551036e-176,1.663214794568004e-178,3.050085511112814e-181,5.593397590908657e-184,1.0257449011181382e-186,1.8810617072528443e-189,3.4495839488316014e-192,6.326017575157157e-195,1.1600963755281785e-197,2.127442082675819e-200,3.901408461068064e-203,7.154595701589709e-206,1.3120451284199138e-208,2.406093217297983e-211,4.412412686825297e-214,8.09170051221904e-217,1.4838960411600833e-219,2.7212419165112125e-222,4.990347950782582e-225,9.15154676942788e-228,1.678255887144948e-230,3.0776686102351146e-233,5.643980841646509e-236,1.0350211076961694e-238,1.8980728734438553e-241,3.48077986633774e-244,6.383226190846543e-247,1.1705875742834387e-249,2.1466813615844308e-252,3.9366904018222317e-255,7.2192974687034175e-258,1.3239104583256756e-260,2.427852445840399e-263,4.452315835791367e-266,8.164876879400642e-269,1.4973154851203848e-271,2.745851156234297e-274,5.035477591141739e-277,9.234307734897142e-280,1.693433002120591e-282,3.1055011539563988e-285,5.6950215362212195e-288,1.0443812025863725e-290,1.915237878168733e-293,3.512257900552276e-296,6.440952166102202e-299,1.181173648993523e-301,2.1660946287091824e-304,3.972291410768253e-307,7.28458435884046e-310,1.335883090983e-312,2.449808453e-315,4.49258e-318,8.236e-321,1.5e-323,0.0,0.0
O22,0.0,0.0,0.0,0.0,0.0,0.0,0.0,0.0,0.0,0.0,0.0,0.0,0.0,0.0,0.0,0.0,0.0,0.0,0.0,0.0,0.0,0.0,0.0,0.0,0.0,0.0,0.0,0.0,0.0,0.0,0.0,0.0,0.0,0.0,0.0,0.0,0.0,0.0,0.0,0.0,0.0,0.0,0.0,0.0,0.0,0.0,0.0,0.0,0.0,0.0,0.0,0.0,0.0,0.0,0.0,0.0,0.0,0.0,0.0,0.0,0.0,0.0,0.0,0.0,0.0,0.0,0.0,0.0,0.0,0.0,0.0,0.0,0.0,0.0,0.0,0.0,0.0,0.0,0.0,0.0,0.0,0.0,0.0,0.0,0.0,0.0,0.0,0.0,0.0,0.0,0.0,0.0,0.0,0.0,0.0,0.0,0.0,0.0,0.0,0.0,0.0,0.0,0.0,0.0,0.0,0.0,0.0,0.0,0.0,0.0,0.0,0.0,0.0,0.0,0.0,0.0,0.0,0.0,0.0,0.0,0.0,0.0
O23,0.0,0.0,0.0,0.0,0.0,0.0,0.0,0.0,0.0,0.0,0.0,0.0,0.0,0.0,0.0,0.0,0.0,0.0,0.0,0.0,0.0,0.0,0.0,0.0,0.0,0.0,0.0,0.0,0.0,0.0,0.0,0.0,0.0,0.0,0.0,0.0,0.0,0.0,0.0,0.0,0.0,0.0,0.0,0.0,0.0,0.0,0.0,0.0,0.0,0.0,0.0,0.0,0.0,0.0,0.0,0.0,0.0,0.0,0.0,0.0,0.0,0.0,0.0,0.0,0.0,0.0,0.0,0.0,0.0,0.0,0.0,0.0,0.0,0.0,0.0,0.0,0.0,0.0,0.0,0.0,0.0,0.0,0.0,0.0,0.0,0.0,0.0,0.0,0.0,0.0,0.0,0.0,0.0,0.0,0.0,0.0,0.0,0.0,0.0,0.0,0.0,0.0,0.0,0.0,0.0,0.0,0.0,0.0,0.0,0.0,0.0,0.0,0.0,0.0,0.0,0.0,0.0,0.0,0.0,0.0,0.0,0.0
O24,0.0,0.0,0.0,0.0,0.0,0.0,0.0,0.0,0.0,0.0,0.0,0.0,0.0,0.0,0.0,0.0,0.0,0.0,0.0,0.0,0.0,0.0,0.0,0.0,0.0,0.0,0.0,0.0,0.0,0.0,0.0,0.0,0.0,0.0,0.0,0.0,0.0,0.0,0.0,0.0,0.0,0.0,0.0,0.0,0.0,0.0,0.0,0.0,0.0,0.0,0.0,0.0,0.0,0.0,0.0,0.0,0.0,0.0,0.0,0.0,0.0,0.0,0.0,0.0,0.0,0.0,0.0,0.0,0.0,0.0,0.0,0.0,0.0,0.0,0.0,0.0,0.0,0.0,0.0,0.0,0.0,0.0,0.0,0.0,0.0,0.0,0.0,0.0,0.0,0.0,0.0,0.0,0.0,0.0,0.0,0.0,0.0,0.0,0.0,0.0,0.0,0.0,0.0,0.0,0.0,0.0,0.0,0.0,0.0,0.0,0.0,0.0,0.0,0.0,0.0,0.0,0.0,0.0,0.0,0.0,0.0,0.0
P36,0.0,0.0,0.0,0.0,0.0,0.0,0.0,0.0,0.0,0.0,0.0,0.0,0.0,0.0,0.0,0.0,0.0,0.0,0.0,0.0,0.0,0.0,0.0,0.0,0.0,0.0,0.0,0.0,0.0,0.0,0.0,0.0,0.0,0.0,0.0,0.0,0.0,0.0,0.0,0.0,0.0,0.0,0.0,0.0,0.0,0.0,0.0,0.0,0.0,0.0,0.0,0.0,0.0,0.0,0.0,0.0,0.0,0.0,0.0,0.0,0.0,0.0,0.0,0.0,0.0,0.0,0.0,0.0,0.0,0.0,0.0,0.0,0.0,0.0,0.0,0.0,0.0,0.0,0.0,0.0,0.0,0.0,0.0,0.0,0.0,0.0,0.0,0.0,0.0,0.0,0.0,0.0,0.0,0.0,0.0,0.0,0.0,0.0,0.0,0.0,0.0,0.0,0.0,0.0,0.0,0.0,0.0,0.0,0.0,0.0,0.0,0.0,0.0,0.0,0.0,0.0,0.0,0.0,0.0,0.0,0.0,0.0
P37,0.0,0.0,0.0,0.0,0.0,0.0,0.0,0.0,0.0,0.0,0.0,0.0,0.0,0.0,0.0,0.0,0.0,0.0,0.0,0.0,0.0,0.0,0.0,0.0,0.0,0.0,0.0,0.0,0.0,0.0,0.0,0.0,0.0,0.0,0.0,0.0,0.0,0.0,0.0,0.0,0.0,0.0,0.0,0.0,0.0,0.0,0.0,0.0,0.0,0.0,0.0,0.0,0.0,0.0,0.0,0.0,0.0,0.0,0.0,0.0,0.0,0.0,0.0,0.0,0.0,0.0,0.0,0.0,0.0,0.0,0.0,0.0,0.0,0.0,0.0,0.0,0.0,0.0,0.0,0.0,0.0,0.0,0.0,0.0,0.0,0.0,0.0,0.0,0.0,0.0,0.0,0.0,0.0,0.0,0.0,0.0,0.0,0.0,0.0,0.0,0.0,0.0,0.0,0.0,0.0,0.0,0.0,0.0,0.0,0.0,0.0,0.0,0.0,0.0,0.0,0.0,0.0,0.0,0.0,0.0,0.0,0.0
P38,0.0,0.0,0.0,0.0,0.0,0.0,0.0,0.0,0.0,0.0,0.0,0.0,0.0,0.0,0.0,0.0,0.0,0.0,0.0,0.0,0.0,0.0,0.0,0.0,0.0,0.0,0.0,0.0,0.0,0.0,0.0,0.0,0.0,0.0,0.0,0.0,0.0,0.0,0.0,0.0,0.0,0.0,0.0,0.0,0.0,0.0,0.0,0.0,0.0,0.0,0.0,0.0,0.0,0.0,0.0,0.0,0.0,0.0,0.0,0.0,0.0,0.0,0.0,0.0,0.0,0.0,0.0,0.0,0.0,0.0,0.0,0.0,0.0,0.0,0.0,0.0,0.0,0.0,0.0,0.0,0.0,0.0,0.0,0.0,0.0,0.0,0.0,0.0,0.0,0.0,0.0,0.0,0.0,0.0,0.0,0.0,0.0,0.0,0.0,0.0,0.0,0.0,0.0,0.0,0.0,0.0,0.0,0.0,0.0,0.0,0.0,0.0,0.0,0.0,0.0,0.0,0.0,0.0,0.0,0.0,0.0,0.0
P39,0.0,0.0,0.0,0.0,0.0,0.0,0.0,0.0,0.0,0.0,0.0,0.0,0.0,0.0,0.0,0.0,0.0,0.0,0.0,0.0,0.0,0.0,0.0,0.0,0.0,0.0,0.0,0.0,0.0,0.0,0.0,0.0,0.0,0.0,0.0,0.0,0.0,0.0,0.0,0.0,0.0,0.0,0.0,0.0,0.0,0.0,0.0,0.0,0.0,0.0,0.0,0.0,0.0,0.0,0.0,0.0,0.0,0.0,0.0,0.0,0.0,0.0,0.0,0.0,0.0,0.0,0.0,0.0,0.0,0.0,0.0,0.0,0.0,0.0,0.0,0.0,0.0,0.0,0.0,0.0,0.0,0.0,0.0,0.0,0.0,0.0,0.0,0.0,0.0,0.0,0.0,0.0,0.0,0.0,0.0,0.0,0.0,0.0,0.0,0.0,0.0,0.0,0.0,0.0,0.0,0.0,0.0,0.0,0.0,0.0,0.0,0.0,0.0,0.0,0.0,0.0,0.0,0.0,0.0,0.0,0.0,0.0
P40,0.0,0.0,0.0,0.0,0.0,0.0,0.0,0.0,0.0,0.0,0.0,0.0,0.0,0.0,0.0,0.0,0.0,0.0,0.0,0.0,0.0,0.0,0.0,0.0,0.0,0.0,0.0,0.0,0.0,0.0,0.0,0.0,0.0,0.0,0.0,0.0,0.0,0.0,0.0,0.0,0.0,0.0,0.0,0.0,0.0,0.0,0.0,0.0,0.0,0.0,0.0,0.0,0.0,0.0,0.0,0.0,0.0,0.0,0.0,0.0,0.0,0.0,0.0,0.0,0.0,0.0,0.0,0.0,0.0,0.0,0.0,0.0,0.0,0.0,0.0,0.0,0.0,0.0,0.0,0.0,0.0,0.0,0.0,0.0,0.0,0.0,0.0,0.0,0.0,0.0,0.0,0.0,0.0,0.0,0.0,0.0,0.0,0.0,0.0,0.0,0.0,0.0,0.0,0.0,0.0,0.0,0.0,0.0,0.0,0.0,0.0,0.0,0.0,0.0,0.0,0.0,0.0,0.0,0.0,0.0,0.0,0.0
P41,0.0,0.0,0.0,0.0,0.0,0.0,0.0,0.0,0.0,0.0,0.0,0.0,0.0,0.0,0.0,0.0,0.0,0.0,0.0,0.0,0.0,0.0,0.0,0.0,0.0,0.0,0.0,0.0,0.0,0.0,0.0,0.0,0.0,0.0,0.0,0.0,0.0,0.0,0.0,0.0,0.0,0.0,0.0,0.0,0.0,0.0,0.0,0.0,0.0,0.0,0.0,0.0,0.0,0.0,0.0,0.0,0.0,0.0,0.0,0.0,0.0,0.0,0.0,0.0,0.0,0.0,0.0,0.0,0.0,0.0,0.0,0.0,0.0,0.0,0.0,0.0,0.0,0.0,0.0,0.0,0.0,0.0,0.0,0.0,0.0,0.0,0.0,0.0,0.0,0.0,0.0,0.0,0.0,0.0,0.0,0.0,0.0,0.0,0.0,0.0,0.0,0.0,0.0,0.0,0.0,0.0,0.0,0.0,0.0,0.0,0.0,0.0,0.0,0.0,0.0,0.0,0.0,0.0,0.0,0.0,0.0,0.0
P42,0.0,0.0,0.0,0.0,0.0,0.0,0.0,0.0,0.0,0.0,0.0,0.0,0.0,0.0,0.0,0.0,0.0,0.0,0.0,0.0,0.0,0.0,0.0,0.0,0.0,0.0,0.0,0.0,0.0,0.0,0.0,0.0,0.0,0.0,0.0,0.0,0.0,0.0,0.0,0.0,0.0,0.0,0.0,0.0,0.0,0.0,0.0,0.0,0.0,0.0,0.0,0.0,0.0,0.0,0.0,0.0,0.0,0.0,0.0,0.0,0.0,0.0,0.0,0.0,0.0,0.0,0.0,0.0,0.0,0.0,0.0,0.0,0.0,0.0,0.0,0.0,0.0,0.0,0.0,0.0,0.0,0.0,0.0,0.0,0.0,0.0,0.0,0.0,0.0,0.0,0.0,0.0,0.0,0.0,0.0,0.0,0.0,0.0,0.0,0.0,0.0,0.0,0.0,0.0,0.0,0.0,0.0,0.0,0.0,0.0,0.0,0.0,0.0,0.0,0.0,0.0,0.0,0.0,0.0,0.0,0.0,0.0
P43,0.0,0.0,0.0,0.0,0.0,0.0,0.0,0.0,0.0,0.0,0.0,0.0,0.0,0.0,0.0,0.0,0.0,0.0,0.0,0.0,0.0,0.0,0.0,0.0,0.0,0.0,0.0,0.0,0.0,0.0,0.0,0.0,0.0,0.0,0.0,0.0,0.0,0.0,0.0,0.0,0.0,0.0,0.0,0.0,0.0,0.0,0.0,0.0,0.0,0.0,0.0,0.0,0.0,0.0,0.0,0.0,0.0,0.0,0.0,0.0,0.0,0.0,0.0,0.0,0.0,0.0,0.0,0.0,0.0,0.0,0.0,0.0,0.0,0.0,0.0,0.0,0.0,0.0,0.0,0.0,0.0,0.0,0.0,0.0,0.0,0.0,0.0,0.0,0.0,0.0,0.0,0.0,0.0,0.0,0.0,0.0,0.0,0.0,0.0,0.0,0.0,0.0,0.0,0.0,0.0,0.0,0.0,0.0,0.0,0.0,0.0,0.0,0.0,0.0,0.0,0.0,0.0,0.0,0.0,0.0,0.0,0.0
P44,0.0,0.0,0.0,0.0,0.0,0.0,0.0,0.0,0.0,0.0,0.0,0.0,0.0,0.0,0.0,0.0,0.0,0.0,0.0,0.0,0.0,0.0,0.0,0.0,0.0,0.0,0.0,0.0,0.0,0.0,0.0,0.0,0.0,0.0,0.0,0.0,0.0,0.0,0.0,0.0,0.0,0.0,0.0,0.0,0.0,0.0,0.0,0.0,0.0,0.0,0.0,0.0,0.0,0.0,0.0,0.0,0.0,0.0,0.0,0.0,0.0,0.0,0.0,0.0,0.0,0.0,0.0,0.0,0.0,0.0,0.0,0.0,0.0,0.0,0.0,0.0,0.0,0.0,0.0,0.0,0.0,0.0,0.0,0.0,0.0,0.0,0.0,0.0,0.0,0.0,0.0,0.0,0.0,0.0,0.0,0.0,0.0,0.0,0.0,0.0,0.0,0.0,0.0,0.0,0.0,0.0,0.0,0.0,0.0,0.0,0.0,0.0,0.0,0.0,0.0,0.0,0.0,0.0,0.0,0.0,0.0,0.0
Pd119,501245681.0462762,236175019.6928836,111183825.56797718,52340228.73027555,24639342.717191406,11599054.846740305,5460294.727462813,2570452.4121129815,1210049.2615704427,569634.8271327964,268157.5424966451,126236.07998089679,59426.06626156243,27975.023874775103,13169.33813773965,6199.510955288443,2918.4409787915197,1373.866069133081,646.7521493947675,304.460785621334,143.325955805335,67.47118373747448,31.762290433416283,14.952206819166289,7.038802482830779,3.3135403349822905,1.5598604419339992,0.7343096363194072,0.34567877195667385,0.16272946380005998,0.07660545146802956,0.036062278198316484,0.016976440761471343,0.007991717532177433,0.0037621283525497225,0.0017710347849596957,0.0008337206803195538,0.00039247686081350354,0.00018475982413556228,8.697631891940936e-05,4.09443995098214e-05,1.9274716061198514e-05,9.073638487498345e-06,4.271446341435331e-06,2.0107979696237165e-06,9.465900192683187e-07,4.456104880323074e-07,2.0977266081664134e-07,9.875119730777813e-08,4.6487463770331794e-08,2.1884132513983158e-08,1.030203020443582e-08,4.849715942146382e-09,2.2830203613052577e-09,1.0747396409010282e-09,5.05937360569002e-10,2.3817174232535847e-10,1.1212016202658047e-10,5.27809496211937e-11,2.484681249617302e-11,1.1696721935675113e-11,5.5062718431821354e-12,2.592096296531343e-12,1.2202381941623397e-12,5.744313019871496e-13,2.704154994338363e-13,1.2729902092920254e-13,5.992644934725159e-14,2.821058092321031e-14,1.3280227423677598e-14,6.251712465782455e-15,2.943015018337428e-15,1.3854343822697888e-15,6.521979723567964e-16,3.0702442540038334e-16,1.4453279799659777e-16,6.803930882529462e-17,3.2029737260969584e-17,1.507810832765763e-17,7.098071048419712e-18,3.3414412148769193e-18,1.5729948765395807e-18,7.40492716317594e-19,3.485894780062311e-19,1.6409968862480972e-19,7.725048948918121e-20,3.636593205220665e-20,1.7119386851405282e-20,8.05900989275716e-21,3.793806461370222e-21,1.785947362996757e-21,8.407408274177145e-22,3.957816190623682e-22,1.8631555038042982e-22,8.770868236832457e-23,4.1289162107403404e-23,1.9437014232779215e-23,9.15004090667949e-24,4.3074130414904145e-24,2.0277294166474733e-24,9.545605558446297e-25,4.493626453774634e-25,2.115390017157789e-25,9.958270832529807e-26,4.6878900424827384e-26,2.2068402657437992e-26,1.0388776004500525e-26,4.890551824117192e-27,2.302243992363938e-27,1.0837892309489268e-27,5.101974860252721e-28,2.401772109495838e-28,1.1306424323828107e-28,5.322537907948566e-29,2.5056029183201384e-29,1.1795211406421164e-29,5.552636098278673e-30,2.6139224281408785e-30,1.230512920242697e-30,5.792681644195309e-31,2.726924689614727e-31,1.283709121194657e-31
Pd120,1691606339.331863,423034500.3024723,105759439.23508166,26439864.799833823,6609966.230594553,1652491.5578370732,413122.8894604312,103280.7223651151,25820.180591278833,6455.045147819708,1613.761286954927,403.44032173873177,100.86008043468294,25.215020108670736,6.303755027167684,1.575938756791921,0.39398468919798024,0.09849617229949506,0.024624043074873765,0.006156010768718441,0.0015390026921796103,0.0003847506730449026,9.618766826122565e-05,2.404691706530641e-05,6.011729266326603e-06,1.5029323165816507e-06,3.757330791454127e-07,9.393326978635317e-08,2.3483317446588292e-08,5.870829361647073e-09,1.4677073404117683e-09,3.6692683510294207e-10,9.173170877573552e-11,2.293292719393388e-11,5.73323179848347e-12,1.4333079496208674e-12,3.5832698740521686e-13,8.958174685130422e-14,2.2395436712826054e-14,5.5988591782065135e-15,1.3997147945516284e-15,3.499286986379071e-16,8.748217465947677e-17,2.1870543664869193e-17,5.467635916217298e-18,1.3669089790543246e-18,3.4172724476358114e-19,8.543181119089529e-20,2.1357952797723822e-20,5.3394881994309554e-21,1.3348720498577388e-21,3.337180124644347e-22,8.342950311610868e-23,2.085737577902717e-23,5.214343944756792e-24,1.303585986189198e-24,3.258964965472995e-25,8.147412413682488e-26,2.036853103420622e-26,5.092132758551555e-27,1.2730331896378888e-27,3.182582974094722e-28,7.956457435236805e-29,1.9891143588092012e-29,4.972785897023003e-30,1.2431964742557507e-30,3.107991185639377e-31,7.769977964098442e-32,1.9424944910246105e-32,4.856236227561526e-33,1.2140590568903816e-33,3.035147642225954e-34,7.587869105564885e-35,1.8969672763912212e-35,4.742418190978053e-36,1.1856045477445133e-36,2.964011369361283e-37,7.410028423403208e-38,1.852507105850802e-38,4.631267764627005e-39,1.1578169411567512e-39,2.894542352891878e-40,7.236355882229695e-41,1.8090889705574238e-41,4.5227224263935595e-42,1.1306806065983899e-42,2.8267015164959747e-43,7.066753791239937e-44,1.7666884478099842e-44,4.4167211195249605e-45,1.1041802798812401e-45,2.7604506997031003e-46,6.901126749257751e-47,1.7252816873144377e-47,4.313204218286094e-48,1.0783010545715236e-48,2.695752636428809e-49,6.739381591072022e-50,1.6848453977680055e-50,4.212113494420014e-51,1.0530283736050035e-51,2.6325709340125087e-52,6.581427335031272e-53,1.645356833757818e-53,4.113392084394545e-54,1.0283480210986362e-54,2.5708700527465905e-55,6.427175131866476e-56,1.606793782966619e-56,4.0169844574165477e-57,1.0042461143541369e-57,2.5106152858853423e-58,6.276538214713356e-59,1.569134553678339e-59,3.9228363841958473e-60,9.807090960489618e-61,2.4517727401224046e-61,6.1294318503060114e-62,1.5323579625765029e-62,3.830894906441257e-63,9.577237266103143e-64,2.3943093165257857e-64
Pd121,16819381.91973741,1478026.9056558015,129852.50987368623,11407.916173071191,1002.2150127695851,88.04715472747517,7.735167629373857,0.6795542473171832,0.05970057753240207,0.005244848327471416,0.000460773331096176,4.048011484664548e-05,3.5562815540976133e-06,3.124284241763417e-07,2.7447635612777113e-08,2.4113449431431053e-09,2.1184281651258453e-10,1.8610932888551594e-11,1.6350180227215553e-12,1.4364051230708372e-13,1.2619186142974532e-14,1.1086277565663301e-15,9.739578200243477e-17,8.556468386869433e-18,7.517076176221454e-19,6.603943552906676e-20,5.8017332041857405e-21,5.096970908804354e-22,4.4778192189973337e-23,3.933878634344686e-24,3.4560129279222776e-25,3.036195690860601e-26,2.6673755178174457e-27,2.3433575689698704e-28,2.0586995191969075e-29,1.8086201467771266e-30,1.5889190262230025e-31,1.395905976383313e-32,1.2263390787978222e-33,1.0773702252376643e-34,9.464972798277894e-36,8.315220522488287e-37,7.305133761207485e-38,6.417746724192017e-39,5.638154531077245e-40,4.953262863502773e-41,4.3515680281058157e-42,3.82296373623946e-43,3.3585713550165345e-44,2.9505907785129585e-45,2.59216941430826e-46,2.2772870848127733e-47,2.000654910141741e-48,1.7576264741357074e-49,1.5441197814388951e-50,1.3565486947978272e-51,1.1917627009757413e-52,1.0469939935688546e-53,9.198109839079218e-55,8.080774591970181e-56,7.099167018945666e-57,6.236799676724831e-58,5.479187924976001e-59,4.813606636948809e-60,4.2288764635462135e-61,3.7151760608488038e-62,3.2638771271955346e-63,2.8673994790428096e-64,2.519083731402492e-65,2.2130794443524985e-66,1.9442468568874334e-67,1.7080705575947562e-68,1.5005836421372565e-69,1.3183010836629309e-70,1.1581611970070345e-71,1.0174742134974413e-72,8.938771026067702e-74,7.8529388161902965e-75,6.899007466573089e-76,6.060954394003755e-77,5.324703349602367e-78,4.677887988947152e-79,4.1096441623870265e-80,3.6104274367721675e-81,3.1718527836302867e-82,2.7865537411320284e-83,2.4480586842778203e-84,2.150682125094569e-85,1.8894292170801444e-86,1.6599118599170542e-87,1.4582749953190866e-88,1.2811318560487582e-89,1.125507080524138e-90,9.887867375469874e-92,8.686744217490924e-93,7.63152682319692e-94,6.70449137156661e-95,5.89006703282228e-96,5.17457443502285e-97,4.545995900281287e-98,3.993773591408974e-99,3.5086321785835323e-100,3.0824230474839626e-101,2.707987432155425e-102,2.3790361737326996e-103,2.0900440854054458e-104,1.8361571493402143e-105,1.613110986804449e-106,1.4171592320865587e-107,1.2450106071539829e-108,1.0937736401319593e-109,9.609080990741742e-111,8.441823252889374e-112,7.416357495757005e-113,6.515459617807746e-114,5.72399780560341e-115,5.0286783742781883e-116,4.417822481898618e-117,3.8811699673217533e-118,3.40970701673975e-119,2.9955147643345857e-120,2.631636284083514e-121
Pd122,1041275.0545100572,19834.872605187153,377.7992027627403,7.195979087342732,0.13706245642812329,0.0026106407280730923,4.9725104608405084e-05,9.471184605678279e-07,1.803984899350758e-08,3.436065975449657e-10,6.544705220032244e-12,1.2465757853066596e-13,2.3743639113898178e-15,4.5224719188039564e-17,8.613992218403645e-19,1.6407147080383032e-20,3.1250837996137517e-22,5.952374722284946e-24,1.133754072094832e-25,2.1594713974898818e-27,4.113164249069039e-29,7.834380283751334e-31,1.4922213340817514e-32,2.8422471583451134e-34,5.413653272885255e-36,1.0311433216837303e-37,1.964027794647225e-39,3.740901092050112e-41,7.125327359746121e-43,1.3571673972198826e-44,2.5850087316440378e-46,4.9236889689248034e-48,9.378193878398884e-50,1.7862728733664154e-51,3.4023297230761274e-53,6.480447482086764e-55,1.234336557190434e-56,2.3510517454670036e-58,4.478069030414909e-60,8.529417644603073e-62,1.624605714247457e-63,3.094400856822287e-65,5.8939326500756125e-67,1.1226225589693337e-68,2.1382691060962278e-70,4.0727800573357815e-72,7.757460156975002e-74,1.4775702895780802e-75,2.8143411844414684e-77,5.3605005178502276e-79,1.021019269473373e-80,1.944744422959249e-82,3.704171883633324e-84,7.055368911983333e-86,1.3438423498683517e-87,2.559628396230856e-89,4.875346819835804e-91,9.28611615994095e-93,1.7687347489838806e-94,3.3689247026207403e-96,6.416820644502237e-98,1.22221749722334e-99,2.3279684648794876e-101,4.4341021019461317e-103,8.445673447514219e-105,1.6086548830425016e-106,3.064019167705488e-108,5.836064378401908e-110,1.1116003381387943e-111,2.1172749847023468e-113,4.032792368840204e-115,7.681295253418472e-117,1.4630630931083032e-118,2.7867091991588365e-120,5.307869631362246e-122,1.0109946180262269e-123,1.925650380783136e-125,3.6678032928104524e-127,6.986097335737618e-129,1.3306481315415092e-130,2.534497252016833e-132,4.827479307425373e-134,9.19494248615795e-136,1.7513688187892778e-137,3.3358476619563954e-139,6.353818512923312e-141,1.2102174255610454e-142,2.30511182236735e-144,4.390566853021812e-146,8.362751474267437e-148,1.5928606615391587e-149,3.0339357744709484e-151,5.778764273530495e-153,1.100686336541043e-154,2.0964869894372406e-156,3.993197290603169e-158,7.605878158089969e-160,1.4486983323323842e-161,2.7593485124006717e-163,5.255755489570668e-165,1.0010683913979328e-166,1.9067438092290473e-168,3.631791778937594e-170,6.917505887113265e-172,1.3175834577235802e-173,2.509612852373422e-175,4.780081771578505e-177,9.104663980887679e-179,1.7341733921321496e-180,3.3030953808862196e-182,6.291434953812554e-184,1.1983351739432512e-185,2.2824795927348733e-187,4.347459045292003e-189,8.280643652040161e-191,1.5772215120997767e-192,3.004147748366649e-194,5.722026757041525e-196,1.0898794916495273e-197,2.0759030964971983e-199,3.9539909678678696e-201,7.531201528800158e-203
Pd123,121438.44681993646,7089.714185447716,413.90363166694675,24.16405116150235,1.4107181572292808,0.08235894328460147,0.004808186173968542,0.00028070605767309187,1.6387861859627876e-05,9.567375159499095e-07,5.5855161720699864e-08,3.2608725369653757e-09,1.9037255241522852e-10,1.1114113876654649e-11,6.488515581480773e-13,3.7880513838851445e-14,2.2114970838490995e-15,1.2910910798831336e-16,7.537501128658668e-18,4.400458197703098e-19,2.5690254660271325e-20,1.499819234401741e-21,8.756074105252438e-23,5.1118716161320994e-24,2.9843547582748123e-25,1.7422920589653856e-26,1.017165137729351e-27,5.938297842133049e-29,3.466829519993335e-30,2.023964987983832e-31,1.181608224159885e-32,6.8983307700055374e-34,4.0273050271158384e-35,2.351175425213698e-36,1.3726365008134779e-37,8.013570332355022e-39,4.6783915066766e-40,2.73128533000739e-41,1.594547943084159e-42,9.309108480390968e-44,5.434737856302463e-45,3.1728468552003216e-46,1.852335371591159e-47,1.0814093731703689e-48,6.3133612320763165e-50,3.6857947633495065e-51,2.1517987864392864e-52,1.256238698736933e-53,7.334029920221771e-55,4.281669950526802e-56,2.499675862338154e-57,1.4593323373715948e-58,8.519708106899914e-60,4.973879106763971e-61,2.9037935406105374e-62,1.695259724954871e-63,9.897072553063853e-65,5.777996355291069e-66,3.373244128782482e-67,1.969329029075215e-68,1.1497112799120526e-69,6.712113657196922e-71,3.918589869847653e-72,2.287706578330685e-73,1.3355828403499044e-74,7.79724786532163e-76,4.552100583842088e-77,2.6575555995308526e-78,1.5515038902406617e-79,9.057813585750953e-81,5.288029728464835e-82,3.087197384269142e-83,1.802332471418444e-84,1.0522172485898057e-85,6.142935089875835e-87,3.5862985109778063e-88,2.0937120157819516e-89,1.2223271408142007e-90,7.136051318944233e-92,4.166088334804167e-93,2.4321983177608627e-94,1.4199383646042734e-95,8.289722694698852e-97,4.8396116386472064e-98,2.825407034171048e-99,1.649497006122305e-100,9.62990585179428e-102,5.622022129790134e-103,3.2821850300811415e-104,1.9161679415322558e-105,1.1186753782937065e-106,6.530923385555983e-108,3.8128094258282264e-109,2.225951042365043e-110,1.299529425583529e-111,7.586764918976625e-113,4.429218823572897e-114,2.585816167576565e-115,1.509621790848129e-116,8.813302275619065e-118,5.145281915796512e-119,3.0038599795061542e-120,1.7536793754248327e-121,1.0238131513360471e-122,5.977109519205707e-124,3.4894881119624464e-125,2.0371932694894613e-126,1.189331009045667e-127,6.943417054544232e-129,4.053626789065291e-130,2.366542296962221e-131,1.3816078131363026e-132,8.065945627802775e-134,4.7089686560894014e-135,2.749136533675456e-136,1.6049696298181552e-137,9.369951186799522e-139,5.470258353296886e-140,3.193584027841169e-141,1.8644419119136085e-142,1.0884772758742487e-143,6.354624257929277e-145
Pd124,12939.978915040752,0.00015491432446066296,1.8545971427518345e-12,2.2202792245830447e-20,2.658065043603232e-28,3.182171727680909e-36,3.8096196813621835e-44,4.560785324806766e-52,5.460062819587064e-60,6.536656270946087e-68,7.825528133343028e-76,9.368534618828866e-84,1.1215784980725661e-91,1.3427268815450725e-99,1.6074804229236458e-107,1.9244370136608767e-115,2.3038898432195127e-123,2.7581616711854544e-131,3.3020050098253387e-139,3.953081213047761e-147,4.73253403021873e-155,5.66567625103526e-163,6.782811740301701e-171,8.120219558250982e-179,9.721332125793126e-187,1.1638145695697534e-194,1.393290893486807e-202,1.6680144454549357e-210,1.9969068937811698e-218,2.3906490458139717e-226,2.862027707976631e-234,3.4263509382812875e-242,4.1019451766806284e-250,4.910750397603356e-258,5.8790326122974244e-266,7.038236859548963e-274,8.426008385715613e-282,1.0087415176973684e-289,1.2076411545607187e-297,1.4457590300415072e-305,1.73082804033e-313,2.07e-321,0.0,0.0,0.0,0.0,0.0,0.0,0.0,0.0,0.0,0.0,0.0,0.0,0.0,0.0,0.0,0.0,0.0,0.0,0.0,0.0,0.0,0.0,0.0,0.0,0.0,0.0,0.0,0.0,0.0,0.0,0.0,0.0,0.0,0.0,0.0,0.0,0.0,0.0,0.0,0.0,0.0,0.0,0.0,0.0,0.0,0.0,0.0,0.0,0.0,0.0,0.0,0.0,0.0,0.0,0.0,0.0,0.0,0.0,0.0,0.0,0.0,0.0,0.0,0.0,0.0,0.0,0.0,0.0,0.0,0.0,0.0,0.0,0.0,0.0,0.0,0.0,0.0,0.0,0.0,0.0
Pd125,3.005580678466676e-11,5.283230482336605e-12,9.28689904399122e-13,1.6324575303241546e-13,2.8695451255457406e-14,5.044106247534812e-15,8.866564811933705e-16,1.5585708886017743e-16,2.73966667623913e-17,4.815805012006055e-18,8.465255322775023e-19,1.4880284293304516e-19,2.615666653950134e-20,4.5978369161032505e-21,8.082109497843097e-22,1.420678791506287e-22,2.4972789952603395e-23,4.389734271711267e-24,7.716305231737864e-25,1.3563774648740609e-25,2.3842496790446865e-26,4.191050558741413e-27,7.367057628362374e-28,1.2949864798555617e-28,2.2763361814253617e-29,4.001359467045671e-30,7.03361731679306e-31,1.2363741115120998e-31,2.1733069553950377e-32,3.820253981694782e-33,6.71526884337516e-34,1.1804145969059302e-34,2.074940933992843e-35,3.6473455096575684e-36,6.411329136593681e-37,1.1269878652542093e-37,1.9810270559671217e-38,3.482263046007627e-39,6.121146041425681e-40,1.0759792802964264e-40,1.8913638129071132e-41,3.324652377868299e-42,5.844096920029302e-43,1.027279394322557e-43,1.8057588168719628e-44,3.1741753243879236e-45,5.579587315766973e-46,9.807837133341346e-47,1.7240283875892102e-47,3.030509011114517e-48,5.3270496776962455e-49,9.363924728343717e-50,1.645997158337121e-50,2.893345177212994e-51,5.085942142791422e-52,8.940104237662334e-53,1.5714976996651588e-53,2.7623895140384197e-54,4.855747373283028e-55,8.535466281391741e-56,1.5003701601452494e-56,2.637361033646105e-57,4.6359714466205315e-58,8.149142639060016e-59,1.4324619233829752e-59,2.51799146588351e-60,4.4261427956763104e-61,7.78030438671218e-62,1.367627280552827e-62,2.4040246827704382e-63,4.2258111969171665e-64,7.4281601183109425e-65,1.3057271177547794e-65,2.2952161489322843e-66,4.0345468043721085e-67,7.091954247638676e-68,1.2466286175214592e-68,2.1913323969072539e-69,3.851939227323756e-70,6.7709653870569394e-71,1.1902049738353717e-71,2.0921505262016853e-72,3.677596649744317e-73,6.464504799645016e-74,1.1363351200447402e-74,1.9974577250186308e-75,3.5111449895867976e-76,6.171914921396141e-77,1.0849034690941426e-77,1.9070508136334683e-78,3.352227096127466e-79,5.892567950300554e-80,1.0357996655125488e-80,1.820735808436769e-81,3.20050198363743e-82,5.625864499288145e-83,9.889183486266563e-84,1.7383275057090603e-84,3.05564409973901e-85,5.371232310140139e-86,9.441589264913918e-87,1.6596490842343002e-87,2.9173426268769874e-88,5.128125025610531e-89,9.014253600525705e-90,1.5845317258994986e-90,2.7853008154059717e-91,4.896021017122395e-92,8.606259570785473e-93,1.5128142534663655e-93,2.659235346862911e-94,4.674422265523907e-95,8.216731754187266e-96,1.4443427847377494e-96,2.5388757260584794e-97,4.4628532925024134e-98,7.844834351668019e-99,1.3789704023768845e-99,2.4239637006830417e-100,4.260860140363746e-101,7.489769393256493e-102,1.3165568386709073e-102
Pd126,0.0,0.0,0.0,0.0,0.0,0.0,0.0,0.0,0.0,0.0,0.0,0.0,0.0,0.0,0.0,0.0,0.0,0.0,0.0,0.0,0.0,0.0,0.0,0.0,0.0,0.0,0.0,0.0,0.0,0.0,0.0,0.0,0.0,0.0,0.0,0.0,0.0,0.0,0.0,0.0,0.0,0.0,0.0,0.0,0.0,0.0,0.0,0.0,0.0,0.0,0.0,0.0,0.0,0.0,0.0,0.0,0.0,0.0,0.0,0.0,0.0,0.0,0.0,0.0,0.0,0.0,0.0,0.0,0.0,0.0,0.0,0.0,0.0,0.0,0.0,0.0,0.0,0.0,0.0,0.0,0.0,0.0,0.0,0.0,0.0,0.0,0.0,0.0,0.0,0.0,0.0,0.0,0.0,0.0,0.0,0.0,0.0,0.0,0.0,0.0,0.0,0.0,0.0,0.0,0.0,0.0,0.0,0.0,0.0,0.0,0.0,0.0,0.0,0.0,0.0,0.0,0.0,0.0,0.0,0.0,0.0,0.0
Pm159,197606597.80127755,124093773.28433347,77757716.95155038,48653944.687315375,30415172.216669887,19002050.54516803,11866968.339014474,7409136.191021203,4625115.146841492,2886888.106543576,1801798.7127095528,1124507.3093793627,701786.5158465308,437964.67266935494,273317.5200624598,170565.8787665026,106442.34116163776,66425.54046181982,41452.88295574024,25868.646554910647,16143.29680921466,10074.197652881336,6286.783634852165,3923.254098526079,2448.298009642683,1527.8547514664626,953.4541738671278,595.0008098566985,371.3088278584152,231.71437803643997,144.6007963773217,90.23777588579019,56.31266459360092,35.14178125137275,21.93014298226778,13.68545228115684,8.540373132971306,5.329599029538722,3.325923277552444,2.0755343100601302,1.2952321240907902,0.8082864479372066,0.5044091863610305,0.31477532243679235,0.19643477218619204,0.12258464044823153,0.07649864586773222,0.047738793360547156,0.029791277553406163,0.01859117409099752,0.011601776844284529,0.0072400605408507535,0.004518142120699516,0.0028195355698536206,0.0017595242950070608,0.0010980268444989805,0.0006852209740220004,0.0004276104774595285,0.00026684927543866633,0.00016652663944343195,0.00010392054315581403,6.485136147521689e-05,4.04703339443032e-05,2.525541318341187e-05,1.576057899454605e-05,9.835350878617787e-06,6.137726725585528e-06,3.830233392065931e-06,2.390247805680417e-06,1.491628312884203e-06,9.308470103016806e-07,5.808928062730081e-07,3.625047388510922e-07,2.2622019806480204e-07,1.411721628099871e-07,8.80981438569007e-08,5.497743178644636e-08,3.430853220634127e-08,2.1410155838595243e-08,1.336095552779751e-08,8.33787170731288e-09,5.203228501357683e-09,3.2470620546482567e-09,2.0263211550262414e-09,1.2645207742269862e-09,7.89121104759383e-10,4.924491006146889e-10,3.0731166006535885e-10,1.9177709187455807e-10,1.1967802640498781e-10,7.468478046148267e-11,4.660685507717729e-11,2.9084894228286303e-11,1.815035729979648e-11,1.1326686200903748e-11,7.068390895818997e-12,4.4110120974403334e-12,2.75268134014404e-12,1.7178040760246828e-12,1.0719914436055295e-12,6.689736455992412e-13,4.174713717873845e-13,2.605219912750448e-13,1.6257811319450478e-13,1.0145647498133901e-13,6.331366574124442e-14,3.951073867223687e-14,2.4656580094506338e-14,1.5386878666077525e-14,9.602144100160215e-15,5.99219460432295e-15,3.739414426771401e-15,2.333572451912391e-15,1.456260196606796e-15,9.087756236080555e-16,5.671192112429927e-16,3.539093604689231e-16,2.2085627315110628e-16,1.3782481855118707e-16,8.600924183698018e-17,5.3673857576128277e-17,3.349503990004769e-17
Pm160,14798688.716713673,9512253.903107032,6107627.077687536,3919548.2814138257,2514730.179461565,1613224.8562174488,1034840.7758770335,663804.5441419764,425795.61023078725,273123.70106149896,175192.81000583223,112375.73234658719,72082.27543195365,46236.43003957314,29657.875053305703,19023.732669358,12202.57319832383,7827.212072235433,5020.682712114124,3220.464011924181,2065.7326954081236,1325.0424625293815,849.9345198983508,545.1815382419644,349.70095066193073,224.31198841046557,143.8825603653828,92.29195159723918,59.19969944897714,37.97302315302589,24.35739540571803,15.623794517473245,10.021718293691235,6.428325554702335,4.123381662329276,2.6448997003264076,1.6965430313416314,1.0882296432029648,0.6980334329681823,0.4477461871992659,0.2872020718248574,0.18422274140724584,0.11816773547614642,0.07579744824604649,0.0486194741522473,0.031186449168680776,0.020004219064671955,0.012831495442875143,0.008230627487543241,0.005279449238032323,0.0033864470599774136,0.0021722007681058506,0.0013933352842643038,0.000893740230130186,0.0005732802491791614,0.00036772457255398344,0.00023587305066522605,0.00015129828187359634,9.704868798424784e-05,6.225085786058448e-05,3.993015655201523e-05,2.5612777993184647e-05,1.64290464444737e-05,1.0538238653632006e-05,6.759642094642659e-06,4.3359011642725556e-06,2.781218094555629e-06,1.783983028308117e-06,1.1443171075010216e-06,7.340101456914442e-07,4.7082307032405696e-07,3.020044952383494e-07,1.937175998648383e-07,1.2425811234291974e-07,7.970405628501797e-08,5.112532669700814e-08,3.279380186786216e-08,2.1035238509518107e-08,1.3492831997193472e-08,8.654834848775807e-09,5.551552578077354e-09,3.5609848790490414e-09,2.2841562122442386e-09,1.4651479237191385e-09,9.398036906895073e-10,6.028271703730918e-10,3.8667713368247386e-10,2.480299712110784e-10,1.590962104045325e-10,1.0205058703789704e-10,6.545927328060797e-11,4.198816080140816e-11,2.693286312433276e-11,1.7275801136060167e-11,1.108138052441432e-11,7.108034722080236e-12,4.559373942532187e-12,2.924562352413177e-12,1.8759296914352826e-12,1.2032953253004569e-12,7.718411017750457e-13,4.950893383056761e-13,3.1756983703025323e-13,2.037018242738946e-13,1.3066238784056704e-13,8.381201129177468e-14,5.376033113173884e-14,3.448399768539917e-14,2.2119396799335785e-14,1.4188253903451168e-14,9.10090589969625e-15,5.837680151394753e-15,3.74451839471559e-15,2.401881851134547e-15,1.540661793770597e-15,9.882412665981999e-16,6.338969428309398e-16,4.0660651170093957e-16,2.608134606538077e-16,1.6729604494934127e-16,1.0731028446741879e-16,6.883305075123169e-17
Pm161,585316.4624211575,305497.1134140034,159395.7312461634,83153.0586619474,43375.873085278065,22625.782324952474,11801.907250541888,6155.98629869034,3211.0098157760685,1674.88481559303,873.6308139771962,455.6913623734491,237.69146206446896,123.9813429273929,64.66943636476411,33.7319780232878,17.594808261012304,9.177560725795658,4.787072384989058,2.496966534722658,1.3024331725174587,0.6793571900236769,0.35435690778037027,0.18483475251527928,0.09641094892394148,0.05028854663886965,0.02623081663719007,0.013682156026378584,0.007136697119243347,0.003722545311835653,0.001941702634584645,0.0010128040911054838,0.000528284871580965,0.00027555665305092615,0.00014373205277181745,7.497152678139997e-05,3.910561158447637e-05,2.039772861842439e-05,1.0639581275748525e-05,5.54967133061125e-06,2.894742854966507e-06,1.5099157584628897e-06,7.875813887036754e-07,4.1080731845852495e-07,2.142796355013669e-07,1.1176958181487304e-07,5.8299704448544746e-08,3.040948604797756e-08,1.5861775809143504e-08,8.273600264818113e-09,4.315561016978882e-09,2.251023290364059e-09,1.174147656312984e-09,6.124426720624055e-10,3.1945388175518817e-10,1.6662911848516515e-10,8.691477772813849e-11,4.5335285070263733e-11,2.3647164798957796e-11,1.2334507264317412e-11,6.433755198433101e-12,3.355886462778425e-12,1.7504511134962485e-12,9.130461160487016e-13,4.762504954317335e-13,2.4841520095450874e-13,1.2957490366351662e-13,6.758707033586181e-14,3.5253833477253135e-14,1.838861735929459e-14,9.591616429592813e-15,5.0030463919536375e-15,2.6096199096133895e-15,1.361193868520438e-15,7.100071320241166e-16,3.7034410687807312e-16,1.9317377433704283e-16,1.0076063422795108e-16,5.2557369367877335e-17,2.7414248590599232e-17,1.4299441445151706e-17,7.458677007599606e-18,3.890492010969927e-18,2.0293046705198406e-18,1.058497854302745e-18,5.521190207858248e-19,2.8798869253665103e-19,1.5021668137954324e-19,7.835394912878908e-20,4.086990397933883e-20,2.1317994432352743e-20,1.1119597610201542e-20,5.800050816466683e-21,3.0253423417707797e-21,1.578037257695408e-21,8.231139835954198e-22,4.293413394939597e-22,2.2394709538681835e-22,1.1681218862200509e-22,6.092995931514119e-23,3.1781443237554486e-23,1.6577397155932386e-23,8.646872780805188e-24,4.510262267600503e-24,2.3525806656596315e-24,1.227120610744436e-24,6.400736923898788e-25,3.3386639267762823e-25,1.7414677323072368e-25,9.083603289162472e-26,4.738063599120774e-26,2.4714032476624336e-26,1.2890992036683156e-26,6.724021093967857e-27,3.5072909473115944e-27,1.8294246280888674e-27,9.542391892019894e-28,4.977370569019352e-28,2.596227241731521e-28,1.3542081702059924e-28,7.063633486218176e-29,3.684434869421374e-29
Pm162,2273.4707812627935,171.01092116022477,12.86347526306219,0.9675931497286104,0.07278254781506523,0.005474717620663228,0.00041180934064246136,3.097637993242002e-05,2.330049416122197e-06,1.7526677724821034e-07,1.3183601598500508e-08,9.9167311590286e-10,7.459384762630726e-11,5.61096395018315e-12,4.2205781645659023e-13,3.174727230715688e-14,2.3880360927954374e-15,1.796285465195107e-16,1.3511694744504842e-17,1.0163523471412714e-18,7.645022427402581e-20,5.750600968245172e-21,4.325613405324929e-22,3.253734946251448e-23,2.447465852455822e-24,1.8409886477810201e-25,1.384795296677083e-26,1.041645757028628e-27,7.835279956101393e-29,5.8937130570769436e-30,4.433262601179957e-31,3.33470888397279e-32,2.5083746083273453e-33,1.8868043342378608e-34,1.4192579465125055e-35,1.0675686302960117e-36,8.030272320776195e-38,6.040386698880809e-39,4.543590804214407e-40,3.4176979761853267e-41,2.5707991673869217e-42,1.9337602108463532e-43,1.45457824963179e-44,1.0941366320573198e-45,8.230117354723112e-47,6.190710528094811e-48,4.656664685427602e-49,3.5027523729464297e-50,2.6347772526067575e-51,1.981884652900693e-52,1.4907775499872725e-53,1.1213658172756505e-54,8.434935823691634e-56,6.344775384954243e-57,4.772552575023947e-58,3.589923472370794e-59,2.7003475257502276e-60,2.0312067418556432e-61,1.5278777227066591e-62,1.149272640465267e-63,8.64485149886301e-65,6.502674370386061e-66,4.8913245037045616e-67,3.679263951690118e-68,2.7675496107350504e-69,2.0817562829003648e-70,1.5659011873120974e-71,1.1778739656350017e-72,8.859991231644737e-74,6.664502902269512e-75,5.0130522449866516e-76,3.770827799085776e-77,2.8364241175778807e-78,2.133563822969592e-79,1.604870921268224e-80,1.2071870764791385e-81,9.080485030326559e-83,6.8303587730968915e-84,5.1378093585760697e-85,3.864670346313796e-86,2.9070126669348756e-87,2.186660669203079e-88,1.6448104738673904e-89,1.2372296868218899e-90,9.306466138644027e-92,7.0003422090692425e-93,5.265671234819163e-94,3.9608483021415836e-95,2.9793579152528767e-96,2.2410789078643853e-97,1.685743980460416e-98,1.2680199513218062e-99,9.538071116297321e-101,7.174555930662707e-102,5.396715140260963e-103,4.059419786616912e-104,3.0535035805465978e-105,2.2968514237305194e-106,1.7276961770415084e-107,1.2995764764425845e-108,9.775439921473814e-110,7.35310521470228e-111,5.531020264337136e-112,4.160444366189678e-113,3.1294944688172967e-114,2.354011919964114e-115,1.7706924151961647e-116,1.331918331696903e-117,1.0018715995424475e-118,7.536097957980196e-120,5.668667767227897e-121,4.263983089707736e-122,3.2073765011288865e-123,2.412594938480136e-124,1.8147586774210372e-125,1.3650650611700546e-126,1.0268046349144879e-127,7.723644742457656e-129,5.809740828902847e-130,4.3700985253084736e-131,3.287196741357887e-132,2.472635880819451e-133
Pm163,45.40324653785885,1.4188514543080906,0.044339107947127906,0.0013855971233477492,4.329991010461722e-05,1.353122190769291e-06,4.228506846154039e-08,1.3214083894231383e-09,4.1294012169473174e-11,1.2904378802960387e-12,4.0326183759251266e-14,1.2601932424766038e-15,3.9381038827393926e-17,1.2306574633560625e-18,3.8458045729876995e-20,1.2018139290586574e-21,3.755668528308308e-23,1.1736464150963479e-24,3.667645047176094e-26,1.1461390772425313e-27,3.5816846163829155e-29,1.1192764426196621e-30,3.49773888318645e-32,1.0930434009957676e-33,3.415760628111779e-35,1.0674251962849318e-36,3.3357037383904176e-38,1.0424074182470068e-39,3.257523182021904e-41,1.0179759943818456e-42,3.1811749824432735e-44,9.94117182013525e-46,3.1066161937922695e-47,9.708175605600863e-49,3.033804876750277e-50,9.480640239844629e-52,2.962700074951452e-53,9.258437734223305e-55,2.8932617919447882e-56,9.041443099827482e-58,2.825450968696092e-59,8.829534277175301e-61,2.7592294616172886e-62,8.622592067554038e-64,2.694560021110642e-65,8.420500065970773e-67,2.6314062706158706e-68,8.223144595674606e-70,2.5697326861483188e-71,8.030414644213509e-73,2.509504576316726e-74,7.842201800989782e-76,2.450688062809311e-77,7.658400196279109e-79,2.3932500613372245e-80,7.478906441678837e-82,2.3371582630246406e-83,7.303619571952011e-85,2.2823811162350067e-86,7.132440988234401e-88,2.228887808823255e-89,6.965274402572687e-91,2.1766482508039685e-92,6.802025783762411e-94,2.1256330574257558e-95,6.6426033044555e-97,2.0758135326423474e-98,6.486917289507347e-100,2.0271616529710487e-101,6.334880165534536e-103,1.9796500517295438e-104,6.186406411654838e-106,1.9332520036421396e-107,6.041412511381696e-109,1.8879414098067817e-110,5.899816905646201e-112,1.84369278301444e-113,5.7615399469201335e-115,1.800481233412545e-116,5.626503854414214e-118,1.7582824545044446e-119,5.494632670326393e-121,1.717072709477e-122,5.365852217115635e-124,1.6768288178486398e-125,5.2400900557770085e-127,1.6375281424303172e-128,5.117275445094751e-130,1.5991485765921112e-131,4.997339301850356e-133,1.5616685318282375e-134,4.88021416196325e-136,1.5250669256135167e-137,4.765834142542248e-139,1.4893231695444548e-140,4.654134904826429e-142,1.454417157758261e-143,4.545053617994573e-145,1.4203292556233062e-146,4.438528923822835e-148,1.3870402886946382e-149,4.3345009021707525e-151,1.3545315319283625e-152,4.232911037276138e-154,1.3227846991487952e-155,4.1337021848399864e-157,1.2917819327624972e-158,4.03681853988281e-160,1.2615057937133799e-161,3.942205605354319e-163,1.2319392516732268e-164,3.8498101614788403e-166,1.2030656754621397e-167,3.759580235819192e-169,1.174868823693499e-170,3.6714650740421904e-172,1.1473328356381856e-173,3.5854151113693333e-175,1.1204422223029186e-176,3.5013819446966233e-178,1.0941818577176955e-179,3.419318305367802e-181
Pr153,205256172833.74463,175533436483.28748,149764425441.5627,127606731189.6413,108642968021.14923,92455973108.80025,78660320007.80098,66913117323.445274,56915306616.83057,48408880997.10357,41172605577.31325,35017434909.955215,29782151107.473934,25329425321.304714,21542355376.11268,18321465557.317352,15582127625.892048,13252353958.870085,11270914013.635202,9585729141.807793,8152505794.040443,6933572289.689835,5896889117.695829,5015207021.236682,4265350867.7570963,3627610545.5139976,3085222908.1208506,2623931165.592889,2231610148.1172023,1897947596.3227549,1614173102.5601053,1372827579.26627,1167567195.2853885,992996626.783763,844527239.8257844,718256476.9563825,610865277.4609864,519530834.9803452,441852399.29734373,375788171.97914934,319601637.16137946,271815916.7653879,231174950.36374274,196610479.29648224,167213967.2069136,142212718.9207812,120949569.94718796,102865612.7343847,87485505.63545123,74404978.42610978,63280205.95386995,53818770.60203518,45771976.01452086,38928310.045689605,33107885.10709217,28157709.774143774,23947667.36565337,20367095.792094413,17321878.773015622,14731971.96546372,12529298.977043087,10655961.959753275,9062719.749585418,7707693.549370292,6555266.133405715,5575145.639162913,4741569.337586734,4032626.4528792365,3429682.231903858,2916888.1247204575,2480765.2012158013,2109849.8538242956,1794392.4735403298,1526101.1788407238,1297923.861363489,1103862.8193553917,938817.1064789324,798448.4520750163,679067.228559598,577535.4685768605,491184.3826888784,417744.20953220903,355284.55453402887,302163.64897503384,256985.1956600115,218561.66687300964,185883.08989404427,158090.49959631433,134453.36031835055,114350.36353897164,97253.09661680752,82712.15332284158,70345.32107761106,59827.534391437955,50882.33043118327,43274.58212081423,36804.31776339035,31301.46473158185,26621.379063221284,22641.04345611247,19255.8337253752,16376.768728792582,13928.171473714405,11845.679927086228,10074.555242214621,8568.242933556958,7287.149179630723,6197.600088837371,5270.956572224784,4482.86155738253,3812.5997562859675,3242.553158415875,2757.7379366448613,2345.410593338024,1994.7329941128567,1696.4874845813376,1442.8346018415934,1227.1070121010246,1043.634258026218,887.5937092569276,754.8837982785727,642.0162096242765
Pr154,14666207982.68044,10894143494.696474,8077536815.168119,5983160328.384636,4429380988.082846,3278108925.706709,2425664893.8862624,1794725127.9385343,1327831072.9463038,982370727.5404705,726777045.4873658,537679198.8728426,397780228.42474455,294280850.9530104,217710903.23689705,161063823.88256842,119155923.80440533,88152201.63611959,65215470.17533761,48246749.952559635,35693199.4495833,26406016.134044994,19535308.965458926,14452323.734080726,10691904.636550104,7909926.91662208,5851805.256312268,4329196.097048033,3202761.886119699,2369419.972480214,1752909.2717439798,1296811.4350626888,959387.8731552423,709760.1596146235,525084.2732816832,388460.0879765991,287384.80207606667,212608.77763362788,157289.08418357308,116363.28602540697,86086.16678588816,63686.99583018359,47115.97216265353,34856.642300275285,25787.126035624202,19077.450531484643,14113.597547801763,10441.313183466209,7724.53802979563,5714.653580954132,4227.7305677496815,3127.697156141666,2313.8866925816546,1711.8254609762982,1266.4174171714794,936.902219926432,693.1251558933826,512.7776106347044,379.3555546679398,280.6492207787525,207.62575940838724,153.60262127324296,113.63602150927626,84.06852225187977,62.1943318654277,46.01169156509667,34.03968974636448,25.1827402691648,18.630322784653032,13.782810105275068,10.196594905728599,7.543494169722178,5.580716387650429,4.128643132567975,3.0543917540445435,2.2596549732242357,1.6717045517346398,1.236735758956504,0.9149435741468928,0.6768800350521217,0.5007593853854458,0.3704644088554042,0.2740715046667461,0.2027595306722496,0.15000255983714877,0.11097267725515075,0.08209816626160005,0.06073665221233078,0.04493329254403897,0.03324188451793349,0.02459251979410581,0.018193674594387397,0.013459775493432425,0.009957612212625387,0.0073666935251191735,0.005449918347314767,0.004031878059148338,0.0029828044473090673,0.0022066943097892484,0.0016325239763033265,0.001207749764605938,0.0008934995841278075,0.0006610156592305746,0.0004890228372904646,0.00036178164927284836,0.0002676479537761138,0.000198007354172115,0.00014648687484096273,0.00010837175513198106,8.017399048984214e-05,5.931313692610311e-05,4.388016850003724e-05,3.246277784954386e-05,2.401613261143106e-05,1.7767260346081158e-05,1.3144312005304898e-05,9.724230676391837e-06,7.1940366456240785e-06,5.322185886049493e-06,3.937380917136988e-06,2.912894968075216e-06,2.15497491190353e-06
Pr155,717927164.3585815,318958246.9940325,141552087.16578513,62784935.99621923,27839974.72769837,12342897.474770425,5471818.835324327,2425654.0020019044,1075268.5963244222,476650.87471844116,211291.1974497541,93661.51109546896,41518.36729432937,18404.28867453891,8158.2617010154845,3616.3973157627133,1603.0777901475262,710.6128098709094,315.00065317803245,139.6335791343041,61.896812195102804,27.437636192727243,12.16256300745452,5.391424309018327,2.389912064249658,1.0594008829257884,0.4696115172459178,0.20816952361218227,0.09227744415922762,0.04090477103769846,0.01813227824929174,0.008037681330740242,0.0035629456092682657,0.0015793835177359502,0.0007001095637287487,0.0003103447615604469,0.00013756971196769233,6.098194007114122e-05,2.7032091305922063e-05,1.198279293048426e-05,5.311735773229097e-06,2.3545877065791282e-06,1.0437422915340505e-06,4.6267037243623645e-07,2.0509265099880436e-07,9.091352720994545e-08,4.030017355327701e-08,1.7864272108524886e-08,7.918879494291164e-09,3.510283098250632e-09,1.556039265245447e-09,6.897615170104753e-10,3.057576765413728e-10,1.3553634764834077e-10,6.00805897717704e-11,2.6632540495257727e-11,1.1805679936331314e-11,5.23322507606487e-12,2.3197854629679822e-12,1.0283151433349252e-12,4.55831821904353e-13,2.020612564226008e-13,8.956976978155574e-14,3.9704512387776795e-14,1.7600227261896386e-14,7.801833621454185e-15,3.458398971280922e-15,1.5330400550540846e-15,6.795664207388308e-16,3.0123839143882853e-16,1.33533037694821e-16,5.919256198002696e-17,2.6238895289470575e-17,1.1631184780346402e-17,5.155874814929816e-18,2.285497617761679e-18,1.013116017803354e-18,4.490943493237778e-19,1.990746677086834e-19,8.824587390822569e-20,3.911765545791133e-20,1.7340085159281617e-20,7.686517758065893e-21,3.407281723379383e-21,1.5103807872287278e-21,6.695220142134595e-22,2.9678590412880102e-22,1.3155933788529206e-22,5.831765978112308e-23,2.5851068400117274e-23,1.1459268769283803e-23,5.079667837871155e-24,2.2517165678378e-24,9.981415446251167e-25,4.424564607006881e-25,1.9613222259905654e-25,8.694154602404719e-26,3.8539472631703496e-26,1.708378811574164e-26,7.572906333530561e-27,3.356920019605246e-27,1.4880564372136915e-27,6.596260701479252e-28,2.9239922729914055e-28,1.296148105637505e-28,5.745568917078437e-29,2.5468973828929224e-29,1.1289893781807138e-29,5.004587246452335e-30,2.218434822452721e-30,9.833884033013036e-31,4.359166841234061e-31,1.9323326862430326e-31,8.565649690219617e-32,3.796983570060644e-32,1.6831279298956264e-32,7.46097415520155e-33,3.307302692555131e-33,1.4660620547193053e-33,6.498763941764498e-34,2.880773882307773e-34,1.2769902454301726e-34
Pr156,37264098.70975359,14487099.825819174,5629190.8082365785,2186862.749631016,849497.482197282,329980.9747550629,128177.05563583737,49788.55829014262,19339.621587602443,7512.181352069831,2917.991520697678,1133.448876555137,440.2707435014245,171.01638024055453,66.42867492989791,25.803194023317484,10.022852657677246,3.8932224926466765,1.5122622163900372,0.5874149281953454,0.22817226676553026,0.08862999699432723,0.034426955030666534,0.013372619574357866,0.005194387773216983,0.002017679796281421,0.0007837365899620882,0.00030443038760532084,0.00011825128759397048,4.5932888394047475e-05,1.784192188641838e-05,6.93041930805963e-06,2.6920144640969215e-06,1.0456714886614875e-06,4.0617495811499656e-07,1.5777239638703307e-07,6.128425340948674e-08,2.3804922799961108e-08,9.246655021245435e-09,3.5917204941350643e-09,1.3951484161947552e-09,5.419238792074944e-10,2.1050197057622767e-10,8.176624304002842e-11,3.176083569469456e-11,1.2337006648716311e-11,4.792119908730701e-12,1.861425050139099e-12,7.230418443771989e-13,2.808544500254337e-13,1.090935783488886e-13,4.237571751448952e-14,1.6460193735006476e-14,6.393708323671558e-15,2.4835373620935645e-15,9.646917745807859e-16,3.7471963746070913e-16,1.4555406234255862e-16,5.653823004310225e-17,2.1961403240561427e-17,8.530568288516558e-18,3.3135676499323703e-18,1.287104234949826e-18,4.999557838089066e-19,1.9420011136372495e-19,7.543403731898441e-20,2.930118806978623e-20,1.1381594473996296e-20,4.421004788678798e-21,1.7172711069768186e-21,6.670474690299285e-22,2.5910429875137945e-22,1.0064506762776122e-22,3.909402386070099e-23,1.51854704621361e-23,5.89856173358035e-24,2.291205307837673e-24,8.899833552266771e-25,3.457003044952137e-25,1.342819501356235e-25,5.215975195207192e-26,2.026065097322351e-26,7.869937307906938e-27,3.0569557371201965e-27,1.1874272961899154e-27,4.612378146715228e-28,1.7916071355743581e-28,6.959221525509361e-29,2.703202241131217e-29,1.0500172080557524e-29,4.078629857719472e-30,1.5842808468904144e-30,6.1538945415047375e-31,2.3903853980367717e-31,9.285083312055351e-32,3.60664737086394e-32,1.400946531181995e-32,5.441760675263157e-33,2.1137679838398884e-33,8.210605640591648e-34,3.1892830954346534e-34,1.238827817102696e-34,4.8120355406025e-35,1.8691609700996912e-35,7.260467431432513e-36,2.8202165659429965e-36,1.0954696173397779e-36,4.25518272960466e-37,1.6528600862792983e-37,6.420280017138135e-38,2.49385872649707e-38,9.687009493548346e-39,3.7627693955183654e-39,1.4615897231523626e-39,5.677319798999559e-40,2.205267291466333e-40,8.566020585397062e-41,3.327338547730259e-41,1.2924533277547009e-41,5.020335563880892e-42,1.9500719006814897e-42,7.574753459085189e-43
Pr157,1231085.3808406529,386331.16241006507,121220.82780553281,38035.12363630901,11934.125471933148,3744.5189520450913,1174.9013564261857,368.64365738080255,115.66770668756742,36.29254997567341,11.387354528295837,3.5729603799186234,1.121072137051488,0.3517538967226314,0.11036828030081584,0.03462977215051083,0.010865632008832013,0.0034092617889087996,0.0010697091467726817,0.00033563795611465437,0.00010531165216703699,3.304317607738751e-05,1.036781270461341e-05,3.253063205128852e-06,1.0206994009309504e-06,3.20260382711972e-07,1.0048669827891606e-07,3.152927141812366e-08,9.892801467100125e-09,3.104021008592102e-09,9.739350833859832e-10,3.0558734751614894e-10,9.588280425970279e-11,3.0084727746192596e-11,9.439553322940493e-12,2.961807322584587e-12,9.293133176965886e-13,2.915865714365947e-13,9.148984204045094e-14,2.8706367221738825e-14,9.007071175234698e-15,2.8261092923770373e-15,8.86735940803947e-16,2.7822725428007197e-16,8.729814757936251e-17,2.739115760067367e-17,8.594403610029284e-18,2.696628396978294e-18,8.461092870834978e-19,2.654800069936027e-19,8.329849960194097e-20,2.6136205564066322e-20,8.200642803309439e-21,2.5730797924214035e-21,8.073439822906954e-22,2.5331678701172984e-22,7.948209931518512e-23,2.4938750353155328e-23,7.824922523884345e-24,2.45519168513773e-24,7.703547469473377e-25,2.4171083656590557e-25,7.584055105119505e-26,2.379615769597743e-26,7.466416227772164e-27,2.3427047340404533e-27,7.350602087359312e-28,2.3063662382029445e-28,7.236584379761134e-29,2.270591401225447e-29,7.12433523989271e-30,2.235371480002249e-30,7.013827234893978e-31,2.20069786704495e-31,6.905033357425424e-32,2.1665620883788483e-32,6.797927019067573e-33,2.1329558014719724e-33,6.69248204382307e-34,2.0998707931962145e-34,6.588672661719397e-35,2.067298977820119e-35,6.48647350251094e-36,2.035232395032777e-36,6.385859589478635e-37,2.0036632079983905e-37,6.286806333325876e-38,1.9725837014410094e-38,6.189289526169053e-39,1.9419862797589657e-39,6.093285335621342e-40,1.911863465168577e-40,5.998770298968234e-41,1.882207895876626e-41,5.905721317433425e-42,1.853012324281193e-42,5.814115650533652e-43,1.824269615200391e-43,5.7239309105210565e-44,1.7959727441285855e-44,5.635145056911832e-45,1.7681147955196544e-45,5.5477363910996506e-46,1.740688961096885e-46,5.461683551052723e-47,1.713688538189077e-47,5.376965506093028e-48,1.6871069280924575e-48,5.293561551756625e-49,1.6609376344580073e-49,5.211451304733586e-50,1.635174261703807e-50,5.130614697886491e-51,1.6098105134519954e-51,5.0510319753461816e-52,1.584840190989991e-52,4.972683687683536e-53,1.5602571917555643e-53,4.895550687156204e-54,1.5360555078454174e-54,4.819614123029013e-55,1.5122292245469012e-55
Pr158,6277.884972634105,35.86483407625256,0.2048916679620876,0.0011705225099056928,6.687060336926169e-06,3.820240582412541e-08,2.1824594623323246e-10,1.2468139641917286e-12,7.122904631833122e-15,4.069233410220919e-17,2.324706198206773e-19,1.3280778867112426e-21,7.587156065278066e-24,4.334454909224896e-26,2.476224187094701e-28,1.4146383693374957e-30,8.081666136820248e-33,4.616962819806357e-35,2.6376177038985215e-37,1.5068406273652212e-39,8.608407021693896e-42,4.91788382297098e-44,2.8095304085053155e-46,1.6050523762774593e-48,9.16947943611853e-51,5.238418033709452e-53,2.9926479127923395e-55,1.7096652982462396e-57,9.767121015248645e-60,5.579843787223663e-62,3.187700514942982e-64,1.821096604215819e-66,1.0403715237175305e-68,5.943522737106058e-71,3.395466111977887e-73,1.9397906977981652e-75,1.1081800928569524e-77,6.330905285804316e-80,3.6167733021169465e-82,2.0662209476166603e-84,1.1804082389877829e-86,6.743536369028931e-89,3.8525046893447344e-91,2.2008915751662786e-93,1.257344018044996e-95,7.18306161717257e-98,4.1036004033584467e-100,2.3443396657193194e-102,1.3392942606612043e-104,7.651233918313934e-107,4.371061848936466e-109,2.4971373102965088e-111,1.4265857958500657e-113,8.149920408980283e-116,4.655955699680478e-118,2.6598938872458882e-120,1.5195667544460464e-122,8.681109920548617e-125,4.959418152058783e-127,2.8332584925287715e-129,1.6186079574988142e-131,9.246920910983123e-134,5.282659456716504e-136,3.017922528405115e-138,1.7241043951593668e-140,9.84960991354123e-143,5.6269687451241756e-145,3.21462246084227e-147,1.836476801955929e-149,1.0491580536143597e-151,5.993719170814152e-154,3.4241427566441737e-156,1.9561733347420297e-158,1.1175393047298122e-160,6.384373385708631e-163,3.6473190120144645e-165,2.0836713600085934e-167,1.1903774586808319e-169,6.800489373379839e-172,3.8850412850309095e-174,2.2194793576882185e-176,1.2679630041987855e-178,7.243726662506116e-181,4.138257645321311e-183,2.3641389490441484e-185,1.3506053632756847e-187,7.715852945304104e-190,4.407977955097601e-192,2.5182270567315225e-194,1.4386341251823022e-196,8.21875112733213e-199,4.6952778966273685e-201,2.6823582056455e-203,1.5324003609162226e-205,8.754426836780632e-208,5.0013032622050456e-210,2.857186973732384e-212,1.6322780233220198e-214,9.325016423197487e-217,5.3272745237315464e-219,3.0434106025378903e-221,1.738665438467422e-223,9.932795477548381e-226,5.67449170012671e-228,3.241771777903807e-230,1.851986894223311e-232,1.0580187907591431e-234,6.04433954198632e-237,3.4530615919028906e-239,1.972694332383011e-241,1.126977560475988e-243,6.438293054160888e-246,3.678122697824518e-248,2.101269151069283e-250,1.2004308741105725e-252,6.857923378281018e-255,3.917852670793707e-257,2.2382241246172762e-259,1.2786716737370017e-261,7.304904058689659e-264,4.17320758742608e-266,2.3841054485901926e-268
Pr159,64.21817672503812,0.0900104811362411,0.00012616189259105463,1.7683299701581264e-07,2.4785541966268524e-10,3.4740297395215464e-13,4.869323675675553e-16,6.825017295839254e-19,9.566187049999809e-22,1.3408308097823091e-24,1.879356164650279e-27,2.634172460716684e-30,3.692149834775684e-33,5.175048561066966e-36,7.25353217173223e-39,1.0166808744980521e-41,1.425016083334306e-44,1.9973532390525324e-47,2.7995613580859036e-50,3.9239647972361707e-53,5.499968659546075e-56,7.708951741181595e-59,1.0805141015616523e-61,1.5144870053300309e-64,2.1227588663567804e-67,2.9753343467706844e-70,4.1703344715110166e-73,5.845289159905459e-76,8.192965239675034e-79,1.1483551554463912e-81,1.6095754399814958e-84,2.256038199249038e-87,3.162143401324116e-90,4.432172688328607e-93,6.212290919804663e-96,8.707367962876222e-99,1.220455671179468e-101,1.7106340878950402e-104,2.3976855954469076e-107,3.360681431110547e-110,4.710450654105087e-113,6.602335216708372e-116,9.254067925708723e-119,1.297083082920562e-121,1.8180377943031594e-124,2.548226451363813e-127,3.571684850434646e-130,5.0062005533286986e-133,7.016868797116499e-136,9.835092939536569e-139,1.3785216159246377e-141,1.9321849394348672e-144,2.7082191509015976e-147,3.7959363100384093e-150,5.320519377123163e-153,7.457429242814832e-156,1.0452598133692022e-158,1.4650733407860333e-161,2.053498916181708e-164,2.878257136599756e-167,4.0342676000976135e-170,5.654572992190785e-173,7.925650674050417e-176,1.1108873949249125e-178,1.5570592938742086e-181,2.18242970054037e-184,3.0589711108236815e-187,4.2875627354855926e-190,6.0096004652279e-193,8.423269810786121e-196,1.1806354634693702e-198,1.65482066811706e-201,2.319455520656938e-204,3.251031375156466e-207,4.55676123474799e-210,6.386918658852587e-213,8.95213241451642e-216,1.254762727500164e-218,1.7587200785486818e-221,2.465084630663668e-224,3.4551503166716315e-227,4.842861604951072e-230,6.787927116092015e-233,9.514200134538593e-236,1.3335441387615958e-238,1.8691429073156142e-241,2.619857195887573e-244,3.672085050308533e-247,5.146925045329109e-250,7.214113251546346e-253,1.0111557784072762e-255,1.4172719120915738e-258,1.9864987331305654e-261,2.784347296423647e-264,3.9026402271519175e-267,5.470079383468903e-270,7.667057868485094e-273,1.0746421073220493e-275,1.506256609300589e-278,2.1112228504757322e-281,2.959165056504248e-284,4.147671019031749e-287,5.813523258631099e-290,8.14844102233896e-293,1.1421144827443398e-295,1.600828291102906e-298,2.243777884190527e-301,3.1449589075627336e-304,4.408086290513738e-307,6.1785305677249e-310,8.6600482523e-313,1.21382317e-315,1.70134e-318,2.386e-321,5e-324,0.0,0.0,0.0,0.0,0.0,0.0,0.0
Rb100,2211551051.724159,2767.8975133598547,0.003464184952621792,4.335629237732926e-09,5.426292517337442e-15,6.791321136838891e-21,8.499733959478048e-27,1.0637912112566069e-32,1.3313966608153582e-38,1.666320467468776e-44,2.0854971189464572e-50,2.6101211129818146e-56,3.2667185979499443e-62,4.088488593543055e-68,5.1169816065643915e-74,6.404200516364368e-80,8.01522995532885e-86,1.003152713170698e-91,1.2555040486052336e-97,1.5713364429647993e-103,1.9666190799880276e-109,2.461338323240042e-115,3.0805082708172384e-121,3.8554355234194895e-127,4.8253021152582314e-133,6.039146644284896e-139,7.55834377206156e-145,9.459707462266203e-151,1.183937486442844e-156,1.4817667220639414e-162,1.8545173573420038e-168,2.321036488046033e-174,2.9049123522695444e-180,3.635667003870392e-186,4.550249012747295e-192,5.69490166617741e-198,7.127501131602656e-204,8.920482803541805e-210,1.1164503797194376e-215,1.3973026772505857e-221,1.7488056856967543e-227,2.188732173864456e-233,2.7393257970800726e-239,3.428425785553913e-245,4.290874557374667e-251,5.370279428157601e-257,6.721217493279079e-263,8.411995166415198e-269,1.0528101902750683e-274,1.317653273473502e-280,1.6491198177344896e-286,2.063969503961718e-292,2.5831780489644434e-298,3.2329977840484208e-304,4.04628503089525e-310,5.0641614e-316,6.3e-322,0.0,0.0,0.0,0.0,0.0,0.0,0.0,0.0,0.0,0.0,0.0,0.0,0.0,0.0,0.0,0.0,0.0,0.0,0.0,0.0,0.0,0.0,0.0,0.0,0.0,0.0,0.0,0.0,0.0,0.0,0.0,0.0,0.0,0.0,0.0,0.0,0.0,0.0,0.0,0.0,0.0,0.0,0.0,0.0,0.0,0.0,0.0,0.0,0.0,0.0,0.0,0.0,0.0,0.0,0.0,0.0,0.0,0.0,0.0,0.0,0.0,0.0,0.0,0.0,0.0
Rb101,62878.46933804864,2.462150504021249e-05,9.641114308715815e-15,3.7751991586994605e-24,1.4782657099045937e-33,5.7884880167025384e-43,2.266615081105507e-52,8.875450568560673e-62,3.475385982014354e-71,1.3608669926872909e-80,5.328786446656334e-90,2.0866084008691403e-99,8.170593177569804e-109,3.1993829242488975e-118,1.252791672956596e-127,4.905592775200074e-137,1.920897224620113e-146,7.521713107143846e-156,2.945299068635404e-165,1.1532993189364788e-174,4.516007672102373e-184,1.768346253190733e-193,6.924364833326219e-203,2.71139366843408e-212,1.0617083013653028e-221,4.1573620618469825e-231,1.6279103489215162e-240,6.374455880199237e-250,2.4960642209521132e-259,9.773911236048187e-269,3.8271988376048244e-278,1.498627375348047e-287,5.8682187820377785e-297,2.297835488682662e-306,8.9977012e-316,0.0,0.0,0.0,0.0,0.0,0.0,0.0,0.0,0.0,0.0,0.0,0.0,0.0,0.0,0.0,0.0,0.0,0.0,0.0,0.0,0.0,0.0,0.0,0.0,0.0,0.0,0.0,0.0,0.0,0.0,0.0,0.0,0.0,0.0,0.0,0.0,0.0,0.0,0.0,0.0,0.0,0.0,0.0,0.0,0.0,0.0,0.0,0.0,0.0,0.0,0.0,0.0,0.0,0.0,0.0,0.0,0.0,0.0,0.0,0.0,0.0,0.0,0.0,0.0,0.0,0.0,0.0,0.0,0.0,0.0,0.0,0.0,0.0,0.0,0.0,0.0,0.0,0.0,0.0,0.0,0.0,0.0,0.0,0.0,0.0,0.0,0.0
Rb102,67.93075649706974,4.967302656944484e-07,3.632242147450845e-15,2.6560054679321273e-23,1.9421516405882243e-31,1.4201601015438575e-39,1.0384640786371399e-47,7.593563862604971e-56,5.5526438826015865e-64,4.060261379880724e-72,2.968986094103125e-80,2.171012553688523e-88,1.5875101327131537e-96,1.1608354899584381e-104,8.488380684815025e-113,6.20696104431821e-121,4.538717905831462e-129,3.318847996890862e-137,2.4268421732741892e-145,1.7745804988657525e-153,1.2976270074893023e-161,9.488641691046924e-170,6.938382186979562e-178,5.073555197897219e-186,3.709937223466136e-194,2.7128184606652336e-202,1.9836950215697542e-210,1.4505378799419103e-218,1.0606772302535555e-226,7.755993154921311e-235,5.671417100639191e-243,4.147111954194214e-251,3.032493864484449e-259,2.2174513588511552e-267,1.6214675935401388e-275,1.1856662137847273e-283,8.669950457914048e-292,6.339730361611852e-300,4.635802851820812e-308,3.38983944e-316,5e-324,0.0,0.0,0.0,0.0,0.0,0.0,0.0,0.0,0.0,0.0,0.0,0.0,0.0,0.0,0.0,0.0,0.0,0.0,0.0,0.0,0.0,0.0,0.0,0.0,0.0,0.0,0.0,0.0,0.0,0.0,0.0,0.0,0.0,0.0,0.0,0.0,0.0,0.0,0.0,0.0,0.0,0.0,0.0,0.0,0.0,0.0,0.0,0.0,0.0,0.0,0.0,0.0,0.0,0.0,0.0,0.0,0.0,0.0,0.0,0.0,0.0,0.0,0.0,0.0,0.0,0.0,0.0,0.0,0.0,0.0,0.0,0.0,0.0,0.0,0.0,0.0,0.0,0.0,0.0,0.0,0.0
Rb91,404902387746441.3,402922922506108.06,400754100922623.2,398411263654236.2,395911039348039.25,393269410975378.3,390501261863305.1,387620322891031.1,384639224693576.75,381569573581208.8,378422029133357.2,375206377774625.75,371931601128628.56,368605939153091.5,365236948362823.8,361831555503584.75,358396107031182.94,354936414726155.44,351457797748386.25,347965121411400.94,344462832933463.3,340954994401948.75,337445313168629.4,333937169876272.1,330433644301143.2,326937539181521.75,323451402189001.0,319977546187094.9,316518067910394.3,313074865187127.25,309649652818406.3,306243977218628.7,302859229913367.7,299496659983597.94,296157385538191.4,292842404290245.25,289552603306938.1,286288767997178.8,283051590396337.06,279841676802717.44,276659554816202.1,273505679825565.8,270380440987353.03,267284166735869.72,264217129860774.38,261179552185917.6,258171608880455.0,255193432430862.78,252245116300242.7,249326718299268.38,246438263691221.34,243579748051824.34,240751139902971.34,237952383137967.34,235183399254520.84,232444089410473.5,229734336316081.84,227054005975595.9,224402949289885.7,221781003530955.38,219187993698342.94,216623733766620.0,214088027832499.22,211580671169387.2,209101451196615.3,206650148370018.53,204226537000010.53,201830386002830.2,199461459590187.56,197119517902136.1,194804317587617.12,192515612336783.94,190253153368881.7,188016689879181.2,185805969448176.03,183620738416016.38,181460742224911.06,179325725732026.34,177215433495201.62,175129610033633.34,173068000065502.66,171030348724372.8,169016401756036.78,167025905697367.5,165058608038600.47,163114257370368.22,161192603516701.56,159293397655118.7,157416392424837.47,155561342024060.72,153728002297217.0,151916130812963.2,150125486933697.0,148355831877268.8,146606928771525.88,144878542702273.84,143170440755195.1,141482392052220.88,139814167782814.77,138165541230590.42,136536287795650.22,134926185013007.36,133335012567416.61,131762552304922.42,130208588241401.77,128672906568361.52,127155295656227.9,125655546055347.4,124173450494899.66,122708803879910.53,121261403286534.06,119831047955762.33,118417539285708.58,117020680822595.3,115640278250571.9,114276139380475.17,112928074137633.94,111595894548817.67,110279414728412.61,108978450863910.73,107692821200782.02,106422346026800.81
Rb92,27019255463629.363,24280587641019.11,21580840312747.137,19024541937122.79,16667359370751.44,14533125586466.742,12625825392065.707,10937597418741.104,9453974665506.275,8157260147078.364,7028654836027.096,6049557164854.843,5202317566178.721,4470639001574.887,3839751526266.589,3296446251933.7153,2829025169569.4067,2427203784132.1733,2081990392408.5234,1785557057034.973,1531111495712.9895,1312775262534.7444,1125471099007.9675,964820734286.3915,827053417407.0245,708924865809.7926,607645976786.5621,520820479383.46875,446390641797.037,382590152310.69556,327903333186.40106,281029908987.98456,240854622253.3514,206421063179.17947,176909151772.96667,151615778345.76178,129938170039.8316,111359606840.09106,95437160203.05072,81791171322.89453,70096224560.49881,60073405175.82311,51483659733.71227,44122102892.42428,37813136198.62846,32406263429.63253,27772503329.06305,23801314620.24082,20397960256.1764,17481248243.38819,14981595291.724897,12839367196.790113,11003456431.216505,9430063057.968386,8081649914.340508,6926047162.524268,5935684858.962337,5086935244.017434,4359549067.778839,3736172509.0039015,3201933165.376316,2744085240.0630717,2351705461.099824,2015432479.997881,1727243532.9357176,1480263036.662992,1268598552.9744034,1087200208.4538624,931740215.7052561,798509621.8122314,684329820.7386026,586476718.5928622,502615742.53411573,430746142.79179025,369153258.9778341,316367611.876125,271129844.7317827,232360677.61747113,199135158.05365536,170660593.5583129,146257639.64400548,125344092.0621117,107420996.61139275,92060745.12010138,78896873.5966744,67615319.15415348,57946927.11673495,49661029.543557644,42559941.9666099,36474247.04630635,31258752.622502375,26789027.728388384,22958433.923701953,19675581.120989673,16862147.206176523,14451009.43408215,12384643.017829116,10613748.70578455,9096076.602846052,7795418.174869346,6680742.387537513,5725455.369723459,4906765.9384367,4205141.848085465,3603843.791280217,3088526.0333966413,2646894.1528604734,2268411.7215415076,1944048.9272544957,1666067.1410169501,1427834.2892818656,1223666.6263066533,1048693.1316725356,898739.2977582007,770227.5345758926,660091.8158342406,565704.5298584816,484813.79018149903,415489.7101653729,356078.3598764196,305162.3067194891,261526.7984122281
Rb93,25830856885029.52,23240699938042.074,20815005357348.89,18587729725778.875,16567111263136.48,14747776682427.031,13117555963559.389,11661325709144.438,10363137762883.857,9207360393688.727,8179254729966.896,7265231745535.581,6452931771726.347,5731208361463.326,5090063355366.065,4520559696064.188,4014726780606.1885,3565466360817.066,3166463115554.981,2812101813418.7256,2497391752486.469,2217898493427.588,1969682554350.432,1749244570943.3223,1553476363238.7188,1379617344145.332,1225215728028.9788,1088094034869.9315,966318428344.7151,858171469890.9222,762127912947.3007,676833200913.2296,601084368447.5101,533813078422.659,474070556271.8135,421014209817.4239,373895746204.3987,332050618536.2458,294888653485.5213,261885727758.81503,232576376061.7064,206547226330.711,183431169657.41595,162902182686.45966,144670729468.15952,128479677917.2072,114100673285.66045,101330917503.43726,89990308963.4128,79918902411.6297,70974653117.68713,63031413509.730316,55977154019.111115,49712383041.97191,44148743733.28371,39207767842.86813,34819769017.807625,30922859962.647274,27462079595.651855,24388617890.73749,21659127472.433342,19235112254.772247,17082384501.618334,15170582650.93949,13472743102.53219,11964919929.794876,10625847152.054325,9436638804.214394,8380522573.580238,7442603247.135158,6609652632.98641,5869922993.081832,5212981355.89655,4629562372.275261,4111437639.143604,3651299648.0613523,3242658721.8552475,2879751485.750212,2557459582.097445,2271237482.2711935,2017048377.610307,1791307245.225617,1590830285.6867428,1412790019.469503,1254675408.8548179,1114256442.84783,989552685.6313512,878805344.9684635,780452466.61364,693106904.8802526,615536758.666563,546647997.0145417,485469029.1565244,431137001.4292927,382885627.7905033,340034382.3019577,301978901.15305555,268182458.85684305,238168398.4009511,211513408.59005904,187841553.7651221,166818971.6959322,148149164.86734998,131568818.74861987,116844088.06763472,103767298.71263969,92154018.74577841,81840457.21875222,72681154.10410401,64546928.76146496,57323058.004418455,50907658.07186865,45210247.68362038,40150471.91384724,35656968.88426216,31666363.293098614,28122372.584874652,24975013.154569343,22179895.39070367,19697597.61478051,17493110.087274294,15535341.238561882
Rb94,5570088843984.023,4327912045464.2295,3349328776055.2075,2591505346436.2256,2005128731501.1787,1551430073223.4153,1200389370705.2454,928778334600.2687,718624486209.5436,556021962334.8196,430211367037.21234,332867823333.52344,257550116757.40692,199274480715.70218,154184821053.36,119297558613.00012,92304206041.76622,71418615368.64998,55258788736.74742,42755431716.09668,33081198177.15359,25595944863.868618,19804373165.86257,15323255249.16987,11856075901.253357,9173412143.212574,7097752329.701593,5491750217.617686,4249136776.2295313,3287688373.9513216,2543786047.2465057,1968205838.9217074,1522861652.8338516,1178285099.968195,911675577.5046968,705391554.7612021,545783234.52551,422289347.07046443,326738311.7845919,252807524.3395406,195604990.46962813,151345623.1043001,117100783.46076472,90604493.25101948,70103495.08058225,54241239.54755318,41968122.47767623,32472032.70045262,25124614.718233854,19439690.47342374,15041088.98546671,11637755.1472857,9004490.632230133,6967052.538893714,5390623.752326955,4170892.1063721087,3227148.0560088675,2496944.133244545,1931962.8031739776,1494819.2965766713,1156587.8627409346,894887.7548631714,692402.2978299442,535733.0452169279,414513.20516543597,320721.6705979921,248152.26320742612,192003.0711368874,148558.70685806187,114944.4602769147,88936.07939772005,68812.59174719993,53242.42776422859,41195.310948950704,31874.084549557607,24661.96376406344,19081.72313950958,14764.118602082563,11423.454606414687,8838.679684299603,6838.759486800243,5291.359455120524,4094.0882534814,3167.7225426584814,2450.964777990292,1896.3871557726452,1467.2933192978383,1135.2901638794788,878.4090673964758,679.6522283322272,525.867922613859,406.88025508692755,314.81582135057636,243.58272522087344,188.46747844974195,145.82310958626275,112.82784416876297,87.29838813538716,67.54545943142836,52.26200835148448,40.43673016545913,31.28714716581892,24.207832180549822,18.730347505824586,14.49224842077458,11.213100249428448,8.675922020733083,6.712828855131117,5.1939230355684245,4.0186986859925575,3.1093913056089115,2.405832098110725,1.861466607261382,1.4402742122653829,1.1143846461841957,0.8622338226120044,0.6671369418106877,0.5161844588515917,0.3993878600647478,0.30901872389180046,0.23909733185238968,0.18499699105271164
Rb95,363736558639.2365,58297015267.774956,9303836069.319454,1484752938.6386807,236944156.31457695,37812710.20253847,6034337.68898851,962989.1946285288,153678.53719282267,24524.774447584594,3913.7837507538934,624.5808001375458,99.6736663913313,15.906412380435878,2.53842327644615,0.4050940322865587,0.06464689183906668,0.010316667961910768,0.0016463844557488448,0.00026273810363374166,4.192903477678696e-05,6.691240946778447e-06,1.0678210372882683e-06,1.7040811663259147e-07,2.7194562759328333e-08,4.339841659453009e-09,6.925732101599349e-10,1.105242285479359e-10,1.7637998289445005e-11,2.814758245731945e-12,4.4919292154922185e-13,7.168440880344817e-14,1.1439749423871523e-14,1.825611301891269e-15,2.913400024862784e-16,4.6493466030130836e-17,7.419655265489127e-18,1.1840649656668662e-18,1.8895889266457096e-19,3.015498655254234e-20,4.8122806032642666e-21,7.679673331706743e-22,1.2255599235365084e-22,1.955808614902379e-23,3.1211752805103983e-24,4.980924543148826e-25,7.948803599548333e-26,1.2685090512182183e-26,2.0243489386427626e-27,3.230555289651708e-28,5.155478524613364e-29,8.227365401511245e-30,1.3129633093576045e-30,2.095291223363709e-31,3.343768465893391e-32,5.33614966207599e-33,8.515689260938661e-34,1.358975444490323e-34,2.1687196445729652e-35,3.4609491406378246e-36,5.523152328174842e-37,8.81411728419717e-38,1.406600051627689e-38,2.244721327666373e-39,3.5822363528634296e-40,5.716708408128748e-41,9.123003566597962e-42,1.4558936390355888e-42,2.3233864513052187e-43,3.7077740140993225e-44,5.917047563011802e-45,9.442714612543294e-46,1.506914695283492e-46,2.4048083544163444e-47,3.837711079181353e-48,6.124407502254304e-49,9.773629770396878e-50,1.5597237586432193e-50,2.489083646942098e-51,3.97220172299227e-52,6.339034265693285e-53,1.0116141682593939e-53,1.6143834889197011e-54,2.576312324471385e-55,4.111405523395619e-56,6.561182515507448e-57,1.0470656751525277e-57,1.6709587417990412e-58,2.666597886887946e-59,4.2554876505804487e-60,6.79111583838275e-61,1.0837595621747925e-61,1.729516645802061e-62,2.760047461176608e-63,4.4046190630415564e-64,7.02910705826724e-65,1.1217393679094691e-65,1.7901266819346497e-66,2.8567719285332093e-67,4.558976710427736e-68,7.275438560086263e-69,1.1610501567274699e-69,1.8528607661294047e-70,2.9568860559290023e-71,4.71874374349872e-72,7.530402624802041e-73,1.2017385722577934e-73,1.917793334576401e-74,3.0605086322857046e-75,4.884109731439972e-76,7.794301776215263e-77,1.2438528927318203e-77,1.9850014320443552e-78,3.1677626094227155e-79,5.0552708867931845e-80,8.067449139920232e-81,1.2874430882671372e-81,2.0545648032969363e-82,3.278775247943773e-83,5.232430298269374e-84,8.350168814839379e-85,1.332560880158836e-85
Rb96,51870552472.228455,1902378840.9130194,62607402.02100408,2059304.3329677929,67735.15940378638,2227.961976274767,73.28268820848774,2.4104326951035575,0.07928456119260156,0.0026078478176439278,8.577798927926483e-05,2.821431294806598e-06,9.280323097102869e-08,3.0525073194286174e-09,1.0040384195324097e-10,3.302508536116596e-12,1.0862694513425364e-13,3.5729849234774415e-15,1.1752352280200023e-16,3.865613403806313e-18,1.2714873270828044e-19,4.182208239810778e-21,1.375622500404369e-22,4.524732282829577e-24,1.4882863740060962e-25,4.895309142283762e-27,1.6101774508639594e-28,5.29623635180928e-30,1.7420514415461129e-31,5.729999613699592e-33,1.884725949530946e-34,6.199288209972212e-36,2.039085540254003e-37,6.707011675605894e-39,2.206087225311316e-40,7.256317837320781e-42,2.3867663958205193e-43,7.850612329739704e-45,2.5822432417259387e-46,8.493579709928637e-48,2.793729696846584e-49,9.189206301224065e-51,3.0225369527255718e-52,9.941804907976266e-54,3.2700835878659e-55,1.0756041554437063e-56,3.537904362752982e-58,1.1636964413570149e-59,3.8276597351920264e-61,1.2590035105139126e-62,4.141146154954224e-64,1.3621162557117948e-65,4.4803072015574095e-67,1.4736739640360328e-68,4.8472456342340984e-70,1.5943682803659155e-71,5.244236428795349e-73,1.724947495492846e-74,5.673740882217485e-76,1.8662211854366313e-77,6.138421872398443e-79,2.0190652307231047e-80,6.641160367692518e-82,2.1844272467420042e-83,7.185073288580741e-85,2.363332458852714e-86,7.773532832217059e-88,2.556890058662816e-89,8.410187379660366e-91,2.7663000808876767e-92,9.098984115414799e-94,2.992860843426789e-95,9.844193499516813e-97,3.2379769967844685e-98,1.065043574389307e-99,3.5031682327404e-101,1.152270945713967e-102,3.790078706262774e-104,1.2466422635316818e-105,4.100487229078785e-107,1.348742619089851e-108,4.436318298101446e-110,1.4592050227752611e-111,4.799654027087712e-113,1.578714328705217e-114,5.192747055502758e-116,1.7080114807438017e-117,5.618034514623942e-119,1.8478981062680654e-120,6.078153137472625e-122,1.9992414861649878e-123,6.575955606253742e-125,2.1629799318725933e-126,7.114528238655266e-128,2.3401286028022502e-129,7.697210122660613e-131,2.5317858002095326e-132,8.327613818507731e-134,2.7391397765348696e-135,9.009647756144363e-137,2.9634761024311624e-138,9.747540467041394e-140,3.206185637153004e-141,1.0545866800598487e-142,3.468773151723091e-144,1.1409576287680885e-145,3.7528666583383974e-147,1.2344023827137881e-148,4.060227503857344e-150,1.3355002885555837e-151,4.3927612899464584e-153,1.4448781416080503e-154,4.752529687590144e-156,1.5632140719000994e-157,5.141763219212162e-159,1.6912417485026705e-160,5.562875087656478e-162,1.8297549281920543e-163,6.018476137765572e-165,1.9796123766500192e-166,6.511391043316264e-168,2.1417431927116567e-169
Rb97,8050180496.182924,133858207.49319279,2220526.672079084,36835.51811006593,611.0511577789031,10.136507821258053,0.16815088148086485,0.002789394477997127,4.627226146754567e-05,7.675938983210091e-07,1.2733339025430941e-08,2.112287800765662e-10,3.5039982398587223e-12,5.812656618327525e-14,9.64240694480173e-16,1.5995441980178867e-17,2.6534263240072086e-19,4.401673467766019e-21,7.30177775864362e-23,1.21126564310283e-24,2.0093249981821582e-26,3.333196950899542e-28,5.529320504914558e-30,9.17239085971731e-32,1.5215749206190326e-33,2.5240858947959964e-35,4.187115282970189e-37,6.945854904949467e-39,1.1522228813912035e-40,1.9113810849337148e-42,3.170721316895968e-44,5.2597955209790895e-46,8.725285560446304e-48,1.4474062310536612e-49,2.401050124009701e-51,3.983015669215585e-53,6.607281398492277e-55,1.0960581404757495e-56,1.8182114168427764e-58,3.0161655064232976e-60,5.003408447371099e-62,8.29997426796084e-64,1.3768528708666227e-65,2.2840116930620387e-67,3.7888648267556745e-69,6.285211550813365e-71,1.0426311321405494e-72,1.729583274835047e-74,2.869143470181617e-76,4.75951888079567e-78,7.895394640274476e-80,1.3097386119677248e-81,2.1726782635142665e-83,3.6041778058717725e-85,5.97884089627123e-87,9.918084064745269e-89,1.6452752836541036e-90,2.7292879767223592e-92,4.5275176342145103e-94,7.51053611892585e-96,1.2458958164494534e-97,2.0667717468726464e-99,3.428493295566266e-101,5.687404182648305e-103,9.434630185404217e-105,1.5650768589105669e-106,2.596249695178087e-108,4.306825215219339e-110,7.144437404807004e-112,1.1851650178612124e-113,1.9660276099793345e-115,3.2613724713006075e-117,5.410173459704991e-119,8.974742112919006e-121,1.4887876810847013e-122,2.4696963227043168e-124,4.096890378576558e-126,6.796184057031813e-128,1.1273945228942443e-129,1.8701942142618343e-131,3.1023978988999696e-133,5.146456260906517e-135,8.537271139467664e-137,1.4162171951685712e-138,2.349311754453892e-140,3.897188749327584e-142,6.464906208846695e-144,1.0724400324822813e-145,1.779032187190499e-147,2.951172491886721e-149,4.8955938737809155e-151,8.121124550628672e-153,1.3471841346980017e-154,2.2347952940107367e-156,3.707221513005798e-158,6.149776394878596e-160,1.020164281371521e-161,1.6923138243741238e-163,2.807318519638305e-165,4.656959694587904e-167,7.725262896000289e-169,1.2815160689854288e-170,2.1258609023107173e-172,3.5265141696984225e-174,5.850007484293086e-176,9.704366952596632e-178,1.609822520800241e-179,2.670476663892245e-181,4.429957663188871e-183,7.34869739286277e-185,1.2190489724227784e-186,2.0222364831736696e-188,3.3546153488412547e-190,5.564850714699964e-192,9.231330646475887e-194,1.5313522297993861e-195,2.540305121241415e-197,4.214020774208653e-199,6.990487456398156e-201,1.1596268147784973e-202,1.9236632036619035e-204,3.19109568178588e-206
Rb98,539419983.0136503,1549613.5299152583,3545.0343567787577,8.10973107377416,0.01855207348112668,4.2440301326639544e-05,9.708775563703592e-08,2.221009747807829e-10,5.080851099595981e-13,1.1623113280680344e-15,2.65893960848942e-18,6.082673093572434e-21,1.3914912488098833e-23,3.183218735789896e-26,7.282030360270175e-29,1.6658599540046388e-31,3.810873134362182e-34,8.717872118416386e-37,1.9943275882833075e-39,4.562285928679576e-42,1.043682743863786e-44,2.3875611631257406e-47,5.461859306557931e-50,1.2494719526086711e-52,2.8583309688721806e-55,6.538806982066441e-58,1.4958378583286024e-60,3.421925290876197e-63,7.828102913120559e-66,1.7907812126054853e-68,4.096646897737818e-71,9.371617083433258e-74,2.1438803233687664e-76,4.904407425109989e-79,1.1219475233430105e-81,2.5666021111761227e-84,5.87143895773792e-87,1.3431686697493311e-89,3.072674498333285e-92,7.02914591841224e-95,1.6080093211673542e-97,3.678532224218154e-100,8.415124928994773e-103,1.925070197954847e-105,4.40385056469578e-108,1.0074385763581491e-110,2.304647876271993e-113,5.272184288202982e-116,1.2060813044349834e-118,2.7590691701776574e-121,6.311732598650193e-124,1.4438916148774323e-126,3.303091445856265e-129,7.556254906719559e-132,1.7285924156581173e-134,3.9543818682103936e-137,9.04616716930213e-140,2.0694293870003595e-142,4.734091143388699e-145,1.0829854400780969e-147,2.47747123554873e-150,5.66754038958154e-153,1.2965241980064257e-155,2.965969151461695e-158,6.78504344226579e-161,1.5521676781684013e-163,3.550787141822854e-166,8.12289129832442e-169,1.8582179220836645e-171,4.2509172154811495e-174,9.724530668938618e-177,2.2246139347699374e-179,5.089096149986981e-182,1.1641974914847727e-184,2.663254454689178e-187,6.092543870177655e-190,1.3937493184206974e-192,3.188384366186789e-195,7.293847417312847e-198,1.6685632607923964e-200,3.8170573031974065e-203,8.732019215725418e-206,1.9975639223421565e-208,4.569689467307803e-211,1.0453764004277534e-213,2.3914356246511196e-216,5.470722645460883e-219,1.2514995576318198e-221,2.8629693812976893e-224,6.549417958851126e-227,1.4982652584387326e-229,3.4274782869991924e-232,7.840806120067498e-235,1.79368723780634e-237,4.1032948115309924e-240,9.386825058157103e-243,2.1473593470504306e-245,4.912366148080903e-248,1.1237681856070136e-250,2.5707671148980475e-253,5.880966950022178e-256,1.3453483229508612e-258,3.0776607409090603e-261,7.040552602286089e-264,1.610618749710402e-266,3.6845016342557966e-269,8.428780737387165e-272,1.9281941432304065e-274,4.4109969992416315e-277,1.0090734169911684e-279,2.3083877886411943e-282,5.2807398282640755e-285,1.2080384964360513e-287,2.763546503579983e-290,6.32197508604266e-293,1.4462347182060856e-295,3.3084516020354953e-298,7.568516967002784e-301,1.7313975227736894e-303,3.960798918647343e-306,9.06084701381921e-309,2.0727875939707e-311
Rb98_m1,0.0,0.0,0.0,0.0,0.0,0.0,0.0,0.0,0.0,0.0,0.0,0.0,0.0,0.0,0.0,0.0,0.0,0.0,0.0,0.0,0.0,0.0,0.0,0.0,0.0,0.0,0.0,0.0,0.0,0.0,0.0,0.0,0.0,0.0,0.0,0.0,0.0,0.0,0.0,0.0,0.0,0.0,0.0,0.0,0.0,0.0,0.0,0.0,0.0,0.0,0.0,0.0,0.0,0.0,0.0,0.0,0.0,0.0,0.0,0.0,0.0,0.0,0.0,0.0,0.0,0.0,0.0,0.0,0.0,0.0,0.0,0.0,0.0,0.0,0.0,0.0,0.0,0.0,0.0,0.0,0.0,0.0,0.0,0.0,0.0,0.0,0.0,0.0,0.0,0.0,0.0,0.0,0.0,0.0,0.0,0.0,0.0,0.0,0.0,0.0,0.0,0.0,0.0,0.0,0.0,0.0,0.0,0.0,0.0,0.0,0.0,0.0,0.0,0.0,0.0,0.0,0.0,0.0,0.0,0.0,0.0,0.0
Rb99,3160134.92144598,8.419841564116803,2.2422001132324662e-05,5.970969060621992e-11,1.590066440212007e-16,4.2343399515540466e-22,1.127602870665967e-27,3.0028014955848744e-33,7.996447203580989e-39,2.1294503807086862e-44,5.670717017764702e-50,1.5101094529783906e-55,4.0214148454785716e-61,1.0709010083699439e-66,2.851804685152503e-72,7.594343360117823e-78,2.0223703036760243e-83,5.385563242596389e-89,1.4341731278037845e-94,3.819196744819731e-100,1.017050416917115e-105,2.708400796461458e-111,7.212459433926834e-117,1.9206747817385096e-122,5.11474851401389e-128,1.3620552844416397e-133,3.627147244468327e-139,9.659077192632033e-145,2.5722080170721095e-150,6.849778660157026e-156,1.8240930508625796e-161,4.857551788584188e-167,1.293563909342202e-172,3.4447550131841113e-178,9.173367481233517e-184,2.4428637341025027e-189,6.505335402295236e-195,1.7323679624685936e-200,4.613288280768319e-206,1.2285166444169989e-211,3.271534432177837e-217,8.7120818342712e-223,2.3200235687726488e-228,6.178212581161823e-234,1.6452552987735084e-239,4.381307639681888e-245,1.1667403015109484e-250,3.107024302152629e-256,8.273992080041679e-262,2.203360459496962e-267,5.867539233189841e-273,1.5625231225617133e-278,4.160992217537702e-284,1.1080704012894053e-289,2.9507866153622264e-295,7.857931805839055e-301,2.0925637910837957e-306,5.572488191485e-312,1.4839514e-317,4e-323,0.0,0.0,0.0,0.0,0.0,0.0,0.0,0.0,0.0,0.0,0.0,0.0,0.0,0.0,0.0,0.0,0.0,0.0,0.0,0.0,0.0,0.0,0.0,0.0,0.0,0.0,0.0,0.0,0.0,0.0,0.0,0.0,0.0,0.0,0.0,0.0,0.0,0.0,0.0,0.0,0.0,0.0,0.0,0.0,0.0,0.0,0.0,0.0,0.0,0.0,0.0,0.0,0.0,0.0,0.0,0.0,0.0,0.0,0.0,0.0,0.0,0.0
Rh115,4798615234.142393,2480782166.0712223,1270226975.8722456,645767428.33792,326543183.91691786,164449593.87031093,82559261.52963142,41347547.780970775,20669028.642661784,10317082.14938815,5143977.103421774,2562441.6077543166,1275573.0309235845,634626.6182030567,315604.97104012436,156899.636731418,77980.12907022418,38748.465531739464,19250.986710927707,9563.011086221464,4749.977114343407,2359.136304533251,1171.6197156171313,581.8329499948167,288.92997313301447,143.4739932611206,71.24312587737019,35.375632746926,17.565427928076453,8.72183645445534,4.330648638456756,2.1502781872334715,1.067661879614384,0.5301158161096554,0.2632122870485427,0.1306893719615173,0.06488934178293292,0.0322185258971437,0.015996955309086885,0.007942706194944178,0.003943658232692079,0.0019580768499299433,0.0009722096992513177,0.000482714086468664,0.00023967340321630302,0.0001190007208400247,5.908527297853743e-05,2.9336535560018285e-05,1.456593424510169e-05,7.2321565412252055e-06,3.5908499175737235e-06,1.782898667974474e-06,8.852298382260606e-07,4.3952684902726967e-07,2.1823015480039936e-07,1.0835378845900499e-07,5.379890438304897e-08,2.6711775443418302e-08,1.3262703885240857e-08,6.585085028821877e-09,3.2695704333959796e-09,1.6233793040900037e-09,8.060264813075831e-10,4.00201409724253e-10,1.9870459787902905e-10,9.865911554064077e-11,4.8985384154821736e-11,2.4321805886686552e-11,1.207605597226847e-11,5.995900484776427e-12,2.9770334518904218e-12,1.4781312983635038e-12,7.339091647734225e-13,3.6439432852535547e-13,1.8092596876580152e-13,8.983182119979858e-14,4.460253082326993e-14,2.214566875061787e-14,1.0995578845062199e-14,5.459431164109857e-15,2.710670266071221e-15,1.3458789148688877e-15,6.682443364955784e-16,3.3179098677419105e-16,1.6473803501109883e-16,8.179432612857977e-17,4.061182219554572e-17,2.016423607950136e-17,1.0011774766169865e-17,4.970961139934907e-18,2.4681392891574796e-18,1.2254594995145558e-18,6.084547138572967e-19,3.0210475251170217e-19,1.4999847878790089e-19,7.44759671987191e-20,3.6978172945465914e-20,1.8360087499562884e-20,9.115994278257108e-21,4.526195841012699e-21,2.24730821080602e-21,1.115814333218002e-21,5.540146296923396e-22,2.750746255677284e-22,1.3657771036340192e-22,6.781240156051005e-23,3.36696360860609e-23,1.671736095581383e-23,8.300361685306193e-24,4.121224892433387e-24,2.046235484422153e-24,1.0159794155848405e-24,5.044454466508128e-25,2.504629569687196e-25,1.243577342803084e-25,6.17450431093606e-26,3.0657122941652335e-26,1.5221613585967218e-26,7.55770594003469e-27,3.7524877867542985e-27,1.8631532771272997e-27,9.250769972719096e-28
Rh116,757916885.5753579,276406526.3749927,99834950.28595339,36027228.352175914,12999999.499925558,4690860.3527110135,1692627.39440641,610759.4541269139,220383.4758733807,79522.10331331624,28694.36962087256,10353.937001530401,3736.0643515803545,1348.103319257767,486.4430556783769,175.52575016876116,63.335859383048984,22.853803957154526,8.246455647712244,2.9756110132552362,1.0737050292221282,0.38743050910935856,0.139798543644228,0.050444227662852,0.018202050165682854,0.006567939397316237,0.0023699433599050543,0.0008551588541534197,0.00030857136850151863,0.00011134339426697644,4.0176609732442985e-05,1.4497132768582919e-05,5.231074993871595e-06,1.8875557000354023e-06,6.810964333163209e-07,2.4576352976895635e-07,8.868011871741123e-08,3.1998903430168415e-08,1.15463289353063e-08,4.166321267015673e-09,1.5033551354066468e-09,5.424633671546952e-10,1.9573984734166792e-10,7.062981605246967e-11,2.5485719864172845e-11,9.196143403694771e-12,3.318291731684762e-12,1.1973562756909066e-12,4.320482244665385e-13,1.5589818340157557e-13,5.6253543497188105e-14,2.0298255482802846e-14,7.324323945312544e-15,2.642873487395438e-15,9.536416360786282e-16,3.441074173243801e-16,1.2416604957031486e-16,4.4803474408587163e-17,1.6166668151459293e-17,5.833502034594774e-18,2.1049325481793633e-18,7.595336396745858e-19,2.740664304403951e-19,9.889279996409518e-20,3.5683997741071326e-20,1.2876040472583412e-20,4.646127921389913e-21,1.67648623875348e-21,6.049351538063079e-22,2.1828186349012593e-22,7.876376770125325e-23,2.8420735480745087e-23,1.0255200187098613e-23,3.7004366389011606e-24,1.3352475884136004e-24,4.818042561846861e-25,1.7385190828427374e-25,6.273187840519576e-26,2.2635866393882095e-26,8.1678161156297e-27,2.9472351063518907e-27,1.0634660047612226e-27,3.8373590924095176e-28,1.384654021677378e-28,4.996318336586698e-29,1.8028472477385994e-29,6.50530646711976e-30,2.3473431975023393e-30,8.470039212925935e-31,3.0562878212627233e-31,1.1028160568777433e-31,3.9793479097295647e-32,1.4358885770580065e-32,5.181190618404075e-33,1.869555664217386e-33,6.746013877952872e-34,2.4341988908141514e-34,8.78344507918345e-35,3.169375672224896e-35,1.1436221278934483e-35,4.1265905549448955e-36,1.4890188981851367e-36,5.372903489287621e-37,1.9387324056386694e-37,6.995627872652995e-38,2.5242683926004583e-38,9.108447495886069e-39,3.28664796613982e-39,1.1859380929856461e-39,4.279281428629275e-40,1.5441151316178403e-40,5.571710062674964e-41,2.0104688042262266e-41,7.254478009981534e-42,2.6176706192444726e-42,9.44547555513671e-43,3.408259534518347e-43,1.2298198208048921e-43,4.43762212450853e-44,1.601250019457262e-44,5.777872817631689e-45,2.0848595716515597e-45
Rh116_m1,0.0,0.0,0.0,0.0,0.0,0.0,0.0,0.0,0.0,0.0,0.0,0.0,0.0,0.0,0.0,0.0,0.0,0.0,0.0,0.0,0.0,0.0,0.0,0.0,0.0,0.0,0.0,0.0,0.0,0.0,0.0,0.0,0.0,0.0,0.0,0.0,0.0,0.0,0.0,0.0,0.0,0.0,0.0,0.0,0.0,0.0,0.0,0.0,0.0,0.0,0.0,0.0,0.0,0.0,0.0,0.0,0.0,0.0,0.0,0.0,0.0,0.0,0.0,0.0,0.0,0.0,0.0,0.0,0.0,0.0,0.0,0.0,0.0,0.0,0.0,0.0,0.0,0.0,0.0,0.0,0.0,0.0,0.0,0.0,0.0,0.0,0.0,0.0,0.0,0.0,0.0,0.0,0.0,0.0,0.0,0.0,0.0,0.0,0.0,0.0,0.0,0.0,0.0,0.0,0.0,0.0,0.0,0.0,0.0,0.0,0.0,0.0,0.0,0.0,0.0,0.0,0.0,0.0,0.0,0.0,0.0,0.0
Rh117,256582149.89238957,53227410.38908372,11015782.53677643,2279595.054209339,471735.627806004,97620.17872173997,20201.35578325056,4180.434626951338,865.0921184509401,179.0207096125676,37.04624488727728,7.666287678214915,1.5864486925457253,0.32829702715592324,0.06793723525118714,0.01405881732636904,0.0029093080383008436,0.0006020473177246919,0.0001245866604731167,2.5781754209129397e-05,5.335232901947725e-06,1.1040641333841468e-06,2.2847317690297708e-07,4.7279855386785426e-08,9.784013842222787e-09,2.0246873870845777e-09,4.189854063501668e-10,8.670413608255516e-11,1.79424082554785e-11,3.7129718206261605e-12,7.683561506607949e-13,1.590023309572853e-13,3.290367523980578e-14,6.809031275003465e-15,1.4090494926805921e-15,2.91586334771597e-16,6.034038624419503e-17,1.2486738155787194e-17,2.5839846158789147e-18,5.347254352414161e-19,1.1065518321472885e-19,2.28987977105616e-20,4.7386387275840434e-21,9.806059372367198e-22,2.0292494520555333e-22,4.1992947241085533e-23,8.689949952709585e-24,1.798283643847556e-24,3.72133796089506e-25,7.700874256726845e-26,1.5936059809965374e-26,3.29778144403484e-27,6.8243735166077615e-28,1.4122243903827797e-28,2.922433427681684e-29,6.047634637521307e-30,1.2514873516883115e-30,2.589806900235887e-31,5.359302889846432e-32,1.1090451362416326e-32,2.2950393726607696e-33,4.749315920461826e-34,9.82815457592857e-35,2.0338217963599448e-35,4.208756656595408e-36,8.7095303168347e-37,1.8023355715040286e-37,3.7297229519138083e-38,7.718226016270778e-39,1.597196724965105e-39,3.3052120692778606e-40,6.839750327649026e-41,1.4154064418261724e-41,2.929018311479261e-42,6.061261285424068e-43,1.25430722731215e-43,2.595642303477138e-44,5.371378575277414e-45,1.1115440582972194e-45,2.30021059997999e-46,4.760017171398118e-47,9.850299564832034e-48,2.038404443159409e-48,4.21823990889243e-49,8.72915479981679e-50,1.8063966290426457e-50,3.738126836157292e-51,7.735616873136574e-52,1.6007955596677702e-52,3.3126594373500924e-53,6.855161786019772e-54,1.4185956631297226e-54,2.935618032464991e-55,6.0749186371547255e-56,1.257133456734547e-56,2.6014908551623794e-57,5.383481469877498e-58,1.1140486109725511e-58,2.3053934792091174e-59,4.7707425346010036e-60,9.872494451254882e-61,2.0429974156677044e-61,4.227744529037841e-62,8.748823501065347e-63,1.8104668370350377e-63,3.746549656196079e-64,7.75304691541904e-65,1.6044025033347304e-65,3.3201235859768126e-66,6.870607969788067e-67,1.4217920704486977e-67,2.942232624070311e-68,6.088606761895729e-69,1.2599660542720082e-69,2.6073525849179467e-70,5.395611634954923e-71,1.1165588069546457e-71,2.3105880366024495e-72,4.781492064400704e-73,9.8947393476272e-74,2.0476007371509274e-74,4.2372705651780894e-75
Rh118,12066599.546033716,892394.0216962311,65901.76104097276,4866.389477465364,359.3479965416696,26.535270477391215,1.9594392624581405,0.14469052518744593,0.010684356733737651,0.0007889630552196025,5.825925865386308e-05,4.302028081596931e-06,3.176738949736174e-07,2.3457936962198425e-08,1.7322002696135146e-09,1.2791055662244952e-10,9.445276497454482e-12,6.974658735689396e-13,5.150284853221453e-14,3.803115689889087e-15,2.8083279591096135e-16,2.0737486232365358e-17,1.5313145099117576e-18,1.1307658517484752e-19,8.349894180485073e-21,6.165797518336009e-22,4.552998902186083e-23,3.362062886700519e-24,2.4826421215919385e-25,1.833253009122417e-26,1.3537257610457961e-27,9.996293075751053e-29,7.381544928207064e-30,5.450741101150204e-31,4.0249810630069076e-32,2.9721596122306435e-33,2.1947265396512616e-34,1.6206480177000026e-35,1.1967322351204144e-36,8.837008572711632e-38,6.525496533175712e-39,4.818610806374036e-40,3.558198213003232e-41,2.6274739819766707e-42,1.9402009423576965e-43,1.4326991332921672e-44,1.0579454744732835e-45,7.81216796290373e-47,5.768725303258594e-48,4.259789572174877e-49,3.1455488422996573e-50,2.3227620406237562e-51,1.7151930451088716e-52,1.2665469516626959e-53,9.352540143166483e-55,6.906179594424967e-56,5.0997179226545e-57,3.765775641229753e-58,2.7807550133474543e-59,2.053387981906389e-60,1.5162796377239708e-61,1.119663677802293e-62,8.267912594747747e-64,6.105260001696598e-65,4.5082962913752924e-66,3.329053217255309e-67,2.458266850055919e-68,1.815253620687435e-69,1.3404345046364206e-70,9.898146687290187e-72,7.309070865024324e-73,5.397224207491804e-74,3.9854626783453147e-75,2.942978121686181e-76,2.1731781034565963e-77,1.6047360442616309e-78,1.1849823848567509e-79,8.750244362255137e-81,6.46142739146571e-82,4.771300343939588e-83,3.523262832318841e-84,2.601676710913121e-85,1.9211515093391052e-86,1.4186324943272999e-87,1.0475582712649346e-88,7.735465922877679e-90,5.712086352174727e-91,4.217965772197831e-92,3.1146649680215195e-93,2.2999565162345033e-94,1.6983528022693587e-95,1.2541116410750816e-96,9.260714300223414e-98,6.838372800434605e-99,5.049647472290087e-100,3.7288022075639266e-101,2.7534527864433217e-102,2.0332272470213914e-103,1.5013923820971548e-104,1.1086705080908512e-105,8.186735927043533e-107,6.04531685924969e-108,4.464032583243014e-109,3.296367645934871e-110,2.4341309017221124e-111,1.7974309552592812e-112,1.3272737454828654e-113,9.800963927395995e-115,7.237308372371295e-116,5.344232757594905e-117,3.9463322961865872e-118,2.91408314314026e-119,2.1518412358077604e-120,1.588980299008508e-121,1.1733478978942347e-122,8.664332026972779e-124,6.397987298426393e-125,4.7244543887969433e-126,3.488670456928306e-127,2.5761327246390426e-128,1.9022891089574077e-129,1.404703965540054e-130
Rh119,396868.7285915496,6899.019954894115,119.89861418407023,2.083297855420096,0.0361924327866044,0.0006286777133054647,1.0919274206016568e-05,1.8963740982350488e-07,3.2932599765459173e-09,5.7188079456340914e-11,9.930407349875768e-13,1.7243058583439067e-14,2.993988482881296e-16,5.1984854862725975e-18,9.026019653552028e-20,1.5671476301534365e-21,2.720939675083982e-23,4.724155871727296e-25,8.202128557237347e-27,1.4240543638411282e-28,2.47243387253286e-30,4.2926086750178906e-32,7.452752760653546e-34,1.2939311618047748e-35,2.2464919466476793e-37,3.9002994335627314e-39,6.771588313485143e-41,1.175662741181905e-42,2.0411487366078103e-44,3.543776324307781e-46,6.152586869533544e-48,1.0681913291148175e-49,1.8545571293451238e-51,3.2198177002188185e-53,5.590134668766826e-55,9.705394499686106e-57,1.68501613761707e-58,2.925464922349837e-60,5.079087480156572e-62,8.818129346045089e-64,1.5309718869972976e-65,2.6580181999177423e-67,4.6147552383549886e-69,8.011971246573736e-71,1.3910094618385796e-72,2.415020265677894e-74,4.1928706966188765e-76,7.279510136726962e-78,1.2638421560275305e-79,2.1942369132884953e-81,3.80955452736258e-83,6.614010342570531e-85,1.1483004733720619e-86,1.9936376048234695e-88,3.4612812442327963e-90,6.009350848470844e-92,1.0433216784405675e-93,1.8113772202976667e-95,3.144847365184255e-97,5.4599698135277e-99,9.479401346741712e-101,1.6457792428069586e-102,2.8573421633526843e-104,4.960813712989257e-106,8.612784637876364e-108,1.4953203949474933e-109,2.5961209727754335e-111,4.5072909640761343e-113,7.825394904978326e-115,1.358616648063094e-116,2.358780890555376e-118,4.095229730427266e-120,7.109989152248198e-122,1.2344104988312288e-123,2.143138684126417e-125,3.720839561608411e-127,6.459986535436751e-129,1.1215594047141214e-130,1.947210712268256e-132,3.380676531271957e-134,5.869407833994814e-136,1.0190252750574967e-137,1.7691946795514512e-139,3.0716115593572565e-141,5.332820452493481e-143,9.258649223350876e-145,1.6074530579938028e-146,2.7908016291768888e-148,4.845288448503395e-150,8.412213861329334e-152,1.4604980240248737e-153,2.535663635449276e-155,4.402327128398639e-157,7.643160502238547e-159,1.32697777241771e-160,2.3038506230172535e-162,3.999861793845746e-164,6.944414802775628e-166,1.2056640813741112e-167,2.0932301977908337e-169,3.634190259652911e-171,6.309549163438519e-173,1.0954410144076562e-174,1.9018649113631368e-176,3.301948798247348e-178,5.732723602557239e-180,9.952946551067149e-182,1.7279944388773435e-183,3.000081197533252e-185,5.208632035667877e-187,9.043037803540917e-189,1.570019386208838e-190,2.7258106475087176e-192,4.7324534660768486e-194,8.216313862098922e-196,1.426486577510544e-197,2.4766141970359435e-199,4.299807637632437e-201,7.465169885067035e-203,1.2960756877858178e-204,2.2501995457996134e-206,3.90671474176555e-208
Rh120,405484.6529087354,2482.310017581012,15.202886799061718,0.09317283835019129,0.0005716210380812942,3.5126386083149276e-06,2.1639648316668426e-08,1.3382724398866458e-10,8.325238613585105e-13,5.2251793193180735e-15,3.3227841420266185e-17,2.1532870727491688e-19,1.4323743428639346e-21,9.861168405434338e-24,7.081091838668664e-26,5.332513242654822e-28,4.217105198196737e-30,3.4911072318908074e-32,3.0053132985413763e-34,2.6683614348450485e-36,2.424277546916024e-38,2.238738574471089e-40,2.09066937609271e-42,1.9671023026166943e-44,1.8600325908678703e-46,1.7644946242444646e-48,1.6773850145599275e-50,1.596742527336804e-52,1.5213074684969052e-54,1.4502520261255215e-56,1.3830151928375393e-58,1.3192016666754934e-60,1.2585198936665064e-62,1.2007440588738511e-64,1.1456907319240132e-66,1.093204481555302e-68,1.0431489811325676e-70,9.954014773658886e-73,9.498493204657822e-75,9.063877592441194e-77,8.64918513760305e-79,8.253488271936421e-81,7.875908142932316e-83,7.515609945208133e-85,7.171799412960798e-87,6.843720052442032e-89,6.530650855561212e-91,6.231904334946606e-93,5.946824781552048e-95,5.674786683118113e-97,5.4151932646201476e-99,5.1674751258482224e-101,4.931088959885362e-103,4.705516341571038e-105,4.4902625783366734e-107,4.284855617861137e-109,4.0888450082962494e-111,3.9018009076476236e-113,3.723313139444445e-115,3.5529902922029416e-117,3.3904588604489815e-119,3.2353624252573174e-121,3.087360872413302e-123,2.9461296464231037e-125,2.8113590387001895e-127,2.6827535083449158e-129,2.560031034014051e-131,2.442922495450735e-133,2.3311710833134342e-135,2.2245317360066417e-137,2.1227706022763893e-139,2.0256645283909566e-141,1.9330005687814917e-143,1.844575519068946e-145,1.7601954704530744e-147,1.6796753844861175e-149,1.6028386872985893e-151,1.529516882387269e-153,1.4595491811162672e-155,1.3927821501208182e-157,1.3290693748406148e-159,1.2682711384447895e-161,1.2102541154444938e-163,1.1548910793211496e-165,1.1020606235292386e-167,1.0516468952618259e-169,1.0035393413949534e-171,9.57632466053815e-174,9.138255992690518e-176,8.720226762158619e-178,8.32132026551805e-180,7.94066173391351e-182,7.577416414763228e-184,7.2307877412158005e-186,6.90001558534518e-188,6.584374591253199e-190,6.283172584424234e-192,5.995749053843918e-194,5.721473703553288e-196,5.4597450704620374e-198,5.209989205389859e-200,4.971658414443468e-202,4.744230057969375e-204,4.5272054044484546e-206,4.320108536819106e-208,4.122485308830618e-210,3.9339023491381e-212,3.7539461109551075e-214,3.582221965179821e-216,3.4183533350061534e-218,3.261980870122075e-220,3.1127616586841866e-222,2.9703684753404824e-224,2.8344890636523067e-226,2.704825451341888e-228,2.581093296863843e-230,2.4630212658677734e-232,2.3503504361845261e-234,2.242833730031367e-236,2.1402353721908883e-238,2.0423303729755324e-240,1.948904034843865e-242
Rh121,2712.2179269385274,27.52633886394634,0.27936521019462146,0.002835281548077844,2.8775313330068557e-05,2.92041070067616e-07,2.9639290327767574e-09,3.00809585080037e-11,3.0529208181226905e-13,3.0984137421176382e-15,3.1445845763031554e-17,3.191443422518962e-19,3.239000533136758e-21,3.2872663133033723e-23,3.3362513232173267e-25,3.385966280439341e-27,3.436422062237247e-29,3.4876297079658565e-31,3.539600421482291e-33,3.592345573597307e-35,3.645876704563144e-37,3.70020552659844e-39,3.755343926450792e-41,3.8113039679974865e-43,3.8680978948849756e-45,3.925738133207707e-47,3.984237294226861e-49,4.0436081771296014e-51,4.103863771829444e-53,4.1650172618083505e-55,4.2270820270011834e-57,4.290071646723134e-59,4.353999902640776e-61,4.418880781787405e-63,4.4847284796232795e-65,4.5515574031414906e-67,4.619382174020115e-69,4.688217631821323e-71,4.7580788372381645e-73,4.82898107538974e-75,4.90093985916548e-77,4.973970932619231e-79,5.048090274413977e-81,5.123314101317803e-83,5.199658871752042e-85,5.277141289392253e-87,5.35577830682284e-89,5.435587129246178e-91,5.516585218246983e-93,5.598790295612761e-95,5.68222034721121e-97,5.7668936269254135e-99,5.852828660647641e-101,5.940044250332678e-103,6.02855947811155e-105,6.118393710466578e-107,6.209566602468596e-109,6.302098102077349e-111,6.396008454505944e-113,6.491318206650383e-115,6.58804821158505e-117,6.686219633125217e-119,6.785853950457537e-121,6.886972962839525e-123,6.989598794369075e-125,7.093753898825054e-127,7.19946106458003e-129,7.306743419586184e-131,7.415624436435555e-133,7.526127937495664e-135,7.638278100121652e-137,7.752099461946154e-139,7.867616926247915e-141,7.984855767400453e-143,8.10384163640191e-145,8.2246005664873e-147,8.347158978824404e-149,8.471543688294493e-151,8.59778190935928e-153,8.725901262015185e-155,8.855929777836434e-157,8.987895906108124e-159,9.12182852005076e-161,9.257756923137478e-163,9.395710855505415e-165,9.535720500462684e-167,9.677816491092199e-169,9.822029916954008e-171,9.968392330887442e-173,1.011693575591468e-174,1.0267692692247079e-176,1.0420696124396083e-178,1.0575979528389863e-180,1.0733576879097772e-182,1.0893522657663691e-184,1.1055851859050276e-186,1.1220599999695616e-188,1.1387803125283962e-190,1.155749781863226e-192,1.172972120769419e-194,1.19045109736835e-196,1.208190535931837e-198,1.2261943177188684e-200,1.2444663818247832e-202,1.26301072604313e-204,1.2818314077403428e-206,1.3009325447434723e-208,1.32031831624113e-210,1.3399929636978662e-212,1.3599607917821721e-214,1.3802261693083068e-216,1.400793530192166e-218,1.421667374421389e-220,1.4428522690399184e-222,1.464352849147244e-224,1.4861738189125214e-226,1.5083199526038115e-228,1.530796095632657e-230,1.5536071656142233e-232,1.5767581534432345e-234,1.6002541243859451e-236,1.624100219188382e-238
Rh122,38.393183764902226,0.06265263672623048,0.00010224087985996714,1.6684369662232952e-07,2.722670143364407e-10,4.4430403183573686e-13,7.250458642101851e-16,1.1831796867480305e-18,1.9307939541978325e-21,3.150802312887246e-24,5.141695825860467e-27,8.390572730488212e-30,1.369231341759325e-32,2.234405835544144e-35,3.646257053609927e-38,5.950212933346723e-41,9.709966530504019e-44,1.584539092628372e-46,2.5857598254123113e-49,4.2196206491981054e-52,6.885867066288691e-55,1.1236831269088132e-57,1.8337033775764006e-60,2.99236323516315e-63,4.88314404644379e-66,7.968650161890983e-69,1.3003791163778869e-71,2.1220480407066305e-74,3.462903879608492e-77,5.651004618827754e-80,9.221697832867068e-83,1.5048600497931632e-85,2.455734085530542e-88,4.0074357078356976e-91,6.539609091660695e-94,1.0671783701510262e-96,1.7414950309040436e-99,2.8418913159140176e-102,4.637593623953615e-105,7.56794410134506e-108,1.2349891466397354e-110,2.0153401926513516e-113,3.288770677189456e-116,5.366842087792532e-119,8.757981879088019e-122,1.4291876924961475e-124,2.3322467305620406e-127,3.805920552476341e-130,6.210762807360059e-133,1.0135149727229303e-135,1.6539234097239473e-138,2.6989859240892484e-141,4.404390781098954e-144,7.187387670121092e-147,1.1728873319392242e-149,1.9139981820409227e-152,3.123393817204078e-155,5.096968758322506e-158,8.317584026778609e-161,1.3573205433044786e-163,2.2149689757806912e-166,3.6145386496006296e-169,5.898452661104149e-172,9.625500559837907e-175,1.5707553548475271e-177,2.5632665744956606e-180,4.182914615983916e-183,6.825967637819523e-186,1.1139083263739893e-188,1.8177521860646554e-191,2.966332984240082e-194,4.840666093457082e-197,7.899331717928459e-200,1.28906725614091e-202,2.1035885695029665e-205,3.4327804454446744e-208,5.601847128030192e-211,9.141479259899225e-214,1.4917694315687737e-216,2.4343719147567775e-219,3.972575448958291e-222,6.482721724647775e-225,1.057895098511984e-227,1.726345950036113e-230,2.8171700042831107e-233,4.59725168809096e-236,7.502111356972701e-239,1.224246106825405e-241,1.9978089617186876e-244,3.260162009314611e-247,5.3201564967626306e-250,8.681797122099475e-253,1.4167553400949809e-255,2.311958763213136e-258,3.772813252597073e-261,6.156736039352913e-264,1.0046985132957289e-266,1.6395361051157543e-269,2.675507731329659e-272,4.366077452072572e-275,7.124865345847043e-278,1.162684509235048e-280,1.8973485145275135e-283,3.0962237451225898e-286,5.052630766808942e-289,8.245230244073829e-292,1.3455133556241623e-294,2.1957011952021625e-297,3.5830961606291674e-300,5.84714264598895e-303,9.541769349706575e-306,1.5570915203420855e-308,2.540968989987e-311,4.146527885e-314,6.766589e-317,1.10424e-319,1.83e-322,0.0,0.0,0.0,0.0,0.0
Rh123,0.5196774148044642,3.6282834817598885e-07,2.533194756782909e-13,1.7686257725043665e-19,1.234819042156552e-25,8.621258892509211e-32,6.019190047625294e-38,4.2024777681727253e-44,2.9340856913055265e-50,2.048519782572709e-56,1.4302354263295316e-62,9.985616893379515e-69,6.971757439769374e-75,4.867541216327372e-81,3.3984196520511e-87,2.372708441113355e-93,1.6565774456761865e-99,1.1565891476473798e-105,8.0750734591202225e-112,5.637854332528119e-118,3.936236820100588e-124,2.748201601187489e-130,1.91873923901166e-136,1.339625253741302e-142,9.352994841476438e-149,6.5300734112301305e-155,4.559166286177843e-161,3.1831184607011968e-167,2.222389467472368e-173,1.5516277531324193e-179,1.0833153772227795e-185,7.563490690071322e-192,5.280677503669483e-198,3.686863121860739e-204,2.574093886606616e-210,1.7971807246593615e-216,1.2547555370425937e-222,8.76045150126715e-229,6.1163715353621635e-235,4.270327933803115e-241,2.9814573161209026e-247,2.0815937009161537e-253,1.4533269727743103e-259,1.0146837439331874e-265,7.084318391455016e-272,4.9461290152306246e-278,3.453288077059687e-284,2.411016474993132e-290,1.6833233466110958e-296,1.1752625992545527e-302,8.205447753025683e-309,5.72887905e-315,4e-321,0.0,0.0,0.0,0.0,0.0,0.0,0.0,0.0,0.0,0.0,0.0,0.0,0.0,0.0,0.0,0.0,0.0,0.0,0.0,0.0,0.0,0.0,0.0,0.0,0.0,0.0,0.0,0.0,0.0,0.0,0.0,0.0,0.0,0.0,0.0,0.0,0.0,0.0,0.0,0.0,0.0,0.0,0.0,0.0,0.0,0.0,0.0,0.0,0.0,0.0,0.0,0.0,0.0,0.0,0.0,0.0,0.0,0.0,0.0,0.0,0.0,0.0,0.0,0.0,0.0,0.0,0.0,0.0,0.0
Ru114,1123477028.9938064,296658573.0669846,78230354.38765155,20628720.40742647,5439619.009737407,1434381.4039329928,378234.21143875155,99737.15379796545,26299.841597735296,6935.045183533049,1828.712599614525,482.21600342699116,127.15627048783698,33.53003013062373,8.841584581297345,2.3314508696739065,0.6147838215789178,0.162113279842797,0.04274789703133962,0.011272257907396888,0.0029723988115185583,0.0007837963580410356,0.0002066804523328869,5.449988244815279e-05,1.4371156794637278e-05,3.7895521666955365e-06,9.992727676219946e-07,2.63499754109902e-07,6.948265044909503e-08,1.8321985649434437e-08,4.831352229201753e-09,1.273986608723999e-09,3.35939464193493e-10,8.858438764567939e-11,2.3358951748640646e-11,6.159557471659454e-12,1.6242230668113648e-12,4.2829384787790316e-13,1.1293745537685076e-13,2.978064917391553e-14,7.85290462106182e-15,2.070744349035494e-15,5.460377231071775e-16,1.4398551670318244e-16,3.7967759630799637e-17,1.00117762146442e-17,2.6400204791331374e-18,6.961510106516147e-19,1.8356911753593445e-19,4.840561946664401e-20,1.2764151331123932e-20,3.365798454786897e-21,8.87532507595892e-22,2.3403479519670923e-22,6.171299067245476e-23,1.62731922598834e-23,4.291102787947181e-24,1.1315274128556268e-24,2.983741824222896e-25,7.867874142924445e-26,2.074691684995956e-26,5.470786021230707e-27,1.442599876721037e-27,3.8040135297548877e-28,1.0030861064156661e-28,2.645052992093263e-29,6.974780416390624e-30,1.8391904435293428e-30,4.849789220059968e-31,1.2788482868514113e-31,3.3722144748438483e-32,8.892243576714165e-33,2.344809217132483e-33,6.183063045132087e-34,1.6304212871881604e-34,4.299282660249032e-35,1.1336843758091127e-35,2.9894295526018078e-36,7.882872200290235e-37,2.0786465455265967e-37,5.481214653043048e-38,1.445349818485983e-38,3.811264892969805e-39,1.0049982293975009e-39,2.650095098231512e-40,6.988076022662238e-41,1.8426963821447316e-41,4.859034082854314e-42,1.2812860787657105e-42,3.3786427253756584e-43,8.909194328194347e-44,2.349278986540525e-44,6.194849447985331e-45,1.633529261661496e-45,4.3074781253516455e-46,1.1358454504519185e-46,2.995128123156751e-47,7.897898847554715e-48,2.0826089449710527e-48,5.491663164331754e-49,1.4481050023002484e-49,3.8185300790242003e-50,1.0069139973448766e-50,2.6551468158347688e-51,7.001396973551949e-52,1.846209003920969e-52,4.868296568577027e-53,1.2837285176967648e-53,3.3850832296965444e-54,8.926177391877128e-55,2.353757276402355e-55,6.206658318552603e-56,1.636643160680478e-56,4.3156892129786736e-57,1.1380106446219203e-57,3.0008375565555334e-58,7.9129541392171345e-59,2.0865788977003166e-59,5.502131592991911e-60,1.4508654381564482e-60,3.8258091142677605e-61,1.0088334172059826e-61
Ru115,237204302.92168042,92969165.89395319,36436918.902626164,14280530.942486884,5596893.758879636,2193561.2810437037,859710.9934524262,336942.0305920473,132055.92675228993,51755.98829200434,20284.453639909352,7949.979761727342,3115.793963882023,1221.1568225746394,478.6016028680689,187.57582157625313,73.51561012156779,28.812588350302427,11.292366969017808,4.425758290529491,1.7345642857632178,0.6798187031324082,0.26643778666599205,0.1044235673958005,0.040926182296113105,0.016039984450885943,0.006286467164788491,0.0024638221773201933,0.0009656329321906291,0.0003784554617270548,0.0001483260685673911,5.813265982808159e-05,2.2783629144407848e-05,8.929468538426602e-06,3.4996798742364253e-06,1.3716112184537208e-06,5.375684068813792e-07,2.10686372485903e-07,8.257320739658645e-08,3.236248504974326e-08,1.2683659404977318e-08,4.9710402539914326e-09,1.948273792112867e-09,7.635767515634353e-10,2.992646402618092e-10,1.1728922433488953e-10,4.596855189121266e-11,1.8016213978375953e-11,7.0610004614192875e-12,2.767380958952053e-12,1.0846051368804203e-12,4.250836153013286e-13,1.6660079678155721e-13,6.529497842106774e-14,2.559071918844306e-14,1.0029636649216596e-14,3.930863004457394e-15,1.540602566197523e-15,6.038003014307586e-16,2.366442923094108e-16,9.274675906905577e-17,3.634975191612262e-17,1.4246368041603115e-17,5.583504471918827e-18,2.1883136878744735e-18,8.576543317235102e-19,3.3613597392363216e-19,1.3174001318052394e-19,5.1632173939072837e-20,2.0235927728514817e-20,7.930961255222097e-21,3.108340140155783e-21,1.2182354844492439e-21,4.774566581046395e-22,1.8712708936689e-22,7.333974085507426e-23,2.874366082905125e-23,1.1265352566327921e-23,4.415170677056028e-24,1.7304147378220585e-24,6.781923925233995e-25,2.6580039525987287e-25,1.0417375791762078e-25,4.082827577464243e-26,1.600161246029403e-26,6.271428231325538e-27,2.457928046830366e-27,9.633228764731353e-28,3.775500936787676e-28,1.4797123240623201e-28,5.799359074838044e-29,2.2729124527782098e-29,8.908106829268079e-30,3.4913076913568236e-30,1.3683299526313397e-30,5.362823975392563e-31,2.1018235357443702e-31,8.237566990226617e-32,3.228506521335495e-32,1.2653316653658035e-32,4.959148178257686e-33,1.9436129931045957e-33,7.617500689991912e-34,2.985487181238685e-34,1.1700863671795711e-34,4.585858265488994e-35,1.7973114311079123e-35,7.044108634366431e-36,2.7607606335741675e-36,1.0820104674008002e-36,4.240667000707022e-37,1.6620224251697652e-37,6.513877513387975e-38,2.5529499251544363e-38,1.0005643039726358e-38,3.9214593146541406e-39,1.5369170272646746e-39,6.0235584744410775e-40,2.360781750175934e-40,9.252488368150001e-41,3.626279345660446e-41,1.4212286867638436e-41
Ru116,6261022.4506619405,209449.26386873474,7005.554996621684,234.31782416431744,7.837329256487383,0.2621385294509416,0.008767860373539696,0.000293262404770868,9.808874045432813e-06,3.280816377207962e-07,1.0973487936638119e-08,3.670349804764748e-10,1.2276377180274921e-11,4.106132785401761e-13,1.3733959297407016e-14,4.593656558147018e-16,1.536460107187817e-17,5.139064340351685e-19,1.7188849987529093e-20,5.749228737493487e-22,1.9229693144103365e-23,6.431838343895688e-25,2.1512846914404446e-26,7.1954946256047575e-28,2.4067080992632215e-29,8.049820306234163e-31,2.6924580917186124e-32,9.005580621528662e-34,3.0121353636032134e-35,1.0074818970560685e-36,3.3697681225105854e-38,1.1271008672879976e-39,3.769862847699149e-41,1.2609222743886785e-42,4.217461075592955e-44,1.410632382774361e-45,4.718202927461286e-47,1.5781176681143233e-48,5.278398179780336e-50,1.7654885885410408e-51,5.905105772824338e-53,1.9751061782313375e-54,6.606222759362668e-56,2.2096117984604695e-57,7.390583814292597e-59,2.471960421017859e-60,8.268072559114434e-62,2.7654578633841007e-63,9.249746104032839e-65,3.0938024448643476e-66,1.0347974377021491e-67,3.4611315885810674e-69,1.1576595995516752e-70,3.8720739565512093e-72,1.2951092644857291e-73,4.3318077747944563e-75,1.4488784160787287e-76,4.846126083418858e-78,1.6209046774230176e-79,5.42150973389095e-81,1.813355726840405e-82,6.065209053318349e-84,2.0286566124867395e-85,6.78533520478501e-87,2.2695203100369862e-88,7.590962394957425e-90,2.5389819085037703e-91,8.492242216865318e-93,2.8404368549600634e-94,9.5005315686739e-96,3.177683740082247e-97,1.0628535760333816e-98,3.5549721636480704e-100,1.1890468611375046e-101,3.977056283135822e-103,1.330223155721447e-104,4.449254720182935e-106,1.4881614020869923e-107,4.977517579776748e-109,1.6648517574935925e-110,5.568501426676668e-112,1.8625206718454295e-113,6.22965316383491e-115,2.0836589428683136e-116,6.9693038697557815e-118,2.3310531022956667e-119,7.7967737772247e-121,2.6078205285564654e-122,8.722489716228848e-124,2.9174487284150795e-125,9.75811650095094e-127,3.2638392825453464e-128,1.0916703916424863e-129,3.6513570087907733e-131,1.2212851157010934e-132,4.0848849626100685e-134,1.3662890788756484e-135,4.569885967760756e-137,1.5285094553725384e-138,5.112471452560258e-140,1.7099903609607163e-141,5.71947845912025e-143,1.9130186105822207e-144,6.398555795936755e-146,2.1401525341802828e-147,7.158260419432245e-149,2.3942542138491276e-150,8.008165258940069e-152,2.678525548521214e-153,8.958979843818128e-155,2.9965486006378416e-156,1.0022685252697055e-157,3.3523307332058085e-159,1.121268508533886e-160,3.7503551060056437e-162,1.2543974359481031e-163,4.1956371672469776e-165,1.4033328460910958e-166,4.6937878525142935e-168,1.5699514527703547e-169,5.251084287363928e-171,1.7563527932244763e-172
Ru117,446303.7184833235,3386.440635857999,25.692946949190446,0.19493255413168062,0.0014789545448181214,1.1220837665527153e-05,8.513256770281383e-08,6.459013399632571e-10,4.900457630065612e-12,3.717980362981498e-14,2.8208340981678776e-16,2.140168648713807e-18,1.623747333426091e-20,1.2319381486093865e-22,9.346722675115043e-25,7.091364518918687e-27,5.380222831909354e-29,4.081978530898113e-31,3.096999742815458e-33,2.34969570133646e-35,1.7827156433212615e-37,1.3525475078048223e-39,1.0261786660831837e-41,7.785624154772546e-44,5.906958065181997e-46,4.48161289193879e-48,3.400202590158922e-50,2.5797358970738475e-52,1.9572472881212533e-54,1.4849647792253582e-56,1.1266437352719474e-58,8.547853282349759e-61,6.485261795641282e-63,4.920372305038289e-65,3.733089639721143e-67,2.8322975161703537e-69,2.1488659513421107e-71,1.6303459825368515e-73,1.2369445479435007e-75,9.384706259136426e-78,7.1201826886016e-80,5.402087195825242e-82,4.0985670378958284e-84,3.1095854537683078e-86,2.3592444883496902e-88,1.7899603141837665e-90,1.3580440442584406e-92,1.0303488918338535e-94,7.817263684425984e-97,5.9309629967262965e-99,4.499825448976086e-101,3.4140204689237353e-103,2.590219530600322e-105,1.9652012276360026e-107,1.490999438262658e-109,1.1312222349737543e-111,8.582590389102385e-114,6.511616860927572e-116,4.940367910060633e-118,3.748260318141643e-120,2.843807519667671e-122,2.15759859841538e-124,1.6369714475007877e-126,1.2419712924827057e-128,9.42284420235998e-131,7.149117970710702e-133,5.4240404130143734e-135,4.115222957929231e-137,3.122222311034789e-139,2.3688320801040457e-141,1.7972344262283799e-143,1.3635629177559015e-145,1.034536064714086e-147,7.849031792060667e-150,5.955065480467851e-152,4.51811201892832e-154,3.4278945013348223e-156,2.6007457679344267e-158,1.9731874906870623e-160,1.4970586211877943e-162,1.1358193409650699e-164,8.617468661893473e-167,6.538079028978239e-169,4.960444774019354e-171,3.763492647769552e-173,2.855364297975797e-175,2.1663667335677634e-177,1.643623837293227e-179,1.2470184649066527e-181,9.461137132076767e-184,7.178170841172139e-186,5.4460828445622206e-188,4.1319465649541064e-190,3.1349105224653334e-192,2.378458634295777e-194,1.8045380990993457e-196,1.3691042190713725e-198,1.0387402535943008e-200,7.880929000196912e-203,5.979265912843167e-205,4.536472902572145e-207,3.441824915591626e-209,2.6113147822112244e-211,1.9812062086321196e-213,1.503142427661927e-215,1.1404351288588842e-217,8.652488674399242e-220,6.564648735041808e-222,4.980603227137785e-224,3.778786879145533e-226,2.8669680411800883e-228,2.1751705010171437e-230,1.6503032613323662e-232,1.2520861482309985e-234,9.499585678127093e-237,7.207341777846148e-239,5.46821485302166e-241,4.148738134039553e-243,3.1476502967550446e-245,2.388124309262001e-247,1.8118714529271407e-249,1.3746680393479231e-251
Ru118,10616.84555307997,37.896609843373035,0.13527017331542943,0.00048284051884074555,1.7234765123704029e-06,6.1518683142295534e-09,2.195880447687064e-11,7.838091932789078e-14,2.7977700339544383e-16,9.98650848958352e-19,3.5646372147164036e-21,1.272380480705028e-23,4.5417022551282507e-26,1.6211392493861214e-28,5.786580269397222e-31,2.0654925989150445e-33,7.3726786418833e-36,2.631642949727071e-38,9.393525679398277e-41,3.3529747908494236e-43,1.1968285744646931e-45,4.272023280832109e-48,1.5248786084618933e-50,5.442982441078278e-53,1.942846970866063e-55,6.934900843544996e-58,2.4753802245352738e-60,8.835753234631729e-63,3.153880541239356e-65,1.1257628188869215e-67,4.0183574102340936e-70,1.4343337695544527e-72,5.119786899106211e-75,1.82748384292743e-77,6.523117586678924e-80,2.328396128606954e-82,8.311100420423404e-85,2.966608187915526e-87,1.0589168335616258e-89,3.779753810994701e-92,1.3491653375342748e-94,4.815782188536106e-97,1.7189707919569527e-99,6.135785357226313e-102,2.1901397118617028e-104,7.817600646385755e-107,2.7904557656927266e-109,9.960400553189817e-112,3.5553181096692785e-114,1.269054070008688e-116,4.5298287886689986e-119,1.6169010714030489e-121,5.771452292510396e-124,2.0600927387486603e-126,7.353404095105083e-129,2.624762990949275e-131,9.368967990271358e-134,3.3442090392696203e-136,1.1936996806847589e-138,4.2608548417119835e-141,1.5208920866700747e-143,5.428752739124672e-146,1.937767745710339e-148,6.916770788350133e-151,2.468908786642854e-153,8.81265374158258e-156,3.145635285888103e-158,1.122819713786619e-160,4.007852135063794e-163,1.4305839610140674e-165,5.10640213396526e-168,1.822706213991208e-170,6.506064064998223e-173,2.3223089542868792e-175,8.289372538114551e-178,2.9588525225640287e-180,1.0561484853080132e-182,3.769872322165635e-185,1.3456381865932205e-187,4.803192189219012e-190,1.714476850941854e-192,6.119744446231376e-195,2.1844139841611617e-197,7.797162930777771e-200,2.7831606192743333e-202,9.934360871316082e-205,3.546023367751888e-207,1.2657363556168698e-209,4.5179863632595536e-212,1.6126739733766414e-214,5.75636386500753e-217,2.0547069955487862e-219,7.334179938174552e-222,2.617901018590509e-224,9.344474502820846e-227,3.3354662041761185e-229,1.1905789668367783e-231,4.249715600474071e-234,1.5169159869249253e-236,5.414560238176249e-239,1.9327017992783688e-241,6.898688130934876e-244,2.462454267164837e-246,8.789614638017553e-249,3.1374115862790477e-251,1.119884302907065e-253,3.997374324052412e-256,1.4268439556759755e-258,5.09305236089361e-261,1.817941075309467e-263,6.48905512669317e-266,2.3162376937929594e-268,8.267701459459341e-271,2.9511171330094143e-273,1.0533873744046902e-275,3.760016666717877e-278,1.342120256756066e-280,4.790635104198394e-283,1.7099946585300072e-285,6.103745471322923e-288,2.178703225349364e-290,7.776778645913804e-293
Ru119,132.355460047649,1.8345603888197166,0.025428583142808766,0.00035246200920469224,4.885426263623371e-06,6.771620530438518e-08,9.38604783572094e-10,1.300986869811158e-11,1.8032795752217976e-13,2.4995004191580496e-15,3.4645223243339006e-17,4.802125594302211e-19,6.656158646022291e-21,9.226007744067571e-23,1.278803938131222e-24,1.7725321260774623e-26,2.4568818129916423e-28,3.4054492746301316e-30,4.7202452721800217e-32,6.542665484852301e-34,9.068696471975409e-36,1.2569992442869912e-37,1.7423089470695344e-39,2.414989890276709e-41,3.3473834706227652e-43,4.63976107913009e-45,6.431107478524214e-47,8.914067490752024e-49,1.2355663390019468e-50,1.7126010989466756e-52,2.3738122604428925e-54,3.2903077379167613e-56,4.5606492099653345e-58,6.321451631003532e-60,8.762075065058768e-62,1.2144988829652204e-63,1.6833997948793822e-65,2.3333367441895778e-67,3.2342051949550824e-69,4.4828862653973535e-71,6.213665508866185e-73,8.61267423938337e-75,1.193790644956574e-76,1.6546963978610528e-78,2.2935513698835696e-80,3.179059248025585e-82,4.406449245115466e-84,6.107717231705523e-86,8.465820824743224e-88,1.1734355000033744e-89,1.6264824181533915e-91,2.2544443700182035e-93,3.1248535863530325e-95,4.3313155409838565e-97,6.0035754627029216e-99,8.32147138561543e-101,1.153427427568973e-102,1.5987495107753552e-104,2.2160041777327965e-106,3.0715721772747567e-108,4.2574629303546344e-110,5.901209399359158e-112,8.179583227089686e-114,1.133760509771989e-115,1.5714894730349168e-117,2.178219423391469e-119,3.0191992614986147e-121,4.1848695694949416e-123,5.80058876438381e-125,8.040114382240214e-127,1.1144289296359549e-128,1.5446942421029295e-130,2.1410789312203104e-132,2.9677193484418e-134,4.113513987126134e-136,5.701683796739977e-138,7.903023599712958e-140,1.0954269693687883e-141,1.5183558926283245e-143,2.104571716001832e-145,2.9171172116490853e-147,4.043375078073097e-149,5.604465242841706e-151,7.76827033152448e-153,1.0767490086716187e-154,1.4924666343940037e-156,2.0686869798258456e-158,2.8673778842892537e-160,3.9744320970218907e-162,5.5089043479015495e-164,7.635814721068931e-166,1.0583895230764493e-167,1.4670188100126914e-169,2.0334141088957093e-171,2.8184866547282814e-173,3.906664652383817e-175,5.414972847425644e-177,7.505617591329473e-179,1.0403430823121583e-180,1.4420048926620739e-182,1.9987426703890302e-184,2.7704290621779965e-186,3.840052700264091e-188,5.322642958853762e-190,7.377640433290703e-192,1.0226043486983635e-193,1.4174174838585563e-195,1.9646624093719087e-197,2.723190892418971e-199,3.774576538533362e-201,5.231887373341909e-203,7.251845394548639e-205,1.0051680755666668e-206,1.3932493112689732e-208,1.931163245765779e-210,2.676758173596284e-212,3.710216801000327e-214,5.142679247685112e-216,7.128195268114943e-218,9.880291057088194e-220,1.3694932265596128e-221,1.898235271365973e-223
Ru120,56.31378430802143,0.5373771203105194,0.005127948209868276,4.893370381659787e-05,4.6695233087621886e-07,4.455916113114145e-09,4.252080371855678e-11,4.0575690901156707e-13,3.8719557207892134e-15,3.6948332291551776e-17,3.5258132002828425e-19,3.3645249872701744e-21,3.2106148984459126e-23,3.0637454217530876e-25,2.9235944846130637e-27,2.789854747647103e-29,2.6622329307065993e-31,2.540449169734038e-33,2.424236403044341e-35,2.3133397856807445e-37,2.207516130560948e-39,2.1065333751880163e-41,2.0101700727565762e-43,1.918214906538341e-45,1.8304662264820608e-47,1.7467316070116784e-49,1.6668274250530128e-51,1.5905784573635896e-53,1.5178174962826e-55,1.448384983058374e-57,1.3821286579492807e-59,1.3189032263307384e-61,1.2585700400761563e-63,1.2009967935130985e-65,1.1460572332879186e-67,1.0936308815026274e-69,1.0436027715168571e-71,9.958631958355587e-74,9.503074655295626e-76,9.068356806614457e-78,8.653525112132525e-80,8.25766988035673e-82,7.87992303360249e-84,7.519456204371382e-86,7.175478918809908e-88,6.847236863265927e-90,6.534010230141394e-92,6.235112139413993e-94,5.9498871323662515e-96,5.677709734218939e-98,5.417983082516758e-100,5.1701376182585e-102,4.9336298369013936e-104,4.707941096500746e-106,4.492576480371166e-108,4.287063711775349e-110,4.090952118260342e-112,3.903811643370273e-114,3.725231903568194e-116,3.5548212882990384e-118,3.3922061012201683e-120,3.237029740716272e-122,3.0889519179016355e-124,2.9476479103948155e-126,2.81280785022941e-128,2.684136044339319e-130,2.5613503261283643e-132,2.4441814367023653e-134,2.332372434406713e-136,2.225678131374638e-138,2.123864555850558e-140,2.0267084391094307e-142,1.9339967258469596e-144,1.8455261069669811e-146,1.7611025737414948e-148,1.6805409923656026e-150,1.6036646979744402e-152,1.5303051072317844e-154,1.46030134864078e-156,1.3934999097660915e-158,1.3297543005938714e-160,1.2689247322913044e-162,1.2108778106613028e-164,1.155486243620091e-166,1.1026285620562307e-168,1.052188853458931e-170,1.0040565077315323e-172,9.581259746327371e-175,9.142965323136884e-177,8.724720664433104e-179,8.325608594375545e-181,7.944753893303447e-183,7.581321378451673e-185,7.234514072464183e-187,6.903571455688806e-189,6.587767798420744e-191,6.286410569437528e-193,5.998838917335481e-195,5.724422221337441e-197,5.462558708393686e-199,5.212674133543568e-201,4.9742205206439503e-203,4.7466749607029834e-205,4.529538465184061e-207,4.3223348717653636e-209,4.12460980015537e-211,3.935929655674588e-213,3.75588067841839e-215,3.5840680359158574e-217,3.420114957294923e-219,3.263661907055122e-221,3.1143657966360504e-223,2.97189923205262e-225,2.8359497959472003e-227,2.706219362484283e-229,2.5824234435852423e-231,2.4642905650695927e-233,2.3515616713346173e-235,2.243989557267935e-237,2.1413383261471817e-239,2.043382872338084e-241,1.9499083876564605e-243
S41,0.0,0.0,0.0,0.0,0.0,0.0,0.0,0.0,0.0,0.0,0.0,0.0,0.0,0.0,0.0,0.0,0.0,0.0,0.0,0.0,0.0,0.0,0.0,0.0,0.0,0.0,0.0,0.0,0.0,0.0,0.0,0.0,0.0,0.0,0.0,0.0,0.0,0.0,0.0,0.0,0.0,0.0,0.0,0.0,0.0,0.0,0.0,0.0,0.0,0.0,0.0,0.0,0.0,0.0,0.0,0.0,0.0,0.0,0.0,0.0,0.0,0.0,0.0,0.0,0.0,0.0,0.0,0.0,0.0,0.0,0.0,0.0,0.0,0.0,0.0,0.0,0.0,0.0,0.0,0.0,0.0,0.0,0.0,0.0,0.0,0.0,0.0,0.0,0.0,0.0,0.0,0.0,0.0,0.0,0.0,0.0,0.0,0.0,0.0,0.0,0.0,0.0,0.0,0.0,0.0,0.0,0.0,0.0,0.0,0.0,0.0,0.0,0.0,0.0,0.0,0.0,0.0,0.0,0.0,0.0,0.0,0.0
S42,0.0,0.0,0.0,0.0,0.0,0.0,0.0,0.0,0.0,0.0,0.0,0.0,0.0,0.0,0.0,0.0,0.0,0.0,0.0,0.0,0.0,0.0,0.0,0.0,0.0,0.0,0.0,0.0,0.0,0.0,0.0,0.0,0.0,0.0,0.0,0.0,0.0,0.0,0.0,0.0,0.0,0.0,0.0,0.0,0.0,0.0,0.0,0.0,0.0,0.0,0.0,0.0,0.0,0.0,0.0,0.0,0.0,0.0,0.0,0.0,0.0,0.0,0.0,0.0,0.0,0.0,0.0,0.0,0.0,0.0,0.0,0.0,0.0,0.0,0.0,0.0,0.0,0.0,0.0,0.0,0.0,0.0,0.0,0.0,0.0,0.0,0.0,0.0,0.0,0.0,0.0,0.0,0.0,0.0,0.0,0.0,0.0,0.0,0.0,0.0,0.0,0.0,0.0,0.0,0.0,0.0,0.0,0.0,0.0,0.0,0.0,0.0,0.0,0.0,0.0,0.0,0.0,0.0,0.0,0.0,0.0,0.0
S43,0.0,0.0,0.0,0.0,0.0,0.0,0.0,0.0,0.0,0.0,0.0,0.0,0.0,0.0,0.0,0.0,0.0,0.0,0.0,0.0,0.0,0.0,0.0,0.0,0.0,0.0,0.0,0.0,0.0,0.0,0.0,0.0,0.0,0.0,0.0,0.0,0.0,0.0,0.0,0.0,0.0,0.0,0.0,0.0,0.0,0.0,0.0,0.0,0.0,0.0,0.0,0.0,0.0,0.0,0.0,0.0,0.0,0.0,0.0,0.0,0.0,0.0,0.0,0.0,0.0,0.0,0.0,0.0,0.0,0.0,0.0,0.0,0.0,0.0,0.0,0.0,0.0,0.0,0.0,0.0,0.0,0.0,0.0,0.0,0.0,0.0,0.0,0.0,0.0,0.0,0.0,0.0,0.0,0.0,0.0,0.0,0.0,0.0,0.0,0.0,0.0,0.0,0.0,0.0,0.0,0.0,0.0,0.0,0.0,0.0,0.0,0.0,0.0,0.0,0.0,0.0,0.0,0.0,0.0,0.0,0.0,0.0
S44,0.0,0.0,0.0,0.0,0.0,0.0,0.0,0.0,0.0,0.0,0.0,0.0,0.0,0.0,0.0,0.0,0.0,0.0,0.0,0.0,0.0,0.0,0.0,0.0,0.0,0.0,0.0,0.0,0.0,0.0,0.0,0.0,0.0,0.0,0.0,0.0,0.0,0.0,0.0,0.0,0.0,0.0,0.0,0.0,0.0,0.0,0.0,0.0,0.0,0.0,0.0,0.0,0.0,0.0,0.0,0.0,0.0,0.0,0.0,0.0,0.0,0.0,0.0,0.0,0.0,0.0,0.0,0.0,0.0,0.0,0.0,0.0,0.0,0.0,0.0,0.0,0.0,0.0,0.0,0.0,0.0,0.0,0.0,0.0,0.0,0.0,0.0,0.0,0.0,0.0,0.0,0.0,0.0,0.0,0.0,0.0,0.0,0.0,0.0,0.0,0.0,0.0,0.0,0.0,0.0,0.0,0.0,0.0,0.0,0.0,0.0,0.0,0.0,0.0,0.0,0.0,0.0,0.0,0.0,0.0,0.0,0.0
S45,0.0,0.0,0.0,0.0,0.0,0.0,0.0,0.0,0.0,0.0,0.0,0.0,0.0,0.0,0.0,0.0,0.0,0.0,0.0,0.0,0.0,0.0,0.0,0.0,0.0,0.0,0.0,0.0,0.0,0.0,0.0,0.0,0.0,0.0,0.0,0.0,0.0,0.0,0.0,0.0,0.0,0.0,0.0,0.0,0.0,0.0,0.0,0.0,0.0,0.0,0.0,0.0,0.0,0.0,0.0,0.0,0.0,0.0,0.0,0.0,0.0,0.0,0.0,0.0,0.0,0.0,0.0,0.0,0.0,0.0,0.0,0.0,0.0,0.0,0.0,0.0,0.0,0.0,0.0,0.0,0.0,0.0,0.0,0.0,0.0,0.0,0.0,0.0,0.0,0.0,0.0,0.0,0.0,0.0,0.0,0.0,0.0,0.0,0.0,0.0,0.0,0.0,0.0,0.0,0.0,0.0,0.0,0.0,0.0,0.0,0.0,0.0,0.0,0.0,0.0,0.0,0.0,0.0,0.0,0.0,0.0,0.0
S46,0.0,0.0,0.0,0.0,0.0,0.0,0.0,0.0,0.0,0.0,0.0,0.0,0.0,0.0,0.0,0.0,0.0,0.0,0.0,0.0,0.0,0.0,0.0,0.0,0.0,0.0,0.0,0.0,0.0,0.0,0.0,0.0,0.0,0.0,0.0,0.0,0.0,0.0,0.0,0.0,0.0,0.0,0.0,0.0,0.0,0.0,0.0,0.0,0.0,0.0,0.0,0.0,0.0,0.0,0.0,0.0,0.0,0.0,0.0,0.0,0.0,0.0,0.0,0.0,0.0,0.0,0.0,0.0,0.0,0.0,0.0,0.0,0.0,0.0,0.0,0.0,0.0,0.0,0.0,0.0,0.0,0.0,0.0,0.0,0.0,0.0,0.0,0.0,0.0,0.0,0.0,0.0,0.0,0.0,0.0,0.0,0.0,0.0,0.0,0.0,0.0,0.0,0.0,0.0,0.0,0.0,0.0,0.0,0.0,0.0,0.0,0.0,0.0,0.0,0.0,0.0,0.0,0.0,0.0,0.0,0.0,0.0
Sb134,363462657206.6737,155504991921.9609,67025199927.03866,29141153312.17701,12796266783.025787,5681288279.371509,2552669606.9069977,1161484829.5975852,535373522.9291244,249995059.00230956,118222001.40825792,56583245.89461573,27385804.601199068,13389493.9558544,6605683.815922978,3284669.545254463,1644397.7886861914,827975.1800222016,418909.55107658595,212794.82227471142,108451.00037626021,55421.433476413025,28384.132506515416,14562.847290612417,7482.400369852895,3848.911666085622,1981.7024054279348,1021.086196475045,526.4356742057495,271.54089448207975,140.11690582136578,72.3232298323179,37.33966009872951,19.28176727329207,9.958414507265637,5.143832870470591,2.6572103932593336,1.3727733335263654,0.7092488446751091,0.3664543351079283,0.18934687612956722,0.09783854819595098,0.05055599462458965,0.026124255165703953,0.013499634751003024,0.006975985440338616,0.0036049018652271384,0.0018628795555536092,0.0009626731318836167,0.0004974794083539632,0.00025708284969407953,0.00013285334216335147,6.86551252513268e-05,3.5479240868984436e-05,1.8334808182055066e-05,9.474994729457592e-06,4.89645789755163e-06,2.5303781170845967e-06,1.307642722110359e-06,6.757608091573532e-07,3.49218367871546e-07,1.8046845322815854e-07,9.326219353145468e-08,4.819589447053035e-08,2.4906605078918678e-08,1.2871201249986903e-08,6.651562435739329e-09,3.4373859608611302e-09,1.7763680535972184e-09,9.17989327392197e-10,4.743974304346664e-10,2.451585467387171e-10,1.2669274907582184e-10,6.547213310358655e-11,3.383461417980277e-11,1.7485013509802856e-11,9.035885529231206e-12,4.6695547552821774e-12,2.413127267636087e-12,1.247053208678517e-12,6.444507642392004e-13,3.3303854721840146e-13,1.7210728946916924e-13,8.894141353536288e-14,4.596304479283199e-14,2.375273121368096e-14,1.2274910055597373e-14,6.343414390787262e-15,3.278142648562628e-15,1.6940749205552124e-15,8.754621581047734e-16,4.5242036301679e-16,2.338012934459393e-16,1.2082357315730778e-16,6.243907216187737e-17,3.2267194481113734e-17,1.6675004988801685e-17,8.617290591018539e-18,4.453233878193613e-18,2.3013372666867313e-18,1.1892825214517569e-18,6.145961030371392e-19,3.1761029281569825e-19,1.6413429503733383e-19,8.48211390413186e-20,4.3833774207459035e-20,2.2652369244367728e-20,1.1706266267630356e-20,6.049551305265571e-21,3.1262804175607537e-21,1.6155957286882165e-21,8.34905769777807e-22,4.314616782109333e-22,2.2297028779014714e-22,1.1522633816161194e-22,5.954653930683795e-23,3.077239457572288e-23,1.5902523957695198e-23,8.218088702942926e-24,4.246934770174988e-24,2.194726242814893e-24,1.1341881949139622e-24
Sb134_m1,4496903266602.78,4197781238125.1147,3918556010315.8325,3657904100986.5674,3414590062459.232,3187460625744.865,2975439234236.0854,2777520941003.794,2592767645512.0938,2420303647174.2466,2259311494674.2476,2109028111380.4768,1968741178486.5125,1837785758735.783,1715541144727.0608,1601427916862.294,1494905196991.8936,1395468084740.2366,1302645264359.9617,1215996770771.9412,1135111904202.3333,1059607283532.4164,989125029134.4094,923331066580.2112,861913543182.9227,804581349865.8052,751062741352.5795,701104048138.9934,654468474140.6069,610934974317.8469,570297206958.4521,532362555651.3021,496951216315.93915,463895344960.4572,433038262128.26447,404233710262.9302,377345160471.1422,352245165397.9484,328814755147.0103,306942873382.6369,286525850940.80426,267466914454.17355,249675727662.06006,233067963231.2426,217564903058.11252,203093065157.66028,189583855370.8107,176973242239.2599,165201453506.77322,154212692808.4056,143954875204.8035,134379380308.05864,125440821828.97339,117096832453.42807,109307863028.19966,102036995104.40395,95249765950.05014,88914005202.29309,82999682385.14333,77478764569.89261,72325083503.58894,67514211575.77143,63023346035.56788,58831200910.3625,54917906113.7459,51264913264.53569,47854907770.46508,44671726759.82989,41700282472.10448,38926490744.40944,36337204254.869,33920150206.4427,31663872155.86251,29557675711.954044,27591577845.961006,25756259573.611717,24043021784.648483,22443744010.45922,20950845934.376335,19557251462.207916,18256355182.701557,17041991058.968931,15908403202.473154,14850218591.052935,13862421601.670881,12940330237.175735,12079573934.396927,11276072848.385693,10526018514.613201,9825855797.467815,9172266039.49021,8562151331.476525,7992619828.892341,7460972044.999662,6964688055.728647,6501415555.647143,6068958708.415341,5665267738.8784685,5288429217.4657955,4936656990.8455,4608283715.848254,4301752956.531639,4015611806.9267864,3748504004.5002847,3499163501.6902614,3266408465.046718,3049135673.533122,2846315289.4380307,2656985977.111752,2480250346.391637,2315270699.1185985,2161265058.584007,2017503463.087215,1883304506.0357594,1758032106.1888928,1641092492.735887,1531931390.91893,1430031394.8608744,1334909515.1454842,1246114889.5261254,1163226645.9120107,1085851907.5028982
Sb135,304013701880.66223,201191476650.9034,133143217318.39336,88110541777.54312,58309139954.28798,38587389080.849464,25536075397.53666,16899074080.041826,11183343576.246912,7400829947.953189,4897666207.3452,3241141121.639317,2144898269.0218174,1419434826.1287327,939343023.7350872,621631440.9068549,411378632.25661504,272239092.0743032,180160361.87122396,119225184.53268857,78899956.01259987,52213826.15753801,34553677.59107788,22866675.800884344,15132538.665515719,10014298.906291919,6627188.259765923,4385691.364053938,2902330.2171012517,1920682.5081536665,1271054.9872619018,841149.3173832219,556649.5401260506,368375.3931899989,243780.72831454707,161327.39753037458,106762.04544085953,70652.19250543068,46755.68255752075,30941.627908456136,20476.32042260399,13550.667058941759,8967.459677940411,5934.418779953943,3927.2355294223667,2598.936724124664,1719.9050185302528,1138.1859532427984,753.2202361187718,498.4604866036271,329.867474067632,218.2972439584506,144.46312675885392,95.601733739327,63.26660442025226,41.86810299677795,27.707161852796915,18.33583952910794,12.13415553073904,8.030051212567965,5.314067576694142,3.516704123315445,2.327258303071383,1.540115693357938,1.0192063106175324,0.6744827730037161,0.446354193787462,0.2953849590915459,0.19547766162372107,0.1293617532571637,0.08560805908339449,0.056653064723518734,0.03749144387727125,0.02481080892732462,0.016419112628558896,0.010865718256062204,0.0071906342255529,0.004758564445276809,0.0031490873919555375,0.0020839796363410303,0.001379120546409216,0.000912664139495847,0.0006039760872901523,0.00039969480363261426,0.0002645070548532611,0.00017504351177768745,0.00011583899352878698,7.6659067711145e-05,5.073086776156711e-05,3.357229641168002e-05,2.2217224661935984e-05,1.4702749720367896e-05,9.729876374259135e-06,6.438965231600032e-06,4.261130528178062e-06,2.819899273420848e-06,1.8661319712352056e-06,1.2349549386002004e-06,8.172592956346707e-07,5.408397791893088e-07,3.5791292716515786e-07,2.3685695535182245e-07,1.5674543454712222e-07,1.0372982805116156e-07,6.864555423009027e-08,4.542774440185237e-08,3.006283487089148e-08,1.9894759301270432e-08,1.3165805864793004e-08,8.712769098862575e-09,5.765871542515564e-09,3.815695592016881e-09,2.525122653805248e-09,1.6710568919860131e-09,1.105859603313085e-09,7.318275446543016e-10,4.843033903311106e-10,3.204986961743888e-10,2.1209724379434047e-10,1.4036013675599688e-10,9.288648752675507e-11,6.14697289733825e-11
Sb136,13249108202.276548,6254748179.574673,2951725664.6124997,1392943465.157493,657340681.8555297,310204079.7551107,146387669.9400038,69081457.35349034,32600066.33064596,15384219.810588628,7259930.601982007,3426016.5932703237,1616763.3467679655,762962.9478697927,360048.031139407,169909.4105281333,80181.54604167207,37838.28279816357,17856.174092349094,8426.464671165093,3976.5129129659013,1876.5467564463431,885.5567192167927,417.9009663660528,197.21065167247306,93.06520985408469,43.918181962956076,20.725324855071655,9.780438787528965,4.615463619774965,2.178072465688252,1.0278489999278992,0.4850497783226632,0.22889868790782342,0.10801903571032949,0.0509750063770053,0.024055494089985193,0.011351971035247342,0.005357081667208183,0.002528047675600214,0.0011930049693340415,0.0005629881392635534,0.0002656783945572071,0.00012537565964858077,5.91657295223984e-05,2.7920758779889947e-05,1.3176018907189839e-05,6.217863762630465e-06,2.934257308141556e-06,1.3846983914520063e-06,6.5344972643322e-07,3.083679071280625e-07,1.4552116605141648e-07,6.867254756238168e-08,3.240709868309679e-08,1.5293156906724067e-08,7.2169573234789905e-09,3.405737175560963e-09,1.607193334961632e-09,7.584467863465214e-10,3.579168200900348e-10,1.689036757877879e-10,7.970693215102258e-11,3.761430888520112e-11,1.7750479095476888e-11,8.376586396431863e-12,3.952974974898963e-12,1.8654390240436855e-12,8.803148956221258e-13,4.154273098534932e-13,1.9604331430759978e-13,9.251433445302934e-14,4.3658219661894284e-14,2.0602646663517163e-14,9.72254601376288e-15,4.5881435785201764e-15,2.1651799299604073e-15,1.0217649140385838e-15,4.821786518127228e-16,2.2754378142128636e-16,1.0737964501092835e-16,5.067327303190509e-17,2.391310382432976e-17,1.128477598344856e-17,5.3253718100388304e-18,2.5130835522788742e-18,1.1859432854677162e-18,5.596556768160673e-19,2.641057801249947e-19,1.2463353091003525e-19,5.881551331345759e-20,2.7755489081204965e-20,1.3098026876535325e-20,6.1810587288340996e-21,2.9168887321295763e-21,1.376502028031911e-21,6.49581800054687e-22,3.065426031849662e-22,1.4465979120644185e-22,6.826605820680805e-23,3.221527325754756e-23,1.5202633026128922e-23,7.1742384141658e-24,3.385577796611329e-24,1.5976799703610646e-24,7.539573570714711e-25,3.557982241923778e-25,1.6790389423370176e-25,7.923512761434984e-26,3.7391660727795867e-26,1.7645409732758278e-26,8.327003363224905e-27,3.929576363558882e-27,1.8543970409855104e-27,8.751040996443253e-28,4.129682955098552e-28,1.9488288669385716e-28,9.196671981620554e-29,4.3399796140330084e-29,2.0480694633737603e-29,9.664995921273881e-30,4.5609852511722964e-30
Sb137,41725027879.74229,8942132271.071447,1916397270.8130703,410705007.2901388,88018599.05677468,18863353.6051443,4042624.0936099417,866378.7947959943,185674.5021775908,39792.08744024487,8527.881880828318,1827.6188572054543,391.6788170720463,83.94107728650518,17.989495854515326,3.855346768960887,0.8262432048759392,0.1770730039382843,0.037948691787953154,0.008132821923092162,0.0017429531642965776,0.0003735340281219907,8.005244949961174e-05,1.715612016154792e-05,3.676745194397809e-06,7.879669235953684e-07,1.688699759848442e-07,3.619069269938763e-08,7.756063387958671e-09,1.662209667488647e-09,3.562298089237121e-10,7.634396505318798e-11,1.6361351167247674e-11,3.5064174598672914e-12,7.514638172105475e-13,1.610469589088857e-13,3.451413412035706e-14,7.396758449515005e-15,1.5852066683660908e-15,3.397272195088495e-16,7.280727868384162e-17,1.5603400389907498e-17,3.3439802740738725e-18,7.1665174218229865e-19,1.535863484467368e-19,3.291524326358513e-20,7.054098557963376e-21,1.5117708858166607e-21,3.2398912382969808e-22,6.943443172821199e-23,1.4880562200458048e-23,3.189068101953385e-24,6.834523603270518e-25,1.4647135586427383e-25,3.1390422118744974e-26,6.727312620128037e-27,1.4417370660940749e-27,3.089801061913472e-28,6.621783421345901e-29,1.4191209984262512e-29,3.0413323421033715e-30,6.517909625311392e-31,1.3968597017695792e-31,2.9936239355797743e-32,6.415665264251744e-33,1.3749476109448193e-33,2.9466639155516357e-34,6.315024777742291e-35,1.35337924807191e-35,2.900440542319652e-36,6.2159630063165585e-37,1.3321492212005417e-37,2.854942260341429e-38,6.118455185176605e-39,1.3112522229622072e-39,2.81015769534267e-40,6.02247693800191e-41,1.2906830292433835e-41,2.7660756514736672e-42,5.928004270855483e-43,1.270436497879545e-43,2.7226851085104266e-44,5.835013566185575e-45,1.2505075673696586e-45,2.679975219099684e-46,5.743481576921377e-47,1.2308912556108318e-47,2.6379353060471222e-48,5.653385420661433e-49,1.2115826586528253e-49,2.5965548596481577e-50,5.564702573953223e-51,1.1925769494721018e-51,2.555823535060581e-52,5.477410866662385e-53,1.1738693767650907e-53,2.5157311497184011e-54,5.391488476430352e-55,1.1554552637604001e-55,2.476267680786283e-56,5.30691392321894e-57,1.1373300070496576e-57,2.437423262653905e-58,5.223666063940416e-59,1.1194890754366786e-59,2.3991881844696056e-60,5.14172408717189e-61,1.1019280088047029e-61,2.3615528877127487e-62,5.061067507952633e-63,1.0846424170013977e-63,2.3245079638041544e-64,4.981676162662903e-65,1.0676279787413393e-65,2.288044151754003e-66,4.903530203983202e-67,1.0508804405257252e-67,2.2521523358466613e-68,4.82661009593261e-69,1.0343956155790307e-69,2.216823543361811e-70,4.750896608984854e-71
Sb138,8215172.800981083,132669.62167502588,2142.526875794078,34.600395746542226,0.5587735674837815,0.009023824525179155,0.00014572881360138472,2.3534242110326845e-06,3.800624859421886e-08,6.137758443352317e-10,9.912075014599837e-12,1.600734730795183e-13,2.585080999285972e-15,4.17473529143063e-17,6.741922113206633e-19,1.0887759488331107e-20,1.7583013372926935e-22,2.8395406750477063e-24,4.5856708825946704e-26,7.405555985960055e-28,1.195948441684893e-29,1.9313778437164816e-31,3.119047816094534e-33,5.037056477961843e-35,8.134513947255364e-37,1.313670343932033e-38,2.121490950431989e-40,3.426067942809315e-42,5.532873730314761e-44,8.935226103690551e-46,1.4429800753745212e-47,2.33031763691782e-49,3.763309266429626e-51,6.077496222157517e-53,9.814755502510493e-55,1.5850182715516843e-56,2.55969995432905e-58,4.1337465780617563e-60,6.675728044897498e-62,1.0780860434440784e-63,1.7410378452388768e-65,2.8116612741506705e-67,4.5406474891841913e-69,7.332846175527572e-71,1.1842062869234134e-72,1.9124150383367967e-74,3.0884241362698134e-76,4.987601255106913e-78,8.054647024611522e-80,1.3007723627596315e-81,2.100661561641655e-83,3.392429853903801e-85,5.478550435636985e-87,8.84749756617055e-89,1.4288124952580178e-90,2.307437929580653e-92,3.726360048318294e-94,6.0178256722278424e-96,9.718391500485299e-98,1.569456120880616e-99,2.534568107537782e-101,4.093160303292302e-103,6.610183888379947e-105,1.0675010945223057e-106,1.7239438509563286e-108,2.7840556009734744e-110,4.496066147985069e-112,7.260850250256877e-114,1.172579419906489e-115,1.893638415059717e-117,3.0581011282594743e-119,4.9386315973986775e-121,7.97556425764975e-123,1.2880010175572772e-124,2.0800366815895266e-126,3.359122033120264e-128,5.424760502190378e-130,8.760630371856226e-132,1.4147840163874624e-133,2.2847828615800077e-135,3.689773607917324e-137,5.958740984370121e-139,9.622973627060477e-141,1.5540467637374592e-142,2.5096830122152114e-144,4.052972515868054e-146,6.545283262639074e-148,1.0570200715759769e-149,1.7070176902687465e-151,2.7567209679811634e-153,4.451922518805623e-155,7.189561201024699e-157,1.1610667087069427e-158,1.8750461458975253e-160,3.028075839983938e-162,4.890142737423354e-164,7.897257947311256e-166,1.275355064977759e-167,2.0596143023518735e-169,3.3261412377943287e-171,5.371498693285878e-173,8.674616063840168e-175,1.4008932730280927e-176,2.2623502273443366e-178,3.6535463833741564e-180,5.900236406427409e-182,9.52849259288199e-184,1.5387886999528126e-185,2.4850422456867147e-187,4.013179303329325e-189,6.481019849310551e-191,1.0466419542309318e-192,1.690257715339167e-194,2.7296547140257436e-196,4.408212304067396e-198,7.118972087525317e-200,1.149667032511185e-201,1.8566364208102045e-203,2.998345348347969e-205,4.842129954574946e-207,7.819720470128759e-209,1.2628332738813994e-210
Sb139,221776.56829025704,945.3676405608663,4.029821467207191,0.01717793201376069,7.32244221414321e-05,3.121339631366262e-07,1.330534377658814e-09,5.671672868732417e-12,2.4176656890682887e-14,1.0305790759410249e-16,4.3930525075067875e-19,1.8726278054975834e-21,7.982456143946462e-24,3.4026839665075546e-26,1.4504631114958294e-28,6.182893440937167e-31,2.635583835190409e-33,1.1234711092261845e-35,4.789023655454031e-38,2.0414185450923712e-40,8.701960934147762e-43,3.7093874884930745e-45,1.5812017134890217e-47,6.7401932704429215e-50,2.873144200095726e-52,1.2247360369832896e-54,5.220685965694164e-57,2.2254233671061547e-59,9.486318838952788e-62,4.043735967025907e-64,1.7237245393729606e-66,7.347725746351856e-69,3.132117250198314e-71,1.33512855645988e-73,5.691256488440142e-76,2.4260136044948196e-78,1.0341375443451597e-80,4.4082212014096775e-83,1.879093769181627e-85,8.010018626669775e-88,3.414433034256697e-90,1.4554713901171585e-92,6.204242245186502e-95,2.6446841963591165e-97,1.127350322901748e-99,4.805559591184172e-102,2.048467323358795e-104,8.732007782333474e-107,3.722195567450475e-109,1.5866614171346424e-111,6.763466365492648e-114,2.883064829279107e-116,1.2289649065506542e-118,5.238712380639434e-121,2.23310749239313e-123,9.519073982782114e-126,4.0576985119768375e-128,1.7296763575827246e-130,7.373096579625122e-133,3.142932082881277e-135,1.3397385984202961e-137,5.710907728084629e-140,2.4343903442920075e-142,1.037708299722389e-144,4.423442271029498e-147,1.8855820590781796e-149,8.037676279405888e-152,3.426222670155639e-154,1.4604969617358264e-156,6.225664764347281e-159,2.6538159800051672e-161,1.1312429310461229e-163,4.822152623556552e-166,2.055540440227976e-168,8.762158378753915e-171,3.735047871198897e-173,1.5921399724951516e-175,6.786819819803787e-178,2.893019713228873e-180,1.2332083779075262e-182,5.2568010386764936e-185,2.2408181500614507e-187,9.551942226272712e-190,4.071709267954189e-192,1.7356487267211306e-194,7.398555015403365e-197,3.1537842579102237e-199,1.344364558313699e-201,5.730626821149642e-204,2.4427960079870424e-206,1.0412913844982e-208,4.438715897213509e-211,1.8920927522770625e-213,8.065429430765809e-216,3.4380530142814965e-218,1.4655398860625533e-220,6.247161252948571e-223,2.6629792946267316e-225,1.135148979908853e-227,4.838802949719237e-230,2.0626379797382764e-232,8.792413081639654e-235,3.747944552441403e-237,1.5976374446633268e-239,6.8102539108474976e-242,2.9030089702227383e-244,1.237466501472178e-246,5.274952154723449e-249,2.248555431724316e-251,9.58492395994442e-254,4.0857684014249586e-256,1.741641717748118e-258,7.424101356167687e-261,3.1646739042238598e-263,1.3490064911028243e-265,5.750414001924997e-268,2.4512306954507186e-270,1.0448868412445448e-272,4.454042261433297e-275,1.8986259261342196e-277,8.093278410494948e-280,3.449924207194947e-282
Sc51,0.0,0.0,0.0,0.0,0.0,0.0,0.0,0.0,0.0,0.0,0.0,0.0,0.0,0.0,0.0,0.0,0.0,0.0,0.0,0.0,0.0,0.0,0.0,0.0,0.0,0.0,0.0,0.0,0.0,0.0,0.0,0.0,0.0,0.0,0.0,0.0,0.0,0.0,0.0,0.0,0.0,0.0,0.0,0.0,0.0,0.0,0.0,0.0,0.0,0.0,0.0,0.0,0.0,0.0,0.0,0.0,0.0,0.0,0.0,0.0,0.0,0.0,0.0,0.0,0.0,0.0,0.0,0.0,0.0,0.0,0.0,0.0,0.0,0.0,0.0,0.0,0.0,0.0,0.0,0.0,0.0,0.0,0.0,0.0,0.0,0.0,0.0,0.0,0.0,0.0,0.0,0.0,0.0,0.0,0.0,0.0,0.0,0.0,0.0,0.0,0.0,0.0,0.0,0.0,0.0,0.0,0.0,0.0,0.0,0.0,0.0,0.0,0.0,0.0,0.0,0.0,0.0,0.0,0.0,0.0,0.0,0.0
Sc52,0.0,0.0,0.0,0.0,0.0,0.0,0.0,0.0,0.0,0.0,0.0,0.0,0.0,0.0,0.0,0.0,0.0,0.0,0.0,0.0,0.0,0.0,0.0,0.0,0.0,0.0,0.0,0.0,0.0,0.0,0.0,0.0,0.0,0.0,0.0,0.0,0.0,0.0,0.0,0.0,0.0,0.0,0.0,0.0,0.0,0.0,0.0,0.0,0.0,0.0,0.0,0.0,0.0,0.0,0.0,0.0,0.0,0.0,0.0,0.0,0.0,0.0,0.0,0.0,0.0,0.0,0.0,0.0,0.0,0.0,0.0,0.0,0.0,0.0,0.0,0.0,0.0,0.0,0.0,0.0,0.0,0.0,0.0,0.0,0.0,0.0,0.0,0.0,0.0,0.0,0.0,0.0,0.0,0.0,0.0,0.0,0.0,0.0,0.0,0.0,0.0,0.0,0.0,0.0,0.0,0.0,0.0,0.0,0.0,0.0,0.0,0.0,0.0,0.0,0.0,0.0,0.0,0.0,0.0,0.0,0.0,0.0
Sc53,0.0,0.0,0.0,0.0,0.0,0.0,0.0,0.0,0.0,0.0,0.0,0.0,0.0,0.0,0.0,0.0,0.0,0.0,0.0,0.0,0.0,0.0,0.0,0.0,0.0,0.0,0.0,0.0,0.0,0.0,0.0,0.0,0.0,0.0,0.0,0.0,0.0,0.0,0.0,0.0,0.0,0.0,0.0,0.0,0.0,0.0,0.0,0.0,0.0,0.0,0.0,0.0,0.0,0.0,0.0,0.0,0.0,0.0,0.0,0.0,0.0,0.0,0.0,0.0,0.0,0.0,0.0,0.0,0.0,0.0,0.0,0.0,0.0,0.0,0.0,0.0,0.0,0.0,0.0,0.0,0.0,0.0,0.0,0.0,0.0,0.0,0.0,0.0,0.0,0.0,0.0,0.0,0.0,0.0,0.0,0.0,0.0,0.0,0.0,0.0,0.0,0.0,0.0,0.0,0.0,0.0,0.0,0.0,0.0,0.0,0.0,0.0,0.0,0.0,0.0,0.0,0.0,0.0,0.0,0.0,0.0,0.0
Sc54,0.0,0.0,0.0,0.0,0.0,0.0,0.0,0.0,0.0,0.0,0.0,0.0,0.0,0.0,0.0,0.0,0.0,0.0,0.0,0.0,0.0,0.0,0.0,0.0,0.0,0.0,0.0,0.0,0.0,0.0,0.0,0.0,0.0,0.0,0.0,0.0,0.0,0.0,0.0,0.0,0.0,0.0,0.0,0.0,0.0,0.0,0.0,0.0,0.0,0.0,0.0,0.0,0.0,0.0,0.0,0.0,0.0,0.0,0.0,0.0,0.0,0.0,0.0,0.0,0.0,0.0,0.0,0.0,0.0,0.0,0.0,0.0,0.0,0.0,0.0,0.0,0.0,0.0,0.0,0.0,0.0,0.0,0.0,0.0,0.0,0.0,0.0,0.0,0.0,0.0,0.0,0.0,0.0,0.0,0.0,0.0,0.0,0.0,0.0,0.0,0.0,0.0,0.0,0.0,0.0,0.0,0.0,0.0,0.0,0.0,0.0,0.0,0.0,0.0,0.0,0.0,0.0,0.0,0.0,0.0,0.0,0.0
Sc55,0.0,0.0,0.0,0.0,0.0,0.0,0.0,0.0,0.0,0.0,0.0,0.0,0.0,0.0,0.0,0.0,0.0,0.0,0.0,0.0,0.0,0.0,0.0,0.0,0.0,0.0,0.0,0.0,0.0,0.0,0.0,0.0,0.0,0.0,0.0,0.0,0.0,0.0,0.0,0.0,0.0,0.0,0.0,0.0,0.0,0.0,0.0,0.0,0.0,0.0,0.0,0.0,0.0,0.0,0.0,0.0,0.0,0.0,0.0,0.0,0.0,0.0,0.0,0.0,0.0,0.0,0.0,0.0,0.0,0.0,0.0,0.0,0.0,0.0,0.0,0.0,0.0,0.0,0.0,0.0,0.0,0.0,0.0,0.0,0.0,0.0,0.0,0.0,0.0,0.0,0.0,0.0,0.0,0.0,0.0,0.0,0.0,0.0,0.0,0.0,0.0,0.0,0.0,0.0,0.0,0.0,0.0,0.0,0.0,0.0,0.0,0.0,0.0,0.0,0.0,0.0,0.0,0.0,0.0,0.0,0.0,0.0
Sc56,0.0,0.0,0.0,0.0,0.0,0.0,0.0,0.0,0.0,0.0,0.0,0.0,0.0,0.0,0.0,0.0,0.0,0.0,0.0,0.0,0.0,0.0,0.0,0.0,0.0,0.0,0.0,0.0,0.0,0.0,0.0,0.0,0.0,0.0,0.0,0.0,0.0,0.0,0.0,0.0,0.0,0.0,0.0,0.0,0.0,0.0,0.0,0.0,0.0,0.0,0.0,0.0,0.0,0.0,0.0,0.0,0.0,0.0,0.0,0.0,0.0,0.0,0.0,0.0,0.0,0.0,0.0,0.0,0.0,0.0,0.0,0.0,0.0,0.0,0.0,0.0,0.0,0.0,0.0,0.0,0.0,0.0,0.0,0.0,0.0,0.0,0.0,0.0,0.0,0.0,0.0,0.0,0.0,0.0,0.0,0.0,0.0,0.0,0.0,0.0,0.0,0.0,0.0,0.0,0.0,0.0,0.0,0.0,0.0,0.0,0.0,0.0,0.0,0.0,0.0,0.0,0.0,0.0,0.0,0.0,0.0,0.0
Sc57,0.0,0.0,0.0,0.0,0.0,0.0,0.0,0.0,0.0,0.0,0.0,0.0,0.0,0.0,0.0,0.0,0.0,0.0,0.0,0.0,0.0,0.0,0.0,0.0,0.0,0.0,0.0,0.0,0.0,0.0,0.0,0.0,0.0,0.0,0.0,0.0,0.0,0.0,0.0,0.0,0.0,0.0,0.0,0.0,0.0,0.0,0.0,0.0,0.0,0.0,0.0,0.0,0.0,0.0,0.0,0.0,0.0,0.0,0.0,0.0,0.0,0.0,0.0,0.0,0.0,0.0,0.0,0.0,0.0,0.0,0.0,0.0,0.0,0.0,0.0,0.0,0.0,0.0,0.0,0.0,0.0,0.0,0.0,0.0,0.0,0.0,0.0,0.0,0.0,0.0,0.0,0.0,0.0,0.0,0.0,0.0,0.0,0.0,0.0,0.0,0.0,0.0,0.0,0.0,0.0,0.0,0.0,0.0,0.0,0.0,0.0,0.0,0.0,0.0,0.0,0.0,0.0,0.0,0.0,0.0,0.0,0.0
Sc58,0.0,0.0,0.0,0.0,0.0,0.0,0.0,0.0,0.0,0.0,0.0,0.0,0.0,0.0,0.0,0.0,0.0,0.0,0.0,0.0,0.0,0.0,0.0,0.0,0.0,0.0,0.0,0.0,0.0,0.0,0.0,0.0,0.0,0.0,0.0,0.0,0.0,0.0,0.0,0.0,0.0,0.0,0.0,0.0,0.0,0.0,0.0,0.0,0.0,0.0,0.0,0.0,0.0,0.0,0.0,0.0,0.0,0.0,0.0,0.0,0.0,0.0,0.0,0.0,0.0,0.0,0.0,0.0,0.0,0.0,0.0,0.0,0.0,0.0,0.0,0.0,0.0,0.0,0.0,0.0,0.0,0.0,0.0,0.0,0.0,0.0,0.0,0.0,0.0,0.0,0.0,0.0,0.0,0.0,0.0,0.0,0.0,0.0,0.0,0.0,0.0,0.0,0.0,0.0,0.0,0.0,0.0,0.0,0.0,0.0,0.0,0.0,0.0,0.0,0.0,0.0,0.0,0.0,0.0,0.0,0.0,0.0
Se86,22351730430656.07,21562014361992.383,20670838481960.55,19754193102336.5,18848836154391.46,17971025293803.016,17127438861679.428,16320266714008.371,15549608263041.488,14814608991656.357,14114000391953.404,13446356161807.752,12810213004278.227,12204126719077.58,11626697370550.904,11076579706458.492,10552486577730.299,10053189073479.209,9577515150325.752,9124347606691.566,8692621807265.72,8281323349146.337,7889485758698.796,7516188259109.503,7160553625187.213,6821746130838.318,6498969589419.674,6191465484777.886,5898511189742.3545,5619418268442.21,5353530858725.119,5100224131004.959,4858902819978.405,4628999825789.571,4409974881369.7295,4201313282827.154,4002524679906.8877,3813141923679.567,3632719968752.133,3460834827421.099,3297082573310.7095,3141078392154.7393,2992455677491.324,2850865169145.67,2715974132476.194,2587465576455.2856,2465037508747.246,2348402226032.799,2237285637912.49,2131426622800.1738,2030576414292.9048,1934498016575.2554,1842965647484.2627,1755764207926.2139,1672688776398.4172,1593544127428.0815,1518144272796.668,1446312024471.591,1377878578218.1582,1312683116913.2593,1250572432628.5923,1191400566595.3428,1135028466204.2139,1081323658234.7986,1030159937546.3723,981417070498.5265,934980512404.7098,890741138354.6807,848594986773.3257,808443015113.1985,770190867106.6678,733748651030.7249,699030728463.37,665955513035.1688,634445278703.0442,604425977095.75,575827063501.7954,548581331090.894,522624752979.3616,497896331768.32056,474337956201.12726,451894264603.1732,430512514783.14087,410142460089.9938,390736231334.4297,372248224297.31586,354634992560.7597,337855145409.9626,321869250565.93304,306639741520.48083,292130829255.7327,278308418140.7129,265140025807.34457,252594706817.58536,240642979942.3156,229256758881.08572,218409286259.91568,208075070752.04205,198229827173.8512,188850419415.22086,179914806070.1603,171401988639.98172,163291962187.27975,155565668324.7619,148204950428.44806,141192510969.99634,134511870867.8838,128147330761.92082,122083934120.09268,116307432091.03209,110804250019.52554,105561455546.36644,100566728217.58978,95808330531.67108,91275080356.65048,86956324652.36418,82841914436.0295,78922180932.35443,75187912852.12392,71630334745.86882,68241086381.74929,65012203099.18975
Se87,5579781432407.27,4940185244399.857,4359530821030.5137,3844569706479.602,3389700249009.6562,2988434861060.51,2634608424722.9487,2322656560232.605,2047636267816.0854,1805178968429.2327,1591430207273.7922,1402991016027.148,1236864628653.3723,1090409045480.1978,961295080385.2604,847469336779.5862,747121556310.136,658655830499.1505,580665220230.958,511909380239.0734,451294832970.1051,397857578171.5972,350747761650.0524,309216159380.13696,272602262012.99124,240323770282.78906,211867334248.98,186780389093.2199,164663957629.33685,145166305059.05875,127977345060.15082,112823708242.63718,99464394542.93141,87686940412.52238,77304039845.0369,68150565503.24846,60080942570.69733,52966833562.2449,46695097273.30484,41165989407.334076,36291576264.764565,31994336265.037594,28205927060.65921,24866098635.732773,21921735103.130505,19326009961.259132,17037641375.81204,15020235642.674255,13241708390.561157,11673774318.326145,10291497351.833467,9072894066.19109,7998584066.259349,7051481765.164752,6216524658.93315,5480433775.782587,4831502490.314754,4259410343.9529805,3755058910.668543,3310427097.6402726,2918443579.581524,2572874337.958358,2268223516.5477633,1999646016.564828,1762870441.291179,1554131164.7332795,1370108443.945639,1207875622.5786815,1064852585.9882404,938764727.6671311,827606774.410064,729610894.8953767,643218584.4895849,567055879.1369374,499911504.1412045,440717610.322793,388532791.1833182,342527110.9864088,301968905.64466953,266213146.49705908,234691181.916782,206901693.60251513,182402723.72384351,160804646.12239575,141763969.7842339,124977876.03530076,110179402.58069792,97133197.79582931,85631777.7466019,75492226.41116709,66553286.62426454,58672795.47919525,51725423.40062858,45600680.93096068,40201161.530598745,35440992.446058296,31244469.008825023,27544850.645174347,24283299.448957205,21407944.43665035,18873056.602791663,16638321.656066025,14668198.869798716,12931355.850157065,11400170.2327401,10050290.382649625,8860248.111514522,7811117.252206205,6886212.66129354,6070824.862239257,5351986.109162552,4718264.150697887,4159580.414016484,3667049.7174496595,3232838.9625392524,2850042.558185012,2512572.595662394,2215062.0278786183,1952779.3130515406,1721553.165323376,1517706.215559807,1337996.5272906313
Se88,651642113700.6245,421265797469.1646,267810695373.12112,170245782275.9723,108224286294.2571,68797570082.37495,43734228344.658745,27801602972.497227,17673322637.571228,11234831795.874392,7141919381.546258,4540077980.627771,2886102036.301405,1834678831.3956141,1166295013.839783,741407180.3907079,471308374.47823566,299608082.749155,190459173.0371845,121073825.0489021,76965949.5954559,48926821.25750663,31102505.08109545,19771687.541854147,12568750.563128011,7989884.039170701,5079124.344043565,3228770.7776211454,2052511.4228884566,1304769.9670372573,829434.9292763575,527267.1193266612,335180.7421054555,213072.51250909362,135448.99776089765,86104.16603431496,54735.934049156815,34795.325408989425,22119.192653772127,14061.046359068858,8938.52808312903,5682.172027073616,3612.124797839809,2296.207417340172,1459.6861400251792,927.9142691080142,589.8698817537637,374.97696606678244,238.37074824468579,151.5309439263311,96.32736875765876,61.23476651927335,38.926596657108284,24.74541854957945,15.73052338964377,9.999805241376091,6.356819947344249,4.040994686151802,2.5688375931316574,1.632995609348483,1.0380861239657018,0.6599055102175527,0.4194982211609608,0.2666726596951659,0.16952230984933622,0.10776437888122696,0.06850520952656847,0.043548376383734544,0.027683457926274965,0.01759821849620274,0.0111870885156349,0.007111569246833402,0.004520784570697244,0.0028738373241256948,0.0018268822228492381,0.0011613387536394187,0.0007382565136581651,0.00046930551335750217,0.00029833487519993594,0.00018964980215939028,0.0001205593125342511,7.663887688380364e-05,4.871890297435243e-05,3.097033259794512e-05,1.9687666237728787e-05,1.2515338692679181e-05,7.955930413545158e-06,5.0575402152079256e-06,3.215049868321757e-06,2.043789118021041e-06,1.2992252468922491e-06,8.259101818668393e-07,5.25026457223616e-07,3.337563658093089e-07,2.121670445091365e-07,1.3487339684619248e-07,8.573825977034416e-08,5.450332949521573e-08,3.464746000234954e-08,2.202519544645039e-08,1.4001292863068238e-08,8.900543121809131e-09,5.658025200811606e-09,3.596774796200548e-09,2.286449507635242e-09,1.4534830917097957e-09,9.239710261833999e-10,5.873631844056298e-10,3.7338347266166725e-10,2.373577734497681e-10,1.508870015467489e-10,9.591801820885707e-11,6.097454467782065e-11,3.876117509613261e-11,2.464026099369226e-11,1.5663675322832256e-11,9.957310301295598e-12,6.329806152950815e-12,4.023822168996857e-12,2.5579211205642713e-12,1.626056069137854e-12,1.0336746972857299e-12
Se89,24830662637.113586,4578995271.846453,844404800.171337,155715265.9525415,28715189.735717688,5295319.739617405,976500.9879040914,180074.90128378198,33207.30902890665,6123.703886992605,1129.26191227736,208.24528586841845,38.40216216888405,7.081677998593865,1.3059203035292477,0.24082256204088234,0.04440968275874251,0.008189514744874046,0.0015102146106483133,0.00027849613087798584,5.135700208906917e-05,9.470658192850126e-06,1.7464681145181064e-06,3.2206324132056027e-07,5.9391139493277e-08,1.095221992999519e-08,2.019680417287869e-09,3.724458615741018e-10,6.868211357416124e-11,1.2665552800283818e-11,2.335633244069632e-12,4.3071018982140277e-13,7.942654014153003e-14,1.4646914393806157e-14,2.7010127959396374e-15,4.980892171333196e-16,9.185179300054954e-17,1.6938234330733565e-17,3.1235512434811674e-18,5.760088200545166e-19,1.062208156415017e-19,1.958800157691686e-20,3.61219035515846e-21,6.661179350361038e-22,1.2283768565604793e-22,2.2652290568510536e-23,4.177270723229127e-24,7.7032345326720525e-25,1.4205404963430322e-25,2.6195947860496194e-26,4.8307505915982324e-27,8.908305743506949e-28,1.6427656471816263e-28,3.0293964410988803e-29,5.586458916454269e-30,1.0301894727885416e-30,1.8997550428920643e-31,3.5033062541638183e-32,6.460388014961906e-33,1.191349264833979e-33,2.196947099049483e-34,4.051353115741886e-35,7.471031995050234e-36,1.3777204177583305e-36,2.540631000865399e-37,4.6851348062771996e-38,8.639778128155264e-39,1.5932469222387977e-39,2.9380797950715407e-40,5.418063428660311e-41,9.991359447156035e-42,1.8424897551809902e-42,3.3977043023041283e-43,6.265649235461806e-44,1.1554378147392164e-44,2.1307233992184e-45,3.929231107086013e-46,7.245828857258384e-47,1.3361910866987613e-47,2.464047461436679e-48,4.543908392034761e-49,8.379344878026614e-50,1.5452208655436658e-50,2.8495157534008045e-51,5.254743972165122e-52,9.690184790188036e-53,1.7869506443203919e-53,3.295285564079632e-54,6.076780566573192e-55,1.1206088618482249e-55,2.0664959142352644e-56,3.810790284584973e-57,7.027414132808161e-58,1.295913595501629e-58,2.3897724187984814e-59,4.406939037813939e-60,8.126762000530946e-61,1.4986424828339567e-61,2.7636213429259956e-62,5.096347537561628e-63,9.39808859491283e-64,1.733085677278785e-64,3.1959540862539888e-65,5.893605062550243e-66,1.0868297758942662e-66,2.0042044711751672e-67,3.695919684362158e-68,6.815583195084998e-69,1.256850209317839e-69,2.317736286751606e-70,4.274098420877658e-71,7.881792857871701e-72,1.4534681361324578e-72,2.680316091588854e-73,4.942725727683544e-74,9.114797204617297e-75,1.680844389482952e-75,3.0996168079583067e-76,5.715951111413151e-77,1.0540689102013899e-77,1.9437907109363998e-78,3.584511687381754e-79
Se90,2550807891.396087,34431268.34908248,464730.84198791935,6272.634316045261,84.66393384722076,1.1427386538620687,0.015423942305668787,0.00020818233061827823,2.8099095498904512e-06,3.792632955504218e-08,5.119049022676706e-10,6.909359066380711e-12,9.325802995185008e-14,1.2587361674135575e-15,1.6989601216892713e-17,2.293145751918386e-19,3.0951388278100398e-21,4.177616863386477e-23,5.638675234997301e-25,7.610716694588976e-27,1.0272449855914263e-28,1.3865083969988952e-30,1.871418757855158e-32,2.525919190127293e-34,3.409321258682786e-36,4.6016798519673217e-38,6.211047845981889e-40,8.383267977363461e-42,1.1315189276114376e-43,1.5272505745970496e-45,2.0613833853674533e-47,2.7823210756297296e-49,3.7553958292496113e-51,5.068788774190412e-53,6.841521055449586e-55,9.234239665004762e-57,1.2463775452802992e-58,1.682279258211284e-60,2.2706310084970696e-62,3.0647498930887325e-64,4.1365998579418684e-66,5.583313151690608e-68,7.53599255920087e-70,1.017159208330177e-71,1.3728952715428179e-73,1.8530446474735097e-75,2.501119012283767e-77,3.3758475933844177e-79,4.556499278038503e-81,6.150066049027705e-83,8.300958718396977e-85,1.1204093597567861e-86,1.5122556032576332e-88,2.0411441493853116e-90,2.7550034726901276e-92,3.718524307467652e-94,5.019021994816575e-96,6.774349096996368e-98,9.143575329092113e-100,1.2341402635398712e-101,1.6657621720949906e-103,2.2483373210949247e-105,3.0346593253890066e-107,4.095985568876147e-109,5.5284946287310186e-111,7.462002086177749e-113,1.0071724560380343e-114,1.3594158035424636e-116,1.8348509392230792e-118,2.476562329490863e-120,3.3427025818512647e-122,4.511762299563131e-124,6.089682988333818e-126,8.219457594650568e-128,1.1094088687323226e-129,1.4974078567215443e-131,2.0211036278568026e-133,2.727954081581625e-135,3.6820148005518784e-137,4.9697438395380995e-139,6.707836651532464e-141,9.053801160871138e-143,1.222023130838533e-144,1.649407255328683e-146,2.226262519322446e-148,3.004864195260425e-150,4.0557700422078185e-152,5.47421432929177e-154,7.388738072218307e-156,9.97283756460288e-158,1.3460686807117296e-159,1.8168358618655257e-161,2.4522467510463944e-163,3.3098829972691816e-165,4.46746456119756e-167,6.029892785340946e-169,8.138756671627658e-171,1.0985163835913603e-172,1.4827058894946754e-174,2.0012598697480968e-176,2.701170268925779e-178,3.6458637541395227e-180,4.9209495109075565e-182,6.641977243775684e-184,8.964908420427551e-186,1.210024967519554e-187,1.633212915688514e-189,2.204404454099554e-191,2.9753616020146273e-193,4.01594936277662e-195,5.420466968944452e-197,7.316193384745159e-199,9.874921468880822e-201,1.332852603648884e-202,1.7989976615529973e-204,2.428169909720733e-206,3.2773856445057415e-208,4.423601750360081e-210,5.970689619207084e-212,8.058848092734704e-214,1.0877308439020582e-215,1.4681482702751734e-217
Se91,224218161.83905742,17208574.481559303,1320745.032744128,101366.17901660298,7779.777317865286,597.0920054672049,45.826358316728125,3.5171382255066908,0.26993768982958455,0.020717512852380313,0.001590053389949042,0.00012203539106760853,9.36612365796184e-06,7.188428832717277e-07,5.517064579765082e-08,4.234305198761033e-09,3.249797108051641e-10,2.4941946193654254e-11,1.9142754431833237e-12,1.4691918761764555e-13,1.1275936160124364e-14,8.65419543552726e-16,6.642029324461416e-17,5.097707103527824e-18,3.9124515180404175e-19,3.0027768504831305e-20,2.3046084461932103e-21,1.76876949394709e-22,1.3575171643085943e-23,1.041884122096677e-24,7.996381573783179e-26,6.1371621773890474e-27,4.710225399330839e-28,3.615062250471622e-29,2.7745328443606025e-30,2.1294329035223268e-31,1.634323594265652e-32,1.2543309565449258e-33,9.62689490665928e-35,7.388568787231622e-36,5.670670476094104e-37,4.35219655855621e-38,3.3402778320766236e-39,2.5636378884422134e-40,1.9675726252299604e-41,1.5100970589519305e-42,1.1589880333839e-43,8.89514520648993e-45,6.8269564452295e-46,5.239637265399075e-47,4.0213818402404916e-48,3.086380046154647e-49,2.368773264448793e-50,1.818015505043944e-51,1.395313104122396e-52,1.0708922190895257e-53,8.219016516925734e-55,6.308032806787136e-56,4.841367310743217e-57,3.715712672311081e-58,2.8517812793373197e-59,2.1887204911677084e-60,1.6798263678800095e-61,1.2892539899964444e-62,9.894926538267566e-64,7.594281030534695e-65,5.82855306178319e-66,4.473370244981611e-67,3.4332777168823896e-68,2.635014594301617e-69,2.022353705335388e-70,1.5521411222269773e-71,1.1912565328963978e-72,9.142803491555353e-74,7.017032299663922e-75,5.385519041288111e-76,4.1333449962124215e-77,3.172310918731422e-78,2.4347245570655986e-79,1.8686326216563856e-80,1.4341613570147847e-81,1.1007079583847208e-82,8.447850053450932e-84,6.483660809568426e-85,4.976160470125899e-86,3.8191653992602775e-87,2.931180462220479e-88,2.249658761510353e-89,1.7265960279383203e-90,1.325149349179938e-91,1.0170420696083876e-92,7.805720706073103e-94,5.9908314082503103e-95,4.5979176444469496e-96,3.528866900844905e-97,2.7083785676149497e-98,2.078659998131337e-99,1.595355774667931e-100,1.2244234507107224e-101,9.397357068910902e-103,7.212400238606135e-104,5.53546245187792e-105,4.248425425995501e-106,3.2606342753028457e-107,2.502512062992952e-108,1.9206590180505829e-109,1.4740912214453608e-110,1.1313538263276714e-111,8.683054764353376e-113,6.664178640336623e-114,5.114706535382105e-115,3.925498452988502e-116,3.012790274049207e-117,2.312293672793374e-118,1.7746678470434236e-119,1.3620441055504164e-120,1.0453585151471113e-121,8.023047276791172e-123,6.157627902095165e-124,4.7259326877387673e-125,3.627117475130053e-126,2.7837851378049553e-127
Si35,0.0,0.0,0.0,0.0,0.0,0.0,0.0,0.0,0.0,0.0,0.0,0.0,0.0,0.0,0.0,0.0,0.0,0.0,0.0,0.0,0.0,0.0,0.0,0.0,0.0,0.0,0.0,0.0,0.0,0.0,0.0,0.0,0.0,0.0,0.0,0.0,0.0,0.0,0.0,0.0,0.0,0.0,0.0,0.0,0.0,0.0,0.0,0.0,0.0,0.0,0.0,0.0,0.0,0.0,0.0,0.0,0.0,0.0,0.0,0.0,0.0,0.0,0.0,0.0,0.0,0.0,0.0,0.0,0.0,0.0,0.0,0.0,0.0,0.0,0.0,0.0,0.0,0.0,0.0,0.0,0.0,0.0,0.0,0.0,0.0,0.0,0.0,0.0,0.0,0.0,0.0,0.0,0.0,0.0,0.0,0.0,0.0,0.0,0.0,0.0,0.0,0.0,0.0,0.0,0.0,0.0,0.0,0.0,0.0,0.0,0.0,0.0,0.0,0.0,0.0,0.0,0.0,0.0,0.0,0.0,0.0,0.0
Si36,0.0,0.0,0.0,0.0,0.0,0.0,0.0,0.0,0.0,0.0,0.0,0.0,0.0,0.0,0.0,0.0,0.0,0.0,0.0,0.0,0.0,0.0,0.0,0.0,0.0,0.0,0.0,0.0,0.0,0.0,0.0,0.0,0.0,0.0,0.0,0.0,0.0,0.0,0.0,0.0,0.0,0.0,0.0,0.0,0.0,0.0,0.0,0.0,0.0,0.0,0.0,0.0,0.0,0.0,0.0,0.0,0.0,0.0,0.0,0.0,0.0,0.0,0.0,0.0,0.0,0.0,0.0,0.0,0.0,0.0,0.0,0.0,0.0,0.0,0.0,0.0,0.0,0.0,0.0,0.0,0.0,0.0,0.0,0.0,0.0,0.0,0.0,0.0,0.0,0.0,0.0,0.0,0.0,0.0,0.0,0.0,0.0,0.0,0.0,0.0,0.0,0.0,0.0,0.0,0.0,0.0,0.0,0.0,0.0,0.0,0.0,0.0,0.0,0.0,0.0,0.0,0.0,0.0,0.0,0.0,0.0,0.0
Si37,0.0,0.0,0.0,0.0,0.0,0.0,0.0,0.0,0.0,0.0,0.0,0.0,0.0,0.0,0.0,0.0,0.0,0.0,0.0,0.0,0.0,0.0,0.0,0.0,0.0,0.0,0.0,0.0,0.0,0.0,0.0,0.0,0.0,0.0,0.0,0.0,0.0,0.0,0.0,0.0,0.0,0.0,0.0,0.0,0.0,0.0,0.0,0.0,0.0,0.0,0.0,0.0,0.0,0.0,0.0,0.0,0.0,0.0,0.0,0.0,0.0,0.0,0.0,0.0,0.0,0.0,0.0,0.0,0.0,0.0,0.0,0.0,0.0,0.0,0.0,0.0,0.0,0.0,0.0,0.0,0.0,0.0,0.0,0.0,0.0,0.0,0.0,0.0,0.0,0.0,0.0,0.0,0.0,0.0,0.0,0.0,0.0,0.0,0.0,0.0,0.0,0.0,0.0,0.0,0.0,0.0,0.0,0.0,0.0,0.0,0.0,0.0,0.0,0.0,0.0,0.0,0.0,0.0,0.0,0.0,0.0,0.0
Si38,0.0,0.0,0.0,0.0,0.0,0.0,0.0,0.0,0.0,0.0,0.0,0.0,0.0,0.0,0.0,0.0,0.0,0.0,0.0,0.0,0.0,0.0,0.0,0.0,0.0,0.0,0.0,0.0,0.0,0.0,0.0,0.0,0.0,0.0,0.0,0.0,0.0,0.0,0.0,0.0,0.0,0.0,0.0,0.0,0.0,0.0,0.0,0.0,0.0,0.0,0.0,0.0,0.0,0.0,0.0,0.0,0.0,0.0,0.0,0.0,0.0,0.0,0.0,0.0,0.0,0.0,0.0,0.0,0.0,0.0,0.0,0.0,0.0,0.0,0.0,0.0,0.0,0.0,0.0,0.0,0.0,0.0,0.0,0.0,0.0,0.0,0.0,0.0,0.0,0.0,0.0,0.0,0.0,0.0,0.0,0.0,0.0,0.0,0.0,0.0,0.0,0.0,0.0,0.0,0.0,0.0,0.0,0.0,0.0,0.0,0.0,0.0,0.0,0.0,0.0,0.0,0.0,0.0,0.0,0.0,0.0,0.0
Si39,0.0,0.0,0.0,0.0,0.0,0.0,0.0,0.0,0.0,0.0,0.0,0.0,0.0,0.0,0.0,0.0,0.0,0.0,0.0,0.0,0.0,0.0,0.0,0.0,0.0,0.0,0.0,0.0,0.0,0.0,0.0,0.0,0.0,0.0,0.0,0.0,0.0,0.0,0.0,0.0,0.0,0.0,0.0,0.0,0.0,0.0,0.0,0.0,0.0,0.0,0.0,0.0,0.0,0.0,0.0,0.0,0.0,0.0,0.0,0.0,0.0,0.0,0.0,0.0,0.0,0.0,0.0,0.0,0.0,0.0,0.0,0.0,0.0,0.0,0.0,0.0,0.0,0.0,0.0,0.0,0.0,0.0,0.0,0.0,0.0,0.0,0.0,0.0,0.0,0.0,0.0,0.0,0.0,0.0,0.0,0.0,0.0,0.0,0.0,0.0,0.0,0.0,0.0,0.0,0.0,0.0,0.0,0.0,0.0,0.0,0.0,0.0,0.0,0.0,0.0,0.0,0.0,0.0,0.0,0.0,0.0,0.0
Si40,0.0,0.0,0.0,0.0,0.0,0.0,0.0,0.0,0.0,0.0,0.0,0.0,0.0,0.0,0.0,0.0,0.0,0.0,0.0,0.0,0.0,0.0,0.0,0.0,0.0,0.0,0.0,0.0,0.0,0.0,0.0,0.0,0.0,0.0,0.0,0.0,0.0,0.0,0.0,0.0,0.0,0.0,0.0,0.0,0.0,0.0,0.0,0.0,0.0,0.0,0.0,0.0,0.0,0.0,0.0,0.0,0.0,0.0,0.0,0.0,0.0,0.0,0.0,0.0,0.0,0.0,0.0,0.0,0.0,0.0,0.0,0.0,0.0,0.0,0.0,0.0,0.0,0.0,0.0,0.0,0.0,0.0,0.0,0.0,0.0,0.0,0.0,0.0,0.0,0.0,0.0,0.0,0.0,0.0,0.0,0.0,0.0,0.0,0.0,0.0,0.0,0.0,0.0,0.0,0.0,0.0,0.0,0.0,0.0,0.0,0.0,0.0,0.0,0.0,0.0,0.0,0.0,0.0,0.0,0.0,0.0,0.0
Si41,0.0,0.0,0.0,0.0,0.0,0.0,0.0,0.0,0.0,0.0,0.0,0.0,0.0,0.0,0.0,0.0,0.0,0.0,0.0,0.0,0.0,0.0,0.0,0.0,0.0,0.0,0.0,0.0,0.0,0.0,0.0,0.0,0.0,0.0,0.0,0.0,0.0,0.0,0.0,0.0,0.0,0.0,0.0,0.0,0.0,0.0,0.0,0.0,0.0,0.0,0.0,0.0,0.0,0.0,0.0,0.0,0.0,0.0,0.0,0.0,0.0,0.0,0.0,0.0,0.0,0.0,0.0,0.0,0.0,0.0,0.0,0.0,0.0,0.0,0.0,0.0,0.0,0.0,0.0,0.0,0.0,0.0,0.0,0.0,0.0,0.0,0.0,0.0,0.0,0.0,0.0,0.0,0.0,0.0,0.0,0.0,0.0,0.0,0.0,0.0,0.0,0.0,0.0,0.0,0.0,0.0,0.0,0.0,0.0,0.0,0.0,0.0,0.0,0.0,0.0,0.0,0.0,0.0,0.0,0.0,0.0,0.0
Si42,0.0,0.0,0.0,0.0,0.0,0.0,0.0,0.0,0.0,0.0,0.0,0.0,0.0,0.0,0.0,0.0,0.0,0.0,0.0,0.0,0.0,0.0,0.0,0.0,0.0,0.0,0.0,0.0,0.0,0.0,0.0,0.0,0.0,0.0,0.0,0.0,0.0,0.0,0.0,0.0,0.0,0.0,0.0,0.0,0.0,0.0,0.0,0.0,0.0,0.0,0.0,0.0,0.0,0.0,0.0,0.0,0.0,0.0,0.0,0.0,0.0,0.0,0.0,0.0,0.0,0.0,0.0,0.0,0.0,0.0,0.0,0.0,0.0,0.0,0.0,0.0,0.0,0.0,0.0,0.0,0.0,0.0,0.0,0.0,0.0,0.0,0.0,0.0,0.0,0.0,0.0,0.0,0.0,0.0,0.0,0.0,0.0,0.0,0.0,0.0,0.0,0.0,0.0,0.0,0.0,0.0,0.0,0.0,0.0,0.0,0.0,0.0,0.0,0.0,0.0,0.0,0.0,0.0,0.0,0.0,0.0,0.0
Sm163,299104.1607711751,201223.86019072263,135353.29013747274,91044.77224362968,61240.829510472395,41193.349690552604,27708.508703432035,18637.99521791152,12536.75791289777,8432.789960990509,5672.275640979101,3815.4289500963278,2566.429947103273,1726.296770176317,1161.1852262263455,781.0656620000599,525.3800639009116,353.3943751127348,237.7090280777661,159.89383535504942,107.55181993417513,72.3442148064524,48.66198841791142,32.7322526496444,22.017192440204386,14.809758684734446,9.96171300658493,6.700698379903594,4.507192563042429,3.0317414168756054,2.039286294125963,1.3717161253467938,0.9226782595245543,0.6206350970642911,0.417467215393679,0.2808073161716456,0.18888369171975108,0.12705170749851152,0.08546072046409173,0.057484742913252035,0.038666836060563495,0.02600906145115281,0.017494870190834677,0.011767840357061002,0.00791558126231896,0.005324377695417972,0.0035814170689417234,0.002409022979858346,0.0016204177301250308,0.0010899661987690773,0.0007331605254451542,0.000493156904019641,0.0003317196214765802,0.00022312960920888435,0.00015008705931863144,0.00010095533916265857,6.790712371684276e-05,4.56774004202469e-05,3.0724683876340966e-05,2.066681095281088e-05,1.3901431066899221e-05,9.350730799686683e-06,6.289724134690262e-06,4.2307527120586975e-06,2.8457954796253527e-06,1.9142106530531075e-06,1.2875845964673455e-06,8.660875909428866e-07,5.825696558061279e-07,3.918626792661791e-07,2.635845479956991e-07,1.7729887947533738e-07,1.192592392165688e-07,8.021915412326777e-08,5.3959028504003314e-08,3.629528120705194e-08,2.4413846476150727e-08,1.6421856504179703e-08,1.1046082857419058e-08,7.430094548805219e-09,4.9978173907238055e-09,3.3617578493718977e-09,2.2612702614524393e-09,1.5210325741589472e-09,1.0231152512334289e-09,6.881935568574187e-10,4.6291008870124733e-10,3.113742465127336e-10,2.0944439051520564e-10,1.408817627327185e-10,9.476344065293582e-11,6.374217294128827e-11,4.287586629698032e-11,2.884024541193149e-11,1.939925247595555e-11,1.3048813949071876e-11,8.777221992885358e-12,5.903956191962568e-12,3.971267759305541e-12,2.6712541731880867e-12,1.7968062820882603e-12,1.2086131105594767e-12,8.129678004679309e-13,5.468388840261069e-13,3.6782854734320304e-13,2.474181046608813e-13,1.6642459905882567e-13,1.1194470675399205e-13,7.529906901447753e-14,5.064955690050847e-14,3.406918103761159e-14,2.2916470895363378e-14,1.5414654015846956e-14,1.0368592944053267e-14,6.974384214459072e-15,4.6912860243774646e-15,3.1555709989267144e-15,2.122579667392741e-15,1.427743012583605e-15,9.603644759705187e-16,6.459845494443432e-16,4.345184027127855e-16
Sm164,9239.15264212377,5249.208334695696,2982.328489239572,1694.4046893588568,962.6730461382972,546.9409991492977,310.7435673517934,176.54841162156185,100.30566975762869,56.98848997346457,32.37791041426818,18.39545289377744,10.451344229368898,5.937912854415862,3.3736147516371893,1.9167132916071876,1.0889772877714612,0.6187005320382163,0.3515136198365844,0.19971184528250338,0.11346593387955971,0.06446547090358556,0.036625943988019175,0.02080896570227187,0.011822577289474669,0.0067169765074071965,0.0038162383967857275,0.0021681891376338007,0.0012318528476923025,0.000699875030286186,0.000397632768342181,0.00022591435844598298,0.00012835284567930816,7.292344367706677e-05,4.143132635336358e-05,2.353913524710226e-05,1.3373718317767266e-05,7.598254556313886e-06,4.3169349713194306e-06,2.4526590164204073e-06,1.3934739093347339e-06,7.916997523897922e-07,4.4980282281230215e-07,2.5555468319800907e-07,1.4519294409072046e-07,8.249111599100326e-08,4.686718256218666e-08,2.6627507397971128e-08,1.5128371527096252e-08,8.595157693179165e-09,4.883323736351742e-09,2.7744517977768353e-09,1.5762999124727012e-09,8.955720247338407e-10,5.088176717765066e-10,2.890838659112955e-10,1.642424903176849e-10,9.331408219797427e-11,5.301623179000664e-11,3.012107890906017e-11,1.711323804074752e-11,9.72285611426745e-12,5.524023612226845e-12,3.138464306147844e-12,1.7831129793077324e-12,1.0130725051572151e-12,5.755753632077581e-13,3.2701213096325343e-13,1.8579136744344686e-13,1.0555703886222113e-13,5.99720461003231e-14,3.4073012583782503e-14,1.9358522212040157e-14,1.0998510369829179e-14,6.248784335407778e-15,3.5502358371685647e-15,2.017060250918942e-15,1.1459892363325323e-15,6.510917704078022e-16,3.699166449847502e-16,2.1016749167489368e-16,1.1940629100033453e-16,6.784047436085856e-17,3.8543446270292524e-17,2.1898391253703562e-17,1.2441532501723569e-17,7.068634823357848e-18,4.016032450911123e-18,2.2817017783229606e-18,1.2963448549876695e-18,7.365160508785543e-19,4.1845029979071484e-19,2.3774180234914105e-19,1.35072587144726e-19,7.674125297988651e-20,4.3600407998499505e-20,2.4771495171363227e-20,1.4073881442714684e-20,7.996051005131491e-21,4.5429423245398405e-21,2.581064696917354e-21,1.4664273710205794e-21,8.331481334220833e-22,4.7335164764526215e-22,2.689339066369508e-22,1.527943263719536e-22,8.680982797373822e-23,4.932085118451951e-23,2.80215549131305e-23,1.5920397172627144e-23,9.045145671606788e-24,5.138983615387164e-24,2.9197045086976905e-24,1.6588249848831985e-24,9.424584995760808e-25,5.354561400494821e-25,3.0421846484026022e-25,1.728411860982903e-25,9.819941609247864e-26,5.579182565560473e-26,3.1698027685358195e-26,1.8009178716323254e-26
Sm165,243.0072567690454,98.08462226766403,39.589735933416,15.979540472720213,6.449795829625046,2.603320559490847,1.0507740267278696,0.42412220470530343,0.1711877529788551,0.06909623321964933,0.02788919979418089,0.011256872175465407,0.004543592935972546,0.0018339229979722244,0.0007402233452437416,0.00029877514020473285,0.00012059412200106147,4.867520855731673e-05,1.9646694953153897e-05,7.929963404836013e-06,3.2007581810569906e-06,1.2919167984250132e-06,5.214542679077252e-07,2.1047373472554502e-07,8.495316988595081e-08,3.42895092496085e-08,1.3840218630540245e-08,5.586304847548685e-09,2.2547911043026484e-09,9.100976518088328e-10,3.6734122919298884e-10,1.4826934054474432e-10,5.984571183003205e-11,2.41554269499325e-11,9.749815538842302e-12,3.935302126453055e-12,1.588399571742546e-12,6.411231256050806e-13,2.587754803627276e-13,1.0444912461044091e-13,4.215862962207746e-14,1.7016418837787375e-14,6.868309351103067e-15,2.7722444888165274e-15,1.1189565165027583e-15,4.516425917248352e-16,1.822957618562859e-16,7.357974070570004e-17,2.969887060010862e-17,1.1987306648033182e-17,4.838417009482341e-18,1.9529223573745053e-18,7.882548623772388e-19,3.181620230395093e-19,1.2841921786477794e-19,5.183363922397925e-20,2.0921527166056193e-20,8.444521849384906e-21,3.408448565859703e-21,1.3757465293262616e-21,5.552903253142886e-22,2.2413092732907294e-22,9.046560023706121e-23,3.651448251153598e-23,1.473828095531773e-23,5.9487882773432765e-24,2.401099699208028e-24,9.691519510779513e-25,3.9117721958317715e-25,1.5789022242655267e-25,6.372897267501924e-26,2.572282118420992e-26,1.0382460314383836e-26,4.190655504223077e-27,1.6914674386710993e-27,6.827242404443344e-28,2.755668704190338e-28,1.1122660596190164e-28,4.4894213353702246e-29,1.8120578032724466e-29,7.313979324085399e-30,2.9521295323218627e-30,1.1915632228966825e-30,4.809487180744515e-31,1.9412454578376541e-31,7.835417344832107e-32,3.162596709232335e-32,1.2765137458624437e-32,5.152371589519854e-33,2.079643331890296e-33,8.394030424111568e-34,3.388068794318979e-34,1.3675206754153526e-34,5.51970137331395e-35,2.2279080527473747e-35,8.99246889604199e-36,3.629615537614469e-36,1.4650157930144093e-36,5.9132193245796354e-37,2.3867430608809926e-37,9.633572045915166e-38,3.8883829552051445e-38,1.569461663261332e-38,6.334792485266082e-39,2.556901947384593e-39,1.0320381581156908e-39,4.165598766492794e-40,1.6813538285336438e-40,6.786421004980464e-41,2.7391920293782766e-41,1.1056156062677222e-41,4.4625782190969334e-42,1.8012231600804762e-42,7.2702476306776e-43,2.934478180316743e-43,1.1844386365079674e-43,4.780730329033928e-44,1.9296383767358717e-44,7.7885678729013e-45,3.1436869333726775e-45,1.268881223908074e-45,5.121564565779179e-46
Sn133,250825755715.9572,156022735654.01187,97051660109.22482,60369564117.997444,37552003404.20221,23358673865.97278,14529921051.183659,9038124636.91152,5622033090.516513,3497103363.87476,2175321941.497251,1353127161.7651942,841692937.9411787,523562767.6380859,325674553.3915944,202581087.27878729,126012599.06760302,78384292.12259045,48757801.18036786,30329076.292814188,18865757.817350443,11735168.410231026,7299689.678504791,4540665.079506973,2824454.226453803,1756910.3947651102,1092860.3856714633,679797.8008034134,422858.2681155777,263032.79401960643,163615.69808740373,101774.74926808171,63307.49255519234,39379.49877006143,24495.440599377824,15237.030152700247,9477.971499732617,5895.6333911188185,3667.2924246982293,2281.185554805467,1418.9780723257525,882.654532639724,549.0423278440888,341.52374073571895,212.43984219599224,132.14509320797575,82.1989203081512,51.13063478786804,31.805062694370864,19.783873546449257,12.306268856095308,7.65493434857109,4.76163982488566,2.9619083312150734,1.842411707973296,1.146045225607826,0.7128806517319037,0.4434369711231692,0.27583347490379123,0.17157817419866714,0.10672769094329942,0.06638839740128742,0.04129593051772074,0.025687528906841027,0.015978551229318873,0.009939223827791901,0.006182548647945056,0.003845763859077829,0.0023922010973104146,0.0014880336650065077,0.0009256095529268865,0.0005757618692489484,0.0003581442402282859,0.00022277838054127183,0.0001385760296045994,8.619919012930075e-05,5.3618944056546445e-05,3.335287904012217e-05,2.0746670040571286e-05,1.2905162317608479e-05,8.02746725706521e-06,4.993368465836994e-06,3.1060517392544192e-06,1.932074004338123e-06,1.2018183441899807e-06,7.475735034933859e-07,4.6501715157463986e-07,2.8925711016790357e-07,1.7992814996041459e-07,1.1192167110217405e-07,6.961923670675843e-08,4.3305626800433937e-08,2.6937631052717426e-08,1.675615896466036e-08,1.0422923333514293e-08,6.483426842955996e-09,4.032920734704232e-09,2.508619291367195e-09,1.5604498979772718e-09,9.706550102985948e-10,6.037817364332243e-10,3.7557358833204364e-10,2.33620051321654e-10,1.4531993216541018e-10,9.039413597030576e-11,5.62283486928509e-11,3.497602098617785e-11,2.1756321721414753e-11,1.3533201361949112e-11,8.418129748595747e-12,5.2363743484554506e-12,3.2572099903468665e-12,2.0260997811099703e-12,1.260305701867478e-12,7.839547079411415e-13,4.876475470930653e-13,3.0333401633674103e-13,1.8868448332298974e-13,1.1736842005659153e-13,7.300730714035396e-14,4.541312640415524e-14,2.824857032235117e-14
Sn134,23173919077.826294,11975792639.940216,6188836845.572534,3198260244.7512,1652793384.0222814,854128732.8793764,441395699.77870476,228103980.44605687,117879322.16245243,60917545.43829776,31480901.604718458,16268665.434817592,8407302.889646567,4344716.6678458415,2245257.863506215,1160301.8698422904,599619.5141065534,309870.7078238603,160134.6408986237,82754.20221490398,42765.62488787569,22100.372224011484,11421.005859739706,5902.134748051419,3050.0986526023835,1576.2266006682219,814.5606354516758,420.9477422511146,217.5369076214379,112.41848198170894,58.09549850301529,30.022527317732294,15.515008387391655,8.01782883610398,4.143444698186723,2.141244758135047,1.10655009254674,0.5718417302194151,0.2955157354582408,0.1527162941919553,0.07892055722704314,0.04078447808063096,0.021076557373057827,0.01089191995595904,0.005628714321185511,0.0029088007474922023,0.0015032068258936137,0.0007768255571858175,0.00040144705033408605,0.00020745936166900435,0.0001072106189553346,5.540418482114343e-05,2.8631713216526312e-05,1.4796265017882971e-05,7.646397434333783e-06,3.951496790110324e-06,2.042050130972907e-06,1.055288403078785e-06,5.453507711595679e-07,2.81825767000428e-07,1.4564160746760873e-07,7.52645084639007e-08,3.889510925353142e-08,2.010017144494803e-08,1.038734431835083e-08,5.367960282502662e-09,2.774048564426615e-09,1.4335697421013009e-09,7.408385822160888e-10,3.8284974130066495e-10,1.978486649217647e-10,1.0224401374371968e-10,5.283754808534949e-11,2.7305329529310524e-11,1.4110817926295253e-11,7.292172846158774e-12,3.7684410000899545e-12,1.9474507627228805e-12,1.0064014464176034e-12,5.200870238872222e-13,2.6876999568980025e-13,1.3889466044197915e-13,7.177782865896291e-14,3.709326672890798e-14,1.916901726240924e-14,9.906143492079572e-15,5.119285852911627e-15,2.6455388683572912e-15,1.3671586438191422e-15,7.065187284623039e-16,3.651139653212213e-16,1.8868319027115317e-16,9.750748991367309e-17,5.038981255087804e-17,2.6040391473112606e-17,1.3457124639792684e-17,6.954357954176687e-18,3.5938653946780724e-18,1.8572337748745733e-18,9.597792114425692e-19,4.959936369774077e-19,2.56319041909981e-19,1.3246027034948268e-19,6.84526716794614e-20,3.537489579096602e-20,1.8280999433907738e-20,9.447234623031208e-21,4.882131436263682e-21,2.522982471806804e-21,1.3038240850631163e-21,6.737887653945007e-22,3.48199811288091e-22,1.799423124991924e-22,9.29903887879115e-23,4.805547003829769e-23,2.4834052537071806e-23,1.2833714141647991e-23,6.63219256799382e-24,3.4273771235256886e-24,1.771196150660108e-24,9.153167833734218e-25,4.73016392686279e-25
Sn135,414498829.3292877,112083629.1268347,30308263.930612188,8195584.57951217,2216148.2674729023,599263.3101122221,162045.3469280564,43818.29158891236,11848.798587369447,3204.0050598315215,866.3872837174346,234.27769662347112,63.35046712562304,17.130447084276874,4.63220289639378,1.2525828174708546,0.338707899829837,0.0915891866046679,0.024766411138089816,0.006697025526697254,0.0018109265268659285,0.0004896882761807257,0.0001324154261762624,3.580613615297194e-05,9.682250952381849e-06,2.6181541371678613e-06,7.079687481435211e-07,1.9144012234898016e-07,5.17668619428422e-08,1.3998152333627375e-08,3.785206624496411e-09,1.023548597604004e-09,2.7677530861251324e-10,7.484214392640797e-11,2.0237883702780286e-11,5.47247734070781e-12,1.4797994041464992e-12,4.001489892380446e-13,1.082033234636828e-13,2.9258999831238914e-14,7.911855604063547e-15,2.1394257992618862e-15,5.785169724529012e-16,1.564353797787882e-16,4.230131389710617e-17,1.1438596306998193e-17,3.0930832501499123e-18,8.363931845819841e-19,2.261670645888008e-19,6.115729067098934e-20,1.6537395526691918e-20,4.471837254490753e-21,1.2092187308681721e-21,3.269819217177544e-22,8.841839313345178e-23,2.3909004519980286e-23,6.465176270209391e-24,1.748232728382668e-24,4.727353972808722e-25,1.278312390645207e-25,3.456653716806795e-26,9.347053979413787e-27,2.5275143318314184e-27,6.8345905690531485e-28,1.8481251583148646e-28,4.9974706842893284e-29,1.3513539993743387e-29,3.654163770016614e-30,9.881136152543503e-31,2.671934204652744e-31,7.225112865341495e-32,1.95372535094694e-32,5.283021619278648e-33,1.4285691392722067e-33,3.8629593682404625e-34,1.0445735295863301e-34,2.8246060978100447e-35,7.637949250873006e-36,2.0653594426543916e-36,5.584888675286881e-37,1.5101962821183868e-37,4.083685357268192e-38,1.1042595121326981e-38,2.986001524248831e-39,8.074374732435974e-40,2.183372204948934e-40,5.904004140646779e-41,1.596487525753291e-41,4.3170234287922616e-42,1.1673558975005265e-42,3.156618938735982e-43,8.535737169548315e-44,2.308128109273268e-44,6.241353573799534e-45,1.687709372658925e-45,4.5636942257491634e-46,1.2340575530088809e-46,3.336985277290949e-47,9.023461437196366e-48,2.440012452637222e-48,6.597978847100327e-49,1.7841435530270138e-49,4.824459567958136e-50,1.3045704805184136e-50,3.5276575845786306e-51,9.539053826428724e-52,2.5794325475717465e-52,6.974981364544228e-53,1.8860878948564967e-53,5.100124804930803e-54,1.379112452648955e-54,3.729224734290053e-55,1.0084106696396186e-55,2.726818980075799e-56,7.373525463350066e-57,1.993857243767626e-57,5.3915413031182965e-58,1.45791368535e-58,3.94230924782397e-59,1.0660303392204796e-59,2.8826269394411423e-60,7.79484200990757e-61
Sn136,4895869.283379267,305991.83021120424,19124.489388200265,1195.2805867625166,74.70503667265729,4.66906479204108,0.2918165495025675,0.01823853434391047,0.0011399083964944044,7.124427478090027e-05,4.452767173806267e-06,2.782979483628917e-07,1.739362177268073e-08,1.0871013607925457e-09,6.79438350495341e-11,4.246489690595882e-12,2.654056056622426e-13,1.6587850353890163e-14,1.0367406471181352e-15,6.479629044488345e-17,4.0497681528052155e-18,2.5311050955032597e-19,1.5819406846895373e-20,9.887129279309608e-22,6.179455799568505e-23,3.862159874730316e-24,2.4138499217064473e-25,1.5086562010665295e-26,9.42910125666581e-28,5.893188285416131e-29,3.683242678385082e-30,2.302026673990676e-31,1.4387666712441726e-32,8.992291695276079e-34,5.620182309547549e-35,3.512613943467218e-36,2.1953837146670114e-37,1.3721148216668822e-38,8.575717635418013e-40,5.359823522136258e-41,3.3498897013351615e-42,2.093681063334476e-43,1.3085506645840475e-44,8.178441653650297e-46,5.111526033531435e-47,3.194703770957147e-48,1.996689856848217e-49,1.2479311605301356e-50,7.799569753313347e-52,4.874731095820842e-53,3.0467069348880264e-54,1.9041918343050165e-55,1.1901198964406353e-56,7.43824935275397e-58,4.648905845471232e-59,2.90556615341952e-60,1.8159788458872e-61,1.1349867786795e-62,7.093667366746874e-64,4.4335421042167965e-65,2.770963815135498e-66,1.731852384459686e-67,1.0824077402873038e-68,6.765048376795649e-70,4.228155235497281e-71,2.6425970221858004e-72,1.6516231388661252e-73,1.0322644617913283e-74,6.451652886195802e-76,4.032283053872376e-77,2.520176908670235e-78,1.575110567918897e-79,9.844441049493106e-81,6.152775655933191e-82,3.8454847849582444e-83,2.4034279905989027e-84,1.5021424941243142e-85,9.388390588276964e-87,5.867744117673102e-88,3.667340073545689e-89,2.2920875459660556e-90,1.4325547162287848e-91,8.953466976429905e-93,5.59591686026869e-94,3.4974480376679316e-95,2.1859050235424572e-96,1.3661906397140358e-97,8.538691498212724e-99,5.336682186382952e-100,3.335426366489345e-101,2.0846414790558407e-102,1.3029009244099004e-103,8.143130777561878e-105,5.089456735976174e-106,3.1809104599851085e-107,1.988069037490693e-108,1.242543148431683e-109,7.765894677698019e-111,4.853684173561262e-112,3.0335526084757886e-113,1.895970380297368e-114,1.184981487685855e-115,7.406134298036593e-117,4.628833936272871e-118,2.893021210170544e-119,1.80813825635659e-120,1.1300864102228688e-121,7.06304006389293e-123,4.414400039933081e-124,2.759000024958176e-125,1.72437501559886e-126,1.0777343847492875e-127,6.735839904683047e-129,4.209899940426904e-130,2.631187462766815e-131,1.6444921642292594e-132,1.0278076026432871e-133,6.423797516520545e-135,4.0148734478253404e-136,2.5092959048908377e-137,1.5683099405567736e-138,9.801937128479835e-140
Sn137,4408110.20116154,114784.71095767998,2988.929329889798,77.83003907523224,2.026650453684537,0.052772838228303115,0.0013741750332956792,3.578274516833582e-05,9.317625635442303e-07,2.4262573224559922e-08,6.317837639215134e-10,1.6451293960477045e-11,4.283824441674806e-13,1.1154837966653366e-14,2.904657082857578e-16,7.563563714880164e-18,1.9695094614325886e-19,5.1284918920444926e-21,1.3354304511761457e-22,3.477385803602344e-24,9.054917099160961e-26,2.357849496818549e-27,6.139707507827577e-29,1.598745311460193e-30,4.1630428935862104e-32,1.0840329606977665e-33,2.822760874478676e-35,7.350310593285664e-37,1.9139795476917797e-38,4.983895119110728e-40,1.2977782645719133e-41,3.3793416268675477e-43,8.79961557596805e-45,2.291370415739698e-46,5.96659971881728e-48,1.5536690165870887e-49,4.045666756376917e-51,1.0534688745745385e-52,2.743173712832492e-54,7.143070099545471e-56,1.8600152884352246e-57,4.843375222417201e-59,1.2611876736163614e-60,3.2840617855083857e-62,8.551512226654712e-64,2.2267656986637508e-65,5.7983726682750477e-67,1.509863638566673e-68,3.931600015188359e-70,1.0237665365663766e-71,2.6658304948218404e-73,6.941672708855234e-75,1.8075725403571068e-76,4.70681725527775e-78,1.2256287468387595e-79,3.191468339658123e-81,8.310404100190509e-83,2.163982498283575e-84,5.634888744784715e-86,1.4672933441599657e-87,3.82074936228114e-89,9.949016498626075e-91,2.590667952917937e-92,6.745953676127541e-94,1.7566084047630225e-95,4.574109511904328e-97,1.1910723966800222e-98,3.1014855469484996e-100,8.07609396770749e-102,2.1029694573109787e-103,5.476014216855649e-105,1.4259233104387812e-106,3.7130241207083594e-108,9.668506026961379e-110,2.5176246034069584e-111,6.555752901228823e-113,1.7070811924784407e-114,4.445143436030648e-116,1.1574903556988201e-117,3.014039800551766e-119,7.84839016116511e-121,2.0436766664659505e-122,5.321619123529089e-124,1.3857196963002243e-125,3.608336170140963e-127,9.39590449028782e-129,2.4466406960957283e-130,6.370914798015809e-132,1.6589503897465118e-133,4.3198135321119617e-135,1.1248551534484994e-136,2.929059568969502e-138,7.627106416563705e-140,1.9860556236503437e-141,5.1715771680687515e-143,1.346649614784337e-144,3.506599874784452e-146,9.130988897811813e-148,2.3776581654354745e-149,6.191288167064525e-151,1.6121766250874243e-152,4.198017279028694e-154,1.0931400940060033e-155,2.8464753375191774e-157,7.412061721578765e-159,1.9300591942726828e-160,5.025765614648799e-162,1.3086811061722116e-163,3.407732013327892e-165,8.873542545919235e-167,2.3106205830236013e-168,6.016726071987577e-170,1.5667216370921273e-171,4.0796550462231225e-173,1.062319234134322e-174,2.7662195514704104e-176,7.203080167490994e-178,1.8756415726915998e-179,4.884065187954768e-181,1.2717831118426502e-182,3.3116517108680993e-184,8.623354840909778e-186
Sr100,7975786577.124396,322622973.0082295,10434007.750410767,337445.50842055253,10913.301374012932,352.94630957600043,11.414611690276448,0.36915915113638376,0.011938950055026796,0.00038611674118777103,1.2487374278167177e-05,4.038532902855905e-07,1.3060990760856423e-08,4.224045804716405e-10,1.3660956727583137e-11,4.4180803746144123e-13,1.428848256077183e-14,4.621028061475655e-16,1.4944834242630706e-17,4.833298295712678e-19,1.563133590916758e-20,5.055319315217308e-22,1.6349372521526317e-23,5.2875390292957055e-25,1.7100392660033e-26,5.530425922288863e-28,1.788591144658874e-29,5.784469998701574e-31,1.8707513601304451e-32,6.050183771746561e-34,1.956685663954456e-35,6.328103297298108e-37,2.0465674215829102e-38,6.6187892553410876e-40,2.140577962134041e-41,6.922828081097124e-43,2.2389069442090157e-44,7.240833148109813e-46,2.341752738512712e-47,7.573446005675889e-49,2.4493228280504373e-50,7.921337673118588e-52,2.561834226707975e-53,8.28520999351444e-55,2.6795139170594063e-56,8.665797049604417e-58,2.8025993082859504e-59,9.063866644746124e-61,2.931338715129632e-62,9.480221851894334e-64,3.0659918588480276e-65,9.915702633735319e-67,3.206830391180732e-68,1.0371187537243038e-69,3.354138442384596e-71,1.0847595466076014e-72,3.508213194443345e-74,1.1345887534390592e-75,3.669365480608015e-77,1.1867069005810378e-78,3.837920412477697e-80,1.241219132146364e-81,4.014218035885667e-83,1.298235422118005e-84,4.198614016914147e-86,1.3578707962126145e-87,4.391480359421622e-89,1.4202455639355395e-90,4.593206155530295e-92,1.4854855612954387e-93,4.804198370587739e-95,1.5537224046681672e-96,5.024882664186284e-98,1.6250937563220904e-99,5.2557042488965365e-101,1.6997436021404795e-102,5.497128788447488e-104,1.7778225421013047e-105,5.749643337165084e-107,1.8594880941004006e-108,6.013757322564613e-110,1.9449050117309777e-111,6.290003573079218e-113,2.0342456166605786e-114,6.578939392997805e-116,2.1276901462759864e-117,6.88114768678101e-119,2.225427117297452e-120,7.197238135023419e-122,2.3276537060958125e-123,7.527848424434466e-125,2.4345761464797475e-126,7.873645534319409e-128,2.5464101457556792e-129,8.235327082155655e-131,2.663381319899659e-132,8.613622730979192e-134,2.785725648719223e-135,9.009295661420212e-137,2.913689951923402e-138,9.423144111357895e-140,3.047532387061384e-141,9.856002986300205e-143,3.187522970334289e-144,1.0308745543737653e-145,3.333944121330864e-147,1.0782285154869179e-148,3.487091232785985e-150,1.1277577147254009e-151,3.647273266511393e-153,1.1795620732107128e-154,3.8148133767009793e-156,1.2337461020126462e-157,3.9900495618680175e-159,1.2904191129918539e-160,4.17333534672962e-162,1.3496954393276084e-163,4.365040495414011e-165,1.4116946661756757e-166,4.565551757429535e-168,1.476541871921615e-169,4.775273647900238e-171
Sr101,660497415.8341749,1856982.8674240648,5220.429543660162,14.67589448349942,0.04125750133959272,0.00011598484976164914,3.260615630477516e-07,9.166381912432925e-10,2.576892430349794e-12,7.244270052273654e-15,2.036540135404304e-17,5.725208603744504e-20,1.6094950934950687e-22,4.5246813439958e-25,1.2719977431087679e-27,3.5758943789949755e-30,1.0052706994963942e-32,2.8260599228045305e-35,7.94474034832903e-38,2.2334593365497082e-40,6.278796271888525e-43,1.765122022986238e-45,4.9621864145846943e-48,1.3949910370180062e-50,3.9216583795420368e-53,1.1024733519942866e-55,3.0993201707677957e-58,8.712941227606095e-61,2.4494192485093143e-63,6.885911999450444e-66,1.935796989144764e-68,5.441995168513634e-71,1.529876923055334e-73,4.300855342979878e-76,1.2090748218031357e-78,3.399002775353574e-81,9.55542176424745e-84,2.6862609749754015e-86,7.551731575758552e-89,2.1229750319710068e-91,5.96819807637241e-94,1.6778053317822436e-96,4.716718003213381e-99,1.3259839088844108e-101,3.72766259382592e-104,1.04793642821048e-106,2.9460036415029188e-109,8.281931252804271e-112,2.328251883666525e-114,6.545281128675448e-117,1.8400373840105972e-119,5.172791676927901e-122,1.4541972878057824e-124,4.088101520294737e-127,1.1492645585561175e-129,3.2308616089797175e-132,9.082736136484888e-135,2.5533775725869015e-137,7.17816407987492e-140,2.0179561421229224e-142,5.672964488160021e-145,1.5948080046015366e-147,4.4833923724526456e-150,1.2603904110945773e-152,3.5432633515190663e-155,9.960973256941136e-158,2.800271342601686e-160,7.872242390302604e-163,2.213078400970237e-165,6.221500515373128e-168,1.7490147952200212e-170,4.916905087992372e-173,1.3822613571021285e-175,3.885872159712473e-178,1.0924129770425763e-180,3.0710380150522677e-183,8.633433223604581e-186,2.4270676188673243e-188,6.823076143623512e-191,1.9181323049998294e-193,5.392335454034727e-196,1.5159163720378755e-198,4.261608845742394e-201,1.1980416788886081e-203,3.367985932796696e-206,9.468225891806491e-209,2.6617480989249173e-211,7.482819931727096e-214,2.1036022962979764e-216,5.91373661449148e-219,1.6624948930281686e-221,4.673676643920692e-224,1.3138839381420991e-226,3.693646639318259e-229,1.0383737178063866e-231,2.919120541617554e-234,8.206356334302392e-237,2.307005939817334e-239,6.485553623970072e-242,1.8232465328078778e-244,5.125588518935175e-247,1.440927334439005e-249,4.050796460666398e-252,1.1387772008736242e-254,3.201379101176139e-257,8.99985365142966e-260,2.530077294419601e-262,7.11266134279943e-265,1.999541732931868e-267,5.621197114612752e-270,1.5802549394655406e-272,4.442480174220455e-275,1.248888999202662e-277,3.5109300912144627e-280,9.870076614707137e-283,2.774718090342004e-285,7.800405996240202e-288,2.1928834470776942e-290,6.1647275985188e-293,1.7330545503722282e-295,4.872036966057569e-298,1.3696478390442588e-300
Sr102,14889454.76010734,645.8453247234137,0.028013989418511524,1.2151262416829517e-06,5.2706944418652895e-11,2.2862003096101366e-15,9.916552578243862e-20,4.3013735333560715e-24,1.8657506353616917e-28,8.092822923557041e-33,3.5103181331278874e-37,1.5226248630620512e-41,6.604491062321235e-46,2.864743854540846e-50,1.2426025373778274e-54,5.3898747821741725e-59,2.3378956097112713e-63,1.0140784531737207e-67,4.3986357000696326e-72,1.9079387754837367e-76,8.27581691054058e-81,3.589693045544651e-85,1.5570542824381937e-89,6.753831059366442e-94,2.929521115155692e-98,1.2707001239305655e-102,5.51175001471646e-107,2.3907598380298013e-111,1.0370086792534479e-115,4.498097147780406e-120,1.9510808690083528e-124,8.46294873664261e-129,3.670862774408875e-133,1.59226221591018e-137,6.906547915356112e-142,2.995763111783883e-146,1.299433049899042e-150,5.636381076087358e-155,2.444819426236997e-159,1.0604574009844969e-163,4.59980760637894e-168,1.995198486620857e-172,8.654311966208376e-177,3.753867903904947e-181,1.6282662671497706e-185,7.062717987438759e-190,3.063502964868753e-194,1.3288156815055071e-198,5.763830280773354e-203,2.500101403674032e-207,1.0844363425312733e-211,4.703817930242379e-216,2.0403136867604235e-220,8.850002279249369e-225,3.838749935902172e-229,1.6650844378809357e-233,7.222419359342004e-238,3.1327745437693026e-242,1.3588627098195923e-246,5.8941613523089925e-251,2.5566334108664546e-255,1.1089574931636476e-259,4.810180123661223e-264,2.0864490266491283e-268,9.050117519282522e-273,3.9255513107053767e-277,1.702735136880562e-281,7.385731880413746e-286,3.203612483694595e-290,1.3895891581037084e-294,6.02743945513809e-299,2.6144437133442243e-303,1.1340331132514942e-307,4.918947366843e-312,2.1336276e-316,9.254e-321,0.0,0.0,0.0,0.0,0.0,0.0,0.0,0.0,0.0,0.0,0.0,0.0,0.0,0.0,0.0,0.0,0.0,0.0,0.0,0.0,0.0,0.0,0.0,0.0,0.0,0.0,0.0,0.0,0.0,0.0,0.0,0.0,0.0,0.0,0.0,0.0,0.0,0.0,0.0,0.0,0.0,0.0,0.0,0.0,0.0,0.0
Sr103,174529.84234266132,6.530673855133056,0.00024436910289750126,9.143965810510203e-09,3.421550013990512e-13,1.2802983673432253e-17,4.790705682276412e-22,1.7926181521125688e-26,6.707737966813526e-31,2.5099460573021245e-35,9.391883287234577e-40,3.514317426241747e-44,1.3150106953706584e-48,4.920594582682613e-53,1.8412208457590405e-57,6.88960276221217e-62,2.577997437429268e-66,9.646522472738177e-71,3.609600012241901e-75,1.3506641678592775e-79,5.054005120101758e-84,1.8911412889925755e-88,7.0763984007608e-93,2.6478938732793236e-97,9.908065610602665e-102,3.7074659651078598e-106,1.3872843017636302e-110,5.191032775573472e-115,1.942415209544358e-119,7.2682585708629795e-124,2.719685389269334e-128,1.0176699885522734e-132,3.8079853268551006e-137,1.424897305871462e-141,5.331775618884906e-146,1.9950793038203677e-150,7.465320585574108e-155,2.79342336611269e-159,1.0452617557273005e-163,3.911230038526293e-168,1.4635300995611522e-172,5.476334378758573e-177,2.049171263164712e-181,7.667725480875315e-186,2.869160577591933e-190,1.0736016098307076e-194,4.0172739916790364e-199,1.503210332067744e-203,5.624812514943226e-208,2.104729800835091e-212,7.875618116612074e-217,2.9469512283286246e-221,1.1027098335087239e-225,4.126193081269549e-230,1.5439664022713196e-234,5.7773162922593605e-239,2.1617946797096227e-243,8.08914728016942e-248,3.0268509925772234e-252,1.1326072593246e-256,4.238065259970187e-261,1.5858274790218838e-265,5.933954856652198e-270,2.2204067407448631e-274,8.308465792958064e-279,3.108917054070786e-283,1.16331528466834e-287,4.352970593959655e-292,1.628823522015326e-296,6.094840313306749e-301,2.280607932205412e-305,8.53373061978774e-310,3.193208147e-314,1.19486e-318,4.4e-323,0.0,0.0,0.0,0.0,0.0,0.0,0.0,0.0,0.0,0.0,0.0,0.0,0.0,0.0,0.0,0.0,0.0,0.0,0.0,0.0,0.0,0.0,0.0,0.0,0.0,0.0,0.0,0.0,0.0,0.0,0.0,0.0,0.0,0.0,0.0,0.0,0.0,0.0,0.0,0.0,0.0,0.0,0.0,0.0,0.0,0.0,0.0
Sr104,7026.28592163388,0.0007015009201778078,7.00375058030486e-11,6.992510028167527e-18,6.981287516365985e-25,6.970083015946712e-32,6.958896498002647e-39,6.947727933673111e-46,6.936577294143751e-53,6.925444550646468e-60,6.914329674459306e-67,6.903232636906446e-74,6.892153409358061e-81,6.881091963230282e-88,6.870048269985116e-95,6.859022301130377e-102,6.848014028219592e-109,6.837023422851957e-116,6.826050456672247e-123,6.815095101370741e-130,6.8041573286831595e-137,6.79323711039058e-144,6.782334418319367e-151,6.771449224341101e-158,6.7605815003725185e-165,6.749731218375417e-172,6.7388983503566e-179,6.7280828683677835e-186,6.717284744505563e-193,6.706503950911294e-200,6.695740459771067e-207,6.684994243315583e-214,6.674265273820136e-221,6.663553523604503e-228,6.652858965032895e-235,6.642181570513859e-242,6.631521312500243e-249,6.6208781634891e-256,6.610252096021624e-263,6.5996430826830786e-270,6.589051096102719e-277,6.57847610895375e-284,6.56791809395321e-291,6.55737702386192e-298,6.54685287148445e-305,6.536345609667e-312,6.52587e-319,0.0,0.0,0.0,0.0,0.0,0.0,0.0,0.0,0.0,0.0,0.0,0.0,0.0,0.0,0.0,0.0,0.0,0.0,0.0,0.0,0.0,0.0,0.0,0.0,0.0,0.0,0.0,0.0,0.0,0.0,0.0,0.0,0.0,0.0,0.0,0.0,0.0,0.0,0.0,0.0,0.0,0.0,0.0,0.0,0.0,0.0,0.0,0.0,0.0,0.0,0.0,0.0,0.0,0.0,0.0,0.0,0.0,0.0,0.0,0.0,0.0,0.0,0.0,0.0,0.0,0.0,0.0,0.0,0.0,0.0,0.0,0.0,0.0,0.0,0.0
Sr105,1.8866558573238913e-14,7.269158410006977e-20,2.800757954061985e-25,1.07911324458727e-30,4.157750915086375e-36,1.6019535260651293e-41,6.172219433253821e-47,2.3781147275733957e-52,9.162716456631387e-58,3.5303331622814876e-63,1.3602136763365951e-68,5.240812014743198e-74,2.0192496996390994e-79,7.780033586441073e-85,2.9975947311998808e-90,1.1549531339012743e-95,4.449956919207794e-101,1.71453853853935e-106,6.60600193104787e-112,2.5452482129789477e-117,9.806670560032545e-123,3.7784443569238823e-128,1.4558092546266326e-133,5.609135362739571e-139,2.161162213905877e-144,8.326812980554211e-150,3.2082651624662288e-155,1.2361230373171406e-160,4.7626991099811716e-166,1.835036005917899e-171,7.070270586605304e-177,2.7241278103865517e-182,1.0495881644728476e-187,4.043992762752058e-193,1.5581232733702469e-198,6.003344410947605e-204,2.3130483147524282e-209,8.912019934459393e-215,3.4337414746437147e-220,1.3229975472898912e-225,5.0974207669978456e-231,1.9640020141418605e-236,7.567167961739724e-242,2.9155790344848454e-247,1.1233530363416512e-252,4.3282038639058105e-258,1.667627903382612e-263,6.425258401832071e-269,2.4756089440919847e-274,9.538355130310001e-280,3.675064222442503e-285,1.4159775825664775e-290,5.455666603285258e-296,2.1020317307745723e-301,8.098987197132657e-307,3.12048541699e-312,1.2023023e-317,4.4e-323,0.0,0.0,0.0,0.0,0.0,0.0,0.0,0.0,0.0,0.0,0.0,0.0,0.0,0.0,0.0,0.0,0.0,0.0,0.0,0.0,0.0,0.0,0.0,0.0,0.0,0.0,0.0,0.0,0.0,0.0,0.0,0.0,0.0,0.0,0.0,0.0,0.0,0.0,0.0,0.0,0.0,0.0,0.0,0.0,0.0,0.0,0.0,0.0,0.0,0.0,0.0,0.0,0.0,0.0,0.0,0.0,0.0,0.0,0.0,0.0,0.0,0.0,0.0,0.0
Sr96,5012567324595.829,2652988106792.5273,1389048933637.7234,726776593613.7303,380246940101.5299,198943319953.91177,104086144389.63701,54457346656.53376,28491809551.567493,14906771286.691374,7799147674.034636,4080474790.3857203,2134883863.0670164,1116960486.9322355,584388102.2996583,305748912.4323114,159966291.38354006,83693558.14035401,43788048.179465145,22909686.312436335,11986232.51676168,6271136.496001917,3281027.036351222,1716616.8237815974,898125.2781650593,469894.62301908084,245846.5006055255,128625.65115483002,67296.29298873246,35209.08162069397,18421.214208340603,9637.886513635262,5042.49369228088,2638.2073082848433,1380.2967789810496,722.1643242676347,377.832737992711,197.6801859380725,103.42527786267361,54.11158457895346,28.310908572400155,14.812124805277719,7.7496291115507425,4.054566927845207,2.1213289998450637,1.10986865075013,0.5806776893201769,0.3038076430452606,0.1589506290155124,0.08316216870377771,0.04351002790206409,0.02276422750327338,0.011910129200266606,0.006231319624030546,0.003260195049433968,0.0017057176331261251,0.0008924228764970766,0.00046691115518088017,0.0002442855652558546,0.0001278089776399844,6.686901351813107e-05,3.498553115324445e-05,1.830425372946113e-05,9.576693380040926e-06,5.010477752922829e-06,2.621456730029221e-06,1.371532960785374e-06,7.175791387179328e-07,3.754337920018448e-07,1.9642506947556284e-07,1.0276860724963742e-07,5.3768017820882986e-08,2.8131156174610782e-08,1.4718079255898924e-08,7.700424953682855e-09,4.028823560216657e-09,2.107860199532738e-09,1.1028218422489716e-09,5.769908345966309e-10,3.018786992190866e-10,1.5794141531886982e-10,8.263415317959785e-11,4.3233772838639515e-11,2.2619692245174183e-11,1.1834509081037534e-11,6.191755558435586e-12,3.2394953295398493e-12,1.6948876439111242e-12,8.86756680674284e-13,4.639466300585688e-13,2.4273454063975103e-13,1.2699748937103562e-13,6.644444694207265e-14,3.476340005855898e-14,1.8188035859264573e-14,9.515888775570081e-15,4.9786650900457486e-15,2.604812505004847e-15,1.362824786064748e-15,7.130230655541836e-16,3.7305007746471287e-16,1.9517792203294852e-16,1.021161059876823e-16,5.342663244630321e-17,2.7952545065679377e-17,1.4624630823103668e-17,7.651533204204698e-18,4.003243643084471e-18,2.0944769156970512e-18,1.0958197755377707e-18,5.733273885522924e-19,2.999620026960002e-19,1.5693860934953156e-19,8.21094901460773e-20,4.295927178144637e-20,2.2476074674302938e-20,1.175936909114508e-20,6.1524426940918695e-21,3.2189270368754516e-21,1.6841264167609092e-21,8.811264608175344e-22,4.610009273805338e-22
Sr97,936312210937.8851,187918213471.70526,37378033557.30624,7429231879.767368,1476538308.4702334,293456207.1562891,58323247.15822164,11591511.628484381,2303766.47357469,457864.3522563063,90998.70471569322,18085.627804638803,3594.446032059497,714.3817409575465,141.98050750010194,28.21805675347525,5.6082256709906355,1.1146123721962122,0.22152474118136126,0.04402715435391776,0.008750220450169715,0.0017390712402414214,0.00034563343813539887,6.86932603984139e-05,1.3652510155327534e-05,2.713381668889675e-06,5.392737304204471e-07,1.0717849230572412e-07,2.13012957333785e-08,4.233547143269673e-09,8.414005250489116e-10,1.672249816983999e-10,3.323529481088045e-11,6.605381623891107e-12,1.31279312085279e-12,2.609123705926275e-13,5.185528781872576e-14,1.0306030598147758e-14,2.0482822708700132e-15,4.070878910367731e-16,8.09070865796135e-17,1.6079959151154816e-17,3.1958274266664703e-18,6.351578909514923e-19,1.2623508487088622e-19,2.5088717119593855e-20,4.986281962346681e-21,9.910035530914518e-22,1.9695798385570748e-22,3.914460980840226e-23,7.779834292854232e-24,1.5462108811537816e-24,3.073032148248032e-25,6.107528215762629e-26,1.213846751574103e-26,2.412471763133756e-27,4.794690928134344e-28,9.529256030118827e-29,1.8939014390837861e-29,3.7640531953667216e-30,7.4809048481448604e-31,1.4867998522413252e-31,2.9549551097057613e-32,5.872854834639117e-33,1.16720635773646e-33,2.319775849906785e-34,4.6104615162024263e-35,9.163107458523508e-36,1.8211308781427132e-36,3.6194246224187077e-37,7.19346135667697e-38,1.429671610495519e-38,2.841415019154371e-39,5.647198455789254e-40,1.122358056957112e-40,2.2306416497992364e-41,4.4333108663282743e-42,8.811027642774126e-43,1.7511564260330672e-43,3.4803532036944234e-44,6.917062486476753e-45,1.3747384429555976e-45,2.7322375506002074e-46,5.430212613288311e-47,1.0792329905222852e-47,2.1449323088775957e-48,4.2629669868046675e-49,8.472476010255076e-50,1.683870646114318e-50,3.346625413177282e-51,6.651283863145183e-52,1.3219160069108091e-52,2.627255076286428e-53,5.221564153688716e-54,1.0377649455196823e-54,2.0625162316327493e-55,4.099168336832089e-56,8.146932759110867e-57,1.6191702298512497e-57,3.2180359292945445e-58,6.395717418286499e-59,1.2711232004031888e-59,2.526306409322456e-60,5.0209327245064404e-61,9.978902531771988e-62,1.9832668789322226e-62,3.9416634249569113e-63,7.833898060158145e-64,1.5569558381971815e-64,3.094387319672817e-65,6.149970762972451e-66,1.2222820377060957e-66,2.429236556202565e-67,4.828010282361584e-68,9.595476911078332e-69,1.9070625737358724e-69,3.790210422939133e-70,7.532891289463316e-71,1.497131949071832e-71,2.975489738006442e-72,5.913666585280296e-73,1.17531752958729e-73
Sr98,661057087701.4674,228917558947.0651,79192992676.9497,27396266114.865116,9477547659.981426,3278691674.377326,1134240573.750974,392382635.18244576,135742042.69871557,46959015.266953535,16245144.621378537,5619894.758636935,1944163.4921853219,672569.8338989862,232670.85473477794,80490.8634233257,27845.254198329447,9632.871960780709,3332.425035586929,1152.8292562197134,398.8132605545684,137.96667280610106,47.72861057507705,16.51138076388128,5.711997299838195,1.976025725524443,0.6835923518460003,0.23648401813105144,0.0818100007707608,0.028301600585976673,0.009790741818626512,0.003387039014553103,0.0011717225822745897,0.00040534927525580393,0.00014022776161866276,4.851081851860043e-05,1.67819801598501e-05,5.805609278219369e-06,2.0084101381542712e-06,6.947955140856526e-07,2.4035967416355756e-07,8.315075701091748e-08,2.8765425879150726e-08,9.951198951805969e-09,3.4425480434203805e-09,1.1909255446155749e-09,4.119924064759702e-10,1.4252590664570184e-10,4.930584580170926e-11,1.7057014317159887e-11,5.900755431432265e-12,2.0413252878933473e-12,7.06182281135725e-13,2.442988470028261e-13,8.451348644846503e-14,2.9236852647086996e-14,1.0114285762293303e-14,3.4989667908567293e-15,1.2104432177663066e-15,4.187444097112163e-16,1.4486171518889705e-16,5.011390251619414e-17,1.733655591560396e-17,5.997460902545728e-18,2.0747798728114074e-18,7.177556620329295e-19,2.483025776041723e-19,8.589854919465252e-20,2.9716005467766637e-20,1.0280045346974379e-20,3.556310165929982e-21,1.2302807594150655e-21,4.256070692279181e-22,1.472358045027879e-22,5.0935202196968376e-23,1.7620678826099887e-23,6.095751246689754e-24,2.108782733527877e-24,7.295187151280477e-25,2.5237192398277118e-25,8.730631126246882e-26,3.0203010960836696e-26,1.0448521509035134e-26,3.6145933220475664e-27,1.2504434117777286e-27,4.325821985341861e-28,1.496488019578873e-28,5.176996187849638e-29,1.7909458130210652e-29,6.195652437808674e-30,2.1433428555480862e-30,7.414745488941338e-31,2.565079614932492e-31,8.873714466336515e-32,3.069799782107049e-32,1.061975876953703e-32,3.673831660960937e-33,1.2709365029830542e-33,4.396716408590961e-34,1.5210134520647042e-34,5.261840215214616e-35,1.8202970139985319e-35,6.297190875524955e-36,2.178469371637758e-36,7.5362632274795e-37,2.6071178311385367e-37,9.019142750556217e-38,3.1201096852376305e-38,1.07938023791821e-38,3.734040836835643e-39,1.291765448480702e-39,4.468772696397792e-40,1.5459408235107885e-40,5.3480747224483e-41,1.8501292418125253e-41,6.400393392115472e-42,2.214171564236397e-42,7.659772478848596e-43,2.6498449973527987e-43,9.166954409396688e-44,3.171244100236303e-44,1.0970698330270663e-44
Sr99,48596666175.97,3796764750.0852885,291398897.57000834,22364644.260740507,1716469.4756160888,131737.72971179,10110.770786289402,775.9939852958792,59.55694950892787,4.57095068005783,0.35081699603148886,0.02692493822816757,0.002066468577040005,0.00015859989514948534,1.2172421599295756e-05,9.342241207117382e-07,7.170099232925973e-08,5.502996751019311e-09,4.223508246952282e-10,3.2415105294710236e-11,2.487834733187449e-12,1.9093942788036814e-13,1.465445619555764e-14,1.1247183924844998e-15,8.632128313136504e-17,6.6250929754827314e-18,5.084708584208063e-19,3.902475253101679e-20,2.9951201428474726e-21,2.298731981185719e-22,1.7642593516473554e-23,1.354055664318735e-24,1.0392274471220301e-25,7.975991794954372e-27,6.121513176865637e-28,4.6982149101814644e-29,3.605844291190996e-30,2.7674581305631474e-31,2.1240031143691964e-32,1.6301562722945452e-33,1.251132568555797e-34,9.602347521552178e-36,7.36972885543961e-37,5.656210971410433e-38,4.3410989984373545e-39,3.3317605388991695e-40,2.557100930561941e-41,1.962555559662516e-42,1.5062464992008845e-43,1.156032757994921e-44,8.872463692140394e-46,6.809548555084757e-47,5.2262768418126455e-48,4.011127816523393e-49,3.078510160764366e-50,2.3627331871323274e-51,1.8133797915386437e-52,1.39175522918516e-53,1.068161577074109e-54,8.198059046672004e-56,6.291948107403032e-57,4.8290224260245535e-58,3.7062380669685865e-59,2.8445095916349317e-60,2.183139526037283e-61,1.675543019493525e-62,1.2859665526139778e-63,9.869695705824107e-65,7.574916558098357e-66,5.813690976135475e-67,4.46196370702783e-68,3.424523285561299e-69,2.628295634695626e-70,2.0171969548245685e-71,1.5481833553418893e-72,1.1882189768455813e-73,9.119490479370091e-75,6.999139739722379e-76,5.371786637310551e-77,4.1228054803679016e-78,3.1642219202998026e-79,2.4285163121526466e-80,1.8638678407969233e-81,1.4305044238626557e-82,1.0979012899410748e-83,8.426309086129796e-85,6.467128280612945e-86,4.963471879609551e-87,3.809427002326267e-88,2.923706316473387e-89,2.243922411366964e-90,1.7221934227335245e-91,1.3217703830943978e-92,1.014448738778998e-93,7.785817088752279e-95,5.975555532995057e-96,4.586193526109425e-97,3.519868728989252e-98,2.7014725389983033e-99,2.0733596735744146e-100,1.5912878157919703e-101,1.2213013231431006e-102,9.373394976751859e-104,7.194009514710263e-105,5.521347710845725e-106,4.237592469362913e-107,3.2523200632931513e-108,2.4961309683678545e-109,1.9157615763487174e-110,1.470332472103384e-111,1.1284690147309491e-112,8.660914054262276e-114,6.647185813356343e-115,5.101664669624701e-116,3.915488919987811e-117,3.005108033428453e-118,2.3063976114135798e-119,1.7701426646766544e-120,1.3585710624232375e-121,1.0426929809021674e-122,8.002589503735124e-124,6.141926716518334e-125
Tb169,10450.184915898179,7450.880065800358,5299.309543892797,3762.5485758720306,2668.209043432326,1890.5514236789802,1338.7430895876441,947.594995775231,670.5311867616927,474.3773188715504,335.55550387281363,237.3336146817589,167.85022955939868,118.70304615237532,83.9432341854472,59.36058277906156,41.97614694416056,29.682556315249283,20.989205934939527,14.841844389054272,10.494886083184575,7.4210637523845335,5.247513820520985,3.7105672656566147,2.6237746049926667,1.855292480194394,1.3118917261793777,0.9276484519387194,0.6559469690104495,0.4638247789297405,0.3279737609854152,0.2319125277049654,0.16398694961275528,0.11595629841250653,0.08199349208638952,0.05797815784625918,0.04099675036319771,0.028989081083131033,0.020498376261599536,0.01449454108156586,0.010249188400799957,0.007247270675783031,0.00512459426790003,0.0036236353716415422,0.0025622971508250272,0.0018118176942582753,0.0012811485796312661,0.0009059088492385152,0.000640574290870322,0.0004529544251466018,0.00032028714569883276,0.0002264772127051366,0.00016014357291533422,0.00011323860638552703,8.00717864741464e-05,5.6619303201003226e-05,4.0035893241193094e-05,2.830965160256155e-05,2.0017946621626526e-05,1.4154825801795767e-05,1.000897331107076e-05,7.077412901026637e-06,5.0044866555997515e-06,3.5387064505455e-06,2.5022433278159664e-06,1.7693532252807954e-06,1.251121663912006e-06,8.846766126424095e-07,6.255608319570087e-07,4.4233830632170716e-07,3.127804159787555e-07,2.2116915316097913e-07,1.5639020798944046e-07,1.1058457658052092e-07,7.819510399473593e-08,5.52922882902683e-08,3.909755199737185e-08,2.7646144145136076e-08,1.9548775998686894e-08,1.3823072072568524e-08,9.774387999343682e-09,6.911536036284386e-09,4.8871939996719054e-09,3.45576801814222e-09,2.443596999835966e-09,1.727884009071116e-09,1.2217984999179838e-09,8.639420045355575e-10,6.108992499589919e-10,4.3197100226777874e-10,3.0544962497949595e-10,2.1598550113388937e-10,1.5272481248974797e-10,1.0799275056694468e-10,7.636240624487399e-11,5.399637528347234e-11,3.8181203122436994e-11,2.699818764173617e-11,1.9090601561218497e-11,1.3499093820868086e-11,9.545300780609248e-12,6.749546910434043e-12,4.772650390304624e-12,3.3747734552170214e-12,2.386325195152312e-12,1.6873867276085107e-12,1.193162597576156e-12,8.436933638042553e-13,5.96581298788078e-13,4.218466819021277e-13,2.98290649394039e-13,2.1092334095106384e-13,1.491453246970195e-13,1.0546167047553192e-13,7.457266234850975e-14,5.273083523776596e-14,3.7286331174254877e-14,2.636541761888298e-14,1.8643165587127438e-14,1.318270880944149e-14,9.321582793563719e-15,6.591354404720745e-15
Tb170,848.2131065083651,673.2271887822964,534.3407738433053,424.10655325418253,336.6135943911482,267.17038692165266,212.05327662709126,168.3067971955741,133.58519346082633,106.02663831354563,84.15339859778705,66.79259673041317,53.013319156772816,42.07669929889352,33.39629836520658,26.506659578386408,21.03834964944676,16.69814918260329,13.253329789193204,10.51917482472338,8.349074591301646,6.626664894596602,5.25958741236169,4.174537295650823,3.313332447298301,2.629793706180845,2.0872686478254114,1.6566662236491505,1.3148968530904226,1.0436343239127057,0.8283331118245753,0.6574484265452113,0.5218171619563529,0.4141665559122876,0.32872421327260565,0.26090858097817643,0.2070832779561438,0.16436210663630282,0.13045429048908821,0.1035416389780719,0.08218105331815141,0.06522714524454411,0.05177081948903595,0.041090526659075706,0.032613572622272054,0.025885409744517977,0.020545263329537853,0.016306786311136027,0.012942704872258988,0.010272631664768926,0.008153393155568013,0.006471352436129494,0.005136315832384463,0.004076696577784007,0.003235676218064747,0.0025681579161922316,0.0020383482888920034,0.0016178381090323735,0.0012840789580961158,0.0010191741444460017,0.0008089190545161868,0.0006420394790480579,0.0005095870722230008,0.0004044595272580934,0.00032101973952402895,0.0002547935361115004,0.0002022297636290467,0.00016050986976201448,0.0001273967680557502,0.00010111488181452335,8.025493488100724e-05,6.36983840278751e-05,5.055744090726167e-05,4.012746744050362e-05,3.184919201393755e-05,2.5278720453630837e-05,2.006373372025181e-05,1.5924596006968776e-05,1.2639360226815418e-05,1.0031866860125905e-05,7.962298003484388e-06,6.319680113407709e-06,5.015933430062952e-06,3.981149001742194e-06,3.1598400567038546e-06,2.507966715031476e-06,1.990574500871097e-06,1.5799200283519273e-06,1.253983357515738e-06,9.952872504355485e-07,7.899600141759636e-07,6.26991678757869e-07,4.976436252177743e-07,3.949800070879818e-07,3.134958393789345e-07,2.4882181260888713e-07,1.974900035439909e-07,1.5674791968946726e-07,1.2441090630444356e-07,9.874500177199546e-08,7.837395984473363e-08,6.220545315222178e-08,4.937250088599773e-08,3.9186979922366816e-08,3.110272657611089e-08,2.4686250442998864e-08,1.9593489961183408e-08,1.5551363288055446e-08,1.2343125221499432e-08,9.796744980591704e-09,7.775681644027723e-09,6.171562610749716e-09,4.898372490295852e-09,3.887840822013861e-09,3.085781305374858e-09,2.449186245147926e-09,1.9439204110069307e-09,1.542890652687429e-09,1.224593122573963e-09,9.719602055034653e-10,7.714453263437145e-10,6.122965612869815e-10
Tb171,18.211163696978968,4.552790924244743,1.1381977310611857,0.28454943276529643,0.07113735819132411,0.017784339547831027,0.004446084886957757,0.0011115212217394392,0.0002778803054348598,6.947007635871495e-05,1.7367519089678737e-05,4.341879772419684e-06,1.085469943104921e-06,2.7136748577623027e-07,6.784187144405757e-08,1.6960467861014392e-08,4.240116965253598e-09,1.0600292413133995e-09,2.6500731032834987e-10,6.625182758208747e-11,1.6562956895521867e-11,4.140739223880467e-12,1.0351848059701167e-12,2.5879620149252917e-13,6.469905037313229e-14,1.6174762593283073e-14,4.043690648320768e-15,1.010922662080192e-15,2.52730665520048e-16,6.3182666380012e-17,1.5795666595003e-17,3.94891664875075e-18,9.872291621876876e-19,2.468072905469219e-19,6.170182263673047e-20,1.5425455659182618e-20,3.8563639147956546e-21,9.640909786989136e-22,2.410227446747284e-22,6.02556861686821e-23,1.5063921542170526e-23,3.7659803855426314e-24,9.414950963856579e-25,2.3537377409641446e-25,5.884344352410362e-26,1.4710860881025904e-26,3.677715220256476e-27,9.19428805064119e-28,2.2985720126602975e-28,5.746430031650744e-29,1.436607507912686e-29,3.591518769781715e-30,8.978796924454287e-31,2.2446992311135718e-31,5.611748077783929e-32,1.4029370194459824e-32,3.507342548614956e-33,8.76835637153739e-34,2.1920890928843474e-34,5.480222732210869e-35,1.3700556830527171e-35,3.425139207631793e-36,8.562848019079482e-37,2.1407120047698705e-37,5.351780011924676e-38,1.337945002981169e-38,3.344862507452923e-39,8.362156268632307e-40,2.0905390671580767e-40,5.226347667895192e-41,1.306586916973798e-41,3.266467292434495e-42,8.166168231086237e-43,2.0415420577715593e-43,5.103855144428898e-44,1.2759637861072245e-44,3.1899094652680614e-45,7.974773663170153e-46,1.9936934157925384e-46,4.984233539481346e-47,1.2460583848703365e-47,3.115145962175841e-48,7.787864905439603e-49,1.9469662263599007e-49,4.867415565899752e-50,1.216853891474938e-50,3.042134728687345e-51,7.605336821718362e-52,1.9013342054295906e-52,4.753335513573976e-53,1.188333878393494e-53,2.970834695983735e-54,7.427086739959338e-55,1.8567716849898345e-55,4.641929212474586e-56,1.1604823031186466e-56,2.9012057577966165e-57,7.253014394491541e-58,1.8132535986228853e-58,4.533133996557213e-59,1.1332834991393033e-59,2.833208747848258e-60,7.083021869620646e-61,1.7707554674051614e-61,4.4268886685129035e-62,1.1067221671282259e-62,2.7668054178205647e-63,6.917013544551412e-64,1.729253386137853e-64,4.323133465344632e-65,1.080783366336158e-65,2.701958415840395e-66,6.754896039600988e-67,1.688724009900247e-67,4.2218100247506175e-68,1.0554525061876544e-68,2.638631265469136e-69,6.59657816367284e-70,1.64914454091821e-70,4.122861352295525e-71,1.0307153380738812e-71,2.576788345184703e-72
Tc109,31441101435.642006,18893296410.892338,9756059010.543407,4713912316.192278,2201832938.791146,1009504229.1397316,457939740.08487695,206443297.1430629,92722704.8691204,41553719.50124137,18597551.253306773,8316742.059909026,3717408.8439102042,1661117.147786215,742135.6304073846,331527.6591355362,148090.80267117597,66148.40235789146,29546.110124162733,13196.993957913228,5894.486014234153,2632.7800338241054,1175.9309576234377,525.2284381426663,234.59250539704303,104.7803215055029,46.799922481787895,20.903086994633814,9.336318396852183,4.170045933232589,1.8625416726874529,0.8319000358903709,0.3715662662756104,0.16595922888924683,0.07412531206465665,0.033107901860690174,0.014787568942063557,0.0066048339686672,0.0029500340373203532,0.0013176259777544972,0.0005885146390273397,0.00026285872175944115,0.00011740524876246536,5.243878667425566e-05,2.342166450573936e-05,1.046123304892802e-05,4.672485889084157e-06,2.086955168796257e-06,9.321337677467336e-07,4.1633542203557014e-07,1.8595526697858636e-07,8.30564960049693e-08,3.709699456596456e-08,1.6569288039120958e-08,7.400634723524138e-09,3.3054766252905135e-09,1.4763835979649077e-09,6.594233677716822e-10,2.945299436831477e-10,1.3155112779690152e-10,5.875701128457656e-11,2.624368512009931e-11,1.1721682121427196e-11,5.235462593268062e-12,2.338407430056778e-12,1.044444346899905e-12,4.664986861355806e-13,2.0836057451233304e-13,9.306377552903097e-14,4.156672314802634e-14,1.856568211898614e-14,8.292319587371841e-15,3.7037456366222525e-15,1.6542695437943277e-15,7.388757198837309e-16,3.300171555969702e-16,1.4740141008484222e-16,6.583650372871493e-17,2.940572427852794e-17,1.3133999701865466e-17,5.866271020386431e-18,2.6201565757411896e-18,1.1702869604117897e-18,5.227060025305709e-19,2.3346544422348376e-19,1.0427680834463114e-19,4.6574998688603245e-20,2.0802616969960997e-20,9.291441438189493e-21,4.150001133221202e-21,1.853588543856034e-21,8.27901096799821e-22,3.69780137212362e-22,1.6516145516093575e-22,7.376898736778843e-23,3.294875000929423e-23,1.4716484066162026e-23,6.573084053522794e-24,2.9358530054076525e-24,1.3112920509120436e-24,5.856856047008917e-25,2.615951399348935e-25,1.1684087279642897e-25,5.218670942903986e-26,2.330907477707814e-26,1.0410945102836609e-26,4.650024892488e-27,2.0769230158428797e-27,9.276529294942928e-28,4.143340658440871e-28,1.8506136579817552e-28,8.265723708070245e-29,3.69186664777269e-29,1.6489638205096084e-29,7.365059306760368e-30,3.289586946506413e-30,1.469286509165305e-30,6.5625346924112945e-31,2.9311411573204926e-31,1.3091875147072605e-31,5.847456184035174e-32,2.611752971984067e-32
Tc110,17832463179.024704,9200600228.216776,4411325493.095513,2084597238.1548557,982120128.3547643,462414673.031546,217691053.20994335,102479577.97138685,48242688.14581173,22710417.972846687,10691007.661642687,5032828.484708535,2369221.224196949,1115318.9925691416,525040.2291834803,247164.48304698564,116353.5254688539,54773.81993589984,25784.963010599964,12138.35949794877,5714.174235614234,2689.9670586025195,1266.3111900347665,596.1203223210977,280.6256799124176,132.10549829886185,62.18911500272259,29.275738516745594,13.781654002687443,6.487760742266148,3.0541355515587565,1.4377447532131038,0.6768232583314149,0.3186168629686207,0.14998997761725247,0.07060829479022122,0.033239096187513056,0.015647418177216158,0.007366075606612143,0.00346760527697354,0.0016323870401358878,0.0007684517803967847,0.0003617513030156321,0.0001702956627492446,8.016726549275572e-05,3.7739014328563644e-05,1.7765770027670845e-05,8.363296983016366e-06,3.937050649489956e-06,1.8533800543166668e-06,8.724849974139535e-07,4.1072529562377804e-07,1.9335033721525627e-07,9.102033232327915e-08,4.2848132646476e-08,2.0170904944283978e-08,9.495522468347333e-09,4.470049667872733e-09,2.104291164583685e-09,9.906022604559192e-10,4.663294010524991e-10,2.1952615996040276e-10,1.0334269037764342e-10,4.864892483162751e-11,2.2901647698784388e-11,1.0781028956641184e-11,5.07520624247945e-12,2.3891706911551754e-12,1.124710271613757e-12,5.294612058303249e-13,2.492456729119044e-13,1.1733325271279024e-13,5.523502988567209e-14,2.6002079171359345e-14,1.2240567672961847e-14,5.7622890834589304e-15,2.7126172877336484e-15,1.2769738628410658e-15,6.011398120011351e-16,2.8298862184130434e-16,1.3321786129095955e-16,6.271276368450455e-17,2.952224792408829e-17,1.3897699149028036e-17,6.542389391672971e-18,3.0798521750464403e-18,1.4498509416469821e-18,6.825222879286223e-19,3.212997006369126e-19,1.5125293262242268e-19,7.120283517704233e-20,3.3518978107386917e-20,1.577917354793391e-20,7.428099897858942e-21,3.496803424143639e-21,1.6461321677468492e-21,7.749223462152595e-22,3.6479734399802535e-22,1.7172959695634748e-22,8.08422949234772e-23,3.8056786741051634e-23,1.7915362477337105e-23,8.433718140164485e-24,3.9702016499926126e-24,1.868986001149032e-24,8.79831550243184e-25,4.141837104865494e-25,1.9497839783648368e-25,9.178674742718229e-26,4.3208925177068685e-26,2.0340749261637035e-26,9.575477261451658e-27,4.507688660097984e-27,2.122009848864237e-27,9.989433916624885e-28,4.702560170869405e-28,2.213746278840084e-28,1.0421286297273014e-28,4.905856155594951e-29,2.3094485587337422e-29,1.0871808052004604e-29,5.11794081200226e-30
Tc111,1706934613.6537435,167436321.92468163,15685263.52687346,1447813.725656108,132979.99332118023,12193.610573193173,1117.4565322150168,102.3869149028813,9.380573415124866,0.8594178920118313,0.07873646983055659,0.00721350338482186,0.0006608700158360608,6.0546023172691474e-05,5.546960255056127e-06,5.081879632413328e-07,4.655792280649084e-08,4.2654290728642415e-09,3.9077949219261036e-10,3.580145828223218e-11,3.279967837031633e-12,3.0049577553183883e-13,2.7530054835966756e-14,2.522177828423871e-15,2.310703671734892e-16,2.1169603833725593e-17,1.939461372636268e-18,1.7768446833817337e-19,1.6278625451998865e-20,1.4913718005326237e-21,1.3663251342998258e-22,1.2517630387662569e-23,1.1468064520155596e-24,1.0506500135645532e-25,9.625558853841871e-27,8.818480909298345e-28,8.079073287566155e-29,7.401662209353496e-30,6.781049598196564e-31,6.212473197700545e-32,5.691570032401975e-33,5.214342931950067e-34,4.77712986180152e-35,4.376575825150562e-36,4.009607120538675e-37,3.6734077576583785e-38,3.3653978504202286e-39,3.0832138215196124e-40,2.824690266635892e-41,2.5878433391275897e-42,2.3708555277512474e-43,2.1720617106178134e-44,1.989936378390851e-45,1.8230819287006167e-46,1.6702179419658372e-47,1.5301713563440254e-48,1.4018674664289017e-49,1.2843216766331025e-50,1.1766319459841386e-51,1.0779718663659896e-52,9.87584321098518e-54,9.047756751991992e-55,8.289104527508107e-56,7.594064605358549e-57,6.957303205223536e-58,6.373933769224613e-59,5.839479464191986e-60,5.3498388278952836e-61,4.901254295641918e-62,4.490283365746718e-63,4.113772182623606e-64,3.7688313347994473e-65,3.45281368214459e-66,3.163294042184326e-67,2.8980505796196245e-68,2.655047756254072e-69,2.4324207104966778e-70,2.22846094657916e-71,2.0416032236758404e-72,1.8704135443210073e-73,1.713578149953621e-74,1.569893439147022e-75,1.4382567311611658e-76,1.3176578039411862e-77,1.2071711416286211e-78,1.1059488320958586e-79,1.0132140600022139e-80,9.282551454396112e-82,8.504200824224245e-83,7.791115353114536e-84,7.137822547759856e-85,6.53930878117181e-86,5.990980817253838e-87,5.488630561461267e-88,5.028402767050811e-89,4.606765449102557e-90,4.2204827792753584e-91,3.866590253293203e-92,3.542371940600019e-93,3.245339641598351e-94,2.973213792525648e-95,2.7239059714327564e-96,2.495502871015712e-97,2.2862516153081968e-98,2.0945463075546746e-99,1.9189157060319122e-100,1.7580119332424896e-101,1.6106001318337471e-102,1.475548987860745e-103,1.35182204866771e-104,1.2384697687603344e-105,1.134622222627834e-106,1.039482428591824e-107,9.52320232448125e-109,8.724667039634328e-110,7.993090032244807e-111,7.322856774429569e-112,6.708823521228408e-113,6.1462778352313135e-114,5.630902421216069e-115,5.158741993253694e-116,4.726172920010862e-117
Tc112,242951449.3289885,21158132.083018854,1844244.5785967854,160894.32575191272,14048.80046311215,1227.7466038440427,107.38493256031714,9.400191134558536,0.8235346868588648,0.07220573695749447,0.00633575604357933,0.0005563577176157653,4.889116836583451e-05,4.2995083034840745e-06,3.783645903368764e-07,3.331935392479429e-08,2.9360807811748486e-09,2.5889021539796874e-10,2.2841798671941597e-11,2.016521206967481e-12,1.781246183866612e-13,1.5742896419865228e-14,1.3921172856911647e-15,1.2316535870763142e-16,1.0902198422737333e-17,9.654809032672013e-19,8.553993311366799e-20,7.581959026426108e-21,6.723155599214868e-22,5.96398027105648e-23,5.2925243155383426e-24,4.698353641681901e-25,4.1723189558493175e-26,3.7063913506380394e-27,3.2935197853001657e-28,2.927507430186925e-29,2.6029042807078132e-30,2.314913815609679e-31,2.0593117895929422e-32,1.8323755194989238e-33,1.6308222533955096e-34,1.4517554086847815e-35,1.2926176337986445e-36,1.1511497923307022e-37,1.0253550921361848e-38,9.134676880412926e-40,8.139251779096807e-41,7.253444901029239e-42,6.465007277033815e-43,5.763085928249692e-44,5.138060642684151e-45,4.581400448317728e-46,4.0855373174437117e-47,3.6437549578929673e-48,3.2500908243017065e-49,2.8992497227259177e-50,2.586527589911495e-51,2.307744208858719e-52,2.0591837787990634e-53,1.837542393608956e-54,1.639881600831052e-55,1.463587316272351e-56,1.3063334586736767e-57,1.1660497469800026e-58,1.0408931708199253e-59,9.292227042473008e-61,8.295768847478552e-62,7.406539249517233e-63,6.612940642683164e-64,5.904639025066916e-65,5.272424880975603e-66,4.708089603421569e-67,4.204315686549511e-68,3.75457912455127e-69,3.3530626355482424e-70,2.99457848902472e-71,2.674499856384909e-72,2.3886997284461076e-73,2.133496553229513e-74,1.905605844065282e-75,1.7020970933577904e-76,1.5203554027308906e-77,1.3580473068895778e-78,1.213090327442523e-79,1.0836258450480368e-80,9.679949243793705e-82,8.647167672602672e-83,7.724695055186531e-84,6.900730771900301e-85,6.164739581518701e-86,5.507315465075138e-87,4.920060194339756e-88,4.3954750208971834e-89,3.9268640583414914e-90,3.5082480869467174e-91,3.1342876495412514e-92,2.8002144311960114e-93,2.5017700254821235e-94,2.235151288013059e-95,1.9969615651291857e-96,1.784167163122665e-97,1.5940584924117103e-98,1.4242153825066724e-99,1.2724761183098639e-100,1.136909797004025e-101,1.0157916481741174e-102,9.075809984622169e-104,8.109015964981115e-105,7.245240445425317e-106,6.473501106379173e-107,5.783987194492661e-108,5.167934417203499e-109,4.6175132165772024e-110,4.12572898843719e-111,3.6863329669902506e-112,3.293742632687131e-113,2.9429706237458653e-114,2.6295612412200522e-115,2.3495337351513795e-116,2.0993316464846222e-117,1.8757775571829398e-118,1.6760326703765687e-119
Tc113,27939453.67959616,367525.9453967109,4829.344685434748,63.453200187844416,0.8337124084093552,0.010954153133571473,0.00014392668947718704,1.8910537072579557e-06,2.4846566929823613e-08,3.264592041042637e-10,4.289349600904347e-12,5.635779223703813e-14,7.404853978709209e-16,9.729242447146523e-18,1.2783257963968412e-19,1.6795930933069591e-21,2.2068184550730005e-23,2.8995401999791036e-25,3.809707750072602e-27,5.005577484688041e-29,6.576831504920126e-31,8.641303181585978e-33,1.1353813857056504e-34,1.49177833935262e-36,1.9600485279918094e-38,2.5753090326744253e-40,3.383700208978803e-42,4.445845900036752e-44,5.841399812673954e-46,7.675019003970699e-48,1.008421244912983e-49,1.3249653279890871e-51,1.740872804127322e-53,2.2873339068802293e-55,3.005329504349777e-57,3.9487043857249234e-59,5.18820525445736e-61,6.816786250115124e-63,8.956579876988461e-65,1.1768056111708055e-66,1.5462056560687304e-68,2.0315606147393954e-70,2.6692688098515455e-72,3.5071540211761162e-74,4.6080519439838244e-76,6.054522439060794e-78,7.955040961061554e-80,1.0452133480239261e-81,1.3733064961385203e-83,1.8043882963242512e-85,2.3707869532887798e-87,3.1149785161731425e-89,4.092772293503643e-91,5.3774961719639635e-93,7.065495709445416e-95,9.283359396973677e-97,1.2197411935042271e-98,1.6026187455546747e-100,2.105681809617703e-102,2.7666566958945026e-104,3.635112027836523e-106,4.776176051958426e-108,6.275420813613245e-110,8.245279478712388e-112,1.0833478056897291e-113,1.423411384808548e-115,1.8702211420575514e-117,2.4572847720123493e-119,3.2286280563167605e-121,4.242096498038018e-123,5.573693341188286e-125,7.323279297388641e-127,9.62206142043102e-129,1.264243274342423e-130,1.6610900584424395e-132,2.182507305559111e-134,2.8675977648589073e-136,3.767738563842842e-138,4.950434143669723e-140,6.5043786333772866e-142,8.546107306655965e-144,1.1228735935219652e-145,1.4753443430869945e-147,1.9384558896354695e-149,2.5469384511279956e-151,3.346424083477155e-153,4.396868774554117e-155,5.7770487357242986e-157,7.590468082213389e-159,9.973120938173398e-161,1.3103690071565262e-162,1.7216946887148317e-164,2.2621357685963478e-166,2.9722216541091795e-168,3.905203959812302e-170,5.131050016626214e-172,6.741689946044528e-174,8.85791079434508e-176,1.1638414740003055e-177,1.5291720678288382e-179,2.0091801720990323e-181,2.6398631317451833e-183,3.468517881632762e-185,4.557287895169372e-187,5.987823522386051e-189,7.867405211166094e-191,1.0336988811590557e-192,1.3581776306537902e-194,1.7845104701477442e-196,2.3446694645780604e-198,3.0806627308102123e-200,4.047684760850043e-202,5.3182556335560804e-204,6.987659527594031e-206,9.181090387136377e-208,1.2063040616661438e-209,1.584963689314151e-211,2.0824848197680804e-213,2.7361781558800867e-215,3.5950662543360704e-217,4.723559884173128e-219,6.20628839662099e-221
Tc114,1312373.1917379575,12926.64817595515,127.24023639851436,1.2524428574356408,0.012327961919256279,0.00012134577129199667,1.1944225903647664e-06,1.1756860656801283e-08,1.1572434548581898e-10,1.1390901473663307e-12,1.1212216049958562e-14,1.1036333607274971e-16,1.086321017614686e-18,1.0692802476843463e-20,1.0525067908549326e-22,1.0359964538714315e-24,1.019745109257079e-26,1.0037486942815172e-28,9.880032099451397e-31,9.725047199793645e-33,9.572493498625947e-35,9.422332858516147e-37,9.274527740281758e-39,9.129041193605407e-41,8.985836847797569e-43,8.844878902704036e-45,8.70613211975617e-47,8.569561813161475e-49,8.435133841232362e-51,8.302814597850981e-53,8.172571004067896e-55,8.044370499832533e-57,7.9181810358534205e-59,7.793971065586043e-61,7.671709537346439e-63,7.551365886548471e-65,7.432910028062887e-67,7.316312348696205e-69,7.201543699787623e-71,7.088575389922065e-73,6.977379177757493e-75,6.867927264964738e-77,6.760192289278134e-79,6.654147317655109e-81,6.549765839543121e-83,6.447021760252151e-85,6.345889394431246e-87,6.246343459647321e-89,6.148359070064715e-91,6.051911730223915e-93,5.9569773289178284e-95,5.863532133164151e-97,5.7715527822722784e-99,5.6810162820032625e-101,5.591899998821427e-103,5.504181654236124e-105,5.4178393192322573e-107,5.332851408788157e-109,5.249196676479486e-111,5.16685420916775e-113,5.085803421772175e-115,5.006024052123547e-117,4.927496155898821e-119,4.85020010163516e-121,4.774116565822189e-123,4.699226528071253e-125,4.625511266360452e-127,4.552952352354246e-129,4.481531646796485e-131,4.411231294975731e-133,4.3420337222616836e-135,4.2739216297116357e-137,4.206877989745859e-139,4.140886041890818e-141,4.07592928858915e-143,4.011991491075399e-145,3.9490566653164224e-147,3.887109078015484e-149,3.826133242679034e-151,3.7661139157451944e-153,3.7070360927729575e-155,3.648885004691168e-157,3.591646114106374e-159,3.5353051116685565e-161,3.479847912493883e-163,3.4252606526435766e-165,3.3715296856580466e-167,3.3186415791453317e-169,3.2665831114231043e-171,3.2153412682133324e-173,3.164903239388797e-175,3.115256415770644e-177,3.0663883859761646e-179,3.0182869333160466e-181,2.9709400327402616e-183,2.9243358478318948e-185,2.878462727848112e-187,2.8333092048075457e-189,2.7888639906233878e-191,2.7451159742814273e-193,2.7020542190623803e-195,2.6596679598077726e-197,2.6179466002287246e-199,2.576879710256946e-201,2.5364570234372894e-203,2.496668434361202e-205,2.4575039961404373e-207,2.4189539179203972e-209,2.381008562432491e-211,2.3436584435848664e-213,2.306894224090964e-215,2.2707067131352414e-217,2.235086864075542e-219,2.2000257721814842e-221,2.1655146724083434e-223,2.131544937205841e-225,2.09810807436132e-227,2.06519572487674e-229,2.032799660878992e-231,2.0009117835629735e-233,1.969524121166944e-235,1.9386288269796377e-237
Tc115,8214.00404596259,0.6182665150915295,4.6745520881043044e-05,3.6457817598094372e-09,3.436140211798095e-13,6.293712487457429e-17,2.4559070153978763e-20,1.2443499397075428e-23,6.599486636104487e-27,3.5234574884744745e-30,1.882941584323362e-33,1.006380572951549e-36,5.378928198112451e-40,2.8749506221351854e-43,1.5366154426807567e-46,8.212965896882638e-50,4.389700080023589e-53,2.34622510970349e-56,1.2540201302708085e-59,6.702538817152219e-63,3.5824007534759215e-66,1.9147364168437288e-69,1.0233962636454132e-72,5.46989080705869e-76,2.923569931217943e-79,1.562601785705075e-82,8.351858851111797e-86,4.463936167679495e-89,2.3859031222090716e-92,1.2752273990347328e-95,6.815888307079335e-99,3.6429842591011904e-102,1.9471173402701982e-105,1.0407033539355128e-108,5.562394461251777e-112,2.973011668076323e-115,1.5890276103375932e-118,8.493100694922603e-122,4.5394276943224377e-125,2.426252146557095e-128,1.2967933129622344e-131,6.931154698533287e-135,3.7045923182053863e-138,1.9800458712904658e-141,1.058303131804167e-144,5.656462484157302e-148,3.0232895352141518e-151,1.6159003333506795e-154,8.636731139738094e-158,4.6161958903398305e-161,2.4672835304488292e-164,1.3187239372495285e-167,7.048370409048803e-171,3.767242257448644e-174,2.01353127072986e-177,1.0762005470157286e-180,5.752121331481132e-184,3.0744176727868473e-187,1.6432275124332702e-190,8.78279058020768e-194,4.694262346031477e-197,2.5090088135572828e-200,1.3410254396689225e-203,7.167568404391215e-207,3.830951696509993e-210,2.0475829560275175e-213,1.0944006330421367e-216,5.849397906332912e-220,3.1264104600800648e-223,1.6710168330856134e-226,8.931320094111911e-230,4.7736490168199435e-233,2.5514397307077982e-236,1.3637040922985441e-239,7.288782207823883e-243,3.8957385530423047e-246,2.0822105038848838e-249,1.112908508478511e-252,5.94831956679217e-256,3.179282519553654e-259,1.699276110780716e-262,9.082361453915142e-266,4.854378229425282e-269,2.5945882151783257e-272,1.3867662732863017e-275,7.41204590953637e-279,3.9616210477115205e-282,2.1174236529590837e-285,1.1317293784827116e-288,6.048914133602603e-292,3.233048720954117e-295,1.7280132931623726e-298,9.23595713851368e-302,4.936472688144205e-305,2.638466402055572e-308,1.410218468644e-311,7.537394175e-315,4.028616e-318,2.154e-321,0.0,0.0,0.0,0.0,0.0,0.0,0.0,0.0,0.0,0.0,0.0,0.0,0.0,0.0,0.0,0.0,0.0,0.0,0.0,0.0,0.0,0.0,0.0
Tc116,708.3648121651289,0.3202427083290183,0.0001447776491387856,6.545213097754074e-08,2.959007467647494e-11,1.3377295838691751e-14,6.047705046792332e-18,2.7340904151353775e-21,1.2360474494535688e-24,5.588013069513009e-28,2.5262695278286037e-31,1.1420942735539358e-34,5.163262729158758e-38,2.3342453094841617e-41,1.0552825704719768e-44,4.770798077722337e-48,2.1568170398398102e-51,9.750695098720766e-55,4.408165048402929e-58,1.9928752665551536e-61,9.009535224835023e-65,4.073096110418137e-68,1.8413948678475976e-71,8.324711638064886e-75,3.7634960902187495e-78,1.7014286424441557e-81,7.691942162111037e-85,3.477429070446798e-88,1.572101386767283e-91,7.107270113084031e-95,3.2131062847166715e-98,1.4526044223195968e-101,6.567039558507831e-105,2.9688749325257343e-108,1.3421905390474688e-111,6.067872456910639e-115,2.743207844354549e-118,1.2401693230644576e-121,5.606647535057759e-125,2.5346939323329386e-128,1.145902839519092e-131,5.180480770746724e-135,2.342029366760238e-138,1.0588016436120716e-141,4.78670735912421e-145,2.164009423306927e-148,9.783210948199644e-152,4.4228650497608504e-155,1.9995209499183813e-158,9.03957951278365e-162,4.086678750291334e-165,1.8475354063166877e-168,8.352472230293196e-172,3.7760463003468287e-175,1.7071024325767157e-178,7.717592644564953e-182,3.489025326824752e-185,1.577343906561006e-188,7.130970877271895e-192,3.223821098302328e-195,1.4574484530548666e-198,6.588938804422525e-202,2.9787753026480825e-205,1.346666370267473e-208,6.088107119718593e-212,2.752355677658039e-215,1.2443049419745751e-218,5.625344141349437e-222,2.5431464298773968e-225,1.1497241059898362e-228,5.1977562297026526e-232,2.3498393816969845e-235,1.0623324518799027e-238,4.802669693543742e-242,2.1712257913675317e-245,9.815835228970516e-249,4.437614071524676e-252,2.0061887947826873e-255,9.069723990055704e-259,4.1003066844814325e-262,1.853696421769484e-265,8.380325396356459e-269,3.7886383619264725e-272,1.7127951432174145e-275,7.74332866422604e-279,3.500660253484486e-282,1.5826039086965361e-285,7.154750676900137e-289,3.2345716428038187e-292,1.46230863728204e-295,6.610911078216454e-299,2.988708687744399e-302,1.3511571271366573e-305,6.10840925948524e-309,2.761534016434e-312,1.24845435e-315,5.6441e-319,2.57e-322,0.0,0.0,0.0,0.0,0.0,0.0,0.0,0.0,0.0,0.0,0.0,0.0,0.0,0.0,0.0,0.0,0.0,0.0,0.0,0.0,0.0,0.0,0.0,0.0
Tc117,44.13247065499507,1.315250118225666e-06,3.919750804381567e-14,1.1681767715160748e-21,3.481438075053915e-29,1.0375493988555416e-36,3.092138167785232e-44,9.215289854363299e-52,2.746370391357928e-59,8.184821579926992e-67,2.439266914107499e-74,7.269581896387038e-82,2.1665042329987996e-89,6.456685760613679e-97,1.9242423059385058e-104,5.734688955362158e-112,1.709070490408587e-119,5.093426973845324e-127,1.5179595273272168e-134,4.523871920487931e-142,1.3482188941502365e-149,4.018005413264741e-157,1.1974589268162075e-164,3.568705698300026e-172,1.063557177275427e-179,3.169647387490949e-187,9.446285329732147e-195,2.8152124076283417e-202,8.389986776197975e-210,2.5004109073275253e-217,7.451805196188466e-225,2.2208110082711177e-232,6.618532563063853e-240,1.972476411778883e-247,5.878437792595873e-255,1.751910982309542e-262,5.221101588933295e-270,1.556009527722983e-277,4.6372697583525865e-285,1.3820140833713372e-292,4.118722925696782e-300,1.2274750845720714e-307,3.65816082e-315,1.1e-322,-0.0,-0.0,-0.0,-0.0,-0.0,-0.0,-0.0,-0.0,-0.0,-0.0,-0.0,-0.0,-0.0,-0.0,-0.0,-0.0,-0.0,-0.0,-0.0,-0.0,-0.0,-0.0,-0.0,-0.0,-0.0,-0.0,-0.0,-0.0,-0.0,-0.0,-0.0,-0.0,-0.0,-0.0,-0.0,-0.0,-0.0,-0.0,-0.0,-0.0,-0.0,-0.0,-0.0,-0.0,-0.0,-0.0,-0.0,-0.0,-0.0,-0.0,-0.0,-0.0,-0.0,-0.0,-0.0,-0.0,-0.0,-0.0,-0.0,-0.0,-0.0,-0.0,-0.0,-0.0,-0.0,-0.0,-0.0,-0.0,-0.0,-0.0,-0.0,-0.0,-0.0,-0.0,-0.0,-0.0,-0.0,-0.0
Tc118,0.04846972549521552,1.3317111003221596e-06,3.658891063652334e-11,1.0052843903183107e-15,2.762030046362936e-20,7.588708280445969e-25,2.0850060426222434e-29,5.728577298158832e-34,1.5739329858108396e-38,4.3243983887930085e-43,1.1881332682891654e-47,3.26440937281337e-52,8.969001068925759e-57,2.464243021856756e-61,6.77053511768289e-66,1.8602120559212393e-70,5.110953318825687e-75,1.4042401103716593e-79,3.858165325661163e-84,1.0600352155013128e-88,2.912458547665669e-93,8.002012261318424e-98,2.1985617711748054e-102,6.040572925684192e-107,1.6596541315739874e-111,4.559918190439891e-116,1.2528425958115137e-120,3.4421989700835245e-125,9.457479965365647e-130,2.5984531420948705e-134,7.139278916147995e-139,1.9615248247834074e-143,5.389311278396637e-148,1.480719269441841e-152,4.068292666050409e-157,1.117767936043573e-161,3.071079839642066e-166,8.437826025712979e-171,2.318302087792588e-175,6.36956077772336e-180,1.7500439099264445e-184,4.8082651120652406e-189,1.3210761888183423e-193,3.6296715259803545e-198,9.972562898356931e-203,2.7399727509729327e-207,7.528105615970694e-212,2.0683553931361462e-216,5.682829453454408e-221,1.561363714583028e-225,4.289864176259276e-230,1.1786449549756104e-234,3.2383401264252443e-239,8.897375524449492e-244,2.4445638238272414e-248,6.716466302162296e-253,1.845356588704462e-257,5.070137757377942e-262,1.3930259894558703e-266,3.82735440368599e-271,1.05156988041095e-275,2.8891999453265736e-280,7.938108992635769e-285,2.1810042770107517e-289,5.992333515138285e-294,1.6464002998593148e-298,4.523503140352645e-303,1.242837520287669e-307,3.414709913776e-312,9.3819534e-317,2.58e-321,0.0,0.0,0.0,0.0,0.0,0.0,0.0,0.0,0.0,0.0,0.0,0.0,0.0,0.0,0.0,0.0,0.0,0.0,0.0,0.0,0.0,0.0,0.0,0.0,0.0,0.0,0.0,0.0,0.0,0.0,0.0,0.0,0.0,0.0,0.0,0.0,0.0,0.0,0.0,0.0,0.0,0.0,0.0,0.0,0.0,0.0,0.0,0.0,0.0,0.0,0.0
Te136,30476091513158.863,29328123449734.04,28197728646248.14,27104956691806.5,26053046982328.14,25041541428187.363,24069170162725.56,23134504593013.547,22236112741371.324,21372598887138.062,20542614184312.562,19744859097562.598,18978083191855.14,18241083964926.82,17532705320741.594,16851835922384.428,16197407526399.957,15568393343377.963,14963806444173.646,14382698219534.93,13824156895549.592,13287306104857.588,12771303512459.158,12275339494468.854,11798635867980.965,11340444670166.11,10900046984736.643,10476751813964.496,10069894994493.646,9678838155251.457,9302967715826.602,8941693923743.24,8594449929121.348,8260690895271.775,7939893143830.539,7631553333091.141,7335187668245.705,7050331142295.792,6776536806441.915,6513375068806.864,6260433020392.607,6017313787213.173,5783635907586.953,5559032733611.392,5343151855880.949,5135654550545.738,4936215247843.183,4744521021268.899,4560271096585.21,4383176379896.966,4212959004054.1807,4049351892669.7646,3892098341068.342,3740951613508.5713,3595674556047.0537,3456039224436.3745,3321826526473.4604,3192825878237.04,3068834873674.905,2949658967022.468,2835111167554.378,2725011746190.2236,2619187953493.984,2517473748624.759,2419709538813.4985,2325741928956.951,2235423480935.953,2148612482280.404,2065172723817.9756,1984973285957.649,1907888333272.79,1833796917061.428,1762582785573.952,1694134201610.4832,1628343767201.7205,1565108255098.1553,1504328446803.2966,1445908976896.7415,1389758183402.8523,1335787963970.2417,1283913637636.4387,1234053811960.7986,1186130255317.227,1140067774146.3044,1095794094974.2444,1053239751013.5481,1012337973167.4435,973024585267.0872,935237903377.1439,898918639011.764,864009806109.0941,830456631618.3651,798206469559.26,767208718418.7262,737414741755.617,708777791888.5945,681252936547.5559,654796988373.496,629368437156.1897,604927384703.3746,581435482239.2378,558855870233.9883,537153120570.101,516293180954.4939,496243321489.41223,476972083318.1975,458449229265.357,440645696393.488,423533550402.6208,407085941800.4301,391277063774.5388,376082111700.82416,361477244224.18536,347439545850.7131,333946990992.5604,320978409409.1097,308513452990.19965,296532563829.30676,285016943536.5761,273948523743.5611,263309937753.38702,253084493291.86087
Te137,1218827334440.2324,922675291199.3262,698479720539.6033,528759711165.89044,400279007683.3867,303017174828.89496,229388513592.33453,173650519745.89114,131456028431.61424,99514170353.5914,75333708299.08093,57028738578.04448,43171604016.373535,32681546879.930996,24740417475.784496,18728864307.577923,14178029073.0734,10732979058.18975,8125024914.9452305,6150764807.288742,4656220517.551083,3524828242.883246,2668347449.394845,2019978739.4088407,1529153974.5279813,1157592321.2434623,876314618.752153,663383210.9510188,502190965.61271703,380166036.4323785,287791348.6164965,217862334.8780764,164925030.53584304,124850703.1399943,94513840.76696184,71548384.36517449,54163192.01215029,41002342.610170595,31039383.704429284,23497275.507175762,17787787.332302425,13465619.794200936,10193674.629373128,7716763.434407635,5841704.789264277,4422257.483332166,3347714.743276222,2534269.8937340877,1918480.0339355126,1452317.9436054945,1099426.3020771113,832282.0764013721,630049.9209363062,476957.16888225835,361063.67668471846,273330.57793554064,206915.31621391317,156637.97445304666,118577.27832669501,89764.76479898077,67953.26316409746,51441.63174704293,38942.080977157486,29479.73497980383,22316.598206172843,16893.997040236307,12789.007238413627,9681.468852791304,7329.0160369941805,5548.174237531244,4200.050486262818,3179.500738788252,2406.9293883536566,1822.0813758100926,1379.3427244431432,1044.1829748840646,790.4620553806964,598.39154250341,452.9913051514637,342.9211610918734,259.5964235677307,196.51835691499326,148.7673214977577,112.61907687937054,85.25431761136294,64.53878750191161,48.85682284391126,36.98534216079952,27.99845456839582,21.195246884842646,16.045117397891108,12.146392712991481,9.195000091280338,6.960751943102825,5.269392836587037,3.9890088158920314,3.0197390528147867,2.2859874139073755,1.73052650084843,1.3100343212388539,0.9917154819543901,0.750743382217625,0.5683239156787516,0.4302296640675548,0.3256902599684165,0.24655237492326648,0.18664381792135215,0.1412921484901562,0.10696025963944078,0.08097050872528591,0.06129588040766175,0.04640189390062531,0.03512692440739874,0.02659160466522417,0.020130240566197527,0.015238891761313269,0.011536067904869904,0.008732975126420921,0.006610992167139687,0.005004619479764197,0.0037885714434406537,0.002868004978218699
Te138,115637910590.6243,70486665994.64658,42962176195.05053,26185740854.174435,15960387841.988096,9727965353.192175,5929261296.589527,3613925239.9444623,2202712106.3832455,1342568066.9813402,818304402.6745821,498762120.07797676,303998917.2875131,185289415.51842782,112935163.74826516,68834753.32447685,41955252.09316713,25572012.583580818,15586316.252436843,9499966.165234828,5790294.234950901,3529223.8671333054,2151086.041389912,1311101.6279114792,799125.393236905,487072.3828886545,296873.94266359013,180946.69484221662,110288.24584791636,67221.4387934351,40971.92587223394,24972.668538653434,15221.011965270547,9277.310708237257,5654.584213819311,3446.507682747413,2100.6699622948645,1280.3726835073226,780.3958918329263,475.65662391470875,289.91595963241684,176.70575668185504,107.7033650858576,65.64593632171501,40.01164635960408,24.387371619779127,14.864269497334753,9.059873738513089,5.522054896308013,3.365730158933076,2.0514355100536092,1.2503639487376366,0.7621053631181026,0.4645084217917138,0.28312105432853557,0.17256421550962614,0.10517906746665907,0.0641073596891756,0.03907387339805134,0.023815792597440832,0.014515888180991126,0.008847532947766787,0.005392631734675851,0.0032868458583331156,0.002003354990286751,0.001221058543689112,0.0007442435186700304,0.00045362150565597583,0.00027648540461771366,0.00016851974170862128,0.00010271393307291048,6.26048434464614e-05,3.815807949028505e-05,2.325760995843864e-05,1.4175672051749343e-05,8.640168894303618e-06,5.266241928394453e-06,3.209810408528472e-06,1.956401357701927e-06,1.192439984071412e-06,7.268003112012098e-07,4.4298975161716887e-07,2.700052779469891e-07,1.645700602623272e-07,1.003065752665152e-07,6.113754242818554e-08,3.726374950223182e-08,2.2712509725037924e-08,1.3843429738036592e-08,8.437664935843453e-09,5.142814383197759e-09,3.134580477078621e-09,1.910548200880809e-09,1.1644921719447526e-09,7.097659289074401e-10,4.3260717931364685e-10,2.636770292451099e-10,1.6071294947493104e-10,9.795563990870762e-11,5.970463127752572e-11,3.639038037327378e-11,2.218018527835766e-11,1.351897435355155e-11,8.239907163909738e-12,5.022279671091627e-12,3.061113747147129e-12,1.8657697274226903e-12,1.1371993866648118e-12,6.93130789948681e-13,4.2246794854848866e-13,2.574970988721807e-13,1.5694623972161434e-13,9.565980459834846e-14,5.830530398195949e-14,3.553748083327564e-14,2.1660337185896437e-14,1.3202123392140364e-14,8.046784339755716e-15,4.904569991300485e-15,2.989368893698412e-15,1.8220407494362455e-15,1.1105462760398709e-15
Te139,2884361853.417658,391316483.2780294,53089243.953092575,7202527.733820157,977154.7284094742,132568.92559670287,17985.40141382767,2440.04892217788,331.037301065961,44.91126948357424,6.093035800289847,0.8266318385231081,0.1121477402820426,0.015214893818799957,0.002064178853137573,0.0002800436459487835,3.799304673482222e-05,5.154452247269982e-06,6.992957989082649e-07,9.487227563893946e-08,1.2871160814869486e-08,1.7462085694320085e-09,2.369051565601701e-10,3.214052100491881e-11,4.360450002299796e-12,5.915748602720671e-13,8.025795849541649e-14,1.0888461181209779e-14,1.4772190710717245e-15,2.0041180729043603e-16,2.718953017055161e-17,3.688757468386025e-18,5.00447472803743e-19,6.789486031057319e-20,9.211180607559995e-21,1.2496652588572517e-21,1.6953996732113154e-22,2.3001199973771322e-23,3.1205338103629333e-24,4.23357532334066e-25,5.743619876470564e-26,7.792271724447888e-27,1.0571642959238109e-27,1.434236879945652e-28,1.9458048628086513e-29,2.6398404734044156e-30,3.5814268214773947e-31,4.8588610587730295e-32,6.591934434310762e-33,8.943165705015015e-34,1.2133041313497115e-34,1.6460691478910784e-35,2.23319410989287e-36,3.029736593295419e-37,4.110392278078182e-38,5.576499527078637e-39,7.565542379338999e-40,1.0264043100091399e-40,1.3925053284776947e-41,1.8891883743371145e-42,2.5630298432195035e-43,3.477219141547376e-44,4.717484265870088e-45,6.400130935903117e-46,8.682949150048546e-47,1.1780009924389166e-47,1.5981739777657367e-48,2.16821554447035e-49,2.941581275059382e-50,3.990793452176682e-51,5.41424182733648e-52,7.345410108581601e-53,9.965393379888208e-54,1.3519880271885355e-54,1.8342192385000007e-55,2.488454148428903e-56,3.376043560581712e-57,4.5802210702339926e-58,6.213908285176485e-59,8.430304036528158e-60,1.1437250581545143e-60,1.551672398744546e-61,2.10512764047562e-62,2.855990985133212e-63,3.874674556702561e-64,5.2567052902157274e-65,7.131682959122717e-66,9.675433379175439e-67,1.312649645412418e-67,1.7808495227819859e-68,2.4160483598016005e-69,3.277811854525012e-70,4.446951779784317e-71,6.033104097914294e-72,8.185010060539851e-73,1.1104464402379408e-73,1.506523861933756e-74,2.043875385911883e-75,2.772891089673386e-76,3.7619343371854414e-77,5.103752545492805e-78,6.924174563108612e-79,9.393910255845094e-80,1.2744558804891502e-80,1.72903268934546e-81,2.3457493402421826e-82,3.182438366350188e-83,4.317560185084402e-84,5.857560714743731e-85,7.946853328285054e-86,1.0781361200801173e-86,1.4626889982783323e-87,1.984405369449533e-88,2.692209126434416e-89,3.652474485325208e-90,4.955250219963407e-91,6.722703975373874e-92,9.12057852465852e-93,1.2373734278525318e-93,1.6787235544500188e-94,2.2774957897359684e-95,3.0898399313664362e-96
Te140,6413283561.822339,655918973.3982927,67084153.61905812,6861035.965265013,701712.8781853887,71767.72806673402,7340.04883190974,750.7039487821335,76.77829284556154,7.852504654920374,0.8031153998120019,0.08213867724497796,0.00840073830128769,0.0008591860299410515,8.78733044133409e-05,8.987247650022263e-06,9.191713098997581e-07,9.400830263542845e-08,9.614704973067643e-09,9.83344546466615e-10,1.0057162437893454e-10,1.028596911078807e-11,1.0519981277168986e-12,1.0759317365236271e-13,1.100409849750488e-14,1.1254448552102e-15,1.1510494225458888e-16,1.177236509642908e-17,1.2040193691865274e-18,1.2314115553688092e-19,1.259426930748082e-20,1.2880796732644587e-21,1.3173842834149686e-22,1.3473555915919273e-23,1.3780087655882572e-24,1.4093593182735628e-25,1.4414231154448393e-26,1.4742163838557852e-27,1.5077557194287954e-28,1.5420580956537714e-29,1.577140872178025e-30,1.6130218035915928e-31,1.6497190484124265e-32,1.6872511782760043e-33,1.7256371873340128e-34,1.7648965018668504e-35,1.8050489901148257e-36,1.8461149723330133e-37,1.888115231074874e-38,1.931071021709828e-39,1.9750040831801142e-40,2.019936649002364e-41,2.065891458519484e-42,2.1128917684085067e-43,2.1609613644502737e-44,2.2101245735668607e-45,2.2604062761328953e-46,2.311831918566924e-47,2.3644275262092803e-48,2.418219716492895e-49,2.4732357124137855e-50,2.5295033563079888e-51,2.587051123941918e-52,2.6459081389233126e-53,2.706104187440016e-54,2.7676697333340926e-55,2.8306359335188756e-56,2.895034653746774e-57,2.9608984847357772e-58,3.028260758662915e-59,3.097155566032865e-60,3.167617772930404e-61,3.239683038665325e-62,3.3133878338187953e-63,3.3887694587002916e-64,3.4658660622244285e-65,3.5447166612172424e-66,3.6253611601617306e-67,3.707840371392576e-68,3.7921960357503584e-69,3.8784708437056236e-70,3.966708456963556e-71,4.056953530560166e-72,4.149251735461186e-73,4.2436497816750955e-74,4.340195441891996e-75,4.438937575660261e-76,4.539926154113254e-77,4.643212285258563e-78,4.7488482398425814e-79,4.856887477803562e-80,4.967384675326453e-81,5.080395752513272e-82,5.195977901682973e-83,5.314189616315184e-84,5.435090720652409e-85,5.5587423999757245e-86,5.685207231569222e-87,5.814549216388968e-88,5.946833811452405e-89,6.0821279629646475e-90,6.22050014019844e-91,6.36202037014487e-92,6.506760272952436e-93,6.654793098172363e-94,6.806193761828522e-95,6.961038884330716e-96,7.119406829250508e-97,7.281377742979254e-98,7.447033595288326e-99,7.616458220812144e-100,7.789737361474984e-101,7.966958709882999e-102,8.148211953703415e-103,8.333588821053439e-104,8.523183126921717e-105,8.717090820646002e-106,8.915410034470888e-107,9.118241133210288e-108,9.32568676503978e-109,9.537851913444504e-110,9.754843950348891e-111
Te141,8610850.707912879,332475.5361404504,12837.289355196921,495.6635303219301,19.13817851209684,0.7389486100036353,0.02853171464991621,0.001101644593201465,4.253585263350398e-05,1.642361584148662e-06,6.341360067066566e-08,2.4484771129757822e-09,9.453871266356664e-11,3.650255967155867e-12,1.4094087226652038e-13,5.4419004184862985e-15,2.10118468038998e-16,8.1129324713619e-18,3.132503006478333e-19,1.209497936810582e-20,4.670020287685789e-22,1.8031522686931515e-23,6.962192675407959e-25,2.688188218548777e-26,1.0379425326549163e-27,4.007623772994947e-29,1.547392827692713e-30,5.97467401837839e-32,2.306895119781088e-33,8.907205777754214e-35,3.4391816986802124e-36,1.3279103516477979e-37,5.1272251846713e-39,1.9796847024881182e-40,7.643806113650769e-42,2.951367550077613e-43,1.1395593093465926e-44,4.3999786454395824e-46,1.6988858694353528e-47,6.559607284363904e-49,2.532745047751859e-50,9.779240126466838e-52,3.775884885689006e-53,1.4579155931950425e-54,5.6291914113621e-56,2.1735000361926722e-57,8.392150954032755e-59,3.2403126966881593e-60,1.251124584129771e-61,4.8307458925608e-63,1.865210401466503e-64,7.20180675844781e-66,2.7807061629747176e-67,1.0736648488569142e-68,4.145552029264956e-70,1.6006486237897782e-71,6.180301196929833e-73,2.3862903023861155e-74,9.213760342442218e-76,3.5575461863577005e-77,1.3736123360805314e-78,5.303686167359018e-80,2.0478184581611273e-81,7.906878923934537e-83,3.0529431976064894e-84,1.1787789161154597e-85,4.5514103707128355e-87,1.7573555209909526e-88,6.785365800082085e-90,2.619913187228134e-91,1.011580703361468e-92,3.905837507905854e-94,1.5080918988935024e-95,5.82292829874435e-97,2.2483042311410347e-98,8.680979150742257e-100,3.3518328156762016e-101,1.294183873634029e-102,4.9970031051100696e-104,1.9294043559949914e-105,7.449667511964552e-107,2.876408248295891e-108,1.1106166010196563e-109,4.288227288985193e-111,1.655737296301395e-112,6.393005336739555e-114,2.4684179867710577e-115,9.530865432567227e-117,3.679984361665157e-118,1.420887221408641e-119,5.486220313851627e-121,2.118297137071796e-122,8.179005771236195e-124,3.158014720181707e-125,1.219348323234767e-126,4.708053841148309e-128,1.8178374914518713e-129,7.01889412658468e-131,2.7100813462075763e-132,1.046395738503046e-133,4.040262640416955e-135,1.5599950958230563e-136,6.023332925556643e-138,2.325682922288489e-139,8.979747793908421e-141,3.467191063296665e-142,1.3387251118076169e-143,5.168982303733434e-145,1.9958076397202148e-146,7.706058757230735e-148,2.9754040613962814e-149,1.148840101986833e-150,4.435812927249118e-152,1.7127219263604637e-153,6.613030001819907e-155,2.5533722159966195e-156,9.858884159952804e-158,3.8066364265434976e-159,1.4697891413258294e-160,5.675036640998298e-162,2.1912014431962423e-163,8.460498263533128e-165
Te142,516400.1599078879,16137.50499712154,504.2970311600493,15.75928222375157,0.4924775694922377,0.015389924046632463,0.0004809351264572654,1.5029222701789565e-05,4.696632094309249e-07,1.4676975294716417e-08,4.586554779598885e-10,1.4332983686246545e-11,4.479057401952054e-13,1.3997054381100189e-14,4.374079494093817e-16,1.3668998419043202e-17,4.271562005951006e-19,1.3348631268596909e-20,4.1714472714365387e-22,1.3035772723239194e-23,4.073678976012254e-25,1.2730246800038307e-26,3.9782021250119757e-28,1.2431881640662438e-29,3.8849630127070216e-31,1.214050941470946e-32,3.7939091920967136e-34,1.1855966225302255e-35,3.7049894454069615e-37,1.1578092016896774e-38,3.6181537552802485e-40,1.13067304852508e-41,3.5333532766408808e-43,1.1041728989502775e-44,3.450540309219625e-46,1.0782938466311344e-47,3.3696682707223006e-49,1.0530213346007211e-50,3.290691670627258e-52,1.0283411470710199e-53,3.2135660845969405e-55,1.0042394014365457e-56,3.1382481294892093e-58,9.807025404653792e-60,3.0646954389543166e-61,9.577173246732252e-63,2.9928666396038383e-64,9.352708248762007e-66,2.9227213277381313e-67,9.133504149181668e-69,2.854220046619278e-70,8.919437645685255e-72,2.7873242642766482e-73,8.710388325864533e-75,2.7219963518326692e-76,8.506238599477099e-78,2.658199562336598e-79,8.306873632301884e-81,2.595898010094344e-82,8.112181281544842e-84,2.535056650482769e-85,7.9220520327586615e-87,2.475641260237086e-88,7.736378938240909e-90,2.4176184182002906e-91,7.5550575568759185e-93,2.360955486523728e-94,7.37798589538666e-96,2.3056205923083356e-97,7.205064350963556e-99,2.2515826096761154e-100,7.036195655237873e-102,2.1988111422618386e-103,6.871284819568257e-105,2.147276506115084e-106,6.710239081609646e-108,2.0969497130030174e-109,6.552967853134443e-111,2.0478024541045164e-112,6.399382669076632e-114,1.9998070840864528e-115,6.249397137770176e-117,1.9529366055531836e-118,6.1029268923537084e-120,1.9071646538605367e-121,5.9598895433141865e-123,1.8624654822856852e-124,5.8202046321427734e-126,1.8188139475446185e-127,5.683793586076941e-129,1.7761854956490473e-130,5.550579673903284e-132,1.7345561480947802e-133,5.4204879627962016e-135,1.6939024883738162e-136,5.2934452761681883e-138,1.654201648802561e-139,5.1693801525080115e-141,1.615431297658756e-142,5.048222805183618e-144,1.5775696266198826e-145,4.929905083187138e-147,1.5405953384959828e-148,4.8143604327999554e-150,1.5044876352499898e-151,4.7015238601562244e-153,1.4692262062988224e-154,4.591331894683827e-156,1.4347912170886998e-157,4.483722553402198e-159,1.40116329793819e-160,4.378635306056853e-162,1.3683235331427695e-163,4.276011041071165e-165,1.3362534503347412e-166,4.1757920322960755e-168,1.3049350100925258e-169,4.077921906539148e-171,1.274350595793487e-172,3.9823456118546553e-174,1.2444830037045818e-175,3.8890093865768224e-177
Ti56,0.0,0.0,0.0,0.0,0.0,0.0,0.0,0.0,0.0,0.0,0.0,0.0,0.0,0.0,0.0,0.0,0.0,0.0,0.0,0.0,0.0,0.0,0.0,0.0,0.0,0.0,0.0,0.0,0.0,0.0,0.0,0.0,0.0,0.0,0.0,0.0,0.0,0.0,0.0,0.0,0.0,0.0,0.0,0.0,0.0,0.0,0.0,0.0,0.0,0.0,0.0,0.0,0.0,0.0,0.0,0.0,0.0,0.0,0.0,0.0,0.0,0.0,0.0,0.0,0.0,0.0,0.0,0.0,0.0,0.0,0.0,0.0,0.0,0.0,0.0,0.0,0.0,0.0,0.0,0.0,0.0,0.0,0.0,0.0,0.0,0.0,0.0,0.0,0.0,0.0,0.0,0.0,0.0,0.0,0.0,0.0,0.0,0.0,0.0,0.0,0.0,0.0,0.0,0.0,0.0,0.0,0.0,0.0,0.0,0.0,0.0,0.0,0.0,0.0,0.0,0.0,0.0,0.0,0.0,0.0,0.0,0.0
Ti57,0.0,0.0,0.0,0.0,0.0,0.0,0.0,0.0,0.0,0.0,0.0,0.0,0.0,0.0,0.0,0.0,0.0,0.0,0.0,0.0,0.0,0.0,0.0,0.0,0.0,0.0,0.0,0.0,0.0,0.0,0.0,0.0,0.0,0.0,0.0,0.0,0.0,0.0,0.0,0.0,0.0,0.0,0.0,0.0,0.0,0.0,0.0,0.0,0.0,0.0,0.0,0.0,0.0,0.0,0.0,0.0,0.0,0.0,0.0,0.0,0.0,0.0,0.0,0.0,0.0,0.0,0.0,0.0,0.0,0.0,0.0,0.0,0.0,0.0,0.0,0.0,0.0,0.0,0.0,0.0,0.0,0.0,0.0,0.0,0.0,0.0,0.0,0.0,0.0,0.0,0.0,0.0,0.0,0.0,0.0,0.0,0.0,0.0,0.0,0.0,0.0,0.0,0.0,0.0,0.0,0.0,0.0,0.0,0.0,0.0,0.0,0.0,0.0,0.0,0.0,0.0,0.0,0.0,0.0,0.0,0.0,0.0
Ti58,0.0,0.0,0.0,0.0,0.0,0.0,0.0,0.0,0.0,0.0,0.0,0.0,0.0,0.0,0.0,0.0,0.0,0.0,0.0,0.0,0.0,0.0,0.0,0.0,0.0,0.0,0.0,0.0,0.0,0.0,0.0,0.0,0.0,0.0,0.0,0.0,0.0,0.0,0.0,0.0,0.0,0.0,0.0,0.0,0.0,0.0,0.0,0.0,0.0,0.0,0.0,0.0,0.0,0.0,0.0,0.0,0.0,0.0,0.0,0.0,0.0,0.0,0.0,0.0,0.0,0.0,0.0,0.0,0.0,0.0,0.0,0.0,0.0,0.0,0.0,0.0,0.0,0.0,0.0,0.0,0.0,0.0,0.0,0.0,0.0,0.0,0.0,0.0,0.0,0.0,0.0,0.0,0.0,0.0,0.0,0.0,0.0,0.0,0.0,0.0,0.0,0.0,0.0,0.0,0.0,0.0,0.0,0.0,0.0,0.0,0.0,0.0,0.0,0.0,0.0,0.0,0.0,0.0,0.0,0.0,0.0,0.0
Ti59,0.0,0.0,0.0,0.0,0.0,0.0,0.0,0.0,0.0,0.0,0.0,0.0,0.0,0.0,0.0,0.0,0.0,0.0,0.0,0.0,0.0,0.0,0.0,0.0,0.0,0.0,0.0,0.0,0.0,0.0,0.0,0.0,0.0,0.0,0.0,0.0,0.0,0.0,0.0,0.0,0.0,0.0,0.0,0.0,0.0,0.0,0.0,0.0,0.0,0.0,0.0,0.0,0.0,0.0,0.0,0.0,0.0,0.0,0.0,0.0,0.0,0.0,0.0,0.0,0.0,0.0,0.0,0.0,0.0,0.0,0.0,0.0,0.0,0.0,0.0,0.0,0.0,0.0,0.0,0.0,0.0,0.0,0.0,0.0,0.0,0.0,0.0,0.0,0.0,0.0,0.0,0.0,0.0,0.0,0.0,0.0,0.0,0.0,0.0,0.0,0.0,0.0,0.0,0.0,0.0,0.0,0.0,0.0,0.0,0.0,0.0,0.0,0.0,0.0,0.0,0.0,0.0,0.0,0.0,0.0,0.0,0.0
Ti60,0.0,0.0,0.0,0.0,0.0,0.0,0.0,0.0,0.0,0.0,0.0,0.0,0.0,0.0,0.0,0.0,0.0,0.0,0.0,0.0,0.0,0.0,0.0,0.0,0.0,0.0,0.0,0.0,0.0,0.0,0.0,0.0,0.0,0.0,0.0,0.0,0.0,0.0,0.0,0.0,0.0,0.0,0.0,0.0,0.0,0.0,0.0,0.0,0.0,0.0,0.0,0.0,0.0,0.0,0.0,0.0,0.0,0.0,0.0,0.0,0.0,0.0,0.0,0.0,0.0,0.0,0.0,0.0,0.0,0.0,0.0,0.0,0.0,0.0,0.0,0.0,0.0,0.0,0.0,0.0,0.0,0.0,0.0,0.0,0.0,0.0,0.0,0.0,0.0,0.0,0.0,0.0,0.0,0.0,0.0,0.0,0.0,0.0,0.0,0.0,0.0,0.0,0.0,0.0,0.0,0.0,0.0,0.0,0.0,0.0,0.0,0.0,0.0,0.0,0.0,0.0,0.0,0.0,0.0,0.0,0.0,0.0
Ti61,0.0,0.0,0.0,0.0,0.0,0.0,0.0,0.0,0.0,0.0,0.0,0.0,0.0,0.0,0.0,0.0,0.0,0.0,0.0,0.0,0.0,0.0,0.0,0.0,0.0,0.0,0.0,0.0,0.0,0.0,0.0,0.0,0.0,0.0,0.0,0.0,0.0,0.0,0.0,0.0,0.0,0.0,0.0,0.0,0.0,0.0,0.0,0.0,0.0,0.0,0.0,0.0,0.0,0.0,0.0,0.0,0.0,0.0,0.0,0.0,0.0,0.0,0.0,0.0,0.0,0.0,0.0,0.0,0.0,0.0,0.0,0.0,0.0,0.0,0.0,0.0,0.0,0.0,0.0,0.0,0.0,0.0,0.0,0.0,0.0,0.0,0.0,0.0,0.0,0.0,0.0,0.0,0.0,0.0,0.0,0.0,0.0,0.0,0.0,0.0,0.0,0.0,0.0,0.0,0.0,0.0,0.0,0.0,0.0,0.0,0.0,0.0,0.0,0.0,0.0,0.0,0.0,0.0,0.0,0.0,0.0,0.0
Tl209,0.0,2.761734827635552e-28,2.3641072017014307e-27,8.166961348611247e-27,1.959169036603404e-26,3.8548798832886965e-26,6.69522897590476e-26,1.067196132454123e-25,1.5977161550728777e-25,2.2803248825898676e-25,3.13429718457508e-25,4.178940384031962e-25,5.433593761952886e-25,6.917628065402587e-25,8.650445019108928e-25,1.0651476840540382e-24,1.2940185758449647e-24,1.5536063534863144e-24,1.8458630990496094e-24,2.1727437533572878e-24,2.536206069203291e-24,2.9382105649101888e-24,3.380720478220862e-24,3.8657017205227705e-24,4.395122831402849e-24,4.97095493353111e-24,5.595171687870933e-24,6.269749249214215e-24,6.996666222039375e-24,7.777903616690375e-24,8.615444805874822e-24,9.511275481479229e-24,1.0467383611699692e-23,1.148575939848594e-23,1.2568395235297013e-23,1.3717285665166784e-23,1.4934427339077255e-23,1.622181897463807e-23,1.7581461315070261e-23,1.9015357088492538e-23,2.0525510967508144e-23,2.2113929529090757e-23,2.3782621214767398e-23,2.553359629109674e-23,2.7368866810441114e-23,2.929044657203015e-23,3.130035108331478e-23,3.340059752160957e-23,3.559320469602148e-23,3.788019300966423e-23,4.026358442215505e-23,4.2745402412393785e-23,4.532767194162153e-23,4.801241941675759e-23,5.080167265401287e-23,5.369746084277867e-23,5.670181450978787e-23,5.981676548354872e-23,6.304434685904811e-23,6.638659296272334e-23,6.984553931770064e-23,7.342322260929916e-23,7.712168065079815e-23,8.094295234946628e-23,8.488907767285218e-23,8.896209761533247e-23,9.316405416491855e-23,9.749699027031793e-23,1.0196294980825047e-22,1.0656397755101794e-22,1.1130211913432337e-22,1.1617942102534178e-22,1.211979304910374e-22,1.2635969556672865e-22,1.3166676502489826e-22,1.3712118834424686e-22,1.4272501567898898e-22,1.4848029782838973e-22,1.5438908620654095e-22,1.6045343281237613e-22,1.6667539019991842e-22,1.7305701144876922e-22,1.796003501348258e-22,1.863074603012323e-22,1.9318039642956273e-22,2.0022121341123246e-22,2.0743196651913726e-22,2.1481471137951984e-22,2.2237150394406126e-22,2.301044004621964e-22,2.3801545745365166e-22,2.461067316812046e-22,2.5438028012366156e-22,2.628381599490555e-22,2.7148242848806156e-22,2.803151432076267e-22,2.893383616848136e-22,2.985541415808603e-22,3.0796454061544973e-22,3.1757161654118976e-22,3.273774271183036e-22,3.3738403008952834e-22,3.475934831552191e-22,3.5800784394865943e-22,3.686291700115758e-22,3.794595187698565e-22,3.905009475094685e-22,4.0175551335257982e-22,4.1322527323387836e-22,4.249122838770874e-22,4.368186017716825e-22,4.489462831497987e-22,4.612973839633371e-22,4.738739598612608e-22,4.866780661670844e-22,4.997117578565558e-22,5.129770895355262e-22,5.264761154180081e-22,5.402108893044219e-22,5.541834645600278e-22,5.683958940935441e-22,5.828502303359479e-22
Tl210,0.0,3.6254770589441135e-40,1.1457350207999118e-38,8.602609585150437e-38,3.5881048078971777e-37,1.0847988742310502e-36,2.676285513776905e-36,5.739100545634318e-36,1.1108237591096172e-35,1.9883022587089735e-35,3.3461915394044017e-35,5.357700273645311e-35,8.232822028877099e-35,1.2221732863647424e-34,1.7618165959117822e-34,2.476276441317038e-34,3.4046412995366388e-34,4.591354945289482e-34,6.086545582564569e-34,7.946353014449984e-34,1.02332538833103e-33,1.3016385009861315e-33,1.6371864857414232e-33,2.0383113146040988e-33,2.514116864037064e-33,3.0745005133986362e-33,3.730184565284263e-33,4.492747489969431e-33,5.3746549961178155e-33,6.389290929888336e-33,7.550988004548084e-33,8.875058362672777e-33,1.0377823972993074e-32,1.2076646863922383e-32,1.398995919577979e-32,1.6137293173700396e-32,1.8539310803204326e-32,2.121783349037449e-32,2.4195871488573414e-32,2.749765319360853e-32,3.114865428923575e-32,3.517562674487081e-32,3.960662766735892e-32,4.447104800863358e-32,4.97996411310754e-32,5.562455123236422e-32,6.197934163159727e-32,6.889902291842936e-32,7.642008096697017e-32,8.458050481615781e-32,9.341981441830736e-32,1.0297908825751824e-31,1.1330099083960142e-31,1.244298000551755e-31,1.3641143441756022e-31,1.4929348017707712e-31,1.631252183133546e-31,1.7795765140721143e-31,1.9384353039368345e-31,2.1083738119773337e-31,2.289955312541737e-31,2.483761359133134e-31,2.6903920473382235e-31,2.910466276642936e-31,3.144622011149649e-31,3.3935165392104876e-31,3.657826731991009e-31,3.9382493009784455e-31,4.235501054448488e-31,4.550319152904533e-31,4.883461363503015e-31,5.235706313478438e-31,5.607853742581514e-31,6.000724754543684e-31,6.415162067581062e-31,6.852030263950917e-31,7.312216038573438e-31,7.7966284467314674e-31,8.306199150860868e-31,8.841882666443764e-31,9.404656607017168e-31,9.99552192830894e-31,1.061550317151321e-30,1.126564870571712e-30,1.194703096949061e-30,1.266074671165097e-30,1.3407917231213514e-30,1.4189688616539782e-30,1.5007231983694657e-30,1.586174371402327e-30,1.675444569095891e-30,1.768658553607269e-30,1.8659436844375616e-30,1.9674299418884087e-30,2.0732499504458773e-30,2.1835390020927762e-30,2.298435079550394e-30,2.418078879450688e-30,2.5426138354399305e-30,2.6721861412148017e-30,2.806944773491919e-30,2.947041514911752e-30,3.0926309768779098e-30,3.2438706223327405e-30,3.400920788470172e-30,3.563944709386737e-30,3.733108538671678e-30,3.9085813719370585e-30,4.090535269288793e-30,4.279145277739405e-30,4.474589453563507e-30,4.677048884596756e-30,4.886707712479216e-30,5.103753154843915e-30,5.328375527451517e-30,5.560768266271817e-30,5.801127949512996e-30,6.0496543195993424e-30,6.3065503050983315e-30,6.572022042597747e-30,6.846278898533744e-30,7.129533490970504e-30
Tl211,0.0,0.0,0.0,0.0,0.0,0.0,0.0,0.0,0.0,0.0,0.0,0.0,0.0,0.0,0.0,0.0,0.0,0.0,0.0,0.0,0.0,0.0,0.0,0.0,0.0,0.0,0.0,0.0,0.0,0.0,0.0,0.0,0.0,0.0,0.0,0.0,0.0,0.0,0.0,0.0,0.0,0.0,0.0,0.0,0.0,0.0,0.0,0.0,0.0,0.0,0.0,0.0,0.0,0.0,0.0,0.0,0.0,0.0,0.0,0.0,0.0,0.0,0.0,0.0,0.0,0.0,0.0,0.0,0.0,0.0,0.0,0.0,0.0,0.0,0.0,0.0,0.0,0.0,0.0,0.0,0.0,0.0,0.0,0.0,0.0,0.0,0.0,0.0,0.0,0.0,0.0,0.0,0.0,0.0,0.0,0.0,0.0,0.0,0.0,0.0,0.0,0.0,0.0,0.0,0.0,0.0,0.0,0.0,0.0,0.0,0.0,0.0,0.0,0.0,0.0,0.0,0.0,0.0,0.0,0.0,0.0,0.0
Tl212,0.0,0.0,0.0,0.0,0.0,0.0,0.0,0.0,0.0,0.0,0.0,0.0,0.0,0.0,0.0,0.0,0.0,0.0,0.0,0.0,0.0,0.0,0.0,0.0,0.0,0.0,0.0,0.0,0.0,0.0,0.0,0.0,0.0,0.0,0.0,0.0,0.0,0.0,0.0,0.0,0.0,0.0,0.0,0.0,0.0,0.0,0.0,0.0,0.0,0.0,0.0,0.0,0.0,0.0,0.0,0.0,0.0,0.0,0.0,0.0,0.0,0.0,0.0,0.0,0.0,0.0,0.0,0.0,0.0,0.0,0.0,0.0,0.0,0.0,0.0,0.0,0.0,0.0,0.0,0.0,0.0,0.0,0.0,0.0,0.0,0.0,0.0,0.0,0.0,0.0,0.0,0.0,0.0,0.0,0.0,0.0,0.0,0.0,0.0,0.0,0.0,0.0,0.0,0.0,0.0,0.0,0.0,0.0,0.0,0.0,0.0,0.0,0.0,0.0,0.0,0.0,0.0,0.0,0.0,0.0,0.0,0.0
V56,0.0,0.0,0.0,0.0,0.0,0.0,0.0,0.0,0.0,0.0,0.0,0.0,0.0,0.0,0.0,0.0,0.0,0.0,0.0,0.0,0.0,0.0,0.0,0.0,0.0,0.0,0.0,0.0,0.0,0.0,0.0,0.0,0.0,0.0,0.0,0.0,0.0,0.0,0.0,0.0,0.0,0.0,0.0,0.0,0.0,0.0,0.0,0.0,0.0,0.0,0.0,0.0,0.0,0.0,0.0,0.0,0.0,0.0,0.0,0.0,0.0,0.0,0.0,0.0,0.0,0.0,0.0,0.0,0.0,0.0,0.0,0.0,0.0,0.0,0.0,0.0,0.0,0.0,0.0,0.0,0.0,0.0,0.0,0.0,0.0,0.0,0.0,0.0,0.0,0.0,0.0,0.0,0.0,0.0,0.0,0.0,0.0,0.0,0.0,0.0,0.0,0.0,0.0,0.0,0.0,0.0,0.0,0.0,0.0,0.0,0.0,0.0,0.0,0.0,0.0,0.0,0.0,0.0,0.0,0.0,0.0,0.0
V57,0.0,0.0,0.0,0.0,0.0,0.0,0.0,0.0,0.0,0.0,0.0,0.0,0.0,0.0,0.0,0.0,0.0,0.0,0.0,0.0,0.0,0.0,0.0,0.0,0.0,0.0,0.0,0.0,0.0,0.0,0.0,0.0,0.0,0.0,0.0,0.0,0.0,0.0,0.0,0.0,0.0,0.0,0.0,0.0,0.0,0.0,0.0,0.0,0.0,0.0,0.0,0.0,0.0,0.0,0.0,0.0,0.0,0.0,0.0,0.0,0.0,0.0,0.0,0.0,0.0,0.0,0.0,0.0,0.0,0.0,0.0,0.0,0.0,0.0,0.0,0.0,0.0,0.0,0.0,0.0,0.0,0.0,0.0,0.0,0.0,0.0,0.0,0.0,0.0,0.0,0.0,0.0,0.0,0.0,0.0,0.0,0.0,0.0,0.0,0.0,0.0,0.0,0.0,0.0,0.0,0.0,0.0,0.0,0.0,0.0,0.0,0.0,0.0,0.0,0.0,0.0,0.0,0.0,0.0,0.0,0.0,0.0
V58,0.0,0.0,0.0,0.0,0.0,0.0,0.0,0.0,0.0,0.0,0.0,0.0,0.0,0.0,0.0,0.0,0.0,0.0,0.0,0.0,0.0,0.0,0.0,0.0,0.0,0.0,0.0,0.0,0.0,0.0,0.0,0.0,0.0,0.0,0.0,0.0,0.0,0.0,0.0,0.0,0.0,0.0,0.0,0.0,0.0,0.0,0.0,0.0,0.0,0.0,0.0,0.0,0.0,0.0,0.0,0.0,0.0,0.0,0.0,0.0,0.0,0.0,0.0,0.0,0.0,0.0,0.0,0.0,0.0,0.0,0.0,0.0,0.0,0.0,0.0,0.0,0.0,0.0,0.0,0.0,0.0,0.0,0.0,0.0,0.0,0.0,0.0,0.0,0.0,0.0,0.0,0.0,0.0,0.0,0.0,0.0,0.0,0.0,0.0,0.0,0.0,0.0,0.0,0.0,0.0,0.0,0.0,0.0,0.0,0.0,0.0,0.0,0.0,0.0,0.0,0.0,0.0,0.0,0.0,0.0,0.0,0.0
V59,0.0,0.0,0.0,0.0,0.0,0.0,0.0,0.0,0.0,0.0,0.0,0.0,0.0,0.0,0.0,0.0,0.0,0.0,0.0,0.0,0.0,0.0,0.0,0.0,0.0,0.0,0.0,0.0,0.0,0.0,0.0,0.0,0.0,0.0,0.0,0.0,0.0,0.0,0.0,0.0,0.0,0.0,0.0,0.0,0.0,0.0,0.0,0.0,0.0,0.0,0.0,0.0,0.0,0.0,0.0,0.0,0.0,0.0,0.0,0.0,0.0,0.0,0.0,0.0,0.0,0.0,0.0,0.0,0.0,0.0,0.0,0.0,0.0,0.0,0.0,0.0,0.0,0.0,0.0,0.0,0.0,0.0,0.0,0.0,0.0,0.0,0.0,0.0,0.0,0.0,0.0,0.0,0.0,0.0,0.0,0.0,0.0,0.0,0.0,0.0,0.0,0.0,0.0,0.0,0.0,0.0,0.0,0.0,0.0,0.0,0.0,0.0,0.0,0.0,0.0,0.0,0.0,0.0,0.0,0.0,0.0,0.0
V60,0.0,0.0,0.0,0.0,0.0,0.0,0.0,0.0,0.0,0.0,0.0,0.0,0.0,0.0,0.0,0.0,0.0,0.0,0.0,0.0,0.0,0.0,0.0,0.0,0.0,0.0,0.0,0.0,0.0,0.0,0.0,0.0,0.0,0.0,0.0,0.0,0.0,0.0,0.0,0.0,0.0,0.0,0.0,0.0,0.0,0.0,0.0,0.0,0.0,0.0,0.0,0.0,0.0,0.0,0.0,0.0,0.0,0.0,0.0,0.0,0.0,0.0,0.0,0.0,0.0,0.0,0.0,0.0,0.0,0.0,0.0,0.0,0.0,0.0,0.0,0.0,0.0,0.0,0.0,0.0,0.0,0.0,0.0,0.0,0.0,0.0,0.0,0.0,0.0,0.0,0.0,0.0,0.0,0.0,0.0,0.0,0.0,0.0,0.0,0.0,0.0,0.0,0.0,0.0,0.0,0.0,0.0,0.0,0.0,0.0,0.0,0.0,0.0,0.0,0.0,0.0,0.0,0.0,0.0,0.0,0.0,0.0
V61,0.0,0.0,0.0,0.0,0.0,0.0,0.0,0.0,0.0,0.0,0.0,0.0,0.0,0.0,0.0,0.0,0.0,0.0,0.0,0.0,0.0,0.0,0.0,0.0,0.0,0.0,0.0,0.0,0.0,0.0,0.0,0.0,0.0,0.0,0.0,0.0,0.0,0.0,0.0,0.0,0.0,0.0,0.0,0.0,0.0,0.0,0.0,0.0,0.0,0.0,0.0,0.0,0.0,0.0,0.0,0.0,0.0,0.0,0.0,0.0,0.0,0.0,0.0,0.0,0.0,0.0,0.0,0.0,0.0,0.0,0.0,0.0,0.0,0.0,0.0,0.0,0.0,0.0,0.0,0.0,0.0,0.0,0.0,0.0,0.0,0.0,0.0,0.0,0.0,0.0,0.0,0.0,0.0,0.0,0.0,0.0,0.0,0.0,0.0,0.0,0.0,0.0,0.0,0.0,0.0,0.0,0.0,0.0,0.0,0.0,0.0,0.0,0.0,0.0,0.0,0.0,0.0,0.0,0.0,0.0,0.0,0.0
V62,0.0,0.0,0.0,0.0,0.0,0.0,0.0,0.0,0.0,0.0,0.0,0.0,0.0,0.0,0.0,0.0,0.0,0.0,0.0,0.0,0.0,0.0,0.0,0.0,0.0,0.0,0.0,0.0,0.0,0.0,0.0,0.0,0.0,0.0,0.0,0.0,0.0,0.0,0.0,0.0,0.0,0.0,0.0,0.0,0.0,0.0,0.0,0.0,0.0,0.0,0.0,0.0,0.0,0.0,0.0,0.0,0.0,0.0,0.0,0.0,0.0,0.0,0.0,0.0,0.0,0.0,0.0,0.0,0.0,0.0,0.0,0.0,0.0,0.0,0.0,0.0,0.0,0.0,0.0,0.0,0.0,0.0,0.0,0.0,0.0,0.0,0.0,0.0,0.0,0.0,0.0,0.0,0.0,0.0,0.0,0.0,0.0,0.0,0.0,0.0,0.0,0.0,0.0,0.0,0.0,0.0,0.0,0.0,0.0,0.0,0.0,0.0,0.0,0.0,0.0,0.0,0.0,0.0,0.0,0.0,0.0,0.0
V63,0.0,0.0,0.0,0.0,0.0,0.0,0.0,0.0,0.0,0.0,0.0,0.0,0.0,0.0,0.0,0.0,0.0,0.0,0.0,0.0,0.0,0.0,0.0,0.0,0.0,0.0,0.0,0.0,0.0,0.0,0.0,0.0,0.0,0.0,0.0,0.0,0.0,0.0,0.0,0.0,0.0,0.0,0.0,0.0,0.0,0.0,0.0,0.0,0.0,0.0,0.0,0.0,0.0,0.0,0.0,0.0,0.0,0.0,0.0,0.0,0.0,0.0,0.0,0.0,0.0,0.0,0.0,0.0,0.0,0.0,0.0,0.0,0.0,0.0,0.0,0.0,0.0,0.0,0.0,0.0,0.0,0.0,0.0,0.0,0.0,0.0,0.0,0.0,0.0,0.0,0.0,0.0,0.0,0.0,0.0,0.0,0.0,0.0,0.0,0.0,0.0,0.0,0.0,0.0,0.0,0.0,0.0,0.0,0.0,0.0,0.0,0.0,0.0,0.0,0.0,0.0,0.0,0.0,0.0,0.0,0.0,0.0
V64,0.0,0.0,0.0,0.0,0.0,0.0,0.0,0.0,0.0,0.0,0.0,0.0,0.0,0.0,0.0,0.0,0.0,0.0,0.0,0.0,0.0,0.0,0.0,0.0,0.0,0.0,0.0,0.0,0.0,0.0,0.0,0.0,0.0,0.0,0.0,0.0,0.0,0.0,0.0,0.0,0.0,0.0,0.0,0.0,0.0,0.0,0.0,0.0,0.0,0.0,0.0,0.0,0.0,0.0,0.0,0.0,0.0,0.0,0.0,0.0,0.0,0.0,0.0,0.0,0.0,0.0,0.0,0.0,0.0,0.0,0.0,0.0,0.0,0.0,0.0,0.0,0.0,0.0,0.0,0.0,0.0,0.0,0.0,0.0,0.0,0.0,0.0,0.0,0.0,0.0,0.0,0.0,0.0,0.0,0.0,0.0,0.0,0.0,0.0,0.0,0.0,0.0,0.0,0.0,0.0,0.0,0.0,0.0,0.0,0.0,0.0,0.0,0.0,0.0,0.0,0.0,0.0,0.0,0.0,0.0,0.0,0.0
Xe141,2706804662229.943,1824606775590.6416,1224436929218.7676,820650736110.268,549819622603.0107,368327879423.0259,246737301352.3879,165284001321.42615,110719871204.91464,74168577977.20082,49683733288.99628,33281926560.254566,22294753978.460827,14934713911.435307,10004401904.713322,6701705704.209521,4489309782.39218,3007279521.1748724,2014503466.391542,1349466914.3688185,903975090.3161752,605550944.0140723,405643860.90332836,271730964.19899064,182025969.13480458,121934773.0102663,81681141.10165328,54716211.355939105,36653060.23849367,24552994.287328765,16447454.17029263,11017749.831982192,7380522.851943832,4944032.892264816,3311887.4814348235,2218552.936175972,1486154.6952321753,995538.912840912,666887.3234798947,446731.6108709933,299254.64936118096,200463.41692651014,134285.57120711752,89954.64065661703,60258.427639858055,40365.656236556926,27039.97212051588,18113.42018059664,12133.739974898552,8128.0975271673615,5444.814999152521,3647.3492445073907,2443.2706186489822,1636.6876094860029,1096.3772537510538,734.4364774168483,491.9811474700158,329.5662142452855,220.76839759106588,147.88738428949617,99.06616468042075,66.36201614923884,44.45430184562517,29.778856449113803,19.94813223018136,13.362768988553379,8.951394194754668,5.996321428479761,4.01678999844683,2.690750001324241,1.8024680335357213,1.2074295309185916,0.808827699026928,0.5418140189229006,0.36294804376081596,0.2431300739166522,0.16286692781204748,0.10910059684359741,0.07308383839207351,0.04895708720801715,0.032795162933770404,0.02196868264001667,0.014716286603375749,0.009858082750861396,0.006603690057282414,0.004423651482215457,0.0029632966214892297,0.001985040390779546,0.0013297303160444117,0.000890754022749728,0.0005966944721581593,0.0003997111256427532,0.00026775676902910625,0.00017936375237396644,0.00012015141870109889,8.048651539017483e-05,5.391596062438844e-05,3.611699172164012e-05,2.4193895015773283e-05,1.620690229534095e-05,1.085660997699971e-05,7.272579179216326e-06,4.871724049221791e-06,3.26344954477669e-06,2.1861055395788356e-06,1.464418972809427e-06,9.80978680625533e-07,6.571337777710176e-07,4.4019794763760903e-07,2.948779071464579e-07,1.9753154368329484e-07,1.3232158057377233e-07,8.863901106151307e-08,5.937711934738151e-08,3.977528922955254e-08,2.6644499610005518e-08,1.7848502756835158e-08,1.1956278230915757e-08,8.009220217663673e-09,5.365181978549464e-09,3.5940050192987124e-09,2.407536618587642e-09
Xe142,670474181862.7762,382128812512.34357,217527562269.2957,123816340024.68001,70475539860.01854,40114243034.92186,22832778819.862526,12996276305.93395,7397399986.898583,4210554259.933873,2396621408.483778,1364142063.2557642,776461214.1726047,441956914.42537296,251559138.61909258,143185903.7776529,81500529.66935714,46389596.74899535,26404671.175327506,15029375.306916643,8554627.346665082,4869240.906282458,2771541.7682872275,1577544.4101461146,897928.5084060632,511095.34604712535,290912.3057187778,165585.4827737219,94250.23131167158,53646.6479639563,30535.339783428815,17380.52629711197,9892.887929432427,5630.970542046955,3205.1135595164574,1824.3307885716501,1038.397786639599,591.0495892810341,336.421765804982,191.48918561134002,108.99445854329804,62.038970792109254,35.31219796293806,20.09948438945292,11.440502036884512,6.511862907520154,3.7065120385122907,2.109723697618246,1.2008416630095475,0.6835116376838788,0.38905059113158286,0.221445187053037,0.12604522904418142,0.07174416376453047,0.04083633369786296,0.02324378823839138,0.013230220314794204,0.0075305594674487985,0.0042863478115605985,0.0024397626286715535,0.001388697778609601,0.0007904381752766233,0.00044991251412542464,0.0002560874166987453,0.0001457633716166304,8.296760840085437e-05,4.722464887723653e-05,2.687997767518284e-05,1.529991682302602e-05,8.708617902150933e-06,4.956891376790117e-06,2.8214318732743477e-06,1.6059415489316758e-06,9.140919839372249e-07,5.202954962178643e-07,2.9614897421875277e-07,1.6856616205283266e-07,9.59468154977744e-08,5.461233317561475e-08,3.1085001825344954e-08,1.7693390527272994e-08,1.0070968311648787e-08,5.732332792739539e-09,3.2628083248667678e-09,1.8571702917011006e-09,1.0570898284434142e-09,6.016889837145699e-10,3.4247764322599495e-10,1.949361535348843e-10,1.1095645133805231e-10,6.315572494011706e-11,3.594784750784314e-11,2.0461292173788313e-11,1.1646440787025876e-11,6.629081968706715e-12,3.773232402193371e-12,2.1477005154213742e-12,1.222457832509849e-12,6.958154274929153e-13,3.9605383209260715e-13,2.2543138843646352e-13,1.2831415018478794e-13,7.303561962616735e-14,4.157142237622513e-14,2.366219616165664e-14,1.3468375513485592e-14,7.666115931631193e-15,4.3635057114620186e-15,2.4836804274508655e-15,1.4136955176886126e-15,8.046667335475515e-16,4.580113213747244e-16,2.606972076285348e-16,1.4838723606509082e-16,8.446109579513154e-17,4.807473265278133e-17,2.7363840095591315e-17,1.5575328316126803e-17,8.865380418380169e-18,5.046119630185947e-18,2.8722200425100874e-18,1.6348498603257742e-18
Xe143,19813752170.825317,1965918848.4752007,195055997.54675096,19353121.54911557,1920178.652380069,190515.98440147092,18902.552946685762,1875.4643414855198,186.0786257893308,18.46220299796169,1.8317657186891987,0.18174217654796615,0.018031876916927595,0.0017890627499367736,0.00017750461941541982,1.761137279806941e-05,1.7473352640374026e-06,1.7336394058173827e-07,1.720048966088414e-08,1.7065632078946932e-09,1.6931813965092037e-10,1.6799027995533258e-11,1.6667266871102303e-12,1.6536523318323363e-13,1.6406790090430316e-14,1.6278059968329322e-15,1.6150325761508686e-16,1.6023580308898414e-17,1.58978164796812e-18,1.57730271740572e-19,1.5649205323964157e-20,1.5526343893754968e-21,1.5404435880834253e-22,1.5283474316255626e-23,1.5163452265281487e-24,1.504436282790676e-25,1.4926199139347877e-26,1.480895437049892e-27,1.4692621728355849e-28,1.4577194456410363e-29,1.4462665835014653e-30,1.43490291817183e-31,1.4236277851578375e-32,1.4124405237444031e-33,1.4013404770216502e-34,1.3903269919085795e-35,1.379399419174484e-36,1.3685571134582158e-37,1.3577994332854068e-38,1.3471257410837175e-39,1.3365354031962043e-40,1.3260277898928963e-41,1.3156022753806503e-42,1.3052582378113622e-43,1.294995059288608e-44,1.2848121258727898e-45,1.2747088275848495e-46,1.264684558408611e-47,1.2547387162918213e-48,1.2448707031459422e-49,1.2350799248447569e-50,1.2253657912218483e-51,1.2157277160669788e-52,1.2061651171214677e-53,1.1966774160725628e-54,1.1872640385468881e-55,1.1779244141030108e-56,1.168657976223143e-57,1.159464162304055e-58,1.1503424136472144e-59,1.1412921754482027e-60,1.1323128967854442e-61,1.123404030608267e-62,1.114565033724362e-63,1.1057953667866309e-64,1.0970944942794965e-65,1.0884618845046676e-66,1.0798970095664206e-67,1.0713993453563905e-68,1.062968371537935e-69,1.054603571530062e-70,1.0463044324909641e-71,1.0380704453011912e-72,1.029901104546456e-73,1.021795908500117e-74,1.0137543591053556e-75,1.005775961957054e-76,9.978602262834139e-78,9.90006664927307e-79,9.822147943274076e-80,9.744841344990897e-81,9.66814209015134e-82,9.592045449862356e-83,9.516546730413464e-84,9.441641273078529e-85,9.36732445391604e-86,9.293591683568229e-87,9.2204384070587e-88,9.147860103589226e-89,9.075852286335373e-90,9.004410502241327e-91,8.933530331813981e-92,8.863207388916224e-93,8.793437320559758e-94,8.724215806697363e-95,8.655538560014787e-96,8.587401325722262e-97,8.519799881345821e-98,8.45273003651841e-99,8.386187632770857e-100,8.320168543322909e-101,8.254668672874216e-102,8.189683957395427e-103,8.125210363919401e-104,8.061243890332699e-105,7.997780565167284e-106,7.93481644739255e-107,7.87234762620764e-108,7.810370220834302e-109,7.748880380310094e-110,7.687874283282079e-111,7.627348137801111e-112
Xe144,8678991862.0301,4750264336.52077,2599879782.1980276,1422944918.895696,778794502.9535468,426243396.582581,233288027.07720006,127681282.60363506,69881468.55005796,38246950.117758095,20933005.897871345,11456880.472068384,6270485.509422689,3431910.5117434645,1878325.0105460605,1028029.382808856,562652.5792845162,307946.3780602666,168542.67669229617,92245.39040054745,50486.98773002427,27632.122526487725,15123.385839570723,8277.207045288835,4530.21282385822,2479.438791026803,1357.0260289035928,742.716315396207,406.49737986338044,222.48079974875074,121.76635990490102,66.64416174894278,36.475134008177605,19.963270089980846,10.926132652348137,5.9800009817340865,3.272924911254428,1.7913103204213061,0.9804052188957896,0.5365873139233823,0.29368055158641,0.16073482197980762,0.08797205963187109,0.048148143510842394,0.026352045561302353,0.014422784652300824,0.007893759770668956,0.004320347617967882,0.0023645770941036607,0.0012941608704601405,0.0007083094743692569,0.0003876661108621468,0.00021217422461390867,0.00011612545004358561,6.355682539839158e-05,3.478539849107569e-05,1.903845795629611e-05,1.0419972088192293e-05,5.702973348364058e-06,3.1213044273896078e-06,1.7083266452992802e-06,9.349872769315799e-07,5.11729539798157e-07,2.8007559927598475e-07,1.5328867147427594e-07,8.389669383227594e-08,4.5917647848933376e-08,2.5131269036581773e-08,1.3754639293957742e-08,7.528075953167994e-09,4.1202045612029625e-09,2.255036443809224e-09,1.2342079834558129e-09,6.754965537731829e-10,3.6970721327033355e-10,2.023451086176989e-10,1.1074585918768649e-10,6.06125120147634e-11,3.317394112689613e-11,1.8156488376900106e-11,9.937259758179134e-12,5.438779209484231e-12,2.976707866086629e-12,1.6291872456543958e-12,8.916733521762776e-13,4.880233190518993e-13,2.671009056815998e-13,1.461874689810546e-13,8.00101221392414e-14,4.3790481423315154e-14,2.3967045818884058e-14,1.3117446226079906e-14,7.179332688491931e-15,3.9293332683592124e-15,2.150570339020979e-15,1.1770324549253797e-15,6.442037141544292e-16,3.525802738860512e-16,1.9297133313913583e-16,1.0561548155564162e-16,5.780459596134614e-17,3.163713562669443e-17,1.7315376641178553e-17,9.476909406833005e-18,5.1868240446895025e-18,2.838809839331329e-18,1.5537140327972682e-18,8.503659745943981e-19,4.654153051871384e-19,2.547272736373948e-19,1.394152345476699e-19,7.630359853672323e-20,4.176185743648155e-20,2.2856756037601996e-20,1.2509771562652753e-20,6.846745193950723e-21,3.7473042186348794e-21,2.0509436979494253e-21,1.1225056218389514e-21,6.143605367226032e-22,3.3624675167661434e-22,1.8403180421747135e-22
Xe145,16790096.746816006,420565.414177852,10534.42437687454,263.86849308424365,6.6094325376669545,0.1655544260771004,0.004146841301934342,0.00010387093340464875,2.6017804924072236e-06,6.516993261339047e-08,1.6323898688636077e-09,4.088843700014433e-11,1.0241819752767775e-12,2.5653920654343265e-14,6.425846781393352e-16,1.609559311198407e-17,4.031657249853903e-19,1.0098577956842933e-20,2.5295125659337625e-22,6.335975073481651e-24,1.5870480610544642e-25,3.975270607737231e-27,9.957339536548044e-29,2.4941348760792716e-30,6.247360308686963e-32,1.5648516526063282e-33,3.9196725875723054e-35,9.81807647272932e-37,2.459251977575613e-38,6.159984907439105e-40,1.5429656824871197e-41,3.864852159715262e-43,9.680761138108078e-45,2.4248569502852135e-46,6.073831536035213e-48,1.5213858089153123e-49,3.8107984487824675e-51,9.545366291799838e-53,2.3909429708553368e-54,5.988883103201098e-56,1.5001077508334157e-57,3.7575007314931167e-59,9.411865073910397e-61,2.3575033113644684e-62,5.905122756700648e-64,1.4791272870586826e-65,3.704948434541899e-67,9.280231000207277e-69,2.3245313379876182e-70,5.822533879992659e-72,1.458440255445716e-73,3.6531311325014544e-75,9.150437956865679e-77,2.2920205096802607e-78,5.741100088934334e-80,1.4380425520607498e-81,3.602038545754129e-83,9.022460195288026e-85,2.2599643768807548e-86,5.660805228531096e-88,1.4179301303675286e-89,3.5516605384527274e-91,8.896272326995892e-93,2.2283565802308252e-94,5.581633369731607e-96,1.3980990004245315e-97,3.5019871165097052e-99,8.771849318593344e-101,2.1971908493140034e-102,5.5035688062678116e-104,1.3785452280934483e-105,3.45300842561455e-107,8.649166486800838e-109,2.1664610014116838e-110,5.426596051539035e-112,1.3592649342587063e-113,3.404714749278838e-115,8.528199493558453e-117,2.1361609402765896e-118,5.3506998355397844e-120,1.3402542940579407e-121,3.357096506908684e-123,8.408924341197653e-125,2.1062846549233774e-126,5.275865101830404e-128,1.3215095361231957e-129,3.3101442519041106e-131,8.291317367680627e-133,2.0768262184361715e-134,5.202077004550175e-136,1.3030269418327562e-137,3.2638486697850082e-139,8.175355241906143e-141,2.0477797867927767e-142,5.129320905472176e-144,1.2848028445734582e-145,3.218200576343338e-147,8.061014959081088e-149,2.0191395977053195e-150,5.057582371099266e-152,1.2668336290132614e-153,3.1731909158210954e-155,7.94827383615668e-157,1.9908999694771157e-158,4.986847169800815e-160,1.2491157303840758e-161,3.128810759113886e-163,7.837109507328651e-165,1.963055299875536e-166,4.917101268989364e-168,1.2316456337745436e-169,3.0850513019994846e-171,7.727499919600201e-173,1.9356000650206068e-174,4.848330832336798e-176,1.2144198734327585e-177,3.0419038633912796e-179,7.619423328407128e-181,1.9085288182891874e-182,4.780522217029509e-184,1.1974350320787203e-185,2.9993598836160696e-187
Xe146,4878867.935569815,745623.5496664507,113951.53243726141,17414.889525161794,2661.468175871761,406.74463314531727,62.16162871770156,9.499985420721863,1.4518558289999877,0.22188300874687764,0.03390975094577893,0.005182331065811889,0.0007920009592114708,0.00012103926040734707,1.8498086889369236e-05,2.8270101569943495e-06,4.3204394462771045e-07,6.602805074033738e-08,1.0090879732906107e-08,1.5421605308994597e-09,2.356840202255765e-10,3.6018920389106573e-11,5.5046694500334494e-12,8.412630202901858e-13,1.2856784149018527e-13,1.964865858449792e-14,3.002848766031714e-15,4.589168605521169e-16,7.013496226695649e-17,1.0718527373933327e-17,1.638082139810121e-18,2.503434476727208e-19,3.8259279110343604e-20,5.847057119532819e-21,8.93589156776258e-22,1.3656469652752486e-22,2.087079526002422e-23,3.1896244480582548e-24,4.874612583228954e-25,7.449732162367749e-26,1.1385214382361044e-26,1.7399700245212936e-27,2.6591468412954007e-28,4.063898701655347e-29,6.2107411297642364e-30,9.491699526179897e-31,1.4505895192367104e-31,2.2168948221712908e-32,3.3880174835096816e-33,5.177811032696962e-34,7.913101753697537e-35,1.2093368987194515e-35,1.8481952843851683e-36,2.8245444365755666e-37,4.316671155691219e-38,6.597046102403585e-39,1.0082078459893566e-39,1.5408154573061894e-40,2.354784564430718e-41,3.598750465922455e-42,5.499868273133539e-43,8.405292700411603e-44,1.284557045206112e-44,1.9631521009468873e-45,3.0002296790437937e-46,4.585165929157294e-47,7.007379049928396e-48,1.0709178666168808e-48,1.63665340331628e-49,2.5012509792639762e-50,3.822590933787336e-51,5.8419573118459934e-52,8.928097676310128e-53,1.3644558469487774e-53,2.0852591736453097e-54,3.186842455177777e-55,4.870360942409644e-56,7.443234500284113e-57,1.1375284189678412e-57,1.7384524213365654e-58,2.6568275313888276e-59,4.060354166102931e-60,6.20532411660583e-61,9.483420858601477e-62,1.449324313949778e-62,2.2149612448136816e-63,3.3850624520721165e-64,5.17329494195839e-65,7.906199940302346e-66,1.2082821141524543e-66,1.8465832870461065e-67,2.8220808667600333e-68,4.3129061518112865e-69,6.591292153752924e-70,1.0073284863358137e-70,1.5394715568871417e-71,2.352730719534562e-72,3.5956116330166224e-73,5.495071283823796e-74,8.39796159769664e-75,1.2834366535698787e-75,1.9614398381845884e-76,2.9976128764255505e-77,4.581166743930809e-78,7.001267208567397e-79,1.0699838112354351e-79,1.6352259129675028e-80,2.4990693862489043e-81,3.819256867054422e-82,5.8368619522153424e-83,8.92031058269578e-84,1.3632657675166236e-84,2.0834404090009165e-85,3.184062888753622e-86,4.866113009874719e-87,7.436742505466339e-88,1.1365362658117471e-88,1.7369361418064986e-89,2.654510244386136e-90,4.0568127220971475e-91,6.19991182817046e-92,9.475149411683268e-93
Xe147,222420.44607804803,217.20746687309418,0.2121166668682565,0.00020714518248853204,2.0229021727395744e-07,1.975490403065995e-10,1.92918984674414e-13,1.8839744597110792e-16,1.839818808311605e-19,1.7966980549918068e-22,1.7545879443279398e-25,1.7134647893827582e-28,1.6733054583816035e-31,1.6340873617007887e-34,1.5957884391609305e-37,1.5583871476180992e-40,1.5218624488458032e-43,1.4861937977009834e-46,1.451361130567369e-49,1.4173448540696988e-52,1.3841258340524436e-55,1.3516853848168423e-58,1.3200052586102e-61,1.2890676353615251e-64,1.2588551126577425e-67,1.2293506959548294e-70,1.2005377890183909e-73,1.1724001845882739e-76,1.144922055261988e-79,1.1180879445917862e-82,1.0918827583904177e-85,1.0662917562406449e-88,1.0413005432037571e-91,1.0168950617224213e-94,9.930615837133043e-98,9.697867028450257e-101,9.470573269970963e-104,9.248606708956021e-107,9.03184248921488e-110,8.820158680873921e-113,8.613436211790954e-116,8.411558800577119e-119,8.214412891188605e-122,8.021887589051385e-125,7.833874598683013e-128,7.650268162776401e-131,7.470965002711347e-134,7.295864260460316e-137,7.124867441855786e-140,6.957878361187308e-143,6.794803087096995e-146,6.635549889743171e-149,6.480029189202327e-152,6.3281535050804166e-155,6.1798374073051064e-158,6.034997468071409e-161,5.8935522149135006e-164,5.755422084876478e-167,5.6205293797621946e-170,5.4887982224240275e-173,5.360154514085971e-176,5.23452589266209e-179,5.1118416920528326e-182,4.9920329023953554e-185,4.8750321312454745e-188,4.7607735656694174e-191,4.6491929352240526e-194,4.540227475804744e-197,4.433815894340577e-200,4.329898334316981e-203,4.228416342106436e-206,4.129312834088327e-209,4.0325320645393906e-212,3.938019594276754e-215,3.8457222600359004e-218,3.755588144566318e-221,3.667566547428053e-224,3.581607956472716e-227,3.4976640199928935e-230,3.4156875195243186e-233,3.335632343285472e-236,3.2574534602397266e-239,3.1811068947653646e-242,3.106549701919307e-245,3.03373994328058e-248,2.9626366633599477e-251,2.893199866562453e-254,2.8253904946899022e-257,2.759170404970611e-260,2.6945023486041182e-263,2.6313499498087137e-266,2.5696776853600773e-269,2.5094508646094557e-272,2.4506356099701774e-275,2.3931988378615067e-278,2.3371082400991328e-281,2.2823322657218142e-284,2.2288401032439624e-287,2.176601663324186e-290,2.1255875618400296e-293,2.0757691033594093e-296,2.0271182649994274e-299,1.9796076806635074e-302,1.9332106256479578e-305,1.887901001609337e-308,1.8436533218843e-311,1.8004426974e-314,1.758245e-317,1.717e-320,1.5e-323,0.0,0.0,0.0,0.0,0.0,0.0,0.0,0.0,0.0,0.0,0.0,0.0
Y100,549110328092.39514,218514566153.4857,85254949143.1416,33206389638.295563,12931907113.910961,5036147210.730842,1961253965.213952,763781645.9672613,297443579.0353778,115835046.7405364,45110262.915330105,17567531.395230815,6841417.880928439,2664290.0227969773,1037568.7392760433,404065.95359791734,157357.569360575,61280.60138347617,23864.83294817195,9293.809766653543,3619.338135168516,1409.4982429796312,548.9084530838313,213.764360024987,83.24740010865438,32.41948107738971,12.625292224807461,4.91673519947093,1.9147505333948904,0.7456715597639932,0.2903908709480926,0.1130884728347173,0.04404064992240976,0.017150986276231798,0.006679200483320115,0.0026011168324592262,0.0010129668652706098,0.00039448511398314885,0.00015362645165370258,5.9827572222954826e-05,2.3298972016624135e-05,9.073443512106213e-06,3.5335197239019997e-06,1.37607751925114e-06,5.35893241568585e-07,2.0869577646698984e-07,8.127351445537049e-08,3.165078021103177e-08,1.232593292759773e-08,4.800154104342861e-09,1.8693497328587443e-09,7.279908827463464e-10,2.8350539016117405e-10,1.1040702315834447e-10,4.299639860729738e-11,1.6744317891319596e-11,6.520829435188574e-12,2.539441546607588e-12,9.889483282352173e-13,3.851314464102376e-13,1.499838027723151e-13,5.840899595117239e-14,2.2746528258142082e-14,8.858302379157243e-15,3.4497361597365885e-15,1.3434492369322737e-15,5.231866347575184e-16,2.0374737449249508e-16,7.93464317601024e-17,3.090030607139179e-17,1.2033671762235529e-17,4.686337272733118e-18,1.8250254342759125e-18,7.107294336524504e-19,2.767831715508931e-19,1.0778915354620479e-19,4.197690761727172e-20,1.6347292052475785e-20,6.36621353543877e-21,2.479228648310943e-21,9.654992966210769e-22,3.759995643850267e-22,1.4642752502513176e-22,5.702405565297362e-23,2.22071835370797e-23,8.648262474537396e-24,3.3679391942525954e-24,1.3115946063824303e-24,5.107813153002137e-25,1.9891630446652257e-25,7.746504227423091e-26,3.016762648311874e-26,1.174834042435826e-26,4.5752191609719704e-27,1.7817521126238968e-27,6.938772721360282e-28,2.7022034399493715e-28,1.0523335644639402e-28,4.09815898583169e-29,1.5959680124531964e-29,6.215263745452005e-30,2.420443462782931e-30,9.426062668403408e-31,3.6708420913294685e-31,1.429555704593945e-31,5.567195378314268e-32,2.1680627261130254e-32,8.443202842620445e-33,3.2880817230523986e-33,1.2804952834836497e-33,4.986701393485237e-34,1.9419978432201016e-34,7.562826256247317e-35,2.9452319518205197e-35,1.1469774600281179e-35,4.466735779500748e-36,1.739504848105998e-36,6.774246935471251e-37,2.6381312815947536e-37,1.027381600526881e-37,4.0009872157048847e-38,1.5581258893506056e-38
Y100_m1,0.0,0.0,0.0,0.0,0.0,0.0,0.0,0.0,0.0,0.0,0.0,0.0,0.0,0.0,0.0,0.0,0.0,0.0,0.0,0.0,0.0,0.0,0.0,0.0,0.0,0.0,0.0,0.0,0.0,0.0,0.0,0.0,0.0,0.0,0.0,0.0,0.0,0.0,0.0,0.0,0.0,0.0,0.0,0.0,0.0,0.0,0.0,0.0,0.0,0.0,0.0,0.0,0.0,0.0,0.0,0.0,0.0,0.0,0.0,0.0,0.0,0.0,0.0,0.0,0.0,0.0,0.0,0.0,0.0,0.0,0.0,0.0,0.0,0.0,0.0,0.0,0.0,0.0,0.0,0.0,0.0,0.0,0.0,0.0,0.0,0.0,0.0,0.0,0.0,0.0,0.0,0.0,0.0,0.0,0.0,0.0,0.0,0.0,0.0,0.0,0.0,0.0,0.0,0.0,0.0,0.0,0.0,0.0,0.0,0.0,0.0,0.0,0.0,0.0,0.0,0.0,0.0,0.0,0.0,0.0,0.0,0.0
Y101,158519005411.74396,34157444119.12253,7320835596.420358,1568937027.2017913,336240460.6184796,72060027.92578131,15443256.335932564,3309659.642409035,709296.4534366995,152010.02919190875,32577.42071452091,6981.699471099027,1496.2549654220302,320.6638914805165,68.72179787248086,14.727836929257327,3.1563373970117796,0.6764378103606199,0.1449680606764874,0.03106824943019948,0.006658267470454229,0.0014269399313183088,0.0003058089175038491,6.553821360824654e-05,1.4045559815652189e-05,3.010117909442687e-06,6.451013663870033e-07,1.3825231616638842e-07,2.9628991537284265e-08,6.349818678335387e-09,1.3608359635527656e-09,2.9164211035141805e-10,6.250211106133122e-11,1.3394889655735181e-11,2.8706721395899626e-12,6.152166046018631e-13,1.3184768311156122e-13,2.8256408250126138e-14,6.055658987365138e-15,1.2977943072822242e-15,2.7813159022466473e-16,5.960665804036257e-17,1.2774362235770398e-17,2.7376862903499247e-18,5.86716274835456e-19,1.2573974906116602e-19,2.6947410822034967e-20,5.775126445164812e-21,1.237673098833298e-21,2.652469541784904e-22,5.684533885990387e-23,1.218258117272415e-23,2.610861101484227e-24,5.59536242328125e-25,1.1991476923100092e-25,2.569905359462258e-26,5.507589764752209e-27,1.1803370464642505e-27,2.5295920770501173e-28,5.421193967810047e-29,1.1618214771961355e-29,2.489911176189639e-30,5.336153434067964e-31,1.1435963557338802e-31,2.4508527369139272e-32,5.252446903946122e-33,1.1256571259157663e-33,2.4124069948674367e-34,5.170053451356932e-35,1.1079993030511241e-35,2.374564338864936e-36,5.088952478473629e-37,1.090618472799187e-37,2.3373153084887764e-38,5.009123710580942e-39,1.0735102900655425e-39,2.3006505917238586e-40,4.930547191006596e-41,1.0566704779158822e-41,2.2645610226296767e-42,4.85320327613223e-43,1.040094826506793e-43,2.2290375790488971e-44,4.7770726304826184e-45,1.0237791920333314e-45,2.1940713803518854e-46,4.702136221891971e-47,1.0077194956930945e-47,2.1596536852165954e-48,4.628375316745977e-49,9.91911722666543e-50,2.1257758894432994e-50,4.5557714752985176e-51,9.763519211133302e-52,2.0924295238036016e-52,4.484306547061893e-53,9.610362011843629e-54,2.0596062519231752e-54,4.413962666269281e-55,9.459607340493612e-56,2.0272978681977267e-56,4.344722247408407e-57,9.311217509396841e-58,1.995496295741655e-58,4.276567980825322e-59,9.165155422061566e-60,1.9641935843688728e-60,4.209482828397065e-61,9.02138456391679e-62,1.9333819086053149e-62,4.1434500192722386e-63,8.879868993183938e-64,1.903053565732627e-64,4.078453045678446e-65,8.7405733318916e-66,1.8732009738625267e-66,4.014475658795419e-67,8.60346275703124e-68,1.8438166700413846e-68,3.9515018646929155e-69,8.468502991851748e-70,1.8148933083845395e-70
Y102,120415970128.4393,17561128942.5331,2560695969.9926267,373390776.32001597,54446397.96089624,7939163.040212911,1157658.0295422198,168805.21366993288,24614.522972228475,3589.1944803022416,523.3624487448584,76.31468683556804,11.127912292480884,1.6226291048793708,0.23660549641289813,0.034500897811121055,0.005030787398515098,0.0007335699490376807,0.00010696633101410322,1.559741642310783e-05,2.274354899989589e-06,3.3163762964251096e-07,4.835811569927218e-08,7.051393282797824e-09,1.0282068792319525e-09,1.499291479145005e-10,2.1862088115145958e-11,3.1878450815112027e-12,4.648392326565881e-13,6.778105795352355e-14,9.883571554497105e-15,1.4411841541311663e-15,2.101478958963682e-16,3.0642952896116497e-17,4.468236801460368e-18,6.515409980757772e-19,9.500518684122503e-20,1.385328867008046e-20,2.020032940909957e-21,2.9455338580897586e-22,4.2950634781454706e-23,6.262895342599357e-24,9.132311611210197e-25,1.3316383366168558e-25,1.941743487345497e-26,2.8313752067454e-27,4.128601750755424e-28,6.020167293876241e-29,8.778374964266244e-30,1.2800286645130656e-30,1.8664882608054056e-31,2.7216409478217814e-32,3.968591501166966e-33,5.786846540407799e-34,8.438155671195352e-35,1.2304192038641587e-35,1.7941496651995823e-36,2.6161596072513455e-37,3.814782692530922e-38,5.562568488137107e-39,8.111122095053684e-40,1.182732433428448e-40,1.7246146620535113e-41,2.5147663567052125e-42,3.6669349785570756e-43,5.346982673405313e-44,7.796763203297033e-45,1.136893836418061e-45,1.6577745938709568e-46,2.417302756027465e-47,3.5248173279417715e-48,5.139752215306461e-49,7.494587769225826e-50,1.0928317840567383e-50,1.5935250143424498e-51,2.323616505651766e-52,3.3882076633514567e-53,4.9405532892672595e-54,7.204123604379442e-55,1.0504774236505465e-55,1.5317655251343308e-56,2.233561208613445e-57,3.2568925143978865e-58,4.749074621029009e-59,6.924916820680339e-60,1.0097645709965896e-60,1.4723996190033007e-61,2.1469961417851982e-62,3.130666684062891e-63,4.56501700024103e-64,6.656531121174759e-65,9.706296069615642e-66,1.41533452899127e-66,2.0637860359788756e-67,3.0093329280512976e-68,4.388092812905574e-69,6.398547118261993e-70,9.330113780685849e-71,1.3604810834649194e-71,1.9838008645697575e-72,2.892701646571034e-73,4.218025591943445e-74,6.150561678346578e-75,8.968511009369114e-76,1.3077535667733968e-76,1.906915640313013e-77,2.7805905880587637e-78,4.054549585178219e-79,5.912187291889612e-80,8.620922704252636e-81,1.2570695853064698e-81,1.8330102200348778e-82,2.6728245643881138e-83,3.8974093400638948e-84,5.683051467874649e-85,8.286805713351813e-86,1.2083499387437713e-86,1.7619691168932857e-87,2.569235177115374e-88,3.7463593045069616e-89,5.462796151741939e-90,7.965637935364527e-91
Y102_m1,0.0,0.0,0.0,0.0,0.0,0.0,0.0,0.0,0.0,0.0,0.0,0.0,0.0,0.0,0.0,0.0,0.0,0.0,0.0,0.0,0.0,0.0,0.0,0.0,0.0,0.0,0.0,0.0,0.0,0.0,0.0,0.0,0.0,0.0,0.0,0.0,0.0,0.0,0.0,0.0,0.0,0.0,0.0,0.0,0.0,0.0,0.0,0.0,0.0,0.0,0.0,0.0,0.0,0.0,0.0,0.0,0.0,0.0,0.0,0.0,0.0,0.0,0.0,0.0,0.0,0.0,0.0,0.0,0.0,0.0,0.0,0.0,0.0,0.0,0.0,0.0,0.0,0.0,0.0,0.0,0.0,0.0,0.0,0.0,0.0,0.0,0.0,0.0,0.0,0.0,0.0,0.0,0.0,0.0,0.0,0.0,0.0,0.0,0.0,0.0,0.0,0.0,0.0,0.0,0.0,0.0,0.0,0.0,0.0,0.0,0.0,0.0,0.0,0.0,0.0,0.0,0.0,0.0,0.0,0.0,0.0,0.0
Y103,741595907.4613762,36432018.49353512,1789193.3422666732,87868.09389429989,4315.241813596679,211.9234762530619,10.407657722835486,0.5111247757485387,0.02510156880070984,0.00123274939144558,6.0540879901756355e-05,2.973189980634182e-06,1.4601470403615725e-07,7.170848123946316e-09,3.521635930856049e-10,1.7294913258700066e-11,8.493610086300132e-13,4.171250310365639e-14,2.0485198843528107e-15,1.006037375930338e-16,4.940695033031406e-18,2.4263976660755296e-19,1.1916148628029174e-20,5.852074460446728e-22,2.873980222943644e-23,1.4114246798631259e-24,6.931570408951243e-26,3.404125563321443e-27,1.6717814531457425e-28,8.210194292466457e-30,4.032063532778789e-31,1.9801646286595472e-32,9.724678008464116e-34,4.775833332217608e-35,2.3454333395171233e-36,1.1518529160154114e-37,5.656801742258685e-39,2.7780809082739435e-40,1.3643280928977013e-41,6.700276941273038e-43,3.2905362957384644e-44,1.6159972503338006e-45,7.936235550625778e-47,3.897521156178112e-48,1.9140902592864926e-49,9.400183793455212e-51,4.61647275628877e-52,2.2671706402586083e-53,1.1134177506081023e-54,5.468044907408457e-56,2.68538157336774e-57,1.318803030460249e-58,6.476701301595474e-60,3.180737288376506e-61,1.562074461450999e-62,7.671418296739869e-64,3.7674682056378634e-65,1.8502206673470186e-66,9.086517340093795e-68,4.462429743053983e-69,2.1915194200781938e-70,1.0762650943817374e-71,5.285586533124121e-73,2.59577544091884e-74,1.274797053732988e-75,6.260585960513826e-77,3.07460206738071e-78,1.5099509746154638e-79,7.415437496548963e-81,3.641754877454099e-82,1.7884822835649067e-83,8.783317346338503e-85,4.313526855447379e-86,2.1183925388307003e-87,1.0403521524170856e-88,5.109216451622711e-90,2.509159296578917e-91,1.2322594736828597e-92,6.051681981895246e-94,2.972008379090866e-95,1.4595667505019936e-96,7.167998294212812e-98,3.520236366590732e-99,1.7288039935323108e-100,8.49023456611755e-102,4.1695925771442837e-103,2.0477057640737072e-104,1.0056375577808837e-105,4.9387315080248944e-107,2.425433370068341e-108,1.1911412926745038e-109,5.849748736137449e-111,2.8728380492214752e-112,1.4108637531847546e-113,6.928815672676007e-115,3.402772699883364e-116,1.6711170557954237e-117,8.206931407043702e-119,4.030461114997178e-120,1.9793776740429617e-121,9.720813238766282e-123,4.77393532634757e-124,2.3445012202540525e-125,1.1513951480314934e-126,5.654553622995387e-128,2.7769768467406905e-129,1.363785883287599e-130,6.697614125366215e-132,3.289228574808851e-133,1.6153550226734683e-134,7.933081541552755e-136,3.895972208064051e-137,1.9133295638653609e-138,9.396447983853352e-140,4.6146380833048576e-141,2.2662696240622186e-142,1.1129752574808397e-143,5.465871803656729e-145,2.6843143522913367e-146,1.31827891336505e-147,6.474127338847247e-149,3.179473203634762e-150
Y104,127555122.76646055,2712300.679158997,57669.86941897939,1226.1965877610842,26.071813357394173,0.5543478578617929,0.011786734712443988,0.0002506136051781562,5.328632622407566e-06,1.1329921854961237e-07,2.409006931716935e-09,5.1221133484861965e-11,1.0890813475593301e-12,2.3156421986487055e-14,4.92359804359839e-16,1.0468723410323148e-17,2.2258959580248656e-19,4.7327765017325065e-21,1.0062992088465408e-22,2.1396279696589995e-24,4.549350539383399e-26,9.672985502001312e-28,2.056703428586739e-29,4.373033529601859e-31,9.298094214858555e-33,1.976992754415429e-34,4.203549954102679e-36,8.937732410588117e-38,1.9003713888379278e-39,4.0406349727314784e-41,8.591336976949789e-43,1.8267196009940046e-44,3.884034009617451e-46,8.258366625975967e-48,1.755922300375299e-49,3.733502355365464e-51,7.938301048138765e-53,1.687868856981407e-54,3.588804784665709e-56,7.630640099298529e-58,1.6224529284461043e-59,3.449715188723586e-61,7.334903019163633e-63,1.5595722938635514e-64,3.3160162219352133e-66,7.050627680039786e-68,1.4991286940548148e-69,3.1874989622566682e-71,6.777369864695437e-73,1.4410276780251134e-74,3.0639625847360585e-76,6.514702572214482e-78,1.3851784553718377e-79,2.94521404769842e-81,6.262215350751742e-83,1.3314937544127273e-84,2.831067791092935e-86,6.019513656148483e-88,1.2798896858124943e-89,2.7213454465312015e-91,5.786218235405838e-93,1.2302856114948288e-94,2.6158755585634086e-96,5.5619645340525815e-98,1.1826040186348901e-99,2.5144933167568605e-101,5.346402126481311e-103,1.136770398535437e-104,2.4170402981582253e-106,5.139194168362823e-108,1.092713130197282e-109,2.3233642197370376e-111,4.9400168702829745e-113,1.0503633684021558e-114,2.2333187004236405e-116,4.74855899177957e-118,1.0096549361330881e-119,2.1467630323696972e-121,4.564521354988605e-123,9.705242211642024e-125,2.0635619610738615e-126,4.3876163771399057e-128,9.329100766583297e-130,1.9835854740290121e-131,4.217567621171613e-133,8.9675372561712e-135,1.9067085975607726e-136,4.054109363761272e-138,8.619986690343194e-140,1.832811201539882e-141,3.8969861800985283e-143,8.285905976087217e-145,1.7617778116632187e-146,3.745952544750634e-148,7.964773068788175e-150,1.693497429010176e-151,3.600772447996979e-153,7.65608615646516e-155,1.6278633565923862e-156,3.4612190270331514e-158,7.359362875625001e-160,1.5647730326257892e-161,3.327074211468294e-163,7.07413955750642e-165,1.504127870264489e-166,3.19812838256172e-168,6.799970503537256e-170,1.4458331035459739e-171,3.074180045666324e-173,6.536427288872414e-175,1.3897976393069524e-176,2.955035515366965e-178,6.283098092924223e-180,1.3359339148384345e-181,2.8405086128217984e-183,6.039587055839212e-185,1.2841577610575951e-186,2.7304203748335833e-188,5.805513659915496e-190,1.2343882709826183e-191,2.6245987741963843e-193,5.580512134994329e-195
Y105,51.2640199269267,0.019454373682432764,7.382812661106541e-06,2.8017310492094493e-09,1.0632393414853043e-12,4.0349265415789457e-16,1.531229287772103e-19,5.810919003282649e-23,2.2052072757726034e-26,8.368623149579786e-30,3.1758399398145466e-33,1.2052113164908976e-36,4.5737012724972045e-40,1.7356909152620388e-43,6.586838041738364e-47,2.4996636789760236e-50,9.486066711218126e-54,3.599902755179564e-57,1.3661404922889556e-60,5.184417390125903e-64,1.9674538472983647e-67,7.466363816735713e-71,2.8334381881643335e-74,1.0752720016338526e-77,4.080589731328254e-81,1.5485581815689841e-84,5.876681067184045e-88,2.2301635661120916e-91,8.463330704446476e-95,3.211780862230548e-98,1.2188506708795881e-101,4.6254617660057e-105,1.7553336975513883e-108,6.66138116718276e-112,2.5279523270359885e-115,9.593420354399813e-119,3.6406427887080296e-122,1.3816010792118578e-125,5.243089346749015e-129,1.989719486443573e-132,7.550860519262455e-136,2.8655041562298818e-139,1.0874408351768595e-142,4.126769690559392e-146,1.5660831861394933e-149,5.943187359157835e-153,2.255402286332146e-156,8.559110062976535e-160,3.2481285274070903e-163,1.2326443815920198e-166,4.677808032070968e-170,1.7751987768480422e-173,6.7367678958121425e-177,2.556561117207779e-180,9.70198891679458e-184,3.681843876449552e-187,1.397236633313717e-190,5.302425292830312e-194,2.0122371054190558e-197,7.63631346942363e-201,2.8979330142685538e-204,1.0997473831861294e-207,4.173472267543099e-211,1.583806520865656e-214,6.010446301619442e-218,2.28092663268654e-221,8.655973354752328e-225,3.2848875384445173e-228,1.2465941954758732e-231,4.730746699870278e-235,1.795288668883158e-238,6.813007774668305e-242,2.5854936725338257e-245,9.811786147620972e-249,3.7235112361462294e-252,1.4130491346948997e-255,5.362432742726361e-259,2.0350095558759605e-262,7.722733489056269e-266,2.9307288690995445e-269,1.1121932041737616e-272,4.220703376734924e-276,1.6017304302462192e-279,6.078466412300697e-283,2.3067398376010163e-286,8.75393284662661e-290,3.3220625505364285e-293,1.2607018791478888e-296,4.78428447360323e-300,1.815605917858387e-303,6.89011045883676e-307,2.61475365705844e-310,9.9228259517e-314,3.7656503e-317,1.429e-320,5e-324,0.0,0.0,0.0,0.0,0.0,0.0,0.0,0.0,0.0,0.0,0.0,0.0,0.0,0.0,0.0,0.0,0.0,0.0,0.0,0.0,0.0,0.0,0.0,0.0,0.0,0.0
Y106,0.00040995406903066023,1.126353365471932e-08,3.094668402510878e-13,8.502635864621909e-18,2.3361086631348903e-22,6.418484541577575e-27,1.7634857684739263e-31,4.845196767967459e-36,1.3312232023645856e-40,3.657550558585948e-45,1.0049160850599867e-49,2.7610181235682305e-54,7.585928011309697e-59,2.0842421605839558e-63,5.726478523760319e-68,1.5733563452099257e-72,4.322814062326772e-77,1.1876979728299772e-81,3.2632133936965114e-86,8.965715102996723e-91,2.4633401990620626e-95,6.768054602010403e-100,1.8595305314806097e-104,5.109080822842985e-109,1.4037256400172275e-113,3.8567518126387872e-118,1.0596468512258585e-122,2.9113915124982367e-127,7.999080570324943e-132,2.1977562858127894e-136,6.038359845690884e-141,1.6590460853837352e-145,4.55824757676755e-150,1.2523835928464535e-154,3.4409378543305356e-159,9.454015035804186e-164,2.5975011488430676e-168,7.136663304097582e-173,1.9608061824626413e-177,5.387336800625317e-182,1.480176779477531e-186,4.066802168838173e-191,1.1173584202763069e-195,3.069954690515571e-200,8.434734665970464e-205,2.3174527332641408e-209,6.367227166707238e-214,1.7494027477035833e-218,4.806503511724886e-223,1.320592187165018e-227,3.628341726053248e-232,9.968909258262946e-237,2.7389689092923707e-241,7.525347549785436e-246,2.0675976113833502e-250,5.680747439658147e-255,1.560791678976231e-259,4.288292502065605e-264,1.1782131357423867e-268,3.2371536982778975e-273,8.894115799915442e-278,2.443668210885013e-282,6.714005595639681e-287,1.844680506849795e-291,5.06828021496072e-296,1.3925156276101906e-300,3.82595217883712e-305,1.05118461757372e-309,2.8881414315e-314,7.9352e-319,2e-323,0.0,0.0,0.0,0.0,0.0,0.0,0.0,0.0,0.0,0.0,0.0,0.0,0.0,0.0,0.0,0.0,0.0,0.0,0.0,0.0,0.0,0.0,0.0,0.0,0.0,0.0,0.0,0.0,0.0,0.0,0.0,0.0,0.0,0.0,0.0,0.0,0.0,0.0,0.0,0.0,0.0,0.0,0.0,0.0,0.0,0.0,0.0,0.0,0.0,0.0,0.0
Y107,2.350127355217897e-05,2.1714918757393794e-15,2.0064346538211026e-25,1.8539235928218518e-35,1.713005046775839e-45,1.5827978572801225e-55,1.4624878436440365e-65,1.35132271184775e-75,1.2486073504758753e-85,1.1536994842117602e-95,1.0660056577139286e-105,9.849775247620081e-116,9.101084194683036e-126,8.409301881149298e-136,7.770102618061093e-146,7.179489516310303e-156,6.633769494240193e-166,6.1295301849438275e-176,5.66361859886131e-186,5.233121408253852e-196,4.8353467302743037e-206,4.467807294724291e-216,4.12820489124659e-226,3.814415998701647e-236,3.5244785068692443e-246,3.2565794474465934e-256,3.009043657625291e-266,2.780323305360872e-276,2.568988210836862e-286,2.3737169036038313e-296,2.1932883594740532e-306,2.02657438e-316,0.0,0.0,0.0,0.0,0.0,0.0,0.0,0.0,0.0,0.0,0.0,0.0,0.0,0.0,0.0,0.0,0.0,0.0,0.0,0.0,0.0,0.0,0.0,0.0,0.0,0.0,0.0,0.0,0.0,0.0,0.0,0.0,0.0,0.0,0.0,0.0,0.0,0.0,0.0,0.0,0.0,0.0,0.0,0.0,0.0,0.0,0.0,0.0,0.0,0.0,0.0,0.0,0.0,0.0,0.0,0.0,0.0,0.0,0.0,0.0,0.0,0.0,0.0,0.0,0.0,0.0,0.0,0.0,0.0,0.0,0.0,0.0,0.0,0.0,0.0,0.0,0.0,0.0,0.0,0.0,0.0,0.0,0.0,0.0,0.0,0.0,0.0,0.0,0.0,0.0
Y108,5.5022057237925066e-08,2.944954446290831e-14,1.576232719402983e-20,8.436495813528677e-27,4.5154792649301814e-33,2.4168272518215363e-39,1.2935623490760411e-45,6.92355463008775e-52,3.705705314478943e-58,1.9834106339077798e-64,1.0615840734361267e-70,5.68193356285918e-77,3.04115046755061e-83,1.6277198710555406e-89,8.712071325964317e-96,4.662975991038935e-102,2.4957721624941817e-108,1.3358161609777158e-114,7.149710389212667e-121,3.8267510262939765e-127,2.0481981255263963e-133,1.0962603870972538e-139,5.867532155902913e-146,3.140488701932862e-152,1.6808888345069916e-158,8.996648426823967e-165,4.815290651842183e-171,2.5772957841261667e-177,1.3794501805064073e-183,7.383253455886646e-190,3.951750658646481e-196,2.115101880413176e-202,1.1320693917615815e-208,6.059193269276865e-215,3.243071788852159e-221,1.735794545616789e-227,9.29052115019446e-234,4.972580623678606e-240,2.661482349509141e-246,1.4245094917150855e-252,7.624425134213737e-259,4.0808333651213803e-265,2.184191025649729e-271,1.1690480864285216e-277,6.257114933322486e-284,3.349005720407642e-290,1.7924937347071516e-296,9.593993134694624e-303,5.135008423536024e-309,2.748418844e-315,1.47e-321,0.0,0.0,0.0,0.0,0.0,0.0,0.0,0.0,0.0,0.0,0.0,0.0,0.0,0.0,0.0,0.0,0.0,0.0,0.0,0.0,0.0,0.0,0.0,0.0,0.0,0.0,0.0,0.0,0.0,0.0,0.0,0.0,0.0,0.0,0.0,0.0,0.0,0.0,0.0,0.0,0.0,0.0,0.0,0.0,0.0,0.0,0.0,0.0,0.0,0.0,0.0,0.0,0.0,0.0,0.0,0.0,0.0,0.0,0.0,0.0,0.0,0.0,0.0,0.0,0.0,0.0,0.0,0.0,0.0,0.0,0.0
Y97,14319573468161.264,12476327397079.19,10485413301352.979,8738710689142.77,7268503675757.511,6042767154062.568,5023160252619.65,4175478278947.7915,3470823402417.4346,2885081542685.6123,2398189459044.4233,1993466039667.1785,1657044536094.4463,1377398219039.0352,1144945599167.112,951722171477.7229,791107535666.9856,657598563614.8462,546620846540.55273,454371962471.18915,377691194152.5418,313951233619.60754,260968162925.59958,216926626710.59433,180317632804.29062,149886849729.6948,124591629628.78471,103565284089.63345,86087388860.09746,71559100000.4936,59482635734.28168,49444220984.79214,41099910227.81773,34163802909.428726,28398247654.670406,23605699634.610104,19621952101.251904,16310510182.8592,13557914169.415407,11269852050.26937,9367928108.106401,7786976851.79926,6472830255.60221,5380461803.75617,4472443750.030911,3717664733.3926587,3090263811.5495543,2568744389.2386456,2135237681.8393233,1774890478.4169233,1475356227.1631496,1226372006.3282576,1019406886.4287115,847369635.5884724,704365753.1418428,585495506.7566562,486686053.23745865,404551890.9751425,336278862.7347643,279527734.376935,232354045.83704352,193141488.22184914,160546524.327417,133452355.11495899,110930654.90105887,92209764.1976978,76648250.39551689,63712930.401795074,52960602.22428007,44022859.57136566,36593469.17229138,30417878.327341456,25284493.18594663,21017428.920922942,17470483.39855859,14522127.86481536,12071343.013865676,10034157.770463642,8340772.194685007,6933165.931316236,5763110.262356165,4790515.649719848,3982058.15011223,3310037.639017534,2751428.7232103776,2287091.823268233,1901117.3954588592,1580280.82412168,1313589.3075576979,1091905.2124099233,907632.9915509694,754458.9383666134,627134.8606539855,521298.2621678199,433322.8707072707,360194.3913972648,299407.2281074946,248878.63438201783,206877.35243859878,171964.29520065105,142943.23895426653,118819.83721618041,98767.55150760637,82099.3317223572,68244.07577562111,56727.06197193639,47153.68364791395,39195.92879087459,32581.141385489158,27082.679419204735,22512.14946232934,18712.95175671865,15554.91464887629,12929.834527412573,10747.768450040803,8933.952434641751,7426.239826011345,6172.971969225462,5131.20823264738,4265.2547359763585,3545.44137324605,2947.105227994642
Y97_m1,2671459400978.537,1555598966182.4558,875850931290.0077,487436693290.2753,270160584249.52032,149516189584.23547,82703864195.2147,45738431293.42514,25293400651.13578,13986935680.579273,7734533436.910127,4277049683.1600466,2365124335.75922,1307866697.6474562,723224154.6484848,399928487.5768092,221152447.85783973,122292875.80235478,67625511.63388264,37395553.82702592,20678992.46603266,11435068.760839928,6323364.050477526,3496693.701678167,1933601.599668775,1069242.9664171613,591269.9500391587,326960.44285488274,180802.5778830323,99980.20520071841,55287.05148465556,30572.632409890055,16906.05354003498,9348.709082900894,5169.648925442406,2858.7123393548804,1580.810681158681,874.1566527219418,483.39112494984704,267.30561273278454,147.81465134649042,81.73854237219601,45.19977720929705,24.994571721957172,13.82149767400981,7.643011453756567,4.2264322912053,2.3371324274757304,1.2923874339415669,0.7146643723625339,0.39519508756491617,0.2185349700855318,0.12084546253991445,0.06682512098988184,0.0369529538093943,0.02043424351518923,0.011299727491118718,0.006248523038234023,0.003455308120485995,0.0019107162019635826,0.001056587799739446,0.0005842718962716584,0.00032309065924957897,0.0001786626650373618,9.879687624641269e-05,5.463269426775764e-05,3.021078597171393e-05,1.6705959705292192e-05,9.238061198942487e-06,5.108462861213038e-06,2.8248776710182733e-06,1.5621007870697773e-06,8.638104559353973e-07,4.77669885297861e-07,2.6414188176663594e-07,1.4606517147237039e-07,8.07711150331776e-08,4.4664809262466015e-08,2.4698745159492002e-08,1.3657911508561312e-08,7.552551579892815e-09,4.176409792316046e-09,2.309470987234343e-09,1.2770912113773604e-09,7.062058675742094e-10,3.90517703789033e-10,2.1594847051682632e-10,1.1941518007016986e-10,6.603420342391349e-11,3.6515592232649945e-11,2.0192391320924068e-11,1.1165988070508699e-11,6.174567816618403e-12,3.414412363802825e-12,1.888101667409395e-12,1.044082414961642e-12,5.773566688958211e-13,3.192666769804043e-13,1.765480794134593e-13,9.76275527385973e-14,5.398608178232599e-14,2.985322221495917e-14,1.6508234107619544e-14,9.12872290266258e-15,5.0480009727468584e-15,2.7914434573778966e-15,1.5436123364092342e-15,8.535867129305811e-16,4.72016360135171e-16,2.610155955571617e-16,1.4433639779890182e-16,7.981513780850103e-17,4.413617299959026e-17,2.4406419891469283e-17,1.3496261488829981e-17,7.463162355841522e-18,4.1269793413345184e-18,2.282136937630834e-18,1.26197602928027e-18,6.978474745390668e-19,3.85895679808034e-19,2.1339258380617425e-19
Y97_m2,0.0,0.0,0.0,0.0,0.0,0.0,0.0,0.0,0.0,0.0,0.0,0.0,0.0,0.0,0.0,0.0,0.0,0.0,0.0,0.0,0.0,0.0,0.0,0.0,0.0,0.0,0.0,0.0,0.0,0.0,0.0,0.0,0.0,0.0,0.0,0.0,0.0,0.0,0.0,0.0,0.0,0.0,0.0,0.0,0.0,0.0,0.0,0.0,0.0,0.0,0.0,0.0,0.0,0.0,0.0,0.0,0.0,0.0,0.0,0.0,0.0,0.0,0.0,0.0,0.0,0.0,0.0,0.0,0.0,0.0,0.0,0.0,0.0,0.0,0.0,0.0,0.0,0.0,0.0,0.0,0.0,0.0,0.0,0.0,0.0,0.0,0.0,0.0,0.0,0.0,0.0,0.0,0.0,0.0,0.0,0.0,0.0,0.0,0.0,0.0,0.0,0.0,0.0,0.0,0.0,0.0,0.0,0.0,0.0,0.0,0.0,0.0,0.0,0.0,0.0,0.0,0.0,0.0,0.0,0.0,0.0,0.0
Y98,1309743889860.2646,589014006301.5067,242140876014.3271,94599107160.54742,35783537561.47197,13242162741.681694,4824666111.32451,1737831333.7055418,620603302.2546817,220173133.4010366,77714166.80618137,27321301.96353169,9574863.902978605,3347148.0468939613,1167743.129349394,406744.7246063656,141493.0109225584,49169.40524526373,17072.163671154245,5923.596208027012,2054.1949569315625,712.0368220588222,246.7200407883625,85.46282258376384,29.596810767755308,10.24771431352643,3.5476387337116275,1.2279903738586448,0.425014983631065,0.14708750461486883,0.05089985542705061,0.01761295501934785,0.006094350670039208,0.0021086571063105956,0.0007295765623025166,0.0002524205324366524,8.733119918316781e-05,3.0213899348572238e-05,1.0452931462629581e-05,3.616300472883965e-06,1.2510852383644929e-06,4.328187005587971e-07,1.4973470176848796e-07,5.180083102042005e-08,1.792046247558579e-08,6.1995511618958135e-09,2.1447175184020154e-09,7.419574223603229e-10,2.566770740283976e-10,8.879623110111954e-11,3.0718602967987793e-11,1.0626933440889869e-11,3.676326804345967e-12,1.2718033827487126e-12,4.3997257694811825e-13,1.5220574695043604e-13,5.2654602480115356e-14,1.821551689706067e-14,6.301537973892693e-15,2.179975092994417e-15,7.541477452575013e-16,2.608923148379928e-16,9.025392332499374e-17,3.122272873735147e-17,1.0801289135855713e-17,3.736631775699913e-18,1.2926620332066418e-18,4.471875123833363e-19,1.5470142998036574e-19,5.351788940547365e-20,1.8514143195262167e-20,6.404839508374358e-21,2.2157098025226855e-21,7.665094289099101e-22,2.651686148390341e-22,9.173324047630109e-23,3.1734477181682413e-23,1.0978321835671085e-23,3.797874127487872e-24,1.3138481505921202e-24,4.545166322519646e-25,1.5723686823653634e-25,5.439500104933417e-26,1.881757229071616e-26,6.509808248194816e-27,2.2520228822338306e-27,7.790716507602559e-28,2.695144180864999e-28,9.323663805118844e-29,3.225456631610011e-29,1.1158242828320015e-29,3.8601164796203094e-30,1.335380441345627e-30,4.6196557337068545e-31,1.5981377616341368e-31,5.528646401502495e-32,1.9125967587674e-32,6.616495423439507e-33,2.288930559181928e-33,7.918396022612104e-34,2.739314013546321e-34,9.476466247835242e-35,3.2783175678107434e-35,1.1341111543135783e-35,3.9233786346421436e-36,1.3572655424436863e-36,4.695365714677687e-37,1.6243291017785125e-37,5.619253517596742e-38,1.9439416593728194e-38,6.724930923989391e-39,2.326443065518547e-39,8.048167926558823e-40,2.784207700326396e-40,9.631772832367372e-41,3.332044799791737e-41,1.15269771630094e-41,3.987677552374181e-42,1.3795093055895764e-42,4.772316465440768e-43,1.6509496785572915e-43,5.711345550666287e-44
Y98_m1,2760102573826.7695,1951687246723.3516,1380051286913.3828,975843623361.674,690025643456.6914,487921811680.837,345012821728.3457,243960905840.4185,172506410864.17285,121980452920.20924,86253205432.08643,60990226460.10462,43126602716.04321,30495113230.05231,21563301358.021606,15247556615.026155,10781650679.010803,7623778307.513078,5390825339.505402,3811889153.756539,2695412669.752701,1905944576.8782694,1347706334.8763504,952972288.4391347,673853167.4381752,476486144.21956736,336926583.7190876,238243072.10978368,168463291.8595438,119121536.05489184,84231645.9297719,59560768.02744592,42115822.96488595,29780384.01372296,21057911.482442975,14890192.00686148,10528955.741221488,7445096.00343074,5264477.870610744,3722548.00171537,2632238.935305372,1861274.000857685,1316119.467652686,930637.0004288425,658059.733826343,465318.50021442125,329029.8669131715,232659.25010721062,164514.93345658574,116329.62505360531,82257.46672829287,58164.812526802656,41128.733364146436,29082.406263401328,20564.366682073218,14541.203131700664,10282.183341036609,7270.601565850332,5141.091670518304,3635.300782925166,2570.545835259152,1817.650391462583,1285.272917629576,908.8251957312915,642.636458814788,454.41259786564575,321.318229407394,227.20629893282288,160.659114703697,113.60314946641144,80.3295573518485,56.80157473320572,40.16477867592425,28.40078736660286,20.082389337962127,14.20039368330143,10.041194668981063,7.100196841650715,5.020597334490532,3.5500984208253574,2.510298667245266,1.7750492104126787,1.255149333622633,0.8875246052063394,0.6275746668113165,0.4437623026031697,0.31378733340565823,0.22188115130158484,0.15689366670282912,0.11094057565079242,0.07844683335141456,0.05547028782539621,0.03922341667570728,0.027735143912698105,0.01961170833785364,0.013867571956349052,0.00980585416892682,0.006933785978174526,0.00490292708446341,0.003466892989087263,0.002451463542231705,0.0017334464945436316,0.0012257317711158525,0.0008667232472718158,0.0006128658855579262,0.0004333616236359079,0.0003064329427789631,0.00021668081181795394,0.00015321647138948156,0.00010834040590897697,7.660823569474078e-05,5.4170202954488486e-05,3.830411784737039e-05,2.7085101477244243e-05,1.9152058923685195e-05,1.3542550738622122e-05,9.576029461842597e-06,6.771275369311061e-06,4.788014730921299e-06,3.3856376846555304e-06,2.3940073654606493e-06,1.6928188423277652e-06
Y99,3839296188809.901,2428981077953.7524,1518344402923.9204,947714347193.2777,591433807691.0298,369083974772.7367,230326042429.61475,143734411742.8966,89697109573.42958,55975262481.56661,34931226020.80138,21798746394.880188,13603454516.621866,8489202609.790802,5297666181.925447,3305995658.855837,2063098526.9821649,1287471603.4893572,803443513.779304,501386965.0286007,312889312.55177784,195257812.3037953,121850161.49874096,76040296.06850542,47452761.28538987,29612779.934201732,18479783.086963434,11532263.559855673,7196680.945232244,4491071.189853821,2802642.0214859364,1748981.9173528727,1091447.8994379407,681115.3994036098,425048.4036330468,265250.41951656685,165528.87730512707,103297.89212712062,64462.79761951687,40227.851617930384,25104.092679097015,15666.147802926458,9776.421323822395,6100.951880655372,3807.2841397878083,2375.926380773663,1482.6910626037084,925.2697410637237,577.412325009039,360.33275300784135,224.86477559719103,140.32631472519722,87.57029442276536,54.6480286345954,34.1029689729031,21.281874604174387,13.280901936358513,8.287914458840683,5.172052802303456,3.227606935696688,2.014180235499102,1.2569442630099934,0.7843930014149131,0.489498539255279,0.3054703694459766,0.1906280389547764,0.11896096273314793,0.07423729862612019,0.046327605129309196,0.02891062897946081,0.018041607496331716,0.011258821151312185,0.0070260398771566255,0.004384583047545941,0.002736188356022718,0.0017075116695131687,0.0010655684924270772,0.0006649654185830776,0.0004149700474947447,0.0002589610459514094,0.00016160400907272064,0.00010084858768015726,6.293431515368999e-05,3.9274005863378824e-05,2.4508847562573e-05,1.5294686539871146e-05,9.544611828674547e-06,5.956291730634027e-06,3.7170093260194965e-06,2.3195906034382948e-06,1.4475348581708158e-06,9.033305974397756e-07,5.637212559440893e-07,3.5178887475287565e-07,2.1953298921225828e-07,1.3699902643688015e-07,8.549390828230456e-08,5.3352264928325556e-08,3.3294350792609564e-08,2.0777258401129546e-08,1.2965997425699399e-08,8.091399067073433e-09,5.0494178514080155e-09,3.1510768937194154e-09,1.9664218494739252e-09,1.2271407587024016e-09,7.657941972479461e-10,4.778920008807617e-10,2.982273374838246e-10,1.8610804252587238e-10,1.1614026998678671e-10,7.247705219793794e-11,4.52291276393644e-11,2.822512678124786e-11,1.761382152160188e-11,1.0991862357230098e-11,6.859444892870922e-12,4.2806198539580216e-12,2.6713103786493832e-12,1.6670247259825688e-12,1.0403027140718514e-12,6.491983712283443e-13
Zn78,6549344304.96788,4088951639.9339705,2551933823.488251,1592557571.399653,993835392.9024539,620201023.2628708,387034995.20375746,241528252.21265718,150725117.6096668,94059642.11795369,58697690.25019395,36630150.42816318,22858956.027313847,14265075.751709724,8902085.727734886,5555324.884581549,3466786.9437718326,2163439.9361347104,1350089.4151199923,842520.00639113,525772.5549283131,328107.0804477889,204754.4232403877,127776.49838975411,79738.61214992477,49760.68641513171,31053.03498196649,19378.570736476093,12093.14980022692,7546.700635432009,4709.500123761077,2938.9520649027227,1834.0458674620431,1144.5318500170695,714.2423092810707,445.72117093949646,278.1512095295042,173.57958384531906,108.3219159063847,67.59802740445564,42.18438411782377,26.325062013315588,16.428090737778504,10.251909953798922,6.397679400388671,3.9924562247047928,2.4914825686975965,1.554803619815007,0.9702714064957456,0.6054955045546164,0.3778579927032583,0.23580135868185806,0.14715126272286144,0.09182938657341393,0.05730590470250446,0.035761610050036946,0.022316945522631457,0.013926835418294758,0.008691007672693344,0.005423602139190293,0.0033845856858061713,0.0021121424416051023,0.001318077338782742,0.0008225429482361659,0.0005133059205143988,0.0003203273076501824,0.000199899475002327,0.0001247467797838972,7.784792364397646e-05,4.858080686472901e-05,3.0316734026479256e-05,1.891908392117669e-05,1.1806408173911532e-05,7.36776022294506e-06,4.597832795816922e-06,2.8692663412761683e-06,1.7905586616090914e-06,1.1173937652777665e-06,6.973068536942508e-07,4.351526411892091e-07,2.7155594431741023e-07,1.6946382467676742e-07,1.0575348643633796e-07,6.599520525854129e-08,4.118414686724169e-08,2.570086639685107e-08,1.6038562985850856e-08,1.0008826110337752e-08,6.245983520802585e-09,3.897790781063035e-09,2.4324068294992497e-09,1.5179375488647888e-09,9.472652248423368e-10,5.911385530100827e-10,3.688985721111174e-10,2.3021025411499437e-10,1.4366214755563462e-10,8.965201276389479e-11,5.5947119887686156e-11,3.491366370067369e-11,2.178778667160724e-11,1.3596615128028115e-11,8.484934506020007e-12,5.295002682177869e-12,3.3043335083351185e-12,2.062061266003999e-12,1.2868243033060026e-12,8.030395676787646e-13,5.011348834498578e-13,3.127320016574362e-13,1.951596428238913e-13,1.217888990742601e-13,7.600206540193838e-14,4.742890353117027e-14,2.9597891560874395e-14,1.8470492033903963e-14,1.1526465500856474e-14,7.193062680656324e-15,4.48881322067083e-15,2.801232941324892e-15,1.7481025843153753e-15,1.0908991538007447e-15
Zn79,2034198491.271216,1013566034.6282116,505020942.4463405,251632469.9101741,125378760.28121422,62471403.365776196,31127092.258046743,15509430.23911009,7727751.257576522,3850440.5757204695,1918526.118787638,955927.6129801437,476301.8821111314,237322.86819851332,118248.83731370131,58918.83758267254,29356.985666455425,14627.454355513704,7288.2966716545325,3631.477294887449,1809.4251561646856,901.5668087394904,449.2159887638535,223.82701160352462,111.5243721872519,55.56829581316188,27.687539853571415,13.79563385785044,6.873832581240341,3.4249658146757573,1.7065284458209635,0.85029734425884,0.42367039085939073,0.21109862485505823,0.10518230770223017,0.05240828954315918,0.026113030535660813,0.013011116556185335,0.006482937850030608,0.0032301980376449367,0.0016094831700963997,0.0008019434240979805,0.0003995774963061427,0.00019909406419021662,9.920089785388834e-05,4.942798357672563e-05,2.4628058952243662e-05,1.2271212456273316e-05,6.114272157582234e-06,3.0465061337825366e-06,1.517956575038144e-06,7.563392497886272e-07,3.7685469411827404e-07,1.8777216773910382e-07,9.355963326909349e-08,4.661715888378893e-08,2.3227533354540236e-08,1.1573384535965274e-08,5.766571403551058e-09,2.8732602506133992e-09,1.431634829436285e-09,7.133284513359016e-10,3.5542407115481655e-10,1.7709411438683511e-10,8.82391708827075e-11,4.396617756059353e-11,2.1906651546614407e-11,1.0915240046132973e-11,5.438643373278013e-12,2.709866353528337e-12,1.3502219487428759e-12,6.727635510486604e-13,3.3521214496698626e-13,1.6702329066165539e-13,8.32212676130671e-14,4.1465949782749236e-14,2.0660884419351303e-14,1.0294522306284704e-14,5.129363649860671e-15,2.5557641889269373e-15,1.2734387801845148e-15,6.34505457860214e-16,3.1614961183769313e-16,1.5752516519273805e-16,7.848871780914493e-17,3.910790263756273e-17,1.948596042080954e-17,9.709102966740417e-18,4.8376717586933955e-18,2.410425363190543e-18,1.2010220455886242e-18,5.984229904055561e-19,2.981711091493058e-19,1.485671703072018e-19,7.40252942549062e-20,3.688395072878235e-20,1.8377850909698727e-20,9.156974710834196e-21,4.5625675312561095e-21,2.273351530898358e-21,1.1327234386413742e-21,5.643924272197855e-22,2.8121499126486415e-22,1.4011859036035865e-22,6.981569252857614e-23,3.478646845296598e-23,1.73327563417622e-23,8.636244372121166e-24,4.303107675683825e-24,2.1440726860744372e-24,1.0683087734819268e-24,5.322970825154368e-25,2.652231181542751e-25,1.3215045641629382e-25,6.584547852603267e-26,3.280826385241042e-26,1.634709324169954e-26,8.145126442988711e-27,4.058402542357832e-27,2.022145550606443e-27,1.0075571817136162e-27,5.020269060841018e-28
Zn80,163017493.9521608,45163581.58875209,12511992.281801175,3466279.4863099772,960286.0633095487,266034.3227399987,73701.22668977665,20417.93239105497,5656.513220324872,1567.0608168789724,434.1330972185615,120.27072853238023,33.31938576990632,9.230687147496113,2.5572375734461055,0.7084482338693923,0.19626604320392013,0.05437286434399467,0.01506326987954173,0.00417307607758887,0.0011560945325022835,0.0003202804222188805,8.872937806796665e-05,2.4581279360709134e-05,6.809912434485648e-06,1.886594537446582e-06,5.226556116491546e-07,1.4479469910798824e-07,4.0113421577201895e-08,1.1112883279174923e-08,3.0786746660063914e-09,8.529053586724321e-10,2.3628594436572385e-10,6.54598390514328e-11,1.81347669246342e-11,5.023992973041206e-12,1.3918295999095965e-12,3.8558764822711464e-13,1.0682186560407548e-13,2.9593559398495156e-14,8.198497123409608e-15,2.2712832267812143e-15,6.292284327974807e-16,1.7431926409365969e-16,4.829280472761996e-17,1.337887123712829e-17,3.7064361158813974e-18,1.0268182149018655e-18,2.8446615926726317e-19,7.880751879338406e-20,2.1832561856802593e-20,6.048417264357873e-21,1.6756325548842437e-21,4.642114352019625e-22,1.286035270346921e-22,3.5627875385205207e-23,9.870223109209838e-24,2.73441239962445e-24,7.575321336194714e-25,2.0986407666410656e-25,5.814001640252789e-26,1.6106908628752197e-26,4.462202139380409e-27,1.2361930145396017e-27,3.424706280582573e-28,9.487687578164994e-29,2.628436081985804e-29,7.281728218986202e-30,2.017304747054006e-30,5.588671150724719e-31,1.5482660850600072e-31,4.289262698586565e-32,1.1882824712764451e-32,3.291976572123117e-33,9.119977794308718e-34,2.5265670379616976e-34,6.9995137502398e-35,1.9391210287980806e-35,5.3720736875445105e-36,1.4882606745952207e-36,4.1230257892441995e-37,1.1422287740953886e-37,3.164391005690553e-38,8.766519163225918e-39,2.4286460839069466e-39,6.728236933102273e-40,1.8639674396335797e-40,5.163870788973816e-41,1.430580865213987e-41,3.963231644537527e-42,1.0979599580981502e-42,3.041750212225017e-43,8.426759359783359e-44,2.334520205581016e-44,6.467473862225176e-45,1.791726542292043e-45,4.9637371108745126e-46,1.3751365247039383e-46,3.809630565309428e-47,1.0554068474957046e-47,2.923862549518238e-48,8.100167465049614e-49,2.2440423190433202e-49,6.216817061357487e-50,1.7222854509652167e-50,4.7713599183160643e-51,1.3218410140638693e-51,3.661982529873898e-52,1.0145029475120887e-52,2.810543802747622e-53,7.786233136665129e-54,2.1570710408154437e-54,5.9758748466110036e-55,1.6555356549062997e-55,4.586438596886569e-56,1.2706110521190424e-56,3.5200568189509983e-57,9.751843404776663e-58,2.701616896616632e-58,7.484465811365883e-59,2.0734704669510303e-59,5.744270714403223e-60
Zn81,0.25332669008092995,0.029037699881983667,0.003328461024642856,0.0003815265271558328,4.3732670998966955e-05,5.0128795157740435e-06,5.746038480078341e-07,6.58642564830183e-08,7.549723687199662e-09,8.653908932800206e-10,9.919586851128509e-11,1.137037656175592e-11,1.3033351599862264e-12,1.4939545141977201e-13,1.7124529123539747e-14,1.9629078055327625e-15,2.249992992639441e-16,2.5790658392906803e-17,2.956267252900752e-18,3.388636279629445e-19,3.884241461712797e-20,4.452331406467319e-21,5.10350737677209e-22,5.849921123781093e-23,6.705501653669599e-24,7.686215160163284e-25,8.81036297351346e-26,1.0098923086015716e-26,1.1575941627361765e-27,1.3268981595239994e-28,1.5209637215054303e-29,1.7434123527351297e-30,1.998395220538854e-31,2.2906706214437736e-32,2.6256927768926205e-33,3.009713615779792e-34,3.449899443197776e-35,3.954464672577379e-36,4.5328251168293665e-37,5.195773699090271e-38,5.95568186205284e-39,6.826730434428971e-40,7.825174262799682e-41,8.96964554721055e-42,1.0281501541131068e-42,1.1785223104290304e-43,1.3508871545879145e-44,1.548461228337965e-45,1.7749315089144828e-46,2.0345242126074346e-47,2.3320836611985212e-48,2.6731626830132456e-49,3.064126235583743e-50,3.51227018364975e-51,4.025957449042542e-52,4.614774073177471e-53,5.289708104474791e-54,6.063354648969873e-55,6.950150910611514e-56,7.966645607391732e-57,9.131807790946194e-58,1.0467380832581967e-58,1.1998288181550927e-59,1.3753098467521284e-60,1.576455862663624e-61,1.8070204999953129e-62,2.0713063808117848e-63,2.3742454074000513e-64,2.7214907976824624e-65,3.1195225812739035e-66,3.575768524870553e-67,4.0987427435878765e-68,4.698204584907365e-69,5.385340750203469e-70,6.1729740524643206e-71,7.075802705884133e-72,8.110674612767882e-73,9.296901766282032e-74,1.0656620636196591e-74,1.2215205262863268e-75,1.4001740768275753e-76,1.6049566120515672e-77,1.8396896280241968e-78,2.1087535339248576e-79,2.4171693959140427e-80,2.770692636454711e-81,3.1759204376329754e-82,3.640414852757236e-83,4.172843923650906e-84,4.783143437062404e-85,5.482702338767638e-86,6.284575265422039e-87,7.203726160270103e-88,8.257307518883679e-89,9.464980476000832e-90,1.084928170668255e-90,1.2436043988617975e-91,1.4254878273792279e-92,1.6339726265572423e-93,1.8729493812984344e-94,2.1468776942104408e-95,2.460869407321119e-96,2.820783995390186e-97,3.233337910974786e-98,3.706229921763532e-99,4.2482847791291114e-100,4.8696178989328216e-101,5.5818241277290416e-102,6.398194116981151e-103,7.333962343100068e-104,8.406591401666958e-105,9.636097881122785e-106,1.1045425897131955e-106,1.2660875258234475e-107,1.4512592252888744e-108,1.6635132216599708e-109,1.906810437733278e-110,2.185691101282855e-111,2.505359471341061e-112,2.8717809561260894e-113,3.2917934349572526e-114,3.7732348615629898e-115
Zn82,700513.9317013302,1.1386189270419675,1.8507170269540844e-06,3.0081649202477375e-12,4.889486645239357e-18,7.947396598190881e-24,1.2917739073984943e-29,2.099655915265919e-35,3.412791462392645e-41,5.547168696117058e-47,9.016396367098276e-53,1.4655296765272087e-58,2.3820794310012792e-64,3.871844089193392e-70,6.293315183331419e-76,1.0229186683237732e-81,1.6626572347380492e-87,2.7024915722349343e-93,4.392643622154328e-99,7.139825407594547e-105,1.1605108730840184e-110,1.8863003080070712e-116,3.0660021672455005e-122,4.983495602291378e-128,8.100199237748574e-134,1.316610526576046e-139,2.1400254830925178e-145,3.478408364389488e-151,5.6538227441900354e-157,9.189752402268905e-163,1.4937070551387717e-168,2.427879086296688e-174,3.946287083131712e-180,6.414315206383033e-186,1.0425860739504488e-191,1.6946247364235026e-197,2.7544517129574815e-203,4.4770999006108764e-209,7.277101074510404e-215,1.1828237301878144e-220,1.9225677400523716e-226,3.124951436764947e-232,5.0793120464370705e-238,8.255939776071894e-244,1.3419246733214178e-249,2.181171226669944e-255,3.5452868664211206e-261,5.7625274034114345e-267,9.366441511287088e-273,1.522426193278063e-278,2.4745593202990478e-284,4.022161374203623e-290,6.537641667115301e-296,1.0626316199474881e-301,1.7272068694007687e-307,2.8074108785e-313,4.5632e-319,0.0,0.0,0.0,0.0,0.0,0.0,0.0,0.0,0.0,0.0,0.0,0.0,0.0,0.0,0.0,0.0,0.0,0.0,0.0,0.0,0.0,0.0,0.0,0.0,0.0,0.0,0.0,0.0,0.0,0.0,0.0,0.0,0.0,0.0,0.0,0.0,0.0,0.0,0.0,0.0,0.0,0.0,0.0,0.0,0.0,0.0,0.0,0.0,0.0,0.0,0.0,0.0,0.0,0.0,0.0,0.0,0.0,0.0,0.0,0.0,0.0,0.0,0.0,0.0,0.0
Zn83,3389.773919644223,0.00033843335587917527,3.37890192935527e-11,3.373479017321439e-18,3.36806480869941e-25,3.3626592895207875e-32,3.357262445839598e-39,3.3518742637322435e-46,3.3464947292974734e-53,3.341123828656353e-60,3.335761547952222e-67,3.3304078733506504e-74,3.325062791039428e-81,3.3197262872284985e-88,3.314398348149942e-95,3.3090789600579288e-102,3.3037681092287007e-109,3.298465781960524e-116,3.293171964573648e-123,3.2878866434102835e-130,3.2826098048345533e-137,3.2773414352324795e-144,3.272081521011921e-151,3.2668300486025533e-158,3.261587004455834e-165,3.256352375044961e-172,3.2511261468648515e-179,3.245908306432088e-186,3.240698840284895e-193,3.235497734983105e-200,3.23030497710812e-207,3.22512055326287e-214,3.2199444500718015e-221,3.214776654180816e-228,3.209617152257255e-235,3.2044659309898523e-242,3.1993229770887074e-249,3.19418827728525e-256,3.189061818332204e-263,3.1839435870035535e-270,3.1788335700945114e-277,3.173731754421485e-284,3.1686381268220354e-291,3.163552674154847e-298,3.1584753832997065e-305,3.15340624116e-312,3.14833e-319,0.0,0.0,0.0,0.0,0.0,0.0,0.0,0.0,0.0,0.0,0.0,0.0,0.0,0.0,0.0,0.0,0.0,0.0,0.0,0.0,0.0,0.0,0.0,0.0,0.0,0.0,0.0,0.0,0.0,0.0,0.0,0.0,0.0,0.0,0.0,0.0,0.0,0.0,0.0,0.0,0.0,0.0,0.0,0.0,0.0,0.0,0.0,0.0,0.0,0.0,0.0,0.0,0.0,0.0,0.0,0.0,0.0,0.0,0.0,0.0,0.0,0.0,0.0,0.0,0.0,0.0,0.0,0.0,0.0,0.0,0.0,0.0,0.0,0.0,0.0
Zr103,812895960391.5426,477400606216.3369,280127350281.7526,164360261746.1125,96435187020.53804,56581442054.889984,33198042638.097363,19478295198.932133,11428504622.429567,6705449145.715688,3934289719.535328,2308366712.0387383,1354388531.8841755,794660694.8248985,466251452.2484111,273563821.8166228,160508164.0947791,94174992.03657885,55255314.73808794,32419963.525128562,19021772.655765306,11160649.0453689,6548290.181364399,3842079.8042338295,2254264.3672253597,1322645.0506681555,776035.8347899488,455323.6838363441,267152.16974279896,156746.25399880964,91967.76566072257,53960.26829891468,31660.12063000875,18575.94985914602,10899.071333368194,6394.81463023874,3752.031058822135,2201.4300461185335,1291.6455572931297,757.8474949120645,444.65203499643286,260.89079076445387,153.07251367071365,89.81227115305013,52.69557451065925,30.918086552743144,18.14057603432243,10.643624348992454,6.2449361623425625,3.6640928308810183,2.1498340294126477,1.2613726145440838,0.7400854442500694,0.4342305029262076,0.2547761628559141,0.14948487663155755,0.0877072960479012,0.05146052198306612,0.030193443899163494,0.01771540628351814,0.010394164403313035,0.0060985704710377125,0.0035782156551572744,0.002099447294348305,0.0012318091938907157,0.0007227396916504638,0.00042405322551387773,0.00024880484653898023,0.0001459813248355064,8.565165629677915e-05,5.025441599908835e-05,2.9485785057777033e-05,1.73002014487483e-05,1.0150551175110448e-05,5.955635225622809e-06,3.494351225739549e-06,2.050241498387033e-06,1.2029386659089118e-06,7.058004801274124e-07,4.1411447804090003e-07,2.429734829482254e-07,1.4255988753467567e-07,8.364419560232416e-08,4.907657812411015e-08,2.8794711970485658e-08,1.6894727977293422e-08,9.912647631943898e-09,5.8160500250223285e-09,3.4124523688863123e-09,2.0021889632686063e-09,1.1747447909266828e-09,6.892582813744321e-10,4.0440866996182e-10,2.372787919416283e-10,1.3921864017058269e-10,8.16837847678953e-11,4.792634582432667e-11,2.811983590867761e-11,1.6498757790325736e-11,9.680319953070284e-12,5.679736352560911e-12,3.332473016490566e-12,1.955262659442014e-12,1.1472117098893484e-12,6.731037904047249e-13,3.949303417595933e-13,2.3171757025549856e-13,1.3595570329158594e-13,7.976932106239852e-14,4.680307209406952e-14,2.74607772545683e-14,1.6112068154615166e-14,9.453437454170319e-15,5.546617531797837e-15,3.2543681801666094e-15,1.9094361908613663e-15,1.1203239354388316e-15,6.573279203171233e-16,3.856741618746084e-16,2.262866897026384e-16,1.3276924149569117e-16,7.789972759999955e-17
Zr104,124732711539.3977,70080812878.75076,39333162449.52016,22075025831.34171,12389190095.208754,6953197861.307672,3902350357.1862645,2190120087.581165,1229163339.7750797,689844600.0353652,387162191.3854281,217287433.18521643,121948448.66248204,68441252.73692004,38411354.36797139,21557643.751105182,12098818.480794642,6790232.287038029,3810889.0207025716,2138789.148028756,1200354.8239991087,673676.3672220387,378088.0775248333,212194.75896993862,119090.28189695555,66837.1608758987,37511.08824997217,21052.38647568871,11815.252422651041,6631.086217810582,3721.571309279861,2088.6612773718343,1172.2215078116303,657.8870773652721,369.22663820784504,207.22144430658068,116.29910341499566,65.27066491786982,36.63192211911345,20.558971167664755,11.538332443995158,6.475670134580646,3.6343469817186143,2.039708278683432,1.1447475662222952,0.6424678489895236,0.3605728888748487,0.2023646917056452,0.1135733431787067,0.06374088370885725,0.035773361444446726,0.020077120280922612,0.011267902777339021,0.006323896615801412,0.0035491669743345842,0.001991902615901789,0.0011179175451389602,0.0006274100087788316,0.0003521219617918444,0.00019762176924379414,0.00011091146794795576,6.224695674693091e-05,3.4934923285592506e-05,1.9606562774338488e-05,1.1003811305995138e-05,6.175680288868567e-06,3.4659833733736174e-06,1.945217398341591e-06,1.0917163526747658e-06,6.127050866980778e-07,3.4386910331234805e-07,1.929900090271427e-07,1.0831198041792554e-07,6.078804369817471e-08,3.411613602108643e-08,1.914703395931493e-08,1.0745909478510877e-08,6.03093778209821e-09,3.3847493880601733e-09,1.89962636556796e-09,1.066129250658951e-09,5.983448112285916e-10,3.358096712034649e-10,1.8846680569056905e-10,1.0577341837688041e-10,5.936332392399874e-11,3.331653908309222e-11,1.8698275350893486e-11,1.0494052225108278e-11,5.889587677830283e-12,3.305419324277513e-12,1.8551038726249608e-12,1.0411418463466318e-12,5.843211047154214e-13,3.279391320346337e-13,1.8404961493219634e-13,1.0329435388367228e-13,5.797199601953002e-14,3.2535682698332244e-14,1.826003452235692e-14,1.0248097876082303e-14,5.751550466631136e-15,3.2279485588647587e-15,1.8116248756103132e-15,1.0167400843228826e-15,5.706260788236538e-16,3.2025305862757196e-16,1.79735952082223e-16,1.0087339246452371e-16,5.661327736282229e-17,3.177312763509008e-17,1.783206496323918e-17,1.0007908082111624e-17,5.6167485025694684e-18,3.152293514516366e-18,1.7691649175881965e-18,9.92910238596565e-19,5.572520301012244e-19,3.1274712756598824e-19,1.7552339070529589e-19,9.850917232863644e-20,5.528640367463114e-20
Zr105,86699072888.5202,27308496751.675423,8601637474.611872,2709346029.457023,853390523.4905007,268801171.08162206,84667063.42053221,26668453.85907822,8400036.596300706,2645845.731891638,833389.1830961957,262501.1436343975,82682.67912161384,26043.411971756184,8203.160738574947,2583.83372255044,813.8566241173831,256.34877308046794,80.74480382970157,25.433019503668312,8.010899158764644,2.523275119678181,0.7947818594896369,0.250340598711396,0.07885234748994337,0.024836933109051218,0.007823143709731145,0.002464135859060739,0.000776154159657853,0.00024447324092909914,7.70042455956483e-05,2.4254817489307972e-05,7.639788779034357e-06,2.4063826748640113e-06,7.579630465408753e-07,2.3874339934482444e-07,7.519945858950062e-08,2.3686345204402442e-08,7.460731229525794e-09,2.349983080921903e-09,7.401982876375792e-10,2.331478509226818e-10,7.343697127880973e-11,2.3131196488674412e-11,7.285870341333823e-12,2.2949053524628092e-12,7.228498902710778e-13,2.2768344816668253e-13,7.171579226446296e-14,2.258905907097123e-14,7.115107755208857e-15,2.2411185082644763e-15,7.059080959678534e-16,2.2234711735027724e-16,7.003495338326496e-17,2.2059627998995458e-17,6.948347417196179e-18,2.1885922932270365e-18,6.893633749686094e-19,2.171358567873811e-19,6.839350916334506e-20,2.1542605467769098e-20,6.78549552460567e-21,2.1372971613545346e-21,6.732064208677854e-22,2.120467351439277e-22,6.679053629232945e-23,2.1037700652118357e-23,6.62646047324776e-24,2.0872042591353024e-24,6.574281453787006e-25,2.070768897889928e-25,6.522513309797827e-26,2.0544629543084433e-26,6.471152805906048e-27,2.0382854093118284e-27,6.420196732213912e-28,2.0222352518456475e-28,6.369641904099483e-29,2.0063114788168526e-29,6.319485162017665e-30,1.990513095031093e-30,6.269723371302682e-31,1.974839113130525e-31,6.22035342197218e-32,1.959288553532092e-32,6.171372228532912e-33,1.9438604443663134e-33,6.122776729787806e-34,1.928553821416541e-34,6.074563888644751e-35,1.913367728058697e-35,6.026730691926713e-36,1.8983012152014906e-36,5.979274150183449e-37,1.8833533412271037e-37,5.93219129750468e-38,1.8685231719323324e-38,5.885479191334715e-39,1.8538097804702164e-39,5.839134912288559e-40,1.839212247292104e-40,5.793155563969449e-41,1.8247296600901814e-41,5.747538272787844e-42,1.810361113740458e-42,5.702280187781833e-43,1.7961057102462074e-43,5.657378480438955e-44,1.7819625586818292e-44,5.61283034451942e-45,1.767930775137179e-45,5.568632995880734e-46,1.7540094826623228e-46,5.524783672303698e-47,1.7401978112127328e-47,5.481279633319768e-48,1.7264948975949098e-48,5.4381181600398075e-49,1.7128998854124325e-49,5.395296554984107e-50,1.6994119250124444e-50
Zr106,565793.5440446291,43424.22518561251,3332.776330551596,255.78805429468508,19.631539062518495,1.5067057256676502,0.11563852108233255,0.008875168740852542,0.0006811624659444085,5.227870236153927e-05,4.012350734588868e-06,3.079448741099512e-07,2.3634535404171403e-08,1.8139326572183422e-09,1.3921795493989109e-10,1.0684872396182113e-11,8.200558481985109e-13,6.293866405038887e-14,4.830494704903083e-15,3.7073680298354784e-16,2.845376829560557e-17,2.1838051245641696e-18,1.6760538613120211e-19,1.2863586198331552e-20,9.872704791979302e-22,7.577226008888036e-23,5.815463462091296e-24,4.463324076548428e-25,3.425567358845203e-26,2.6290969530180775e-27,2.0178119605562527e-28,1.5486553675739893e-29,1.1885812426518563e-30,9.122270841942737e-32,7.001273646898114e-33,5.373424394874785e-34,4.124062446870342e-35,3.165186632551943e-36,2.429256721485447e-37,1.864436099341256e-38,1.4309405579832056e-39,1.0982360195689952e-40,8.428878110623153e-42,6.469099987416572e-43,4.964985149619055e-44,3.8105884255751223e-45,2.924597700003431e-46,2.2446065414620153e-47,1.722718487389962e-48,1.322173366233763e-49,1.014758025280426e-50,7.788190839180548e-52,5.97737736843556e-53,4.587591770985028e-54,3.5209418713207054e-55,2.7022961675941595e-56,2.073991802271632e-57,1.591772969770181e-58,1.221673675139789e-59,9.376252750070536e-61,7.196202834046151e-62,5.523031066792033e-63,4.238884432277572e-64,3.253311635026101e-65,2.4968919921483576e-66,1.916345656325227e-67,1.4707807490530667e-68,1.1288130638880842e-69,8.66355460543514e-71,6.649212416343716e-72,5.103220072038645e-73,3.916682679537348e-74,3.0060242348238855e-75,2.3071007890319858e-76,1.7706823481627223e-77,1.3589852654034116e-78,1.0430108785462741e-79,8.005029344029996e-81,6.143799275429926e-82,4.715319321711643e-83,3.618971797243692e-84,2.777533391840595e-85,2.1317358009435868e-86,1.6360910505609479e-87,1.2556874658392357e-88,9.637306012554486e-90,7.396559232001597e-91,5.676803081819619e-92,4.3569032869133056e-93,3.343890210373718e-94,2.566410361372725e-95,1.969700477165239e-96,1.5117301691650658e-97,1.1602414330796355e-98,8.904764954040541e-100,6.834339528475196e-101,5.245303725763673e-102,4.025730805570425e-103,3.0897178440432743e-104,2.371334998999457e-105,1.8199816168718718e-106,1.3968220800305043e-107,1.0720503466481456e-108,8.227905058053709e-110,6.31485469465222e-111,4.846603057911814e-112,3.7197310685315446e-113,2.8548653679429447e-114,2.191087505768939e-115,1.681643033624379e-116,1.2906482671694902e-117,9.905627509766061e-119,7.60249394495554e-120,5.83485641127754e-121,4.478208017885596e-122,3.4369906708747896e-123,2.6378642583150574e-124,2.0245408008410473e-125,1.5538197014308086e-126,1.1925448296974522e-127,9.152691071741137e-129,7.0246209424246795e-130
Zr107,29146.99662157928,286.89777038082156,2.823972969302369,0.02779674209654834,0.0002736070350464084,2.693150491049177e-06,2.650903901724668e-08,2.6093200211182536e-10,2.56838845353049e-12,2.5280989663359433e-14,2.488441487425102e-16,2.4494061026864054e-18,2.4109830535277882e-20,2.373162734437096e-22,2.3359356905807623e-24,2.2992926154401775e-26,2.263224348485093e-28,2.2277218728835823e-30,2.1927763132478595e-32,2.1583789334155138e-34,2.1245211342655113e-36,2.0911944515684798e-38,2.0583905538706996e-40,2.0261012404113013e-42,1.9943184390721213e-44,1.9630342043597288e-46,1.9322407154191087e-48,1.9019302740784895e-50,1.8720953029248583e-52,1.842728343409649e-54,1.8138220539841627e-56,1.7853692082642217e-58,1.757362693223626e-60,1.7297955074159353e-62,1.7026607592241582e-64,1.675951665137896e-66,1.649661548057502e-68,1.6237838356248525e-70,1.5983120585803044e-72,1.5732398491454191e-74,1.5485609394310556e-76,1.5242691598704436e-78,1.5003584376768352e-80,1.4768227953253387e-82,1.4536563490585825e-84,1.4308533074158126e-86,1.4084079697850664e-88,1.3863147249780562e-90,1.3645680498274041e-92,1.3431625078058948e-94,1.3220927476673722e-96,1.3013535021089661e-98,1.2809395864542982e-100,1.2608458973573487e-102,1.2410674115266533e-104,1.2215991844695115e-106,1.2024363492558995e-108,1.1835741153017595e-110,1.1650077671713997e-112,1.1467326633986515e-114,1.1287442353265428e-116,1.11103798596516e-118,1.0936094888674298e-120,1.0764543870225384e-122,1.0595683917667037e-124,1.0429472817110387e-126,1.026586901686232e-128,1.010483161703784e-130,9.946320359335341e-133,9.790295616972304e-135,9.636718384778857e-137,9.485550269446737e-139,9.336753479931206e-141,9.190290818003554e-143,9.046125668951763e-145,8.904221992427096e-147,8.764544313434207e-149,8.627057713462636e-151,8.491727821757434e-153,8.358520806726676e-155,8.227403367483765e-157,8.098342725522484e-159,7.971306616522504e-161,7.846263282283589e-163,7.723181462786213e-165,7.602030388376754e-167,7.482779772075296e-169,7.365399802004098e-171,7.24986113393477e-173,7.136134883952453e-175,7.024192621235012e-177,6.9140063609455e-179,6.80554855723617e-181,6.698792096362142e-183,6.593710289903196e-185,6.490276868091773e-187,6.388465973245789e-189,6.288252153304304e-191,6.189610355464741e-193,6.092515919919787e-195,5.996944573692637e-197,5.902872424568906e-199,5.8102759551237245e-201,5.719132016842528e-203,5.6294178243340876e-205,5.5411109496343176e-207,5.45418931659942e-209,5.3686311953869946e-211,5.284415197023713e-213,5.201520268058243e-215,5.119925685297979e-217,5.0396110506284074e-219,4.960556285913718e-221,4.8827416279773646e-223,4.806147623661449e-225,4.730755124963508e-227,4.6565452842496754e-229,4.583499549542877e-231,4.511599659884959e-233,4.440827640771576e-235,4.371165799658678e-237,4.302596721539478e-239
Zr108,30.934062214086257,0.005340255177568375,9.219068968139262e-07,1.5915200643549516e-10,2.7474966550289028e-14,4.7430994044391965e-18,8.188178107228607e-22,1.413553775679831e-25,2.4402672371949665e-29,4.2127185335154374e-33,7.272563091501517e-37,1.2554879586444651e-40,2.1673926983778284e-44,3.7416456897391964e-48,6.459333593779315e-52,1.115097311061385e-55,1.9250314217148238e-59,3.3232489557903683e-63,5.7370407036388806e-67,9.904053675503664e-71,1.7097713660117683e-74,2.9516380058239993e-78,5.0955157459133065e-82,8.796566742134121e-86,1.5185820299128657e-89,2.621581179539603e-93,4.52572712276241e-97,7.812920747815402e-101,1.3487717875130242e-104,2.328431829159086e-108,4.019653163889133e-112,6.939267603037043e-116,1.1979499947694378e-119,2.068062902402002e-123,3.5701691948456825e-127,6.16330773354176e-131,1.0639933332341007e-134,1.8368088404958786e-138,3.1709472335401283e-142,5.474116922902711e-146,9.450159172833372e-150,1.631413973242858e-153,2.816366902838172e-157,4.861992517837468e-161,8.393427440041836e-165,1.448986684631552e-168,2.5014363050585592e-172,4.318316831086751e-176,7.4548611195640856e-180,1.2869587037225864e-183,2.2217217444074496e-187,3.835435818799108e-191,6.6212467682583784e-195,1.1430489476916547e-198,1.9732853079612238e-202,3.406551324402268e-206,5.88084849107632e-210,1.015231408000671e-213,1.7526294264424856e-217,3.0256253719349894e-221,5.223242719300064e-225,9.017066275879746e-229,1.556647634297633e-232,2.6872951614498417e-236,4.6391714641381444e-240,8.008763675242214e-244,1.3825808358604176e-247,2.3867975697643257e-251,4.120411979736154e-255,7.113211064828428e-259,1.2279784619021902e-262,2.1199020936573896e-266,3.659661000675541e-270,6.317800562552792e-274,1.0906639697180834e-277,1.882851291463617e-281,3.2504319242181982e-285,5.611334119628735e-289,9.687042010480791e-293,1.672307884582505e-296,2.8869634897949754e-300,4.983865870781278e-304,8.603821664437611e-308,1.4853077741805e-311,2.56413867e-315,4.4266e-319,7.4e-323,-0.0,0.0,0.0,0.0,0.0,0.0,0.0,0.0,0.0,0.0,0.0,0.0,0.0,0.0,0.0,0.0,0.0,0.0,0.0,0.0,0.0,0.0,0.0,0.0,0.0,0.0,0.0,0.0,0.0,0.0,0.0,0.0,0.0,0.0,0.0
Zr109,56225.395766868765,150.3233948803501,0.4019024275444796,0.001074520445701164,2.8728221306950078e-06,7.680735185290538e-09,2.0535101131474517e-11,5.490234571391938e-14,1.4678610763064123e-16,3.9244518814597084e-19,1.049235708916478e-21,2.8052212286419552e-24,7.499998403361525e-27,2.0051885917623973e-29,5.36104285933173e-32,1.4333205693301355e-34,3.83210488774371e-37,1.0245459518893457e-39,2.739211055757117e-42,7.323514571645487e-45,1.9580041329191924e-47,5.234891181034743e-50,1.3995928413296299e-52,3.7419309279967756e-55,1.0004371740424659e-57,2.6747541803020103e-60,7.15118361319449e-63,1.911929980191568e-65,5.1117080009114725e-68,1.3666587666544281e-70,3.653878868159848e-73,9.768957042486799e-76,2.6118140513512345e-78,6.982907805989534e-81,1.866940006763608e-83,4.99142346668943e-86,1.3344996697032383e-88,3.5678987774187576e-91,9.53908193078616e-94,2.550354978065883e-96,6.818591727526317e-99,1.8230087006142753e-101,4.873969369802719e-104,1.3030973143337444e-106,3.483941899890417e-109,9.314616052307614e-112,2.4903421094546863e-114,6.658142200704858e-117,1.7801111500505483e-119,4.759279106713618e-122,1.2724338935216257e-124,3.401960626975328e-127,9.095432121396616e-130,2.4317414146114215e-132,6.501468240992551e-135,1.7382230295810104e-137,4.647287641144449e-140,1.2424920192629066e-142,3.3219084703606565e-145,8.881405847580662e-148,2.374519663417339e-150,6.348481004830457e-153,1.6973205861218218e-155,4.537931467198052e-158,1.2132547127139034e-160,3.243740035658531e-163,8.67241586508896e-166,2.3186444076976634e-168,6.199093739253593e-171,1.6573806255272906e-173,4.431148573346109e-176,1.1847053945632054e-178,3.167410996664712e-181,8.468343664030897e-184,2.2640839628215626e-186,6.053221732696893e-189,1.6183804994374134e-191,4.326878407264912e-194,1.1568278756302063e-196,3.092878070222974e-199,8.269073523193734e-202,2.2108073897350268e-204,5.9107822669585626e-207,1.5802980924348708e-209,4.2250618414985485e-212,1.1296063476848628e-214,3.0200989916809335e-217,8.074492444421677e-220,2.1587844774165836e-222,5.771694570293932e-225,1.5431118095042728e-227,4.125641139930045e-230,1.1030253744834792e-232,2.9490324909234602e-235,7.884490088539194e-238,2.107985725745813e-240,5.63587977161297e-243,1.5068005637864736e-245,4.028559925041552e-248,1.0770698830154285e-250,2.8796382689700305e-253,7.698958712781992e-256,2.0583823287750133e-258,5.503260855755702e-261,1.4713437646210618e-263,3.9337631459448704e-266,1.0517251549558485e-268,2.811876975122801e-271,7.517793109700494e-274,2.009946158394503e-276,5.373762619819908e-279,1.4367213058702143e-281,3.841197047164306e-284,1.0269768183194637e-286,2.745710184652381e-289,7.340890547500813e-292,1.962649748382286e-294,5.247311630516624e-297,1.4029135545173123e-299,3.750809138154089e-302,1.002810839310813e-304,2.681100377008691e-307
Zr110,1135.603884620849,0.9627027664950283,0.0008161266698436979,6.918674843484049e-07,5.86527353640171e-10,4.972257612194803e-13,4.2152076298894477e-16,3.5734221250928456e-19,3.0293515302917513e-22,2.568118283490657e-25,2.1771100026030384e-28,1.8456346009856392e-31,1.5646279132807405e-34,1.3264058366211205e-37,1.1244542095209922e-40,9.532506827099012e-44,8.081137109833793e-47,6.850745367659683e-50,5.807686647885119e-53,4.923438602644416e-56,4.173821547833736e-59,3.538337271801129e-62,2.999608513573132e-65,2.5429037831999278e-68,2.155734530473707e-71,1.8275136466346303e-74,1.54926596082399e-77,1.3133828148358292e-80,1.1134140050354192e-83,9.438914021149062e-87,8.001794255840187e-90,6.783482842341053e-93,5.7506651634726106e-96,4.875098911721374e-99,4.132841805853844e-102,3.5035968913669196e-105,2.970157522073335e-108,2.5179368458929634e-111,2.1345689286808342e-114,1.8095706088584465e-117,1.5340548362933425e-120,1.3004876567041333e-123,1.1024821963511633e-126,9.346240135424892e-130,7.923230412076751e-133,6.716880719222395e-136,5.694203531869284e-139,4.827233833341958e-142,4.092264414389783e-145,3.4691976016597986e-148,2.9409956886074637e-151,2.493215040927462e-154,2.11361113665903e-157,1.7918037408226317e-160,1.51899305881823e-163,1.2877191068250834e-166,1.0916577192080647e-169,9.25447614771185e-173,7.845437930004131e-176,6.650932514291031e-179,5.63829625628436e-182,4.779838707628051e-185,4.052085423052156e-188,3.4351360537560344e-191,2.91212017414143e-194,2.4687359615258457e-197,2.0928591140740998e-200,1.774211312843618e-203,1.5040791620676777e-206,1.2750759221236058e-209,1.0809395197951735e-212,9.163613124377964e-216,7.76840923617852e-219,6.58563180719617e-222,5.582937893896144e-225,4.732908920453569e-228,4.0123009202376196e-231,3.4014089316125833e-234,2.8835281675155797e-237,2.44449722454095e-240,2.0723108406244226e-243,1.7567916122203634e-246,1.489311694107562e-249,1.2625568717294822e-252,1.0703265546481438e-255,9.073642219504106e-259,7.692136831514253e-262,6.520972240623765e-265,5.528123055322036e-268,4.6864399029951716e-271,3.9729070327480216e-274,3.3680129517442283e-277,2.8552168851710196e-280,2.4204964702240267e-283,2.0519643158442747e-286,1.7395429430676085e-289,1.4746892172592556e-292,1.2501607368575288e-295,1.0598177905476585e-298,8.984554674022884e-302,7.616613290553789e-305,6.45694751967768e-308,5.473846404094e-311,4.6404271314e-314,3.9339e-317,3.335e-320,3e-323,0.0,0.0,0.0,0.0,0.0,0.0,0.0,0.0,0.0,0.0,0.0,0.0,0.0,0.0,0.0
