Ag120,160418280201.8363,655394803345.312,509246636836.6311,323352091353.16907,192359037232.88623,111559495501.8006,64015613919.485466,36566354615.26495,20845597449.055534,11873247418.54257,6760194365.815762,3848364616.7727466,2190591267.2870684,1246902472.7842398,709737037.8090878,403979894.57900274,229943346.14469758,130882451.57630688,74497511.62425515,42403529.93585987,24135828.553279176,13737964.618052255,7819564.5004891595,4450847.716568617,2533394.9633497917,1441992.7255134212,820773.3294639674,467179.09613831795,265915.448276593,151357.42633234736,86151.7097024791,49037.01961920496,27911.567877479898,15887.091577487796,9042.834135981087,5147.125187262199,2929.711780063457,1667.5738012906847,949.1726802869074,540.2632113227662,307.5144739949293,175.03533413805275,99.62902818462092,56.708225832752554,32.27797094576968,18.372421162472833,10.457468343917636,5.952326217483703,3.3880272197956094,1.9284441112047286,1.0976584451008473,0.6247803890715392,0.35562112814840224,0.20241734375414508,0.11521469847929176,0.06557949284127133,0.037327441186606435,0.021246548351814783,0.012093403740408994,0.006883490513697789,0.0039180401704313715,0.002230124200297237,0.0012693728834852194,0.0007225191839597183,0.0004112534448951743,0.00023408291391135904,0.00013323854490556196,7.58385546040915e-05,4.3166835606876085e-05,2.457029549203112e-05,1.3985260028408501e-05,7.960323396421315e-06,4.5309667783719846e-06,2.5789982296372572e-06,1.4679498203829148e-06,8.35547946640242e-07,4.7558871661744873e-07,2.707021521425857e-07,1.540819885211278e-07,8.770251362508503e-08,4.991972760725068e-08,2.841399979748516e-08,1.6173072714728133e-08,9.20561282818881e-09,5.239777810764568e-09,2.9824490795560135e-09,1.6975915455557439e-09,9.662585944204435e-10,5.499884078332392e-10,3.130499956198281e-10,1.7818611876505017e-10,1.0142243528126588e-10,5.772902204546012e-11,3.285900182817645e-11,1.8703140342371575e-11,1.0645711652947677e-11,6.05947314317888e-12,3.4490145863324752e-12,1.963157742538245e-12,1.1174172290718005e-12,6.360269665401968e-13,3.6202261039267676e-13,2.060610278027337e-13,1.1728866087414385e-13,6.675997939221876e-14,3.799936682056529e-14,2.1629004261379062e-14,1.2311095275555282e-14,7.0073991873232936e-15,3.9885682200834334e-15,2.270268329373766e-15,1.2922226731400212e-15,7.355251427207957e-16,4.1865635607511575e-16,2.382966051082061e-16,1.3563695183910649e-16,7.72037129771537e-17,4.3943875298296446e-17,2.501258167212336e-17,1.4237006583006003e-17,8.103615976213197e-18,4.612528027367986e-18
Ag120_m1,158242648998.31247,18138643617.358776,2079151191.9208257,238323756.17815113,27317981.00088609,3131337.378750118,358931.12961897184,41142.662136577135,4715.998440930622,540.5737047600384,61.96353411438542,7.1026014142677525,0.8141392767693427,0.0933211260661518,0.010696981239884253,0.001226146880882297,0.00014054770591648286,1.6110351823569488e-05,1.8466572199578708e-06,2.1167401713930823e-07,2.4263241194765053e-08,2.7811862846062123e-09,3.187948834861592e-10,3.654202463872126e-11,4.188648042574014e-12,4.801258988252129e-13,5.503467380874964e-14,6.308377299884207e-15,7.231009362567977e-16,8.288581027407087e-17,9.500827893202282e-18,1.0890371989822763e-18,1.2483143933337968e-19,1.4308866823470978e-20,1.6401610913500082e-21,1.88004294034368e-22,2.1550087221169403e-23,2.4701896391532084e-24,2.8314673582322245e-25,3.2455837696262487e-26,3.7202667991334106e-27,4.2643746207567984e-28,4.8880609612167127e-29,5.602964581083298e-30,6.422426468482436e-31,7.361738798478867e-32,8.438430304027273e-33,9.67259338386729e-34,1.1087259051601322e-34,1.2708826722970004e-35,1.456755686168883e-36,1.6698135677228266e-37,1.9140322412498104e-38,2.1939691300627192e-39,2.5148482036671855e-40,2.882657463511017e-41,3.304260686517156e-42,3.787525511673094e-43,4.341470259931335e-44,4.976432227262338e-45,5.704260591416986e-46,6.5385375322780585e-47,7.49483169218059e-48,8.590988706085136e-49,9.847464223257172e-50,1.128770563505022e-50,1.2938589632306501e-51,1.4830923757738881e-52,1.7000021312883454e-53,1.9486360348099644e-54,2.2336339033188195e-55,2.5603141504779864e-56,2.9347730348280584e-57,3.363998423531717e-58,3.856000194640905e-59,4.4199597113546376e-60,5.06640115764244e-61,5.8073879325686826e-62,6.656747768279372e-63,7.63033077263232e-64,8.746305211866076e-65,1.0025496552979103e-65,1.1491776092770413e-66,1.3172506425841563e-67,1.5099052064545275e-68,1.7307364739682324e-69,1.9838654304383314e-70,2.2740157761074066e-71,2.6066020762521255e-72,2.987830803686113e-73,3.4248161592395343e-74,3.9257128315691837e-75,4.4998681737617476e-76,5.15799663653443e-77,5.912379713172708e-78,6.777095127425809e-79,7.76827954129018e-80,8.904429685134032e-81,1.0206747529624505e-81,1.1699535940793704e-82,1.3410652201657735e-83,1.5372027863664716e-84,1.762026462904426e-85,2.01973173839623e-86,2.315127712872678e-87,2.653726841549287e-88,3.041847804076822e-89,3.4867334189396215e-90,3.9966858034305976e-91,4.581221301455711e-92,5.251248070312816e-93,6.019269640434474e-94,6.899618246771926e-95,7.908722286073228e-96,9.06541289114005e-97,1.039127534311897e-97,1.1911051879616372e-98,1.365310341553602e-99,1.5649938792922544e-100,1.7938821436269504e-101,2.0562464734232205e-102,2.3569829124430503e-103
Ag121,933997856607.546,392786444224.3611,162283831841.27942,66800094507.29202,27474806539.205585,11298446026.989733,4646084332.293927,1910522285.175939,785627018.1289257,323058044.83199733,132844836.11547233,54627180.72163997,22463265.796373315,9237128.90180461,3798403.6296691652,1561943.1412916172,642287.2907856159,264115.2248109102,108606.93178526315,44660.301731006904,18364.781307404428,7551.789383335768,3105.374462981995,1276.9623285072425,525.100211863271,215.92667719585626,88.79129901586066,36.51190711267648,15.01407655683224,6.173944684915015,2.5387903696977423,1.043977047124892,0.4292942371029107,0.17653026234371114,0.0725910828280443,0.029850209455238568,0.01227471708380933,0.005047491533132914,0.0020755810991891187,0.0008535005697448236,0.00035096832537130537,0.00014432183150242766,5.934664054421267e-05,2.4403956818028203e-05,1.0035161264646552e-05,4.126562850376295e-06,1.6968856313347443e-06,6.977770484139712e-07,2.8693319119587983e-07,1.1798991726223547e-07,4.8518683103640484e-08,1.9951387921389287e-08,8.204218551016093e-09,3.3736601332219323e-09,1.3872841908973047e-09,5.704657109237582e-10,2.3458144299132967e-10,9.646233304151895e-11,3.966631621477766e-11,1.6311202439749294e-11,6.707336360399522e-12,2.7581265831085447e-12,1.1341703829501835e-12,4.663826763569335e-13,1.9178141492291985e-13,7.886251564303061e-14,3.2429087959575656e-14,1.3335178789504334e-14,5.483564433563959e-15,2.2548988185081018e-15,9.272378839186161e-16,3.81289877096445e-16,1.5679036943769032e-16,6.447383323053512e-17,2.6512311861672286e-17,1.0902138821764226e-17,4.483073053347885e-18,1.8434863406372958e-18,7.58060787249137e-19,3.11722492593095e-19,1.28183536232058e-19,5.2710405413071913e-20,2.1675067801067096e-20,8.913013673469972e-21,3.665124071240582e-21,1.507137198450793e-21,6.197505161633591e-22,2.5484786831587867e-22,1.0479609825452418e-22,4.3093247284923936e-23,1.7720392194844276e-23,7.286809867516167e-24,2.9964121257304693e-24,1.2321558803461772e-24,5.066753336213895e-25,2.0835017532702127e-25,8.567576252140638e-26,3.523076605096789e-26,1.4487258006345852e-26,5.9573114089770446e-27,2.4497085099183416e-27,1.0073456583994172e-27,4.142310284622314e-28,1.7033611403409923e-28,7.00439845174059e-29,2.880281609625335e-29,1.1844018023681032e-29,4.8703835929268286e-30,2.0027524692062775e-30,8.235526784249546e-31,3.386534404871876e-31,1.3925782255137164e-31,5.726426731070818e-32,2.354766325189784e-32,9.683044430066286e-33,3.981768739922882e-33,1.6373447847660583e-33,6.732932320555944e-34,2.768651908563284e-34,1.1384985064216674e-34,4.681624458153661e-35,1.9251327466445457e-35
Ag122,120944533312.30719,33268566204.973625,8986165975.94649,2424163060.677948,653898050.3783664,176382483.70070007,47577394.996968456,12833521.690213276,3461712.8241972323,933762.0616844657,251872.88260496946,67940.1654811832,18326.173257949362,4943.300092096433,1333.405259055802,359.6725976074812,97.01804953230524,26.169638714942913,7.058995658767567,1.9040927638808647,0.513609786536752,0.1385410510613301,0.03737004888205077,0.0100801931467132,0.002719030263935466,0.0007334309440893603,0.00019783558751907215,5.336415105530073e-05,1.4394440623977332e-05,3.882754935283981e-06,1.0473339173986275e-06,2.8250774329473075e-07,7.620360965652237e-08,2.0555153840952915e-08,5.544545085589372e-09,1.4955850218393727e-09,4.034189501612671e-10,1.0881818617644478e-10,2.935260636119788e-11,7.917569024707144e-12,2.135684255414916e-12,5.760792516735749e-13,1.5539155817033998e-13,4.191530293871498e-14,1.1306229509059608e-14,3.0497411863737136e-15,8.226368743365223e-16,2.2189798598051815e-16,5.985473994455026e-17,1.6145211404236365e-17,4.3550076657081446e-18,1.1747193203924339e-18,3.168686688129794e-19,8.547212217618716e-20,2.3055241455925953e-20,6.218918462037864e-21,1.6774904271295179e-21,4.524860954985196e-22,1.220535529194333e-22,3.292271282688651e-23,8.88056917603304e-24,2.3954438173121323e-24,6.461467692166736e-25,1.7429156315493024e-25,4.701338834180954e-26,1.2681386542004122e-26,3.4206759031811e-27,9.226927667449407e-28,2.488870521208101e-28,6.713476787285817e-29,1.8108925389798124e-29,4.8846996744566815e-30,1.3175983884211702e-30,3.5540885394620793e-31,9.586794775509419e-32,2.5859410379698916e-32,6.975314699486161e-33,1.881520670520186e-33,5.075211923922963e-34,1.3689871430223796e-34,3.6927045133357567e-35,9.960697361046991e-36,2.6867974829847245e-36,7.2473647706672785e-37,1.9549034287750148e-37,5.273154500659196e-38,1.4223801533381272e-38,3.8367267645150145e-39,1.034918283343519e-39,2.7915875144006576e-40,7.530025293766065e-41,2.0311482492401894e-41,5.478817201061657e-42,1.4778555890185762e-42,3.986366147733907e-43,1.0752819952017052e-43,2.900464549304465e-44,7.823710095874777e-45,2.1103667575930628e-45,5.692501124117756e-46,1.5354946684736585e-46,4.141841741447954e-47,1.1172199658793474e-47,3.0135879883307606e-48,8.128849144101501e-49,2.1926749331172068e-49,5.9145191122278675e-50,1.5953817777803188e-50,4.3033811685744256e-51,1.160793594358767e-51,3.1311234490313856e-52,8.44588917506043e-53,2.2781932785010385e-53,6.145196209219944e-54,1.6576045942273185e-54,4.471220929741956e-55,1.2060666742952386e-55,3.2532430083465494e-56,8.775294348913335e-57,2.3670469962589197e-57,6.384870136227618e-58,1.7222542146785504e-58
Ag122_m1,120611007680.10255,3769093990.003208,117784187.18760031,3680755.8496125145,115023.62030039125,3594.4881343872303,112.32775419960102,3.510242318737538,0.10969507246054819,0.00342797101439214,0.00010712409419975448,3.3476279437423327e-06,1.0461337324194803e-07,3.2691679138108796e-09,1.0216149730659006e-10,3.1925467908309456e-12,9.976708721346714e-14,3.1177214754208524e-15,9.742879610690176e-17,3.044649878340684e-18,9.51453086981465e-20,2.973290896817083e-21,9.291534052553406e-23,2.9036043914229467e-24,9.073763723196723e-26,2.8355511634989775e-27,8.861097385934314e-29,2.7690929331044772e-30,8.653415415951505e-32,2.704192317484849e-33,8.450600992140162e-35,2.6408128100438038e-36,8.252540031386903e-38,2.5789187598084135e-39,8.059121124401299e-41,2.518475351375411e-42,7.870235473048177e-44,2.459448585327559e-45,7.68577682914864e-47,2.4018052591089537e-48,7.5056414347155e-50,2.3455129483485983e-51,7.329727963589378e-53,2.2905399886216847e-54,7.157937464442776e-56,2.2368554576383713e-57,6.990173305119922e-59,2.184429157849979e-60,6.826341118281194e-62,2.1332315994628773e-63,6.666348748321507e-65,2.0832339838504743e-66,6.510106199532747e-68,2.0344081873539873e-69,6.3575255854812216e-71,1.9867267454628868e-72,6.2085210795715306e-74,1.9401628373661055e-75,6.0630088667690874e-77,1.8946902708653425e-78,5.920907096454201e-80,1.8502834676419404e-81,5.7821358363810734e-83,1.8069174488690902e-84,5.6466170277159155e-86,1.7645678211612274e-87,5.514274441128848e-89,1.7232107628527677e-90,5.3850336339149044e-92,1.6828230105984096e-93,5.258821908120039e-95,1.6433818462875156e-96,5.1355682696484913e-98,1.6048650842651546e-99,5.015203388328617e-101,1.5672510588526942e-102,4.897659558914677e-104,1.5305186121608376e-105,4.782870663002625e-107,1.4946470821883222e-108,4.670772131838518e-110,1.459616291199538e-111,4.5613009099985625e-113,1.4254065343745533e-114,4.454395419920483e-116,1.3919985687251525e-117,4.3499955272661066e-119,1.3593736022706602e-120,4.2480425070958185e-122,1.3275132834674453e-123,4.148479010835776e-125,1.2963996908861818e-126,4.0512490340193274e-128,1.2660153231310427e-129,3.956297884784514e-131,1.2363430889951634e-132,3.863572153109893e-134,1.2073662978468431e-135,3.773019680771392e-137,1.1790686502410616e-138,3.6845895320033226e-140,1.1514342287510392e-141,3.5982319648470025e-143,1.1244474890146895e-144,3.513898403170912e-146,1.0980932509909122e-147,3.431541409346609e-149,1.0723566904208169e-150,3.3511146575650596e-152,1.0472233304890825e-153,3.272572907778388e-155,1.0226790336807478e-156,3.195871980252342e-158,9.987099938288582e-160,3.120968730715186e-161,9.753027283484969e-163,3.047821026089059e-164,9.524440706528319e-166,2.9763877207901046e-167,9.301211627469089e-169,2.9066286335840954e-170,9.083214479950315e-172
Ag123,99449555342.9826,9897917404.973173,983822637.0924339,97714104.7221412,9700686.741112864,962793.1326648681,95542.37574251673,9480.241837342282,940.6313688825898,93.3266696808368,9.259424611044073,0.9186656498418743,0.09114401551711226,0.009042680632940286,0.0008971504075493273,8.900876080588094e-05,8.83079728385104e-06,8.761266253593596e-07,8.692280365406685e-08,8.623836312644522e-09,8.555930404338623e-10,8.488558739012524e-11,8.421717306047192e-12,8.355402044750643e-13,8.289608878735946e-14,8.224333735884727e-15,8.159572559896303e-16,8.09532131692522e-17,8.031575999352175e-18,7.968332627882313e-19,7.905587252667651e-20,7.84333595386079e-21,7.781574841837236e-22,7.720300057225178e-23,7.659507770823558e-24,7.599194183455765e-25,7.539355525786464e-26,7.479988058117734e-27,7.421088070173847e-28,7.362651880880187e-29,7.304675838139491e-30,7.247156318607311e-31,7.190089727467688e-32,7.133472498209749e-33,7.077301092405517e-34,7.021571999489254e-35,6.966281736538267e-36,6.911426848055369e-37,6.857003905753049e-38,6.803009508339212e-39,6.749440281304695e-40,6.696292876712322e-41,6.64356397298773e-42,6.591250274711752e-43,6.539348512414469e-44,6.487855442370885e-45,6.436767846398225e-46,6.386082531654772e-47,6.335796330440336e-48,6.285906099998282e-49,6.23640872231913e-50,6.187301103945653e-51,6.138580175779591e-52,6.090242892889785e-53,6.042286234321935e-54,5.994707202909761e-55,5.947502825087689e-56,5.900670150705028e-57,5.8542062528415696e-58,5.808108227624705e-59,5.762373194047885e-60,5.7169982937906084e-61,5.671980691039759e-62,5.627317572312397e-63,5.583006146279902e-64,5.539043643593527e-65,5.495427316711336e-66,5.452154439726477e-67,5.409222308196813e-68,5.366628238975924e-69,5.324369570045394e-70,5.282443660348458e-71,5.240847889624934e-72,5.199579658247464e-73,5.15863638705905e-74,5.1180155172118595e-75,5.077714510007303e-76,5.037730846737361e-77,4.998062028527215e-78,4.9587055761790125e-79,4.919659030016967e-80,4.880919949733617e-81,4.842485914237327e-82,4.80435452150095e-83,4.766523388411744e-84,4.728990150622398e-85,4.691752462403286e-86,4.654807996495863e-87,4.618154443967203e-88,4.581789514065726e-89,4.5457109340780025e-90,4.509916449186732e-91,4.4744038223298166e-92,4.439170834060551e-93,4.404215282408923e-94,4.3695349827439676e-95,4.335127767637266e-96,4.300991486727468e-97,4.2671240065859084e-98,4.233523210583271e-99,4.2001869987573e-100,4.1671132876815613e-101,4.1343000103352366e-102,4.101745115973936e-103,4.0694465700015316e-104,4.037402353843014e-105,4.005610464818303e-106,3.97406891601713e-107,3.942775736174826e-108,3.911728969549134e-109,3.880926675797988e-110,3.850366929858236e-111
Ag124,199195335431.74503,3543033037.477849,62979732.07830585,1119505.9738465864,19899.951684772343,353.73467074552764,6.287865381261038,0.11177092414926063,0.0019868013590770566,3.531669502140961e-05,6.277773777275012e-07,1.1159153931197567e-08,1.9836126816035298e-10,3.5260015151624724e-12,6.267700246982556e-14,1.1141277237600324e-15,1.9804871294821074e-17,3.5213622889444557e-19,6.275566608621963e-21,1.1438493704074795e-22,2.5311890943718763e-24,1.3251860689743735e-25,1.7740821127906077e-26,3.0197786313011833e-27,5.290640475218482e-28,9.296805239127011e-29,1.6341434033660884e-29,2.8724987091533904e-30,5.049296325296364e-31,8.875687655067934e-32,1.5601745027353532e-32,2.7424855192586086e-33,4.820759993566337e-34,8.473965223564848e-35,1.4895594617084542e-35,2.6183579132420815e-36,4.602567630280682e-37,8.09042517990896e-38,1.4221405278451775e-38,2.4998484454960587e-39,4.394250869088089e-40,7.724244537812273e-41,1.3577730415811318e-41,2.3867028334224954e-42,4.19536273045571e-43,7.37463759359481e-44,1.2963188913811597e-44,2.2786783036107645e-45,4.005476465605024e-46,7.040854205305265e-47,1.2376462167747814e-47,2.1755430708148285e-48,3.824184640829137e-49,6.722178183158676e-50,1.1816291254267788e-50,2.0770758406180358e-51,3.651098263273517e-52,6.417925752827782e-53,1.128147423013479e-53,1.9830653346078158e-54,3.4858459462848226e-55,6.127444088287395e-56,1.0770863553251353e-56,1.8933098370414202e-57,3.328073112536776e-58,5.850109911063601e-59,1.0283363620409758e-59,1.80761676203005e-60,3.177441233223458e-61,5.5853281528824225e-62,9.817928416486657e-63,1.7258022403126177e-63,3.033627101687372e-64,5.332530678848279e-65,9.373559270037316e-66,1.647690724732582e-66,2.8963221399238796e-67,5.091175068412623e-68,8.949302710473876e-69,1.5731146135712494e-69,2.7652317364738975e-70,4.860743451517186e-71,8.544248422229921e-72,1.5019138909294158e-72,2.6400746142842365e-73,4.640741397414526e-74,8.157527291521565e-75,1.4339357833856703e-75,2.5205822271792294e-76,4.430696853781644e-77,7.788309541513981e-78,1.3690344321946944e-78,2.4064981836486043e-79,4.2301591338503594e-80,7.435802951892255e-81,1.307070580322179e-81,2.2975776967153203e-82,4.038697949381197e-83,7.099251159016144e-84,1.2479112736448673e-84,2.1935870587029248e-85,3.855902487405776e-86,6.777932033011501e-87,1.19142957567456e-87,2.0943031397754542e-88,3.681380528756823e-89,6.471156128316238e-90,1.1375042951940088e-90,1.9995129091739123e-91,3.5147576064943394e-92,6.178265204355995e-93,1.086019726220273e-93,1.9090129781220627e-94,3.3556762024222226e-95,5.898630813175561e-96,1.0368653997375843e-96,1.822609163420756e-97,3.203794979971394e-98,5.631652950995485e-99,9.89935846667046e-100,1.740116070794411e-100,3.058788051803339e-101
Ag125,598912.9805715139,9203.012609412532,141.41527039252972,2.1730143757531013,0.033390958875432246,0.0005130919285382053,7.884269930361694e-06,1.2115124941585257e-07,1.8616394718005533e-09,2.8607359353623895e-11,4.397703318735925e-13,6.7899605118808474e-15,1.1002491713185823e-16,2.690693083042164e-18,2.171314883278795e-19,3.423622999115087e-20,5.957659153140581e-21,1.046313185616762e-21,1.839073909026218e-22,3.232714905569696e-23,5.682485228061985e-24,9.988711276973862e-25,1.7558225615714865e-25,3.086397028586334e-26,5.425290020753935e-27,9.536612282089791e-28,1.6763522958449758e-28,2.946703647649602e-29,5.179736030781591e-30,9.104975781998758e-31,1.6004789336393046e-31,2.813332927351167e-32,4.945296057175116e-33,8.692875576634203e-34,1.5280396748179457e-34,2.6859986977080256e-35,4.7214670685489645e-36,8.299427433979933e-37,1.4588790884666192e-37,2.564427741185237e-38,4.50776880123255e-39,7.923787143237657e-40,1.3928487786279267e-40,2.4483592063436145e-41,4.303742728763841e-42,7.565148703424421e-43,1.3298070658922173e-43,2.337544048138005e-44,4.1089510780417864e-45,7.222742593958585e-46,1.2696186833999851e-46,2.2317444935482007e-47,3.9229758900086865e-48,6.89583412352085e-49,1.2121544866035176e-49,2.1307335313959641e-50,3.745418122847003e-51,6.583721853647325e-52,1.1572911761650083e-52,2.03429442525342e-53,3.5758967957663696e-54,6.2857360936725e-55,1.1049110333965756e-55,1.9422202483976824e-56,3.4140481715436246e-57,6.001237463792418e-58,1.0549016676745325e-58,1.8543134398139252e-59,3.259524976061957e-60,5.7296155231651834e-61,1.0071557752859343e-61,1.7703853802941603e-62,3.1119956531743765e-63,5.47028746010492e-64,9.615709091899667e-65,1.690255987722236e-65,2.971143653292919e-66,5.2226968415588094e-67,9.180492592001654e-68,1.6137533306766072e-68,2.8366667541769027e-69,4.98631241918413e-70,8.764974421158018e-71,1.5407132595218448e-71,2.7082764124630535e-72,4.760626989463351e-73,8.368263013521363e-74,1.4709790541973053e-74,2.5856971445459863e-75,4.545156305411596e-76,7.989507156395974e-77,1.4044010879472284e-77,2.4686659354806425e-78,4.339438037541249e-79,7.627894163814267e-80,1.3408365062707412e-80,2.356931674638406e-81,4.1430307818544074e-82,7.282648132779026e-83,1.2801489204029199e-83,2.2502546169059646e-84,3.95551311273446e-85,6.953028278429745e-86,1.2222081146691706e-86,2.1484058682708574e-87,3.77648267870487e-88,6.638327344561083e-89,1.1668897670850727e-89,2.051166894689919e-90,3.605555339114702e-91,6.337870086082768e-92,1.1140751826021251e-92,1.9583290531868265e-93,3.442364339898637e-94,6.05101182016487e-95,1.0636510384270692e-95,1.8696931441726356e-96,3.2865595266429503e-97,5.777137042959707e-98,1.0155091408683032e-98,1.7850689840287257e-99,3.137806593268851e-100
Ag126,170884.5103204294,262.62632274969974,0.4036210495128983,0.0006203108275827987,9.533336362928234e-07,1.4651445399217786e-09,2.2517285042098744e-12,3.4606014072454113e-15,5.318475152505649e-18,8.173775196587971e-21,1.2561984224534885e-23,1.9306066519095885e-26,2.967080660010584e-29,4.560000678699158e-32,7.008102769158493e-35,1.0770503752884892e-37,1.6552803934528611e-40,2.543941531254342e-43,3.9096932097051255e-46,6.008668362152741e-49,9.234508579014138e-52,1.4192187612320418e-54,2.1811468092740063e-57,3.352126912045755e-60,5.151764561048315e-63,7.917563621204286e-66,1.2168221771971164e-68,1.8700907018332447e-71,2.8740758498820775e-74,4.4170648957175254e-77,6.78842985086166e-80,1.0432896262119273e-82,1.603394699620068e-85,2.4642002548269362e-88,3.78714167966751e-91,5.820323276803714e-94,8.945047719861705e-97,1.3747325518754264e-99,2.1127775372171407e-102,3.247052610836718e-105,4.990279606734551e-108,7.669383141585025e-111,1.178680202469011e-113,1.8114716582085692e-116,2.783986327775094e-119,4.2786095151516155e-122,6.575642703596218e-125,1.01058712678121e-127,1.5531353920086935e-130,2.3869585135060227e-133,3.6684315961856496e-136,5.6378819739630325e-139,8.664660173952093e-142,1.33164078774246e-144,2.0465513384012437e-147,3.1452719226274926e-150,4.833856489032427e-153,7.428982018521726e-156,1.141733809366075e-158,1.754690061437194e-161,2.6967207123488624e-164,4.14449409627072e-167,6.3695254890009346e-170,9.789097055666912e-173,1.504451490628968e-175,2.3121379579595203e-178,3.553442546959234e-181,5.461159396251396e-184,8.393061533184554e-187,1.2898997591642433e-189,1.9824010369916414e-192,3.0466816072683246e-195,4.6823365418297236e-198,7.196116403712884e-201,1.1059455217106188e-203,1.6996883157152622e-206,2.612190486662058e-209,4.0145826005377235e-212,6.169869134289247e-215,9.482252309158192e-218,1.457293613487534e-220,2.2396626947591647e-223,3.442057894079141e-226,5.289976287016986e-229,8.129976304390005e-232,1.2494671265760026e-234,1.9202615628179585e-237,2.951181660729967e-240,4.535566072492668e-243,6.970550092419013e-246,1.0712790380367959e-248,1.6464106306117563e-251,2.5303099083866293e-254,3.888743253619901e-257,5.976471120178536e-260,9.185025783607396e-263,1.411613926497355e-265,2.169459209398833e-268,3.334164655717023e-271,5.12415900850843e-274,7.875137629887516e-277,1.2103018775704028e-279,1.860069885370833e-282,2.858675213665612e-285,4.3933962059693935e-288,6.752054283870826e-291,1.0376991947685952e-293,1.5948029644780508e-296,2.4509959228359514e-299,3.7668484117249925e-302,5.789135275466877e-305,8.897115990475309e-308,1.3673660949577e-310,2.1014562917e-313,3.22965337e-316,4.96353e-319,7.6e-322,0.0,0.0,0.0,0.0,0.0
Ag127,56850.117117613874,98.39845608960393,0.17031198266112035,0.00029478279020504197,5.102218413719811e-07,8.831123663357011e-10,1.528526198482473e-12,2.645634268651085e-15,4.579169588594536e-18,7.925809840602149e-21,1.3718308617756728e-23,2.374419713780579e-26,4.1097405914110225e-29,7.113303360255128e-32,1.2311989910206079e-34,2.131008448142152e-37,3.688434639057635e-40,6.384090170295144e-43,1.1049838560477271e-45,1.9125502453071656e-48,3.310318445653839e-51,5.729631542242753e-54,9.91707539586238e-57,1.7164870669628148e-59,2.9709644561942908e-62,5.142264086840956e-65,8.9004363157837e-68,1.540523109539229e-70,2.666399002053249e-73,4.615110019529062e-76,7.988016975687496e-79,1.382597921476696e-81,2.3930557712756468e-84,4.141996624961808e-87,7.169133393013115e-90,1.2408622763493837e-92,2.1477340488148416e-95,3.7173839775428874e-98,6.434196843002099e-101,1.1136565193316929e-103,1.9275612377306574e-106,3.336300071615814e-109,5.774601579438398e-112,9.994911334549878e-115,1.7299592224894076e-117,2.9942826017184817e-120,5.182624065584819e-123,8.970292980950961e-126,1.5526141804965775e-128,2.687326711176724e-131,4.651332535359277e-134,8.050712354590598e-137,1.3934494883701387e-139,2.4118380971987193e-142,4.1745058257569146e-145,7.225401617761491e-148,1.2506014057001442e-150,2.1645909233537136e-153,3.746560530085244e-156,6.484696786885169e-159,1.1223972515634767e-161,1.942690046611048e-164,3.36248561901276e-167,5.819924572008315e-170,1.0073358182513514e-172,1.743537116636484e-175,3.017783763875394e-178,5.223300816835259e-181,9.040697928640056e-184,1.5648001503853354e-186,2.7084186751655988e-189,4.687839350078921e-192,8.113899809380357e-195,1.404386225725807e-197,2.4307678395636958e-200,4.207270180824727e-203,7.28211147372844e-206,1.260416974348257e-208,2.1815801020851785e-211,3.775966080014858e-214,6.5355930886034845e-217,1.1312065869943819e-219,1.9579375966518556e-222,3.388876688358501e-225,5.865603290185842e-228,1.0152420734583938e-230,1.7572215793125036e-233,3.0414693791037742e-236,5.264296826837903e-239,9.111655462144318e-242,1.5770817640367227e-244,2.7296761832035408e-247,4.7246326950586374e-250,8.177583202202336e-253,1.4154088020193026e-255,2.4498461553948834e-258,4.24029169278915e-261,7.339266427135515e-264,1.2703095822412076e-266,2.1987026234223358e-269,3.805602424658652e-272,6.586888859042369e-275,1.1400850640688798e-277,1.9733048198143007e-280,3.4154748927287884e-283,5.911640525946978e-286,1.0232103823224833e-288,1.771013446939608e-291,3.065340895116514e-294,5.305614601352107e-297,9.183169918532245e-300,1.5894597721278944e-302,2.7511005345925835e-305,4.761714819182351e-308,8.2417664255146e-311,1.426517891e-313,2.4690742e-316,4.27357e-319,7.4e-322,0.0,0.0,0.0
Ag128,4480.721644505594,0.028918490923242782,1.8663938169494383e-07,1.2045669634674266e-12,7.774251909217744e-18,5.0174871618592345e-23,3.2382765201591483e-28,2.0899774095542032e-33,1.3488673821567987e-38,8.705564023462946e-44,5.61855420103876e-49,3.6262040259458064e-54,2.340345072288263e-59,1.5104541879590903e-64,9.748442146150923e-70,6.291625726514621e-75,4.060603088070866e-80,2.620705387697116e-85,1.6913981938499746e-90,1.091625126421724e-95,7.045327475033009e-101,4.547040740364846e-106,2.9346513086591206e-111,1.894018284675335e-116,1.2223957415654902e-121,7.889318498599298e-127,5.091750916330115e-132,3.286206203812345e-137,2.1209111347807782e-142,1.368831948652103e-147,8.834414949895502e-153,5.701714340010139e-158,3.679875418967248e-163,2.37498448564775e-168,1.5328103984157495e-173,9.892728696501962e-179,6.384747987340376e-184,4.120704015289667e-189,2.659494410005312e-194,1.716432553904823e-199,1.1077822540331452e-204,7.149605264471129e-210,4.614341424196872e-215,2.9780870399751055e-220,1.9220516217460728e-225,1.2404884031487507e-230,8.006088186895916e-236,5.16711384755027e-241,3.334845294015849e-246,2.1523027096242976e-251,1.3890920104055883e-256,8.96517299701519e-262,5.786105330988308e-267,3.734341201495786e-272,2.410136596460308e-277,1.5554975028180571e-282,1.0039150829985158e-287,6.479248549393546e-293,4.181694495457683e-298,2.698857548068255e-303,1.741837447158557e-308,1.12417852307e-313,7.2554e-319,5e-324,0.0,0.0,0.0,0.0,0.0,0.0,0.0,0.0,0.0,0.0,0.0,0.0,0.0,0.0,0.0,0.0,0.0,0.0,0.0,0.0,0.0,0.0,0.0,0.0,0.0,0.0,0.0,0.0,0.0,0.0,0.0,0.0,0.0,0.0,0.0,0.0,0.0,0.0,0.0,0.0,0.0,0.0,0.0,0.0,0.0,0.0,0.0,0.0,0.0,0.0,0.0,0.0,0.0,0.0,0.0,0.0,0.0,0.0
Ag129,1.0389827447067952,2.9680963468237977e-07,8.479058934241376e-14,2.4222407903730526e-20,6.91969532474068e-27,1.9767722341040907e-33,5.647110576608119e-40,1.6132287430115749e-46,4.608563869917834e-53,1.3165436727505462e-59,3.761013823793221e-66,1.0744212497874269e-72,3.069334695586179e-79,8.768269871238113e-86,2.5048606346327135e-92,7.155718164553528e-99,2.0441976588461733e-105,5.83972701598555e-112,1.6682541178762645e-118,4.765756676969303e-125,1.3614494614879832e-131,3.8892976746866684e-138,1.1110685214705373e-144,3.174026167853498e-151,9.067345460282595e-158,2.590298546647087e-164,7.399791471662859e-171,2.1139228871889072e-177,6.038913380321106e-184,1.725156344918382e-190,4.928311149668954e-197,1.4078869349722848e-203,4.021957140021079e-210,1.1489657893930924e-216,3.282288545692395e-223,9.376622173297469e-230,2.6786506474624033e-236,7.652189838238382e-243,2.186026362784984e-249,6.244893762190109e-256,1.7839994414045778e-262,5.096410168258297e-269,1.4559083372064954e-275,4.159141466966696e-282,1.188155689487505e-288,3.394243628580169e-295,9.696447958875203e-302,2.7700163367031076e-308,7.913197224e-315,2.263e-321,0.0,0.0,0.0,0.0,0.0,0.0,0.0,0.0,0.0,0.0,0.0,0.0,0.0,0.0,0.0,0.0,0.0,0.0,0.0,0.0,0.0,0.0,0.0,0.0,0.0,0.0,0.0,0.0,0.0,0.0,0.0,0.0,0.0,0.0,0.0,0.0,0.0,0.0,0.0,0.0,0.0,0.0,0.0,0.0,0.0,0.0,0.0,0.0,0.0,0.0,0.0,0.0,0.0,0.0,0.0,0.0,0.0,0.0,0.0,0.0,0.0,0.0,0.0,0.0,0.0,0.0,0.0,0.0,0.0,0.0,0.0,0.0
Ag130,2374089274.8240223,2264.107966255214,0.002159221616988392,2.0591941995510087e-09,1.9638006206045277e-15,1.872826214413196e-21,1.7860662597782157e-27,1.7033255193502603e-33,1.6244178002836845e-39,1.549165535243691e-45,1.4773993828236532e-51,1.4089578464733665e-57,1.3436869110807126e-63,1.2814396963889265e-69,1.2220761264695443e-75,1.1654626145072431e-81,1.1114717621872384e-87,1.0599820730087668e-93,1.010877678879518e-99,9.64048079375763e-106,9.193878930814413e-112,8.76796620446629e-118,8.361784176317513e-124,7.974418808286209e-130,7.604998405729522e-136,7.252691655854746e-142,6.9167057570026e-148,6.596284634592644e-154,6.290707239716207e-160,5.999285926548218e-166,5.721364904926524e-172,5.456318764616528e-178,5.203551067940275e-184,4.962493007602962e-190,4.732602126696561e-196,4.513361098000117e-202,4.304276559829832e-208,4.104878005819166e-214,3.914716726130652e-220,3.7333647977167715e-226,3.560414121357707e-232,3.3954755033089787e-238,3.238177779492363e-244,3.088166980259294e-250,2.945105533847143e-256,2.8086715067359424e-262,2.6785578791961206e-268,2.554471854396942e-274,2.436134199521013e-280,2.323278617402092e-286,2.215651147272202e-292,2.1130095932695457e-298,2.015122979421187e-304,1.921771029874e-310,1.8327437e-316,1.73e-322,0.0,0.0,0.0,0.0,0.0,0.0,0.0,0.0,0.0,0.0,0.0,0.0,0.0,0.0,0.0,0.0,0.0,0.0,0.0,0.0,0.0,0.0,0.0,0.0,0.0,0.0,0.0,0.0,0.0,0.0,0.0,0.0,0.0,0.0,0.0,0.0,0.0,0.0,0.0,0.0,0.0,0.0,0.0,0.0,0.0,0.0,0.0,0.0,0.0,0.0,0.0,0.0,0.0,0.0,0.0,0.0,0.0,0.0,0.0,0.0,0.0,0.0,0.0,0.0,0.0,0.0
Al31,0.0,0.0,0.0,0.0,0.0,0.0,0.0,0.0,0.0,0.0,0.0,0.0,0.0,0.0,0.0,0.0,0.0,0.0,0.0,0.0,0.0,0.0,0.0,0.0,0.0,0.0,0.0,0.0,0.0,0.0,0.0,0.0,0.0,0.0,0.0,0.0,0.0,0.0,0.0,0.0,0.0,0.0,0.0,0.0,0.0,0.0,0.0,0.0,0.0,0.0,0.0,0.0,0.0,0.0,0.0,0.0,0.0,0.0,0.0,0.0,0.0,0.0,0.0,0.0,0.0,0.0,0.0,0.0,0.0,0.0,0.0,0.0,0.0,0.0,0.0,0.0,0.0,0.0,0.0,0.0,0.0,0.0,0.0,0.0,0.0,0.0,0.0,0.0,0.0,0.0,0.0,0.0,0.0,0.0,0.0,0.0,0.0,0.0,0.0,0.0,0.0,0.0,0.0,0.0,0.0,0.0,0.0,0.0,0.0,0.0,0.0,0.0,0.0,0.0,0.0,0.0,0.0,0.0,0.0,0.0,0.0,0.0
Al32,0.0,0.0,0.0,0.0,0.0,0.0,0.0,0.0,0.0,0.0,0.0,0.0,0.0,0.0,0.0,0.0,0.0,0.0,0.0,0.0,0.0,0.0,0.0,0.0,0.0,0.0,0.0,0.0,0.0,0.0,0.0,0.0,0.0,0.0,0.0,0.0,0.0,0.0,0.0,0.0,0.0,0.0,0.0,0.0,0.0,0.0,0.0,0.0,0.0,0.0,0.0,0.0,0.0,0.0,0.0,0.0,0.0,0.0,0.0,0.0,0.0,0.0,0.0,0.0,0.0,0.0,0.0,0.0,0.0,0.0,0.0,0.0,0.0,0.0,0.0,0.0,0.0,0.0,0.0,0.0,0.0,0.0,0.0,0.0,0.0,0.0,0.0,0.0,0.0,0.0,0.0,0.0,0.0,0.0,0.0,0.0,0.0,0.0,0.0,0.0,0.0,0.0,0.0,0.0,0.0,0.0,0.0,0.0,0.0,0.0,0.0,0.0,0.0,0.0,0.0,0.0,0.0,0.0,0.0,0.0,0.0,0.0
Al33,0.0,0.0,0.0,0.0,0.0,0.0,0.0,0.0,0.0,0.0,0.0,0.0,0.0,0.0,0.0,0.0,0.0,0.0,0.0,0.0,0.0,0.0,0.0,0.0,0.0,0.0,0.0,0.0,0.0,0.0,0.0,0.0,0.0,0.0,0.0,0.0,0.0,0.0,0.0,0.0,0.0,0.0,0.0,0.0,0.0,0.0,0.0,0.0,0.0,0.0,0.0,0.0,0.0,0.0,0.0,0.0,0.0,0.0,0.0,0.0,0.0,0.0,0.0,0.0,0.0,0.0,0.0,0.0,0.0,0.0,0.0,0.0,0.0,0.0,0.0,0.0,0.0,0.0,0.0,0.0,0.0,0.0,0.0,0.0,0.0,0.0,0.0,0.0,0.0,0.0,0.0,0.0,0.0,0.0,0.0,0.0,0.0,0.0,0.0,0.0,0.0,0.0,0.0,0.0,0.0,0.0,0.0,0.0,0.0,0.0,0.0,0.0,0.0,0.0,0.0,0.0,0.0,0.0,0.0,0.0,0.0,0.0
Al34,0.0,0.0,0.0,0.0,0.0,0.0,0.0,0.0,0.0,0.0,0.0,0.0,0.0,0.0,0.0,0.0,0.0,0.0,0.0,0.0,0.0,0.0,0.0,0.0,0.0,0.0,0.0,0.0,0.0,0.0,0.0,0.0,0.0,0.0,0.0,0.0,0.0,0.0,0.0,0.0,0.0,0.0,0.0,0.0,0.0,0.0,0.0,0.0,0.0,0.0,0.0,0.0,0.0,0.0,0.0,0.0,0.0,0.0,0.0,0.0,0.0,0.0,0.0,0.0,0.0,0.0,0.0,0.0,0.0,0.0,0.0,0.0,0.0,0.0,0.0,0.0,0.0,0.0,0.0,0.0,0.0,0.0,0.0,0.0,0.0,0.0,0.0,0.0,0.0,0.0,0.0,0.0,0.0,0.0,0.0,0.0,0.0,0.0,0.0,0.0,0.0,0.0,0.0,0.0,0.0,0.0,0.0,0.0,0.0,0.0,0.0,0.0,0.0,0.0,0.0,0.0,0.0,0.0,0.0,0.0,0.0,0.0
Al35,0.0,0.0,0.0,0.0,0.0,0.0,0.0,0.0,0.0,0.0,0.0,0.0,0.0,0.0,0.0,0.0,0.0,0.0,0.0,0.0,0.0,0.0,0.0,0.0,0.0,0.0,0.0,0.0,0.0,0.0,0.0,0.0,0.0,0.0,0.0,0.0,0.0,0.0,0.0,0.0,0.0,0.0,0.0,0.0,0.0,0.0,0.0,0.0,0.0,0.0,0.0,0.0,0.0,0.0,0.0,0.0,0.0,0.0,0.0,0.0,0.0,0.0,0.0,0.0,0.0,0.0,0.0,0.0,0.0,0.0,0.0,0.0,0.0,0.0,0.0,0.0,0.0,0.0,0.0,0.0,0.0,0.0,0.0,0.0,0.0,0.0,0.0,0.0,0.0,0.0,0.0,0.0,0.0,0.0,0.0,0.0,0.0,0.0,0.0,0.0,0.0,0.0,0.0,0.0,0.0,0.0,0.0,0.0,0.0,0.0,0.0,0.0,0.0,0.0,0.0,0.0,0.0,0.0,0.0,0.0,0.0,0.0
Al36,0.0,0.0,0.0,0.0,0.0,0.0,0.0,0.0,0.0,0.0,0.0,0.0,0.0,0.0,0.0,0.0,0.0,0.0,0.0,0.0,0.0,0.0,0.0,0.0,0.0,0.0,0.0,0.0,0.0,0.0,0.0,0.0,0.0,0.0,0.0,0.0,0.0,0.0,0.0,0.0,0.0,0.0,0.0,0.0,0.0,0.0,0.0,0.0,0.0,0.0,0.0,0.0,0.0,0.0,0.0,0.0,0.0,0.0,0.0,0.0,0.0,0.0,0.0,0.0,0.0,0.0,0.0,0.0,0.0,0.0,0.0,0.0,0.0,0.0,0.0,0.0,0.0,0.0,0.0,0.0,0.0,0.0,0.0,0.0,0.0,0.0,0.0,0.0,0.0,0.0,0.0,0.0,0.0,0.0,0.0,0.0,0.0,0.0,0.0,0.0,0.0,0.0,0.0,0.0,0.0,0.0,0.0,0.0,0.0,0.0,0.0,0.0,0.0,0.0,0.0,0.0,0.0,0.0,0.0,0.0,0.0,0.0
Al37,0.0,0.0,0.0,0.0,0.0,0.0,0.0,0.0,0.0,0.0,0.0,0.0,0.0,0.0,0.0,0.0,0.0,0.0,0.0,0.0,0.0,0.0,0.0,0.0,0.0,0.0,0.0,0.0,0.0,0.0,0.0,0.0,0.0,0.0,0.0,0.0,0.0,0.0,0.0,0.0,0.0,0.0,0.0,0.0,0.0,0.0,0.0,0.0,0.0,0.0,0.0,0.0,0.0,0.0,0.0,0.0,0.0,0.0,0.0,0.0,0.0,0.0,0.0,0.0,0.0,0.0,0.0,0.0,0.0,0.0,0.0,0.0,0.0,0.0,0.0,0.0,0.0,0.0,0.0,0.0,0.0,0.0,0.0,0.0,0.0,0.0,0.0,0.0,0.0,0.0,0.0,0.0,0.0,0.0,0.0,0.0,0.0,0.0,0.0,0.0,0.0,0.0,0.0,0.0,0.0,0.0,0.0,0.0,0.0,0.0,0.0,0.0,0.0,0.0,0.0,0.0,0.0,0.0,0.0,0.0,0.0,0.0
Al38,0.0,0.0,0.0,0.0,0.0,0.0,0.0,0.0,0.0,0.0,0.0,0.0,0.0,0.0,0.0,0.0,0.0,0.0,0.0,0.0,0.0,0.0,0.0,0.0,0.0,0.0,0.0,0.0,0.0,0.0,0.0,0.0,0.0,0.0,0.0,0.0,0.0,0.0,0.0,0.0,0.0,0.0,0.0,0.0,0.0,0.0,0.0,0.0,0.0,0.0,0.0,0.0,0.0,0.0,0.0,0.0,0.0,0.0,0.0,0.0,0.0,0.0,0.0,0.0,0.0,0.0,0.0,0.0,0.0,0.0,0.0,0.0,0.0,0.0,0.0,0.0,0.0,0.0,0.0,0.0,0.0,0.0,0.0,0.0,0.0,0.0,0.0,0.0,0.0,0.0,0.0,0.0,0.0,0.0,0.0,0.0,0.0,0.0,0.0,0.0,0.0,0.0,0.0,0.0,0.0,0.0,0.0,0.0,0.0,0.0,0.0,0.0,0.0,0.0,0.0,0.0,0.0,0.0,0.0,0.0,0.0,0.0
Al39,0.0,0.0,0.0,0.0,0.0,0.0,0.0,0.0,0.0,0.0,0.0,0.0,0.0,0.0,0.0,0.0,0.0,0.0,0.0,0.0,0.0,0.0,0.0,0.0,0.0,0.0,0.0,0.0,0.0,0.0,0.0,0.0,0.0,0.0,0.0,0.0,0.0,0.0,0.0,0.0,0.0,0.0,0.0,0.0,0.0,0.0,0.0,0.0,0.0,0.0,0.0,0.0,0.0,0.0,0.0,0.0,0.0,0.0,0.0,0.0,0.0,0.0,0.0,0.0,0.0,0.0,0.0,0.0,0.0,0.0,0.0,0.0,0.0,0.0,0.0,0.0,0.0,0.0,0.0,0.0,0.0,0.0,0.0,0.0,0.0,0.0,0.0,0.0,0.0,0.0,0.0,0.0,0.0,0.0,0.0,0.0,0.0,0.0,0.0,0.0,0.0,0.0,0.0,0.0,0.0,0.0,0.0,0.0,0.0,0.0,0.0,0.0,0.0,0.0,0.0,0.0,0.0,0.0,0.0,0.0,0.0,0.0
Ar47,0.0,0.0,0.0,0.0,0.0,0.0,0.0,0.0,0.0,0.0,0.0,0.0,0.0,0.0,0.0,0.0,0.0,0.0,0.0,0.0,0.0,0.0,0.0,0.0,0.0,0.0,0.0,0.0,0.0,0.0,0.0,0.0,0.0,0.0,0.0,0.0,0.0,0.0,0.0,0.0,0.0,0.0,0.0,0.0,0.0,0.0,0.0,0.0,0.0,0.0,0.0,0.0,0.0,0.0,0.0,0.0,0.0,0.0,0.0,0.0,0.0,0.0,0.0,0.0,0.0,0.0,0.0,0.0,0.0,0.0,0.0,0.0,0.0,0.0,0.0,0.0,0.0,0.0,0.0,0.0,0.0,0.0,0.0,0.0,0.0,0.0,0.0,0.0,0.0,0.0,0.0,0.0,0.0,0.0,0.0,0.0,0.0,0.0,0.0,0.0,0.0,0.0,0.0,0.0,0.0,0.0,0.0,0.0,0.0,0.0,0.0,0.0,0.0,0.0,0.0,0.0,0.0,0.0,0.0,0.0,0.0,0.0
Ar48,0.0,0.0,0.0,0.0,0.0,0.0,0.0,0.0,0.0,0.0,0.0,0.0,0.0,0.0,0.0,0.0,0.0,0.0,0.0,0.0,0.0,0.0,0.0,0.0,0.0,0.0,0.0,0.0,0.0,0.0,0.0,0.0,0.0,0.0,0.0,0.0,0.0,0.0,0.0,0.0,0.0,0.0,0.0,0.0,0.0,0.0,0.0,0.0,0.0,0.0,0.0,0.0,0.0,0.0,0.0,0.0,0.0,0.0,0.0,0.0,0.0,0.0,0.0,0.0,0.0,0.0,0.0,0.0,0.0,0.0,0.0,0.0,0.0,0.0,0.0,0.0,0.0,0.0,0.0,0.0,0.0,0.0,0.0,0.0,0.0,0.0,0.0,0.0,0.0,0.0,0.0,0.0,0.0,0.0,0.0,0.0,0.0,0.0,0.0,0.0,0.0,0.0,0.0,0.0,0.0,0.0,0.0,0.0,0.0,0.0,0.0,0.0,0.0,0.0,0.0,0.0,0.0,0.0,0.0,0.0,0.0,0.0
Ar49,0.0,0.0,0.0,0.0,0.0,0.0,0.0,0.0,0.0,0.0,0.0,0.0,0.0,0.0,0.0,0.0,0.0,0.0,0.0,0.0,0.0,0.0,0.0,0.0,0.0,0.0,0.0,0.0,0.0,0.0,0.0,0.0,0.0,0.0,0.0,0.0,0.0,0.0,0.0,0.0,0.0,0.0,0.0,0.0,0.0,0.0,0.0,0.0,0.0,0.0,0.0,0.0,0.0,0.0,0.0,0.0,0.0,0.0,0.0,0.0,0.0,0.0,0.0,0.0,0.0,0.0,0.0,0.0,0.0,0.0,0.0,0.0,0.0,0.0,0.0,0.0,0.0,0.0,0.0,0.0,0.0,0.0,0.0,0.0,0.0,0.0,0.0,0.0,0.0,0.0,0.0,0.0,0.0,0.0,0.0,0.0,0.0,0.0,0.0,0.0,0.0,0.0,0.0,0.0,0.0,0.0,0.0,0.0,0.0,0.0,0.0,0.0,0.0,0.0,0.0,0.0,0.0,0.0,0.0,0.0,0.0,0.0
Ar50,0.0,0.0,0.0,0.0,0.0,0.0,0.0,0.0,0.0,0.0,0.0,0.0,0.0,0.0,0.0,0.0,0.0,0.0,0.0,0.0,0.0,0.0,0.0,0.0,0.0,0.0,0.0,0.0,0.0,0.0,0.0,0.0,0.0,0.0,0.0,0.0,0.0,0.0,0.0,0.0,0.0,0.0,0.0,0.0,0.0,0.0,0.0,0.0,0.0,0.0,0.0,0.0,0.0,0.0,0.0,0.0,0.0,0.0,0.0,0.0,0.0,0.0,0.0,0.0,0.0,0.0,0.0,0.0,0.0,0.0,0.0,0.0,0.0,0.0,0.0,0.0,0.0,0.0,0.0,0.0,0.0,0.0,0.0,0.0,0.0,0.0,0.0,0.0,0.0,0.0,0.0,0.0,0.0,0.0,0.0,0.0,0.0,0.0,0.0,0.0,0.0,0.0,0.0,0.0,0.0,0.0,0.0,0.0,0.0,0.0,0.0,0.0,0.0,0.0,0.0,0.0,0.0,0.0,0.0,0.0,0.0,0.0
As84,71585948406877.36,64928574692885.62,57218844520276.02,49561904431574.82,42528468031462.5,36303354662059.56,30898771145568.426,26255238139205.76,22288570286699.004,18911070401447.74,16040492572809.598,13603288069284.316,11535252649656.33,9781057729067.375,8293360799343.759,7031813247134.157,5962104062152.057,5055093395256.247,4286051029841.0537,3633997699511.325,3081140324065.1465,2612390124319.8423,2214952577972.542,1877979046590.1619,1592271058694.9072,1350029415702.3037,1144641387444.8467,970500244023.42,822852224553.7996,697666778381.9899,591526542884.9504,501534057482.75305,425232668780.1066,360539468386.5944,305688433068.757,259182215216.16782,219751267657.31827,186319187035.6552,157973329692.8925,133939897928.17863,113562816531.26822,96285822954.12747,81637282211.61761,69217311982.22539,58686866444.40337,49758480854.39419,42188424206.99689,35770045759.18093,30328133787.027863,25714132578.868618,21802087095.9893,18485204596.467945,15672939359.834625,13288520930.084103,11266858401.92938,9552763540.578838,8099444228.977377,6867227115.970231,5822474595.676178,4936666553.295543,4185621810.4454746,3548838016.6939793,3008931967.3609157,2551165069.134554,2163040999.454951,1833964576.3926487,1554952526.702263,1318388256.4698412,1117813929.9749842,947754180.8449064,803566643.0897856,681315221.7497369,577662643.6396602,489779354.99485266,415266279.06514037,352089325.0603008,298523860.64309376,253107632.15554664,214600847.37407255,181952331.11488292,154270829.79048762,130800681.57642269,110901188.02168812,94029123.98002964,79723908.4104557,67595031.23296803,57311393.012270965,48592266.45944632,41199633.014683016,34931685.31171861,29617318.15140362,25111457.596556053,21291100.679679483,18051957.61373955,15305604.843589285,12977071.220785758,11002791.408134498,9328870.645096773,7909613.504860914,6706276.480439838,5686010.34734015,4820963.430952787,4087521.2992632487,3465662.1256777863,2938410.1243759533,2491372.137826761,2112344.7260302664,1790981.0316334816,1518508.3268577112,1287488.531708856,1091615.1659912174,925541.1922313719,784733.0498923846,665346.8962399905,564123.6754293668,478300.15136217023,405533.47564955923,343837.23150420666,291527.2076592772,247175.42202690596,209571.140013747,177687.82335438151
As85,44108111441605.945,40493083161614.9,28866983243431.215,20519852719575.55,14571426833040.316,10343287119814.5,7340895326224.798,5209715552094.443,3697167851360.085,2623738421751.3433,1861960401945.4915,1321355821635.1812,937710775865.5615,665453858038.9347,472244550864.2941,335132040664.3524,237829072308.85275,168777259498.47757,119774100787.17035,84998626313.03781,60319939167.55524,42806516042.190475,30377978507.462147,21557969755.756264,15298781644.519745,10856899905.600285,7704683830.320032,5467689067.9038,3880188259.7211475,2753605909.9002924,1954117944.674827,1386755064.6847687,984121564.7548132,698389556.2231942,495617604.27752537,351718904.55832076,249600068.18973848,177130638.22530925,125702141.13184807,89205506.41855773,63305384.48859555,44925160.63352794,31881491.191509657,22624949.276992433,16055971.996780403,11394245.954113612,8086015.651302091,5738304.173563778,4072232.383452915,2889891.5225234013,2050834.0943134665,1455390.4358063918,1032829.1920394422,732955.3044216611,520147.4575084765,369126.7065268227,261953.6508435563,185897.45465973625,131923.58089945972,93620.59975050208,66438.58996158902,47148.664373520856,33459.41799023915,23744.737356214046,16850.638354799346,11958.187142883937,8486.22092132827,6022.312969775254,4273.781444314148,3032.9223880315117,2152.337065354766,1527.4228121302767,1083.9475306027005,769.231832711086,545.8913791953072,387.3960816591411,274.9186556235437,195.098171582328,138.45294153805605,98.25421153396773,69.72686876073445,49.48221711082463,35.11544191959491,24.919947674266478,17.68463553755395,12.55003975867384,8.906233753578343,6.320378357252316,4.485305874974763,3.183032352643694,2.2588637743760245,1.603020323356249,1.13759589499947,0.8073038135974048,0.5729094578433028,0.40656967223245427,0.2885253439548146,0.20475426424981372,0.14530546313133666,0.10311715701340489,0.07317789600874307,0.051931265556228214,0.03685342828043706,0.026153323272100213,0.018559910165482876,0.013171185235884258,0.00934703449376648,0.0066331960459893235,0.004707299391467043,0.003340571785799085,0.0023706628637867504,0.0016823594205125716,0.0011938995050803636,0.0008472601103258037,0.0006012647559485946,0.0004266922310397752,0.0003028054750065321,0.00021488827080468756,0.00015249714004818648,0.00010822078671763821,7.679972669706355e-05,5.450152599733734e-05
As86,9177537647763.652,118633069137508.05,57048783526345.664,27396619292716.47,13156692250163.42,6318244910678.283,3034213918805.165,1457122070325.328,699754461829.5262,336043435771.3115,161378307513.3837,77498785465.36266,37217280569.80765,17872873293.360855,8583098895.723071,4121865882.7021575,1979445717.8455656,950590208.754803,456502412.1823377,219226382.103465,105279195.30681041,50558280.70555178,24279628.47219841,11659818.144948408,5599400.309149716,2689002.815681967,1291341.1693266756,620141.4166890971,297810.8232185332,143017.84083317418,68681.52935319598,32982.965249743436,15839.425925875366,7606.575447707638,3652.9095380375047,1754.2385775068772,842.4388709244175,404.5648410337879,194.28437629082094,93.30128335981837,44.80612205048623,21.51726643952754,10.333247642095236,4.96234069197181,2.3830673565669187,1.1444216305265924,0.549586172966558,0.2639280431784961,0.12674629639976173,0.060867437418128625,0.02923039996501839,0.014037329619210647,0.006741153835533721,0.0032373076836594494,0.0015546538907683526,0.0007465922168229184,0.0003585363543168297,0.0001721800930551266,8.268613234761296e-05,3.9708402761856906e-05,1.9069186151665063e-05,9.157604819002033e-06,4.39776115005761e-06,2.1119390403072326e-06,1.0142175433778182e-06,4.870581989647277e-07,2.3390020289798173e-07,1.123260116183344e-07,5.394237683318858e-08,2.5904774650956904e-08,1.244026290854846e-08,5.974193688964975e-09,2.8689900282367383e-09,1.3777765185828576e-09,6.616503077652599e-10,3.177446587753958e-10,1.5259067666921113e-10,7.327869710258895e-11,3.5190665421149315e-11,1.6899630885215634e-11,8.115718206479052e-12,3.8974154201555e-12,1.8716577597703323e-12,8.988271436481177e-13,4.3164420949360335e-13,2.0728871497265235e-13,9.954636343998084e-14,4.7805199986077936e-14,2.2957515139031648e-14,1.1024898996601975e-14,5.2944927684539494e-15,2.5425769146593463e-15,1.2210229855213121e-15,5.863724800518491e-16,2.8159394985947635e-16,1.3523000361553398e-16,6.494157238457426e-17,3.1186923841037575e-17,1.4976912060381647e-17,7.192369981974554e-18,3.453995439717528e-18,1.6587139604175736e-18,7.965650362031623e-19,3.8253482640346804e-19,1.837048913281821e-19,8.82206919960406e-20,4.236626711455609e-20,2.0345573681313596e-20,9.770565041816937e-21,4.692123344944265e-21,2.2533007446288772e-21,1.0821037454643813e-21,5.196592238027686e-22,2.495562093885982e-22,1.198445034587572e-22,5.755298593637102e-23,2.763869926944141e-23,1.327294639675456e-23,6.374073697668635e-24,3.0610246051506305e-24,1.4699973796607774e-24,7.059375780820345e-25
As87,18304650975612.293,5595546362360.766,1624915373254.9983,471292354000.43024,136690128773.68922,39644559514.855194,11498204628.718616,3334851269.5007625,967214739.0555959,280523560.37640977,81360906.47573704,23597294.621782836,6843978.731152373,1984975.211066256,575707.01828936,166973.65743403338,48427.76167596569,14045.617356562216,4073.6833605272736,1181.499944114846,342.673201228556,99.38631264870577,28.82524547146629,8.36025358368206,2.424743964545096,0.703254181795817,0.20396646056033732,0.05915687117178146,0.017157406159918696,0.004976202769101775,0.0014432597659816385,0.0004185920165944855,0.00012140522481582661,3.521144223555544e-05,1.0212457216637257e-05,2.9619429304810826e-06,8.590592584451131e-07,2.49154972543784e-07,7.226300133899326e-08,2.0958607846374362e-08,6.0786742138964736e-09,1.7630121461088336e-09,5.113305497145391e-10,1.4830239919131707e-10,4.3012492834975594e-11,1.2475014227464674e-11,3.6181576495119762e-12,1.0493827532397582e-12,3.04354942340776e-13,8.827277810815416e-14,2.560196097031631e-14,7.425396816247381e-15,2.153605262607177e-15,6.246151878349408e-16,1.8115860861231658e-16,5.2541856351759073e-17,1.5238837889270454e-17,4.4197559115684014e-18,1.2818721781664032e-18,3.717843957979957e-19,1.0782950072026412e-19,3.1274043120139235e-20,9.070484111928408e-21,2.630733791236756e-21,7.629978945945746e-22,2.212940697743755e-22,6.418243833205772e-23,1.8614983196108187e-23,5.3989472571706935e-24,1.5658693418431353e-24,4.5415275958987425e-25,1.3171899055148647e-25,3.820276791353313e-26,1.1080038422286609e-26,3.2135695433696015e-27,9.320391154330942e-28,2.7032149171616445e-28,7.840197656264344e-29,2.2739109235840783e-29,6.595077209901226e-30,1.9127857188003983e-30,5.547697304519593e-31,1.60901166712368e-31,4.666654294261844e-32,1.3534806954559226e-32,3.9255318209972816e-33,1.1385312054614423e-33,3.30210877129044e-34,9.577183554678169e-35,2.7776930196080026e-35,8.056208244448012e-36,2.3365609813524824e-36,6.776782642555621e-37,1.9654861718122274e-37,5.700545665027027e-38,1.653342635786448e-38,4.795228442918401e-39,1.3907713574951715e-39,4.03368680315003e-40,1.1698996487251998e-40,3.393087403361394e-41,9.841051016123612e-42,2.8542231186265868e-42,8.278170286441034e-43,2.4009371532345383e-43,6.963494364477796e-44,2.0196386106478473e-44,5.857605254090632e-45,1.698894996949181e-45,4.9273450249030715e-46,1.4290894397850359e-46,4.144821636364468e-47,1.2021323451847196e-47,3.4865726492560675e-48,1.0112188468460649e-48,2.932861750162789e-49,8.5062477547724475e-50,2.467086996567607e-50,7.155350307329252e-51,2.0752830399507076e-51,6.018992098116527e-52,1.7457024020227005e-52
As88,44736614479802.305,91898448847.01952,188601823.51079962,387059.8669283503,794.3471204267883,1.6302060746269462,0.0033456051861089336,6.866048553938716e-06,1.4090910350325102e-08,2.8918198428264615e-11,5.934763471951208e-14,1.2179672103494858e-16,2.499584242063801e-19,5.129794406682655e-22,1.0527667046382741e-24,2.1605500075229335e-27,4.4340083272402146e-30,9.099733761115858e-33,1.8675011053651057e-35,3.8325960628019833e-38,7.865479992705833e-41,1.61420025752534e-43,3.31275710295018e-46,6.798635777676783e-49,1.39525618694906e-51,2.8634271505052843e-54,5.876494311900986e-57,1.2060088691870808e-59,2.475042628072245e-62,5.079428657024667e-65,1.0424303480340017e-67,2.1393371260357723e-70,4.390473999022254e-73,9.010390041615221e-76,1.8491654595863405e-78,3.794966567633951e-81,7.7882545203289085e-84,1.5983515899915159e-86,3.280231531417025e-89,6.731884878820432e-92,1.3815571732558215e-94,2.8353132255420604e-97,5.818797254686719e-100,1.1941679383475013e-102,2.450741970479429e-105,5.02955741231902e-108,1.0321954766565874e-110,2.1183325185248736e-113,4.3473671029590005e-116,8.921923523626554e-119,1.8310098382826082e-121,3.7577065293258027e-124,7.711787269139927e-127,1.5826585290879252e-129,3.248025305000549e-132,6.665789358873012e-135,1.3679926602929333e-137,2.807475330921253e-140,5.761666683243468e-143,1.1824432650635065e-145,2.4266799035083382e-148,4.9801758173784076e-151,1.0220610940958188e-153,2.0975341400983527e-156,4.304683442402577e-159,8.83432559454123e-162,1.813032473923488e-164,3.720812320447222e-167,7.636070794712142e-170,1.5671195470253444e-172,3.2161352882814605e-175,6.600342783141867e-178,1.3545613274947655e-180,2.779910756500086e-183,5.70509703565618e-186,1.170833707886044e-188,2.4028540846098187e-191,4.9312790646851096e-194,1.012026213724516e-196,2.0769399659416378e-199,4.262418861908927e-202,8.74758772631155e-205,1.7952316163326752e-207,3.684280349183031e-210,7.56109772571031e-213,1.5517331310148198e-215,3.1845583766249426e-218,6.535538780112081e-221,1.3412618672613956e-223,2.7526168187447792e-226,5.649082804618332e-229,1.15933813657314e-231,2.3792621942345328e-234,4.8828623939229767e-237,1.0020898586024867e-239,2.056547991120374e-242,4.220569246833358e-245,8.66170147462066e-248,1.7776055325175883e-250,3.648107058983498e-253,7.486860763173027e-256,1.536497783120387e-258,3.1532914958783334e-261,6.471371040825987e-264,1.328092984831272e-266,2.725590860469201e-269,5.593618536895625e-272,1.1479554319798435e-274,2.355901935607125e-277,4.834921091513987e-280,9.922510613814068e-283,2.0363562303851917e-285,4.179130522929864e-288,8.576658478060277e-291,1.7601525065006387e-293,3.6122889282180737e-296,7.413352679802098e-299,1.521412020113224e-301,3.1223316020718315e-304,6.40783331826899e-307,1.315053398155163e-309,2.69883025058e-312
B13,0.0,0.0,0.0,0.0,0.0,0.0,0.0,0.0,0.0,0.0,0.0,0.0,0.0,0.0,0.0,0.0,0.0,0.0,0.0,0.0,0.0,0.0,0.0,0.0,0.0,0.0,0.0,0.0,0.0,0.0,0.0,0.0,0.0,0.0,0.0,0.0,0.0,0.0,0.0,0.0,0.0,0.0,0.0,0.0,0.0,0.0,0.0,0.0,0.0,0.0,0.0,0.0,0.0,0.0,0.0,0.0,0.0,0.0,0.0,0.0,0.0,0.0,0.0,0.0,0.0,0.0,0.0,0.0,0.0,0.0,0.0,0.0,0.0,0.0,0.0,0.0,0.0,0.0,0.0,0.0,0.0,0.0,0.0,0.0,0.0,0.0,0.0,0.0,0.0,0.0,0.0,0.0,0.0,0.0,0.0,0.0,0.0,0.0,0.0,0.0,0.0,0.0,0.0,0.0,0.0,0.0,0.0,0.0,0.0,0.0,0.0,0.0,0.0,0.0,0.0,0.0,0.0,0.0,0.0,0.0,0.0,0.0
B14,0.0,0.0,0.0,0.0,0.0,0.0,0.0,0.0,0.0,0.0,0.0,0.0,0.0,0.0,0.0,0.0,0.0,0.0,0.0,0.0,0.0,0.0,0.0,0.0,0.0,0.0,0.0,0.0,0.0,0.0,0.0,0.0,0.0,0.0,0.0,0.0,0.0,0.0,0.0,0.0,0.0,0.0,0.0,0.0,0.0,0.0,0.0,0.0,0.0,0.0,0.0,0.0,0.0,0.0,0.0,0.0,0.0,0.0,0.0,0.0,0.0,0.0,0.0,0.0,0.0,0.0,0.0,0.0,0.0,0.0,0.0,0.0,0.0,0.0,0.0,0.0,0.0,0.0,0.0,0.0,0.0,0.0,0.0,0.0,0.0,0.0,0.0,0.0,0.0,0.0,0.0,0.0,0.0,0.0,0.0,0.0,0.0,0.0,0.0,0.0,0.0,0.0,0.0,0.0,0.0,0.0,0.0,0.0,0.0,0.0,0.0,0.0,0.0,0.0,0.0,0.0,0.0,0.0,0.0,0.0,0.0,0.0
B15,0.0,0.0,0.0,0.0,0.0,0.0,0.0,0.0,0.0,0.0,0.0,0.0,0.0,0.0,0.0,0.0,0.0,0.0,0.0,0.0,0.0,0.0,0.0,0.0,0.0,0.0,0.0,0.0,0.0,0.0,0.0,0.0,0.0,0.0,0.0,0.0,0.0,0.0,0.0,0.0,0.0,0.0,0.0,0.0,0.0,0.0,0.0,0.0,0.0,0.0,0.0,0.0,0.0,0.0,0.0,0.0,0.0,0.0,0.0,0.0,0.0,0.0,0.0,0.0,0.0,0.0,0.0,0.0,0.0,0.0,0.0,0.0,0.0,0.0,0.0,0.0,0.0,0.0,0.0,0.0,0.0,0.0,0.0,0.0,0.0,0.0,0.0,0.0,0.0,0.0,0.0,0.0,0.0,0.0,0.0,0.0,0.0,0.0,0.0,0.0,0.0,0.0,0.0,0.0,0.0,0.0,0.0,0.0,0.0,0.0,0.0,0.0,0.0,0.0,0.0,0.0,0.0,0.0,0.0,0.0,0.0,0.0
B17,0.0,0.0,0.0,0.0,0.0,0.0,0.0,0.0,0.0,0.0,0.0,0.0,0.0,0.0,0.0,0.0,0.0,0.0,0.0,0.0,0.0,0.0,0.0,0.0,0.0,0.0,0.0,0.0,0.0,0.0,0.0,0.0,0.0,0.0,0.0,0.0,0.0,0.0,0.0,0.0,0.0,0.0,0.0,0.0,0.0,0.0,0.0,0.0,0.0,0.0,0.0,0.0,0.0,0.0,0.0,0.0,0.0,0.0,0.0,0.0,0.0,0.0,0.0,0.0,0.0,0.0,0.0,0.0,0.0,0.0,0.0,0.0,0.0,0.0,0.0,0.0,0.0,0.0,0.0,0.0,0.0,0.0,0.0,0.0,0.0,0.0,0.0,0.0,0.0,0.0,0.0,0.0,0.0,0.0,0.0,0.0,0.0,0.0,0.0,0.0,0.0,0.0,0.0,0.0,0.0,0.0,0.0,0.0,0.0,0.0,0.0,0.0,0.0,0.0,0.0,0.0,0.0,0.0,0.0,0.0,0.0,0.0
B19,0.0,0.0,0.0,0.0,0.0,0.0,0.0,0.0,0.0,0.0,0.0,0.0,0.0,0.0,0.0,0.0,0.0,0.0,0.0,0.0,0.0,0.0,0.0,0.0,0.0,0.0,0.0,0.0,0.0,0.0,0.0,0.0,0.0,0.0,0.0,0.0,0.0,0.0,0.0,0.0,0.0,0.0,0.0,0.0,0.0,0.0,0.0,0.0,0.0,0.0,0.0,0.0,0.0,0.0,0.0,0.0,0.0,0.0,0.0,0.0,0.0,0.0,0.0,0.0,0.0,0.0,0.0,0.0,0.0,0.0,0.0,0.0,0.0,0.0,0.0,0.0,0.0,0.0,0.0,0.0,0.0,0.0,0.0,0.0,0.0,0.0,0.0,0.0,0.0,0.0,0.0,0.0,0.0,0.0,0.0,0.0,0.0,0.0,0.0,0.0,0.0,0.0,0.0,0.0,0.0,0.0,0.0,0.0,0.0,0.0,0.0,0.0,0.0,0.0,0.0,0.0,0.0,0.0,0.0,0.0,0.0,0.0
Ba147,88284886819178.7,40980796427782.95,18889489430550.32,8700340463512.289,4006985541029.7173,1845421704510.9768,849910277102.8827,391426744243.85785,180271845938.9144,83024317782.40256,38236904418.03161,17610031596.85546,8110311688.714898,3735209407.5652676,1720253160.8960352,792263730.0010837,364877584.38315344,168044612.60028034,77393057.37763514,35643423.716922745,16415602.346150793,7560216.50801777,3481862.708589966,1603574.1712704091,738527.1442270415,340129.1642955598,156646.7113750807,72143.74643658916,33225.850094257636,15302.187216689703,7047.432434395144,3245.6996646332277,1494.8091253186133,688.4353304415486,317.05934635577296,146.0218914782806,67.25047861219294,30.972252364240276,14.264291292943511,6.569428780867902,3.0255547661344626,1.3934212468423481,0.6417410760117748,0.295554276622384,0.13611771740192927,0.06268910469661,0.02887150859324378,0.013296792361030886,0.006123846508448244,0.002820341556128979,0.0012989101673685835,0.00059821393590682,0.00027550782348413286,0.0001268853101623284,5.8437113441598884e-05,2.6913251211014987e-05,1.2394915629620837e-05,5.708486583833465e-06,2.629047268376082e-06,1.21080945673593e-06,5.576390954076366e-07,2.568210538802111e-07,1.1827910607294743e-07,5.44735204612191e-08,2.5087815844742425e-08,1.1554210165428747e-08,5.321299126758139e-09,2.4507278291649652e-09,1.1286843211730245e-09,5.198163099555109e-10,2.3940174504678124e-10,1.1025663187895985e-10,5.077876466989403e-11,2.33861936235377e-11,1.0770526927013905e-11,4.9603732934450594e-12,2.28450319813134e-12,1.052129457508564e-12,4.84558916907073e-13,2.2316392938009164e-13,1.0277829514365008e-13,4.7334611744731163e-14,2.179998671794347e-14,1.0039998288470385e-14,4.6239278462274894e-15,2.129553025090744e-15,9.807670529230027e-16,4.516929143186196e-16,2.0802747016998899e-16,9.580718885220236e-17,4.4124064135669004e-17,2.032136689504672e-17,9.359018951957178e-18,4.310302362802366e-18,1.985112601454286e-18,9.142449203704007e-19,4.210561022134182e-19,1.9391766611000588e-19,8.930890926856022e-20,4.113127717933254e-20,1.8943036884659934e-20,8.724228154867366e-21,4.017949041730269e-21,1.8504690862462447e-21,8.522347604683455e-22,3.9249728209395637e-22,1.8076488263220138e-22,8.325138614644353e-23,3.834148090260536e-23,1.7658194365904293e-23,8.132493083825201e-24,3.745425063740812e-24,1.724957988098227e-24,7.944305412780223e-25,3.6587551074858495e-25,1.685042082473138e-25,7.760472445657909e-26,3.5740907130000844e-26,1.6460498396461348e-26,7.580893413655795e-27,3.491385471144945e-27,1.6079598858577848e-27
Ba148,8034997052687.041,2590399452379.007,834631016182.3904,268915370732.4523,86643612930.49582,27916275509.37018,8994528410.382383,2898006265.1039705,933727698.5957053,300843868.2907916,96930864.55964272,31230792.761905804,10062454.523316009,3242088.4031258887,1044589.7856559465,336563.2532551169,108439.52812590204,34938.84476822196,11257.176186903082,3627.0236335414693,1168.6145992432453,376.52362364978706,121.31462268071272,39.08715616168753,12.593747917999725,4.057662470148732,1.3073649582997695,0.4212285143883612,0.1357183854495981,0.043727999221020004,0.014089011665878079,0.004539431331352329,0.0014625892362605936,0.0004712412454068497,0.0001518323161876683,4.891985254603311e-05,1.5761809035222964e-05,5.0784009176859605e-06,1.6362433920573615e-06,5.271920199776834e-07,1.6985946423208335e-07,5.472813793811171e-08,1.7633218706498478e-08,5.681362707841766e-09,1.8305156168771123e-09,5.897858658110373e-10,1.9002698709771618e-10,6.122604477097623e-11,1.9726822045386437e-11,6.355914537122227e-12,2.047853907246533e-12,6.598115190081962e-13,2.1258901285651764e-13,6.849545223951634e-14,2.2069000248203678e-14,7.110556336676475e-15,2.2909969118861823e-15,7.381513628123908e-16,2.378298423690146e-16,7.662796110781741e-17,2.4689266767584527e-17,7.95479723991727e-18,2.5630084410314073e-18,8.257925463938756e-19,2.6606753171880176e-19,8.572604795729192e-20,2.762063920727759e-20,8.899275405751486e-21,2.8673160730670633e-21,9.23839423775476e-22,2.976578999917744e-22,9.590435647942862e-23,3.090005537224948e-23,9.955892068499418e-24,3.207754344952611e-24,1.0335274696397199e-24,3.329990129015514e-25,1.0729114208455672e-25,3.456883871668354e-26,1.1137961503646673e-26,3.5886130706740954e-27,1.1562388473686613e-27,3.7253619875861557e-28,1.2002988802993266e-28,3.867321905491733e-29,1.2460378799125826e-29,4.0146913965767485e-30,1.2935198254870158e-30,4.167676599886756e-31,1.3428111343174753e-31,4.326491509672277e-32,1.3939807546189693e-32,4.491358274721923e-33,1.44710026197076e-33,4.662507509102012e-34,1.502243959435611e-34,4.840178614737336e-35,1.5594889814942072e-35,5.02462011628432e-36,1.6189154019401333e-36,5.216090008764914e-37,1.6806063458863355e-37,5.414856118447624e-38,1.744648106039742e-38,5.62119647748033e-39,1.8111302634066814e-39,5.835399712799022e-40,1.880145812597946e-40,6.057765449856408e-41,1.9517912919087657e-41,6.288604731735173e-42,2.026166918355663e-42,6.5282404542320836e-43,2.1033767278590726e-43,6.777007817521563e-44,2.183528720767781e-44,7.035254795030499e-45,2.266735012928801e-45,7.3033426201802e-46,2.353111992513964e-46,7.581646291676264e-47,2.4427804828225706e-47
Ba149,373571990479.99615,49812998996.96156,6641336615.425789,885458673.1811115,118054106.77281004,15739607.672322642,2098489.0441413755,279781.83192742505,37302.01675114978,4973.305250442407,663.0677713508787,88.40375711205542,11.786463781228898,1.5714346652725733,0.20951211093127847,0.02793328007643668,0.003724214950440686,0.0004965323427514648,6.620035918417774e-05,8.826187498339385e-06,1.1767547293680135e-06,1.568912617537894e-07,2.0917585797947622e-08,2.7888449026635e-09,3.718237834059848e-10,4.957354414879848e-11,6.60941120269747e-12,8.812022056607715e-13,1.1748661165831099e-13,1.5663946175214674e-14,2.0884014469121502e-15,2.7843689927675493e-16,3.712270310551792e-17,4.949398191978357e-18,6.598803538936642e-19,8.797879349464393e-20,1.1729805348956485e-20,1.5638806587269746e-21,2.085049702003702e-22,2.7799002664081844e-23,3.706312364520594e-24,4.941454738283477e-25,6.58821289976801e-26,8.78375934042191e-27,1.1710979794409193e-27,1.56137073466852e-28,2.0817033364220753e-29,2.7754387120563062e-30,3.700363980595039e-31,4.933524033301507e-32,6.577639257868255e-33,8.769661993051352e-34,1.1692184453620244e-34,1.5588648388706306e-35,2.078362341533826e-36,2.770984318201335e-37,3.6944251434286067e-38,4.92560605657162e-39,6.567082585957898e-40,8.755587270982236e-41,1.167341927809854e-41,1.5563629648682096e-42,2.075026708719332e-43,2.766537073351132e-44,3.6884958376993547e-45,4.917700787665789e-46,6.556542856801217e-47,8.741535137902453e-48,1.1654684219430857e-48,1.5538651062065473e-49,2.0716964293728373e-50,2.762096966032041e-51,3.6825760481099945e-52,4.90980820618884e-53,6.546020043206252e-54,8.7275055575582e-55,1.1635979229281643e-55,1.5513712564412878e-56,2.068371494902371e-57,2.7576639847887873e-58,3.6766657593877348e-59,4.901928291778286e-60,6.535514118024651e-61,8.713498493753855e-62,1.1617304259392989e-62,1.548881409138427e-63,2.0650518967297766e-64,2.7532381181845056e-65,3.670764956284332e-66,4.89406102410432e-67,6.525025054151617e-68,8.699513910351845e-69,1.1598659261584303e-69,1.5463955578742712e-70,2.061737626290643e-71,2.7488193548006664e-72,3.664873623575995e-73,4.886206382869791e-74,6.51455282452591e-75,8.685551771272662e-76,1.1580044187752467e-76,1.5439136962354535e-77,2.0584286750343218e-78,2.7444076832370864e-79,3.658991746063377e-80,4.8783643478101e-81,6.504097402129657e-82,8.671612040494623e-83,1.1561458989871422e-83,1.5414358178188805e-84,2.0551250344238654e-85,2.7400030921118485e-86,3.6531193085715033e-87,4.870534898693164e-88,6.49365875998838e-89,8.657694682053918e-90,1.1542903619992306e-90,1.5389619162317546e-91,2.0518266959360523e-92,2.7356055700613375e-93,3.6472562959497824e-94,4.8627180153193926e-95
Ba150,18153961778.148804,1801114870.9130354,178693227.56329024,17728613.58834751,1758901.2412550354,174505.10504227594,17313.099207370644,1717.6769934131223,170.41514164284786,16.90732344469792,1.6774189388800058,0.1664210367605939,0.01651105805146284,0.0016381044325000087,0.00016252054371151785,1.6124080128381716e-05,1.599711359863294e-06,1.5871146846827957e-07,1.57461720003728e-08,1.5622181248665011e-09,1.549916684260546e-10,1.5377121094114095e-11,1.5256036375649447e-12,1.5135905119731908e-13,1.5016719818470805e-14,1.489847302309517e-15,1.478115734348819e-16,1.4664765447725395e-17,1.4549290061616376e-18,1.4434723968250187e-19,1.4321060007544332e-20,1.4208291075797243e-21,1.4096410125244323e-22,1.398541016361751e-23,1.3875284253708245e-24,1.376602551293391e-25,1.3657627112907726e-26,1.3550082279011958e-27,1.344338428997452e-28,1.333752647744895e-29,1.3232502225597615e-30,1.3128304970678243e-31,1.302492820063374e-32,1.2922365454685171e-33,1.2820610322927971e-34,1.2719656445931388e-35,1.2619497514340987e-36,1.2520127268484347e-37,1.242153949797987e-38,1.232372804134862e-39,1.2226686785629245e-40,1.2130409665995968e-41,1.2034890665379512e-42,1.194012381409106e-43,1.1846103189449187e-44,1.175282291540968e-45,1.16602771621983e-46,1.1568460145946472e-47,1.1477366128329765e-48,1.1386989416209278e-49,1.1297324361275852e-50,1.1208365359697036e-51,1.1120106851766873e-52,1.1032543321558449e-53,1.0945669296579137e-54,1.0859479347428587e-55,1.0773968087459423e-56,1.0689130172440564e-57,1.060496030022323e-58,1.0521453210409592e-59,1.0438603684023988e-60,1.0356406543186747e-61,1.0274856650790618e-62,1.0193948910179676e-63,1.0113678264830808e-64,1.0034039698037712e-65,9.95502823259734e-67,9.876638930498836e-68,9.798866892614954e-69,9.72170725839584e-70,9.64515520556527e-71,9.56920594981929e-72,9.493854744527187e-73,9.419096880434833e-74,9.344927685370401e-75,9.271342523952331e-76,9.198336797299642e-77,9.125905942744532e-78,9.054045433547198e-79,8.982750778612932e-80,8.912017522211457e-81,8.841841243698436e-82,8.772217557239191e-83,8.703142111534626e-84,8.634610589549254e-85,8.566618708241398e-86,8.499162218295533e-87,8.432236903856693e-88,8.36583858226699e-89,8.299963103804232e-90,8.234606351422552e-91,8.169764240495107e-92,8.10543271855882e-93,8.041607765061086e-94,7.978285391108503e-95,7.915461639217598e-96,7.853132583067467e-97,7.791294327254398e-98,7.729943007048435e-99,7.669074788151823e-100,7.608685866459373e-101,7.548772467820738e-102,7.489330847804514e-103,7.430357291464231e-104,7.371848113106189e-105,7.313799656059096e-106,7.256208292445538e-107,7.199070422955263e-108,7.142382476620211e-109,7.086140910591346e-110,7.030342209917249e-111,6.974982887324425e-112
Ba151,295782798.98607767,20356157.55162595,1400934.4918869033,96413.94479910076,6635.32007067928,456.65046204778804,31.42721711495529,2.1628577165157465,0.14885038929093092,0.010244057305699517,0.0007050079652619992,4.851946999616322e-05,3.339166484216562e-06,2.2980532990564232e-07,1.5815470687868826e-08,1.088439128811942e-09,7.49076496368595e-11,5.1552317677546275e-12,3.5478905970357873e-13,2.4416996665927762e-14,1.6804061734091657e-15,1.156475117012244e-16,7.958996565426372e-18,5.47747421424184e-19,3.7696616050841306e-20,2.594325059513289e-21,1.7854447479692057e-22,1.228763888457707e-23,8.45649631720637e-25,5.819859342764719e-26,4.005295041712394e-27,2.7564907373766467e-28,1.8970490578378856e-29,1.3055712754792646e-30,8.985093708115461e-32,6.183646229041002e-33,4.25565741750655e-34,2.928793042869014e-35,2.015629513003379e-36,1.3871797270149214e-37,9.546732584670015e-39,6.570172650902646e-40,4.521669406765007e-41,3.11186559477485e-42,2.141622177299238e-43,1.4738893472781158e-44,1.014347829905003e-45,6.98086000779569e-47,4.804309233155771e-48,3.3063816180256108e-49,2.275490371971066e-50,1.566018999351004e-51,1.0777525304156746e-52,7.417218547787502e-54,5.10461626700374e-55,3.51305641939482e-56,2.4177263794787236e-57,1.663907477760991e-58,1.1451205223420974e-59,7.880852921302863e-61,5.423694847436642e-62,3.732650017943438e-63,2.5688532537994935e-64,1.7679147543524767e-65,1.2166995425037758e-66,8.373468082012241e-68,5.762718343445103e-69,3.965969939888776e-70,2.729426743889453e-71,1.8784233020353916e-72,1.292752813215805e-73,8.896875556571913e-75,6.122933468790932e-76,4.213874188174623e-77,2.9000373373762455e-78,1.995839501278385e-79,1.3735600102538815e-80,9.453000106271999e-82,6.5056648666308854e-83,4.477274397662815e-84,3.0813124319987015e-85,2.1205951345188866e-86,1.4594182913247238e-87,1.0043886805089756e-88,6.91231998071553e-90,4.7571391875490377e-91,3.2739186427784726e-92,2.253148973985523e-93,1.5506433888239798e-94,1.0671708560176923e-95,7.344394231076236e-97,5.05449772333097e-98,3.4785642534080325e-99,2.3939884687719037e-100,1.6475707709000548e-101,1.1338774102436294e-102,7.803476513233148e-104,5.370443501427316e-105,3.6960018208696017e-106,2.5436315373657405e-107,1.7505568750935607e-108,1.204753647657226e-109,8.291255041146934e-111,5.706138370365295e-112,3.92703094286327e-113,2.7026284722251385e-114,1.8599804190889195e-115,1.280060206183605e-116,8.809523555400824e-118,6.062816803323888e-119,4.172501198221048e-120,2.8715639634058064e-121,1.9762437933981938e-122,1.3600740156638316e-123,9.360187919442715e-125,6.441790437744564e-126,4.433315271119891e-127,3.0510592486809184e-128,2.0997745410986396e-129,1.4450893162275351e-130,9.945273128144211e-132,6.844452898703311e-133
Ba152,5383408.931606987,257484.07407143727,12315.254004052593,589.0285903362505,28.172758768868086,1.3474801557522744,0.06444888074477784,0.0030825375880475826,0.00014743526764033284,7.051709029749236e-06,3.372775119285201e-07,1.6131709288172118e-08,7.715665449205815e-10,3.690340078699364e-11,1.7650596680363616e-12,8.442136944806038e-14,4.037805490969429e-15,1.9312495508537924e-16,9.237009647974683e-18,4.417986644918927e-19,2.1130871070337874e-20,1.0106723901141083e-21,4.8339639039907866e-23,2.3120456493768086e-24,1.1058326439692866e-25,5.2891076644516785e-27,2.5297372110258005e-28,1.2099527487141881e-29,5.787105663545893e-31,2.767925606734252e-32,1.3238763226107833e-33,6.331992858859093e-35,3.0285407239230586e-36,1.4485264151281802e-37,6.928184120985269e-39,3.3136941593174125e-40,1.5849129858189705e-41,7.580510004384471e-43,3.625696327857374e-44,1.7341410873721102e-45,8.294255886259713e-47,3.967075182504569e-48,1.8974198191443248e-49,9.075204790570002e-51,4.3405966966196326e-52,2.076072123714786e-53,9.929684244155223e-55,4.749287274865897e-56,2.271545505838196e-57,1.0864617544617591e-58,5.196458274220478e-60,2.4854237606451274e-61,1.1887579855350662e-62,5.685732833770718e-64,2.7194398061155857e-65,1.3006859582217586e-66,6.2210752306806074e-68,2.975489723799215e-69,1.4231525529174677e-70,6.806823000179775e-72,3.255648121544939e-73,1.5571500376958757e-74,7.447722079822432e-76,3.562184942714432e-77,1.7037641080189121e-78,8.148965262767902e-80,3.89758385807367e-81,1.8641826834290065e-82,8.916234271644718e-84,4.264562389380192e-85,2.0397055324973398e-86,9.755745793895917e-88,4.666093927714639e-89,2.2317548040128553e-90,1.0674301851600144e-91,5.105431824956791e-93,2.441886549739481e-94,1.1679344913883065e-95,5.586135753604078e-97,2.6718033321030705e-98,1.277901819845929e-99,6.11210054850901e-101,2.923368018960033e-102,1.3982231650889726e-103,6.687587764221731e-105,3.1986188772178093e-106,1.52987341361415e-107,7.317260203626428e-109,3.4997860876010354e-110,1.67391924273725e-111,8.006219697635035e-113,3.829309814372015e-114,1.8315277631935757e-115,8.76004844204277e-117,4.189859976412781e-118,2.0039759754858228e-119,9.58485422647143e-121,4.58435787986108e-122,2.192661116598048e-123,1.0487319921861525e-124,5.015999887575678e-126,2.3991119809085794e-127,1.1474757627478611e-128,5.488283317209445e-130,2.6250013070278834e-131,1.2555167916152112e-132,6.005034777725573e-134,2.8721593309239766e-135,1.373730465777272e-136,6.570441173949593e-138,3.1425886151477055e-139,1.5030745946271733e-140,7.189083630367121e-142,3.4384802743094745e-143,1.6445971704757568e-144,7.865974609029958e-146,3.7622317282720903e-147,1.7994448597594348e-148,8.606598522313236e-150,4.1164661269024464e-151,1.968872293741053e-152,9.416956169582549e-154
Ba153,13447.892619292625,167.26346738955542,2.0804053330289394,0.02587586170036264,0.00032184123358377294,4.003027255060379e-06,4.9789230007363976e-08,6.192731817132737e-10,7.702454396915975e-12,9.580231388744249e-14,1.191579056912419e-15,1.48207343983411e-17,1.84338728372192e-19,2.292785624825736e-21,2.8517425327973305e-23,3.546967228557814e-25,4.4116803588584054e-27,5.48720141309301e-29,6.824923135555815e-31,8.488767278544125e-33,1.055823904211823e-34,1.3132226153999188e-36,1.6333724125001602e-38,2.0315713471810177e-40,2.526846974456595e-42,3.1428655661934433e-44,3.909062981262903e-46,4.862051229886896e-48,6.0473679435084e-50,7.521652346930077e-52,9.355351709467246e-54,1.1636087600293512e-55,1.4472842801269208e-57,1.80011689448751e-59,2.2389663719246535e-61,2.784802714735163e-63,3.46370819019041e-65,4.308123646716959e-67,5.358398668792453e-69,6.6647196432250234e-71,8.289507867618113e-73,1.0310402292338789e-74,1.2823969423459891e-76,1.595031766083784e-78,1.983883656305499e-80,2.467533528450954e-82,3.069092128803753e-84,3.8173043593852736e-86,4.7479228255886544e-88,5.905416240211969e-90,7.345094318342374e-92,9.135750699159674e-94,1.1362950184148499e-95,1.413311736925097e-97,1.757862204233465e-99,2.1864104346826818e-101,2.719434195340616e-103,3.3824035165022256e-105,4.206997752712173e-107,5.232619350404361e-109,6.508276656096275e-111,8.09492573332598e-113,1.0068383089812807e-114,1.2522948496721711e-116,1.557591101298274e-118,1.9373153530725462e-120,2.4096123649668162e-122,2.9970503977023643e-124,3.727699615490479e-126,4.636473391965906e-128,5.766796612333625e-130,7.172680689950379e-132,8.921304450022569e-134,1.1096224205478057e-135,1.380136641541536e-137,1.7165993711493205e-139,2.1350881589078963e-141,2.6556000910431286e-143,3.3030073320979385e-145,4.108245617512127e-147,5.109792488134612e-149,6.35550590268958e-151,7.904911084533652e-153,9.832044877487877e-155,1.2228993525565817e-156,1.521029292601651e-158,1.8918401617562667e-160,2.353050802533964e-162,2.926699724021962e-164,3.6401981909468724e-166,4.527640044726864e-168,5.63143084505572e-170,7.004314178990386e-172,8.711891962782383e-174,1.0835759166664372e-175,1.3477402752415628e-177,1.676305113070686e-179,2.0849705864902456e-181,2.593264384051407e-183,3.225474838429327e-185,4.0118115211558945e-187,4.9898487780845964e-189,6.206321183548143e-191,7.719356707267612e-193,9.601254303756627e-195,1.1941938648672077e-196,1.4853257103381775e-198,1.8474324234088524e-200,2.297816926824244e-202,2.8580004130584124e-204,3.554750713900904e-206,4.4213613756817625e-208,5.499242559520724e-210,6.839899786246463e-212,8.507395078418183e-214,1.0581408102765733e-215,1.3161043586810205e-217,1.6369566943424468e-219,2.036029439062138e-221,2.532391902030656e-223,3.149762288518033e-225,3.91764105161408e-227
Be11,0.0,0.0,0.0,0.0,0.0,0.0,0.0,0.0,0.0,0.0,0.0,0.0,0.0,0.0,0.0,0.0,0.0,0.0,0.0,0.0,0.0,0.0,0.0,0.0,0.0,0.0,0.0,0.0,0.0,0.0,0.0,0.0,0.0,0.0,0.0,0.0,0.0,0.0,0.0,0.0,0.0,0.0,0.0,0.0,0.0,0.0,0.0,0.0,0.0,0.0,0.0,0.0,0.0,0.0,0.0,0.0,0.0,0.0,0.0,0.0,0.0,0.0,0.0,0.0,0.0,0.0,0.0,0.0,0.0,0.0,0.0,0.0,0.0,0.0,0.0,0.0,0.0,0.0,0.0,0.0,0.0,0.0,0.0,0.0,0.0,0.0,0.0,0.0,0.0,0.0,0.0,0.0,0.0,0.0,0.0,0.0,0.0,0.0,0.0,0.0,0.0,0.0,0.0,0.0,0.0,0.0,0.0,0.0,0.0,0.0,0.0,0.0,0.0,0.0,0.0,0.0,0.0,0.0,0.0,0.0,0.0,0.0
Be12,0.0,0.0,0.0,0.0,0.0,0.0,0.0,0.0,0.0,0.0,0.0,0.0,0.0,0.0,0.0,0.0,0.0,0.0,0.0,0.0,0.0,0.0,0.0,0.0,0.0,0.0,0.0,0.0,0.0,0.0,0.0,0.0,0.0,0.0,0.0,0.0,0.0,0.0,0.0,0.0,0.0,0.0,0.0,0.0,0.0,0.0,0.0,0.0,0.0,0.0,0.0,0.0,0.0,0.0,0.0,0.0,0.0,0.0,0.0,0.0,0.0,0.0,0.0,0.0,0.0,0.0,0.0,0.0,0.0,0.0,0.0,0.0,0.0,0.0,0.0,0.0,0.0,0.0,0.0,0.0,0.0,0.0,0.0,0.0,0.0,0.0,0.0,0.0,0.0,0.0,0.0,0.0,0.0,0.0,0.0,0.0,0.0,0.0,0.0,0.0,0.0,0.0,0.0,0.0,0.0,0.0,0.0,0.0,0.0,0.0,0.0,0.0,0.0,0.0,0.0,0.0,0.0,0.0,0.0,0.0,0.0,0.0
Be14,0.0,0.0,0.0,0.0,0.0,0.0,0.0,0.0,0.0,0.0,0.0,0.0,0.0,0.0,0.0,0.0,0.0,0.0,0.0,0.0,0.0,0.0,0.0,0.0,0.0,0.0,0.0,0.0,0.0,0.0,0.0,0.0,0.0,0.0,0.0,0.0,0.0,0.0,0.0,0.0,0.0,0.0,0.0,0.0,0.0,0.0,0.0,0.0,0.0,0.0,0.0,0.0,0.0,0.0,0.0,0.0,0.0,0.0,0.0,0.0,0.0,0.0,0.0,0.0,0.0,0.0,0.0,0.0,0.0,0.0,0.0,0.0,0.0,0.0,0.0,0.0,0.0,0.0,0.0,0.0,0.0,0.0,0.0,0.0,0.0,0.0,0.0,0.0,0.0,0.0,0.0,0.0,0.0,0.0,0.0,0.0,0.0,0.0,0.0,0.0,0.0,0.0,0.0,0.0,0.0,0.0,0.0,0.0,0.0,0.0,0.0,0.0,0.0,0.0,0.0,0.0,0.0,0.0,0.0,0.0,0.0,0.0
Br87,461309862986634.75,489432850963262.06,514013679971563.0,534774674113801.56,552082923418169.7,566337795984208.9,577910768423310.5,587133408583340.1,594298184200116.8,599662291509166.8,603451812652579.1,605865530401733.5,607078285452570.4,607243903296809.4,606497745129097.9,604958935549604.6,602732312318132.1,599910136018659.5,596573591355055.2,592794106886057.8,588634516067823.5,584150079269144.8,579389383778433.5,574395136603836.8,569204862986231.8,563851521933016.8,558364048689450.6,552767832856907.0,547085139815042.9,541335482184815.44,535535947263054.4,529701485651602.94,523845165682185.4,517978397691094.44,512111131716411.6,506252031766510.9,500408629435201.94,494587459309882.1,488794178329172.94,483033670991000.7,477310142086930.7,471627198440041.2,465987920948679.56,460394928084200.2,454850431854825.4,449356287127907.5,443914035097215.7,438524941588711.44,433190030816168.56,427910115125602.0,422685821203633.06,417517613168674.94,412405812914211.0,407350618029708.7,402352117586170.7,397410306039333.06,392525095473557.3,387696326383059.6,382923777163827.7,378207172469045.06,373546190562753.4,368940469790519.75,364389614271820.44,359893198906438.3,355450773776259.25,351061868014192.1,346725993203465.3,342442646363039.3,338211312568292.44,334031467250299.8,329902578211902.56,325824107394236.75,321795512423403.56,317816247963450.06,313885766898715.75,310003521365891.44,306168963653702.7,302381546986024.1,298640726202348.7,294945958347891.0,291296703184144.7,287692423629429.94,284132586137844.94,280616661024028.97,277144122740265.5,273714450111687.03,270327126534653.78,266981640142778.16,263677483944533.7,260414155935925.38,257191159191277.47,254008001934838.16,250864197595575.7,247759264847259.22,244692727635670.12,241664115194566.56,238672962051833.3,235718808027076.2,232801198221772.25,229919683002950.3,227073817981267.8,224263163984233.56,221487287025249.78,218745758269054.72,216038153994085.97,213364055552213.72,210723049326247.5,208114726685562.53,205538683940157.03,202994522293409.28,200481847793771.53,198000271285608.78,195549408359368.9,193128879301236.62,190738309042418.53,188377327108177.16,186045567566723.62,183742668978059.84,181468274342853.4,179222031051416.0,177003590832844.97,174812609704383.5
Br88,503252437728524.3,525899624292402.56,532490612548454.25,528336776444093.4,517771363227086.44,503473893586912.2,487122300878891.9,469767928709369.1,452066109567801.1,434421283582540.44,417078963021766.3,400184123817809.6,383818295639472.4,368023118932328.56,352815301242981.94,338196107134734.8,324157373920606.7,310685319592265.3,297762947938274.44,285371562551981.4,273491714986827.06,262103793797694.62,251188385866068.9,240726493514059.25,230699660468199.56,221090040381728.28,211880429322853.06,203054275817590.53,194595677066155.88,186489366793523.66,178720698187802.4,171275624104975.6,164140675908692.03,157302941799645.4,150750045162882.72,144470123254639.2,138451806419472.67,132684197945866.1,127156854616509.34,121859767976961.73,116783346326231.4,111918397420470.45,107256111873601.78,102788047234440.72,98506112717595.16,94402554564382.56,90469942009727.81,86701153831200.08,83089365456832.19,79628036609011.39,76310899462470.06,73131947295189.72,70085423611831.27,67165811720096.91,64367824741218.016,61686396036518.51,59116670032746.76,56653993429578.28,54293906773378.92,52032136381976.16,49864586605821.445,47787332411531.24,45796612274380.27,43888821366876.305,42060505031083.734,40308352522875.61,38629191016786.88,37019979860612.266,35477805069345.56,33999874048489.875,32583510537183.246,31226149761983.375,29925333792535.535,28678707090713.164,27484012245172.42,26339085883595.957,25241854755224.055,24190331976579.574,23182613433587.73,22216874333576.348,21291365900912.4,20404412210291.41,19554407151945.473,18739811523274.227,17959150241632.477,17211009673227.24,16494035073287.264,15806928132869.818,15148444627862.334,14517392165921.682,13912628027271.244,13333057095445.953,12777629874237.979,12245340587252.46,11735225356631.72,11246360457649.945,10777860646017.885,10328877554868.506,9898598158520.799,9486243300240.064,9091066281328.555,8712351508991.719,8349413200531.36,8001594141519.584,7668264495704.43,7348820664492.483,7042684193942.98,6749300727294.27,6468139001125.824,6198689883338.022,5940465451207.722,5692998107850.038,5455839735486.551,5228560883986.511,5010749993211.787,4802012647757.224,4601970862737.019,4410262399323.692,4226540108800.3057,4050471303938.074,3881737156561.071,3720032120207.1167
Br89,376906755419452.25,333972480582532.75,287502767480391.9,246005712771706.28,210224996262411.72,179598172463930.5,153423974612512.44,131062630683768.88,111960108173984.98,95641741185527.1,81701791878407.62,69793612332011.516,59621070487835.78,50931194455353.93,43507883147437.72,37166532536636.15,31749444947652.93,27121907417311.867,23168841633786.094,19791942151854.46,16907231718098.166,14442972911714.924,12337884167355.314,10539615815771.982,9003448244228.582,7691179802322.362,6570176797492.086,5612561955354.232,4794521163374.771,4095711257872.031,3498754127107.0737,2988804549739.8784,2553181021591.8105,2181050390057.7705,1863158453608.3374,1591599826889.036,1359621348386.7869,1161454141775.2908,992170154615.1489,847559606791.1759,724026301055.8468,618498192245.4551,528350991190.5661,451342903491.0896,385558880229.8523,329362994242.8733,281357757632.14246,240349368822.57312,205318024921.627,175392561104.81897,149828786355.46106,127990976808.50038,109336066472.09544,93400142179.37079,79786906924.74376,68157824689.30508,58223701675.26037,49737494590.28223,42488167137.08698,36295441930.47768,31005317331.72325,26486237712.224155,22625821907.99511,19328068507.67038,16510968474.705128,14104465734.096497,12048715007.182833,10292593570.089748,8792429926.004412,7510917775.705376,6416188278.800816,5481017534.525564,4682149573.608134,3999718025.265617,3416752077.2529645,2918754443.1053195,2493340841.398227,2129932021.540771,1819490677.351875,1554296705.9463096,1327755223.03396,1134232560.3274226,968916166.6163484,827694928.5070025,707056934.6248456,604002140.8646986,515967764.83453417,440764554.1905144,376522343.97446203,321643549.0653034,274763435.187637,234716180.49079233,200505883.71252474,171281797.9539234,146317174.17525366,124991188.28955004,106773502.41415492,91211076.34704106,77916901.29369442,66560375.67314889,56859083.66724592,48571772.06082203,41492350.71981112,35444767.51023181,30278630.206760764,25865466.51584369,22095529.2070263,18875066.902021743,16123992.651079128,13773892.318453528,11766323.249201912,10051360.90829071,8586357.349613631,7334880.64033724,6265808.866016384,5352556.186060094,4572411.692976664,3905974.6340484307,3336671.95044233,2850346.1358450246,2434903.165427946,2080011.739785901
Br90,200346812974207.12,143027782334651.72,99731875421919.64,69510669035268.54,48446799960679.6,33765924291248.91,23533806942445.19,16402336991312.121,11431922571121.768,7967697148339.065,5553238963321.8545,3870436138525.111,2697574514862.973,1880126167386.1873,1310389902415.6619,913301312507.1957,636542822780.986,443650698499.1264,309210842121.904,215510412153.5048,150204104836.21732,104687624529.1542,72964042770.38509,50853685536.78463,35443449053.563545,24702989912.183723,17217221430.09376,11999871870.840893,8363540278.625226,5829129406.136306,4062723260.904569,2831592703.5895867,1973532708.0182629,1375491377.93739,958675031.3755593,668166904.2237812,465691707.0838961,324572744.737563,226217184.0811771,157666394.37021938,109888609.98634443,76588969.08859466,53380147.28535242,37204314.90479801,25930259.05560192,18072590.13937423,12596037.457452422,8779049.289889894,6118726.360941148,4264563.399044961,2972269.049416445,2071579.7786233833,1443827.159605171,1006302.9617902668,701362.1015307545,488827.7349283605,340697.84197587316,237455.879102335,165499.41788083228,115347.98558131384,80393.98535677847,56032.126169986084,39052.66232537283,27218.500152445187,18970.454418092886,13221.821144197416,9215.20120268791,6422.710780903961,4476.431156284214,3119.9343362199065,2174.4979253526435,1515.557930969759,1056.297095226172,736.2064693028966,513.1131836799995,357.62405010584297,249.25292368606867,173.72159380127215,121.07858839346888,84.38803862302407,58.815858007022655,40.992837486786044,28.5707423500888,19.912925488465763,13.878694387790652,9.673021576928138,6.741797449623963,4.698824714726861,3.2749357815488014,2.2825291481195635,1.5908523585007552,1.1087749870061443,0.7727819399715166,0.5386051577143228,0.37539116911448894,0.26163605719477007,0.1823522556108606,0.12709389326110548,0.08858052043367896,0.06173788841436557,0.04302940248266447,0.029990165286966713,0.020902219460331436,0.01456820174838214,0.010153586923357237,0.007076736661861528,0.004932267006660561,0.0034376378530656115,0.0023959274696344125,0.0016698874881859755,0.0011638600327185857,0.0008111745164527204,0.0005653635984090934,0.00039404097629182474,0.0002746343971099874,0.00019141169729542957,0.00013340804446590845,9.298128891646762e-05,6.48050882027353e-05,4.516714605599002e-05,3.1480106569117046e-05,2.1940662542072234e-05
Br91,81009133168593.14,22591243184553.383,6280784410562.541,1744701693672.4607,484537388201.4435,134556737077.51106,37365936710.39297,10376339315.690853,2881455163.65956,800164729.5044221,222201454.30541623,61704150.48102531,17134911.057612825,4758272.7259030165,1321346.766506858,366930.89649133483,101894.73816145824,28295.621230425757,7857.541962021891,2181.997178365025,605.9288909182646,168.26319689584412,46.72578557312621,12.975499560829299,3.603226500913304,1.0005966364546002,0.2778603089843193,0.07716031465229138,0.0214270047384731,0.0059501640724441375,0.0016523285882060232,0.0004588427697391942,0.00012741817144888847,3.538334149758209e-05,9.825763792542925e-06,2.728561803962044e-06,7.577069503432266e-07,2.1041114838035726e-07,5.843004520769667e-08,1.6225709565549796e-08,4.505792353398603e-09,1.2512343235238585e-09,3.4746104781844305e-10,9.648806580935226e-11,2.6794217372229204e-11,7.44061017876351e-12,2.0662174626417583e-12,5.737774860334392e-13,1.5933492453303007e-13,4.4246452316302346e-14,1.2287002038733666e-14,3.4120344388429327e-15,9.475036282365642e-16,2.631166659108802e-16,7.306608419949283e-17,2.0290058943113942e-17,5.634440334738716e-18,1.564653802866593e-18,4.344959529930701e-19,1.2065719127226815e-19,3.3505853634371795e-20,9.304395502085373e-21,2.5837806314063684e-21,7.17501996742768e-22,1.9924644881699778e-22,5.532966813528899e-23,1.53647515132026e-23,4.26670892883765e-24,1.1848421412985385e-24,3.2902429558965665e-25,9.136827878996992e-26,2.537248002941733e-26,7.045801358729881e-27,1.9565811749234767e-27,5.433320780923964e-28,1.50880398353903e-28,4.189867582889368e-29,1.1635037124551102e-29,3.230987285672815e-30,8.97227806703895e-31,2.49155340441102e-31,6.918909914124924e-32,1.9213441026399546e-32,5.335469324745832e-33,1.4816311599879136e-33,4.1144101120883245e-34,1.1425495783034655e-34,3.1727987811570993e-35,8.810691716905282e-36,2.4466817433040257e-36,6.794303722523016e-37,1.8867416328349952e-37,5.239380125548705e-38,1.454947705730489e-38,4.040311593518365e-39,1.12197281788372e-39,3.1156582232157345e-40,8.65201545809453e-41,2.402618198919293e-41,6.671941627632632e-42,1.8527623366276033e-42,5.145021445944203e-43,1.428744807464553e-43,3.96754755311288e-44,1.1017666348790943e-44,3.059546738842242e-45,8.496196881281888e-46,2.3593482174689574e-46,6.551783214366942e-47,1.8193949909653488e-47,5.052362120118847e-48,1.4030138106111766e-48,3.896093957571254e-49,1.0819243553711534e-49,3.0044457949237727e-50,8.343184521008892e-51,2.3168575072717677e-51,6.433788795495142e-52,1.786628574917508e-52,4.961371543540238e-53,1.3777462164561751e-53,3.825927206420903e-54
Br92,9685622338732.432,1286480553373.691,170517392386.42133,22601133911.186756,2995654735.363551,397057392.2186995,52627751.40749411,6975516.065152229,924565.9005729064,122546.0735116999,16242.801214958672,2152.8930609390286,285.3540144030639,37.82208926830205,5.013107804394883,0.664459588157836,0.08807042687329043,0.01167324578933028,0.001547223876343477,0.00020507592890020704,2.7181675035724735e-05,3.602780012798445e-06,4.775284747374981e-07,6.329374632230111e-08,8.389234434059653e-09,1.1119464161787904e-09,1.4738231982564054e-10,1.9534707681179085e-11,2.589216974197254e-12,3.4318632502140135e-13,4.5487440741890654e-14,6.029107555838598e-15,7.991247106235684e-16,1.0591954069732592e-16,1.403904666241416e-17,1.860797638394764e-18,2.4663838893887594e-19,3.269054820536006e-20,4.332950545796084e-21,5.743085222791174e-22,7.612140394319325e-23,1.0089469185112758e-23,1.3373030864394958e-24,1.772520944550183e-25,2.349378036084582e-26,3.1139700624735684e-27,4.127394315025652e-28,5.470631858989066e-29,7.251018597286644e-30,9.610822305983617e-31,1.2738611018285983e-31,1.6884321185937212e-32,2.2379229690007995e-33,2.9662425631613292e-34,3.9315897219815065e-35,5.211103749221576e-36,6.907028506388718e-37,9.154882551550187e-38,1.2134288204421846e-38,1.608332487051283e-39,2.1317553574851953e-40,2.825523292449621e-41,3.7450741465913214e-42,4.963887716284616e-43,6.579357389307816e-44,8.720572690278266e-45,1.1558634612251676e-45,1.5320328015668352e-46,2.0306243633559204e-47,2.6914797782642306e-48,3.567406915591884e-49,4.728399672250261e-50,6.267231069945634e-51,8.306866594760443e-52,1.1010290166905478e-52,1.4593527917725197e-53,1.9342910482556534e-54,2.563795321087216e-55,3.398168261367019e-56,4.504083238464303e-57,5.9699120993067316e-58,7.9127868173236835e-59,1.048795931579671e-59,1.390120739370695e-60,1.842527809121019e-61,2.44216824570301e-62,3.236958330178663e-63,4.29040843101161e-64,5.686698013155925e-65,7.537402280651082e-66,9.990407967669643e-67,1.3241730724216528e-67,1.755117840433501e-68,2.326311188441886e-69,3.083396237447646e-70,4.086870408543285e-71,5.41691967233269e-72,7.179826077960682e-73,9.516460576858678e-74,1.2613539788783916e-74,1.671854621981245e-75,2.215950418236664e-76,2.937119167852104e-77,3.8929882795071213e-78,5.159939681801476e-79,6.839213377544625e-80,9.064997365871328e-81,1.2015150384554294e-81,1.5925414309216284e-82,2.110825189888781e-83,2.7977815181175483e-84,3.7083039659634615e-85,4.9151508847026976e-86,6.514759426717334e-87,8.634951679732516e-88,1.144514871961834e-88,1.51699087699167e-89,2.01068712801549e-90,2.6650540804731436e-91,3.532381121301852e-92,4.681974927846294e-93,6.205697650456927e-94
Br93,1109253997899.3945,1242639498.124205,1390202.337314974,1555.262277363029,1.7399195671848675,0.0019465013306739437,2.1776106790518846e-06,2.4361597882273525e-09,2.725406598556868e-12,3.0489958677390856e-15,3.411005097886146e-18,3.815995915544783e-21,4.2690715521001926e-24,4.7759411488650125e-27,5.3429916971526805e-30,5.9773685198417354e-33,6.687065308567709e-36,7.481024851088434e-39,8.369251718073907e-42,9.362938329270772e-45,1.0474605987583184e-47,1.171826265822033e-50,1.3109579481063082e-53,1.4666088240456872e-56,1.6407402280719454e-59,1.835546365108819e-62,2.053481959434506e-65,2.297293186311308e-68,2.570052276147441e-71,2.8751962272331283e-74,3.2165701148646035e-77,3.5984755425881354e-80,4.025724846091239e-83,4.503701732756572e-86,5.038429120988871e-89,5.6366450341485734e-92,6.305887505420753e-95,7.05458956349343e-98,7.89218549594626e-101,8.829229729359368e-104,9.877529824133547e-107,1.1050295259870508e-109,1.236230388613662e-112,1.3830088136032266e-115,1.5472143349017385e-118,1.730916082803945e-121,1.9364288567683368e-124,2.1663422938741334e-127,2.4235535004678395e-130,2.7113035581860746e-133,3.0332183643618382e-136,3.3933543214383545e-139,3.7962494511162486e-142,4.246980577316124e-145,4.751227298510862e-148,5.315343555533882e-151,5.9464376966790556e-154,6.652462048981146e-157,7.442313124351746e-160,8.32594372325372e-163,9.314488348516808e-166,1.0420403509615647e-168,1.165762468536455e-171,1.3041741922893491e-174,1.4590196285602825e-177,1.6322499625509347e-180,1.8260480449303622e-183,2.042855897624164e-186,2.28540548538359e-189,2.5567531408827373e-192,2.86031807712956e-195,3.1999254724800876e-198,3.57985467116394e-201,4.0048931066890735e-204,4.4803966276068835e-207,5.01235698579398e-210,5.6074773376608484e-213,6.27325670966733e-216,7.018084492482783e-219,7.851346154498298e-222,8.783541506771981e-225,9.82641700964668e-228,1.099311378821726e-230,1.2298333221768865e-233,1.375852219375523e-236,1.539208033662537e-239,1.721959188296123e-242,1.926408504444911e-245,2.1551322187082494e-248,2.4110124459052216e-251,2.6972734961913753e-254,3.017522504129971e-257,3.375794881678833e-260,3.7766051678394156e-263,4.225003915717271e-266,4.72664133381954e-269,5.287838483524472e-272,5.915666929872015e-275,6.618037849343737e-278,7.40380171746652e-281,8.282859832389131e-284,9.266289079724466e-287,1.0366481510801325e-289,1.159730049313132e-292,1.297425540072056e-295,1.451469704547391e-298,1.6238036312294948e-301,1.8165988752871021e-304,2.032284822023513e-307,2.2735792992134e-310,2.54352282407e-313,2.84551694e-316,3.18336e-319,3.56e-322,0.0,0.0,0.0,0.0,0.0,0.0,0.0,0.0
Br94,59465527654.27552,2978567.5475613265,149.14403187903827,0.007467609874933902,3.7389855168636733e-07,1.8720842060267564e-11,9.373394303881155e-16,4.6931926269518314e-20,2.3498485401218017e-24,1.1765526361185795e-28,5.890916294159699e-33,2.9495403536370385e-37,1.4768141089240598e-41,7.394304368905266e-46,3.702276188290305e-50,1.8537036468260146e-54,9.281363775950194e-59,4.6471135604129036e-63,2.326777073357696e-67,1.1650009148091441e-71,5.833077637934479e-76,2.920580945272937e-80,1.4623143368466806e-84,7.32170502998167e-89,3.665926209932213e-93,1.8355034683364728e-97,9.190236762396591e-102,4.601486905685491e-106,2.3039321282592776e-110,1.1535626114825522e-114,5.775806857712656e-119,2.8919058684405958e-123,1.4479569275682358e-127,7.249818491579696e-132,3.629933125781737e-136,1.8174819842664097e-140,9.100004459232525e-145,4.556308226156996e-149,2.2813114811920388e-153,1.1422366126025311e-157,5.719098377955672e-162,2.863512331495961e-166,1.433740483331302e-170,7.178637755225517e-175,3.594293431752202e-179,1.799637440144265e-183,9.01065808194228e-188,4.5115731234822e-192,2.2589129299354664e-196,1.131021815532758e-200,5.662946677841013e-205,2.835397570202018e-209,1.4196636201018471e-213,7.108155891158097e-218,3.5590036581609967e-222,1.781968098724361e-226,8.922188932258947e-231,4.467277242500038e-235,2.2367342938910476e-239,1.1199171284628964e-243,5.607346290751123e-248,2.8075588474618175e-252,1.4057249674346855e-256,7.038366037654792e-261,3.5240603693918584e-265,1.7644722398178007e-269,8.834588397317706e-274,4.423416270809685e-278,2.2147734138700247e-282,1.1089214703023197e-286,5.552291803741262e-291,2.7799934530519955e-295,1.3919231683400364e-299,6.9692614003631985e-304,3.489460163560332e-308,1.747148160125e-312,8.747848e-317,4.38e-321,0.0,0.0,0.0,0.0,0.0,0.0,0.0,0.0,0.0,0.0,0.0,0.0,0.0,0.0,0.0,0.0,0.0,0.0,0.0,0.0,0.0,0.0,0.0,0.0,0.0,0.0,0.0,0.0,0.0,0.0,0.0,0.0,0.0,0.0,0.0,0.0,0.0,0.0,0.0,0.0,0.0,0.0,0.0,0.0
C16,0.0,0.0,0.0,0.0,0.0,0.0,0.0,0.0,0.0,0.0,0.0,0.0,0.0,0.0,0.0,0.0,0.0,0.0,0.0,0.0,0.0,0.0,0.0,0.0,0.0,0.0,0.0,0.0,0.0,0.0,0.0,0.0,0.0,0.0,0.0,0.0,0.0,0.0,0.0,0.0,0.0,0.0,0.0,0.0,0.0,0.0,0.0,0.0,0.0,0.0,0.0,0.0,0.0,0.0,0.0,0.0,0.0,0.0,0.0,0.0,0.0,0.0,0.0,0.0,0.0,0.0,0.0,0.0,0.0,0.0,0.0,0.0,0.0,0.0,0.0,0.0,0.0,0.0,0.0,0.0,0.0,0.0,0.0,0.0,0.0,0.0,0.0,0.0,0.0,0.0,0.0,0.0,0.0,0.0,0.0,0.0,0.0,0.0,0.0,0.0,0.0,0.0,0.0,0.0,0.0,0.0,0.0,0.0,0.0,0.0,0.0,0.0,0.0,0.0,0.0,0.0,0.0,0.0,0.0,0.0,0.0,0.0
C17,0.0,0.0,0.0,0.0,0.0,0.0,0.0,0.0,0.0,0.0,0.0,0.0,0.0,0.0,0.0,0.0,0.0,0.0,0.0,0.0,0.0,0.0,0.0,0.0,0.0,0.0,0.0,0.0,0.0,0.0,0.0,0.0,0.0,0.0,0.0,0.0,0.0,0.0,0.0,0.0,0.0,0.0,0.0,0.0,0.0,0.0,0.0,0.0,0.0,0.0,0.0,0.0,0.0,0.0,0.0,0.0,0.0,0.0,0.0,0.0,0.0,0.0,0.0,0.0,0.0,0.0,0.0,0.0,0.0,0.0,0.0,0.0,0.0,0.0,0.0,0.0,0.0,0.0,0.0,0.0,0.0,0.0,0.0,0.0,0.0,0.0,0.0,0.0,0.0,0.0,0.0,0.0,0.0,0.0,0.0,0.0,0.0,0.0,0.0,0.0,0.0,0.0,0.0,0.0,0.0,0.0,0.0,0.0,0.0,0.0,0.0,0.0,0.0,0.0,0.0,0.0,0.0,0.0,0.0,0.0,0.0,0.0
C18,0.0,0.0,0.0,0.0,0.0,0.0,0.0,0.0,0.0,0.0,0.0,0.0,0.0,0.0,0.0,0.0,0.0,0.0,0.0,0.0,0.0,0.0,0.0,0.0,0.0,0.0,0.0,0.0,0.0,0.0,0.0,0.0,0.0,0.0,0.0,0.0,0.0,0.0,0.0,0.0,0.0,0.0,0.0,0.0,0.0,0.0,0.0,0.0,0.0,0.0,0.0,0.0,0.0,0.0,0.0,0.0,0.0,0.0,0.0,0.0,0.0,0.0,0.0,0.0,0.0,0.0,0.0,0.0,0.0,0.0,0.0,0.0,0.0,0.0,0.0,0.0,0.0,0.0,0.0,0.0,0.0,0.0,0.0,0.0,0.0,0.0,0.0,0.0,0.0,0.0,0.0,0.0,0.0,0.0,0.0,0.0,0.0,0.0,0.0,0.0,0.0,0.0,0.0,0.0,0.0,0.0,0.0,0.0,0.0,0.0,0.0,0.0,0.0,0.0,0.0,0.0,0.0,0.0,0.0,0.0,0.0,0.0
C19,0.0,0.0,0.0,0.0,0.0,0.0,0.0,0.0,0.0,0.0,0.0,0.0,0.0,0.0,0.0,0.0,0.0,0.0,0.0,0.0,0.0,0.0,0.0,0.0,0.0,0.0,0.0,0.0,0.0,0.0,0.0,0.0,0.0,0.0,0.0,0.0,0.0,0.0,0.0,0.0,0.0,0.0,0.0,0.0,0.0,0.0,0.0,0.0,0.0,0.0,0.0,0.0,0.0,0.0,0.0,0.0,0.0,0.0,0.0,0.0,0.0,0.0,0.0,0.0,0.0,0.0,0.0,0.0,0.0,0.0,0.0,0.0,0.0,0.0,0.0,0.0,0.0,0.0,0.0,0.0,0.0,0.0,0.0,0.0,0.0,0.0,0.0,0.0,0.0,0.0,0.0,0.0,0.0,0.0,0.0,0.0,0.0,0.0,0.0,0.0,0.0,0.0,0.0,0.0,0.0,0.0,0.0,0.0,0.0,0.0,0.0,0.0,0.0,0.0,0.0,0.0,0.0,0.0,0.0,0.0,0.0,0.0
C20,0.0,0.0,0.0,0.0,0.0,0.0,0.0,0.0,0.0,0.0,0.0,0.0,0.0,0.0,0.0,0.0,0.0,0.0,0.0,0.0,0.0,0.0,0.0,0.0,0.0,0.0,0.0,0.0,0.0,0.0,0.0,0.0,0.0,0.0,0.0,0.0,0.0,0.0,0.0,0.0,0.0,0.0,0.0,0.0,0.0,0.0,0.0,0.0,0.0,0.0,0.0,0.0,0.0,0.0,0.0,0.0,0.0,0.0,0.0,0.0,0.0,0.0,0.0,0.0,0.0,0.0,0.0,0.0,0.0,0.0,0.0,0.0,0.0,0.0,0.0,0.0,0.0,0.0,0.0,0.0,0.0,0.0,0.0,0.0,0.0,0.0,0.0,0.0,0.0,0.0,0.0,0.0,0.0,0.0,0.0,0.0,0.0,0.0,0.0,0.0,0.0,0.0,0.0,0.0,0.0,0.0,0.0,0.0,0.0,0.0,0.0,0.0,0.0,0.0,0.0,0.0,0.0,0.0,0.0,0.0,0.0,0.0
C22,0.0,0.0,0.0,0.0,0.0,0.0,0.0,0.0,0.0,0.0,0.0,0.0,0.0,0.0,0.0,0.0,0.0,0.0,0.0,0.0,0.0,0.0,0.0,0.0,0.0,0.0,0.0,0.0,0.0,0.0,0.0,0.0,0.0,0.0,0.0,0.0,0.0,0.0,0.0,0.0,0.0,0.0,0.0,0.0,0.0,0.0,0.0,0.0,0.0,0.0,0.0,0.0,0.0,0.0,0.0,0.0,0.0,0.0,0.0,0.0,0.0,0.0,0.0,0.0,0.0,0.0,0.0,0.0,0.0,0.0,0.0,0.0,0.0,0.0,0.0,0.0,0.0,0.0,0.0,0.0,0.0,0.0,0.0,0.0,0.0,0.0,0.0,0.0,0.0,0.0,0.0,0.0,0.0,0.0,0.0,0.0,0.0,0.0,0.0,0.0,0.0,0.0,0.0,0.0,0.0,0.0,0.0,0.0,0.0,0.0,0.0,0.0,0.0,0.0,0.0,0.0,0.0,0.0,0.0,0.0,0.0,0.0
Ca51,0.0,0.0,0.0,0.0,0.0,0.0,0.0,0.0,0.0,0.0,0.0,0.0,0.0,0.0,0.0,0.0,0.0,0.0,0.0,0.0,0.0,0.0,0.0,0.0,0.0,0.0,0.0,0.0,0.0,0.0,0.0,0.0,0.0,0.0,0.0,0.0,0.0,0.0,0.0,0.0,0.0,0.0,0.0,0.0,0.0,0.0,0.0,0.0,0.0,0.0,0.0,0.0,0.0,0.0,0.0,0.0,0.0,0.0,0.0,0.0,0.0,0.0,0.0,0.0,0.0,0.0,0.0,0.0,0.0,0.0,0.0,0.0,0.0,0.0,0.0,0.0,0.0,0.0,0.0,0.0,0.0,0.0,0.0,0.0,0.0,0.0,0.0,0.0,0.0,0.0,0.0,0.0,0.0,0.0,0.0,0.0,0.0,0.0,0.0,0.0,0.0,0.0,0.0,0.0,0.0,0.0,0.0,0.0,0.0,0.0,0.0,0.0,0.0,0.0,0.0,0.0,0.0,0.0,0.0,0.0,0.0,0.0
Ca52,0.0,0.0,0.0,0.0,0.0,0.0,0.0,0.0,0.0,0.0,0.0,0.0,0.0,0.0,0.0,0.0,0.0,0.0,0.0,0.0,0.0,0.0,0.0,0.0,0.0,0.0,0.0,0.0,0.0,0.0,0.0,0.0,0.0,0.0,0.0,0.0,0.0,0.0,0.0,0.0,0.0,0.0,0.0,0.0,0.0,0.0,0.0,0.0,0.0,0.0,0.0,0.0,0.0,0.0,0.0,0.0,0.0,0.0,0.0,0.0,0.0,0.0,0.0,0.0,0.0,0.0,0.0,0.0,0.0,0.0,0.0,0.0,0.0,0.0,0.0,0.0,0.0,0.0,0.0,0.0,0.0,0.0,0.0,0.0,0.0,0.0,0.0,0.0,0.0,0.0,0.0,0.0,0.0,0.0,0.0,0.0,0.0,0.0,0.0,0.0,0.0,0.0,0.0,0.0,0.0,0.0,0.0,0.0,0.0,0.0,0.0,0.0,0.0,0.0,0.0,0.0,0.0,0.0,0.0,0.0,0.0,0.0
Ca53,0.0,0.0,0.0,0.0,0.0,0.0,0.0,0.0,0.0,0.0,0.0,0.0,0.0,0.0,0.0,0.0,0.0,0.0,0.0,0.0,0.0,0.0,0.0,0.0,0.0,0.0,0.0,0.0,0.0,0.0,0.0,0.0,0.0,0.0,0.0,0.0,0.0,0.0,0.0,0.0,0.0,0.0,0.0,0.0,0.0,0.0,0.0,0.0,0.0,0.0,0.0,0.0,0.0,0.0,0.0,0.0,0.0,0.0,0.0,0.0,0.0,0.0,0.0,0.0,0.0,0.0,0.0,0.0,0.0,0.0,0.0,0.0,0.0,0.0,0.0,0.0,0.0,0.0,0.0,0.0,0.0,0.0,0.0,0.0,0.0,0.0,0.0,0.0,0.0,0.0,0.0,0.0,0.0,0.0,0.0,0.0,0.0,0.0,0.0,0.0,0.0,0.0,0.0,0.0,0.0,0.0,0.0,0.0,0.0,0.0,0.0,0.0,0.0,0.0,0.0,0.0,0.0,0.0,0.0,0.0,0.0,0.0
Ca54,0.0,0.0,0.0,0.0,0.0,0.0,0.0,0.0,0.0,0.0,0.0,0.0,0.0,0.0,0.0,0.0,0.0,0.0,0.0,0.0,0.0,0.0,0.0,0.0,0.0,0.0,0.0,0.0,0.0,0.0,0.0,0.0,0.0,0.0,0.0,0.0,0.0,0.0,0.0,0.0,0.0,0.0,0.0,0.0,0.0,0.0,0.0,0.0,0.0,0.0,0.0,0.0,0.0,0.0,0.0,0.0,0.0,0.0,0.0,0.0,0.0,0.0,0.0,0.0,0.0,0.0,0.0,0.0,0.0,0.0,0.0,0.0,0.0,0.0,0.0,0.0,0.0,0.0,0.0,0.0,0.0,0.0,0.0,0.0,0.0,0.0,0.0,0.0,0.0,0.0,0.0,0.0,0.0,0.0,0.0,0.0,0.0,0.0,0.0,0.0,0.0,0.0,0.0,0.0,0.0,0.0,0.0,0.0,0.0,0.0,0.0,0.0,0.0,0.0,0.0,0.0,0.0,0.0,0.0,0.0,0.0,0.0
Ca55,0.0,0.0,0.0,0.0,0.0,0.0,0.0,0.0,0.0,0.0,0.0,0.0,0.0,0.0,0.0,0.0,0.0,0.0,0.0,0.0,0.0,0.0,0.0,0.0,0.0,0.0,0.0,0.0,0.0,0.0,0.0,0.0,0.0,0.0,0.0,0.0,0.0,0.0,0.0,0.0,0.0,0.0,0.0,0.0,0.0,0.0,0.0,0.0,0.0,0.0,0.0,0.0,0.0,0.0,0.0,0.0,0.0,0.0,0.0,0.0,0.0,0.0,0.0,0.0,0.0,0.0,0.0,0.0,0.0,0.0,0.0,0.0,0.0,0.0,0.0,0.0,0.0,0.0,0.0,0.0,0.0,0.0,0.0,0.0,0.0,0.0,0.0,0.0,0.0,0.0,0.0,0.0,0.0,0.0,0.0,0.0,0.0,0.0,0.0,0.0,0.0,0.0,0.0,0.0,0.0,0.0,0.0,0.0,0.0,0.0,0.0,0.0,0.0,0.0,0.0,0.0,0.0,0.0,0.0,0.0,0.0,0.0
Ca56,0.0,0.0,0.0,0.0,0.0,0.0,0.0,0.0,0.0,0.0,0.0,0.0,0.0,0.0,0.0,0.0,0.0,0.0,0.0,0.0,0.0,0.0,0.0,0.0,0.0,0.0,0.0,0.0,0.0,0.0,0.0,0.0,0.0,0.0,0.0,0.0,0.0,0.0,0.0,0.0,0.0,0.0,0.0,0.0,0.0,0.0,0.0,0.0,0.0,0.0,0.0,0.0,0.0,0.0,0.0,0.0,0.0,0.0,0.0,0.0,0.0,0.0,0.0,0.0,0.0,0.0,0.0,0.0,0.0,0.0,0.0,0.0,0.0,0.0,0.0,0.0,0.0,0.0,0.0,0.0,0.0,0.0,0.0,0.0,0.0,0.0,0.0,0.0,0.0,0.0,0.0,0.0,0.0,0.0,0.0,0.0,0.0,0.0,0.0,0.0,0.0,0.0,0.0,0.0,0.0,0.0,0.0,0.0,0.0,0.0,0.0,0.0,0.0,0.0,0.0,0.0,0.0,0.0,0.0,0.0,0.0,0.0
Cd126,2925149109226.9263,761419117933.8035,198198112278.9874,51591154948.781494,13429226133.071907,3495640187.009195,909918426.8660831,236852621.91096002,61652960.14425317,16048323.484372545,4177393.6897184025,1087379.5045253232,283045.90725358296,73677.11574440313,19178.222490780976,4992.109343447493,1299.4507550903352,338.2482531399706,88.04633827334847,22.91854462330949,5.965718710753293,1.5528821886724433,0.40421669354766254,0.1052179853271983,0.02738834049417886,0.0071292107779141675,0.0018557402675320924,0.0004830509361861856,0.00012573861279663976,3.272987911554209e-05,8.519618302538071e-06,2.217664653288451e-06,5.772601940370804e-07,1.5026137117963279e-07,3.911317617603309e-08,1.0181196528205028e-08,2.6501750274489514e-09,6.898430510261732e-10,1.7956679469098435e-10,4.674140546553208e-11,1.2166831783420846e-11,3.167037751041114e-12,8.243829038704337e-13,2.1458764486480728e-13,5.585736568824078e-14,1.4539724799139882e-14,3.784704033746232e-15,9.851620179153842e-16,2.5643859939622094e-16,6.67512084960869e-17,1.7375402323125173e-17,4.522833559008326e-18,1.1772978272432126e-18,3.0645173118762486e-19,7.976967371782246e-20,2.076412105876467e-20,5.4049202315679714e-21,1.4069058173440808e-21,3.662189068611649e-22,9.532712573167667e-23,2.4813740443247835e-23,6.459039964322268e-24,1.681294174738761e-24,4.376424542384914e-25,1.1391874225796918e-25,2.965315570268139e-26,7.71874430579885e-27,2.009196399050195e-27,5.2299571148165855e-28,1.3613627535740604e-28,3.5436400454762524e-29,9.224128351488494e-30,2.4010492813272964e-30,6.249953851121357e-31,1.6268688629145224e-31,4.2347549440639867e-32,1.1023106929557488e-32,2.8693250963856074e-33,7.468880199893684e-34,1.9441565373903904e-34,5.060657743488241e-35,1.317293968062041e-35,3.428928582505851e-36,8.925533334994994e-37,2.3233247178303094e-37,6.047636081664259e-38,1.574205357329595e-38,4.0976713439464046e-39,1.0666277029753486e-39,2.7764419380173452e-40,7.227104465483459e-41,1.8812220864344513e-41,4.8968387760146294e-42,1.2746517368254368e-42,3.3179304537251283e-43,8.63660416230561e-44,2.248116182562214e-44,5.851867557339681e-45,1.5232466264094887e-45,3.965025288307634e-46,1.0320998099944393e-46,2.686565507997616e-47,6.993155273230178e-48,1.8203248917595517e-48,4.738322805792445e-49,1.2333898807586291e-49,3.210525454488046e-50,8.357027939596678e-51,2.1753422289665746e-51,5.662436271995571e-52,1.473937484753519e-52,3.836673129030898e-53,9.986896222731813e-54,2.5995984752760973e-54,6.766779269494854e-55,1.7613990051752953e-55,4.584938169062111e-56,1.1934637156236242e-56,3.1065972713030296e-57,8.086501901756172e-58,2.1049240470000953e-58,5.479137082348332e-59
Cd127,2950720262911.2036,453245464936.8765,69620779996.59276,10694101498.896332,1642667704.5836859,252322010.21849433,38757928.13302883,5953412.43462764,914474.052769993,140467.80772746526,21576.56080890782,3314.268115038505,509.088229382044,78.19850908239914,12.01168377067518,1.8450549594835695,0.28340970912220104,0.04353315483199074,0.006686911240605851,0.0010271431535874304,0.00015777434752759542,2.4234932249528542e-05,3.722607320790928e-06,5.718111823925478e-07,8.783306970977904e-08,1.3491600675530002e-08,2.0723776293986883e-09,3.1832761301789803e-10,4.889672025608328e-11,7.510781829872973e-12,1.1536938142376073e-12,1.7721316464235918e-13,2.722083219568346e-14,4.1812565501041946e-15,6.422620077192784e-16,9.865467034050298e-17,1.5153852887165222e-17,2.327707918269396e-18,3.575476278618944e-19,5.492111153048552e-20,8.436158588944998e-21,1.295836332415199e-21,1.9904696938814534e-22,3.05746142715118e-23,4.696414322334352e-24,7.21392829069259e-25,1.108095619582986e-25,1.702090529127113e-26,2.6144965453743934e-27,4.0159980146767855e-28,6.168774666167452e-29,9.475547732563306e-30,1.4554917255207182e-30,2.235708396865621e-31,3.43416039278905e-32,5.275042854396857e-33,8.102730779305402e-34,1.2446201461127274e-34,1.9117990592332873e-35,2.936619380861478e-36,4.510794869576795e-37,6.928807487959614e-38,1.0642996321778955e-38,1.6348176926872147e-39,2.5111620896214164e-40,3.8572711003552164e-41,5.924962153231077e-42,9.101039466473543e-43,1.397965374768506e-43,2.1473450326755946e-44,3.2984298270764543e-45,5.066553887984905e-46,7.782481254908905e-47,1.1954282106155099e-47,1.8362377754960984e-48,2.820553453747573e-49,4.3325117757682635e-50,6.654955701063107e-51,1.022234622207321e-51,1.5702037245302997e-52,2.4119117891007866e-53,3.704817653609569e-54,5.690786001595174e-55,8.741333135356643e-56,1.3427126755753135e-56,2.062474111481235e-57,3.168063829223687e-58,4.866305167257258e-59,7.474889161774727e-60,1.1481805201359558e-60,1.763662949761616e-61,2.709074876129695e-62,4.1612750811991086e-63,6.391927537324973e-64,9.818321751187874e-65,1.5081435364674386e-65,2.3165842230759359e-66,3.5583897240806166e-67,5.4658653470538975e-68,8.39584371266237e-69,1.2896437649245505e-69,1.9809575991754197e-70,3.0428503719090434e-71,4.673971007598069e-72,7.179454231974423e-73,1.1028002310075077e-73,1.693956546298303e-74,2.6020023391955015e-75,3.996806286426784e-76,6.139295207612962e-77,9.430265803528807e-78,1.4485361937788608e-78,2.225024350747548e-79,3.41774916131322e-80,5.249834378546342e-81,8.064009294227206e-82,1.2386723315143673e-82,1.902662917263261e-83,2.922585807905206e-84,4.4892385966373934e-85,6.895695969995809e-86,1.0592135367060603e-86
Cd128,1284615717907.7495,108062726685.88066,9090102793.76362,764648193.823401,64321259.46018121,5410624.718613355,455135.0531901945,38285.3972351513,3220.52021961228,270.9061739970358,22.7882919854941,1.9169229108149308,0.16124918218294967,0.013564081585115127,0.0011409937511429665,9.597898184097721e-05,8.073633134276798e-06,6.791440244166332e-07,5.71287545804663e-08,4.805600112168513e-09,4.0424113229260527e-10,3.400426361390875e-11,2.860396559267579e-12,2.4061301750769796e-13,2.0240069163341458e-14,1.702569561614595e-15,1.4321804380919198e-16,1.2047324546951316e-17,1.0134060267778947e-18,8.524646041594751e-20,7.170826718440648e-21,6.032010663551583e-22,5.0740526962715673e-23,4.268230313336646e-24,3.5903825005744147e-25,3.0201853119668453e-26,2.540542495725995e-27,2.1370728964926905e-28,1.797679264411814e-29,1.5121855426644102e-30,1.2720317582299345e-31,1.0700173677725908e-32,9.000853633781865e-34,7.571406649726662e-35,6.368973542728145e-36,5.357501698767623e-37,4.506664105249707e-38,3.7909500546155675e-39,3.1889002554792145e-40,2.682463417584283e-41,2.2564550190349624e-42,1.8981020279908794e-43,1.596659928192997e-44,1.3430905655770744e-45,1.1297911568330534e-46,9.503663347599637e-48,7.994363956404648e-49,6.724759993061369e-50,5.656784856292292e-51,4.7584173923522485e-52,4.002721803120031e-53,3.367040028670618e-54,2.832312389492901e-55,2.382506119133444e-56,2.0041346529309191e-57,1.685853259650566e-58,1.41811889182099e-59,1.1929040560484094e-60,1.0034561242671723e-61,8.44094869343316e-63,7.10042154530721e-64,5.972786703499945e-65,5.02423423424535e-66,4.22632363981306e-67,3.555131125594425e-68,2.9905322917317646e-69,2.5155987421969178e-70,2.1160905198178413e-71,1.780029148906461e-72,1.4973384840027605e-73,1.2595425962844747e-74,1.0595116393549582e-75,8.912480746900398e-77,7.497068471303395e-78,6.306441187315759e-79,5.304900255520571e-80,4.462416422375362e-81,3.7537294515504984e-82,3.1575907449572293e-83,2.656126244932551e-84,2.2343005154441135e-85,1.879465933834255e-86,1.5809834764959238e-87,1.329903728477774e-88,1.1186985527129545e-89,9.410353734961901e-91,7.915873065389903e-92,6.658734427225976e-93,5.601244967681972e-94,4.7116979256151196e-95,3.963421966069294e-96,3.3339814922599857e-97,2.8045039579158908e-98,2.3591140107482538e-99,1.9844575009423544e-100,1.6693010829931497e-101,1.404195405726178e-102,1.1811917919127086e-103,9.936039126694208e-105,8.358073109137743e-106,7.030707629764881e-107,5.914144220776462e-108,4.974904903749116e-109,4.184828417677247e-110,3.5202258584282296e-111,2.9611704131049745e-112,2.490899893384513e-113,2.0953141539588343e-114,1.7625523271490633e-115,1.4826371978965836e-116,1.2471760564080684e-117,1.0491090591038024e-118
Cd129,294356572.6796887,199293271.64699677,15295775.88114178,1173939.1918487651,90098.94213140097,6915.025437061411,530.72295483191,40.73258404458012,3.126194915526622,0.2399330874556906,0.018414682389156948,0.0014133128993980464,0.00010847069253722594,8.325043339317636e-06,6.389407588389079e-07,4.903821838110705e-08,3.763646048129855e-09,2.8885697815361176e-10,2.216955387435977e-11,1.7014964365055802e-12,1.3058856032233956e-13,1.0022572907695521e-14,7.692248650427008e-16,5.903742466623893e-17,4.5310775426225444e-18,3.477567629910351e-19,2.6690067664568607e-20,2.04844243951516e-21,1.5721640277357618e-22,1.2066239609307013e-23,9.26074733556236e-25,7.107553304923209e-26,5.454993225906549e-27,4.186665905702678e-28,3.21323431213982e-29,2.46613295095964e-30,1.8927383256276728e-31,1.4526623018867695e-32,1.1149072931796683e-33,8.556828870486545e-35,6.567301224658215e-36,5.040353854002567e-37,3.8684333342545414e-38,2.968993228459172e-39,2.2786797726566167e-40,1.7488694337673244e-41,1.3422440191321019e-42,1.0301620990738823e-43,7.906415936608178e-45,6.068114233560885e-46,4.657231626412604e-47,3.5743899318997786e-48,2.74331714849834e-49,2.1054750938281444e-50,1.6159361571290506e-51,1.2402187380755314e-52,9.518584700811458e-54,7.305441526154729e-55,5.606870934028264e-56,4.3032308941630884e-57,3.3026970562305265e-58,2.534794928161805e-59,1.9454358720893658e-60,1.49310726890113e-61,1.1459484984468212e-62,8.795067765352109e-64,6.7501477685932316e-65,5.180687188942881e-66,3.9761381039026365e-67,3.0516558218471403e-68,2.3421226857973324e-69,1.7975613881666897e-70,1.379614724635036e-71,1.058843831960029e-72,8.126546059997924e-74,6.237062432806506e-75,4.786898087271304e-76,3.6739079566357364e-77,2.819696477291304e-78,2.1640956490727027e-79,1.660926988437547e-80,1.2747488596921736e-81,9.783600763903154e-83,7.508839343504926e-84,5.76297721536153e-85,4.423041280474871e-86,3.394650618544486e-87,2.6053685894487623e-88,1.999600621579335e-89,1.5346783031058326e-90,1.1778539517374086e-91,9.039939698214115e-93,6.938085118855762e-94,5.324927679108018e-95,4.086841585536355e-96,3.1366199039283726e-97,2.407331974045292e-98,1.8476090220567397e-99,1.418025903859504e-100,1.0883241205318243e-101,8.352805037676673e-103,6.410714481210164e-104,4.920174716663671e-105,3.776196758325539e-106,2.898202356370323e-107,2.2243483155244986e-108,1.7071704527123335e-109,1.3102403676048437e-110,1.005599539386214e-111,7.717900154933573e-113,5.92342980167641e-114,4.546187422878138e-115,3.4891643483452917e-116,2.6779071598540545e-117,2.0552734239069254e-118,1.5774067564195599e-119,1.2106477154111043e-120,9.29162934585711e-122,7.131255013476501e-123,5.473184107360945e-124,4.2006272691775376e-125,3.2239495526610565e-126
Cd130,31674875286516.227,439050492211.8533,6085617039.249885,84351880.59273125,1169189.5355292822,16205.971466022953,224.62868780180983,3.1135466015938715,0.04315643088673481,0.0005981852097309504,8.29136093482763e-06,1.149253860397288e-07,1.5929645881053763e-09,2.2079857779033493e-11,3.0604579862141636e-13,4.242057706674253e-15,5.879856435805738e-17,8.149986185075021e-19,1.1296581054671892e-20,1.5658031882123653e-22,2.170337744092976e-24,3.0082745768402004e-26,4.169727017969328e-28,5.779599887004255e-30,8.011021994942809e-32,1.1103964748106822e-33,1.539104913268677e-35,2.133331641251527e-37,2.9569809389403594e-39,4.0986296289718296e-41,5.681052797555617e-43,7.874427262341033e-45,1.0914632713249773e-46,1.5128618666003835e-48,2.0969565239104906e-50,2.9065619011549043e-52,4.0287445108737145e-54,5.584186019725191e-56,7.740161586005256e-58,1.0728528950477141e-59,1.4870662861785382e-61,2.0612016332308802e-63,2.857002550808666e-65,3.96005099342599e-67,5.48897090277201e-69,7.608185253547002e-71,1.0545598415006634e-72,1.4617105423233957e-74,2.02605639382107e-76,2.8082882295002646e-78,3.892528758824972e-80,5.395379284474563e-82,7.478459229707703e-84,1.0365787000616183e-85,1.4367871354477274e-87,1.991510410608836e-89,2.7604045287665144e-91,3.826157835702793e-93,5.30338348280117e-95,7.350945144813157e-97,1.0189041523640837e-98,1.4122886938386474e-100,1.9575534657667777e-102,2.713337285820777e-104,3.760918593220378e-106,5.212956287722287e-108,7.225605283424693e-110,1.0015309707242301e-111,1.3882079714772357e-113,1.9241755156901392e-115,2.6670725793639686e-117,3.696791735261149e-119,5.124070953162517e-121,7.102402573183916e-123,9.844540165946758e-125,1.3645378458953408e-126,1.891366688026135e-128,2.621596725466951e-130,3.633758294723687e-132,5.036701189089757e-134,6.981300573847655e-136,9.676682390446466e-138,1.3412713160689661e-139,1.8591172787540184e-141,2.576896273523252e-143,3.571799627911811e-145,4.9508211537393245e-147,6.8622634665098705e-149,9.511686732660261e-151,1.3184015003475117e-152,1.8274177493148235e-154,2.532958002270645e-156,3.5108974090201747e-158,4.8664054459705626e-160,6.745256043007287e-162,9.349504391048942e-164,1.2959216344183648e-165,1.7962587237901155e-167,2.4897689158806533e-169,3.451033624713982e-171,4.783429097753836e-173,6.630243695505703e-175,9.190087396181035e-177,1.2738250693062011e-178,1.7656309861288514e-180,2.447316240114733e-182,3.392190568801125e-184,4.7018675667856606e-186,6.51719240626396e-188,9.033388596544629e-190,1.252105269406366e-191,1.7355254774214805e-193,2.4055874185459627e-195,3.3343508369951005e-197,4.621696729229673e-199,6.4060687375722675e-201,8.879361644601193e-203,1.2307558105518277e-204,1.7059332932205608e-206,2.364570108845161e-208,3.2774973217672746e-210,4.542892872581383e-212
Cd131,4934222872423.488,184632036.99611053,6908.684501433966,0.2585137569671044,9.673239895001135e-06,3.6195973152078106e-10,1.354405025252199e-14,5.068002909387426e-19,1.896379074994701e-23,7.0959974971925205e-28,2.655227593686838e-32,9.935507413954659e-37,3.71773432181311e-41,1.3911265838496069e-45,5.205410082529184e-50,1.9477950059953603e-54,7.288389051448372e-59,2.727217946537801e-63,1.0204885709880993e-67,3.818532086294696e-72,1.428843762546379e-76,5.346542733254207e-81,2.000604961005001e-85,7.485996857565037e-90,2.80116015124355e-94,1.048156757504572e-98,3.9220627489462505e-103,1.4675835552779642e-107,5.491501869267588e-112,2.054846735759292e-116,7.688962342142956e-121,2.877107127751156e-125,1.0765751028830574e-129,4.028400405978593e-134,1.507373687857915e-138,5.640391236864658e-143,2.110559150737838e-147,7.897430766237665e-152,2.955113230809628e-156,1.1057639459454714e-160,4.1376211625498514e-165,1.5482426378210594e-169,5.793317395181488e-174,2.1677820789477229e-178,8.111551329322075e-183,3.0352342888712253e-187,1.1357441769538252e-191,4.2498031872334624e-196,1.5902196548047067e-200,5.950389792458598e-205,2.226556474460366e-209,8.331477276067655e-214,3.1175276440475207e-218,1.1665372525612532e-222,4.365026767962847e-227,1.6333347814824042e-231,6.111720844372329e-236,2.2869244017220871e-240,8.557366006020595e-245,3.202052193148786e-249,1.1981652111683992e-253,4.483374369493014e-258,1.6776188750652837e-262,6.277426014489983e-267,2.348929065659333e-271,8.789379186251547e-276,3.2888684298360173e-280,1.2306506886961452e-284,4.60493069241998e-289,1.7231036293863616e-293,6.4476238969063374e-298,2.412614842600175e-302,9.027682867059796e-307,3.378038487916e-311,1.264016936e-315,4.7297e-320,0.0,0.0,0.0,0.0,0.0,0.0,0.0,0.0,0.0,0.0,0.0,0.0,0.0,0.0,0.0,0.0,0.0,0.0,0.0,0.0,0.0,0.0,0.0,0.0,0.0,0.0,0.0,0.0,0.0,0.0,0.0,0.0,0.0,0.0,0.0,0.0,0.0,0.0,0.0,0.0,0.0,0.0,0.0,0.0,0.0,0.0
Cd132,21.279350029125983,0.01677089891524993,1.3217652326812329e-05,1.0417231295433148e-08,8.210134839332913e-12,6.4706554139369746e-15,5.099719103920807e-18,4.0192427621595756e-21,3.1676867003816434e-24,2.4965496302550415e-27,1.9676062205191122e-30,1.550729932266561e-33,1.2221771296255634e-36,9.632347355264827e-40,7.591544083377082e-43,5.9831253425840674e-46,4.715481919344553e-49,3.7164138236258144e-52,2.9290180610758977e-55,2.308447661982597e-58,1.8193573740393656e-61,1.4338905356115334e-64,1.1300924697116934e-67,8.906600318373726e-71,7.019560908276191e-74,5.532328114392847e-77,4.360194998695102e-80,3.436401463099448e-83,2.7083318565169938e-86,2.1345181940438838e-89,1.6822783034290888e-92,1.325854376919903e-95,1.0449459077100694e-98,8.235534528133066e-102,6.4906736763727614e-105,5.115496101588035e-108,4.031677090872672e-111,3.177486570661556e-114,2.504273204218629e-117,1.9736934026008263e-120,1.555527424447074e-123,1.2259581782147342e-126,9.66214694199837e-130,7.615030038358812e-133,6.001635333555951e-136,4.7300702026843496e-139,3.727911290649188e-142,2.938079562341985e-145,2.315589305009568e-148,1.8249859187613712e-151,1.4383265618267847e-154,1.133588636048521e-157,8.934154661972373e-161,7.041277319281998e-164,5.549443474273763e-167,4.373684131120109e-170,3.4470326560656134e-173,2.7167106210159115e-176,2.141121751589283e-179,1.687482766719713e-182,1.3299561717414435e-185,1.0481786561835433e-188,8.261012795933947e-192,6.510753869294042e-195,5.131321908542682e-198,4.0441498876604194e-201,3.187316758793782e-204,2.5120206725979617e-207,1.9797994165937804e-210,1.5603397586260203e-213,1.2297509242314607e-216,9.692038719693957e-220,7.63858865182415e-223,6.020202588874834e-226,4.7447036177868e-229,3.739444327378797e-232,2.9471690971686324e-235,2.322753042132914e-238,1.8306318765085108e-241,1.4427763117734431e-244,1.1370956184728621e-247,8.961794250425816e-251,7.063060914334348e-254,5.566611783932351e-257,4.3872149948652766e-260,3.457696738746504e-263,2.72511530689308e-266,2.1477457385563406e-269,1.6927033310550136e-272,1.3340706562829382e-275,1.0514214058088518e-278,8.286569885835217e-282,6.530896184294999e-285,5.147196675785948e-288,4.056661271531425e-291,3.197177358572595e-294,2.5197921093151468e-297,1.9859243207582324e-300,1.56516698072007e-303,1.2335554038640618e-306,9.7220229735627e-310,7.66222014853e-313,6.0388273e-316,4.7594e-319,3.75e-322,0.0,0.0,0.0,0.0,0.0,0.0,0.0,0.0,0.0,0.0,0.0,0.0,0.0,0.0,0.0,0.0,0.0
Ce153,617819144922.0278,304483214669.8879,150012200680.1004,73901428737.32489,36405685361.84109,17934238781.498363,8834784857.43868,4352199749.781589,2143984348.762147,1056171363.6823065,520292016.50891227,256306685.77933374,126262012.58453393,62199297.57542097,30640669.663972244,15094232.154431533,7435733.188268845,3662997.062811505,1804468.657284702,888918.8495891033,437899.9424372551,215718.6335683945,106267.4925454756,52349.5804933434,25788.49384873074,12703.949271772837,6258.230048115857,3082.934487322199,1518.7177492751428,748.1519998067681,368.5552599105504,181.55799843189112,89.43925207469535,44.05963868720299,21.704695826678375,10.692185296232525,5.26719320657103,2.594729094820644,1.2782176030887855,0.6296766179202916,0.31019181882444796,0.15280695158002378,0.07527588748043211,0.03708247025004745,0.01826759731266022,0.008998998969791778,0.0044330943512855625,0.0021838346235364342,0.001075802427163208,0.0005299626857349077,0.00026107065868215235,0.00012860884484766546,6.33553960316477e-05,3.1210187845799484e-05,1.537478867440925e-05,7.573941174293744e-06,3.7310811957463396e-06,1.838008319433512e-06,9.054411858305957e-07,4.46039189447734e-07,2.1972819619496998e-07,1.0824268661880144e-07,5.332260223926722e-08,2.626782462985568e-08,1.2940077599527442e-08,6.374551781173204e-09,3.140236996132264e-09,1.5469461587874818e-09,7.620579023604852e-10,3.7540559718332345e-10,1.8493261727230562e-10,9.110165961240049e-11,4.487857527000225e-11,2.2108121046689534e-11,1.0890920963388514e-11,5.365094536088418e-12,2.6429573291302355e-12,1.3019758359553562e-12,6.41380418339746e-13,3.159573547137419e-13,1.5564717466136446e-13,7.667504053518279e-14,3.777172219067114e-14,1.8607137176465985e-14,9.166263379680725e-15,4.515492283893282e-15,2.2244255615759928e-15,1.0957983687941144e-15,5.39813103119127e-16,2.659231794803402e-16,1.3099929767604707e-16,6.453298289059566e-17,3.1790291662910053e-17,1.5660559898900408e-17,7.714718032398112e-18,3.800430808580954e-18,1.872171383342394e-18,9.222706227652439e-19,4.543297206568993e-19,2.238122845692303e-19,1.1025459362788764e-19,5.431370954211625e-20,2.6756064733063486e-20,1.318059484493075e-20,6.493035586490145e-21,3.198604586775684e-21,1.5756992497977218e-21,7.762222739497446e-22,3.8238326168719084e-22,1.8836996015911972e-22,9.279496632197106e-23,4.571273342852516e-23,2.2519044731983854e-23,1.1093350530744036e-23,5.464815557791981e-24,2.692081981716869e-24,1.3261756631385463e-24,6.533017573184494e-25,3.2183005462888336e-25,1.5854018897417868e-25,7.810019965025507e-26,3.847378525834317e-26
Ce154,33039280419.167793,13510599801.98205,5524042279.353786,2258562680.7686143,923435271.1067228,377555386.68865514,154367144.825067,63114489.0724538,25804964.741320144,10550607.555549288,4313717.182198534,1763704.6805135626,721107.5897376884,294831.7605109941,120544.79559372325,49285.89687741818,20151.0120702215,8238.934729424855,3368.5675557722398,1377.2711825565714,563.1105444361258,230.23315180859498,94.13303429577698,38.48719472466146,15.73585903031344,6.433757024728834,2.630503321967235,1.0755065353392486,0.4397311715585973,0.17978831079748253,0.07350817679093008,0.030054523740496133,0.012288080546972521,0.0050240996940313495,0.002054151389965032,0.0008398595151103601,0.0003433846251874436,0.0001403961004116587,5.74022934196336e-05,2.346947871181819e-05,9.595721672264903e-06,3.92330292215685e-06,1.6040800624192547e-06,6.558435322746897e-07,2.6814792409914003e-07,1.0963485291879437e-07,4.482526208213978e-08,1.8327238713229213e-08,7.493267484665055e-09,3.0636943445391095e-09,1.2526208434397662e-09,5.121460566771375e-10,2.0939583174240403e-10,8.56134959538205e-11,3.5003899688183396e-11,1.4311680415916103e-11,5.851467926485372e-12,2.3924288343253445e-12,9.78167495613229e-13,3.999331707369567e-13,1.635165161110189e-13,6.68552973283403e-14,2.733443010629057e-14,1.1175944152430764e-14,4.569392052900611e-15,1.8682398058127395e-15,7.638477792264721e-16,3.123064972782707e-16,1.2768950947398693e-16,5.2207081734773174e-17,2.134536654177173e-17,8.727258020612823e-18,3.5682232211520006e-18,1.4589023179899424e-18,5.9648621779589e-19,2.4387911625958434e-19,9.97123178593007e-20,4.07683383692903e-20,1.6668526507810165e-20,6.815087076270429e-21,2.7864137742100855e-21,1.1392520204388375e-21,4.657941250817684e-22,1.904443995430579e-22,7.786502097026017e-23,3.1835861307794824e-23,1.3016397511743464e-23,5.321879076732831e-24,2.175901349187751e-24,8.896381547067523e-25,3.6373709984852095e-25,1.4871740505534385e-25,6.080453870558111e-26,2.4860519357654447e-26,1.0164461993946234e-26,4.15583786243656e-27,1.6991542050280233e-27,6.94715508167515e-28,2.8404110460385725e-28,1.1613293233857878e-28,4.7482064232803846e-29,1.9413497777143115e-29,7.937394930752901e-30,3.245280114380979e-30,1.3268639286161367e-30,5.425010547659518e-31,2.2180676411116265e-31,9.068782479453482e-32,3.7078587746956566e-32,1.5159936545215393e-32,6.198285587989279e-33,2.5342285645912533e-33,1.036143676573256e-33,4.236372888788364e-34,1.7320817236674256e-34,7.081782402589139e-35,2.8954547185817896e-35,1.1838344573101319e-35,4.840220823764842e-36,1.9789707486668763e-36,8.091211882008564e-37,3.3081696515048886e-37
Ce155,923118162.703657,211900091.04140508,48640942.127778046,11165354.326207975,2562966.978124281,588319.8591367677,135046.70928729168,30999.48676690107,7115.820776943191,1633.4110854894432,374.9436442869118,86.06696601977829,19.756362730024936,4.535002061425334,1.0409934246588943,0.23895629935887192,0.05485155972238447,0.012590978400865503,0.002890213840653389,0.0006634381998566695,0.0001522898544176764,3.495758876044152e-05,8.024388864359607e-06,1.8419696246133533e-06,4.228175073951908e-07,9.705623924032351e-08,2.2278910902973784e-08,5.114043928630066e-09,1.1739104042319715e-09,2.694669143237539e-10,6.185516173414604e-11,1.4198630072115267e-11,3.2592445039794633e-12,7.481478623478072e-13,1.7173465300077417e-13,3.942107239168369e-14,9.048965490403152e-15,2.07715750685112e-15,4.768040405109043e-16,1.0944865389248438e-16,2.5123545148738915e-17,5.767019496290629e-18,1.3237985990311415e-18,3.038732107501963e-19,6.97530034245497e-20,1.6011551247750438e-20,3.6753940443101944e-21,8.436734937127809e-22,1.9366221836687953e-22,4.4454466215041605e-23,1.020436295282183e-23,2.3423748419160998e-24,5.376837265989464e-25,1.234233670358409e-25,2.833139032646656e-26,6.503368828023604e-27,1.4928249417325352e-27,3.4267260024617165e-28,7.865926384053618e-29,1.8055951317643177e-29,4.1446787328956816e-30,9.513961073949125e-31,2.18389557188623e-31,5.013053797291361e-32,1.1507284825360007e-32,2.6414558751296103e-33,6.063367028927652e-34,1.3918241100916738e-34,3.1948822233429657e-35,7.333737321421008e-36,1.6834330450944383e-36,3.8642600533813736e-37,8.870270073212992e-38,2.0361386160563552e-38,4.6738830154854276e-39,1.0728730485330843e-39,2.4627415244562446e-40,5.653134659849776e-41,1.2976567441218145e-41,2.978724419081105e-42,6.837554850327312e-43,1.5695361421066592e-43,3.6028138059632984e-44,8.270129608495291e-45,1.898378529251342e-45,4.357659687244242e-46,1.0002851200241023e-46,2.2961185433330327e-47,5.2706575950172795e-48,1.2098605084904842e-48,2.777191315536512e-49,6.374942854126628e-50,1.4633452209801801e-50,3.3590563629591984e-51,7.710593158584217e-52,1.769938948116657e-52,4.0628312447955834e-53,9.326083106567845e-54,2.1407688596966614e-54,4.914057979409887e-55,1.128004348326687e-55,2.5892934417446807e-56,5.943630037780945e-57,1.3643389141019318e-57,3.1317909437509353e-58,7.1889135565824625e-59,1.6501892703641825e-59,3.787950163250567e-60,8.695103462952086e-61,1.9959297502098692e-61,4.581585009018751e-62,1.0516863728624802e-62,2.414108271891531e-63,5.541498776439109e-64,1.272031128297955e-64,2.9199017389275947e-65,6.702529502088837e-66,1.5385415586919946e-66,3.531666853662759e-67,8.106814336470687e-68,1.8608900955039602e-68,4.271606334890264e-69
Ce156,20732728.138362866,3168524.0414260468,484236.54302002577,74004.49752953475,11309.897473748531,1728.4595549838562,264.1555717149037,40.370146855232264,6.169655050365411,0.942890883627439,0.14409933961787322,0.02202229339456824,0.0033656046422039974,0.0005143558122978665,7.860754003219686e-05,1.2013367404770471e-05,1.8359688694352889e-06,2.805859153360252e-07,4.288114967285395e-08,6.5534044895432285e-09,1.0015382220676128e-09,1.530622460223371e-10,2.339206896071996e-11,3.574943557167091e-12,5.463484849668955e-13,8.349688946198664e-14,1.2760592811472065e-14,1.9501652091402134e-15,2.980382180616078e-16,4.5548335602038687e-17,6.961022950711286e-18,1.063833395443771e-18,1.6258264069446592e-19,2.4847043877729916e-20,3.7973032472885055e-21,5.803310857752315e-22,8.869035396568412e-23,1.3554295262420117e-23,2.0714645037040747e-24,3.165760452336357e-25,4.83814191537246e-26,7.393995075024987e-27,1.1300032972531142e-27,1.7269519912394532e-28,2.6392517502343865e-29,4.03349359823022e-30,6.164273872516841e-31,9.420684934783658e-32,1.43973656063766e-32,2.2003085533444404e-33,3.362669159263737e-34,5.139071907654115e-35,7.853897847572452e-36,1.2002889336541818e-36,1.8343675359846876e-37,2.803411880863017e-38,4.2843748701348146e-39,6.547688605140655e-40,1.0006646796651511e-40,1.5292874501441685e-41,2.337166638030086e-42,3.571825488665271e-43,5.458719594008968e-44,8.34240634112063e-45,1.2749463012672807e-45,1.9484642735548746e-46,2.9777826890011287e-47,4.550860830892758e-48,6.954951541175431e-49,1.0629055191434931e-49,1.624408359910384e-50,2.4825372267076525e-51,3.7939912364950664e-52,5.79824920558843e-53,8.861299817119542e-54,1.3542473195736685e-54,2.0696577707813323e-55,3.1629992736511704e-56,4.833922084297509e-57,7.387546026871511e-58,1.1290177075139221e-58,1.725445742393293e-59,2.6369497928414286e-60,4.029975582032239e-61,6.1588973881357085e-62,9.412468206186118e-63,1.4384808213095098e-63,2.198389442543172e-64,3.3597362366539385e-65,5.134589605209995e-66,7.847047671869388e-67,1.1992420407292223e-67,1.832767599218337e-68,2.8009667428787084e-69,4.2806380350997993e-70,6.541977706136786e-71,9.99791899167034e-72,1.5279536044617706e-72,2.335128159502792e-73,3.568710139745167e-74,5.4539584946085875e-75,8.335130087936273e-76,1.2738342921292515e-76,1.946764821526848e-77,2.9751854646647493e-78,4.546891566599191e-79,6.948885427127635e-80,1.0619784521376364e-80,1.6229915496978221e-81,2.480371955841857e-82,3.7906821144399866e-83,5.793191968201461e-84,8.85357098464903e-85,1.3530661440268924e-85,2.0678526136924404e-86,3.1602405032681635e-87,4.829705933762467e-88,7.381102603582782e-89,1.1280329774068589e-89,1.723940807298537e-90,2.634649843217484e-91,4.026460634250687e-92
Ce157,165876.4350831459,9548.995593543694,549.706272622817,31.644897434572087,1.8216993029142698,0.10486961941019837,0.006037021070187785,0.0003475327135434139,2.0006388180303563e-05,1.1517061629681375e-06,6.630017741656478e-08,3.816697059377959e-09,2.1971549716282993e-10,1.2648344613805246e-11,7.281262520641201e-13,4.191598625216794e-14,2.4129742589437794e-15,1.3890749794833073e-16,7.996476926658778e-18,4.603325535556861e-19,2.6499927631460144e-20,1.5255192339719555e-21,8.78194448522029e-23,5.055495022549739e-24,2.910292813401229e-25,1.675365957627449e-26,9.644565931826636e-28,5.552079627132747e-29,3.196161279202772e-30,1.8399316307987903e-31,1.0591919838470463e-32,6.0974420998392405e-34,3.510109661692911e-35,2.0206620473583096e-36,1.1632329195279412e-37,6.696373729800441e-39,3.854896158488956e-40,2.2191450167426292e-41,1.2774934532254676e-42,7.354136438678732e-44,4.233549895864477e-45,2.43712431367322e-46,1.4029774223516796e-47,8.07650900934915e-49,4.649397541177755e-50,2.6765149981120067e-51,1.5407872679572685e-52,8.869837855471918e-54,5.1060925293513436e-55,2.939420240045685e-56,1.6921337202418164e-57,9.741092777992535e-59,5.607647160172315e-60,3.228149796913139e-61,1.8583464354397986e-62,1.0697928198419132e-63,6.158467848404505e-65,3.545240306009586e-66,2.0408856775327902e-67,1.1748750406842572e-68,6.763393836402955e-70,3.893477570146699e-71,2.241355147417782e-72,1.2902791415508022e-73,7.427739709340933e-75,4.275921032359632e-76,2.4615160722423543e-77,1.4170190066779093e-78,8.157342086567342e-80,4.6959306546837285e-81,2.703302678688797e-82,1.5562081108069965e-83,8.958610899302389e-85,5.157196437144981e-86,2.968839186147928e-87,1.7090693016314347e-88,9.838585705172033e-90,5.663770836303403e-91,3.26045846907628e-92,1.8769455431409279e-93,1.0804997534333482e-94,6.220104368163161e-96,3.580722552495157e-97,2.0613117142492147e-98,1.1866336810541752e-99,6.831084708239047e-101,3.932445120694915e-102,2.263787566362014e-103,1.3031927943878442e-104,7.502079632293613e-106,4.3187162368950887e-107,2.4861519537241976e-108,1.431201125047844e-109,8.238984175001272e-111,4.742929491035168e-112,2.730358461566977e-113,1.5717832918961068e-114,9.048272420852458e-116,5.2088118142033805e-117,2.9985525693565025e-118,1.7261743813967256e-119,9.937054382307578e-121,5.720456221638467e-122,3.2930904999317486e-123,1.895730798484225e-124,1.091313846490437e-125,6.282357771968557e-127,3.6165599201310586e-128,2.0819421832768294e-129,1.1985100068106761e-130,6.899453058607488e-132,3.971802674772976e-133,2.286444498329214e-134,1.3162356924589038e-135,7.577163580260758e-137,4.361939753721017e-138,2.5110344014028787e-139,1.4455251839849185e-140,8.32144337157324e-142,4.790398711380917e-143,2.757685030026403e-144,1.5875143559061888e-145
Cl43,0.0,0.0,0.0,0.0,0.0,0.0,0.0,0.0,0.0,0.0,0.0,0.0,0.0,0.0,0.0,0.0,0.0,0.0,0.0,0.0,0.0,0.0,0.0,0.0,0.0,0.0,0.0,0.0,0.0,0.0,0.0,0.0,0.0,0.0,0.0,0.0,0.0,0.0,0.0,0.0,0.0,0.0,0.0,0.0,0.0,0.0,0.0,0.0,0.0,0.0,0.0,0.0,0.0,0.0,0.0,0.0,0.0,0.0,0.0,0.0,0.0,0.0,0.0,0.0,0.0,0.0,0.0,0.0,0.0,0.0,0.0,0.0,0.0,0.0,0.0,0.0,0.0,0.0,0.0,0.0,0.0,0.0,0.0,0.0,0.0,0.0,0.0,0.0,0.0,0.0,0.0,0.0,0.0,0.0,0.0,0.0,0.0,0.0,0.0,0.0,0.0,0.0,0.0,0.0,0.0,0.0,0.0,0.0,0.0,0.0,0.0,0.0,0.0,0.0,0.0,0.0,0.0,0.0,0.0,0.0,0.0,0.0
Cl44,0.0,0.0,0.0,0.0,0.0,0.0,0.0,0.0,0.0,0.0,0.0,0.0,0.0,0.0,0.0,0.0,0.0,0.0,0.0,0.0,0.0,0.0,0.0,0.0,0.0,0.0,0.0,0.0,0.0,0.0,0.0,0.0,0.0,0.0,0.0,0.0,0.0,0.0,0.0,0.0,0.0,0.0,0.0,0.0,0.0,0.0,0.0,0.0,0.0,0.0,0.0,0.0,0.0,0.0,0.0,0.0,0.0,0.0,0.0,0.0,0.0,0.0,0.0,0.0,0.0,0.0,0.0,0.0,0.0,0.0,0.0,0.0,0.0,0.0,0.0,0.0,0.0,0.0,0.0,0.0,0.0,0.0,0.0,0.0,0.0,0.0,0.0,0.0,0.0,0.0,0.0,0.0,0.0,0.0,0.0,0.0,0.0,0.0,0.0,0.0,0.0,0.0,0.0,0.0,0.0,0.0,0.0,0.0,0.0,0.0,0.0,0.0,0.0,0.0,0.0,0.0,0.0,0.0,0.0,0.0,0.0,0.0
Cl45,0.0,0.0,0.0,0.0,0.0,0.0,0.0,0.0,0.0,0.0,0.0,0.0,0.0,0.0,0.0,0.0,0.0,0.0,0.0,0.0,0.0,0.0,0.0,0.0,0.0,0.0,0.0,0.0,0.0,0.0,0.0,0.0,0.0,0.0,0.0,0.0,0.0,0.0,0.0,0.0,0.0,0.0,0.0,0.0,0.0,0.0,0.0,0.0,0.0,0.0,0.0,0.0,0.0,0.0,0.0,0.0,0.0,0.0,0.0,0.0,0.0,0.0,0.0,0.0,0.0,0.0,0.0,0.0,0.0,0.0,0.0,0.0,0.0,0.0,0.0,0.0,0.0,0.0,0.0,0.0,0.0,0.0,0.0,0.0,0.0,0.0,0.0,0.0,0.0,0.0,0.0,0.0,0.0,0.0,0.0,0.0,0.0,0.0,0.0,0.0,0.0,0.0,0.0,0.0,0.0,0.0,0.0,0.0,0.0,0.0,0.0,0.0,0.0,0.0,0.0,0.0,0.0,0.0,0.0,0.0,0.0,0.0
Cl46,0.0,0.0,0.0,0.0,0.0,0.0,0.0,0.0,0.0,0.0,0.0,0.0,0.0,0.0,0.0,0.0,0.0,0.0,0.0,0.0,0.0,0.0,0.0,0.0,0.0,0.0,0.0,0.0,0.0,0.0,0.0,0.0,0.0,0.0,0.0,0.0,0.0,0.0,0.0,0.0,0.0,0.0,0.0,0.0,0.0,0.0,0.0,0.0,0.0,0.0,0.0,0.0,0.0,0.0,0.0,0.0,0.0,0.0,0.0,0.0,0.0,0.0,0.0,0.0,0.0,0.0,0.0,0.0,0.0,0.0,0.0,0.0,0.0,0.0,0.0,0.0,0.0,0.0,0.0,0.0,0.0,0.0,0.0,0.0,0.0,0.0,0.0,0.0,0.0,0.0,0.0,0.0,0.0,0.0,0.0,0.0,0.0,0.0,0.0,0.0,0.0,0.0,0.0,0.0,0.0,0.0,0.0,0.0,0.0,0.0,0.0,0.0,0.0,0.0,0.0,0.0,0.0,0.0,0.0,0.0,0.0,0.0
Cl47,0.0,0.0,0.0,0.0,0.0,0.0,0.0,0.0,0.0,0.0,0.0,0.0,0.0,0.0,0.0,0.0,0.0,0.0,0.0,0.0,0.0,0.0,0.0,0.0,0.0,0.0,0.0,0.0,0.0,0.0,0.0,0.0,0.0,0.0,0.0,0.0,0.0,0.0,0.0,0.0,0.0,0.0,0.0,0.0,0.0,0.0,0.0,0.0,0.0,0.0,0.0,0.0,0.0,0.0,0.0,0.0,0.0,0.0,0.0,0.0,0.0,0.0,0.0,0.0,0.0,0.0,0.0,0.0,0.0,0.0,0.0,0.0,0.0,0.0,0.0,0.0,0.0,0.0,0.0,0.0,0.0,0.0,0.0,0.0,0.0,0.0,0.0,0.0,0.0,0.0,0.0,0.0,0.0,0.0,0.0,0.0,0.0,0.0,0.0,0.0,0.0,0.0,0.0,0.0,0.0,0.0,0.0,0.0,0.0,0.0,0.0,0.0,0.0,0.0,0.0,0.0,0.0,0.0,0.0,0.0,0.0,0.0
Co66,10173959.134226533,2348677.3679552996,494007.28602366155,102478.29324342593,21214.47506933666,4390.331243420303,908.5353783023786,188.01102252879227,38.90669256656672,8.051285827498598,1.6661195700048,0.3447839849146323,0.07134901859829475,0.014764846040546602,0.0030554124342710934,0.0006322819159673989,0.00013084335743847328,2.707650456770944e-05,5.603166365934393e-06,1.159509834285612e-06,2.39947017097152e-07,4.965423260018605e-08,1.0275363473741823e-08,2.126366454349594e-09,4.400267017062278e-10,9.105838639355628e-11,1.8843469499571155e-11,3.899435920669855e-12,8.069427182587791e-13,1.6698737042946725e-13,3.455608589308278e-14,7.150978359495128e-15,1.4798114478643482e-15,3.0622969489520116e-16,6.337065858690691e-17,1.3113817623443176e-17,2.713751387404078e-18,5.615791529289203e-19,1.1621224643796185e-19,2.4048767037951187e-20,4.976611448212457e-21,1.029851612242539e-21,2.1311576245710555e-22,4.4101817842255316e-23,9.12635609195232e-24,1.8885927971275648e-24,3.9082222054729226e-25,8.087609372747148e-26,1.673636296179646e-26,3.4633948337424186e-27,7.16709108291599e-28,1.4831457877792234e-28,3.069196975953982e-29,6.351344658646119e-30,1.314336593218299e-30,2.719866064772686e-31,5.628445139907456e-32,1.1647409813025295e-32,2.410295418723554e-33,4.987824845849385e-34,1.0321720939106937e-34,2.1359595903503733e-35,4.420118891534842e-36,9.146919774871948e-37,1.892848211123371e-37,3.9170282877036685e-38,8.105832531370738e-39,1.677407366009782e-39,3.471198622293843e-40,7.183240111838412e-41,1.4864876406935942e-41,3.0761125502308926e-42,6.365655631871126e-43,1.3172980819746358e-43,2.7259945198511877e-44,5.641127261887099e-45,1.1673653983186661e-45,2.415726343205785e-46,4.999063509731822e-47,1.0344978041332468e-47,2.1407723760123236e-48,4.430078389327497e-49,9.167529792281635e-50,1.8971132135007103e-50,3.925854211970068e-51,8.124096750769549e-52,1.6811869328877573e-52,3.479019994493317e-53,7.199425528066696e-54,1.4898370235359103e-54,3.0830437068141836e-55,6.379998850859163e-56,1.3202662436149982e-56,2.732136783683783e-57,5.6538379594704694e-58,1.1699957287222313e-58,2.4211695047526136e-59,5.01032749679014e-60,1.0368287546912729e-60,2.1455960059364608e-61,4.440060328054136e-62,9.188186248583093e-63,1.9013878258642903e-63,3.934700022980537e-64,8.14240212346245e-65,1.6849750159592726e-65,3.486858989960619e-66,7.215647413589352e-67,1.493193953272733e-67,3.0899904808141793e-68,6.39437438826695e-69,1.3232410931748494e-69,2.7382928873846095e-70,5.666577297044645e-71,1.172631985837378e-71,2.4266249309368194e-72,5.02161686408301e-73,1.0391649573923975e-73,2.1504305045572892e-74,4.450064758279113e-75,9.208889248413354e-76,1.90567206986753e-76
Co67,72439657.7900616,22214910.57437316,5867836.284135145,1435704.2071206898,335283.7527304391,75881.65161661571,16790.604572894154,3652.724969086223,784.1718914781361,166.56810275657713,35.07468193074419,7.332394603265188,1.5234685618033572,0.31487577021369056,0.06478431012656737,0.01327623950878078,0.002711196956334436,0.0005519501381055492,0.00011205635672676293,2.269313532557897e-05,4.585427350447987e-06,9.246641847257056e-07,1.861173563772656e-07,3.7398840087648135e-08,7.503420217759893e-09,1.5032966097160954e-09,3.0078953904329223e-10,6.011136882695119e-11,1.1999553398818047e-11,2.3928914002755593e-12,4.767183038947424e-13,9.488774668776943e-14,1.887095348387549e-14,3.75004604375201e-15,7.446633981172374e-16,1.4776918006575886e-16,2.930396237201879e-17,5.807700278289265e-18,1.1503575326683294e-18,2.2773330496058806e-19,4.506076166787052e-20,8.911709703340488e-21,1.7616735765948877e-21,3.4809865906678835e-22,6.875458018985224e-23,1.3574770920578557e-23,2.679190462873024e-24,5.285948573917548e-25,1.042552895329306e-25,2.0555884592912962e-26,4.051760870309006e-27,7.984123805260085e-28,1.572868560015437e-28,3.0977392730419075e-29,6.0994375217993716e-30,1.200693465249383e-30,2.363070115760827e-31,4.649728360753638e-32,9.147222509083895e-33,1.7991424303604687e-33,3.53801960487123e-34,6.956276935891558e-35,1.3674731301004378e-35,2.6877523498695092e-36,5.281913084531205e-37,1.0378335193926438e-37,2.0389253628599794e-38,4.005112990324071e-39,7.866300242854374e-40,1.544795302847401e-40,3.0333205017238834e-41,5.95545239146614e-42,1.169128827717462e-42,2.294896488739758e-43,4.504212070344152e-44,8.839574230048261e-45,1.734612074559798e-45,3.4035608632103306e-46,6.677691947622432e-47,1.310033617929982e-47,2.569822542249458e-48,5.040688189523429e-49,9.886529141071115e-50,1.9389492609198884e-50,3.802408913465781e-51,7.456278657621933e-52,1.46203403874488e-52,2.866592377242313e-53,5.620157951123269e-54,1.101808704643235e-54,2.1599311697119152e-55,4.233997118941547e-56,8.29925294396684e-57,1.6266947655882107e-57,3.188251389527488e-58,6.248549728862139e-59,1.2245790396435887e-59,2.3998054543996267e-60,4.7027029972585946e-61,9.215141722759345e-62,1.8056769909779815e-62,3.5380363369338027e-63,6.932171078678997e-64,1.3581932565263157e-64,2.6609684008461515e-65,5.213198110879406e-66,1.0213053354368521e-66,2.0007568307567916e-67,3.91941102868488e-68,7.677777956629954e-69,1.503969212793686e-69,2.9459909820401264e-70,5.770498634622386e-71,1.1302775808050249e-71,2.2138443846162288e-72,4.336103343091928e-73,8.49264662679809e-74,1.6633272572725167e-74,3.257646008882098e-75,6.380018129316687e-76,1.2494879259596964e-76,2.4470036860237105e-77
Co68,89258166.3013481,4186761.4221530417,164082.89883178778,5911.048698130786,202.94634083747033,6.758518707689487,0.22047397130002946,0.007088082492559042,0.0002254690867752096,7.115595856700134e-06,2.2322230460428037e-07,6.970665744568871e-09,2.1690664475949866e-10,6.730911193553982e-12,2.08418916507679e-13,6.442626048373472e-15,1.9888714540218546e-16,6.133239958567724e-18,1.889765746459649e-19,5.818832583570537e-21,1.7907417900897827e-22,5.508664218666787e-24,1.6939990611740612e-25,5.2079069553564046e-27,1.6007372588282376e-28,4.9192905731891225e-30,1.5115602808030156e-31,4.644093928671472e-33,1.4267194724404479e-34,4.382741654444732e-36,1.3462599560243118e-37,4.135162871652098e-39,1.2701085247444356e-40,3.901006427332855e-42,1.198126311915257e-43,3.679769658145056e-45,1.130140233846833e-46,3.4708750573252694e-48,1.0659616484377306e-49,3.2737155760186196e-51,1.0053973203033225e-52,3.0876810598094645e-54,9.482557619910043e-56,2.912173357330449e-57,8.94350801758934e-59,2.746614643975364e-60,8.43503493158686e-62,2.5904516981517573e-63,7.955430382520499e-65,2.4431577786155454e-66,7.503071288950482e-68,2.3042330948049935e-69,7.076419492852666e-71,2.1732044661825347e-72,6.6740198576001105e-74,2.0496245279283819e-75,6.294497312407214e-77,1.933070696500028e-78,5.936553364164377e-80,1.8231440219352943e-81,5.598962385014888e-83,1.719468001629598e-84,5.2805678561419725e-86,1.6216873989678138e-87,4.980278671414165e-89,1.5294670913781675e-90,4.697065558498791e-92,1.4424909611195379e-93,4.429957647564149e-95,1.360460835409965e-96,4.178039201373947e-98,1.2830954785417655e-99,3.9404465109839106e-101,1.2101296363148467e-102,3.716364955698205e-104,1.1413131317962026e-105,3.50502622281514e-107,1.0764100106829602e-108,3.3057056810130197e-110,1.015197734169597e-111,3.1177199004108855e-113,9.57466417053081e-115,2.940424312031881e-116,9.030181087658317e-118,2.77321099938641e-119,8.51666115053625e-121,2.6155066150505964e-122,8.032343580825817e-124,2.466770415366418e-125,7.575567728474591e-127,2.326492406687742e-128,7.1447673785164564e-130,2.194191596914234e-131,6.738465381308695e-133,2.0694143463772357e-134,6.355268587939818e-136,1.951732812458758e-137,5.993863073529944e-139,1.8407434826319903e-140,5.653009632098364e-142,1.7360657909063286e-143,5.3315395275825185e-145,1.637340812940791e-146,5.028350486458781e-148,1.5442300353562565e-149,4.742402918235751e-151,1.456414195029557e-152,4.4727163508678296e-154,1.3735921843912403e-155,4.2183660688707965e-157,1.2954800189744684e-158,3.9784799426145143e-160,1.221809863675581e-161,3.752235437922519e-163,1.1523291143878393e-164,3.538856795725582e-166,1.086799531859696e-167,3.3376123720995276e-169,1.0249964248078243e-170,3.147812129566728e-172,9.667078794839876e-174,2.9688052710597546e-175
Co68_m1,0.0,0.0,0.0,0.0,0.0,0.0,0.0,0.0,0.0,0.0,0.0,0.0,0.0,0.0,0.0,0.0,0.0,0.0,0.0,0.0,0.0,0.0,0.0,0.0,0.0,0.0,0.0,0.0,0.0,0.0,0.0,0.0,0.0,0.0,0.0,0.0,0.0,0.0,0.0,0.0,0.0,0.0,0.0,0.0,0.0,0.0,0.0,0.0,0.0,0.0,0.0,0.0,0.0,0.0,0.0,0.0,0.0,0.0,0.0,0.0,0.0,0.0,0.0,0.0,0.0,0.0,0.0,0.0,0.0,0.0,0.0,0.0,0.0,0.0,0.0,0.0,0.0,0.0,0.0,0.0,0.0,0.0,0.0,0.0,0.0,0.0,0.0,0.0,0.0,0.0,0.0,0.0,0.0,0.0,0.0,0.0,0.0,0.0,0.0,0.0,0.0,0.0,0.0,0.0,0.0,0.0,0.0,0.0,0.0,0.0,0.0,0.0,0.0,0.0,0.0,0.0,0.0,0.0,0.0,0.0,0.0,0.0
Co69,117442182.1843155,5387049.47741912,231311.41334751516,9906.628829512283,424.2380605844368,18.167348338508827,0.7779888707275286,0.03331618173158122,0.0014267144513599916,6.109686104176614e-05,2.6163794903716992e-06,1.1204244409476225e-07,4.798046049865835e-09,2.0546897278644196e-10,8.798894037104147e-12,3.7679915963105283e-13,1.6135846857566495e-14,6.909929259549795e-16,2.959071364115769e-17,1.2671769867728631e-18,5.426491348871474e-20,2.323811801094142e-21,9.951368093542502e-23,4.26152095821825e-24,1.8249310754686948e-25,7.814987800983998e-27,3.3466488214544283e-28,1.4331510962476613e-29,6.137250049986577e-31,2.6281833279602295e-32,1.1254792535922853e-33,4.819692510757056e-35,2.063959493176292e-36,8.838590387176807e-38,3.784990950189234e-39,1.6208643986714282e-40,6.941103515053691e-42,2.9724212615306667e-43,1.2728938758567434e-44,5.450973050701569e-46,2.3342957149099204e-47,9.996263848608661e-49,4.2807468776447035e-50,1.8331642809743772e-51,7.850245242459356e-53,3.361747280718326e-54,1.4396167801601722e-55,6.16493835097533e-57,2.6400404187493425e-58,1.1305568711044018e-59,4.8414366300000585e-61,2.0732710791814555e-62,8.878465827962693e-64,3.802066996922698e-65,1.628176954126531e-66,6.972418413705945e-68,2.985831387219583e-69,1.2786365567764389e-70,5.475565202117936e-72,2.3448269270692325e-73,1.0041362151586197e-74,4.300059535111726e-76,1.8414346307173465e-77,7.885661748441415e-79,3.37691385692078e-80,1.4461116341082563e-81,6.192751568173366e-83,2.6519510029917045e-84,1.1356573963685003e-85,4.863278848182084e-87,2.0826246745546445e-88,8.918521167432446e-90,3.819220082511973e-91,1.63552250029161e-92,7.00387459002039e-94,2.9993020129033414e-95,1.2844051458922316e-96,5.500268301415667e-98,2.3554056509593244e-99,1.0086663916273283e-100,4.3194593219393855e-102,1.8497422922744206e-103,7.92123803655222e-105,3.392148857372447e-106,1.452635789692992e-107,6.220690265142139e-109,2.6639153220238767e-110,1.1407809327332635e-111,4.8852196078780263e-113,2.0920204688217834e-114,8.958757217201829e-116,3.8364505545190746e-117,1.6429011860047741e-118,7.035472681373443e-120,3.012833411528634e-121,1.2901997600893602e-122,5.525082849137883e-124,2.366032100930112e-125,1.0132170060590625e-126,4.338946631213162e-128,1.8580874339784435e-129,7.956974827651397e-131,3.4074525907704146e-132,1.4591893791091792e-133,6.248755007985648e-135,2.67593361827123e-136,1.1459275840136444e-137,4.90725935365953e-139,2.1014586523638664e-140,8.999174792548275e-142,3.8537587620740753e-143,1.650313160775628e-144,7.067213328017061e-146,3.02642585727355e-147,1.2960205167803927e-148,5.550009348085919e-150,2.3767064922985707e-151,1.017788150660017e-152,4.358521857791963e-154,1.866470224921685e-155,7.992872845850691e-157,3.422825367204446e-158
Co70,75261132.66654785,235174.78562102697,702.6756961127103,2.0804234969193818,0.006147703331772336,1.8159205790871384e-05,5.363436831250836e-08,1.58409599800539e-10,4.678623799127987e-13,1.3818292895037755e-15,4.081225442425923e-18,1.2053877142547703e-20,3.560106028460221e-23,1.0514753686766209e-25,3.1055267503215363e-28,9.172156270636016e-31,2.7089913375530614e-33,8.000991097814531e-36,2.3630883443534345e-38,6.979368499414417e-41,2.061352668723209e-43,6.088193831875724e-46,1.7981447181208512e-48,5.3108105894679696e-51,1.5685450026892387e-53,4.6326890858065005e-56,1.3682621875021013e-58,4.041154886659344e-61,1.1935528853416929e-63,3.525151918354489e-66,1.0411516908964436e-68,3.0750358241653446e-71,9.082101486824317e-74,2.6823937064006472e-76,7.922435139682313e-79,2.3398868850871993e-81,6.910843116378767e-84,2.0411137343256626e-86,6.028418249835605e-89,1.7804900326613828e-91,5.258667572531125e-94,1.553144591158158e-96,4.58720405458671e-99,1.3548282084107647e-101,4.001477702894333e-104,1.181834250819344e-106,3.4905409953913863e-109,1.0309293737307931e-111,3.0448442663306838e-114,8.992930885901597e-117,2.656057218192706e-119,7.844650465815631e-122,2.316913224207379e-124,6.842990534631669e-127,2.0210735114206996e-129,5.96922956110191e-132,1.7630086858189503e-134,5.207036510251569e-137,1.5378953851550782e-139,4.542165608066806e-142,1.3415261278662649e-144,3.962190080765948e-147,1.1702306731132917e-149,3.456269892105872e-152,1.020807422121044e-154,3.014949137616397e-157,8.904635786764487e-160,2.6299793089582635e-162,7.767629503532802e-165,2.294165125126115e-167,6.77580414842284e-170,2.001230049003569e-172,5.9106220033928e-175,1.7456989757067563e-177,5.1559123761159526e-180,1.5227959001020303e-182,4.497569361553875e-185,1.3283546508519505e-187,3.92328819544959e-190,1.1587410225636805e-192,3.4223352720537488e-195,1.010784850650227e-197,2.985347527598854e-200,8.817207593492732e-203,2.6041574398969743e-205,7.691364754500885e-208,2.2716403732148734e-210,6.709277416858998e-213,1.981581415225019e-215,5.85258987100206e-218,1.7285592171475992e-220,5.105290192962626e-223,1.5078446659970463e-225,4.4534109734051485e-228,1.315312495066003e-230,3.8847682596738492e-233,1.1473641806019708e-235,3.3887338315489515e-238,1.0008606835764691e-240,2.9560365544297773e-243,8.730637794563183e-246,2.5785890971351253e-248,7.615848794007633e-251,2.249336775588952e-253,6.643403863267184e-256,1.9621256972032275e-258,5.795127514243695e-261,1.7115877415098094e-263,5.055165032497084e-266,1.4930402272710356e-268,4.409686144605277e-271,1.3023983907965906e-273,3.846626523351777e-276,1.1360990396420349e-278,3.3554622993419115e-281,9.910339547380007e-284,2.927013364555654e-286,8.64491796202117e-289,2.5532717914809217e-291,7.541074270238674e-294,2.2272521608939993e-296,6.578177074564181e-299
Co70_m1,0.0,0.0,0.0,0.0,0.0,0.0,0.0,0.0,0.0,0.0,0.0,0.0,0.0,0.0,0.0,0.0,0.0,0.0,0.0,0.0,0.0,0.0,0.0,0.0,0.0,0.0,0.0,0.0,0.0,0.0,0.0,0.0,0.0,0.0,0.0,0.0,0.0,0.0,0.0,0.0,0.0,0.0,0.0,0.0,0.0,0.0,0.0,0.0,0.0,0.0,0.0,0.0,0.0,0.0,0.0,0.0,0.0,0.0,0.0,0.0,0.0,0.0,0.0,0.0,0.0,0.0,0.0,0.0,0.0,0.0,0.0,0.0,0.0,0.0,0.0,0.0,0.0,0.0,0.0,0.0,0.0,0.0,0.0,0.0,0.0,0.0,0.0,0.0,0.0,0.0,0.0,0.0,0.0,0.0,0.0,0.0,0.0,0.0,0.0,0.0,0.0,0.0,0.0,0.0,0.0,0.0,0.0,0.0,0.0,0.0,0.0,0.0,0.0,0.0,0.0,0.0,0.0,0.0,0.0,0.0,0.0,0.0
Co71,53104605.78519659,8256.811012898796,1.277338699916057,0.00019760584937875513,3.05698650727997e-08,4.729195281957326e-12,7.31612258072657e-16,1.1318130553928806e-19,1.7509285529638455e-23,2.7087077525535934e-27,4.190403815349417e-31,6.48260563331021e-35,1.0028669705552259e-38,1.5514473924847626e-42,2.4001079727605014e-46,3.712996205229117e-50,5.744050257951244e-54,8.886115563329492e-58,1.3746928780008738e-61,2.1266665905459517e-65,3.2899790634846615e-69,5.0896375982418074e-73,7.873731224903099e-77,1.2180757903751384e-80,1.8843780524350785e-84,2.9151557502061793e-88,4.5097813769261865e-92,6.9766866028450875e-96,1.0793018970576745e-99,1.6696931527886812e-103,2.583035601132118e-107,3.995987469657174e-111,6.181841183551087e-115,9.563383446226587e-119,1.4794670426493152e-122,2.2887534967022092e-126,3.5407294773434597e-130,5.477551536149576e-134,8.47383880162618e-138,1.3109131618763583e-141,2.0279985945105312e-145,3.1373384743882795e-149,4.853500751686969e-153,7.50842465323064e-157,1.1615624197368569e-160,1.7969511811834065e-164,2.7799053177770266e-168,4.300547314098815e-172,6.652998964580557e-176,1.0292270260020425e-179,1.5922267186461136e-183,2.4631940859717973e-187,3.810591189127598e-191,5.895030884230187e-195,9.119684427230244e-199,1.4108262651303583e-202,2.182565379607322e-206,3.3764551695671084e-210,5.2234171853983954e-214,8.080689872216879e-218,1.250092544656054e-221,1.9339083604453756e-225,2.99177973869889e-229,4.628319618426935e-233,7.160066703183061e-237,1.1076710214636206e-240,1.713580533048409e-244,2.65092991180948e-248,4.1010207934754194e-252,6.344329012092899e-256,9.814754091888737e-260,1.5183543870539121e-263,2.3489126911402966e-267,3.6337964823254694e-271,5.6215273240108156e-275,8.696571095356612e-279,1.3453701184295194e-282,2.0813039250946734e-286,3.2198024686850695e-290,4.9810735531471704e-294,7.70578132763366e-298,1.1920937371380576e-301,1.844183500286501e-305,2.8529742895001e-309,4.41358590146e-313,6.827871e-317,1.0563e-320,0.0,0.0,0.0,0.0,0.0,0.0,0.0,0.0,0.0,0.0,0.0,0.0,0.0,0.0,0.0,0.0,0.0,0.0,0.0,0.0,0.0,0.0,0.0,0.0,0.0,0.0,0.0,0.0,0.0,0.0,0.0,0.0,0.0,0.0,0.0
Co72,20752513.868234113,195.67180365157074,0.0018449548804484585,1.739575374360927e-08,1.6402148991022423e-13,1.546529661714329e-18,1.4581955058884905e-23,1.3749067903659538e-28,1.2963753314015257e-33,1.2223294056312718e-38,1.1525128098940465e-43,1.0866839747538249e-48,1.0246151286555618e-53,9.660915098225139e-59,9.10910623168142e-64,8.588815396514692e-69,8.098242356516164e-74,7.63568970075725e-79,7.199556970450111e-84,6.788335121268268e-89,6.400601301966398e-94,6.035013931233251e-99,5.690308055743142e-104,5.365290973344701e-109,5.0588381062428604e-114,4.7698891098950054e-119,4.497444204157881e-124,4.2405607139907927e-129,3.998349807745797e-134,3.769973421759047e-139,3.55464136060234e-144,3.3516085629614888e-149,3.160172523681345e-154,2.979670863057544e-159,2.809479034964658e-164,2.6490081658906748e-169,2.497703017400787e-174,2.3550400649804763e-179,2.2205256866106014e-184,2.093694454806804e-189,1.9741075262136673e-194,1.861351123181462e-199,1.7550351020716883e-204,1.6547916033376477e-209,1.5602737787092577e-214,1.4711545910780982e-219,1.3871256829302028e-224,1.3078963094113305e-229,1.2331923323330556e-234,1.1627552716388653e-239,1.0963414110483051e-244,1.0337209547846285e-249,9.746772324682002e-255,9.190059494245214e-260,8.66514479812907e-265,8.170212001299995e-270,7.703548607820069e-275,7.263539935512565e-280,6.848663529068786e-285,6.457483892265129e-290,6.088647521063631e-295,5.740878220410162e-300,5.412972688526125e-305,5.10379635341514e-310,4.81227945e-315,4.5375e-320,0.0,0.0,0.0,0.0,0.0,0.0,0.0,0.0,0.0,0.0,0.0,0.0,0.0,0.0,0.0,0.0,0.0,0.0,0.0,0.0,0.0,0.0,0.0,0.0,0.0,0.0,0.0,0.0,0.0,0.0,0.0,0.0,0.0,0.0,0.0,0.0,0.0,0.0,0.0,0.0,0.0,0.0,0.0,0.0,0.0,0.0,0.0,0.0,0.0,0.0,0.0,0.0,0.0,0.0,0.0,0.0
Co73,7850145.860974367,0.3570119145951873,1.6236323428912826e-08,7.384016827202475e-16,3.358131213826171e-23,1.5272236660850189e-30,6.945565785658131e-38,3.1587307841141917e-45,1.4365395814280974e-52,6.533149261684631e-60,2.9711704311703856e-67,1.3512401718470585e-74,6.1452213675068e-82,2.794747110281777e-89,1.2710057039974805e-96,5.780328007678858e-104,2.628799522399538e-111,1.1955354297866287e-118,5.437101428603601e-126,2.472705635348623e-133,1.1245464590597407e-140,5.114255091692325e-148,2.3258803522239696e-155,1.0577726992243952e-162,4.8105788509482214e-170,2.187773318233566e-177,9.949638578382853e-185,4.524934416897194e-192,2.0578668577676732e-199,9.358845044217161e-207,4.256251089863098e-214,1.935674033961544e-221,8.803131879781725e-229,4.003521746594288e-236,1.8207368234781912e-243,8.280416069150926e-251,3.7657990651977466e-258,1.7126243996696128e-265,7.788738282534155e-273,3.5421919742306616e-280,1.6109315176811628e-287,7.3262555319920915e-295,3.331862312639158e-302,1.515276995445803e-309,6.891234e-317,5e-324,0.0,0.0,0.0,0.0,0.0,0.0,0.0,0.0,0.0,0.0,0.0,0.0,0.0,0.0,0.0,0.0,0.0,0.0,0.0,0.0,0.0,0.0,0.0,0.0,0.0,0.0,0.0,0.0,0.0,0.0,0.0,0.0,0.0,0.0,0.0,0.0,0.0,0.0,0.0,0.0,0.0,0.0,0.0,0.0,0.0,0.0,0.0,0.0,0.0,0.0,0.0,0.0,0.0,0.0,0.0,0.0,0.0,0.0,0.0,0.0,0.0,0.0,0.0,0.0,0.0,0.0,0.0,0.0,0.0,0.0,0.0,0.0,0.0,0.0,0.0,0.0
Co74,1057213.1575649248,9.768533511513289e-05,9.026017722419226e-15,8.339941284882306e-25,7.706014188574163e-35,7.120272511048526e-45,6.579053631482344e-55,6.078973328444575e-65,5.616904618486027e-75,5.189958203228747e-85,4.795464402691174e-95,4.430956461878969e-105,4.094155126258245e-115,3.7829543896620984e-125,3.4954083255127353e-135,3.229718919015325e-145,2.984224824238643e-155,2.7573909757810375e-165,2.547798990063857e-175,2.354138296231911e-185,2.1751979412028783e-195,2.009859017622954e-205,1.8570876673809557e-215,1.7159286169321838e-225,1.585499204008657e-235,1.464983858364918e-245,1.3536290020477613e-255,1.2507383373014629e-265,1.1556684926439197e-275,1.0678249998888118e-285,9.866585769582552e-296,9.116616932424847e-306,8.42365395e-316,0.0,0.0,0.0,0.0,0.0,0.0,0.0,0.0,0.0,0.0,0.0,0.0,0.0,0.0,0.0,0.0,0.0,0.0,0.0,0.0,0.0,0.0,0.0,0.0,0.0,0.0,0.0,0.0,0.0,0.0,0.0,0.0,0.0,0.0,0.0,0.0,0.0,0.0,0.0,0.0,0.0,0.0,0.0,0.0,0.0,0.0,0.0,0.0,0.0,0.0,0.0,0.0,0.0,0.0,0.0,0.0,0.0,0.0,0.0,0.0,0.0,0.0,0.0,0.0,0.0,0.0,0.0,0.0,0.0,0.0,0.0,0.0,0.0,0.0,0.0,0.0,0.0,0.0,0.0,0.0,0.0,0.0,0.0,0.0,0.0,0.0,0.0,0.0,0.0
Co75,134718.68392566903,0.00018862724845538083,2.6410767848266186e-13,3.6979209740209405e-22,5.177668293730317e-31,7.2495462039985725e-40,1.0150499642387382e-48,1.421228861653129e-57,1.9899429075993444e-66,2.786231607271847e-75,3.9011604502392483e-84,5.462235378706619e-93,7.647984673525668e-102,1.0708375877484343e-110,1.4993402684295242e-119,2.099311105861581e-128,2.939364207038862e-137,4.115570063673479e-146,5.762442404532344e-155,8.068321508761708e-164,1.1296913252884803e-172,1.5817447148656176e-181,2.2146902317466415e-190,3.1009130465219825e-199,4.341763730319406e-208,6.079148949713536e-217,8.511760254186952e-226,1.1917796919282712e-234,1.6686781484405368e-243,2.3364106486641874e-252,3.2713406862149824e-261,4.580389107284736e-270,6.413261835595299e-279,8.979570601652455e-288,1.2572804644046856e-296,1.760389484417848e-305,2.464820877e-314,3.5e-323,0.0,0.0,0.0,0.0,0.0,0.0,0.0,0.0,0.0,0.0,0.0,0.0,0.0,0.0,0.0,0.0,0.0,0.0,0.0,0.0,0.0,0.0,0.0,0.0,0.0,0.0,0.0,0.0,0.0,0.0,0.0,0.0,0.0,0.0,0.0,0.0,0.0,0.0,0.0,0.0,0.0,0.0,0.0,0.0,0.0,0.0,0.0,0.0,0.0,0.0,0.0,0.0,0.0,0.0,0.0,0.0,0.0,0.0,0.0,0.0,0.0,0.0,0.0,0.0,0.0,0.0,0.0,0.0,0.0,0.0,0.0,0.0,0.0,0.0,0.0,0.0,0.0,0.0,0.0,0.0,0.0,0.0,0.0,0.0
Cr60,0.0,0.0,0.0,0.0,0.0,0.0,0.0,0.0,0.0,0.0,0.0,0.0,0.0,0.0,0.0,0.0,0.0,0.0,0.0,0.0,0.0,0.0,0.0,0.0,0.0,0.0,0.0,0.0,0.0,0.0,0.0,0.0,0.0,0.0,0.0,0.0,0.0,0.0,0.0,0.0,0.0,0.0,0.0,0.0,0.0,0.0,0.0,0.0,0.0,0.0,0.0,0.0,0.0,0.0,0.0,0.0,0.0,0.0,0.0,0.0,0.0,0.0,0.0,0.0,0.0,0.0,0.0,0.0,0.0,0.0,0.0,0.0,0.0,0.0,0.0,0.0,0.0,0.0,0.0,0.0,0.0,0.0,0.0,0.0,0.0,0.0,0.0,0.0,0.0,0.0,0.0,0.0,0.0,0.0,0.0,0.0,0.0,0.0,0.0,0.0,0.0,0.0,0.0,0.0,0.0,0.0,0.0,0.0,0.0,0.0,0.0,0.0,0.0,0.0,0.0,0.0,0.0,0.0,0.0,0.0,0.0,0.0
Cr61,0.0,0.0,0.0,0.0,0.0,0.0,0.0,0.0,0.0,0.0,0.0,0.0,0.0,0.0,0.0,0.0,0.0,0.0,0.0,0.0,0.0,0.0,0.0,0.0,0.0,0.0,0.0,0.0,0.0,0.0,0.0,0.0,0.0,0.0,0.0,0.0,0.0,0.0,0.0,0.0,0.0,0.0,0.0,0.0,0.0,0.0,0.0,0.0,0.0,0.0,0.0,0.0,0.0,0.0,0.0,0.0,0.0,0.0,0.0,0.0,0.0,0.0,0.0,0.0,0.0,0.0,0.0,0.0,0.0,0.0,0.0,0.0,0.0,0.0,0.0,0.0,0.0,0.0,0.0,0.0,0.0,0.0,0.0,0.0,0.0,0.0,0.0,0.0,0.0,0.0,0.0,0.0,0.0,0.0,0.0,0.0,0.0,0.0,0.0,0.0,0.0,0.0,0.0,0.0,0.0,0.0,0.0,0.0,0.0,0.0,0.0,0.0,0.0,0.0,0.0,0.0,0.0,0.0,0.0,0.0,0.0,0.0
Cr62,0.0,0.0,0.0,0.0,0.0,0.0,0.0,0.0,0.0,0.0,0.0,0.0,0.0,0.0,0.0,0.0,0.0,0.0,0.0,0.0,0.0,0.0,0.0,0.0,0.0,0.0,0.0,0.0,0.0,0.0,0.0,0.0,0.0,0.0,0.0,0.0,0.0,0.0,0.0,0.0,0.0,0.0,0.0,0.0,0.0,0.0,0.0,0.0,0.0,0.0,0.0,0.0,0.0,0.0,0.0,0.0,0.0,0.0,0.0,0.0,0.0,0.0,0.0,0.0,0.0,0.0,0.0,0.0,0.0,0.0,0.0,0.0,0.0,0.0,0.0,0.0,0.0,0.0,0.0,0.0,0.0,0.0,0.0,0.0,0.0,0.0,0.0,0.0,0.0,0.0,0.0,0.0,0.0,0.0,0.0,0.0,0.0,0.0,0.0,0.0,0.0,0.0,0.0,0.0,0.0,0.0,0.0,0.0,0.0,0.0,0.0,0.0,0.0,0.0,0.0,0.0,0.0,0.0,0.0,0.0,0.0,0.0
Cr63,0.0,0.0,0.0,0.0,0.0,0.0,0.0,0.0,0.0,0.0,0.0,0.0,0.0,0.0,0.0,0.0,0.0,0.0,0.0,0.0,0.0,0.0,0.0,0.0,0.0,0.0,0.0,0.0,0.0,0.0,0.0,0.0,0.0,0.0,0.0,0.0,0.0,0.0,0.0,0.0,0.0,0.0,0.0,0.0,0.0,0.0,0.0,0.0,0.0,0.0,0.0,0.0,0.0,0.0,0.0,0.0,0.0,0.0,0.0,0.0,0.0,0.0,0.0,0.0,0.0,0.0,0.0,0.0,0.0,0.0,0.0,0.0,0.0,0.0,0.0,0.0,0.0,0.0,0.0,0.0,0.0,0.0,0.0,0.0,0.0,0.0,0.0,0.0,0.0,0.0,0.0,0.0,0.0,0.0,0.0,0.0,0.0,0.0,0.0,0.0,0.0,0.0,0.0,0.0,0.0,0.0,0.0,0.0,0.0,0.0,0.0,0.0,0.0,0.0,0.0,0.0,0.0,0.0,0.0,0.0,0.0,0.0
Cr64,0.0,0.0,0.0,0.0,0.0,0.0,0.0,0.0,0.0,0.0,0.0,0.0,0.0,0.0,0.0,0.0,0.0,0.0,0.0,0.0,0.0,0.0,0.0,0.0,0.0,0.0,0.0,0.0,0.0,0.0,0.0,0.0,0.0,0.0,0.0,0.0,0.0,0.0,0.0,0.0,0.0,0.0,0.0,0.0,0.0,0.0,0.0,0.0,0.0,0.0,0.0,0.0,0.0,0.0,0.0,0.0,0.0,0.0,0.0,0.0,0.0,0.0,0.0,0.0,0.0,0.0,0.0,0.0,0.0,0.0,0.0,0.0,0.0,0.0,0.0,0.0,0.0,0.0,0.0,0.0,0.0,0.0,0.0,0.0,0.0,0.0,0.0,0.0,0.0,0.0,0.0,0.0,0.0,0.0,0.0,0.0,0.0,0.0,0.0,0.0,0.0,0.0,0.0,0.0,0.0,0.0,0.0,0.0,0.0,0.0,0.0,0.0,0.0,0.0,0.0,0.0,0.0,0.0,0.0,0.0,0.0,0.0
Cr65,0.0,0.0,0.0,0.0,0.0,0.0,0.0,0.0,0.0,0.0,0.0,0.0,0.0,0.0,0.0,0.0,0.0,0.0,0.0,0.0,0.0,0.0,0.0,0.0,0.0,0.0,0.0,0.0,0.0,0.0,0.0,0.0,0.0,0.0,0.0,0.0,0.0,0.0,0.0,0.0,0.0,0.0,0.0,0.0,0.0,0.0,0.0,0.0,0.0,0.0,0.0,0.0,0.0,0.0,0.0,0.0,0.0,0.0,0.0,0.0,0.0,0.0,0.0,0.0,0.0,0.0,0.0,0.0,0.0,0.0,0.0,0.0,0.0,0.0,0.0,0.0,0.0,0.0,0.0,0.0,0.0,0.0,0.0,0.0,0.0,0.0,0.0,0.0,0.0,0.0,0.0,0.0,0.0,0.0,0.0,0.0,0.0,0.0,0.0,0.0,0.0,0.0,0.0,0.0,0.0,0.0,0.0,0.0,0.0,0.0,0.0,0.0,0.0,0.0,0.0,0.0,0.0,0.0,0.0,0.0,0.0,0.0
Cr66,802.5294749664856,6.33084128088612e-28,4.994153183650447e-58,3.939692201266931e-88,3.1078691561836413e-118,2.4516764758555193e-148,1.9340317240524587e-178,1.5256820165621972e-208,1.2035508966646926e-238,9.494342498224815e-269,7.48971561762805e-299,0.0,0.0,0.0,0.0,0.0,0.0,0.0,0.0,0.0,0.0,0.0,0.0,0.0,0.0,0.0,0.0,0.0,0.0,0.0,0.0,0.0,0.0,0.0,0.0,0.0,0.0,0.0,0.0,0.0,0.0,0.0,0.0,0.0,0.0,0.0,0.0,0.0,0.0,0.0,0.0,0.0,0.0,0.0,0.0,0.0,0.0,0.0,0.0,0.0,0.0,0.0,0.0,0.0,0.0,0.0,0.0,0.0,0.0,0.0,0.0,0.0,0.0,0.0,0.0,0.0,0.0,0.0,0.0,0.0,0.0,0.0,0.0,0.0,0.0,0.0,0.0,0.0,0.0,0.0,0.0,0.0,0.0,0.0,0.0,0.0,0.0,0.0,0.0,0.0,0.0,0.0,0.0,0.0,0.0,0.0,0.0,0.0,0.0,0.0,0.0,0.0,0.0,0.0,0.0,0.0,0.0,0.0,0.0,0.0,0.0,0.0
Cs141,1057511436707424.4,1174512991646605.5,1241565095158065.0,1274246198314417.2,1284012157149650.0,1278718036063329.8,1263653335143884.0,1242359369857980.8,1217200856762813.8,1189753508494577.0,1161064570540778.5,1131827501829944.0,1102499003071591.4,1073377402590240.8,1044655154930911.1,1016453999672812.6,988848506068248.9,961881838538624.6,935576311709813.1,909940455490890.2,884973742605236.4,860669750477238.1,837018274513669.0,814006739107290.4,791621138343691.8,769846661799632.6,748668109516484.4,728070165866403.2,708037579008924.1,688555277215808.4,669608443012975.4,651182559169476.8,633263435928811.0,615837225773446.9,598890429933864.8,582409899460544.5,566382832744299.6,550796770745463.1,535639590773858.94,520899499381214.0,506565024739941.7,492625008756569.56,479068599083945.06,465885241140068.56,453064670203752.94,440596903632131.94,428472233228258.7,416681217775800.4,405214675750420.1,394063678212467.75,383219541882350.6,372673822397816.75,362418307751001.44,352445011902195.8,342746168566760.7,333314225171274.4,324141836974835.75,315221861351359.7,306547352228692.2,298111554680405.4,289907899666183.06,281929998916789.6,274171639959688.7,266626781281484.22,259289547623434.88,252154225406400.1,245215258281663.1,238467242804176.56,231904924224864.9,225523192398712.28,219317077805448.03,213281747679736.75,207412502247859.16,201704771067951.34,196154109470958.34,190756195099523.75,185506824542127.72,180401910059847.4,175437476403193.03,170609657716539.66,165914694527747.12,161348930820619.38,156908811187927.6,152590878062777.12,148391769026166.38,144308214188634.97,140337033643966.94,136475134992966.58,132719510935374.16,129067236928050.58,125515468907605.39,122061441075695.31,118702463745268.8,115435921246078.83,112259269887833.52,109170035979398.52,106165813902508.27,103244264238485.69,100403111946513.48,97640144592036.08,94953210623914.02,92340217698989.02,89799131052754.77,87327971914864.92,84924815968244.17,82587791850602.7,80315079697187.0,78104909723632.88,75955560847815.58,73865359349625.6,71832677567625.86,69855932631574.69,67933585229828.54,66064138410664.03,64246136416586.586,62478163550716.69,60758843074372.39,59086836134988.53,57460840723538.54,55879590660646.66,54341854610601.0,52846435122499.625
Cs142,825970912263019.9,602012438754880.5,430091128782699.0,302735036047661.4,210698147090191.6,145360185640742.94,99589026504602.44,67850603440982.85,46017993121447.03,31094855334053.33,20946787304180.95,14074714866349.094,9437077577060.64,6316263250348.3,4221145854259.324,2817406556852.8276,1878461465730.5356,1251294135273.7546,832875854883.9761,554006566516.147,368303286946.1022,244730505789.015,162552187489.55026,107930835271.4943,71642088921.04,47542241608.56834,31542474709.325542,20923301713.05761,13876971178.93831,9202358574.548512,6101718363.134181,4045395826.644636,2681834742.7942643,1777749244.3371484,1178368429.6377137,781030062.7309752,517647174.48423827,343069648.3305499,227360802.89442775,150673154.15930548,99849292.52087836,66167466.91004971,43846586.11552109,29054940.037089754,19252986.364393976,12757659.35913497,8453555.65192519,5601495.330683364,3711634.7475371924,2459368.7103045825,1629594.7378566633,1079775.5439764324,715460.3303313294,474063.02478457976,314112.5428065498,208129.35196897853,137905.1244860679,91374.8410933343,60544.14367012682,40115.94483737324,26580.3916521964,17611.86173768296,11669.406396169503,7732.001391984261,5123.123101213069,3394.5124785877924,2249.1572122333273,1490.2599561591812,987.4249406960292,654.2534434926032,433.498725287614,287.2298239219163,190.3141821427638,126.09930699353933,83.55148688558866,55.359940099528266,36.6806474731031,24.30403233092831,16.103476385543562,10.66991396264876,7.069719266688851,4.684285942264194,3.10373481707437,2.05648621234664,1.3625956001863764,0.9028345083617422,0.5982039939648126,0.39636058192615153,0.26262229898985445,0.17400940970553946,0.11529589982313282,0.07639325017698721,0.05061696578998936,0.0335380049795834,0.02222175416003995,0.014723784413268437,0.009755747667969751,0.006464004733161701,0.004282947699409596,0.002837813660857949,0.0018802906120322848,0.001245850925975417,0.0008254811871041934,0.0005469508227963402,0.0003624009932282805,0.0002401211850235181,0.00015910051161306768,0.000105417490624151,6.984796722224241e-05,4.6280161789905214e-05,3.066450548463165e-05,2.0317817824119246e-05,1.3462265718024348e-05,8.919884987677454e-06,5.910175139397393e-06,3.915988851483182e-06,2.5946724622271227e-06,1.7191890580215016e-06,1.1391075597042694e-06,7.547547061894942e-07,5.000885663387812e-07,3.313507979517577e-07
Cs143,508663396527469.0,358696375548083.5,244903096135279.8,166441123698999.9,113040726519911.27,76765483281034.08,52130300942706.19,35400801115080.0,24040053528329.188,16325159782164.264,11086110364604.705,7528366487955.048,5112368440196.477,3471709729340.008,2357569814256.05,1600978991081.0557,1087192968594.7855,738291012609.137,501358617209.1758,340462551990.114,231201255156.45032,157004102807.1712,106618310590.24399,72402335692.14056,49166958632.54891,33388284276.68865,22673306171.09847,15396981794.564482,10455777546.522274,7100306054.493586,4821673515.392726,3274300454.964994,2223510858.1038337,1509941003.935336,1025370224.5892293,696308062.3535224,472848640.4688582,321101892.2527556,218053762.32990006,148075873.6115177,100555313.01998942,68285067.1258672,46370999.69802102,31489602.37568353,21383948.240564287,14521404.137183638,9861190.070778595,6696533.522118094,4547479.653456683,3088100.899914052,2097066.4838088981,1424075.1774890635,967060.4755082795,656711.0908349573,445959.13878106605,302841.7765908571,205653.68813114465,139655.23487903056,94837.0282390552,64401.89608984568,43734.01715480783,29698.881129374397,20167.90584792908,13695.614475054865,9300.413104995194,6315.721290254056,4288.877812816103,2912.4896504858057,1977.8124568671728,1343.092193951585,912.0665790064552,619.3658546195092,420.59874870768203,285.62005169467426,193.958765166747,131.7134506550932,89.44392416888522,60.739548853490554,41.24699166774762,28.009992727187242,19.021016099713023,12.916784984179012,8.771525845562612,5.9565647143314076,4.044981890347475,2.7468648924222534,1.865340053864479,1.2667144737077738,0.8602000233557912,0.584144332080939,0.3966805294553507,0.2693776756994567,0.18292889813592064,0.12422329239545497,0.08435751010811125,0.05728546856563926,0.03890139602957875,0.02641714645863666,0.01793934661076002,0.012182245244575693,0.008272714855176066,0.005617832320813237,0.003814955614604233,0.0025906587292540487,0.0017592636270177054,0.0011946801307321008,0.0008112829668317278,0.0005509257543841103,0.0003741224692896272,0.00025405895606358094,0.00017252626734415202,0.00011715907750269089,7.956034552060807e-05,5.4027811709367184e-05,3.668918754691355e-05,2.49148806931822e-05,1.6919188498294334e-05,1.1489476629087306e-05,7.802269785199888e-06,5.2983626466438e-06,3.5980102596043577e-06,2.443335553186142e-06
Cs144,151363911661653.38,76051424435062.47,38241894611149.14,19246321483786.383,9695294761377.297,4888877529299.98,2467876033055.8633,1247199451399.895,631073930191.5177,319735266670.8734,162218979353.80203,82423080277.83736,41943763680.870255,21379248652.10486,10915873297.27071,5583404660.609294,2861188671.3178654,1469031434.6253912,755755148.8887037,389602920.34298027,201269047.1530746,104199288.90577374,54063119.75318281,28112385.693019673,14650824.946242288,7652396.887568342,4005925.2910246043,2101709.8828264233,1105089.981263067,582322.8279500756,307506.15865923435,162722.14430298167,86281.5950533547,45839.65734584156,24399.834169664835,13011.37936015178,6950.528456096288,3719.086192182339,1993.1672157722105,1069.806035254587,575.0225164062638,309.4910414504137,166.7862237359605,89.9885620378685,48.60675303147855,26.28187157348308,14.224459910445514,7.705589307152412,4.177713436660093,2.2667713585028872,1.2308016660090662,0.6687382681640259,0.3635715567922571,0.19777369505761824,0.10763975537293137,0.05861170832092785,0.03192910740779773,0.017400603741150652,0.00948642463497345,0.005173544072336367,0.0028223362653291813,0.001540114424629684,0.0008406406038442264,0.00045895618700592995,0.00025062634026839955,0.00013688903560564542,7.478071330665091e-05,4.0858523842559466e-05,2.232757643891764e-05,1.2202830690775116e-05,6.670131664081045e-06,3.64634896381075e-06,1.993552364484219e-06,1.0900304643703424e-06,5.960566198901868e-07,3.2596496829399064e-07,1.7827309681260162e-07,9.750555490489927e-08,5.333336974663245e-08,2.9173764930871105e-08,1.5959070737633292e-08,8.730567014145804e-09,4.776340357549495e-09,2.613150609268336e-09,1.4297118225488051e-09,7.822510126261457e-10,4.28012154240184e-10,2.3419483046236677e-10,1.281470854056977e-10,7.012122089963073e-11,3.8370607602050465e-11,2.0996919981394295e-11,1.148998670584292e-11,6.287671506282045e-12,3.440851841489195e-12,1.8829872915091e-12,1.030465880136797e-12,5.639287315344992e-13,3.0861626526919123e-13,1.688950905122632e-13,9.243118865802921e-14,5.0585151100615855e-14,2.7684092754680613e-14,1.5150955552510714e-14,8.291860996363461e-15,4.538016373795242e-15,2.483601853223141e-15,1.3592507908571096e-15,7.439072004757038e-16,4.071358444732595e-16,2.2282360634779453e-16,1.2195067953937393e-16,6.674339772257413e-17,3.652862829140634e-17,1.999214048344509e-17,1.0941730780839376e-17,5.9884369559578495e-18,3.277491697678407e-18,1.793784720653976e-18,9.81747011709257e-19,5.373154811883796e-19,2.940759932013685e-19
Cs144_m1,0.0,0.0,0.0,0.0,0.0,0.0,0.0,0.0,0.0,0.0,0.0,0.0,0.0,0.0,0.0,0.0,0.0,0.0,0.0,0.0,0.0,0.0,0.0,0.0,0.0,0.0,0.0,0.0,0.0,0.0,0.0,0.0,0.0,0.0,0.0,0.0,0.0,0.0,0.0,0.0,0.0,0.0,0.0,0.0,0.0,0.0,0.0,0.0,0.0,0.0,0.0,0.0,0.0,0.0,0.0,0.0,0.0,0.0,0.0,0.0,0.0,0.0,0.0,0.0,0.0,0.0,0.0,0.0,0.0,0.0,0.0,0.0,0.0,0.0,0.0,0.0,0.0,0.0,0.0,0.0,0.0,0.0,0.0,0.0,0.0,0.0,0.0,0.0,0.0,0.0,0.0,0.0,0.0,0.0,0.0,0.0,0.0,0.0,0.0,0.0,0.0,0.0,0.0,0.0,0.0,0.0,0.0,0.0,0.0,0.0,0.0,0.0,0.0,0.0,0.0,0.0,0.0,0.0,0.0,0.0,0.0,0.0
Cs145,27386822277246.188,8418850366169.134,2585054019320.3394,793680568827.8289,243679137530.82913,74815324029.57852,22970089721.277813,7052365141.447732,2165244148.6690874,664781537.6872288,204103767.8635416,62664718.43448851,19239561.176640283,5907003.544077784,1813590.7846943152,556815.567982914,170955.6418816154,52487.45396100114,16114.898536823961,4947.65768293768,1519.0487542568324,466.38414895955805,143.19104228271982,43.963060570846096,13.497706727623846,4.144117459959439,1.272342766700628,0.3906395346214816,0.1199356415606428,0.036823098641311426,0.011305568352357864,0.003471078765393196,0.0010657038567239074,0.000327196467438144,0.00010045710881924304,3.084272514106236e-05,9.469451244498677e-06,2.907347079799865e-06,8.92624802026561e-07,2.7405707516964406e-07,8.41420496943632e-08,2.5833613390152985e-08,7.931534627645283e-09,2.435170047621576e-09,7.476552066184176e-10,2.2954795642694062e-10,7.04766901017213e-11,2.1638022507401074e-11,6.643388294129899e-12,2.039678441571376e-12,6.262298635602961e-13,1.9226748394350948e-13,5.903069708589257e-14,1.8123830025623216e-14,5.564447499573599e-15,1.70841791893522e-15,5.245249929957296e-16,1.6104166622687054e-16,4.9443627296016996e-17,1.5180371250900108e-17,4.660735547080671e-18,1.4309568244935611e-18,4.393378283063641e-19,1.3488717764022295e-19,4.141357634029502e-20,1.271495434405184e-20,3.903793834246071e-21,1.1985576894679814e-21,3.6798575846417883e-22,1.1298039270230266e-22,3.468767157848874e-23,1.064994138148868e-23,3.269785669312041e-24,1.0039020817355812e-24,3.0822185049366776e-25,9.463144947114798e-26,2.9054108962967264e-26,8.920303475741894e-27,2.738745634937768e-27,8.4086014262725e-28,2.5816409177962413e-28,7.926252524724954e-29,2.4335483162134815e-29,7.471572964489887e-30,2.2939508614547297e-30,7.042975528417615e-31,2.162361240049968e-31,6.638964048084621e-32,2.038320092656751e-32,6.258128180897279e-33,1.9213944105066445e-33,5.899138486800476e-34,1.8111760238375185e-34,5.560741787404715e-35,1.7072801770350175e-35,5.241756791331087e-36,1.6093441855092794e-36,4.941069970502819e-37,1.5170261696182058e-37,4.6576316729882063e-38,1.430003861217675e-38,4.390452458825496e-39,1.3479734786724926e-39,4.138599646038533e-40,1.2706486664009317e-40,3.9011940547859265e-41,1.1977594952509752e-41,3.6774069382780156e-42,1.1290515202187282e-42,3.466457089747971e-43,1.0642848922196296e-43,3.2676081153778325e-44,1.0032335208118e-44,3.080165863659761e-45,9.456842849487133e-46,2.9034760022187773e-46,8.914362890060636e-47,2.736921733638025e-47,8.403001614857103e-48,2.5799216423128375e-48,7.920973939485974e-49,2.4319276648173467e-49
Cs146,2763763315291.9185,319888363708.3706,37058855724.27112,4298538848.680183,499403272.2645785,58143144.38622156,6787938.214467833,795278.743175744,93601.16572254439,11080.591875436025,1321.3365558658875,158.99761880552458,19.34398335197185,2.384451332501526,0.2984182826199734,0.03799099259100292,0.004927223125004042,0.0006515948514395491,8.787751410390597e-05,1.2079424815876798e-05,1.6901974688564717e-06,2.4032081038211906e-07,3.465178743586582e-08,5.056188310065594e-09,7.450789164125288e-10,1.1067813532643462e-10,1.654647567024354e-11,2.4862658645736724e-12,3.750661138023456e-13,5.6754494033924455e-14,8.608334547272994e-15,1.3080523437404353e-15,1.9903637755796423e-16,3.031781735586466e-17,4.621805751946967e-18,7.050010810920475e-19,1.075890949028023e-19,1.6424738905057288e-20,2.5080924235891428e-21,3.8306763534294036e-22,5.851578820111322e-23,8.939645479108567e-24,1.3658564025694313e-24,2.0869792385011886e-25,3.1889860740415947e-26,4.8730771525113944e-27,7.446739563787539e-28,1.1379895334412141e-28,1.7390710924863786e-29,2.6576737408559025e-30,4.06153282396466e-31,6.206993198750394e-32,9.485819077150869e-33,1.4496732174862828e-33,2.2154741426596787e-34,3.3858228479278073e-35,5.1744299701145586e-36,7.907903340201118e-37,1.2085388357694453e-37,1.8469714681556685e-38,2.8226693130914424e-39,4.313799918547701e-40,6.592651679894327e-41,1.0075355211885249e-41,1.5397871110958105e-42,2.3532119896856683e-43,3.596346010837849e-44,5.496192304310667e-45,8.399673311703176e-46,1.2836980757323771e-46,1.961839161191901e-47,2.998222918415066e-48,4.5820987860271524e-49,7.002691313053162e-50,1.0702014174241003e-50,1.6355584331807582e-51,2.499577519968591e-52,3.8200333786009526e-53,5.838048609542159e-54,8.922124044445419e-55,1.3635429053097165e-55,2.083863941109984e-56,3.184710149646844e-57,4.8671021873959574e-58,7.438254222479372e-59,1.1367672955115304e-59,1.737289215954998e-60,2.6550498352979026e-61,4.057637360934822e-62,6.201172097261015e-63,9.4770754416635e-64,1.4483545614681555e-64,2.2134791991292035e-65,3.3827974831424616e-66,5.1698334535540506e-67,7.900909845022882e-68,1.2074736438107593e-68,1.845347724655693e-69,2.8201925916894845e-70,4.31002035444614e-71,6.586881871335877e-72,1.0066544753649337e-72,1.538441485016244e-73,2.3511564898853563e-74,3.593205782464157e-75,5.4913944906263875e-76,8.392342458895432e-77,1.282577896519265e-77,1.9601274241346423e-78,2.9956071512489416e-79,4.578101451021449e-80,6.996582608341454e-81,1.0692678770680443e-81,1.6341317710830922e-82,2.4973972402367476e-83,3.8167013737264056e-84,5.832956464236859e-85,8.91434193617987e-86,1.3623535961970437e-86,2.0820463634430108e-87,3.1819324084636534e-88,4.862857057269675e-89
Cs147,808753913257.2329,39768501871.09249,1953098159.274568,95917581.44179742,4710555.832759762,231337.52648908476,11361.090506462699,557.9482907699809,27.401092790875502,1.3456800541462743,0.06608695579944644,0.0032455602751790893,0.00015939093233144163,7.827760742506729e-06,3.8442486875297944e-07,1.8879279091049503e-08,9.271699308994749e-10,4.5533734451316315e-11,2.236182283296869e-12,1.0981992284154159e-13,5.393306056937863e-15,2.6486769860304115e-16,1.3007772416888003e-17,6.388175838048745e-19,3.137262033032474e-20,1.5407235670133647e-21,7.566563088948763e-23,3.715973339073692e-24,1.8249313055849922e-25,8.962320141226667e-27,4.4014359372332135e-28,2.1615650863054877e-29,1.061554385651684e-30,5.213341577525199e-32,2.5602956166271138e-33,1.2573727516300129e-34,6.175014425187322e-36,3.0325774995394243e-37,1.4893125193685377e-38,7.314081109830599e-40,3.5919782977358417e-41,1.7640367802407524e-42,8.663264374407999e-44,4.254568298209962e-45,2.0894377248380086e-46,1.0261323123695169e-47,5.0393821743141274e-49,2.474863367293509e-50,1.2154165877695091e-51,5.968965807760016e-53,2.9313860920388187e-54,1.4396169616899399e-55,7.070023979488575e-57,3.472120737718085e-58,1.7051741906770816e-59,8.374187536065225e-61,4.112601356072866e-62,2.0197171177658536e-63,9.918922070510864e-65,4.871227469206076e-66,2.3922818314395428e-67,1.1748604221860503e-68,5.769792645160869e-70,2.833571251486125e-71,1.391579651303879e-72,6.8341105765644364e-74,3.3562625990505304e-75,1.6482757350186428e-76,8.094756648123471e-78,3.975371583784073e-79,1.952322956221479e-80,9.587946296484883e-82,4.708683770342834e-83,2.3124558861180267e-84,1.1356575395702487e-85,5.577265516393617e-87,2.739020308192936e-88,1.3451452556170287e-89,6.606069160190928e-91,3.244270428564802e-92,1.5932758738111442e-93,7.824649843359873e-95,3.842720910895364e-96,1.8871776110931777e-97,9.268014561540278e-99,4.5515638489991395e-100,2.23529358245558e-101,1.097762783414718e-102,5.391162655809112e-104,2.6476243520464272e-105,1.3002602883806352e-106,6.385637056982485e-108,3.1360152261737914e-109,1.5401112545286377e-110,7.563555994655512e-112,3.714496541472135e-113,1.8242060436067235e-114,8.958758346864534e-116,4.3996867239202026e-117,2.1607060397398143e-118,1.0611325039997986e-119,5.211269697660825e-121,2.5592781070593895e-122,1.2568730480814578e-123,6.172560358470318e-125,3.031372296280628e-126,1.4887206385997907e-127,7.311174356618182e-129,3.590550778092694e-130,1.7633357188906272e-131,8.65982143042472e-133,4.2528774528552904e-134,2.0886073430405394e-135,1.0257245081148817e-136,5.037379429184041e-138,2.473879810106333e-139,1.2149335583885293e-140,5.966593628633758e-142,2.930221104146026e-143,1.4390448308692405e-144,7.0672142191638515e-146,3.470740851720559e-147
Cs148,4723403916.734765,40964324.712924235,355268.34646526095,3081.1101826936624,26.721322212776574,0.23174408523579204,0.002009830225245938,1.7430509737507054e-05,1.5116832550975796e-07,1.3110266413065019e-09,1.137004626081181e-11,9.86081807187144e-14,8.551920618096396e-16,7.416762557139671e-18,6.432282207179036e-20,5.578479029635847e-22,4.838007301569366e-24,4.195823722862756e-26,3.63888179904713e-28,3.155866790896069e-30,2.736965846070795e-32,2.3736686428488485e-34,2.058594495847485e-36,1.7853424112505402e-38,1.5483610452857473e-40,1.3428359240506125e-42,1.1645916334636827e-44,1.010006992248511e-46,8.759414846188627e-49,7.596714580838357e-51,6.588347901781683e-53,5.713828999762277e-55,4.9553912946363105e-57,4.297626492493732e-59,3.727171553329272e-61,3.2324372097506586e-63,2.8033725213553518e-65,2.4312606815018308e-67,2.1085419281198228e-69,1.828659960845056e-71,1.5859287443146403e-73,1.375416991621071e-75,1.1928479811099503e-77,1.0345126712162151e-79,8.971943481943662e-82,7.781032758985674e-84,6.748200199684267e-86,5.852462950040981e-88,5.075623361500879e-90,4.4018992905598964e-92,3.817603471369863e-94,3.3108654475285557e-96,2.8713904138674354e-98,2.4902500689070027e-100,2.1597012289731877e-102,1.8730285189693885e-104,1.624407943936126e-106,1.4087885697408957e-108,1.2217899091428224e-110,1.0596129285445405e-112,9.1896286745931e-115,7.969823027065289e-117,6.911930974790195e-119,5.994460559290002e-121,5.198772604637318e-123,4.508702047066041e-125,3.910229528232208e-127,3.391196580268308e-129,2.941058616378118e-131,2.5506707087701772e-133,2.2121018018301596e-135,1.9184735861179139e-137,1.663820759780166e-139,1.442969838473086e-141,1.2514340517172958e-143,1.0853221904172035e-145,9.41259553706066e-148,8.163193890860853e-150,7.079634330128388e-152,6.139903439564986e-154,5.324909803144916e-156,4.618096146091471e-158,4.0051029600443544e-160,3.473476777682993e-162,3.0124171701616944e-164,2.6125573273987176e-166,2.2657737635250437e-168,1.9650212815004595e-170,1.7041898440656148e-172,1.4779804432442258e-174,1.2817974465808936e-176,1.1116552330386997e-178,9.640972217870115e-181,8.361256488818928e-183,7.251406651938394e-185,6.288875183065216e-187,5.45410745342786e-189,4.73014446107013e-191,4.1022782945961965e-193,3.5577533296959436e-195,3.0855070880091327e-197,2.6759454936602455e-199,2.3207479616132974e-201,2.0126983580541118e-203,1.7455383986194002e-205,1.5138405061355275e-207,1.3128975448659597e-209,1.1386271911267972e-211,9.874889974797419e-214,8.564124655924844e-216,7.427346665067469e-218,6.441461410177426e-220,5.586439810861851e-222,4.8449113909265185e-224,4.201811382678834e-226,3.6440746736202163e-228,3.160370377799822e-230,2.740871639425555e-232,2.3770559921009236e-234,2.0615322178192707e-236,1.7878901882116043e-238,1.5505706374478605e-240
Cs149,129250062.12262224,123.26246464025743,0.00011755224670434733,1.1210655851778747e-10,1.0691314555910847e-16,1.0196032100592489e-22,9.723693943588746e-29,9.273237174595621e-35,8.843648123355522e-41,8.433960078578508e-47,8.04325111253598e-53,7.670642006431579e-59,7.315294271880723e-65,6.976408264046421e-71,6.653221382185402e-77,6.345006353555121e-83,6.051069596820004e-89,5.770749661273967e-95,5.503415738367059e-101,5.248466242186611e-107,5.005327455698607e-113,4.7734522397028134e-119,4.5523188015964704e-125,4.3414295211758426e-131,4.140309830833291e-137,3.948507147630023e-143,3.7655898548412645e-149,3.591146330682061e-155,3.4247840220280386e-161,3.2661285610466465e-167,3.1148229227510986e-173,2.9705266215811774e-179,2.8329149452030025e-185,2.701678223803531e-191,2.5765211332354895e-197,2.457162030444617e-203,2.3433323196836667e-209,2.2347758480869978e-215,2.1312483292455694e-221,2.0325167934852374e-227,1.938359063611262e-233,1.8485632549393333e-239,1.7629272984879844e-245,1.6812584862594514e-251,1.6033730375856936e-257,1.5290956855637521e-263,1.4582592826497607e-269,1.390704424524082e-275,1.3262790913811543e-281,1.2648383058368278e-287,1.2062438066833783e-293,1.1503637377580465e-299,1.0970723512249458e-305,1.0462497246025e-311,9.977814e-318,1e-323,0.0,0.0,0.0,0.0,0.0,0.0,0.0,0.0,0.0,0.0,0.0,0.0,0.0,0.0,0.0,0.0,0.0,0.0,0.0,0.0,0.0,0.0,0.0,0.0,0.0,0.0,0.0,0.0,0.0,0.0,0.0,0.0,0.0,0.0,0.0,0.0,0.0,0.0,0.0,0.0,0.0,0.0,0.0,0.0,0.0,0.0,0.0,0.0,0.0,0.0,0.0,0.0,0.0,0.0,0.0,0.0,0.0,0.0,0.0,0.0,0.0,0.0,0.0,0.0,0.0,0.0
Cs150,709367.9746882472,0.6765060183413014,6.451664145863558e-07,6.152786393989158e-13,5.867754358281298e-19,5.595926626473726e-25,5.336691500161877e-31,5.089465618287937e-37,4.853692644393874e-43,4.6288420146883855e-49,4.414407744110489e-55,4.2099072877030356e-61,4.014880454733892e-67,3.8288883731211665e-73,3.6515125018321743e-79,3.48235368903368e-85,3.321031273873985e-91,3.167182229875558e-97,3.0204603480105984e-103,2.8805354576211975e-109,2.7470926834308664e-115,2.619831736975548e-121,2.498466240859561e-127,2.3827230843158403e-133,2.2723418086203073e-139,2.1670740209773194e-145,2.0666828355572926e-151,1.9709423404286366e-157,1.8796370891844185e-163,1.7925616161197883e-169,1.7095199738691263e-175,1.630325292462473e-181,1.554799358808973e-187,1.482772215661026e-193,1.414081779156713e-199,1.3485734740798156e-205,1.2860998860166745e-211,1.2265204296271115e-217,1.1697010322829366e-223,1.1155138323621165e-229,1.0638368915196608e-235,1.0145539202877646e-241,9.675540163877175e-248,9.227314151646808e-254,8.799852515837507e-260,8.392193332517178e-266,8.003419239537426e-272,7.632655372178507e-278,7.279067394426844e-284,6.941859621455059e-290,6.620273229079323e-296,6.313584546164837e-302,6.021103426136838e-308,5.742171694e-314,5.476e-320,0.0,0.0,0.0,0.0,0.0,0.0,0.0,0.0,0.0,0.0,0.0,0.0,0.0,0.0,0.0,0.0,0.0,0.0,0.0,0.0,0.0,0.0,0.0,0.0,0.0,0.0,0.0,0.0,0.0,0.0,0.0,0.0,0.0,0.0,0.0,0.0,0.0,0.0,0.0,0.0,0.0,0.0,0.0,0.0,0.0,0.0,0.0,0.0,0.0,0.0,0.0,0.0,0.0,0.0,0.0,0.0,0.0,0.0,0.0,0.0,0.0,0.0,0.0,0.0,0.0,0.0,0.0
Cs151,3375.6277186363477,0.0032192494570125138,3.070115525257609e-09,2.9278903248382708e-15,2.7922538040526198e-21,2.66290073781264e-27,2.539540040791176e-33,2.4218941123878324e-39,2.3096982120397936e-45,2.2026998634717954e-51,2.10065828654461e-57,2.0033438554235603e-63,1.9105375818477288e-69,1.8220306223370873e-75,1.73762380822858e-81,1.6571271974836212e-87,1.5803596472584014e-93,1.5071484062751812e-99,1.4373287260772562e-105,1.3707434902927966e-111,1.3072428610733033e-117,1.2466839419110352e-123,1.1889304560766585e-129,1.1338524399534801e-135,1.081325950578196e-141,1.0312327867300023e-147,9.834602229404498e-154,9.379007558254742e-160,8.944518621687665e-166,8.530157682120977e-172,8.134992296334263e-178,7.758133217176705e-184,7.398732392479632e-190,7.055981056670805e-196,6.729107910795993e-202,6.417377386852273e-208,6.1200879925272795e-214,5.836570732619569e-220,5.566187603587709e-226,5.308330157840466e-232,5.062418134537198e-238,4.827898153817372e-244,4.604242471520789e-250,4.3909477915962204e-256,4.1875341335260665e-262,3.993543752218322e-268,3.8085401079352693e-274,3.632106883940961e-280,3.463847049656839e-286,3.3033819672172995e-292,3.1503505394146982e-298,3.00440839711638e-304,2.86522712432517e-310,2.73249354e-316,2.6e-322,0.0,0.0,0.0,0.0,0.0,0.0,0.0,0.0,0.0,0.0,0.0,0.0,0.0,0.0,0.0,0.0,0.0,0.0,0.0,0.0,0.0,0.0,0.0,0.0,0.0,0.0,0.0,0.0,0.0,0.0,0.0,0.0,0.0,0.0,0.0,0.0,0.0,0.0,0.0,0.0,0.0,0.0,0.0,0.0,0.0,0.0,0.0,0.0,0.0,0.0,0.0,0.0,0.0,0.0,0.0,0.0,0.0,0.0,0.0,0.0,0.0,0.0,0.0,0.0,0.0,0.0,0.0
Cu73,17081278499.718275,15815392220.249964,13992369863.85576,12118724228.35558,10386666460.428778,8855345681.895452,7529521643.259546,6393377337.463109,5424816369.934748,4601302925.445493,3902065899.694149,3308765819.063484,2805534366.9825215,2378777702.9545274,2016908931.5935626,1710077150.7230434,1449918400.188534,1229336038.9322047,1042310828.7050189,883738287.6517761,749290077.2363164,635296165.731231,538644782.4339902,456697532.67186904,387217400.68254715,328307694.3755041,278360273.7668831,236011653.53124017,200105782.97089806,169662488.06941596,143850714.45983428,121965841.01975888,103410444.84997003,87677992.57682115,74339012.78796147,63029372.13549895,53440335.06471686,45310135.81540949,38416832.62503892,32572249.064788435,27616837.116514783,23415321.76064602,19853008.17908093,16832650.765494086,14271798.471912771,12100544.023667894,10259615.55979701,8698758.603658402,7375364.194076886,6253305.7271406725,5301952.756244142,4495334.828655261,3811432.532649768,3231576.4019043366,2739937.2681758506,2323094.1496896045,1969667.8792631766,1670010.4707850358,1415941.7442370818,1200526.019534891,1017882.7832757011,863026.1598915523,731728.8050203923,620406.5055963685,526020.3364217294,445993.7022472912,378142.00073962926,320612.98624366004,271836.2063643269,230480.1310649037,195415.80397314692,165686.02363263027,140479.21339547753,119107.26664530573,100986.762559511,85623.03963049587,72596.69217780064,61552.12122697471,52187.827212032804,44248.17950740922,37516.43811046575,31808.836977365976,26969.567496611246,22866.525156887426,19387.703299886653,16438.135513179164,13937.30319522795,11816.937523113496,10019.15582011444,8494.881448885268,7202.504095778291,6106.743874160883,5177.688238519734,4389.975418608707,3722.102082665832,3155.836329984741,2675.719988453015,2268.646630556286,1923.503788342972,1630.8696003760347,1382.7556096065466,1172.3886909520606,994.026155542692,842.7989842691067,714.5789111527367,605.8657281214628,513.691734786853,435.54072485087715,369.27929759729983,313.09861937857914,265.4650452776672,225.07825299307342,190.8357460675289,161.80275745374266,137.1867318315228,116.31569008330784,98.6198853120237,83.61624963915713,70.89520720488429,60.10949338571818,50.96467501175126,43.2111128002047
Cu74,24724554352.90637,17509620690.128216,12095840496.398222,8252227329.603669,5593707013.320889,3778801224.1451864,2548166208.47573,1716667727.9206212,1155908130.5215776,778112058.0323372,523718314.0431316,352467895.71441764,237204693.08459288,159631025.5358021,107425193.4835243,72292327.65462418,48649321.15530559,32738634.695840992,22031492.37624075,14826103.934197506,9977231.32285605,6714179.952763248,4518308.469032416,3040596.272056211,2046169.6091997307,1376970.0554533575,926632.1386076638,623577.1895109081,419636.3306746251,282394.30948175624,190037.2778862946,127885.60450104922,86060.62988223789,57914.50917398515,38973.57452879486,26227.27073368056,17649.64436660863,11877.32987655221,7992.850284439695,5378.78936876706,3619.6568237807655,2435.8484081964143,1639.2044209079766,1103.1027729321404,742.333117291403,499.5531427799658,336.17433554883695,226.22855148662046,152.2405255123919,102.45027630679006,68.94392330827354,46.395819830717834,31.222071423749586,21.010895971802864,14.139284467913921,9.515032844524505,6.403142269174358,4.308995206767076,2.8997387394198526,1.951379463984345,1.313180998237676,0.8837052792446184,0.5946895527827808,0.400196391823397,0.2693122004229418,0.18123367121374034,0.12196121649902102,0.08207381238985438,0.05523157995278842,0.03716809704892364,0.02501227448896221,0.016832012526433796,0.011327104450858732,0.007622576031188791,0.005129613274365878,0.0034519737470492624,0.0023230060655577184,0.0015632671555601313,0.0010520007829021077,0.0007079440281786673,0.00047641100194929705,0.00032060082964786613,0.00021574835919057782,0.00014518787909735653,9.770419722250768e-05,6.57500489313813e-05,4.424650176116641e-05,2.9775687621830856e-05,2.0037551852991497e-05,1.3484272449411027e-05,9.074242443584727e-06,6.106512326406688e-06,4.109378058211306e-06,2.7654063600728864e-06,1.8609804763644194e-06,1.2523469908119624e-06,8.427670280881856e-07,5.671401527240436e-07,3.816570204004169e-07,2.56836128638206e-07,1.728378975045548e-07,1.1631127977277577e-07,7.827168692574734e-08,5.267293925551138e-08,3.544625954525254e-08,2.385356377502591e-08,1.6052258039887767e-08,1.080236859403461e-08,7.269454985798442e-09,4.891980432859178e-09,3.292058703469441e-09,2.2153912215782707e-09,1.4908477359391118e-09,1.0032661274929807e-09,6.7514803712716e-10,4.5434093661239994e-10,3.0574877705369696e-10,2.057536689668389e-10,1.384619513486412e-10,9.317798349619404e-11,6.270413296831096e-11,4.219675232044724e-11
Cu75,36605433941.78338,21048119124.084938,12025180312.825043,6849877092.256605,3895721791.615639,2213686867.134155,1257291540.918917,713904794.2233646,405303691.39669967,230083404.84743315,130608163.71197075,74138606.08729063,42083557.1402139,23887852.029829875,13559381.826212922,7696648.33814895,4368806.626482718,2479840.116343384,1407616.5461414463,798996.6286350233,453529.4318186459,257434.04141982415,146125.65022067164,82944.37315439135,47081.186264394135,26724.393724554677,15169.397247455798,8610.50824032152,4887.527886802622,2774.2762869028297,1574.7447567875233,893.8623237557133,507.3773703964299,287.99938103829936,163.47525198237082,92.7924147401444,52.67116660660109,29.89739839677313,16.97046958478711,9.632839423204423,5.467827209468234,3.1036678884697655,1.761715210245703,0.9999911696546806,0.5676186103018208,0.32219373184286554,0.18288477325229197,0.10380971751447284,0.05892484791813851,0.033447135637293936,0.01898538429651455,0.010776552611113294,0.00611702583241432,0.003472168362620609,0.0019708847843176633,0.0011187207610299046,0.0006350123310696825,0.0003604479997665594,0.00020459879939159262,0.00011613511169320357,6.592103281201897e-05,3.741833545123796e-05,2.1239531121030844e-05,1.205605959754987e-05,6.8433042232158265e-06,3.884421133833883e-06,2.204889195746549e-06,1.2515471927529086e-06,7.104077514232329e-07,4.032442213961743e-07,2.2889094574720156e-07,1.2992390780865243e-07,7.37478792145608e-08,4.186103835989494e-08,2.3761314240242047e-08,1.3487483267124256e-08,7.655814112035573e-09,4.34562094033574e-09,2.4666771006621745e-09,1.400144191697738e-09,7.947549182739187e-10,4.511216658012176e-10,2.5606731418190965e-10,1.4534985650906387e-10,8.250401209815155e-11,4.6831226227371385e-11,2.6582510282652948e-11,1.5088860784822817e-11,8.564793819804819e-12,4.8615792949426545e-12,2.7595472510222934e-12,1.5663842074007597e-12,8.891166782107355e-13,5.046836298128199e-13,2.864703502285149e-13,1.6260733796831272e-13,9.229976624125045e-14,5.2391527680316744e-14,2.973866873620166e-14,1.6880370879771053e-14,9.581697269849511e-15,5.438797715106057e-15,3.0871900617151792e-15,1.7523620065298046e-15,9.946820702782086e-16,5.646050400808635e-16,3.204831581970229e-16,1.8191381124268365e-16,1.0325857654115617e-16,5.861200728229273e-17,3.3269559902273965e-17,1.8884588114514018e-17,1.071933831714044e-17,6.08454964760412e-18,3.4537341129499502e-18,1.9604210687394262e-18,1.1127813088873787e-18,6.31640957728198e-19,3.5853432861728043e-19,2.0351255444134643e-19,1.1551853339949833e-19,6.557104840732064e-20
Cu76,29990541299.13002,10442406418.240353,3615908633.5641956,1251084881.5938516,432814243.2116405,149729626.8696764,51797952.62115125,17919142.959291708,6199002.9254370285,2144501.9382361723,741875.5257469898,256646.6766599466,88785.13221096553,30714.598779338656,10625.501755553534,3675.8184070175203,1271.6238039588509,439.90940784988055,152.1835990427047,52.64685729452285,18.21281399851821,6.30059628989725,2.179647451047201,0.7540338711233374,0.2608527716388634,0.09024020150488302,0.03121796987810367,0.010799639485040965,0.00373606014299674,0.0012924640133981163,0.000447118933312799,0.00015467768421742193,5.3509668708497035e-05,1.8511297604303078e-05,6.403854616664123e-06,2.215368950788058e-06,7.663914754317725e-07,2.651277988732092e-07,9.171911743375159e-08,3.172959055436255e-08,1.0976631098469495e-08,3.797289160270042e-09,1.3136457659322189e-09,4.544466132331426e-10,1.5721264410464333e-10,5.4386620444882497e-11,1.881467295624696e-11,6.508805208981128e-12,2.2516758780223023e-12,7.78951604308521e-13,2.694728880729295e-13,9.322227081209602e-14,3.2249596007639245e-14,1.1156523367171523e-14,3.859521639054345e-15,1.335174658994618e-15,4.618943840040723e-16,1.5978914858611117e-16,5.527794424460729e-17,1.912302022351165e-17,6.615475800812016e-18,2.2885778271217395e-18,7.917175768597593e-19,2.738891874597132e-19,9.475005885922087e-20,3.277812365318858e-20,1.1339363828998413e-20,3.922774024738584e-21,1.3570563817532044e-21,4.6946421375363945e-22,1.6240787852203208e-22,5.618387564652291e-23,1.943642088912408e-23,6.723894580643062e-24,2.326084549697081e-24,8.0469276658736615e-25,2.783778640730644e-25,9.630288530432318e-26,3.33153131583173e-26,1.1525200800883216e-26,3.9870630322295964e-27,1.379296716613705e-27,4.771581028648742e-28,1.6506952593099738e-28,5.710465404964642e-29,1.9754957771508622e-29,6.834090198931958e-30,2.3642059571748275e-30,8.178806022803851e-31,2.829401040786987e-31,9.788116049317972e-32,3.3861306479292054e-32,1.1714083391608729e-32,4.0524056503691156e-33,1.40190154074772e-33,4.849780845044027e-34,1.6777479417285686e-34,5.80405227764244e-35,2.0078715046372787e-35,6.946091775679097e-36,2.4029521234165232e-36,8.31284568921126e-37,2.875771130819985e-37,9.948530149658462e-38,3.441624789885238e-38,1.1906061514784907e-38,4.1188191464232505e-39,1.424876827645825e-39,4.929262251597291e-40,1.7052439813458402e-40,5.899172913703152e-41,2.04077782689509e-41,7.059928908122552e-42,2.442333287380763e-42,8.44908208606082e-43,2.922901164466034e-43,1.0111573222056395e-43,3.4980284064338574e-44,1.210118590203881e-44,4.186321070645425e-45,1.4482286486960893e-45,5.0100462518531606e-46
Cu77,16109527142.986275,3677289951.35473,838828268.8588275,191345414.0010368,43647870.13505251,9956531.110111833,2271187.8366544624,518081.46153718274,118179.7456188731,26958.023614861933,6149.404311320467,1402.742794662412,319.9801555339254,72.99078656836436,16.649954166622255,3.7980269398929165,0.8663692699568991,0.19762780090938817,0.04508094763590106,0.010283430926211902,0.002345757069444482,0.0005350914756302778,0.00012205990595607365,2.784312836315817e-05,6.351305868827168e-06,1.448798630428856e-06,3.3048596853675607e-07,7.53872712920411e-08,1.7196617145419677e-08,3.922726425533354e-09,8.948145137764055e-10,2.041164555481427e-10,4.6561076942866564e-11,1.0621063746466121e-11,2.422774611612149e-12,5.526599744423367e-13,1.2606746244024947e-13,2.875729349164573e-14,6.559836399948189e-15,1.496366603713464e-15,3.4133671576423034e-16,7.78624390838259e-17,1.7761228546741078e-17,4.051520132190414e-18,9.241936918015793e-19,2.108181502492136e-19,4.808980289387433e-20,1.0969781964398532e-20,2.5023208477689903e-21,5.708052945355551e-22,1.3020659783109501e-22,2.9701473131119457e-23,6.775213551796956e-24,1.545496362076334e-24,3.5254372233885935e-25,8.04188733214243e-26,1.834437766578956e-26,4.184542484201508e-27,9.545374676156201e-28,2.1773987969342006e-28,4.9668721048042385e-29,1.1329949543564482e-29,2.5844788017704842e-30,5.895463745109997e-31,1.344816322196052e-31,3.067665273906575e-32,6.997662117429595e-33,1.5962391831410913e-33,3.6411868521752364e-34,8.30592422018118e-35,1.8946673145921854e-35,4.321932319418226e-36,9.858775115700126e-37,2.248888682158526e-37,5.129947935100607e-38,1.1701942397426287e-38,2.6693342233696042e-39,6.0890277477518164e-40,1.388970275370341e-40,3.1683850128202694e-41,7.227414270465575e-42,1.6486480281142714e-42,3.760736853997967e-43,8.578630152607832e-44,1.9568743613900321e-44,4.463833034113905e-45,1.0182465338394336e-45,2.3227257734603794e-46,5.298377985490748e-47,1.208614878170071e-47,2.7569756777153707e-48,6.2889469795560135e-49,1.434573922118942e-49,3.272411652878996e-50,7.464709807411637e-51,1.7027775970619278e-51,3.884212005371135e-52,8.860289757571054e-53,2.0211238336002557e-53,4.610392732649004e-54,1.0516783185619866e-54,2.3989871359567986e-55,5.472338049485988e-56,1.2482969699588826e-56,2.8474946377899524e-57,6.495430099866071e-58,1.4816748597985725e-58,3.379853768581677e-59,7.709796397941663e-60,1.7586843860010558e-60,4.011741179559119e-61,9.151197008330474e-62,2.087482789567196e-62,4.7617643820502064e-63,1.086207759100287e-63,2.4777523650207906e-64,5.652009692373502e-65,1.289281932031006e-65,2.94098557988063e-66,6.708692618875386e-67,1.5303222485157456e-67,3.4908234992213265e-68
Cu78,3942979269.812913,498220937.0942874,62925662.33324282,7947505.451470792,1003769.1250892382,126775.93759122946,16011.787920246368,2022.2871727403483,255.4146625848644,32.25884569842752,4.074288904417122,0.5145822709169553,0.06499168805996411,0.008208443538789058,0.00103672557738955,0.00013093833413542068,1.6537498177029052e-05,2.088684324274263e-06,2.638006160163203e-07,3.331799075706195e-08,4.208058816735246e-09,5.314773971281555e-10,6.71255407682888e-11,8.477948917080118e-12,1.0707640790370381e-12,1.3523739340374741e-13,1.7080468921863503e-14,2.15726147367952e-15,2.724619029554253e-16,3.441191040948428e-17,4.346220756683559e-18,5.489272359787623e-19,6.932945362609951e-20,8.75630288506844e-21,1.105920156656102e-21,1.3967760240270607e-22,1.7641266863205597e-23,2.2280901961759805e-24,2.8140756334511e-25,3.5541746399559776e-26,4.488918926395196e-27,5.669500001834071e-28,7.160572689738682e-29,9.0437959658602e-30,1.1422305032852637e-30,1.4426359545930028e-31,1.8220477316080745e-32,2.301244416991347e-33,2.906469339340537e-34,3.6708677957689453e-35,4.636302262548904e-36,5.85564500429344e-37,7.395673637002233e-38,9.340728221220025e-39,1.1797330166946348e-39,1.490001590580096e-40,1.8818704812987995e-41,2.3768004885182733e-42,3.0018965802162133e-43,3.791392303159444e-44,4.7885245918169915e-45,6.04790165009516e-46,7.638493583541289e-47,9.647409564750998e-48,1.2184668389405102e-48,1.5389223683653126e-49,1.943657373486164e-50,2.4548372700047426e-51,3.1004569552274722e-52,3.9158739557509786e-53,4.945744791416981e-54,6.246470601002081e-55,7.889285964956619e-56,9.964160085357086e-57,1.2584723972186412e-57,1.5894493474554373e-58,2.0074728962748954e-59,2.535436209860913e-60,3.2022533336328514e-61,4.044442677311626e-62,5.108126954934748e-63,6.451559107044911e-64,8.148312537824504e-65,1.029131038132576e-65,1.299791446058845e-66,1.6416352637788235e-67,2.0733836550884334e-68,2.618681430668301e-69,3.307391962166551e-70,4.1772326573577356e-71,5.275840563591863e-72,6.66338122283276e-73,8.415843652896824e-74,1.0629201905379458e-74,1.3424671109049598e-75,1.6955345847268193e-76,2.1414584421862028e-77,2.704659816980036e-78,3.4159825759300974e-79,4.314382491210045e-80,5.449060663136324e-81,6.882158030965853e-82,8.692158537270967e-83,1.0978187321055927e-83,1.386543933125644e-84,1.7512035660023825e-85,2.2117683084633743e-86,2.793461106003869e-87,3.528138512924888e-88,4.456035324648118e-89,5.627968046540969e-90,7.108117872783562e-91,8.977545585824486e-92,1.133863087078983e-92,1.4320679165030493e-93,1.8087003103352e-94,2.2843866376079698e-95,2.885177981262541e-96,3.6439768323451127e-97,4.6023390033141975e-98,5.812749442700372e-99,7.341496586688275e-100
Cu79,6.873677671546765,0.17217329131547843,0.004312631993948878,0.00010802369271754426,2.7057996612526965e-06,6.77754261371046e-08,1.6976528062463728e-09,4.252315647158109e-11,1.065128764641025e-12,2.667956425163121e-14,6.682752098022748e-16,1.67390948301927e-17,4.192842883055429e-19,1.0502319044324426e-20,2.630642463482969e-22,6.5892873197558645e-24,1.6504982332266107e-25,4.1342019033176644e-27,1.035543391281458e-28,2.593850373795607e-30,6.497129737184471e-32,1.627414412498916e-33,4.076381074632666e-35,1.0210603112521253e-36,2.557572857214378e-38,6.406261067907214e-40,1.6046534414227113e-41,4.0193689263914435e-43,1.0067797911627289e-44,2.521802716934652e-46,6.316663285219936e-48,1.5822108046320845e-49,3.963154148412619e-51,9.926989980157814e-53,2.4865328568060973e-54,6.228318614539389e-56,1.560082049912881e-57,3.907725588698657e-59,9.788151384360208e-61,2.451756279924925e-62,6.141209529877152e-64,1.5382627873194962e-65,3.8530722512235746e-67,9.651254581162527e-69,2.417466087245861e-70,6.055318750362787e-72,1.5167486883039788e-73,3.799183293751483e-75,9.516272412709435e-77,2.383655476213472e-78,5.970629236815611e-80,1.4955354848573251e-81,3.746048025685689e-83,9.383178100974571e-85,2.3503177394126683e-86,5.887124188364423e-88,1.4746189686627796e-89,3.693655905947871e-91,9.251945242448267e-93,2.317446263238069e-94,5.8047870391145055e-96,1.4539949902609794e-97,3.6419965408869216e-99,9.122547802899579e-101,2.2850345265819915e-102,5.723601454861306e-104,1.4336594582267898e-105,3.59105968221706e-107,8.994960112211608e-109,2.2530760995407827e-110,5.643551329849953e-112,1.4136083383576233e-113,3.5408352249847064e-115,8.869156859288899e-117,2.221564642139232e-118,5.564620783580231e-120,1.3938376528731377e-121,3.491313205563903e-123,8.745113087036344e-125,2.1904939030728425e-126,5.486794157656098e-128,1.3743434796261104e-129,3.442483799679646e-131,8.622804187407939e-133,2.1598577184676653e-134,5.41005601267941e-136,1.35512195132435e-137,3.39433732045897e-139,8.502205896525162e-141,2.129650010657536e-142,5.33439112518701e-144,1.336169254763514e-145,3.3468642165092407e-147,8.383294289863403e-149,2.0998647869783487e-150,5.259784484630654e-152,1.3174816300706216e-153,3.3000550700233294e-155,8.266045777505763e-157,2.0704961385792238e-158,5.186221290399193e-160,1.299055369958166e-161,3.253900594911279e-163,8.15043709946323e-165,2.041538239250297e-166,5.113686948882392e-168,1.280886818988655e-169,3.2083916349581106e-171,8.036445321060303e-173,2.0129853442669038e-174,5.0421670705758244e-176,1.262972372849441e-177,3.163519162007426e-179,7.924047828385242e-181,1.984831789249947e-182,4.971647467226284e-184,1.2453084776376927e-185,3.119274274170342e-187,7.813222323803785e-189,1.9570719890421558e-190,4.9021141490170235e-192,1.2278916291553587e-193
Cu80,18944444.105584454,321156.8471655947,5444.431090534913,92.29705099296653,1.5646714009858642,0.0265251876059359,0.00044966986492293637,7.623055882724915e-06,1.2923032100695898e-07,2.1907849193927143e-09,3.7139415313996525e-11,6.296082092110951e-13,1.0673471667622368e-14,1.8094268113543814e-16,3.0674418667168397e-18,5.200099582167887e-20,8.81550061563361e-22,1.4944531326040208e-23,2.5334808117297717e-25,4.294898838492792e-27,7.280953519554147e-29,1.2343080977551376e-30,2.0924683505975758e-32,3.547269766937177e-34,6.013530764196736e-36,1.019447480115516e-37,1.728224574656678e-39,2.9297832783978407e-41,4.966733018528447e-43,8.419884521571404e-45,1.4273860723361863e-46,2.4197849676910764e-48,4.102155263628365e-50,6.954203795625116e-52,1.1789156509963846e-53,1.9985639665012115e-55,3.388077785566096e-57,5.743659584307596e-59,9.73697403316743e-61,1.6506664771987211e-62,2.798302439409189e-64,4.74383932221864e-66,8.042022619892054e-68,1.363328802388865e-69,2.3111914890983043e-71,3.918061504987439e-73,6.642117725543204e-75,1.1260090691229886e-76,1.9088737600529793e-78,3.23602991462301e-80,5.485899501308225e-82,9.300004676242264e-84,1.5765889797562416e-85,2.6727221088808716e-87,4.5309484989582305e-89,7.681118149917945e-91,1.3021462514209618e-92,2.2074713954344983e-94,3.7422293819484273e-96,6.344037243735899e-98,1.075476793166358e-99,1.8232086102291865e-101,3.090805545535991e-103,5.23970700155654e-105,8.882645335554296e-107,1.5058358823080297e-108,2.5527774877717813e-110,4.327611646553504e-112,7.336410107460115e-114,1.2437094097319802e-115,2.108405982215976e-117,3.5742881343979744e-119,6.059333816853813e-121,1.0272122706260871e-122,1.7413878832519484e-124,2.952098457788504e-126,5.004562962849314e-128,8.484015966014041e-130,1.438257994672139e-131,2.438215660513645e-133,4.1334000083407654e-135,7.00717164016256e-137,1.1878950572317933e-138,2.0137863598314678e-140,3.4138836409451905e-142,5.787407118443567e-144,9.811137307930602e-146,1.6632390517042914e-147,2.8196161732219076e-149,4.779971559799588e-151,8.103276016602261e-153,1.3737128219230337e-154,2.328795061712592e-156,3.9479040691088585e-158,6.692708514859353e-160,1.1345855036184207e-161,1.9234130130768412e-163,3.260677672220234e-165,5.527683763097639e-167,9.370839701554381e-169,1.588597330738378e-170,2.6930793393152266e-172,4.56545921833792e-174,7.739622657981775e-176,1.3120642639263846e-177,2.2242849667836392e-179,3.7707326915941946e-181,6.392357653712574e-183,1.0836683402159149e-184,1.8370953804568175e-186,3.11434717768293e-188,5.279616097412323e-190,8.95030147435065e-192,1.5173053306096708e-193,2.5722211401415954e-195,4.3605736171326926e-197,7.392289089649185e-199,1.2531823283579599e-200,2.124465005444214e-202,3.601512291727664e-204,6.105485736044557e-206,1.0350362029491083e-207
Cu81,0.01570669741836482,2.786208441167397e-13,4.942450517035961e-24,8.767404747045426e-35,1.5552484690248912e-45,2.7588526709906864e-56,4.893924161844412e-67,8.681323926327701e-78,1.5399786065631663e-88,2.731765487381624e-99,4.845874251918226e-110,8.596088271073298e-121,1.5248586678623313e-131,2.7049442532824996e-142,4.798296109385138e-153,8.511689483212429e-164,1.5098871809291644e-174,2.6783863575269976e-185,4.751185102301559e-196,8.428119346148043e-207,1.4950626882228857e-217,2.6520892145859485e-228,4.704536644201592e-239,8.345369723955906e-250,1.4803837465132439e-260,2.626050264315608e-271,4.658346193650526e-282,8.263432560592583e-293,1.4658489267400375e-303,2.600266972e-314,0.0,0.0,0.0,0.0,0.0,0.0,0.0,0.0,0.0,0.0,0.0,0.0,0.0,0.0,0.0,0.0,0.0,0.0,0.0,0.0,0.0,0.0,0.0,0.0,0.0,0.0,0.0,0.0,0.0,0.0,0.0,0.0,0.0,0.0,0.0,0.0,0.0,0.0,0.0,0.0,0.0,0.0,0.0,0.0,0.0,0.0,0.0,0.0,0.0,0.0,0.0,0.0,0.0,0.0,0.0,0.0,0.0,0.0,0.0,0.0,0.0,0.0,0.0,0.0,0.0,0.0,0.0,0.0,0.0,0.0,0.0,0.0,0.0,0.0,0.0,0.0,0.0,0.0,0.0,0.0,0.0,0.0,0.0,0.0,0.0,0.0,0.0,0.0,0.0,0.0,0.0,0.0
Eu165,14030455.339410482,10426254.572391927,7732146.301465726,5727849.731600785,4240547.61124467,3138412.139504041,2322311.313591452,1718258.8932927572,1271257.974249097,940516.0115869078,695811.8654681408,514770.58338492434,380832.1180503798,281742.4585815689,208434.89299636916,154201.3640203166,114079.03163125785,84396.28650539916,62436.82287633144,46191.09143696573,34172.4122244069,25280.9296634711,18702.96405836765,13836.550598661353,10236.35244366276,7572.907020184569,5602.476174604962,4144.741139257367,3066.3011445436605,2268.46560295115,1678.2227017999187,1241.5579204903647,918.511034464914,679.5192608402554,502.7118984132273,371.90888819351176,275.14013802657956,203.550111213803,150.58743545124238,111.40537128940656,82.41827556819337,60.97347074933929,45.108492134662626,33.37149809017398,24.6884085918425,18.264613627795917,13.512256560874196,9.996437980435958,7.395417030938701,5.471168146947568,4.04759877190783,2.994434712720366,2.2152984408872833,1.6388893574304224,1.2124589068111773,0.8969834321278545,0.6635930281777105,0.49092958829957073,0.3631922736286537,0.26869154104245785,0.1987794054825812,0.1470580424329945,0.10879430789986684,0.08048659723458562,0.059544405028659826,0.0440512618502594,0.032589353603686394,0.02410977401547131,0.017836536745894343,0.013195563047728533,0.009762146465269312,0.007222086944275933,0.005342937643503377,0.0039527331756911595,0.0029242526491409194,0.0021633773836789417,0.0016004778881156126,0.0011840419011827645,0.000875960382937339,0.000648040066579782,0.0004794234260737897,0.000354679954715475,0.00026239408304927004,0.0001941205131665794,0.00014361136956346848,0.00010624444130846165,7.860019261189854e-05,5.814883303579952e-05,4.301881040064312e-05,3.182554062859941e-05,2.3544701186983273e-05,1.741849291591212e-05,1.2886292038797157e-05,9.533346157489393e-06,7.052819281519335e-06,5.217712542483675e-06,3.860090991885828e-06,2.855715477676629e-06,2.1126732262489284e-06,1.5629666876128746e-06,1.1562909191237727e-06,8.554300614622297e-07,6.328516275193068e-07,4.681869395251768e-07,3.4636714327682494e-07,2.56244221727798e-07,1.8957081363923423e-07,1.4024547808932194e-07,1.037543372152925e-07,7.675800059755553e-08,5.678596976152179e-08,4.201055703187719e-08,3.1079629520116e-08,2.2992872252912922e-08,1.701024698819511e-08,1.2584269569137619e-08,9.309908356923068e-09,6.887518829608604e-09,5.095422404769124e-09,3.7696201092634365e-09,2.788784646168533e-09,2.0631574475086823e-09
Eu166,907059.3010337364,160346.94567482115,28345.603157304246,5010.842052338159,885.8000986657577,156.58881413556747,27.681253083304927,4.893400441736484,0.865039158853279,0.1529187638042651,0.027032473714164968,0.004778711368883285,0.0008447648035676553,0.00014933473027760265,2.6398900111489227e-05,4.666710321175083e-06,8.249656284840383e-07,1.4583469753672134e-07,2.5780175890126198e-08,4.557334298022542e-09,8.056304965664437e-10,1.4241669681320443e-10,2.5175953017701365e-11,4.4505217754126384e-12,7.867485318031677e-13,1.3907880548164495e-13,2.458589161884899e-14,4.346212671301405e-15,7.683091130890309e-16,1.358191459781689e-16,2.4009659784032216e-17,4.244348311817778e-18,7.503018682510068e-19,1.3263588474430556e-19,2.344693338284396e-20,4.144871398259549e-21,7.327166682138738e-22,1.295272311956109e-22,2.2897395881683556e-23,4.047725974862841e-24,7.155436213026111e-25,1.2649143671446377e-25,2.2360738165706597e-26,3.952857397326993e-27,6.987730676783312e-28,1.2352679366646853e-28,2.183665836494785e-29,3.8602123020771415e-30,6.823955739046203e-31,1.2063163443991067e-31,2.1324861684519384e-32,3.7697385762472085e-33,6.6640192764123074e-34,1.1780433050772526e-34,2.082506023878846e-35,3.6813853283664145e-36,6.507831324621394e-37,1.1504329151145045e-37,2.0336972889441856e-38,3.595102859732827e-39,6.35530402795058e-40,1.1234696436665083e-40,1.9860325087345563e-41,3.5108426364578386e-42,6.206351589795488e-43,1.0971383238930746e-43,1.93948487181109e-44,3.428557262165858e-45,6.0608902244096566e-46,1.0714241444268306e-46,1.8940281951280177e-47,3.3482004513338457e-48,5.918838109775055e-49,1.0463126410418268e-49,1.8496369093047048e-50,3.2697270032557087e-51,5.7801153415772024e-52,1.021789688517409e-52,1.8062860442428758e-53,3.193092776616903e-54,5.644643888258987e-55,9.978414926927822e-56,1.7639512150809334e-56,3.1182546646649443e-57,5.512347547127917e-58,9.744545827077951e-59,1.722608608477474e-59,3.0451705709618597e-60,5.383151901492106e-61,9.516158034255812e-62,1.6822349692162832e-62,2.973799385704941e-63,5.256984278800885e-64,9.293123080327941e-65,1.6428075871252765e-65,2.9041009626024816e-66,5.133773709766489e-67,9.075315508132755e-68,1.6043042843020279e-68,2.836036096291486e-69,5.013450888443837e-70,8.862612800910893e-71,1.566703402638699e-71,2.769566500284654e-72,4.8959481332459347e-73,8.654895313389544e-74,1.5299837916393546e-74,2.7046547854342326e-75,4.781199348872983e-76,8.452046204481977e-77,1.4941247965228072e-77,2.641264438900618e-78,4.6691399891337725e-79,8.25395137156443e-80,1.459106246604304e-80,2.5793598036138846e-81,4.55970702063845e-82,8.060499386293389e-83,1.4249084439495155e-83,2.518906058216684e-84,4.452838887342236e-85,7.871581431927138e-86
Eu167,80888.89406416948,2527.777939505301,78.99306060954082,2.468533144048154,0.07714166075150498,0.0024106768984845342,7.533365307764179e-05,2.35417665867631e-06,7.356802058363482e-08,2.2990006432385907e-09,7.18437701012061e-11,2.245117815662694e-12,7.01599317394593e-14,2.1924978668581075e-15,6.851555833931598e-17,2.1411111981036286e-18,6.690972494073848e-20,2.090928904398082e-21,6.53415282624402e-23,2.041922758201259e-24,6.381008619378943e-26,1.994065193555923e-27,6.231453729862268e-29,1.947329290581962e-30,6.085404033068639e-32,1.9016887603339535e-33,5.942777376043612e-35,1.8571179300136318e-36,5.803493531292608e-38,1.8135917285289425e-39,5.667474151652955e-41,1.771085672391552e-42,5.534642726223609e-44,1.7295758519448816e-45,5.404924537327768e-47,1.6890389179149295e-48,5.278246618484161e-50,1.649452068276303e-51,5.1545377133634575e-53,1.6107930354260828e-54,5.033728235706517e-56,1.5730400736582893e-57,4.915750230182161e-59,1.536171946931928e-60,4.800537334162279e-62,1.5001679169257143e-63,4.6880247403928666e-65,1.465007731372772e-66,4.578149160539918e-68,1.4306716126687266e-69,4.470848789589779e-71,1.3971402467468086e-72,4.366063271083785e-74,1.3643947722136847e-75,4.2637336631677724e-77,1.3324167697399318e-78,4.163802405437294e-80,1.3011882516991573e-81,4.066213286559871e-83,1.2706916520499624e-84,3.9709114126561424e-86,1.2409098164550463e-87,3.8778431764220224e-89,1.2118259926318835e-90,3.786956226974645e-92,1.1834238209295785e-93,3.6981994404049427e-95,1.1556873251265458e-96,3.6115228910204616e-98,1.1286009034438963e-99,3.526877823262181e-101,1.102149319769433e-102,3.4442166242794866e-104,1.0763176950873411e-105,3.3634927971479494e-107,1.0510914991087366e-108,3.284660934714808e-110,1.026456542098379e-111,3.2076766940574394e-113,1.0023989668929523e-114,3.1324967715404817e-116,9.789052411064034e-118,3.059078878457516e-119,9.559621495179758e-121,2.9873817172436776e-122,9.33556786638651e-124,2.9173649582457884e-125,9.116765494518102e-127,2.8489892170369114e-128,8.90309130324036e-130,2.782216032262618e-131,8.694425100820695e-133,2.7170078440064715e-134,8.490649512520242e-136,2.653327972662581e-137,8.291649914570578e-139,2.5911405983033067e-140,8.097314369697857e-142,2.530410740530586e-143,7.907533564158099e-145,2.4711042387994108e-146,7.722200746248174e-148,2.413187733202558e-149,7.541211666258003e-151,2.3566286457056297e-152,7.3644645178301e-154,2.3013951618219106e-155,7.191859880693484e-157,2.2474562127167172e-158,7.023300664739751e-160,2.194781457731176e-161,6.858692055409938e-163,2.143341267315608e-164,6.697941460361286e-166,2.093106706362906e-167,6.540958457384093e-169,2.044049517932531e-170,6.387654743539169e-172,1.9961421073559937e-173,6.237944085487495e-175,1.9493575267148442e-176,6.091742270983895e-178
F22,0.0,0.0,0.0,0.0,0.0,0.0,0.0,0.0,0.0,0.0,0.0,0.0,0.0,0.0,0.0,0.0,0.0,0.0,0.0,0.0,0.0,0.0,0.0,0.0,0.0,0.0,0.0,0.0,0.0,0.0,0.0,0.0,0.0,0.0,0.0,0.0,0.0,0.0,0.0,0.0,0.0,0.0,0.0,0.0,0.0,0.0,0.0,0.0,0.0,0.0,0.0,0.0,0.0,0.0,0.0,0.0,0.0,0.0,0.0,0.0,0.0,0.0,0.0,0.0,0.0,0.0,0.0,0.0,0.0,0.0,0.0,0.0,0.0,0.0,0.0,0.0,0.0,0.0,0.0,0.0,0.0,0.0,0.0,0.0,0.0,0.0,0.0,0.0,0.0,0.0,0.0,0.0,0.0,0.0,0.0,0.0,0.0,0.0,0.0,0.0,0.0,0.0,0.0,0.0,0.0,0.0,0.0,0.0,0.0,0.0,0.0,0.0,0.0,0.0,0.0,0.0,0.0,0.0,0.0,0.0,0.0,0.0
F23,0.0,0.0,0.0,0.0,0.0,0.0,0.0,0.0,0.0,0.0,0.0,0.0,0.0,0.0,0.0,0.0,0.0,0.0,0.0,0.0,0.0,0.0,0.0,0.0,0.0,0.0,0.0,0.0,0.0,0.0,0.0,0.0,0.0,0.0,0.0,0.0,0.0,0.0,0.0,0.0,0.0,0.0,0.0,0.0,0.0,0.0,0.0,0.0,0.0,0.0,0.0,0.0,0.0,0.0,0.0,0.0,0.0,0.0,0.0,0.0,0.0,0.0,0.0,0.0,0.0,0.0,0.0,0.0,0.0,0.0,0.0,0.0,0.0,0.0,0.0,0.0,0.0,0.0,0.0,0.0,0.0,0.0,0.0,0.0,0.0,0.0,0.0,0.0,0.0,0.0,0.0,0.0,0.0,0.0,0.0,0.0,0.0,0.0,0.0,0.0,0.0,0.0,0.0,0.0,0.0,0.0,0.0,0.0,0.0,0.0,0.0,0.0,0.0,0.0,0.0,0.0,0.0,0.0,0.0,0.0,0.0,0.0
F24,0.0,0.0,0.0,0.0,0.0,0.0,0.0,0.0,0.0,0.0,0.0,0.0,0.0,0.0,0.0,0.0,0.0,0.0,0.0,0.0,0.0,0.0,0.0,0.0,0.0,0.0,0.0,0.0,0.0,0.0,0.0,0.0,0.0,0.0,0.0,0.0,0.0,0.0,0.0,0.0,0.0,0.0,0.0,0.0,0.0,0.0,0.0,0.0,0.0,0.0,0.0,0.0,0.0,0.0,0.0,0.0,0.0,0.0,0.0,0.0,0.0,0.0,0.0,0.0,0.0,0.0,0.0,0.0,0.0,0.0,0.0,0.0,0.0,0.0,0.0,0.0,0.0,0.0,0.0,0.0,0.0,0.0,0.0,0.0,0.0,0.0,0.0,0.0,0.0,0.0,0.0,0.0,0.0,0.0,0.0,0.0,0.0,0.0,0.0,0.0,0.0,0.0,0.0,0.0,0.0,0.0,0.0,0.0,0.0,0.0,0.0,0.0,0.0,0.0,0.0,0.0,0.0,0.0,0.0,0.0,0.0,0.0
F25,0.0,0.0,0.0,0.0,0.0,0.0,0.0,0.0,0.0,0.0,0.0,0.0,0.0,0.0,0.0,0.0,0.0,0.0,0.0,0.0,0.0,0.0,0.0,0.0,0.0,0.0,0.0,0.0,0.0,0.0,0.0,0.0,0.0,0.0,0.0,0.0,0.0,0.0,0.0,0.0,0.0,0.0,0.0,0.0,0.0,0.0,0.0,0.0,0.0,0.0,0.0,0.0,0.0,0.0,0.0,0.0,0.0,0.0,0.0,0.0,0.0,0.0,0.0,0.0,0.0,0.0,0.0,0.0,0.0,0.0,0.0,0.0,0.0,0.0,0.0,0.0,0.0,0.0,0.0,0.0,0.0,0.0,0.0,0.0,0.0,0.0,0.0,0.0,0.0,0.0,0.0,0.0,0.0,0.0,0.0,0.0,0.0,0.0,0.0,0.0,0.0,0.0,0.0,0.0,0.0,0.0,0.0,0.0,0.0,0.0,0.0,0.0,0.0,0.0,0.0,0.0,0.0,0.0,0.0,0.0,0.0,0.0
F26,0.0,0.0,0.0,0.0,0.0,0.0,0.0,0.0,0.0,0.0,0.0,0.0,0.0,0.0,0.0,0.0,0.0,0.0,0.0,0.0,0.0,0.0,0.0,0.0,0.0,0.0,0.0,0.0,0.0,0.0,0.0,0.0,0.0,0.0,0.0,0.0,0.0,0.0,0.0,0.0,0.0,0.0,0.0,0.0,0.0,0.0,0.0,0.0,0.0,0.0,0.0,0.0,0.0,0.0,0.0,0.0,0.0,0.0,0.0,0.0,0.0,0.0,0.0,0.0,0.0,0.0,0.0,0.0,0.0,0.0,0.0,0.0,0.0,0.0,0.0,0.0,0.0,0.0,0.0,0.0,0.0,0.0,0.0,0.0,0.0,0.0,0.0,0.0,0.0,0.0,0.0,0.0,0.0,0.0,0.0,0.0,0.0,0.0,0.0,0.0,0.0,0.0,0.0,0.0,0.0,0.0,0.0,0.0,0.0,0.0,0.0,0.0,0.0,0.0,0.0,0.0,0.0,0.0,0.0,0.0,0.0,0.0
F27,0.0,0.0,0.0,0.0,0.0,0.0,0.0,0.0,0.0,0.0,0.0,0.0,0.0,0.0,0.0,0.0,0.0,0.0,0.0,0.0,0.0,0.0,0.0,0.0,0.0,0.0,0.0,0.0,0.0,0.0,0.0,0.0,0.0,0.0,0.0,0.0,0.0,0.0,0.0,0.0,0.0,0.0,0.0,0.0,0.0,0.0,0.0,0.0,0.0,0.0,0.0,0.0,0.0,0.0,0.0,0.0,0.0,0.0,0.0,0.0,0.0,0.0,0.0,0.0,0.0,0.0,0.0,0.0,0.0,0.0,0.0,0.0,0.0,0.0,0.0,0.0,0.0,0.0,0.0,0.0,0.0,0.0,0.0,0.0,0.0,0.0,0.0,0.0,0.0,0.0,0.0,0.0,0.0,0.0,0.0,0.0,0.0,0.0,0.0,0.0,0.0,0.0,0.0,0.0,0.0,0.0,0.0,0.0,0.0,0.0,0.0,0.0,0.0,0.0,0.0,0.0,0.0,0.0,0.0,0.0,0.0,0.0
F29,0.0,0.0,0.0,0.0,0.0,0.0,0.0,0.0,0.0,0.0,0.0,0.0,0.0,0.0,0.0,0.0,0.0,0.0,0.0,0.0,0.0,0.0,0.0,0.0,0.0,0.0,0.0,0.0,0.0,0.0,0.0,0.0,0.0,0.0,0.0,0.0,0.0,0.0,0.0,0.0,0.0,0.0,0.0,0.0,0.0,0.0,0.0,0.0,0.0,0.0,0.0,0.0,0.0,0.0,0.0,0.0,0.0,0.0,0.0,0.0,0.0,0.0,0.0,0.0,0.0,0.0,0.0,0.0,0.0,0.0,0.0,0.0,0.0,0.0,0.0,0.0,0.0,0.0,0.0,0.0,0.0,0.0,0.0,0.0,0.0,0.0,0.0,0.0,0.0,0.0,0.0,0.0,0.0,0.0,0.0,0.0,0.0,0.0,0.0,0.0,0.0,0.0,0.0,0.0,0.0,0.0,0.0,0.0,0.0,0.0,0.0,0.0,0.0,0.0,0.0,0.0,0.0,0.0,0.0,0.0,0.0,0.0
Fe65,380.88832049804483,13139.269781994853,5584.049294138268,2373.052106683676,1008.475389872084,428.57154679120515,182.12994839894253,77.39972089178873,32.89254099498544,13.978335330425944,5.940369843716927,2.524477560881792,1.0728266291595177,0.45591887765948236,0.1937517370995226,0.08233862967420327,0.034991427886621476,0.014870298794008661,0.006319427344879516,0.0026855655370759015,0.0011412841481235943,0.00048501125322617195,0.00020611511703091427,8.759269230575238e-05,3.722424563463464e-05,1.581917882180016e-05,6.722672664808905e-06,2.856932604863618e-06,1.214109970199602e-06,5.159600255283052e-07,2.1926740944183399e-07,9.318201888625835e-08,3.959954042336764e-08,1.682860728372972e-08,7.151649238405906e-09,3.0392346774079744e-09,1.2915828386485648e-09,5.488836520232797e-10,2.3325895516980366e-10,9.912800274948028e-11,4.212640377278441e-11,1.790244780087603e-11,7.607998987802204e-12,3.233169521967103e-12,1.3739992834563667e-12,5.839081489887362e-13,2.481433073223867e-13,1.054534023468137e-13,4.481450733656651e-14,1.9044810533605836e-14,8.093468606872165e-15,3.4394794306217318e-15,1.4616747563121603e-15,6.211675738540511e-16,2.639774362534893e-16,1.121824283560203e-16,4.7674139920689046e-17,2.0260067913349505e-17,8.609916246761764e-18,3.658954061422811e-18,1.5549448380102172e-18,6.608045383096224e-19,2.808219476192916e-19,1.193408363484052e-19,5.071624686416943e-20,2.1552871378228342e-20,9.15931862802407e-21,3.892433460834065e-21,1.654166522896599e-21,7.029707541578644e-22,2.987413143484143e-22,1.2695602536912402e-22,5.395247193271658e-23,2.2928169176588743e-23,9.743778606583005e-24,4.140811279037762e-24,1.7597195852769195e-24,7.478276139951881e-25,3.178041234142029e-25,1.3505714280794087e-25,5.739520188563215e-26,2.4391225306587678e-26,1.0365533222484477e-26,4.4050381904106475e-27,1.872008033015147e-27,7.955468089475404e-28,3.3808333835365165e-28,1.436751959618342e-28,6.105761388654521e-29,2.5947639664321346e-29,1.1026962262241773e-29,4.686125532261761e-30,1.991461653887183e-30,8.463109858239159e-31,3.5965657853777774e-31,1.5284317071646058e-31,6.495372593944444e-32,2.7603369477613784e-32,1.1730597367547666e-32,4.985149175759682e-33,2.118537660607882e-33,9.00314446203101e-34,3.8260641626234583e-34,1.6259615780072903e-34,6.909845054305602e-35,2.936475210750487e-35,1.247913172521735e-35,5.30325364386529e-36,2.2537224408279606e-36,9.577638901294378e-37,4.0702069279608254e-37,1.7297148709773742e-37,7.350765176892923e-38,3.12385293047113e-38,1.327543037545086e-38,5.64165649203158e-39,2.3975334187989474e-39,1.0188792072641467e-39,4.329928545960642e-40,1.8400887052614376e-40,7.819820598169956e-41,3.323187301390185e-41
Fe65_m1,0.0,0.0,0.0,0.0,0.0,0.0,0.0,0.0,0.0,0.0,0.0,0.0,0.0,0.0,0.0,0.0,0.0,0.0,0.0,0.0,0.0,0.0,0.0,0.0,0.0,0.0,0.0,0.0,0.0,0.0,0.0,0.0,0.0,0.0,0.0,0.0,0.0,0.0,0.0,0.0,0.0,0.0,0.0,0.0,0.0,0.0,0.0,0.0,0.0,0.0,0.0,0.0,0.0,0.0,0.0,0.0,0.0,0.0,0.0,0.0,0.0,0.0,0.0,0.0,0.0,0.0,0.0,0.0,0.0,0.0,0.0,0.0,0.0,0.0,0.0,0.0,0.0,0.0,0.0,0.0,0.0,0.0,0.0,0.0,0.0,0.0,0.0,0.0,0.0,0.0,0.0,0.0,0.0,0.0,0.0,0.0,0.0,0.0,0.0,0.0,0.0,0.0,0.0,0.0,0.0,0.0,0.0,0.0,0.0,0.0,0.0,0.0,0.0,0.0,0.0,0.0,0.0,0.0,0.0,0.0,0.0,0.0
Fe66,13612973.906451086,2872885.613740325,594511.2268455526,123027.15450929251,25459.032664990973,5268.449447785202,1090.2440775778803,225.61327777251995,46.68803266544153,9.661543042547105,1.9993434855541588,0.41374078194594593,0.08561882231946576,0.017717815248703157,0.0036664949211267853,0.0007587382991609241,0.00015701202892616931,3.249180548125136e-05,6.723799639121267e-06,1.391411801142733e-06,2.879364205165822e-07,5.9585079120223214e-08,1.233043616849018e-08,2.55163974521951e-09,5.28032042047473e-10,1.0927006367226751e-10,2.2612163399485366e-11,4.679323104803824e-12,9.683312619105344e-13,2.0038484451536052e-13,4.1467303071699326e-14,8.581174031394149e-15,1.7757737374372163e-15,3.674756338742411e-16,7.604479030428823e-17,1.5736581148131794e-17,3.256501664884891e-18,6.738949835147038e-19,1.3945469572555406e-19,2.8858520445541397e-20,5.971933737854944e-21,1.2358219346910456e-21,2.5573891494852636e-22,5.2922181410706335e-23,1.0951627310342782e-23,2.2663113565530757e-24,4.689866646567503e-25,9.705131247296567e-26,2.0083635554155735e-26,4.1560738004909e-27,8.60050929949918e-28,1.7797749453350669e-28,3.6830363711447754e-29,7.621613590375338e-30,1.5772039118619574e-30,3.26383927772722e-31,6.754134167888941e-32,1.397689177563034e-32,2.8923545024682613e-33,5.985389815019255e-34,1.2386065126928318e-34,2.5631515084204434e-35,5.3041426698418064e-36,1.097630372984633e-36,2.2714178533480445e-37,4.700433945244401e-38,9.726999037644883e-39,2.0128888392117363e-39,4.165438346752608e-40,8.619888134206087e-41,1.7837851688323124e-41,3.691335060277069e-42,7.638786758245346e-43,1.5807576983695615e-43,3.271193423821421e-44,6.769352714264508e-45,1.4008384779823983e-45,2.898871611846939e-46,5.99887621167818e-47,1.2413973649598952e-47,2.5689268512147862e-48,5.3160940671929926e-49,1.1001035750737954e-49,2.2765358562008516e-50,4.711025054364076e-51,9.74891610092345e-52,2.017424319465308e-52,4.1748239933919777e-53,8.639310633680026e-54,1.787804428243091e-54,3.699652448177018e-55,7.6559986210309885e-56,1.5843194923379975e-56,3.278564140420537e-57,6.784605551364557e-58,1.4039948744666759e-58,2.905403405703132e-59,6.012392996148163e-60,1.2441945056295264e-60,2.5747152071237504e-61,5.3280723936649595e-62,1.1025823498299703e-62,2.2816653910371468e-63,4.7216400275766423e-64,9.770882548154936e-65,2.021970019151125e-65,4.184230787952739e-66,8.658776896307213e-67,1.7918327439272788e-67,3.707988576977012e-68,7.673249265920333e-69,1.5878893118098186e-69,3.285951464861528e-70,6.7998927564535705e-71,1.4071583830048524e-71,2.9119499171241786e-72,6.025940236899609e-73,1.246997948870875e-73,2.5805166054687456e-74,5.340077709934932e-75,1.1050667098096014e-75,2.2868064838410342e-76
Fe67,24867844.446745727,4740992.871211057,895858.6941786412,169281.58454264438,31987.47196569944,6044.357190540417,1142.1425827590806,215.8194226828861,40.78126839002482,7.706034196666941,1.4561333029731247,0.27515115322801414,0.05199260051818444,0.00982452908857475,0.0018564443949767998,0.00035079399333742,6.628608219808907e-05,1.2525427392211602e-05,2.3668065173730797e-06,4.472320915901766e-07,8.450903877437457e-08,1.596883982358124e-08,3.017474213521859e-09,5.701823507443387e-10,1.0774173699429528e-10,2.0358893738808263e-11,3.847019417275893e-12,7.269333288324368e-13,1.3736142380627626e-13,2.595583391449738e-14,4.904618018135231e-15,9.267773088338693e-16,1.7512397030582902e-16,3.3091449999208405e-17,6.252965034642443e-18,1.1815611502486677e-18,2.232679607262166e-19,4.218874518373629e-20,7.97199120907828e-21,1.5063885773526348e-21,2.8464739692567484e-22,5.378701205963507e-23,1.016360134520656e-23,1.9205155361624164e-24,3.6290088516515417e-25,6.857380217647712e-26,1.2957715280299188e-26,2.4484916973569047e-27,4.626673346605027e-28,8.742568447053672e-29,1.651996960353886e-29,3.1216157740671845e-30,5.898609546362378e-31,1.1146020874665327e-31,2.1061536682842347e-32,3.9797909265626834e-33,7.5202185185535865e-34,1.4210215463665397e-34,2.685164307733889e-35,5.0738902432294536e-36,9.587630122368813e-37,1.811679933085159e-37,3.423352943378378e-38,6.468772524835673e-39,1.2223401638737735e-39,2.309735688621881e-40,4.364479797822067e-41,8.247127149410961e-42,1.558378303239983e-42,2.9447138282360324e-43,5.564335381323115e-44,1.0514375943414255e-44,1.986797953454072e-45,3.7542562003613184e-46,7.094047783494072e-47,1.3404922644771472e-47,2.532996063691612e-48,4.786352915792285e-49,9.044299185023328e-50,1.7090120429340156e-50,3.229351554103821e-51,6.102187227474906e-52,1.1530701546518837e-52,2.178842982009087e-53,4.117144755761625e-54,7.77976250691789e-55,1.470065014822363e-55,2.777836914536914e-56,5.249004531065843e-57,9.918526326353067e-58,1.874206126215379e-58,3.5415025256426583e-59,6.692028141248322e-60,1.264526576474287e-60,2.3894511930601336e-61,4.5151103268509284e-62,8.531758808401336e-63,1.6121623414571551e-63,3.046344222311209e-64,5.756376316556902e-65,1.0877256764069038e-65,2.055367964237853e-66,3.8838261889433566e-67,7.338883415707796e-68,1.3867564398911472e-68,2.620416914463406e-69,4.951543478063757e-70,9.356443503256933e-71,1.7679948771018668e-71,3.340805600301406e-72,6.312790949541967e-73,1.192865863521769e-73,2.2540410093237443e-74,4.259239053679636e-75,8.048264091624704e-76,1.5208011119398365e-76,2.8737079148337813e-77,5.430162507735602e-78,1.0260842693236262e-78,1.93889027492925e-79,3.663729783805449e-80,6.9229889397598575e-81
Fe68,14151839.653755238,348062.9428159673,8548.141738686092,209.93538293223494,5.155841626659598,0.12662326144314856,0.003109763933708687,7.637326359451938e-05,1.8756650075112578e-06,4.606480140852153e-08,1.1313139181617919e-09,2.778414629591397e-11,6.823559517830932e-13,1.6758105142942072e-14,4.115653820385708e-16,1.0107709806552579e-17,2.482371015449119e-19,6.096500568652169e-21,1.4972507716318066e-22,3.6771256689108334e-24,9.030720465234127e-26,2.217871225090733e-27,5.44691067564557e-29,1.3377167967562202e-30,3.28532324997533e-32,8.068485708634928e-34,1.981554223954522e-35,4.8665354123014585e-37,1.1951813699006627e-38,2.9352678773215475e-40,7.208778289735096e-42,1.7704170999880202e-43,4.347999871757979e-45,1.0678332741440038e-46,2.6225113500476535e-48,6.440673790243102e-50,1.5817769052389686e-51,3.8847149528635423e-53,9.540542800327266e-55,2.3430794287179634e-56,5.754411802537044e-58,1.4132365632733095e-59,3.4707936315784666e-61,8.523985825206786e-63,2.093421334165646e-64,5.141271902846642e-66,1.2626544092011627e-67,3.100976153765377e-69,7.615744289290726e-71,1.8703646272622263e-72,4.593462839650528e-74,1.1281169752518026e-75,2.7705631987829466e-77,6.804277044707225e-79,1.6710748963051122e-80,4.104023529190817e-82,1.0079146760802387e-83,2.475356164583768e-85,6.07927266757555e-87,1.4930197397652317e-88,3.6667346000415856e-90,9.005200848353325e-92,2.2116038155110485e-93,5.431518429350107e-95,1.3339365867187564e-96,3.276039362716094e-98,8.045685239404922e-100,1.9759546148404458e-101,4.852783229434457e-103,1.1918039460527731e-104,2.9269732000629534e-106,7.188407239513714e-108,1.7654141363501987e-109,4.335713001474243e-111,1.064815719104666e-112,2.6151004812054165e-114,6.422473301343696e-116,1.5773070137427148e-117,3.87373726424281e-119,9.51358249322481e-121,2.3364581973807394e-122,5.738150598888859e-124,1.4092429444036413e-125,3.460985629648703e-127,8.499898173131403e-129,2.0875056034525024e-130,5.126743351138533e-132,1.2590863155036886e-133,3.092213206921301e-135,7.594223207194017e-137,1.865079225183969e-138,4.580482323613599e-140,1.1249290664779722e-141,2.762733955075414e-143,6.785049061292165e-145,1.66635266054364e-146,4.092426103654525e-148,1.0050664430426754e-149,2.4683611367554987e-151,6.06209345025978e-153,1.4888006642328956e-154,3.6563728949531887e-156,8.979753346521216e-158,2.205354116798621e-159,5.416169679498821e-161,1.3301670590529026e-162,3.2667817104894907e-164,8.022949201273376e-166,1.9703708294781766e-167,4.839069908410139e-169,1.1884360663562024e-170,2.9187019624608757e-172,7.16809375517528e-174,1.7604253104232992e-175,4.323460852254419e-177,1.0618066912751845e-178,2.6077105544944797e-180,6.404324244609167e-182,1.572849753566299e-183,3.862790597112457e-185,9.48669837237029e-187,2.329855676764066e-188
Fe69,4389846.634849436,7603.562135513222,13.160549403407732,0.02277880518534684,3.942646691768274e-05,6.824090556826378e-08,1.1811408824685013e-10,2.044365872083729e-13,3.538470203661013e-16,6.124525728574674e-19,1.0600574045010833e-21,1.8347897464039084e-24,3.175727464583243e-27,5.4966760900396756e-30,9.51386678352099e-33,1.6466981079456453e-35,2.85017093513288e-38,4.933189830169154e-41,8.538562231654272e-44,1.4778884959578556e-46,2.5579885081676242e-49,4.4274688014786564e-52,7.663240051890932e-55,1.3263842327537718e-57,2.2957588709017406e-60,3.9735912589835865e-63,6.877650651206635e-66,1.1904112777855896e-68,2.0604114430128897e-71,3.566242519472416e-74,6.172595163369711e-77,1.0683774545005344e-79,1.8491904216538924e-82,3.200652729175307e-85,5.539817734733384e-88,9.588538067350445e-91,1.6596225123542518e-93,2.87254101111801e-96,4.971908852242402e-99,8.605578663395738e-102,1.4894879679560434e-104,2.5780653381540053e-107,4.462218581672538e-110,7.723386361061354e-113,1.3367945964643926e-115,2.3137775447126862e-118,4.004778700165299e-121,6.931631121560228e-124,1.1997544334571868e-126,2.0765829504732513e-129,3.594232811268102e-132,6.221041879714984e-135,1.0767628058994124e-137,1.8637041231773458e-140,3.225773624161302e-143,5.583297984335986e-146,9.663795422096705e-149,1.6726483562607805e-151,2.895086662642615e-154,5.010931767480479e-157,8.673121085579288e-160,1.5011784804833333e-162,2.5982997447287814e-165,4.49724110172695e-168,7.784004739288999e-171,1.347286667775199e-173,2.331937641305443e-176,4.0362109215531376e-179,6.986035267283113e-182,1.2091709205559403e-184,2.092881382900191e-187,3.6224427898715575e-190,6.269868838772229e-193,1.0852139712274343e-195,1.878331738081197e-198,3.251091684981377e-201,5.62711949644869e-204,9.739643447642209e-207,1.6857764358312806e-209,2.9178092677427255e-212,5.050260961043244e-215,8.741193626534992e-218,1.512960748087602e-220,2.618692964659995e-223,4.532538502289479e-226,7.845098891692304e-229,1.357861087982901e-231,2.3502402706620012e-234,4.067889844348315e-237,7.040866413667182e-240,1.218661314636664e-242,2.109307736486997e-245,3.6508741795339525e-248,6.3190790249442875e-251,1.0937314670369759e-253,1.8930741604349564e-256,3.2766084591267955e-259,5.67128494953125e-262,9.816086779972214e-265,1.6990075534806187e-267,2.940710215270088e-270,5.089898836810845e-273,8.809800446994733e-276,1.5248354909249626e-278,2.639246244422639e-281,4.568112940808887e-284,7.906672552469859e-287,1.3685185034175288e-289,2.368686551476221e-292,4.099817404830894e-295,7.0961279121033895e-298,1.2282261957715117e-300,2.1258630152457433e-303,3.679528718039537e-306,6.36867544605766e-309,1.102315813935e-311,1.907932291e-314,3.3023254e-317,5.716e-320,1e-322,0.0,0.0
Fe70,1164312.4397797252,730.5042975075686,0.45832760214945695,0.000287560513481982,1.804190900269111e-07,1.1319721074353359e-10,7.10213565438374e-14,4.455969411432714e-17,2.7957313633355094e-20,1.7540770894620512e-23,1.1005300709953875e-26,6.904864355400483e-30,4.332198912416626e-33,2.718076192483764e-36,1.7053552566509074e-39,1.069961379091934e-42,6.713072530099e-46,4.2118663042414e-49,2.6425779976702393e-52,1.6579867377885838e-55,1.0402417734145765e-58,6.526607978782797e-62,4.094876094899417e-65,2.5691768660059638e-68,1.6119339427735132e-71,1.011347669459878e-74,6.345322729305166e-78,3.981135444801067e-81,2.497814548762431e-84,1.567160325619374e-87,9.832561378154637e-91,6.16907291964328e-94,3.8705540931002683e-97,2.428434415147343e-100,1.5236303554534114e-103,9.559448859640037e-107,5.997718683734075e-110,3.763044286066445e-113,2.3609814073642456e-116,1.4813094883202848e-119,9.293922405925905e-123,5.831124040481091e-126,3.658520707446028e-129,2.295401996920491e-132,1.4401641397691347e-135,9.035771303935206e-139,5.66915678584436e-142,3.5569004107582935e-145,2.231644142148769e-148,1.4001616582020604e-151,8.784790693427914e-155,5.511688387927614e-158,3.458102753471751e-161,2.1696572469085585e-164,1.3612702989628733e-167,8.540781404430607e-171,5.35859388497957e-174,3.3620493330088647e-177,2.109392120434678e-180,1.3234591991455985e-183,8.303549799181828e-187,5.209751786228452e-190,3.268663924528382e-193,2.0508009383011258e-196,1.2866983531026707e-199,8.072907618467403e-203,5.065043975470815e-206,3.1778724204357476e-209,1.993837204469173e-212,1.2509585886334436e-215,7.848671832224165e-219,4.92435561733847e-222,3.089602771573794e-225,1.9384557143896375e-228,1.2162115438340867e-231,7.630664494293282e-235,4.78757506616887e-238,3.0037849300468666e-241,1.884612519130035e-244,1.1824296445905122e-247,7.418712601208063e-251,4.654593777406797e-254,2.920350793633134e-257,1.832264890498159e-260,1.1495860826964648e-263,7.212647954904047e-267,4.5253062214669714e-270,2.839234151740891e-273,1.7813712871343766e-276,1.1176547945794005e-279,7.012307029242544e-283,4.399609799989192e-286,2.760370632865999e-289,1.7318913215457787e-292,1.0866104406173013e-295,6.817530840241669e-299,4.2774047644196933e-302,2.683697653508783e-305,1.6837857280559815e-308,1.05642838503e-311,6.62816482e-315,4.158595e-318,2.61e-321,0.0,0.0,0.0,0.0,0.0,0.0,0.0,0.0,0.0,0.0,0.0,0.0,0.0,0.0,0.0,0.0,0.0,0.0,0.0
Fe71,173029.08594811583,3.0693600761191024e-06,5.4447327310616557e-17,9.65840233061785e-28,1.7133023820968148e-38,3.039224244358894e-49,5.391274829253661e-60,9.563573447564197e-71,1.6964807023131546e-81,3.0093842945849552e-92,5.338341792008697e-103,9.469675620885422e-114,1.679824182464891e-124,2.9798373217455564e-135,5.285928466060353e-146,9.37669970921084e-157,1.6633312009657982e-167,2.950580449311599e-178,5.23402974873844e-189,9.284636660922277e-200,1.647000152150832e-210,2.9216108289965223e-221,5.18264058747218e-232,9.193477513272851e-243,1.6308294461198177e-253,2.892925640479064e-264,5.1317559792983606e-275,9.103213391514425e-286,1.6148175085826607e-296,2.8645220911286387e-307,5.08137e-318,0.0,0.0,0.0,0.0,0.0,0.0,0.0,0.0,0.0,0.0,0.0,0.0,0.0,0.0,0.0,0.0,0.0,0.0,0.0,0.0,0.0,0.0,0.0,0.0,0.0,0.0,0.0,0.0,0.0,0.0,0.0,0.0,0.0,0.0,0.0,0.0,0.0,0.0,0.0,0.0,0.0,0.0,0.0,0.0,0.0,0.0,0.0,0.0,0.0,0.0,0.0,0.0,0.0,0.0,0.0,0.0,0.0,0.0,0.0,0.0,0.0,0.0,0.0,0.0,0.0,0.0,0.0,0.0,0.0,0.0,0.0,0.0,0.0,0.0,0.0,0.0,0.0,0.0,0.0,0.0,0.0,0.0,0.0,0.0,0.0,0.0,0.0,0.0,0.0,0.0,0.0
Fe72,2.2470405839479115,4.704763990907935e-47,9.850647277253211e-94,2.0624892548994796e-140,4.3183577757359024e-187,9.041605348953732e-234,1.893095281395423e-280,0.0,0.0,0.0,0.0,0.0,0.0,0.0,0.0,0.0,0.0,0.0,0.0,0.0,0.0,0.0,0.0,0.0,0.0,0.0,0.0,0.0,0.0,0.0,0.0,0.0,0.0,0.0,0.0,0.0,0.0,0.0,0.0,0.0,0.0,0.0,0.0,0.0,0.0,0.0,0.0,0.0,0.0,0.0,0.0,0.0,0.0,0.0,0.0,0.0,0.0,0.0,0.0,0.0,0.0,0.0,0.0,0.0,0.0,0.0,0.0,0.0,0.0,0.0,0.0,0.0,0.0,0.0,0.0,0.0,0.0,0.0,0.0,0.0,0.0,0.0,0.0,0.0,0.0,0.0,0.0,0.0,0.0,0.0,0.0,0.0,0.0,0.0,0.0,0.0,0.0,0.0,0.0,0.0,0.0,0.0,0.0,0.0,0.0,0.0,0.0,0.0,0.0,0.0,0.0,0.0,0.0,0.0,0.0,0.0,0.0,0.0,0.0,0.0,0.0,0.0
Ga79,6203677178785.665,5121054246896.326,4142834000375.673,3311540459018.3555,2627790304783.7485,2075809829446.6252,1635146306238.9204,1285740483021.3987,1009862644722.9067,792615541714.7938,621823530454.6217,487694135353.98566,382427454002.38635,299847550624.3928,235082406189.30783,184297535734.5343,144479449701.0015,113262061593.76645,88788691402.01512,69602934323.04582,54562636286.28897,42772221762.46973,33529526988.739185,26284063345.762665,20604270432.26258,16151830933.25709,12661528603.825464,9925455188.733889,7780628320.224175,6099284209.846476,4781267579.97684,3748065859.820852,2938132442.84073,2303220503.412433,1805509025.0516124,1415349862.1339123,1109501640.5808167,869745298.109158,681798795.8447485,534466353.1000491,418971526.7572111,328434407.80266774,257461792.3065312,201825913.83055726,158212599.72168574,124023849.23799685,97223073.29694752,76213776.94013843,59744457.75493706,46834055.14991361,36713509.573876575,28779950.42093754,22560783.641860656,17685539.797308628,13863805.570190055,10867924.13976316,8519433.896387288,6678437.66495743,5235269.1724773375,4103960.339721686,3217120.2501967098,2521920.7417894304,1976949.4868830938,1549743.102122274,1214853.3376854907,952331.1509271822,746538.362197825,585216.1043880665,458754.5746837199,359620.5883864119,281908.8347632306,220990.10369275417,173235.52832656386,135800.4171820644,106454.79876424918,83450.58443188289,65417.436535153574,51281.13879566618,40199.60633534176,31512.723536728878,24703.02162708637,19364.853589917355,15180.230184786695,11899.877651700474,9328.388726763575,7312.582430221443,5732.379231299017,4493.6480326873,3522.5988768189936,2761.3873531491854,2164.6688654537033,1696.8975003527767,1330.2085934053407,1042.7588593898877,817.4252100210006,640.7847489963572,502.3151837166556,393.7680230178691,308.6772229422857,241.97401107666303,189.6849449351065,148.69521803163775,116.563114025947,91.37455616450987,71.62908767521955,56.150491083611655,44.01672213426096,34.50498455231175,27.048673804552994,21.20362504367774,16.621654660096482,13.029819338457173,10.214157101964915,8.006941815048492,6.276691908061497,4.920338153910524,3.8570839390306464,3.0235922912949267,2.3702129610058926,1.858024806021156,1.4565172989033264,1.1417730458333224
Ga80,4243821106072.7446,2855552942235.3525,1901956873487.508,1261508083122.31,835260561540.0143,552633936880.2538,365528090008.4701,241740011212.6678,159864894035.20453,105717758370.67116,69909905274.27266,46230413175.70458,30571455868.551468,20216416102.036156,13368789621.22612,8840563698.362623,5846121059.260481,3865944738.3176537,2556486332.597178,1690562795.5849726,1117941654.8838792,739276616.148516,488871590.6117078,323282823.8567728,213781668.2393193,141370336.75043997,93485902.12324016,61820705.08322472,40881025.80368969,27033956.803161804,17877115.509392783,11821845.439168526,7817593.924151481,5169647.58822185,3418603.7859863034,2260667.027320455,1494942.3005273538,988581.0050297261,653732.5240986459,432302.6751374166,285874.7209933315,189044.2988284477,125011.91709207854,82668.34552476327,54667.23101900734,36150.54986663924,23905.77008017809,15808.496557716877,10453.90140443802,6912.9948047061125,4571.450917798548,3023.026066736585,1999.0779217574425,1321.957683802624,874.1890942542461,578.0870158527407,382.2795320760813,252.79523088533458,167.16937056847493,110.54638316707779,73.1025234453264,48.3415086136079,31.967452625452843,21.139555977218855,13.979244206595236,9.244246605662912,6.11306977998089,4.042473522074089,2.673221926925423,1.7677581390634278,1.16898967749346,0.7730338420674816,0.5111946944330099,0.3380447289572176,0.22354347574460973,0.14782566112517384,0.09775470303620189,0.0646435936288784,0.04274775604103691,0.02826839511792954,0.01869342946975421,0.012361660571209304,0.008174564882545329,0.005405706671365607,0.0035747058145249966,0.0023638947573843606,0.0015632051178263997,0.0010337220947613133,0.0006835835918216259,0.0004520427002342942,0.00029892847821372666,0.00019767653595746608,0.00013072027496893406,8.644318965418586e-05,5.71634739856949e-05,3.780127470059162e-05,2.4997367538354607e-05,1.6530352185128943e-05,1.0931252778722939e-05,7.228659497033331e-06,4.780194839676449e-06,3.1610650238328633e-06,2.0903608367511214e-06,1.3823215893624987e-06,9.141067622504287e-07,6.044839198216685e-07,3.997353749176884e-07,2.643384955677975e-07,1.7480274357363244e-07,1.1559420846076535e-07,7.64405681312569e-08,5.054890321959851e-08,3.3427166741052865e-08,2.2104841157086268e-08,1.4617571580780179e-08,9.666362105964922e-09,6.392207888107186e-09,4.227063008488547e-09,2.79528794909441e-09,1.848478412235998e-09,1.2223686799814251e-09,8.08332507379461e-10
Ga81,2963887886340.9897,1677678660898.088,949193236951.8024,537032401299.4256,303840976544.6994,171906460027.79938,97260847879.54951,55028022383.33006,31133629959.40906,17614714693.85476,9966013412.198725,5638548512.32845,3190165215.6082234,1804924455.402794,1021186073.3018373,577764345.3076856,326886203.6372014,184944936.4540435,104637727.56207417,59201696.67405602,33495001.953361064,18950726.396112204,10721899.089313747,6066211.799934541,3432127.582541943,1941821.3757344098,1098639.303048985,621585.6583345425,351679.3269409908,198972.33364271687,112574.11659534805,63691.928898914535,36035.47537882272,20388.06970092987,11535.115931181997,6526.311784177391,3692.4419102850106,2089.101426916845,1181.9670770688244,668.7306577241774,378.3529179926315,214.0636576177168,121.11245171780999,68.52272881973242,38.768634424499204,21.934430239848314,12.410012297021646,7.021308669893839,3.9725001279618337,2.247552131459758,1.271614958064474,0.7194514329343219,0.40704960339496515,0.23029960333559327,0.13029838833934013,0.07371992725098007,0.04170909359013882,0.023598076571458248,0.013351266353197997,0.0075538492594619784,0.004273799737431399,0.0024180207425756393,0.0013680623030409129,0.0007740191934863268,0.0004379228274571551,0.0002477669861702945,0.00014018104466572253,7.9311314179957e-05,4.4872575831859e-05,2.5387904394286124e-05,1.4363911087889731e-05,8.126781105542409e-06,4.5979518205931755e-06,2.601418774535216e-06,1.4718248264792084e-06,8.327257191520767e-07,4.7113767267815495e-07,2.6655920612444836e-07,1.508132643390518e-07,8.532678736288685e-08,4.8275996634508444e-08,2.731348411306484e-08,1.545336122302598e-08,8.743167737253071e-09,4.946689654017835e-09,2.798726876633728e-09,1.5834573579181221e-09,8.958849201322691e-10,5.068717424608433e-10,2.8677674724936733e-10,1.622518989984546e-10,9.179851219148248e-11,5.19375544606108e-11,2.938511201273258e-11,1.6625442167395536e-11,9.406305041193893e-12,5.321877976966329e-12,3.0110000768297878e-12,1.7035568086882387e-12,9.638345155685342e-13,5.453161107768144e-13,3.08527714944242e-13,1.7455811227201108e-13,9.8761093684808e-14,5.58768280595307e-14,3.161386531379243e-14,1.7886421165743656e-14,1.0119738884912216e-14,5.725522962354244e-15,3.2393734230950056e-15,1.832765363661991e-15,1.036937839364547e-15,5.866763438597566e-16,3.3192841400751313e-16,1.877977068253504e-16,1.0625176152609215e-16,6.011488115718359e-17,3.4011661403419376e-17,1.924304081041361e-17,1.0887284077043525e-17,6.159782943977327e-18,3.485068052639396e-18
Ga82,2267848902566.1235,713825636461.1976,224407772098.34476,70547827490.59018,22178358249.82381,6972285216.339738,2191900797.63347,689075239.6942881,216626905.04624787,68101730.09660824,21409370.36958147,6730535.905206636,2115901.25208158,665183.0064671417,209115.82317812543,65740.44597999685,20667.045525137302,6497.168742482546,2042.5368307699498,642.1191861268578,201.86517226070887,63.46103441892039,19.950459231858662,6.271893094818314,1.971716166313276,0.6198550552006405,0.1948659223990672,0.06126065665488187,0.019258719059671185,0.006054428405964298,0.001903351059297981,0.0005983628861416431,0.00018810935679086603,5.913657235735886e-05,1.8590963521634603e-05,5.8445038473681466e-06,1.8373563684394632e-06,5.776159127973284e-07,1.8158706087053994e-07,5.708613621102041e-08,1.7946361001054556e-08,5.641857980887416e-09,1.773649904547925e-09,5.575882970751511e-10,1.752909118298697e-10,5.5106794621275546e-11,1.7324108715794692e-11,5.4462384331967996e-12,1.7121523281706857e-12,5.382550967640258e-13,1.6921306850190993e-13,5.319608253404976e-14,1.672343171849928e-14,5.2574015814847746e-15,1.6527870507835561e-15,5.195922344715254e-16,1.6334596159567095e-16,5.135162036582864e-17,1.6143581931480525e-17,5.07511225004787e-18,1.5954801394081812e-18,5.015764676381179e-19,1.57682284269393e-19,4.957111104014664e-20,1.5583837215069602e-20,4.899143417405031e-21,1.5401602245365764e-21,4.841853595910858e-22,1.5221498303067092e-22,4.785233712682869e-23,1.504350046827039e-23,4.7292759335671236e-24,1.4867584112481977e-24,4.673972516021068e-25,1.4693724895209858e-25,4.6193158080422235e-26,1.452189876059609e-26,4.565298247109474e-27,1.4352081934088144e-27,4.5119123591366095e-28,1.418425091914937e-28,4.4591507574382407e-29,1.4018382494008002e-29,4.40700614170773e-30,1.3854453708444055e-30,4.355471297007085e-31,1.3692441880613872e-31,4.304539092768672e-32,1.353232459391169e-32,4.2542024818086174e-33,1.337407969386809e-33,4.204454499351715e-34,1.3217685285084591e-34,4.1552882620677627e-35,1.3063119728204086e-35,4.1066969671191475e-36,1.291036163691673e-36,4.058673891219577e-37,1.2759389875000856e-37,4.011212389703831e-38,1.2610183553398504e-38,3.9643058956083635e-39,1.2462722027325103e-39,3.917947918762684e-40,1.2316984893412994e-40,3.872132044891356e-41,1.2172951986888316e-41,3.8268519347264666e-42,1.2030603378780947e-42,3.782101323130519e-43,1.1889919373167021e-43,3.7378740182295694e-44,1.1750880504443777e-44,3.694163900556482e-45,1.1613467534636156e-45,3.6509649222042156e-46,1.1477661450735043e-46,3.608271105989021e-47,1.1343443462066434e-47,3.5660765446233976e-48,1.1210794997691567e-48,3.524375399898746e-49
Ga83,69438933062.80815,7323187053.433563,772053216.4347874,81394366.20465994,8581070.201937163,904666.6156896509,95375.24647667016,10055.0163814226,1060.0586437845582,111.7575830446704,11.782138130958678,1.2421419214256222,0.13095386727038766,0.013805922702768371,0.0014555011291210325,0.00015344744299110126,1.6177327031499196e-05,1.7055084449941024e-06,1.7980467664914618e-07,1.895606078046467e-08,1.998458811023242e-09,2.1068921785017226e-10,2.2212089773113206e-11,2.3417284335817144e-12,2.468787094171954e-13,2.602739766467168e-14,2.743960509167231e-15,2.8928436768341336e-16,3.0498050211149027e-17,3.2152828517152468e-18,3.389739260365865e-19,3.573661411199327e-20,3.767562901140888e-21,3.9719851941120033e-22,4.1874991330516345e-23,4.4147065339775106e-24,4.654241866538772e-25,4.906774025752865e-26,5.173008199874224e-27,5.453687839610683e-28,5.74959673418662e-29,6.061561200050152e-30,6.390452388336287e-31,6.737188717529586e-32,7.102738438119376e-33,7.4881223364093705e-34,7.894416585031862e-35,8.32275574812658e-36,8.774335949575998e-37,9.250418213144325e-38,9.752331983847427e-39,1.0281478840386948e-39,1.083933640901558e-40,1.1427462489762701e-41,1.2047499406542858e-42,1.2701178593294557e-43,1.3390325428956062e-44,1.4116864334779704e-45,1.4882824148218763e-46,1.5690343788393456e-47,1.654167822895641e-48,1.7439204795037008e-49,1.8385429801848383e-50,1.9382995553495184e-51,2.0434687721526268e-52,2.1543443123836358e-53,2.2712357925639377e-54,2.394469628541406e-55,2.5243899469965833e-56,2.661359546405795e-57,2.8057609101446996e-58,2.9579972745612886e-59,3.1184937550009455e-60,3.287698532927906e-61,3.466084107458163e-62,3.6541486147986466e-63,3.8524172192771974e-64,4.061443579847732e-65,4.2818113961657756e-66,4.514136038551709e-67,4.759066266393383e-68,5.017286039786688e-69,5.2895164294729657e-70,5.576517630406818e-71,5.879091084576994e-72,6.19808171900843e-73,6.534380305194841e-74,6.888925946550613e-75,7.262708700828091e-76,7.656772344823249e-77,8.072217289090169e-78,8.510203650803531e-79,8.971954493349948e-80,9.458759241694748e-81,9.97197728306135e-82,1.0513041762978068e-82,1.1083463587292746e-83,1.1684835641330692e-84,1.2318837237977717e-85,1.298723880710953e-86,1.3691906839462446e-87,1.4434809098751129e-88,1.5218020116588012e-89,1.6043726985548709e-90,1.6914235466560472e-91,1.7831976427668407e-92,1.879951263215939e-93,1.9819545894999343e-94,2.089492462756812e-95,2.202865179176029e-96,2.32238932856635e-97,2.448398678423102e-98,2.5812451059636024e-99,2.7212995807334227e-100,2.868953200527378e-101,3.024618283518038e-102,3.188729519641496e-103,3.361745184455587e-104,3.5441484188602204e-105,3.736448578253437e-106,3.939182654890602e-107,4.152916777418708e-108
Ga84,3973915042181.715,1142060779.7312336,328216.0818124183,94.32579970537782,0.027108228338256945,7.790615567897275e-06,2.238939784976961e-09,6.434474037467718e-13,1.8491991797480233e-16,5.31440112504754e-20,1.527302176380751e-23,4.389303485172118e-27,1.261438985872378e-30,3.6252410444030534e-34,1.0418555932719668e-37,2.994181804566924e-41,8.604959014180173e-45,2.472973402041978e-48,7.107061680513694e-52,2.0424936915584638e-55,5.869908926630544e-59,1.6869491910472654e-62,4.84811197029691e-66,1.3932956488123207e-69,4.004183024016375e-73,1.15075947473806e-76,3.307159939385431e-80,9.504424777528278e-84,2.73147026473961e-87,7.849954081173719e-91,2.2559930405250183e-94,6.483483274256732e-98,1.8632839114514386e-101,5.3548791410613814e-105,1.5389351262651955e-108,4.422735341853962e-112,1.2710469447503735e-115,3.652853293007654e-119,1.0497910588862964e-122,3.016987485994015e-126,8.670500109136809e-130,2.491809213380693e-133,7.161193792438645e-137,2.058050682912654e-140,5.914618059784242e-144,1.699798118849856e-147,4.885038417765404e-151,1.4039079157936057e-154,4.03468154694581e-158,1.159524424795553e-161,3.3323494705925937e-165,9.576816802385772e-169,2.7522749602294425e-172,7.909744556060527e-176,2.2731761850172667e-179,6.532865798011635e-183,1.877475921845716e-186,5.395665464585664e-190,1.5506566804383663e-193,4.4564218378071344e-197,1.2807280842378376e-200,3.6806758548751815e-204,1.0577869662882585e-207,3.0399668706693563e-211,8.736540408694044e-215,2.5107884907948924e-218,7.215738210556085e-222,2.0737261666670816e-225,5.959667727452568e-229,1.7127449126382998e-232,4.922246121634509e-236,1.4146010128632976e-239,4.065412366924413e-243,1.1683561345462673e-246,3.357730862034532e-250,9.649760213085684e-254,2.773238118126868e-257,7.969990434998137e-261,2.290490207774356e-264,6.582624451934419e-268,1.8917760280367705e-271,5.4367624438955873e-275,1.562467513769499e-278,4.490364912533825e-282,1.2904829617270046e-285,3.708710331891439e-289,1.06584377584274e-292,3.063121281632522e-296,8.80308371512641e-300,2.5299123270177023e-303,7.270698075264426e-307,2.08952104533875e-310,6.0050605235e-314,1.72579e-317,4.96e-321,0.0,0.0,0.0,0.0,0.0,0.0,0.0,0.0,0.0,0.0,0.0,0.0,0.0,0.0,0.0,0.0,0.0,0.0,0.0,0.0,0.0,0.0,0.0,0.0,0.0,0.0,0.0
Ga85,209451763.66535282,112.1052053765406,6.0002249933764907e-05,3.2115101034080885e-11,1.718901733797882e-17,9.200105480963263e-24,4.924187299167785e-30,2.6355807123579388e-36,1.4106461166753634e-42,7.550223968329876e-49,4.0411185553961205e-55,2.1629344039683098e-61,1.1576708705125264e-67,6.196220477025918e-74,3.3164130823225965e-80,1.775049124442972e-86,9.500624065742596e-93,5.085034346127879e-99,2.721671136798009e-105,1.4567244334386804e-111,7.796849686526749e-118,4.173120436429558e-124,2.2335859837133545e-130,1.1954858295221331e-136,6.3986180922043115e-143,3.424742684423958e-149,1.8330305521445556e-155,9.810958996648034e-162,5.251135411861817e-168,2.810573678182748e-174,1.5043078840911007e-180,8.05153135712069e-187,4.3094341178611975e-193,2.3065453753417867e-199,1.2345360024092939e-205,6.607626962547316e-212,3.536610839293063e-218,1.892905925152791e-224,1.0131430921573415e-230,5.422662117259138e-237,2.9023801934377383e-243,1.5534456333630957e-249,8.31453212529179e-256,4.4502004433103226e-262,2.381887962811179e-268,1.2748617370512384e-274,6.82346304264917e-281,3.6521331326557657e-287,1.9547371086022007e-293,1.0462370962276324e-299,5.5997916891523383e-306,2.997185539965e-312,1.604187e-318,0.0,0.0,0.0,0.0,0.0,0.0,0.0,0.0,0.0,0.0,0.0,0.0,0.0,0.0,0.0,0.0,0.0,0.0,0.0,0.0,0.0,0.0,0.0,0.0,0.0,0.0,0.0,0.0,0.0,0.0,0.0,0.0,0.0,0.0,0.0,0.0,0.0,0.0,0.0,0.0,0.0,0.0,0.0,0.0,0.0,0.0,0.0,0.0,0.0,0.0,0.0,0.0,0.0,0.0,0.0,0.0,0.0,0.0,0.0,0.0,0.0,0.0,0.0,0.0,0.0,0.0,0.0,0.0,0.0
Ga86,11547551033.541449,0.48100015041858024,2.0035516104728765e-11,8.345567152806847e-22,3.476251409644003e-32,1.4479931251871394e-42,6.031451248814988e-53,2.5123326578039047e-63,1.0464836940708312e-73,4.359009220193846e-84,1.8156958860793193e-94,7.563075424233114e-105,3.1503133487928193e-115,1.3122273200903008e-125,5.465934175250243e-136,2.2767729303267853e-146,9.483639594015947e-157,3.950302586225763e-167,1.6454537699417017e-177,6.853951184540039e-188,2.854935683894788e-198,1.1891911015591507e-208,4.9534407517657446e-219,2.0632996033256248e-229,8.594440645254765e-240,3.579916842214892e-250,1.4911737861904736e-260,6.21131539816969e-271,2.5872530306545903e-281,1.0776909262414638e-291,4.4889994088028557e-302,1.86984182585e-312,8e-323,0.0,0.0,0.0,0.0,0.0,0.0,0.0,0.0,0.0,0.0,0.0,0.0,0.0,0.0,0.0,0.0,0.0,0.0,0.0,0.0,0.0,0.0,0.0,0.0,0.0,0.0,0.0,0.0,0.0,0.0,0.0,0.0,0.0,0.0,0.0,0.0,0.0,0.0,0.0,0.0,0.0,0.0,0.0,0.0,0.0,0.0,0.0,0.0,0.0,0.0,0.0,0.0,0.0,0.0,0.0,0.0,0.0,0.0,0.0,0.0,0.0,0.0,0.0,0.0,0.0,0.0,0.0,0.0,0.0,0.0,0.0,0.0,0.0,0.0,0.0,0.0,0.0,0.0,0.0,0.0,0.0,0.0,0.0,0.0,0.0,0.0,0.0,0.0,0.0
Gd169,43121.42031878766,21560.710159393842,10780.355079696932,5390.177539848467,2695.0887699242335,1347.5443849621167,673.7721924810584,336.8860962405292,168.4430481202646,84.2215240601323,42.11076203006615,21.055381015033074,10.527690507516537,5.2638452537582685,2.6319226268791343,1.3159613134395671,0.6579806567197836,0.3289903283598918,0.1644951641799459,0.08224758208997295,0.04112379104498647,0.020561895522493236,0.010280947761246618,0.005140473880623309,0.0025702369403116545,0.0012851184701558273,0.0006425592350779136,0.0003212796175389568,0.0001606398087694784,8.03199043847392e-05,4.01599521923696e-05,2.00799760961848e-05,1.00399880480924e-05,5.0199940240462e-06,2.5099970120231e-06,1.25499850601155e-06,6.27499253005775e-07,3.137496265028875e-07,1.5687481325144376e-07,7.843740662572188e-08,3.921870331286094e-08,1.960935165643047e-08,9.804675828215235e-09,4.9023379141076175e-09,2.4511689570538087e-09,1.2255844785269044e-09,6.127922392634522e-10,3.063961196317261e-10,1.5319805981586305e-10,7.659902990793152e-11,3.829951495396576e-11,1.914975747698288e-11,9.57487873849144e-12,4.78743936924572e-12,2.39371968462286e-12,1.19685984231143e-12,5.98429921155715e-13,2.992149605778575e-13,1.4960748028892876e-13,7.480374014446438e-14,3.740187007223219e-14,1.8700935036116094e-14,9.350467518058047e-15,4.675233759029024e-15,2.337616879514512e-15,1.168808439757256e-15,5.84404219878628e-16,2.92202109939314e-16,1.46101054969657e-16,7.30505274848285e-17,3.652526374241425e-17,1.8262631871207123e-17,9.131315935603562e-18,4.565657967801781e-18,2.2828289839008904e-18,1.1414144919504452e-18,5.707072459752226e-19,2.853536229876113e-19,1.4267681149380565e-19,7.133840574690283e-20,3.5669202873451413e-20,1.7834601436725707e-20,8.917300718362853e-21,4.458650359181427e-21,2.2293251795907133e-21,1.1146625897953567e-21,5.573312948976783e-22,2.7866564744883916e-22,1.3933282372441958e-22,6.966641186220979e-23,3.4833205931104896e-23,1.7416602965552448e-23,8.708301482776224e-24,4.354150741388112e-24,2.177075370694056e-24,1.088537685347028e-24,5.44268842673514e-25,2.72134421336757e-25,1.360672106683785e-25,6.803360533418925e-26,3.4016802667094625e-26,1.7008401333547312e-26,8.504200666773656e-27,4.252100333386828e-27,2.126050166693414e-27,1.063025083346707e-27,5.315125416733535e-28,2.6575627083667675e-28,1.3287813541833838e-28,6.643906770916919e-29,3.3219533854584594e-29,1.6609766927292297e-29,8.304883463646149e-30,4.152441731823074e-30,2.076220865911537e-30,1.0381104329557686e-30,5.190552164778843e-31,2.5952760823894214e-31,1.2976380411947107e-31,6.488190205973554e-32,3.244095102986777e-32,1.6220475514933884e-32
Ge83,17366325766139.965,12385216595324.344,8516438267811.646,5855302764685.472,4025612929134.732,2767663836609.488,1902805769459.5156,1308204228807.3486,899407765520.2443,618354771749.0096,425127109530.8954,292280528117.6689,200946740871.1851,138153550381.08093,94982398819.44781,65301659353.74964,44895757186.120026,30866428713.48886,21221079256.447807,14589773536.438969,10030662874.033566,6896213806.281802,4741238486.348177,3259664363.067249,2241062496.7390304,1540760199.4839368,1059293078.9605843,728278045.8046823,500700818.815434,344238455.91204584,236668505.57396537,162712737.54761824,111867165.83193965,76910160.6910667,52876755.869655125,36353471.19517673,24993493.761158846,17183358.5583972,11813786.986647833,8122135.291048012,5584075.771862745,3839126.179081548,2639450.183175551,1814657.0194606422,1247600.7765814187,857742.0862644269,589709.0642771317,405432.8055711176,278740.43285185116,191637.7457344371,131753.49271878283,90582.27426476654,62276.5153443833,42815.93054401558,29436.52030323983,20237.99825329647,13913.892303885958,9565.985559495877,6576.741987497396,4521.597372387276,3108.658183162095,2137.2437446013596,1469.3834299888554,1010.220602951643,694.5400674864843,477.5055111078754,328.29137412267494,225.70467526814855,155.17495875132022,106.68484290308359,73.34724492175053,50.42720400777538,34.669371791055774,23.835653077277943,16.387327726743575,11.266505228660874,7.745871821449599,5.325389644492124,3.6612760344330817,2.517175849128395,1.7305917925460002,1.1898048177542369,0.8180065977711292,0.5623903887530843,0.3866508537017182,0.2658275917547812,0.1827599961609308,0.12564992210272574,0.08638598848797785,0.05939151319922039,0.040832453292863106,0.028072853377572017,0.01930045914964415,0.01326932173145914,0.00912283473920464,0.0062720699191071,0.004312131283175896,0.002964647467767918,0.0020382344671263154,0.0014013132381333478,0.0009634214429394567,0.0006623650240769512,0.000455384741886039,0.00031308305179852334,0.00021524875189605483,0.00014798637271053912,0.00010174259462651037,6.994938366103495e-05,4.809112931039557e-05,3.306328944307053e-05,2.2731450154570476e-05,1.5628173567527985e-05,1.0744576672231027e-05,7.387039014291677e-06,5.078687328808149e-06,3.4916649193126927e-06,2.400565957191941e-06,1.6504209447346402e-06,1.1346862962286815e-06,7.801118829452161e-07,5.363372695475649e-07,3.6873898859189433e-07
Ge84,6917329501914.778,5116833484533.753,2474831085568.887,1196742037743.852,578702659048.4634,279840397515.24493,135321044161.52133,65436531521.38915,31642821588.33155,15301363547.114346,7399205085.0261965,3577997197.5505657,1730194500.431851,836661641.7066981,404580353.55483377,195640930.96063825,94605122.39618081,45747733.56295811,22122006.431988858,10697429.806079162,5172903.498053214,2501435.49294098,1209606.8538103858,584923.6348145086,282848.6441581031,136775.72718949543,66139.96543592529,31982.97766536286,15465.851147655474,7478.745544711378,3616.4601862872123,1748.7938586504313,845.6556418482797,408.9295379512051,197.74404466042458,95.62211474029013,46.23951554701441,22.359815026363414,10.812425737999943,5.228511515051539,2.5283255881194493,1.2226099648317503,0.5912114852334722,0.28588922904784997,0.13824604786440758,0.06685096117045126,0.03232679037448109,0.015632106967783624,0.007559141053642313,0.0036553366469806187,0.001767593157468783,0.0008547463262819498,0.0004133254754949977,0.00019986976654967539,9.665003961534241e-05,4.673658412126872e-05,2.2600180031149077e-05,1.0928657860725235e-05,5.284717310754926e-06,2.555504748205143e-06,1.2357528575480467e-06,5.975669291989029e-07,2.889624998162896e-07,1.397321742888587e-07,6.756960001351468e-08,3.2674299023989314e-08,1.5800150015621455e-08,7.640400803483328e-09,3.694631024398708e-09,1.7865945462214703e-09,8.639347343508478e-10,4.177686687762596e-10,2.0201833966338773e-10,9.768901454457524e-11,4.723899611585493e-11,2.2843128927414047e-11,1.104613946313996e-11,5.341527311204075e-12,2.58297608060695e-12,1.2490370345937088e-12,6.039906933323411e-13,2.9206880783222526e-13,1.4123427637253244e-13,6.829596412750523e-14,3.302554334475005e-14,1.59699995036267e-14,7.722534084708096e-15,3.734347811090095e-15,1.8058001973481106e-15,8.732219165709107e-16,4.2225962578781384e-16,2.0419000964915135e-16,9.873915831458543e-17,4.77468089718232e-17,2.308868949164433e-17,1.1164883976982806e-17,5.398948011518757e-18,2.6107427261379824e-18,1.2624640147562752e-18,6.104835120664041e-19,2.9520850824162423e-19,1.4275252585161645e-19,6.903013655804621e-20,3.338056349472677e-20,1.6141674850788143e-20,7.805550287661467e-21,3.7744915478976574e-21,1.825212306641762e-21,8.826089347509842e-22,4.267988599833397e-22,2.0638502479523567e-22,9.980059098890936e-23,4.8260080747706966e-23,2.3336889798919294e-23,1.1284904978381745e-23,5.4569859766404e-24,2.6388078593746615e-24,1.2760353331500505e-24,6.170461277287632e-25,2.983819600082253e-25,1.442870963084402e-25,6.977220124349072e-26
Ge85,771500576869.7308,213554539924.60876,58456918656.428,16001586011.727266,4380161677.621206,1198994668.9059737,328204372.7768688,89840358.01272212,24592268.10284266,6731714.60822152,1842692.238757145,504405.6209139994,138072.4491362928,37794.98169736799,10345.732623996071,2831.968126992645,775.2030488107164,212.19863357840313,58.08576238396105,15.899988302607854,4.352351034870367,1.1913819790439841,0.32612052856463497,0.08926994114567709,0.024436126199192113,0.006688973421057972,0.001830992566616357,0.0005012030349006973,0.000137195795752405,3.7555012762173224e-05,1.0280045214448704e-05,2.8139873172284974e-06,7.702811083353274e-07,2.1085133618963e-07,5.771696266708678e-08,1.5799035660451877e-08,4.324716968215835e-09,1.1838176238814206e-09,3.24049915153271e-10,8.87031459850614e-11,2.4280975676002056e-11,6.646503607413128e-12,1.8193671783550613e-12,4.980207828344162e-13,1.3632470844024477e-13,3.731656744432847e-14,1.0214774869205035e-14,2.796120671715239e-15,7.653904183795032e-16,2.0951259309841832e-16,5.73505045434978e-17,1.5698723989582437e-17,4.297258356535815e-18,1.1763012965302841e-18,3.2199244853741316e-19,8.813994953583681e-20,2.412681023877241e-20,6.604303444274792e-21,1.807815602328007e-21,4.948587356103005e-22,1.3545915185955652e-22,3.707963607004067e-23,1.0149918940228928e-23,2.778367465598077e-24,7.60530780526586e-25,2.08182349991587e-25,5.698637314588562e-26,1.5599049220327033e-26,4.2699740858267524e-27,1.168832692051072e-27,3.199480452450656e-28,8.758032894896622e-29,2.397362363296834e-29,6.562371219570557e-30,1.7963373698845322e-30,4.917167649432123e-31,1.345990908944683e-31,3.684420902693777e-32,1.0085474796297249e-32,2.7607269786244878e-33,7.55701997619712e-34,2.0686055290080257e-34,5.662455370133797e-35,1.550000730885249e-35,4.242863049158189e-36,1.1614115074404225e-36,3.1791662233421826e-37,8.70242615204867e-38,2.382140964376663e-38,6.520705232098409e-39,1.7849320153495492e-39,4.885947433625265e-40,1.3374449065206703e-40,3.66102767636791e-41,1.0021439822893118e-41,2.743198495114998e-42,7.509038737538151e-43,2.055471482003885e-43,5.626503153073902e-44,1.5401594237000807e-44,4.2159241466277866e-45,1.1540374416187991e-45,3.1589809738947516e-46,8.647172469058698e-47,2.367016209580311e-47,6.479303791457556e-48,1.773599076004633e-48,4.854925442069528e-49,1.3289531646098157e-49,3.637782978956714e-50,9.957811422099724e-51,2.7257813039341184e-51,7.461362142676627e-52,2.0424208260514787e-52,5.590779204817364e-53,1.5303806012126143e-53,4.189156285316751e-54,1.1467101954182947e-54,3.13892388518715e-55,8.592269604269362e-56,2.3519874852922565e-56,6.438165217980015e-57
Ge86,225952664046315.84,153210404100.23706,103884669.2941777,70439.24058374293,47.761490196056315,0.03238478903014277,2.1958581196309757e-05,1.488906683029896e-08,1.0095566243340168e-11,6.8453220699005375e-15,4.6414864814124564e-18,3.147170657150341e-21,2.1339463520777076e-24,1.4469272656694777e-27,9.810923831797958e-31,6.652319623599421e-34,4.510620725756463e-37,3.0584368284780623e-40,2.0737801740628956e-43,1.4061314493379211e-46,9.53430685444096e-50,6.464758841532319e-53,4.383444703135772e-56,2.972204831834794e-59,2.0153103690489236e-62,1.3664858626479251e-65,9.265489035804767e-69,6.282486297096617e-72,4.259854382287181e-75,2.8884041285816174e-78,1.9584891081483192e-81,1.3279580751115863e-84,9.004250480215156e-88,6.105352889521169e-91,4.1397486650875365e-94,2.8069661689020063e-97,1.9032699109992465e-100,1.2905165706119135e-103,8.750377491911055e-107,5.933213721900327e-110,4.0230293038544186e-113,2.7278243357273863e-116,1.8496076077440938e-119,1.2541307216223624e-122,8.503662400239453e-126,5.765927982666904e-129,3.909600820978625e-132,2.650913890243736e-135,1.7974583020800934e-138,1.2187707641531852e-141,8.263903389778613e-145,5.603358830406841e-148,3.7993704308224594e-151,2.5761719189345467e-154,1.746779335351685e-157,1.184407773404194e-160,8.030904335251051e-164,5.445373281921572e-167,3.692247963820173e-170,2.5035372821169555e-173,1.6975292516553243e-176,1.1510136401039897e-179,7.804474641091118e-183,5.291842103446436e-186,3.58814579271838e-189,2.4329505639288852e-192,1.6496677639281375e-195,1.118561047516297e-198,7.584429085535914e-202,5.142639704936177e-205,3.486978760896063e-208,2.3643540237262493e-211,1.6031557209926842e-214,1.0870234490945872e-217,7.37058766911193e-221,4.997644037330949e-224,3.3886641127055467e-227,2.2976915488505084e-230,1.5579550755309086e-233,1.056375046766748e-236,7.162775467393834e-240,4.856736492719088e-243,3.293121425777673e-246,2.2329086087280157e-249,1.5140288529610675e-252,1.026590769832005e-255,6.960822487914425e-259,4.7198018073145275e-262,3.2002725452353754e-265,2.169952210263389e-268,1.4713411211921168e-271,9.976462544528155e-275,6.76456353110906e-278,4.586727967169938e-281,3.1100415197622773e-284,2.1087708544906813e-287,1.4298569612309445e-290,9.695178237250363e-294,6.573838055180893e-297,4.4574061165481766e-300,3.022354539473726e-303,2.049314494446673e-306,1.38954243861824e-309,9.4218246831e-313,6.38849004e-316,4.3317e-319,2.9e-322,0.0,0.0,0.0,0.0,0.0,0.0,0.0,0.0,0.0,0.0,0.0,0.0,0.0,0.0,0.0
Ge87,791532423545.3551,5600856617.478048,39631471.7078045,280430.951370032,1984.3199128740544,14.04098048875098,0.09935350232913723,0.0007030220170859282,4.974559979478674e-06,3.519981791182822e-08,2.4907271922283876e-10,1.7624301243959732e-12,1.247089586153918e-14,8.824363669036611e-17,6.244089841497766e-19,4.41829682127687e-21,3.126371864665984e-23,2.2122101414975458e-25,1.5653524027179155e-27,1.1076380578546737e-29,7.837609378424161e-32,5.545865847887108e-34,3.92423588848779e-36,2.7767760221539755e-38,1.9648373075198863e-40,1.390312223319797e-42,9.837802198250821e-45,6.961195511955668e-47,4.925718364645276e-49,3.4854216299676123e-51,2.466272539217926e-53,1.7451260947608692e-55,1.2348453133979512e-57,8.737723609764886e-60,6.182783629032424e-62,4.3749167529985515e-64,3.095676275293283e-66,2.1904900464324035e-68,1.5499833370221676e-70,1.0967629590279039e-72,7.760657547497482e-75,5.491414992981848e-77,3.885706647997876e-79,2.7495128620931722e-81,1.9455459878091964e-83,1.3766617508378814e-85,9.741211917350398e-88,6.892848556370186e-90,4.877356290384204e-92,3.451200790037031e-94,2.4420579887990867e-96,1.7279919609062924e-98,1.2227212583207976e-100,8.651934206716303e-103,6.122079338029161e-105,4.331962602307907e-107,3.065282063762914e-109,2.168983205307639e-111,1.5347651690922714e-113,1.0859946349491146e-115,7.684461251070743e-118,5.4374987517295293e-120,3.847555698317879e-122,2.7225173793280834e-124,1.926444075646251e-126,1.363145302495169e-128,9.64556998671919e-131,6.8251726502228595e-133,4.829469048432537e-135,3.4173159398401856e-137,2.4180811835777435e-139,1.7110260547481557e-141,1.2107162405918085e-143,8.566987107911208e-146,6.061971058655455e-148,4.289430187427478e-150,3.0351862710633043e-152,2.1476875243366886e-154,1.519696417371957e-156,1.075332037274109e-158,7.609013071095923e-161,5.384111875144497e-163,3.8097793252833496e-165,2.6957869457285216e-167,1.9075297113750344e-169,1.3497615624053666e-171,9.550867095190343e-174,6.758161204963573e-176,4.7820519767545174e-178,3.383763780536375e-180,2.3943397893053855e-182,1.694226724580114e-184,1.1988290914691705e-186,8.482874043372085e-189,6.002452939103241e-191,4.2473153676376873e-193,3.0053859672353188e-195,2.126600930290388e-197,1.504775614851285e-199,1.0647741279516247e-201,7.53430566235743e-204,5.331249165777088e-206,3.7723738511964975e-208,2.6693189589679978e-210,1.888801053598133e-212,1.3365092276018986e-214,9.45709402301653e-217,6.691807696730327e-219,4.735100459087505e-221,3.3505410456737805e-223,2.3708314946517797e-225,1.6775923349127214e-227,1.1870586536860893e-229,8.399586824318321e-232,5.943519185019077e-234,4.205614042873678e-236,2.9758782510869435e-238,2.1057213702951036e-240,1.4900013089238241e-242,1.054319879122269e-244,7.46033175175704e-247,5.27890547720762e-249
Ge88,18613865791.26034,511418.033439764,14.051267364901637,0.00038606013407856176,1.060704513366867e-08,2.914297450997333e-13,8.007064668680278e-18,2.199949925718364e-22,6.044386895736081e-27,1.6607020240888506e-31,4.562797286782462e-36,1.2536336307346805e-40,3.4443723473353264e-45,9.46345134354417e-50,2.600093784892681e-54,7.143786600487418e-59,1.9627633160705373e-63,5.3927140469864595e-68,1.4816541838975342e-72,4.070861353918506e-77,1.1184736858930435e-81,3.073018895205075e-86,8.44315360244468e-91,2.3197658454266448e-95,6.373582468107483e-100,1.751148873833683e-104,4.811301012693295e-109,1.3219103058933914e-113,3.631963271923754e-118,9.978859495832488e-123,2.7417027481344144e-127,7.532858802418387e-132,2.0696613364006515e-136,5.686417547102483e-141,1.5623495473046537e-145,4.2925727626294957e-150,1.1793891420941786e-154,3.240384788812721e-159,8.902993257106313e-164,2.4461073021245297e-168,6.72070702595556e-173,1.8465217322845397e-177,5.0733390023266334e-182,1.3939055350669652e-186,3.8297709650375706e-191,1.0522338333307624e-195,2.891024163360353e-200,7.943121051978314e-205,2.182381345891118e-209,5.9961170272072155e-214,1.647439824009476e-218,4.526359244520102e-223,1.243622238085142e-227,3.4168659346522414e-232,9.387877168683775e-237,2.579329696272205e-241,7.08673703599857e-246,1.9470888847585963e-250,5.34964837257613e-255,1.4698218419419842e-259,4.038351862758778e-264,1.1095416670295341e-268,3.0484780740073263e-273,8.375727423182964e-278,2.301240427661694e-282,6.322683676699795e-287,1.737164374268632e-291,4.7728784445583297e-296,1.3113536625525357e-300,3.6029587769002583e-305,9.89916932307537e-310,2.7198077843e-314,7.4727e-319,2e-323,0.0,0.0,0.0,0.0,0.0,0.0,0.0,0.0,0.0,0.0,0.0,0.0,0.0,0.0,0.0,0.0,0.0,0.0,0.0,0.0,0.0,0.0,0.0,0.0,0.0,0.0,0.0,0.0,0.0,0.0,0.0,0.0,0.0,0.0,0.0,0.0,0.0,0.0,0.0,0.0,0.0,0.0,0.0,0.0,0.0,0.0,0.0,0.0
He8,0.0,0.0,0.0,0.0,0.0,0.0,0.0,0.0,0.0,0.0,0.0,0.0,0.0,0.0,0.0,0.0,0.0,0.0,0.0,0.0,0.0,0.0,0.0,0.0,0.0,0.0,0.0,0.0,0.0,0.0,0.0,0.0,0.0,0.0,0.0,0.0,0.0,0.0,0.0,0.0,0.0,0.0,0.0,0.0,0.0,0.0,0.0,0.0,0.0,0.0,0.0,0.0,0.0,0.0,0.0,0.0,0.0,0.0,0.0,0.0,0.0,0.0,0.0,0.0,0.0,0.0,0.0,0.0,0.0,0.0,0.0,0.0,0.0,0.0,0.0,0.0,0.0,0.0,0.0,0.0,0.0,0.0,0.0,0.0,0.0,0.0,0.0,0.0,0.0,0.0,0.0,0.0,0.0,0.0,0.0,0.0,0.0,0.0,0.0,0.0,0.0,0.0,0.0,0.0,0.0,0.0,0.0,0.0,0.0,0.0,0.0,0.0,0.0,0.0,0.0,0.0,0.0,0.0,0.0,0.0,0.0,0.0
Hg209,0.0,0.0,0.0,0.0,0.0,0.0,0.0,0.0,0.0,0.0,0.0,0.0,0.0,0.0,0.0,0.0,0.0,0.0,0.0,0.0,0.0,0.0,0.0,0.0,0.0,0.0,0.0,0.0,0.0,0.0,0.0,0.0,0.0,0.0,0.0,0.0,0.0,0.0,0.0,0.0,0.0,0.0,0.0,0.0,0.0,0.0,0.0,0.0,0.0,0.0,0.0,0.0,0.0,0.0,0.0,0.0,0.0,0.0,0.0,0.0,0.0,0.0,0.0,0.0,0.0,0.0,0.0,0.0,0.0,0.0,0.0,0.0,0.0,0.0,0.0,0.0,0.0,0.0,0.0,0.0,0.0,0.0,0.0,0.0,0.0,0.0,0.0,0.0,0.0,0.0,0.0,0.0,0.0,0.0,0.0,0.0,0.0,0.0,0.0,0.0,0.0,0.0,0.0,0.0,0.0,0.0,0.0,0.0,0.0,0.0,0.0,0.0,0.0,0.0,0.0,0.0,0.0,0.0,0.0,0.0,0.0,0.0
Hg210,0.0,0.0,0.0,0.0,0.0,0.0,0.0,0.0,0.0,0.0,0.0,0.0,0.0,0.0,0.0,0.0,0.0,0.0,0.0,0.0,0.0,0.0,0.0,0.0,0.0,0.0,0.0,0.0,0.0,0.0,0.0,0.0,0.0,0.0,0.0,0.0,0.0,0.0,0.0,0.0,0.0,0.0,0.0,0.0,0.0,0.0,0.0,0.0,0.0,0.0,0.0,0.0,0.0,0.0,0.0,0.0,0.0,0.0,0.0,0.0,0.0,0.0,0.0,0.0,0.0,0.0,0.0,0.0,0.0,0.0,0.0,0.0,0.0,0.0,0.0,0.0,0.0,0.0,0.0,0.0,0.0,0.0,0.0,0.0,0.0,0.0,0.0,0.0,0.0,0.0,0.0,0.0,0.0,0.0,0.0,0.0,0.0,0.0,0.0,0.0,0.0,0.0,0.0,0.0,0.0,0.0,0.0,0.0,0.0,0.0,0.0,0.0,0.0,0.0,0.0,0.0,0.0,0.0,0.0,0.0,0.0,0.0
Ho174,0.0,0.0,0.0,0.0,0.0,0.0,0.0,0.0,0.0,0.0,0.0,0.0,0.0,0.0,0.0,0.0,0.0,0.0,0.0,0.0,0.0,0.0,0.0,0.0,0.0,0.0,0.0,0.0,0.0,0.0,0.0,0.0,0.0,0.0,0.0,0.0,0.0,0.0,0.0,0.0,0.0,0.0,0.0,0.0,0.0,0.0,0.0,0.0,0.0,0.0,0.0,0.0,0.0,0.0,0.0,0.0,0.0,0.0,0.0,0.0,0.0,0.0,0.0,0.0,0.0,0.0,0.0,0.0,0.0,0.0,0.0,0.0,0.0,0.0,0.0,0.0,0.0,0.0,0.0,0.0,0.0,0.0,0.0,0.0,0.0,0.0,0.0,0.0,0.0,0.0,0.0,0.0,0.0,0.0,0.0,0.0,0.0,0.0,0.0,0.0,0.0,0.0,0.0,0.0,0.0,0.0,0.0,0.0,0.0,0.0,0.0,0.0,0.0,0.0,0.0,0.0,0.0,0.0,0.0,0.0,0.0,0.0
I137,951153558941223.9,958247529884922.2,956887577030981.6,949348664838034.5,937334131138955.6,922119866739619.1,904661634512425.4,885675028160305.2,865695206136035.0,845121622250091.6,824251587622801.4,803305493456588.8,782445791537109.9,761791292333574.0,741427944754439.8,721416968529557.5,701800992315868.1,682608688125963.9,663858271150416.5,645560142951127.1,627718887595338.4,610334778850699.1,593404917818897.0,576924091181387.4,560885418199128.2,545280837976382.75,530101475936444.5,515337918964674.06,500980421498823.94,487019059421204.0,473443844504073.0,460244809055891.94,447412068067994.7,434935864384625.0,422806601074963.06,411014864168438.06,399551438144761.8,388407315987454.3,377573705168683.5,367042030599502.1,356803935326991.94,346851279568678.4,337176138529911.44,327770799340442.7,318627757363594.25,309739712068741.7,301099562610420.44,292700403221504.0,284535518500786.94,276598378654799.75,268882634738196.6,261382113925355.2,254090814836993.94,247002902938954.84,240112706025278.06,233414709793924.47,226903553520668.75,220574025834553.47,214421060596719.03,208439732883243.84,202625255071748.47,196972973030891.06,191478362411404.7,186137025036999.6,180944685393218.72,175897187212177.72,170990490151012.44,166220666561800.78,161583898350694.88,157076473923990.44,152694785218874.9,148435324816615.16,144294683135979.88,140269545704729.61,136356690507051.3,132552985404859.53,128855385630934.42,125260931351916.39,121766745299225.81,118370030466028.11,115068067868410.42,111858214368986.03,108737900561193.28,105704628712597.02,102755970765553.7,99889566393638.8,97103121112286.16,94394404442125.84,91761248123553.44,89201544381102.0,86713244236227.12,84294355867156.4,81942943014489.62,79657123431275.33,77435067376321.03,75274996149533.23,73175180668113.88,71133940082473.97,69149640430756.375,67220693330890.87,65345554709134.6,63522723564080.22,61750740765142.016,60028187884558.71,58353686061977.81,56725894900712.81,55143511394788.8,53605268885919.53,52109936049578.94,50656315909356.96,49243244878809.85,47869591830038.64,46534257188249.41,45236172051571.5,43974297335428.24,42747622940775.97,41555166945544.836,40395974818635.266,39269118655839.25,38173696437076.78,37108831304351.13,36073670859846.18
I138,516475030087906.94,470405362260159.0,425922908666370.75,384150360290731.0,345575323150753.2,310330348249160.2,278350542223184.12,249466229877478.66,223457601982034.9,200086551588202.38,179114784114881.7,160313700551082.44,143469388347718.16,128384739235803.36,114879913202850.33,102791881504205.31,91973486234651.38,82292274933020.16,73629260422490.83,65877690870596.19,58941875993048.96,52736092136738.89,47183575396933.26,42215604141545.336,37770668015033.73,33793718269785.973,30235493271471.844,27051912731790.11,24203534327275.34,21655066680956.902,19374933104798.63,17334880960841.662,15509631961246.492,13876569171937.465,12415456901096.453,11108190037919.5,9938569757765.656,8892102827880.19,7955822035039.099,7118125514974.275,6368632995697.234,5698057175231.789,5098088641074.609,4561292906060.082,4081018285175.4062,3651313472041.918,3266853793871.21,2922875231182.3687,2615115384746.043,2339760658284.636,2093399002466.403,1872977634635.282,1675765210369.948,1499317978126.9944,1341449497577.5835,1200203546405.0981,1073829879840.3439,960762542560.0082,859600464201.3755,769090098043.4633,688109887722.502,615656369501.6411,550831737881.6565,492832720472.33527,440940624267.8868,394512429985.12445,352972824110.1978,315807069919.23303,282554629134.364,252803455178.10373,226184887311.10043,202369082384.1457,181060927597.13235,161996383618.0444,144939212747.8536,129678051588.47711,116023791939.85732,103807237471.62955,92877007132.09889,83097659314.6836,74348013537.494,66519648839.18988,59515560284.03719,53248956928.28803,47642186352.92216,42625772436.13129,38137554442.1337,34121916758.36577,30529099736.362183,27314583096.632233,24438534257.01212,21865314748.471924,19563038602.143917,17503177235.33886,15660205940.508146,14011287596.630392,12535989683.74221,11216031094.007706,10035055601.943869,8978429186.765217,8033058695.374084,7187229598.964431,6430460832.805467,5753374920.456588,5147581773.062045,4605574723.827962,4120637509.396077,3686761045.47689,3298568965.470084,2951250999.386363,2640503367.537671,2362475450.386117,2113722073.7126963,1891160817.8489625,1692033821.9703352,1513873610.1501606,1354472515.7091231,1211855324.9827952,1084254801.5234447,970089787.4449943,867945610.5546479,776556554.4867617
I139,279699756868709.84,208158964690965.72,153828785796938.25,113534856107728.83,83776229197007.4,61815043870967.805,45610436360565.61,33653765472843.31,24831501956939.438,18321975319960.633,13518907447032.275,9974953850780.893,7360040349865.016,5430621009289.599,4006994954421.517,2956569522576.731,2181510943052.4998,1609632365590.3499,1187670573281.924,876325191263.4557,646598356580.3479,477093936018.9114,352024748392.21545,259742189378.174,191651312162.2876,141410317443.84396,104339895479.74312,76987407888.72804,56805318293.3855,41913921703.620445,30926273901.043957,22819015222.805523,16837057623.066996,12423257823.990551,9166526504.60128,6763540558.362778,4990492403.164446,3682245151.209784,2716952207.9645534,2004708811.3995314,1479178546.7267077,1091414952.9622016,805302782.5379678,594194325.268561,438427513.02639925,323494648.1382762,238691195.8415481,176118793.0006039,129949616.02429736,95883593.21088713,70747907.75304705,52201490.2009881,38516977.61459941,28419831.672458082,20969631.635497484,15472486.114497252,11416405.911396949,8423618.736465368,6215384.523643645,4586034.338130419,3383814.93059771,2496754.8518626816,1842235.7363376007,1359297.451933419,1002960.4389859074,740036.4362781693,546037.416563534,402894.8382418637,297276.7904872147,219346.2952963606,161845.11808468102,119417.75543759982,88112.63807347555,65014.0924171379,47970.78268499313,35395.341315327416,26116.525866492706,19270.132678161848,14218.507290450318,10491.155040032301,7740.920465534279,5711.654191085426,4214.355869407846,3109.5712029857946,2294.40354969291,1692.9304091151498,1249.1322071439365,921.6747850490949,680.0596482397876,501.7834193428528,370.2419347760301,273.1837780654853,201.56921620258308,148.72826347245334,109.73945710688336,80.97148561372133,59.74497829078313,44.082955918512525,32.52670028693127,23.99989314490493,17.70837084259299,13.06615808684841,9.640891794511095,7.11355196957443,5.248749047535843,3.8728003509133817,2.8575537565615323,2.1084519551112666,1.5557256400879882,1.1478953842699533,0.8469769857066433,0.6249437223523202,0.46111601932339313,0.3402354094802477,0.25104340125517544,0.18523289333712292,0.13667447382600578,0.10084554346197133,0.07440909301825521,0.054902903328467326,0.04051022088329317,0.029890550344762873
I140,49566397483252.62,25321172272358.113,11635113298709.37,5230083606281.468,2339409301107.5083,1045240012901.5287,466889678900.0116,208538852589.3524,93143775516.50873,41602493056.55172,18581662563.395336,8299457614.927471,3706933861.111049,1655693561.1612222,739511754.4201126,330301239.01604295,147528295.3007001,65893176.72152663,29431037.141595453,13145305.634444207,5871320.789394884,2622412.043555035,1171294.3599682215,523155.9552455083,233666.41457768658,104366.57129510916,46615.09110576834,20820.52415667424,9299.43964230531,4153.573512853063,1855.1841390733252,828.6137657655534,370.09844918097014,165.3036284759408,73.83248875477021,32.97711275900197,14.729152223649907,6.578742257180456,2.9383802291702397,1.312420829643352,0.5861897711475352,0.2618203247287514,0.11694145107116825,0.052231632486126514,0.02332913955809812,0.010419906991530057,0.004654027699639191,0.0020787108605302726,0.0009284514662475045,0.00041469073046418887,0.00018522066923752306,8.272838959866398e-05,3.6950446587641633e-05,1.6503832718728588e-05,7.371399253909824e-06,3.292418669445186e-06,1.4705512917593788e-06,6.56818381502978e-07,2.9336643250576386e-07,1.3103144818240552e-07,5.852489756966686e-08,2.6140012058570222e-08,1.1675376784877068e-08,5.214780420277371e-09,2.3291697846473e-09,1.0403183736402459e-09,4.646558295866657e-10,2.0753746683660397e-10,9.26961363624105e-11,4.140251795249869e-11,1.849234024280321e-11,8.259561605599428e-12,3.6891143587541315e-12,1.6477345168948834e-12,7.359568650194189e-13,3.2871345572702116e-13,1.4681911551045772e-13,6.557642318473907e-14,2.9289559896563205e-14,1.308211514552396e-14,5.843096901596972e-15,2.6098059084225153e-15,1.1656638584541596e-15,5.206411045821959e-16,2.3254316226295603e-16,1.0386487320982974e-16,4.639100879988557e-17,2.0720438305675265e-17,9.254736525159453e-18,4.133606967506146e-18,1.846266127119265e-18,8.246305560599727e-19,3.6831935764797385e-19,1.6450900129918283e-19,7.347757033807765e-20,3.281858925742543e-20,1.465834806311558e-20,6.54711774031631e-21,2.9242552108190143e-21,1.3061119224028228e-21,5.83371912113309e-22,2.605617344160328e-22,1.1637930457766778e-22,5.198055103653841e-23,2.3216994601123117e-23,1.0369817702195644e-23,4.63165543276511e-24,2.06871833854132e-24,9.23988329084798e-25,4.1269728042673545e-25,1.8433029932350206e-25,8.233070790667307e-26,3.677282296665635e-26,1.6424497533409985e-26,7.335964374277129e-27,3.2765917612512854e-27,1.4634822393010468e-27,6.536610053404059e-28,2.9195619764179274e-28,1.3040156999584848e-28,5.82435639138082e-29,2.601435502264167e-29
I141,14725380059397.889,2941241008497.624,586899763584.5111,117088461141.28812,23358674356.812866,4659927711.327412,929628792.6001029,185455550.8975013,36997304.5723185,7380747.167130092,1472416.1467795046,293738.460265893,58599.11494575773,11690.182719925779,2332.123482605155,465.24507515568376,92.81368742739186,18.51579099679201,3.6937926478255942,0.7368901564882833,0.14700530173207632,0.029326702965236873,0.005850506727837085,0.0011671420757062415,0.00023283805800997432,4.6449838786808696e-05,9.266472765496485e-06,1.8486074388286911e-06,3.6878643572095743e-07,7.35707496979142e-08,1.4676936803631873e-08,2.927963556471833e-09,5.841117055096785e-10,1.1652688905887607e-10,2.3246436847026367e-11,4.637528989637284e-12,9.251600695302804e-13,1.8456405472954663e-13,3.6819455811042366e-14,7.345267355595618e-15,1.4653381299839266e-15,2.9232643704235547e-16,5.831742452154406e-17,1.1633987118083429e-17,2.320912786773177e-18,4.630086065192944e-19,9.236752493788981e-20,1.8426784174250914e-20,3.676036304239431e-21,7.333478691832366e-22,1.4629863601057768e-22,2.918572726255182e-23,5.822382894823941e-24,1.1615315345400226e-24,2.317187876685831e-25,4.622655086145474e-26,9.221928122647381e-27,1.8397210415754198e-27,3.670136511369513e-28,7.321708948087485e-29,1.460638364661284e-29,2.9138886118625004e-30,5.813038358958168e-31,1.1596673539665705e-31,2.3134689448305142e-32,4.6152360333233106e-33,9.20712754363182e-34,1.8367684121165582e-34,3.6642461872732945e-35,7.309958093995597e-36,1.4582941375927341e-36,2.909212015160721e-37,5.803708820448651e-38,1.1578061652784906e-38,2.3097559816125592e-39,4.607828887585655e-40,9.192350718557564e-41,1.833820521430874e-41,3.658365316754039e-42,7.29822609924009e-43,1.4559536728521383e-43,2.90454292408446e-44,5.794394255225643e-45,1.1559479636740131e-45,2.306048977452713e-46,4.600433629822446e-47,9.177597609301117e-48,1.830877361912955e-48,3.652493884639391e-49,7.286512933553005e-50,1.453616964401218e-50,2.899881326587697e-51,5.7850946392580345e-52,1.1540927443590657e-52,2.3023479227870773e-53,4.5930502409542637e-54,9.162868177800174e-55,1.8279389259695886e-55,3.646631875781333e-56,7.274818566714916e-57,1.4512840062113666e-57,2.8952272106437164e-58,5.775809948553236e-59,1.1522405025472704e-59,2.298652808067113e-60,4.585678701932331e-61,9.148162386053482e-62,1.825005206019748e-62,3.640779275056159e-63,7.263142968554911e-64,1.4489547922636694e-64,2.890580564245133e-65,5.766540159157189e-66,1.1503912334599311e-66,2.294963623759596e-67,4.578318993738427e-68,9.133480196120857e-69,1.8220761944945835e-69,3.63493606736445e-70,7.251486108950542e-71,1.4466293165488687e-71,2.885941375403828e-72
I142,2115939406359.821,93304409970.33997,4113273252.6272974,181297790.80903465,7989883.704905344,352085.38369713456,15514.110702821443,683.5738832143378,30.118242885417406,1.3269775771553154,0.058464237705638536,0.002575798341670996,0.00011348273184200947,4.999713506342689e-06,2.202716588358953e-07,9.704447725403384e-09,4.275452687779952e-10,1.883617559417239e-11,8.298562928632963e-13,3.656055026908533e-14,1.6107284220687393e-15,7.096296529744794e-17,3.1263750066651255e-18,1.3773689931721514e-19,6.0681942538695064e-21,2.6734286984503524e-22,1.177816697546967e-23,5.189037233076923e-25,2.2861033074536952e-26,1.0071749285758243e-27,4.4372505645580223e-29,1.9548930152943922e-30,8.612555482968952e-32,3.794382143058995e-33,1.6716682769526998e-34,7.364769056227076e-36,3.2446522961276554e-37,1.4294770719761584e-38,6.2977617030764896e-40,2.7745672326629217e-41,1.2223745018016176e-42,5.38534227778725e-44,2.3725880569351595e-45,1.0452769381078756e-46,4.6051141241811514e-48,2.028847602147658e-49,8.938372603695589e-51,3.93792538749031e-52,1.7349082483397142e-53,7.643381562388997e-55,3.3673989251664267e-56,1.4835548151704242e-57,6.536008766726735e-59,2.879530312032758e-60,1.268617456587373e-61,5.589072094250265e-63,2.46234408272183e-64,1.0848202133486108e-65,4.7793275665499824e-67,2.105599776561825e-68,9.276515068949428e-70,4.086898791608205e-71,1.8005405703216648e-72,7.932533959564681e-74,3.49478906817391e-75,1.5396783289279283e-76,6.78326877624351e-78,2.988464176331958e-79,1.3166097979925452e-80,5.800509083891971e-82,2.555495613325458e-83,1.1258594263494815e-84,4.960131574049157e-86,2.185255517347519e-87,9.627449604526217e-89,4.241507922158086e-90,1.8686557907581063e-91,8.232625114506738e-93,3.626998434447394e-94,1.5979250191173085e-95,7.039882737391022e-97,3.1015190552303256e-98,1.3664177101793275e-99,6.019944825240031e-101,2.6521711061676848e-102,1.1684511703328215e-103,5.147775474505231e-105,2.267924668890476e-106,9.991660143756224e-108,4.401965982281394e-109,1.9393478391347646e-110,8.54406884627365e-112,3.7642093376314164e-113,1.658375206526013e-114,7.306204514520263e-116,3.218850848585632e-117,1.418109877002363e-118,6.247681914604113e-120,2.752503874282395e-121,1.2126541782208617e-122,5.342518024029647e-124,2.3537212298198346e-125,1.0369648923572549e-126,4.568494239497518e-128,2.0127141979587363e-129,8.867294627715774e-131,3.9066109880111745e-132,1.7211122503979625e-133,7.582601358467953e-135,3.340621353903305e-136,1.4717575806213218e-137,6.4840343955336644e-139,2.8566322739587854e-140,1.2585294048168454e-141,5.544627767555268e-143,2.4427635113713484e-144,1.0761937180714087e-145,4.741322331960671e-147,2.0888560375388977e-148,9.20274817881523e-150,4.054399753774796e-151,1.7862226634919605e-152
I143,6722953682.843504,646497560.7842444,62168968.55419057,5978337.561557785,574893.2438661727,55283.30216215684,5316.193102912488,511.2196269419026,49.160273509899305,4.727385969167331,0.4545983271834309,0.0437154149091774,0.004203793517063304,0.00040424824906313563,3.887361408387419e-05,3.738192745285009e-06,3.594748090761722e-07,3.456807798991602e-08,3.324160652558294e-09,3.196603539033966e-10,3.0739411399688015e-11,2.955985631814787e-12,2.8425563983258803e-13,2.733479753994175e-14,2.6285886780985693e-15,2.5277225589587097e-16,2.4307269480026142e-17,2.3374533232713948e-18,2.2477588619989313e-19,2.161506221918301e-20,2.078563330960075e-21,1.9988031850204596e-22,1.922103653489629e-23,1.8483472922424667e-24,1.7774211638053528e-25,1.709216664423659e-26,1.6436293577651304e-27,1.5805588150045067e-28,1.5199084610445557e-29,1.461585426638011e-30,1.405500406183997e-31,1.3515675209811942e-32,1.299704187728361e-33,1.2498309920708295e-34,1.2018715669993889e-35,1.1557524759153253e-36,1.1114031001825696e-37,1.0687555309947898e-38,1.027744465391828e-39,9.883071062662723e-41,9.503830662070512e-42,9.13914275032813e-43,8.788448908734929e-44,8.451212146639364e-45,8.12691607918624e-46,7.815064136616131e-47,7.515178803906047e-48,7.226800889587231e-49,6.949488822620394e-50,6.682817976251763e-51,6.426380017814612e-52,6.179782283480692e-53,5.942647177004142e-54,5.71461159153725e-55,5.495326353632713e-56,5.284455688581048e-57,5.0816767062644655e-58,4.886678906739937e-59,4.699163704794376e-60,4.5188439727439606e-61,4.3454436007774595e-62,4.17869707417041e-63,4.018349066722723e-64,3.864154049797222e-65,3.715875916360399e-66,3.573287619449806e-67,3.436170824514387e-68,3.3043155750954903e-69,3.177519971336606e-70,3.055589860829562e-71,2.938338541323793e-72,2.8255864748434656e-73,2.717161012774709e-74,2.612896131502007e-75,2.512632178188929e-76,2.41621562631396e-77,2.323498840587076e-78,2.2343398508871328e-79,2.1486021348738613e-80,2.0661544089416639e-81,1.986870427195075e-82,1.910628788138069e-83,1.8373127487812443e-84,1.7668100458822095e-85,1.6990127240454716e-86,1.6338169704185956e-87,1.5711229557315304e-88,1.5108346814356752e-89,1.4528598327086554e-90,1.39710963709969e-91,1.3434987285991322e-92,1.291945016924031e-93,1.2423695618195576e-94,1.1946964521838301e-95,1.1488526898310572e-96,1.1047680777149945e-97,1.0623751124415838e-98,1.0216088809061616e-99,9.824069608969955e-101,9.447093255129221e-102,9.08458251248746e-103,8.73598229607655e-104,8.400758821053e-105,8.078398785354117e-106,7.768408583717759e-107,7.470313551862417e-108,7.183657239670081e-109,6.908000712259096e-110,6.642921877876763e-111,6.38801484158253e-112,6.142889283732092e-113,5.907169862310829e-114
I144,563863371.6510501,15829706.96216501,444397.76567556075,12475.87050154846,350.24331082042346,9.83261061897255,0.27603733917962386,0.007749377614358219,0.00021755337009258187,6.10751871878676e-06,1.7146038640751245e-07,4.813520098855045e-09,1.3513311282883163e-10,3.793680676051058e-12,1.0650249054850885e-13,2.989914402822697e-15,8.393783178370728e-17,2.356441909473533e-18,6.615394220608283e-20,1.8571830910881636e-21,5.213792132113688e-23,1.463702126480332e-24,4.109147163476382e-26,1.1535878855152368e-27,3.238543076373234e-29,9.091774791688792e-31,2.552393681771159e-32,7.165502507498019e-34,2.0116186053764037e-35,5.647349099748566e-37,1.585417423024051e-38,4.450846513703453e-40,1.249515389502923e-41,3.507846661972457e-43,9.847808444205276e-45,2.764639977142824e-46,7.761355479770496e-48,2.1788963257927852e-49,6.116958836542932e-51,1.7172540503663695e-52,4.820960140981332e-54,1.3534198202049507e-55,3.7995443981221955e-57,1.0666710667142149e-58,2.9945357794149116e-60,8.406757072561144e-62,2.3600841560445622e-63,6.6256193387489636e-65,1.8600536556957985e-66,5.221850856769231e-68,1.4659645052089323e-69,4.1154984879481804e-71,1.1553709345704675e-72,3.243548747154935e-74,9.10582754021036e-76,2.5563388022080134e-77,7.176577903344887e-79,2.014727874031902e-80,5.656077953963569e-82,1.5878679316274818e-83,4.457725987535384e-85,1.2514467093986371e-86,3.5132685832279296e-88,9.863029760034793e-90,2.768913157159011e-91,7.773351858832101e-93,2.1822641481181885e-94,6.126413545465704e-96,1.7199083329316966e-97,4.828411682847032e-99,1.3555117405189964e-100,3.8054171834855315e-102,1.0683197723409178e-103,2.99916429906164e-105,8.419751019917898e-107,2.36373203227275e-108,6.635860261396124e-110,1.8629286572063977e-111,5.229922037434029e-113,1.4682303807948614e-114,4.121859629377345e-116,1.1571567396046493e-117,3.2485621549774525e-119,9.11990200943504e-121,2.560290020440584e-122,7.187670417934378e-124,2.017841948544511e-125,5.664820299977041e-127,1.5903222278721525e-128,4.464616094661456e-130,1.253381014448888e-131,3.518698884903896e-133,9.878274602769479e-135,2.773192942037885e-136,7.785366780158747e-138,2.1856371759354996e-139,6.135882868107981e-141,1.722566718102534e-142,4.835874742226779e-144,1.3576068942204456e-145,3.8112990461498035e-147,1.0699710262979625e-148,3.003799972803597e-150,8.432765051436295e-152,2.3673855468596165e-153,6.646117012978113e-155,1.8658081024778854e-156,5.238005693360779e-158,1.470499758643058e-159,4.128230602937518e-161,1.1589453048775802e-162,3.2535833117995877e-164,9.133998232935565e-166,2.5642473458939667e-167,7.198780077726162e-169,2.0209608363424228e-170,5.673576158642628e-172,1.5927803176124488e-173,4.471516851517095e-175,1.2553183092677021e-176,3.524137579953609e-178,9.89354300877385e-180
I145,298472.3588339739,1272.2990161621415,5.42343281920985,0.023118483289571324,9.854722782166883e-05,4.200775626019006e-07,1.7906658817525075e-09,7.633076806606804e-12,3.253753931947172e-14,1.3869786611472587e-16,5.912278084675624e-19,2.520228546387449e-21,1.074298575787419e-23,4.579415750183509e-26,1.9520689206590294e-28,8.321090023001752e-31,3.5470335313531505e-33,1.5119950436499386e-35,6.445185792054938e-38,2.7473912741029063e-40,1.1711312996316575e-42,4.99218489155601e-45,2.1280201459322708e-47,9.071117836907933e-50,3.866748111776955e-52,1.648279873412738e-54,7.026127543252369e-57,2.9950294880345163e-59,1.2766921151055605e-61,5.44215929520733e-64,2.319830869478091e-66,9.888749981506099e-69,4.215280410452367e-71,1.7968488405485254e-73,7.659432923548004e-76,3.2649887617937778e-78,1.3917677354241614e-80,5.9326924859107446e-83,2.52893059930399e-85,1.0780080024852752e-87,4.595227934456267e-90,1.9588091851753823e-92,8.349821768702864e-95,3.559281021181336e-97,1.5172157847998826e-99,6.467440260960066e-102,2.7568776932151557e-104,1.1751750783422112e-106,5.009422319152703e-109,2.1353679493463333e-111,9.102439340484307e-114,3.880099538468736e-116,1.6539711900595064e-118,7.0503879357344e-121,3.00537097278948e-123,1.281100382903222e-125,5.460950431525131e-128,2.3278409727731175e-130,9.922894672764731e-133,4.229835278201339e-135,1.8030531483744604e-137,7.68588004506285e-140,3.2762623841871922e-142,1.396573345811588e-144,5.953177375673631e-147,2.537662699386331e-149,1.0817302373974768e-151,4.6110947163426024e-154,1.9655727230327906e-156,8.378652721744455e-159,3.571570800152205e-161,1.5224545525553192e-163,6.489771571930312e-166,2.766396867817471e-168,1.1792328197453058e-170,5.026719265560626e-173,2.1427411238618498e-175,9.133868993530667e-178,3.893497066067409e-180,1.6596821581536308e-182,7.074732096499808e-185,3.015748165475639e-187,1.2855238719313855e-189,5.47980645142768e-192,2.3358787340132103e-194,9.957157261628455e-197,4.244440402197677e-199,1.8092788789459816e-201,7.712418485379338e-204,3.287574933073479e-206,1.4013955494067669e-208,5.973732997352796e-211,2.546424950383768e-213,1.0854653247492689e-215,4.627016284361599e-218,1.9723596145913478e-220,8.407583224677731e-223,3.583903014285158e-225,1.5277114091599821e-227,6.512179990292215e-230,2.775948911010676e-232,1.1833045720524662e-234,5.044075936291191e-237,2.150139757082234e-239,9.165407169474384e-242,3.906940853753984e-244,1.6654128455492576e-246,7.099160314790692e-249,3.026161189388305e-251,1.2899626347471846e-253,5.498727578950451e-256,2.343944248698038e-258,9.991538155184018e-261,4.259095955970361e-263,1.815526106233341e-265,7.739048559810688e-268,3.2989265428612947e-270,1.4062344035041177e-272,5.994359595177337e-275,2.555217456403912e-277,1.0892133089186355e-279,4.642992827683415e-282
In127,14927246956855.3,9588816347265.97,5335193346200.7,2864368012836.2446,1522628185707.5498,807091386017.8622,427458782549.1631,226340481022.3133,119839557477.16882,63449681787.85285,33593571099.192158,17786158770.486908,9416899678.5566,4985786312.886635,2639729102.108093,1397606959.4429097,739964265.5552638,391774747.57699317,207425493.2824601,109821614.39940986,58145152.739603296,30785003.531197906,16299147.869782904,8629598.532014584,4568948.721656531,2419034.0192167005,1280759.7420366744,678099.3999220389,359020.3385401705,190083.64186772297,100639.95553180622,53283.91517504788,28211.216920544088,14936.45422869921,7908.119155383239,4186.960815343768,2216.7901778883333,1173.681557938992,621.4067588292472,329.0043686097879,174.1916595311268,92.22593115836607,48.829102385971495,25.852612273716304,13.68768887234601,7.246959211801654,3.8369090872325926,2.0314549748967132,1.0755556676504705,0.569453917763483,0.30149789007625905,0.15962832967669713,0.08451536303928116,0.04474673514487207,0.023691199257994202,0.012543326802833939,0.006641075682549163,0.003516123506515148,0.0018616147600237583,0.000985633612788847,0.0005218446047595781,0.0002762910963904189,0.00014628257003785497,7.744943856837947e-05,4.100567506439704e-05,2.171049162612538e-05,1.1494639361694183e-05,6.085847171531309e-06,3.222157270863408e-06,1.705974071571296e-06,9.032295099902716e-07,4.782156782522771e-07,2.531917219232003e-07,1.3405258540397907e-07,7.097426217963762e-08,3.757738708853292e-08,1.989538146698139e-08,1.0533627651761258e-08,5.577038655433441e-09,2.9527681433659054e-09,1.563345755185359e-09,8.277148193119123e-10,4.382343572022691e-10,2.3202357545336507e-10,1.228450911741627e-10,6.504044425701701e-11,3.443572184054727e-11,1.823202396947973e-11,9.652961525327515e-12,5.110769180944219e-12,2.7059013497935877e-12,1.4326419087981635e-12,7.585135500233262e-13,4.0159568279811204e-13,2.1262519626329959e-13,1.1257460182592187e-13,5.960272441358022e-14,3.155671616777756e-14,1.6707731820842393e-14,8.845923673206112e-15,4.6834822626595725e-15,2.4796739057433823e-15,1.3128655846201445e-15,6.950978672186615e-16,3.6802019237310307e-16,1.948486225922053e-16,1.0316277887162589e-16,5.4619626266435405e-17,2.891841036191414e-17,1.5310878433709938e-17,8.106358388239139e-18,4.291918755875863e-18,2.272360254114096e-18,1.2031031848886266e-18,6.369840657389348e-19,3.3725178779479743e-19,1.7855826305300746e-19,9.453783332916374e-20,5.005314107429207e-20,2.650068066061889e-20,1.4030809263972523e-20,7.428624612443426e-21
In127_m1,2268013305972.4663,1877677819786.785,1554520860012.1196,1286980694316.9968,1065485417501.4059,882110493126.4192,730295233799.1128,604608076500.0789,500552255103.00903,414404917544.42426,343083931665.9561,284037614381.71686,235153438961.4276,194682454208.5903,161176711444.55087,133437460595.42828,110472261969.94374,91459479296.88063,75718883673.55379,62687316709.496254,51898542154.67266,42966565154.8348,35571822339.49225,29449748659.04578,24381311921.658184,20185176379.71759,16711214998.99168,13835138295.998962,11454047577.089197,9482753485.46127,7850728143.114606,6499581843.141591,5380974014.842941,4454883721.322525,3688177812.3739395,3053425504.818602,2527916979.0015135,2092850879.328649,1732661649.6862726,1434462637.5179586,1187585042.2427013,983196212.7636397,813983637.7252127,673893322.4955901,557913192.6696701,461893774.8220546,382399738.9244119,316586990.9933153,262100918.6567808,216992149.12522736,179646805.6017884,148728766.88410455,123131864.35331824,101940306.0803857,84395912.12510282,69870988.79035589,57845871.34155684,47890331.72700435,39648186.114794776,32824551.543187592,27175295.75985639,22498302.792165205,18626241.75283764,15420580.167316856,12766627.634929027,10569432.498679645,8750384.716986893,7244403.396761638,5997608.364936332,4965392.473206828,4110825.6679645306,3403333.727108606,2817604.392309372,2332681.7609232096,1931216.5372101495,1598845.3187535927,1323676.7105324902,1095865.8811172608,907262.3396945627,751118.3322806411,621847.4242830221,514824.6321099617,426220.953046076,352866.37329486496,292136.4529650669,241858.43030073933,200233.48580374653,165772.38505709672,137242.19771338653,113622.18638956557,94067.28728511128,77877.87595321506,64474.73652133579,53378.3388236342,44191.682033905345,36586.090987925425,30289.45702383047,25076.502627768074,20760.72157865759,17187.706230982523,14229.623202800905,11780.639823171747,9753.137708943868,8074.578002335716,6684.906115497065,5534.403130427775,4581.9069828195,3793.3397883119846,3140.4886226512203,2599.996135171056,2152.5248823215343,1782.065483227534,1475.363844847117,1221.4469643056027,1011.2303428216183,837.192965496027,693.1082185690213,573.8211170507045,475.0638724976086,393.3032024202794,325.6139184417271,269.5742705132595
In128,4767517006036.003,2764435925371.8037,1268083521978.1763,560401107501.1471,245946427134.01257,107797269581.30263,47235104193.851036,20696688211.19294,9068444071.383013,3973414950.3409524,1740984540.0503848,762826688.4235165,334238780.2986376,146449467.06593266,64168036.91869379,28115752.44432461,12319147.87261669,5397735.828248416,2365062.2894381615,1036271.4684273303,454050.855688716,198946.11193390348,87169.87306098541,38194.19588352054,16735.100648456155,7332.62180903238,3212.848474816759,1407.7359491549357,616.8110690798057,270.2608363221527,118.41700532144498,51.88538354326746,22.734006979185438,9.961091892067461,4.3645342316054565,1.9123565232869375,0.8379147185226375,0.36713921644176867,0.16086506331710212,0.07048434881681903,0.030883296383241807,0.013531769981643987,0.0059290561656326875,0.002597864659457956,0.0011382757390594616,0.000498744864715818,0.00021852915909982836,9.575034602930414e-05,4.195380059346357e-05,1.838240233301533e-05,8.054400572840944e-06,3.5291017687751303e-06,1.5463049275656773e-06,6.775262051577996e-07,2.9686367190085236e-07,1.3007325624243785e-07,5.699266562720947e-08,2.4971804574806617e-08,1.0941601289563437e-08,4.794152477893297e-09,2.1005972867256114e-09,9.20393955208117e-10,4.03278171469092e-10,1.7669964330293797e-10,7.742240010076631e-11,3.392326054154222e-11,1.4863755247468293e-11,6.5126764506050455e-12,2.8535826810987037e-12,1.2503206906754842e-12,5.478382805888453e-13,2.400398425114436e-13,1.0517542865202219e-13,4.608347796099416e-14,2.019185439222454e-14,8.847226855184208e-15,3.876485116554435e-15,1.6985137947562179e-15,7.442177705409115e-16,3.2608512906919233e-16,1.4287687772194435e-16,6.260267754571472e-17,2.7429877376798302e-17,1.201862607804215e-17,5.266059735504924e-18,2.3073673278321715e-18,1.0109919471008248e-18,4.42974425776848e-19,1.940928831876828e-19,8.504339102204751e-20,3.726246031151665e-20,1.6326853054429452e-20,7.153744772417653e-21,3.134472031951612e-21,1.3733946669397999e-21,6.017641542024773e-22,2.6366790697527552e-22,1.155282591746579e-22,5.0619655691272554e-23,2.21794179243121e-23,9.718094142353306e-24,4.258062771616708e-24,1.8657051785503244e-24,8.174740486382932e-25,3.5818296903497426e-25,1.5694080995037926e-25,6.876490497088944e-26,3.0129907938862585e-26,1.3201666646505832e-26,5.78441867791661e-27,2.534490556181893e-27,1.1105078551625207e-27,4.865781383046344e-28,2.1319820798688093e-28,9.341454601143634e-29,4.0930350629681345e-29,1.7933969324901024e-29,7.857915966966019e-30,3.4430104248123736e-30,1.5085832980654405e-30,6.609981633517772e-31,2.896217746243866e-31
In128_m1,4762762204711.965,1818702577917.386,694487552549.0106,265196171436.57242,101267487209.0709,38669879395.64604,14766433074.285532,5638692158.990917,2153184124.013918,822212268.586633,313968976.02706254,119891811.00025839,45781741.00769337,17482159.892396618,6675716.295978397,2549180.8986241957,973427.1149037897,371711.69317223376,141941.37468075874,54201.560554427335,20697.341935307446,7903.461797135366,3018.0063011965876,1152.4522124423577,440.07399899619105,168.0461215672196,64.16988742393103,24.50383509953751,9.357004643293228,3.5730544030743823,1.364402204981267,0.5210089651464477,0.19895184922154197,0.07597151096535412,0.029010388699287255,0.011077871715195139,0.004230182608388681,0.0016153323815592548,0.0006168288569244059,0.00023554151645706518,8.99435967563578e-05,3.434575237162033e-05,1.3115227192526962e-05,5.008164690948177e-06,1.9124116725901326e-06,7.302711933713503e-07,2.7886046896259037e-07,1.0648531922919835e-07,4.066235437933451e-08,1.5527277146174113e-08,5.929227150128604e-09,2.2641274620698366e-09,8.645769566085207e-10,3.3014630422578017e-10,1.260692658540227e-10,4.814065639851307e-11,1.8382932452094922e-11,7.019684209140166e-12,2.680528067241865e-12,1.0235831848269887e-12,3.9086422897956005e-13,1.4925493869031138e-13,5.699430920452325e-14,2.176377753530017e-14,8.310689597207104e-15,3.1735098132252525e-15,1.2118325942556552e-15,4.627489193133805e-16,1.7670473903801073e-16,6.747625655144044e-17,2.5766401189819883e-17,9.839126593642942e-18,3.757156904161695e-18,1.4347033619437693e-18,5.478540793685654e-19,2.092028918606116e-19,7.988596162920885e-20,3.050515606483819e-20,1.1648661761866952e-20,4.448143800804412e-21,1.698562777177211e-21,6.486111144811033e-22,2.476778506400342e-22,9.457796255425462e-23,3.611542565392458e-23,1.3790992477935088e-23,5.2662116002444134e-24,2.0109491512608857e-24,7.678985950297153e-25,2.9322882275709627e-25,1.1197200131898306e-25,4.2757492123358894e-26,1.6327323894756143e-26,6.2347320276681604e-27,2.380787182724761e-27,9.091244955312759e-28,3.471571732123811e-28,1.325650155784027e-28,5.062111548117485e-29,1.9330117538008412e-29,7.381375153065832e-30,2.818642930813304e-30,1.076323558507113e-30,4.110036038737074e-31,1.569453358723067e-31,5.993095491113992e-32,2.288516149013417e-32,8.738899909171467e-33,3.3370256817038225e-33,1.2742725647497027e-33,4.865921704398506e-34,1.858094938894585e-34,7.095298715605727e-35,2.7094021306374346e-35,1.0346089995276512e-35,3.950745331597467e-36,1.5086268031947487e-36,5.760823946597787e-37,2.1998212197619505e-37,8.400210531989769e-38,3.2076941684100915e-38,1.2248861905149022e-38
In129,9979919037780.824,3668203030022.4814,1184015358969.3015,380167467999.39355,122036396190.00241,39174025739.21504,12574957350.04192,4036591021.6291385,1295755197.978394,415940457.30192924,133517861.90611343,42859546.659543745,13758014.945526903,4416355.047766841,1417660.3227282905,455072.28673799796,146079.27077927024,46891.788345016816,15052.3739779363,4831.847331233853,1551.0343196743058,497.8856523997876,159.82246151562615,51.303384786841264,16.468506776998648,5.286429279294119,1.6969561905886013,0.5447269150191836,0.17485861661720048,0.05613002582074417,0.01801786986302562,0.005783778461775572,0.0018566064440029,0.0005959750206018258,0.00019130937864007098,6.141075899236762e-05,1.9712997589699667e-05,6.3279184355920795e-06,2.0312766511181904e-06,6.520445665308056e-07,2.0930783431606914e-07,6.718830545459853e-08,2.1567603547240287e-08,6.923251295350163e-09,2.2223798946221277e-09,7.133891556612726e-10,2.289995912249898e-10,7.35094055818702e-11,2.35966915054048e-11,7.574593286312311e-12,2.43146220053375e-12,7.805050659693813e-13,2.5054395576050534e-13,8.042519709998212e-14,2.581667679404696e-14,8.287213767840818e-15,2.6602150455602697e-15,8.539352654431433e-16,2.741152219195398e-16,8.799162879051001e-17,2.824551910320229e-17,9.06687784253643e-18,2.9104890411505228e-18,9.342738046956609e-19,2.999040813414159e-19,9.626991311667707e-20,3.090286777705379e-20,9.919892995941996e-21,3.184308904949166e-21,1.0221706228370125e-21,3.2811916600399255e-22,1.0532702143243127e-22,3.38102207772064e-23,1.0853160124126117e-23,3.483889840770624e-24,1.1183368054842969e-24,3.5898873605721635e-25,1.1523622578097036e-25,3.6991098601283956e-26,1.1874229361960537e-26,3.811655459607025e-27,1.2235503374471815e-27,3.927625264486672e-28,1.2607769166587252e-28,4.0471234563851167e-29,1.2991361163742068e-29,4.170257386651001e-30,1.3386623966281806e-30,4.2971376728030125e-31,1.3793912659034474e-31,4.427878297903295e-32,1.42135931303014e-32,4.5625967129542684e-33,1.4646042400553556e-33,4.701413942410879e-34,1.5091648961128236e-34,4.844454692903066e-35,1.5550813123230792e-35,4.991847465266115e-36,1.6023947377554722e-36,5.143724669979564e-37,1.6511476764843123e-37,5.300222746118281e-38,1.7013839257724646e-38,5.461482283922719e-39,1.7531486154166685e-39,5.627648151098305e-40,1.8064882482899543e-40,5.798869622957527e-41,1.8614507421175449e-41,5.975300516521611e-42,1.9180854725238174e-42,6.157099328702202e-43,1.9764433173889442e-43,6.344429378687307e-44,2.036576702555111e-44,6.537458954659239e-45,2.0985396489233244e-45,6.736361464976547e-46,2.1623878209831698e-46,6.941315593955615e-47,2.228178576819056e-47
In129_m1,9184863026410.076,5227967152097.173,2975726525786.818,1693765109583.5896,964080610762.494,548748713023.54755,312344369011.67346,177784480469.68637,101193825250.92043,57598898631.986305,32784936387.091084,18660982751.99854,10621715813.592426,6045814860.025876,3441240376.148544,1958732710.2478094,1114898528.096638,634593337.5436362,361206597.6464047,205596558.40118268,117024287.7672744,66609499.85707088,37913714.80108999,21580251.662343007,12283345.598112417,6991604.242778613,3979577.8354678643,2265151.058128699,1289309.9540389692,733867.2410471615,417712.68870999065,237759.4754881785,135331.22098587014,77029.69286890537,43844.82413040086,24956.20236078839,14204.91582815538,8085.350117292638,4602.131213592222,2619.5045854380082,1491.0057872458476,848.6712601913183,483.05842541707113,274.95386413087243,156.50203665369423,89.07999003460499,50.70377864873627,28.86027679461272,16.427090817666716,9.350198359228576,5.322074999603528,3.029292129770578,1.7242543196354019,0.9814348803020553,0.5586266557691927,0.31796683284766536,0.18098475206479891,0.10301540002334,0.058635727711300434,0.033375093077877574,0.018996896285510212,0.010812915716529925,0.006154644660662776,0.003503185624680065,0.0019939915620804495,0.001134967648199101,0.0006460165564164138,0.00036770862308395125,0.0002092974710127103,0.00011913082430573055,6.780852740882364e-05,3.859619385788146e-05,2.196871451482548e-05,1.2504456247966291e-05,7.117459055320852e-06,4.0512136153387516e-06,2.3059257003855316e-06,1.3125186278911842e-06,7.470774744708104e-07,4.252318717627802e-07,2.4203934791497005e-07,1.3776729786563367e-07,7.841629274206261e-08,4.463406819088649e-08,2.540543519217003e-08,1.446061637364568e-08,8.230893284213344e-09,4.684973482843903e-09,2.6666578920477728e-09,1.517845157344212e-09,8.639480634331034e-10,4.917538872119235e-10,2.7990326713286495e-10,1.5931920619040984e-10,9.06835054879644e-11,5.1616489714098736e-11,2.9379786280529954e-11,1.6722792399690183e-11,9.518509868414574e-12,5.4178768682665856e-12,3.083821960105538e-12,1.7552923613547915e-12,9.991015414278453e-13,5.686824098710539e-13,3.236905058064165e-13,1.842426312657906e-13,1.0486976468825788e-13,5.96912205943543e-14,3.3975873090166406e-14,1.9338856547829994e-14,1.1007557380057165e-14,6.265433490112277e-15,3.566245940279317e-15,2.0298851031823497e-15,1.1553980295029492e-15,6.576454029277033e-16,3.7432769049987146e-16,2.1306500319347842e-16,1.2127528029041866e-16,6.902913847453372e-17,3.929095811714911e-17,2.2364170028474223e-17
In130,1341890256125.4229,5910061021090.466,616100628243.7985,57478450660.05039,5280214927.22305,483944473.8785012,44339220.342587866,4062166.001471044,372154.964541121,34094.901687066675,3123.596940844739,286.16764080529225,26.217184820136698,2.4018815597888112,0.22004784519314505,0.020159634423315562,0.001846920426437786,0.00016920520431892773,1.550169718130685e-05,1.4201845414163397e-06,1.3010989107115984e-07,1.1919988748551177e-08,1.0920471195220416e-09,1.0004765410549064e-10,9.165843591431098e-12,8.397267231672936e-13,7.693137708137399e-14,7.0480510103493025e-15,6.457056266124313e-16,5.915617744915976e-17,5.41958004726654e-18,4.965136213199796e-19,4.548798504795947e-20,4.167371638712629e-21,3.8179282632184754e-22,3.49778649153196e-23,3.204489319039716e-24,2.9357857664268475e-25,2.689613603997677e-26,2.464083524600609e-27,2.257464643688429e-28,2.0681712152307546e-29,1.8947504615267868e-30,1.7358714235152973e-31,1.590314746010909e-32,1.4569633194710247e-33,1.3347937064714034e-34,1.222868287090806e-35,1.120328062922613e-36,1.0263860644860536e-37,9.403213114406634e-39,8.614732792501816e-40,7.892368298289833e-41,7.230575672650763e-42,6.624275829760454e-43,6.068815576431357e-44,5.559931900068194e-45,5.093719251157996e-46,4.666599569196045e-47,4.275294822004556e-48,3.916801847690543e-49,3.588369306161432e-50,3.2874765633073225e-51,3.0118143457915113e-52,2.7592670179798206e-53,2.5278963449888198e-54,2.3159266172385213e-55,2.1217310223444273e-56,1.9438191597566846e-57,1.7808256023245425e-58,1.6314994169990275e-59,1.4946945642480004e-60,1.3693611025016087e-61,1.25453713012453e-62,1.1493414030717618e-63,1.052966571570376e-64,9.64672983920554e-66,8.837830098616645e-67,8.096758399367272e-68,7.417827209417151e-69,6.795825908930344e-70,6.225980800126743e-71,5.703918470396502e-72,5.2256322274986824e-73,4.787451349243183e-74,4.3860129116551267e-75,4.0182359794103305e-76,3.6812979604601015e-77,3.3726129433733345e-78,3.0898118511406024e-79,2.8307242591259016e-80,2.593361737623568e-81,2.3759025911788048e-82,2.1766778775501203e-83,1.9941585990128387e-84,1.8269439677002825e-85,1.6737506549221874e-86,1.5334029419516606e-87,1.4048236966905435e-88,1.2870261069614526e-89,1.1791061069816476e-90,1.0802354388939025e-91,9.896552961034449e-93,9.066704996352124e-94,8.30644162816504e-95,7.609928033378508e-96,6.971818651784488e-97,6.38721616028094e-98,5.851633887194092e-99,5.360961378243398e-100,4.911432849876801e-101,4.499598287863993e-102,4.1222969693368456e-103,3.7766332050656605e-104,3.4599541157994274e-105,3.16982927210938e-106,2.9040320414769195e-107,2.6605224994696834e-108,2.437431773853467e-109,2.2330477014852115e-110,2.0458016879073327e-111,1.874256668794322e-112
In130_m1,1137102746825.0608,315019003741.08,87271772929.14401,24177469485.16192,6698042346.183715,1855602435.9291956,514069667.2645253,142416078.83486494,39454456.86111987,10930325.97822714,3028099.624102039,838894.2243581791,232404.34827840267,64384.49512515406,17836.857370478974,4941.461142723353,1368.9652676966543,379.2533928794452,105.06704545731574,29.107410107307036,8.063816008789916,2.233971637596601,0.6188917594530966,0.17145562793761604,0.047499472892416336,0.013159089335220366,0.0036455484995488677,0.0010099501207117873,0.00027979308091826956,7.751290536463786e-05,2.147390663967986e-05,5.949056666118178e-06,1.6481060391353522e-06,4.56585584686791e-07,1.264908878394431e-07,3.504259714503744e-08,9.708079654149353e-09,2.6894927388295864e-09,7.450877464860351e-10,2.0641652678535618e-10,5.7184919133451716e-11,1.5842311791729073e-11,4.388899148753746e-12,1.2158854080872123e-12,3.368446791535874e-13,9.331828239684304e-14,2.5852573510672302e-14,7.162107359439848e-15,1.9841653987355172e-15,5.496863048764996e-16,1.522831886703294e-16,4.2188006770176634e-17,1.1687619170449177e-17,3.2378975052695804e-18,8.970159021897739e-19,2.485061764530255e-19,6.884528979313156e-20,1.9072660464019467e-20,5.283823748419496e-21,1.4638122173375135e-21,4.0552946306498424e-22,1.1234647686770588e-22,3.112407855446843e-23,8.622506845545578e-24,2.3887494105686968e-24,6.617708572119147e-25,1.8333470456021192e-25,5.0790411106630116e-26,1.4070799451575027e-26,3.898125510163453e-27,1.0799231802913774e-27,2.991781748150386e-28,8.288328458836066e-29,2.2961697885890953e-29,6.361229196230111e-30,1.7622928882726338e-30,4.882195135960259e-31,1.3525464186011337e-31,3.7470477183434866e-32,1.0380691124866768e-32,2.875830689381407e-33,7.967101664528213e-34,2.20717823087776e-34,6.114690069226278e-35,1.6939925430410426e-35,4.692978226845376e-36,1.3001264219326123e-36,3.6018251764690965e-37,9.97837162832389e-38,2.7643734905131225e-38,7.65832450393043e-39,2.121635676538581e-39,5.877705941620948e-40,1.6283392817248369e-40,4.5110947072607934e-41,1.24973804208177e-41,3.4622309554098285e-42,9.591644636687587e-43,2.657235985159971e-43,7.361514472524826e-44,2.0394084541922983e-44,5.649906494858137e-45,1.5652305125548064e-45,4.3362603605249564e-46,1.2013025406442573e-46,3.328046921019384e-47,9.219905838679577e-48,2.5542507570199796e-48,7.076207765991127e-49,1.960368073097589e-49,5.430935762641612e-50,1.5045676198620342e-50,4.16820198520675e-51,1.154744230842522e-51,3.1990633932725433e-52,8.862574344025558e-53,2.455256878264941e-53,6.801958555451881e-54,1.8843910223675002e-54,5.2204515746910905e-55,1.4462558099780474e-55,4.0066569682126137e-56
In130_m2,1137102746825.0608,315019003741.08,87271772929.14401,24177469485.16192,6698042346.183715,1855602435.9291956,514069667.2645253,142416078.83486494,39454456.86111987,10930325.97822714,3028099.624102039,838894.2243581791,232404.34827840267,64384.49512515406,17836.857370478974,4941.461142723353,1368.9652676966543,379.2533928794452,105.06704545731574,29.107410107307036,8.063816008789916,2.233971637596601,0.6188917594530966,0.17145562793761604,0.047499472892416336,0.013159089335220366,0.0036455484995488677,0.0010099501207117873,0.00027979308091826956,7.751290536463786e-05,2.147390663967986e-05,5.949056666118178e-06,1.6481060391353522e-06,4.56585584686791e-07,1.264908878394431e-07,3.504259714503744e-08,9.708079654149353e-09,2.6894927388295864e-09,7.450877464860351e-10,2.0641652678535618e-10,5.7184919133451716e-11,1.5842311791729073e-11,4.388899148753746e-12,1.2158854080872123e-12,3.368446791535874e-13,9.331828239684304e-14,2.5852573510672302e-14,7.162107359439848e-15,1.9841653987355172e-15,5.496863048764996e-16,1.522831886703294e-16,4.2188006770176634e-17,1.1687619170449177e-17,3.2378975052695804e-18,8.970159021897739e-19,2.485061764530255e-19,6.884528979313156e-20,1.9072660464019467e-20,5.283823748419496e-21,1.4638122173375135e-21,4.0552946306498424e-22,1.1234647686770588e-22,3.112407855446843e-23,8.622506845545578e-24,2.3887494105686968e-24,6.617708572119147e-25,1.8333470456021192e-25,5.0790411106630116e-26,1.4070799451575027e-26,3.898125510163453e-27,1.0799231802913774e-27,2.991781748150386e-28,8.288328458836066e-29,2.2961697885890953e-29,6.361229196230111e-30,1.7622928882726338e-30,4.882195135960259e-31,1.3525464186011337e-31,3.7470477183434866e-32,1.0380691124866768e-32,2.875830689381407e-33,7.967101664528213e-34,2.20717823087776e-34,6.114690069226278e-35,1.6939925430410426e-35,4.692978226845376e-36,1.3001264219326123e-36,3.6018251764690965e-37,9.97837162832389e-38,2.7643734905131225e-38,7.65832450393043e-39,2.121635676538581e-39,5.877705941620948e-40,1.6283392817248369e-40,4.5110947072607934e-41,1.24973804208177e-41,3.4622309554098285e-42,9.591644636687587e-43,2.657235985159971e-43,7.361514472524826e-44,2.0394084541922983e-44,5.649906494858137e-45,1.5652305125548064e-45,4.3362603605249564e-46,1.2013025406442573e-46,3.328046921019384e-47,9.219905838679577e-48,2.5542507570199796e-48,7.076207765991127e-49,1.960368073097589e-49,5.430935762641612e-50,1.5045676198620342e-50,4.16820198520675e-51,1.154744230842522e-51,3.1990633932725433e-52,8.862574344025558e-53,2.455256878264941e-53,6.801958555451881e-54,1.8843910223675002e-54,5.2204515746910905e-55,1.4462558099780474e-55,4.0066569682126137e-56
In131,2030307356042.3325,345149967557.8721,29040112420.769455,2442818550.459219,205486872.36094487,17285301.31837636,1454018.1483819429,122310.20662488748,10288.583166083708,865.4628790716316,72.80166597866645,6.123986016540231,0.5151421224587103,0.043333117615638704,0.0036451282091405435,0.0003066236724282434,2.5792803736675847e-05,2.1696587198575375e-06,1.8250900556267078e-07,1.5352431608996168e-08,1.2914275412451884e-09,1.0863328603328942e-10,9.138097537405636e-12,7.686854522429705e-13,6.466086864046903e-14,5.439192222436425e-15,4.575381162463502e-16,3.848753992453804e-17,3.2375242123988313e-18,2.7233652881996913e-19,2.2908611662476506e-20,1.9270440530916877e-21,1.6210056014169632e-22,1.3635698445032623e-23,1.1470180727403834e-24,9.648574031587977e-26,8.116261029838631e-27,6.82729830219644e-28,5.743038812552973e-29,4.8309731525688414e-30,4.063754810402596e-31,3.418380238832202e-32,2.8754991387093157e-33,2.418834277939401e-34,2.0346934503902434e-35,1.7115589417675157e-36,1.4397421933915845e-37,1.211093309641665e-38,1.0187566992140479e-39,8.569655235735567e-41,7.208687895355866e-42,6.063859016866254e-43,5.100843136809843e-44,4.290766100262381e-45,3.609339325552204e-46,3.036131558460159e-47,2.5539562808679422e-48,2.14835640649674e-49,1.8071708133418256e-50,1.5201697161227104e-51,1.2787479461021435e-52,1.0756669418669424e-53,9.048377151668592e-55,7.611382844650618e-56,6.402601023008674e-57,5.385788718884689e-58,4.53045879639005e-59,3.810965854233955e-60,3.2057372983305094e-61,2.696626529594852e-62,2.2683688535245235e-63,1.9081237980749366e-64,1.6050901171221507e-65,1.3501819361418732e-66,1.1357563299637972e-67,9.553841645510587e-69,8.036573319419832e-70,6.7602659866945105e-71,5.686652058586319e-72,4.78354131317782e-73,4.023855734294292e-74,3.38481762994469e-75,2.847266687604973e-76,2.395085489577016e-77,2.01471626362042e-78,1.694754379566416e-79,1.4256064037018558e-80,1.1992024583501563e-81,1.0087542623116694e-82,8.485515974774927e-84,7.137910990646573e-85,6.004322360814901e-86,5.05076163877972e-87,4.2486381641085924e-88,3.5739018271868356e-89,3.0063219735374313e-90,2.5288808270618226e-91,2.1272632451792397e-92,1.7894275071665448e-93,1.505244266623182e-94,1.2661928427543071e-95,1.065105744357959e-96,8.959537665657548e-98,7.536652168815843e-99,6.339738503632697e-100,5.3329095457987655e-101,4.485977490613433e-102,3.7735487304756516e-103,3.1742624770342297e-104,2.6701502995662703e-105,2.2460973765897424e-106,1.8893893073894795e-107,1.5893308954831346e-108,1.3369254739920667e-109,1.1246051581131414e-110,9.46003936837388e-112,7.957668005127556e-113,6.693891813128449e-114,5.63081892546859e-115,4.7365751727913103e-116,3.9843483984234155e-117,3.35158454809531e-118
In131_m1,2011505605362.4546,277610280697.0975,38313324975.7136,5287667542.457801,729757285.6776302,100714670.83046697,13899751.492128532,1918321.2331413808,264749.7946711519,36538.43400546421,5042.712728936959,695.9507805610945,96.04899485632608,13.255836002472432,1.829453690663701,0.25248507945170584,0.03484576607271596,0.00480910561460205,0.0006637103849039979,9.159945951111419e-05,1.2641750338051254e-05,1.744702997840596e-06,2.407885355488833e-07,3.323151213904949e-08,4.586320509531069e-09,6.329635476150492e-10,8.73560519324438e-11,1.205611261181951e-11,1.6638784387975656e-12,2.296338420380433e-13,3.169203962235402e-14,4.373856076747006e-15,6.036410785818569e-16,8.330922311062222e-17,1.149760495359374e-17,1.5867981327033668e-18,2.1899589732937173e-19,3.022388422236826e-20,4.171234204051024e-21,5.756769929712839e-22,7.944986640035841e-23,1.0964970544427624e-23,1.5132886244805973e-24,2.088507626813619e-25,2.8823742124908696e-26,3.977998928118728e-27,5.490083627426947e-28,7.57692970279297e-29,1.0457010788371681e-29,1.443184494476888e-30,1.9917560833107176e-31,2.748846256724233e-32,3.7937154084384235e-33,5.235751750399539e-34,7.225923254769296e-35,9.972582615253144e-36,1.3763279862183456e-36,1.8994866211993385e-37,2.6215040747873623e-38,3.617968948782371e-39,4.9932019714351074e-40,6.891177420396134e-41,9.510595908406395e-42,1.3125686514075715e-42,1.8114916049950967e-43,2.5000611064790367e-44,3.4503640640090666e-45,4.761888476786716e-46,6.571938915630468e-47,9.070011051565547e-48,1.2517630113673892e-48,1.7275730180693595e-49,2.3842440666952483e-50,3.290523590096537e-51,4.5412907379023704e-52,6.267489352827518e-53,8.649836589398906e-54,1.1937742341684238e-54,1.6475420170491786e-55,2.2737923304512484e-56,3.1380878354039547e-57,4.330912340071078e-58,5.977143624141234e-59,8.24912699642077e-60,1.1384718267139662e-60,1.5712185068599497e-61,2.1684573463928685e-62,2.992713771251635e-63,4.1302798653326776e-64,5.700248359814867e-65,7.866980549259921e-66,1.0857313410892164e-66,1.4984307354545113e-67,2.0680020774773297e-68,2.8540742599979737e-69,3.9389418271376396e-70,5.436180457892291e-71,7.50253729749672e-72,1.0354340945140995e-72,1.4290149073166955e-73,1.9722004675648972e-74,2.7218573188762414e-75,3.756467654359474e-76,5.184345682041446e-77,7.154977128502579e-78,9.874669022694583e-79,1.3628148148695903e-79,1.88083693272104e-80,2.595765417934648e-81,3.5824467223734606e-82,4.9441773243345696e-83,6.82351792192705e-84,9.417218229956229e-85,1.2996814869590667e-85,1.793705876084366e-86,2.475514810499809e-87,3.416487429021321e-88,4.715134929976053e-89,6.507413789679575e-90,8.980959157901983e-91,1.2394728536215464e-91,1.7106112252086314e-92
In131_m2,0.0,0.0,0.0,0.0,0.0,0.0,0.0,0.0,0.0,0.0,0.0,0.0,0.0,0.0,0.0,0.0,0.0,0.0,0.0,0.0,0.0,0.0,0.0,0.0,0.0,0.0,0.0,0.0,0.0,0.0,0.0,0.0,0.0,0.0,0.0,0.0,0.0,0.0,0.0,0.0,0.0,0.0,0.0,0.0,0.0,0.0,0.0,0.0,0.0,0.0,0.0,0.0,0.0,0.0,0.0,0.0,0.0,0.0,0.0,0.0,0.0,0.0,0.0,0.0,0.0,0.0,0.0,0.0,0.0,0.0,0.0,0.0,0.0,0.0,0.0,0.0,0.0,0.0,0.0,0.0,0.0,0.0,0.0,0.0,0.0,0.0,0.0,0.0,0.0,0.0,0.0,0.0,0.0,0.0,0.0,0.0,0.0,0.0,0.0,0.0,0.0,0.0,0.0,0.0,0.0,0.0,0.0,0.0,0.0,0.0,0.0,0.0,0.0,0.0,0.0,0.0,0.0,0.0,0.0,0.0,0.0,0.0
In132,2248968526152.6035,79019120364.32167,2776393404.5947,97550571.32422085,3427509.2103062645,120427.99162794236,4231.323762436765,148.67059178298047,5.223647752346146,0.1835366060856337,0.006448690143454539,0.0002265793481376944,7.961027721980277e-06,2.797164124226499e-07,9.828036543896844e-09,3.4531510493643966e-10,1.2132893601348409e-11,4.26297908887411e-13,1.4978282435575178e-14,5.262726840612125e-16,1.849096778487589e-17,6.496934003543084e-19,2.2827443072459844e-20,8.020585663056129e-22,2.818090233506361e-23,9.901561928032434e-25,3.4789847198283536e-26,1.2223662053290062e-27,4.294871234743893e-29,1.5090337774894319e-30,5.30209828686474e-32,1.8629302181919434e-33,6.545538784994653e-35,2.2998219454216228e-36,8.080589168256255e-38,2.8391728949333848e-39,9.97563736935274e-41,3.5050116568248546e-42,1.231510956103973e-43,4.327001971736689e-45,1.5203231421217227e-46,5.3417642782888993e-48,1.8768671484524926e-49,6.594507187929631e-51,2.3170273446105e-52,8.1410415709294e-54,2.8604132797035212e-55,1.0050266982938625e-56,3.5312333062170525e-58,1.2407241204741204e-59,4.359373084797413e-61,1.5316969646075727e-62,5.381727018432235e-64,1.8909083435014807e-65,6.64384193266851e-67,2.3343614606167097e-68,8.201946229361729e-70,2.8818125677746875e-71,1.0125454914656773e-72,3.557651124684902e-74,1.2500062102543852e-75,4.3919863722245154e-77,1.5431558767920265e-78,5.421988727327585e-80,1.9050545833633482e-81,6.693545759883014e-83,2.351825256394897e-84,8.263306526963373e-86,2.903371947932262e-87,1.0201205341389788e-88,3.5842665798060317e-90,1.259357741088681e-91,4.424843645769819e-93,1.554700515247068e-94,5.462551641616206e-96,1.9193066538980305e-97,6.743621430748335e-99,2.3694197021037495e-100,8.325125872456376e-102,2.925092617855164e-103,1.0277522471268324e-104,3.6110811501372936e-106,1.2687792324785522e-107,4.4579467307392365e-109,1.5663315213070046e-110,5.503418014672149e-112,1.9336653468446365e-113,6.794071727096556e-115,2.3871457751599002e-116,8.38740770006412e-118,2.9469757841823734e-119,1.0354410543904914e-120,3.6380963252969295e-122,1.2782712078120359e-123,4.4912974660941156e-125,1.578049541104079e-126,5.544590116727339e-128,1.948131459865422e-129,6.844899451571156e-131,2.4050044602922082e-132,8.450155469701989e-134,2.9690226625799585e-135,1.0431873830629363e-136,3.665313606047256e-138,1.2878341943927265e-139,4.52489770455342e-141,1.5898552256043794e-142,5.58607023499775e-144,1.9627057965901016e-145,6.896107427782713e-147,2.422996749596483e-148,8.513372667169682e-150,2.991234477808604e-151,1.0509916634726098e-152,3.692734504378099e-154,1.297468723469084e-155,4.5587493126966725e-157,1.6017492306439851e-158,5.627860673810441e-160,1.977389166660502e-161,6.947698500465794e-163,2.4411236425905905e-164
In133,61693251852.77918,924301049.9614556,13848069.364191936,207474.6373202414,3108.4278969942543,46.57110919971452,0.6977379833030567,0.010453654673674843,0.00015661881487248676,2.346495454248566e-06,3.515567986701981e-08,5.267096617104546e-10,7.89127301160224e-12,1.182286832206895e-13,1.7713265674051315e-15,2.6538380728968312e-17,3.976035050089075e-19,5.956977888360934e-21,8.924867390599618e-23,1.337142078291399e-24,2.0033338976225576e-26,3.001436250134204e-28,4.496813823352456e-30,6.737219409870708e-32,1.0093841364083753e-33,1.512280175023177e-35,2.265729413883779e-37,3.3945626357625504e-39,5.085803899399905e-41,7.61965651499635e-43,1.1415926873109862e-44,1.7103577584593308e-46,2.5624933432366387e-48,3.8391804882079143e-50,5.751939555253405e-52,8.617674722224984e-54,1.2911178378126004e-55,1.93437942931256e-57,2.8981272405677156e-59,4.3420341300390725e-61,6.5053252743765e-63,9.746412777520202e-65,1.4602277061221003e-66,2.187743329160664e-68,3.2777222718213316e-70,4.910751251297552e-72,7.357389019637782e-74,1.1022992291043805e-75,1.6514874872607055e-77,2.474292686201645e-79,3.707036440915225e-81,5.553958612458784e-83,8.32105558187863e-85,1.2466777451562672e-86,1.8677983640111968e-88,2.798374112442034e-90,4.192581931792934e-92,6.281412902100194e-94,9.410942633576056e-96,1.4099668758098565e-97,2.1124415144007607e-99,3.164903536617242e-101,4.741723890487802e-103,7.104148734231054e-105,1.0643582461501098e-106,1.5946435224379588e-108,2.3891278832585e-110,3.5794407729676893e-112,5.362792145604552e-114,8.034646030227101e-116,1.203767274179275e-117,1.8035090095238992e-119,2.7020544728228502e-121,4.048273856990243e-123,6.065207561885113e-125,9.087019324354233e-127,1.3614360161406027e-128,2.0397315774130525e-130,3.055968006260137e-132,4.578514427437519e-134,6.8596249434913346e-136,1.0277231864420202e-137,1.5397561188133398e-139,2.3068944407404147e-141,3.4562369297940536e-143,5.178205601396404e-145,7.758094654677174e-147,1.1623337755206094e-148,1.7414324854898436e-150,2.609050141523282e-152,3.9089328456324775e-154,5.856443978782029e-156,8.774245409443144e-158,1.3145755817704455e-159,1.9695243061326437e-161,2.950782021390566e-163,4.420922610931911e-165,6.623517626909824e-167,9.923491002874031e-169,1.4867579318282158e-170,2.2274914616377697e-172,3.337273745409189e-174,4.9999724998311175e-176,7.491062138207124e-178,1.1223264120027798e-179,1.6814926265990138e-181,2.519247006101689e-183,3.7743879321011156e-185,5.654866008567756e-187,8.472237128273636e-189,1.2693280768977616e-190,1.9017335591612252e-192,2.8492165231852203e-194,4.268755082374525e-196,6.395537090641017e-198,9.581925851555872e-200,1.4355839349140955e-201,2.150821521801694e-203,3.222405256939694e-205,4.827874156315034e-207,7.233220843038997e-209,1.083696096256733e-210
In133_m1,0.0,0.0,0.0,0.0,0.0,0.0,0.0,0.0,0.0,0.0,0.0,0.0,0.0,0.0,0.0,0.0,0.0,0.0,0.0,0.0,0.0,0.0,0.0,0.0,0.0,0.0,0.0,0.0,0.0,0.0,0.0,0.0,0.0,0.0,0.0,0.0,0.0,0.0,0.0,0.0,0.0,0.0,0.0,0.0,0.0,0.0,0.0,0.0,0.0,0.0,0.0,0.0,0.0,0.0,0.0,0.0,0.0,0.0,0.0,0.0,0.0,0.0,0.0,0.0,0.0,0.0,0.0,0.0,0.0,0.0,0.0,0.0,0.0,0.0,0.0,0.0,0.0,0.0,0.0,0.0,0.0,0.0,0.0,0.0,0.0,0.0,0.0,0.0,0.0,0.0,0.0,0.0,0.0,0.0,0.0,0.0,0.0,0.0,0.0,0.0,0.0,0.0,0.0,0.0,0.0,0.0,0.0,0.0,0.0,0.0,0.0,0.0,0.0,0.0,0.0,0.0,0.0,0.0,0.0,0.0,0.0,0.0
In134,1250768185.6303568,8850393.314326918,62625.08330335129,443.1329681589359,3.1355938724769756,0.02218735602986953,0.00015699697971641662,1.11090531052437e-06,7.860728347643479e-09,5.562224752195954e-11,3.935811393764314e-13,2.7849668104780084e-15,1.970633081593364e-17,1.3944132934222008e-19,9.866821231380143e-22,6.981729281501982e-24,4.940247990422339e-26,3.4957027439513463e-28,2.473547420647664e-30,1.7502737762183893e-32,1.2384877953605817e-34,8.763497688750897e-37,6.201021280018555e-39,4.387821653060054e-41,3.104807738864115e-43,2.1969514391241738e-45,1.554555396604228e-47,1.0999981329012605e-49,7.783549528240518e-52,5.507613281013756e-54,3.89716850174089e-56,2.7576232309770632e-58,1.9512848573592345e-60,1.3807225554922507e-62,9.769946033533336e-65,6.913180719650341e-67,4.891743260250237e-69,3.4613809611813423e-71,2.449261443417572e-73,1.7330891009941173e-75,1.226327977381431e-77,8.677455228619181e-80,6.140137926680443e-82,4.344740798467818e-84,3.0743238720821583e-86,2.1753811582470742e-88,1.53929233892047e-90,1.0891980449846942e-92,7.707128471973601e-95,5.453538000459861e-97,3.858905016389821e-99,2.7305481183523134e-101,1.932126599377323e-103,1.3671662370388996e-105,9.674021983349771e-108,6.845305186663397e-110,4.843714763023044e-112,3.427396159230009e-114,2.4252139126733178e-116,1.7160731496955355e-118,1.2142875478805827e-120,8.59225755731591e-123,6.0798523430558e-125,4.302082923700003e-127,3.044139304391211e-129,2.1540226603929604e-131,1.5241791381864071e-133,1.0785039953381235e-135,7.631457738913355e-138,5.399993646065441e-140,3.821017212590787e-142,2.7037388367212397e-144,1.913156442506091e-146,1.3537430182943107e-148,9.57903974219691e-151,6.77809607455639e-153,4.7961578229531434e-155,3.3937450295258796e-157,2.4014024872809407e-159,1.6992242657441848e-161,1.2023653346687262e-163,8.507896380469208e-166,6.020158660075161e-168,4.2598438758229454e-170,3.014251097189467e-172,2.1328738662171472e-174,1.509214323064783e-176,1.067914942848288e-178,7.556529962177594e-181,5.346975005049609e-183,3.7835014017977004e-185,2.6771927760811295e-187,1.894372539916454e-189,1.340451592448481e-191,9.484990063131471e-194,6.711546840223587e-196,4.749067810161062e-198,3.3604242959819115e-200,2.377824849092342e-202,1.68254080882632e-204,1.1905601770654157e-206,8.424363485143551e-209,5.961051066293189e-211,4.218019542677608e-213,2.9846563407271345e-215,2.1119327167905347e-217,1.4943964366643383e-219,1.0574298566238675e-221,7.482337847214281e-224,5.294476915812062e-226,3.7463539316796647e-228,2.6509073520549995e-230,1.8757730629120204e-232,1.3272906655220367e-234,9.391863789999216e-237,6.645651004801245e-239,4.7024401402247647e-241,3.3274307146766043e-243,2.354478702719661e-245,1.6660211547332682e-247,1.1788709257860948e-249,8.341650739040366e-252
In135,2606955.102624322,1393.3761785943216,0.744737480564849,0.0003980503782672742,2.1275161754790108e-07,1.137123671789503e-10,6.077745776259077e-14,3.248458776933538e-17,1.7362497238131802e-20,9.279979554756778e-24,4.960001971811403e-27,2.6510424312047768e-30,1.4169401568768894e-33,7.573320534360099e-37,4.04781977825924e-40,2.1634955080705694e-43,1.1563540547386887e-46,6.180529124847124e-50,3.3033948474989963e-53,1.7656121827195223e-56,9.436917243264974e-60,5.043882678644769e-63,2.6958753393847463e-66,1.440902635636953e-69,7.701396184956201e-73,4.116274183330866e-76,2.2000833024866058e-79,1.175909650888117e-82,6.285050686439781e-86,3.359259965362388e-89,1.7954712026799555e-92,9.596508971895662e-96,5.1291819278534916e-99,2.7414664359785364e-102,1.4652703540858955e-105,7.831637777453398e-109,4.1858862500155205e-112,2.237289848684305e-115,1.1957959600567938e-118,6.39133985669784e-122,3.416069842038456e-125,1.8258351812500652e-128,9.758799624252307e-132,5.215923709012147e-135,2.7878285430334864e-138,1.4900501654047684e-141,7.964081941018094e-145,4.256675556022022e-148,2.275125610638698e-151,1.2160185750735014e-154,6.499426528404608e-158,3.473840454746038e-161,1.8567126580000495e-164,9.923834842983993e-168,5.304132417393176e-171,2.834974699436014e-174,1.515249038671683e-177,8.098765924268093e-181,4.3286620101461603e-184,2.313601229285552e-187,1.2365831833497388e-190,6.609341099873013e-194,3.5325880509015306e-197,1.8881123169164386e-200,1.0091661042622184e-203,5.3938328608279244e-207,2.882918164578742e-210,1.5408740608218133e-213,8.235727605748535e-217,4.401865857869876e-220,2.3527275255140476e-223,1.2574955684792446e-226,6.721114483494817e-230,3.592329152688336e-233,1.9200429888443563e-236,1.0262325422634268e-239,5.485050266683517e-243,2.931672422089508e-246,1.5669324386405052e-249,8.375005504584714e-253,4.476307687055057e-256,2.3925155032100235e-259,1.2787616118645752e-262,6.834778114434391e-266,3.653080561703509e-269,1.952513653971106e-272,1.0435875980697892e-275,5.577810288957846e-279,2.981251183623535e-282,1.5934315007901302e-285,8.51663879131531e-289,4.552008433733729e-292,2.4329763523507257e-295,1.3003872943711895e-298,6.95036395946957e-302,3.714859363683106e-305,1.985533444351773e-308,1.06123615262e-311,5.672139016e-315,3.03167e-318,1.62e-321,0.0,0.0,0.0,0.0,0.0,0.0,0.0,0.0,0.0,0.0,0.0,0.0,0.0,0.0,0.0,0.0,0.0,0.0,0.0,0.0,0.0
K48,0.0,0.0,0.0,0.0,0.0,0.0,0.0,0.0,0.0,0.0,0.0,0.0,0.0,0.0,0.0,0.0,0.0,0.0,0.0,0.0,0.0,0.0,0.0,0.0,0.0,0.0,0.0,0.0,0.0,0.0,0.0,0.0,0.0,0.0,0.0,0.0,0.0,0.0,0.0,0.0,0.0,0.0,0.0,0.0,0.0,0.0,0.0,0.0,0.0,0.0,0.0,0.0,0.0,0.0,0.0,0.0,0.0,0.0,0.0,0.0,0.0,0.0,0.0,0.0,0.0,0.0,0.0,0.0,0.0,0.0,0.0,0.0,0.0,0.0,0.0,0.0,0.0,0.0,0.0,0.0,0.0,0.0,0.0,0.0,0.0,0.0,0.0,0.0,0.0,0.0,0.0,0.0,0.0,0.0,0.0,0.0,0.0,0.0,0.0,0.0,0.0,0.0,0.0,0.0,0.0,0.0,0.0,0.0,0.0,0.0,0.0,0.0,0.0,0.0,0.0,0.0,0.0,0.0,0.0,0.0,0.0,0.0
K49,0.0,0.0,0.0,0.0,0.0,0.0,0.0,0.0,0.0,0.0,0.0,0.0,0.0,0.0,0.0,0.0,0.0,0.0,0.0,0.0,0.0,0.0,0.0,0.0,0.0,0.0,0.0,0.0,0.0,0.0,0.0,0.0,0.0,0.0,0.0,0.0,0.0,0.0,0.0,0.0,0.0,0.0,0.0,0.0,0.0,0.0,0.0,0.0,0.0,0.0,0.0,0.0,0.0,0.0,0.0,0.0,0.0,0.0,0.0,0.0,0.0,0.0,0.0,0.0,0.0,0.0,0.0,0.0,0.0,0.0,0.0,0.0,0.0,0.0,0.0,0.0,0.0,0.0,0.0,0.0,0.0,0.0,0.0,0.0,0.0,0.0,0.0,0.0,0.0,0.0,0.0,0.0,0.0,0.0,0.0,0.0,0.0,0.0,0.0,0.0,0.0,0.0,0.0,0.0,0.0,0.0,0.0,0.0,0.0,0.0,0.0,0.0,0.0,0.0,0.0,0.0,0.0,0.0,0.0,0.0,0.0,0.0
K50,0.0,0.0,0.0,0.0,0.0,0.0,0.0,0.0,0.0,0.0,0.0,0.0,0.0,0.0,0.0,0.0,0.0,0.0,0.0,0.0,0.0,0.0,0.0,0.0,0.0,0.0,0.0,0.0,0.0,0.0,0.0,0.0,0.0,0.0,0.0,0.0,0.0,0.0,0.0,0.0,0.0,0.0,0.0,0.0,0.0,0.0,0.0,0.0,0.0,0.0,0.0,0.0,0.0,0.0,0.0,0.0,0.0,0.0,0.0,0.0,0.0,0.0,0.0,0.0,0.0,0.0,0.0,0.0,0.0,0.0,0.0,0.0,0.0,0.0,0.0,0.0,0.0,0.0,0.0,0.0,0.0,0.0,0.0,0.0,0.0,0.0,0.0,0.0,0.0,0.0,0.0,0.0,0.0,0.0,0.0,0.0,0.0,0.0,0.0,0.0,0.0,0.0,0.0,0.0,0.0,0.0,0.0,0.0,0.0,0.0,0.0,0.0,0.0,0.0,0.0,0.0,0.0,0.0,0.0,0.0,0.0,0.0
K51,0.0,0.0,0.0,0.0,0.0,0.0,0.0,0.0,0.0,0.0,0.0,0.0,0.0,0.0,0.0,0.0,0.0,0.0,0.0,0.0,0.0,0.0,0.0,0.0,0.0,0.0,0.0,0.0,0.0,0.0,0.0,0.0,0.0,0.0,0.0,0.0,0.0,0.0,0.0,0.0,0.0,0.0,0.0,0.0,0.0,0.0,0.0,0.0,0.0,0.0,0.0,0.0,0.0,0.0,0.0,0.0,0.0,0.0,0.0,0.0,0.0,0.0,0.0,0.0,0.0,0.0,0.0,0.0,0.0,0.0,0.0,0.0,0.0,0.0,0.0,0.0,0.0,0.0,0.0,0.0,0.0,0.0,0.0,0.0,0.0,0.0,0.0,0.0,0.0,0.0,0.0,0.0,0.0,0.0,0.0,0.0,0.0,0.0,0.0,0.0,0.0,0.0,0.0,0.0,0.0,0.0,0.0,0.0,0.0,0.0,0.0,0.0,0.0,0.0,0.0,0.0,0.0,0.0,0.0,0.0,0.0,0.0
K52,0.0,0.0,0.0,0.0,0.0,0.0,0.0,0.0,0.0,0.0,0.0,0.0,0.0,0.0,0.0,0.0,0.0,0.0,0.0,0.0,0.0,0.0,0.0,0.0,0.0,0.0,0.0,0.0,0.0,0.0,0.0,0.0,0.0,0.0,0.0,0.0,0.0,0.0,0.0,0.0,0.0,0.0,0.0,0.0,0.0,0.0,0.0,0.0,0.0,0.0,0.0,0.0,0.0,0.0,0.0,0.0,0.0,0.0,0.0,0.0,0.0,0.0,0.0,0.0,0.0,0.0,0.0,0.0,0.0,0.0,0.0,0.0,0.0,0.0,0.0,0.0,0.0,0.0,0.0,0.0,0.0,0.0,0.0,0.0,0.0,0.0,0.0,0.0,0.0,0.0,0.0,0.0,0.0,0.0,0.0,0.0,0.0,0.0,0.0,0.0,0.0,0.0,0.0,0.0,0.0,0.0,0.0,0.0,0.0,0.0,0.0,0.0,0.0,0.0,0.0,0.0,0.0,0.0,0.0,0.0,0.0,0.0
K53,0.0,0.0,0.0,0.0,0.0,0.0,0.0,0.0,0.0,0.0,0.0,0.0,0.0,0.0,0.0,0.0,0.0,0.0,0.0,0.0,0.0,0.0,0.0,0.0,0.0,0.0,0.0,0.0,0.0,0.0,0.0,0.0,0.0,0.0,0.0,0.0,0.0,0.0,0.0,0.0,0.0,0.0,0.0,0.0,0.0,0.0,0.0,0.0,0.0,0.0,0.0,0.0,0.0,0.0,0.0,0.0,0.0,0.0,0.0,0.0,0.0,0.0,0.0,0.0,0.0,0.0,0.0,0.0,0.0,0.0,0.0,0.0,0.0,0.0,0.0,0.0,0.0,0.0,0.0,0.0,0.0,0.0,0.0,0.0,0.0,0.0,0.0,0.0,0.0,0.0,0.0,0.0,0.0,0.0,0.0,0.0,0.0,0.0,0.0,0.0,0.0,0.0,0.0,0.0,0.0,0.0,0.0,0.0,0.0,0.0,0.0,0.0,0.0,0.0,0.0,0.0,0.0,0.0,0.0,0.0,0.0,0.0
K54,0.0,0.0,0.0,0.0,0.0,0.0,0.0,0.0,0.0,0.0,0.0,0.0,0.0,0.0,0.0,0.0,0.0,0.0,0.0,0.0,0.0,0.0,0.0,0.0,0.0,0.0,0.0,0.0,0.0,0.0,0.0,0.0,0.0,0.0,0.0,0.0,0.0,0.0,0.0,0.0,0.0,0.0,0.0,0.0,0.0,0.0,0.0,0.0,0.0,0.0,0.0,0.0,0.0,0.0,0.0,0.0,0.0,0.0,0.0,0.0,0.0,0.0,0.0,0.0,0.0,0.0,0.0,0.0,0.0,0.0,0.0,0.0,0.0,0.0,0.0,0.0,0.0,0.0,0.0,0.0,0.0,0.0,0.0,0.0,0.0,0.0,0.0,0.0,0.0,0.0,0.0,0.0,0.0,0.0,0.0,0.0,0.0,0.0,0.0,0.0,0.0,0.0,0.0,0.0,0.0,0.0,0.0,0.0,0.0,0.0,0.0,0.0,0.0,0.0,0.0,0.0,0.0,0.0,0.0,0.0,0.0,0.0
Kr100,369474322.55278873,3.657848255636586e-35,3.6213217115655906e-78,3.585159914287969e-121,3.549359221514762e-164,3.513916027328504e-207,3.478826761819354e-250,3.4440878907262685e-293,0.0,0.0,0.0,0.0,0.0,0.0,0.0,0.0,0.0,0.0,0.0,0.0,0.0,0.0,0.0,0.0,0.0,0.0,0.0,0.0,0.0,0.0,0.0,0.0,0.0,0.0,0.0,0.0,0.0,0.0,0.0,0.0,0.0,0.0,0.0,0.0,0.0,0.0,0.0,0.0,0.0,0.0,0.0,0.0,0.0,0.0,0.0,0.0,0.0,0.0,0.0,0.0,0.0,0.0,0.0,0.0,0.0,0.0,0.0,0.0,0.0,0.0,0.0,0.0,0.0,0.0,0.0,0.0,0.0,0.0,0.0,0.0,0.0,0.0,0.0,0.0,0.0,0.0,0.0,0.0,0.0,0.0,0.0,0.0,0.0,0.0,0.0,0.0,0.0,0.0,0.0,0.0,0.0,0.0,0.0,0.0,0.0,0.0,0.0,0.0,0.0,0.0,0.0,0.0,0.0,0.0,0.0,0.0,0.0,0.0,0.0,0.0,0.0,0.0
Kr91,1144701281436916.5,1112701640163342.0,1041945307800624.6,965331247647355.4,891531644902091.2,822596709860181.9,758776664549170.4,699848286559355.9,645479846797557.5,595330472857398.2,549076084565596.44,506415090617330.94,467068585030946.5,430779124290579.8,397309209658554.0,366439779156786.0,337968786656196.8,311709883018337.4,287491197389397.75,265154212539406.66,244552727404598.25,225551900186699.8,208027365786020.1,191864421802843.2,176957277782387.0,163208362790311.44,150527686786922.8,138832251620178.23,128045507782312.72,118096853374431.16,108921171999666.17,100458406560301.11,92653166169252.14,85454363603050.45,78814880923364.97,72691261078474.11,67043423466144.2,61834401596201.97,57030101135739.03,52599076753293.79,48512326301401.414,44743100990385.13,41266730310930.72,38060460559518.086,35103305909819.723,32375911055291.406,29860424523916.98,27540381835921.06,25400597739687.98,23427066820544.883,21606871831868.043,19928099148517.887,18379760789224.125,16951722497538.1,15634637410624.848,14419884881740.51,13299514055973.137,12266191829936.277,11313154854798.65,10434165268497.943,9623469867395.041,8875762450137.252,8186149087261.706,7550116089219.963,6963500463166.65,6422462665144.52,5923461469322.238,5463230789797.925,5038758303261.344,4647265732594.877,4286190662364.5396,3953169767178.9897,3646023343141.9087,3362741041152.411,3101468708674.3286,2860496253850.56,2638246452530.078,2433264624946.847,2244209114481.9683,2069842506190.2012,1909023527613.9429,1760699578873.5142,1623899843141.3188,1497728932406.27,1381361026938.4165,1274034470095.123,1175046783090.4893,1083750067098.434,999546762595.0784,921885738184.2799,850258683306.7079,784196781221.8671,723267640486.8958,667072464847.9261,615243443020.2467,567441341272.7213,523353283059.35126,482690701165.1122,445187448962.35846,410598058415.5028,378696133432.1787,349272868044.9787,322135679724.8967,297106948881.17615,274022856297.27975,252732310893.71204,233095960799.639,214985281260.5239,198281733411.908,182875988413.30637,168667211863.9813,155562403816.92017,143475790071.2435,132328260758.90518,122046852551.09422,112564271095.25157,103818450556.93481,95752147383.62387,88312565631.55081,81451011403.22652,75122574133.8712,69285832640.69102
Kr92,601138743003370.4,418370640643456.56,287807155985933.3,197569019700852.1,135568307108545.77,93017173984513.48,63820686498691.07,43788343869179.32,30043831717225.01,20613515950738.086,14143236948159.887,9703883171961.59,6657977157947.218,4568136182536.521,3134265511360.619,2150465726744.9695,1475466205762.5432,1012339093467.9274,694580761091.5599,476562089512.7576,326976268107.1833,224343233039.39288,153925196167.65936,105610343999.50957,72460812377.63055,49716430527.39755,34111175175.68152,23404179654.949574,16057952342.59945,11017597593.200087,7559335968.6131935,5186571736.985328,3558583253.1570992,2441596378.4607325,1675215233.4847705,1149389843.1601753,788613298.8485522,541079198.5170937,371242406.7605337,254714882.69198278,174763632.2879475,119907901.9163974,82270577.42942062,56447054.80118741,38729155.614128694,26572644.04434159,18231882.423217364,12509163.03772204,8582720.98689289,5888731.269767335,4040345.249541831,2772140.3792535807,1902006.340463014,1304994.5616879533,895375.9878742378,614330.6517881621,421501.30764895753,289198.2547715105,198423.18172009682,136141.0672240513,93408.39121836574,64088.87287216623,43972.31953628914,30170.05602919976,20700.11976634216,14202.657029413398,9744.652155256099,6685.949356538072,4587.328319777981,3147.4335193488905,2159.50049095252,1481.6650905430083,1016.5922396088437,697.4989072963701,478.5642726004117,328.34999541045636,225.28576757351934,154.57188299255105,106.05404535404514,72.76524241151863,49.92530445709315,34.254486655003305,23.50250777150928,16.12541671148278,11.063885890261737,7.591095050930734,5.208362111090237,3.57353394974475,2.45185427157353,1.6822533250209522,1.1542187814155251,0.7919265045029682,0.5433524377112988,0.3728021096504472,0.25578501781502877,0.17549786775611445,0.12041167168444285,0.08261622128646587,0.056684206141921205,0.038891868641614855,0.02668428384883012,0.01830848013723443,0.012561717857389796,0.008618779622659688,0.0059134716308147746,0.004057319975616212,0.002783786988805798,0.0019099972508003831,0.001310477242955286,0.0008991377362370729,0.0006169116427404544,0.0004232721635524594,0.0002904132650869022,0.00019925681819135837,0.0001367130374842327,9.380082843747734e-05,6.435812982775549e-05,4.415706069895798e-05,3.029680966165297e-05,2.0787087300312313e-05,1.4262326735270838e-05,9.785592419221025e-06
Kr93,176275690287804.44,103373747447054.19,60302039614997.07,35176253863125.88,20519518429093.64,11969740671803.232,6982361318337.21,4073051448362.501,2375950963385.3467,1385973894997.3965,808486230236.5223,471617818229.75134,275110890146.7884,160481642024.15128,93614460020.1989,54608533501.63599,31855035328.47236,18582137455.638184,10839599732.341284,6323111247.986293,3688488213.74099,2151622005.26504,1255115100.0819864,732151795.5286789,427089317.67361647,249135884.64152095,145329528.15164158,84775710.98667344,49452587.26634622,28847394.60008804,16827677.199803527,9816162.737272758,5726105.257459252,3340234.091169126,1948473.4007070998,1136611.5336947085,663024.5904609287,386765.0419901142,225613.34806846763,131608.02373644884,76771.48564169757,44783.447394029004,26123.72476226338,15238.866928888643,8889.355074351051,5185.466479012929,3024.8609016138034,1764.505375002164,1029.29665848451,600.4241336845336,350.2480430098937,204.31172691122018,119.18205565038906,69.52299118505655,40.55515133499603,23.657214279323924,13.800066552208868,8.050053340888809,4.695872918147812,2.7392641426844735,1.5979069651562283,0.9321140774662774,0.543734192513431,0.3171788510177599,0.18502133012439015,0.10792930389637417,0.06295887415642519,0.03672607616232154,0.021423583066772355,0.012497112661596204,0.007289995533887028,0.004252505064422209,0.0024806324282196424,0.001447038192950623,0.000844107134953733,0.0004923967167908142,0.0002872319361684614,0.00016755226495576467,9.773899750249744e-05,5.701451803898476e-05,3.3258528839879446e-05,1.940084348054573e-05,1.131717910821451e-05,6.601699719697148e-06,3.850998448669538e-06,2.24641981328038e-06,1.310413921159098e-06,7.644094993357501e-07,4.459063454987431e-07,2.6011250400318733e-07,1.5173256766088964e-07,8.851082410357461e-08,5.163140718084118e-08,3.011837517583518e-08,1.7569083872828624e-08,1.0248650743222833e-08,5.9783903826085626e-09,3.487400679596898e-09,2.0343207321209165e-09,1.1866892340043185e-09,6.922366349939221e-10,4.0380543203441984e-10,2.3555359352215764e-10,1.3740651070902966e-10,8.015394247617221e-11,4.675655077275266e-11,2.7274703809047118e-11,1.5910272583767274e-11,9.281009079402361e-12,5.4139317273440016e-12,3.1581325368371927e-12,1.842247302428162e-12,1.0746461979403628e-12,6.268780794117684e-13,3.656795391824347e-13,2.133134492470298e-13,1.2443306981680536e-13,7.258608830661698e-14,4.234196121186129e-14,2.4699521920694667e-14,1.4408080439598966e-14,8.404728748211974e-15
Kr94,31359836244907.8,1192890081105.221,45357367687.851746,1724626412.1708286,65575592.482701704,2493385.4074755562,94806.17032704706,3604.8217436153295,137.0663930249973,5.211685190858024,0.19816427593345404,0.007534814329367635,0.0002864967800609481,1.0893487403581451e-05,4.1420384475784595e-07,1.574930218910213e-08,5.988368350097475e-10,2.2769615482559715e-11,8.65770705663394e-13,3.2919260993186874e-14,1.2516913973281062e-15,4.759315084471205e-17,1.8096377526942143e-18,6.880798471740637e-20,2.6162908868484757e-21,9.947941409298123e-23,3.782512823030739e-24,1.4382275354998735e-25,5.468582766661061e-27,2.079323106926078e-28,7.90622500834263e-30,3.0061895467006277e-31,1.1430455851125054e-32,4.346210341524092e-34,1.6525626430648212e-35,6.283550667489593e-37,2.389198930316144e-38,9.084468051093751e-40,3.4541937351538535e-41,1.3133905356780473e-42,4.993914156154982e-44,1.8988395242371765e-45,7.219971000825849e-47,2.745254698324632e-48,1.0438301425049247e-49,3.968962759873604e-51,1.5091215273263859e-52,5.738143494983183e-54,2.181818373988159e-55,8.295943489796408e-57,3.1543724815230165e-58,1.1993892875991439e-59,4.560446401412367e-61,1.7340217721792689e-62,6.593283292312173e-64,2.5069687860982994e-65,9.532265209655748e-67,3.6244599665969064e-68,1.3781309857133193e-69,5.240077228846902e-71,1.992438284091506e-72,7.57586222977686e-74,2.8805754729175694e-75,1.095283256678056e-76,4.1646033011044035e-78,1.5835100691827427e-79,6.020991575687837e-81,2.2893659004779115e-82,8.70487221313258e-84,3.3098597402516343e-85,1.2585103183492035e-86,4.785242716269902e-88,1.819496234536268e-89,6.918283447223446e-91,2.6305438256828572e-92,1.0002135459794363e-93,3.803119065317451e-95,1.4460626616307041e-96,5.498374322361451e-98,2.0906507712958583e-99,7.949296266978754e-101,3.022566561943492e-102,1.1492726292425803e-103,4.3698874756189646e-105,1.6615654165675628e-106,6.3177819770800695e-108,2.4022147254588535e-109,9.133958101350004e-111,3.473011372090451e-112,1.3205455791270659e-113,5.0211198286471395e-115,1.90918395639925e-116,7.259303708659695e-118,2.760210201742357e-119,1.0495166841847505e-120,3.99058473766545e-122,1.5173428672892944e-123,5.769403554278597e-125,2.1937044085222076e-126,8.341137843271397e-128,3.171556762623423e-129,1.205923278999225e-130,4.585290643290668e-132,1.7434683159029102e-133,6.629201952563429e-135,2.5206261637804302e-136,9.58419475375554e-138,3.644205174009166e-139,1.385638719942681e-140,5.26862393999653e-142,2.0032926203341677e-143,7.61713374951559e-145,2.8962681721620393e-146,1.1012501028503406e-147,4.187291082657502e-149,1.5921366604662934e-150,6.05379252495617e-152,2.3018378287000759e-153,8.752294314336514e-155,3.327891079452254e-156,1.2653663872519627e-157,4.811311595722722e-159
Kr95,2587036507345.0435,5919462048.285483,13541546.124485921,30978.062837555717,70.86638173797876,0.16211614286393586,0.00037086193950543444,8.483953278432529e-07,1.9408155856222996e-09,4.4398702041065025e-12,1.0156785412969644e-14,2.323497876800508e-17,5.315306136725804e-20,1.2159459928587973e-22,2.781635938772339e-25,6.363357041605378e-28,1.4557013832953217e-30,3.330107840048695e-33,7.618058451830164e-36,1.7427307872003438e-38,3.9867252474628817e-41,9.120156891410222e-44,2.086355506361281e-46,4.7728118614097305e-49,1.0918433121756189e-51,2.497734779745776e-54,5.7138959046426e-57,1.3071286300627364e-59,2.990228180638439e-62,6.84053915325465e-65,1.5648630499234744e-67,3.579829469802372e-70,8.189329432688841e-73,1.8734165167036892e-75,4.2856859940800215e-78,9.804068810160226e-81,2.2428093277746073e-83,5.1307204979425015e-86,1.1737196070130137e-88,2.685037542854321e-91,6.142375541364916e-94,1.405148966783178e-96,3.214462556962263e-99,7.35350469905499e-102,1.6822106464392905e-104,3.848277487817969e-107,8.803439482797868e-110,2.0139022451634165e-112,4.6070655236506e-115,1.0539266635301696e-117,2.4109954729267178e-120,5.515468363806823e-123,1.261735727575898e-125,2.886385962592461e-128,6.602986459816833e-131,1.5105197556242569e-133,3.455512056576981e-136,7.90493704480824e-139,1.8083580279642268e-141,4.136856168197354e-144,9.463601063345966e-147,2.1649228652101997e-149,4.95254499945376e-152,1.1329596248332363e-154,2.5917937376517398e-157,5.92906810736484e-160,1.3563520935744494e-162,3.1028333094345893e-165,7.098138154352584e-168,1.6237922000217585e-170,3.7146376296362714e-173,8.497720779373668e-176,1.9439650820333114e-178,4.4470750902259175e-181,1.0173267534940715e-183,2.327268378376336e-186,5.323931653609049e-189,1.2179191929757297e-191,2.786149892839279e-194,6.373683303571214e-197,1.458063651156399e-199,3.335511837609417e-202,7.630420805023665e-205,1.745558837634555e-207,3.993194783750398e-210,9.134956804194358e-213,2.0897411805222084e-215,4.7805570351085e-218,1.093615122242765e-220,2.5017880276600736e-223,5.723168240859323e-226,1.3092497985857059e-228,2.9950806318413167e-231,6.851639771815289e-234,1.5674024620118573e-236,3.585638708016806e-239,8.20261882702795e-242,1.8764566399587752e-244,4.2926406747601756e-247,9.81997855437273e-250,2.246448890431014e-252,5.139046474873984e-255,1.1756242834372974e-257,2.6893947399869554e-260,6.1523432012837225e-263,1.4074291997226705e-265,3.2196788888803865e-268,7.365437742477345e-271,1.6849404866326452e-273,3.854522355298544e-276,8.817725436219215e-279,2.0171703443791586e-281,4.61454172924145e-284,1.0556369436149187e-286,2.414907962936179e-289,5.524418697854814e-292,1.2637832338794778e-294,2.8910699018071546e-297,6.613701585102936e-300,1.5129709810700664e-302,3.4611195562802103e-305,7.917764935843503e-308
Kr96,13566852429838.875,2342197361.8174925,404341.71544392477,69.80292209691788,0.012050322158536905,2.0802891879355416e-06,3.591275858443071e-10,6.199744903849216e-14,1.0702836091646799e-17,1.84766796345986e-21,3.189693716659195e-25,5.50647963124473e-29,9.50602804618836e-33,1.641058811916336e-36,2.8330171245898e-40,4.890736376989905e-44,8.443048967688704e-48,1.457553022202825e-51,2.5162246727015743e-55,4.343846506484827e-59,7.498933889572561e-63,1.2945671398892526e-66,2.2348564534105597e-70,3.858110725549627e-74,6.660391251476307e-78,1.149806596502554e-81,1.9849512730468312e-85,3.426690687246794e-89,5.915615776320804e-93,1.0212334058424233e-96,1.7629908848764947e-100,3.043512719400006e-104,5.254122271765761e-108,9.070374725461046e-112,1.5658504580753377e-115,2.703182317453942e-119,4.6665980162481704e-123,8.056111089747995e-127,1.3907545853400778e-130,2.400908198877578e-134,4.144771651447066e-138,7.155264016621069e-142,1.235238209798061e-145,2.132434849924173e-149,3.681296735400151e-153,6.3551510868197e-157,1.0971119211316586e-160,1.8939826151191336e-164,3.26964831689495e-168,5.644508049247077e-172,9.74431132344888e-176,1.6821944860360274e-179,2.90403107507494e-183,5.013330239164925e-187,8.654687032326906e-191,1.494088840235752e-194,2.5792977310201312e-198,4.4527317292563795e-202,7.686906251371321e-206,1.327017465012191e-209,2.290876582673592e-213,3.954820230639562e-217,6.827344246726035e-221,1.178628274989002e-224,2.0347071429270692e-228,3.5125859826475546e-232,6.0638998238059125e-236,1.0468321986936219e-239,1.8071829747575302e-243,3.119803067128731e-247,5.385824962727827e-251,9.297737679269135e-255,1.6051009186291235e-258,2.7709417579380176e-262,4.783573504177121e-266,8.258049958759626e-270,1.4256159973672427e-273,2.4610906716464925e-277,4.248666755459453e-281,7.334621762175855e-285,1.2662013636408648e-288,2.185887623481716e-292,3.77357412469646e-296,6.514452765827545e-300,1.1246127261806946e-303,1.9414582150660665e-307,3.351607102694e-311,5.78599636e-315,9.98857e-319,1.73e-322,0.0,0.0,0.0,0.0,0.0,0.0,0.0,0.0,0.0,0.0,0.0,0.0,0.0,0.0,0.0,0.0,0.0,0.0,0.0,0.0,0.0,0.0,0.0,0.0,0.0,0.0,0.0,0.0,0.0,0.0,0.0,0.0
Kr97,10624657483.959124,177035.7759369451,2.949898950522895,4.91533633371112e-05,8.190291151911504e-10,1.364725923087205e-14,2.274005661827476e-19,3.789113742578911e-24,6.313697100763685e-29,1.0520341638797251e-33,1.7529758940070782e-38,2.9209360213526606e-43,4.8670761931202326e-48,8.109876593143528e-53,1.3513266640243977e-57,2.2516788411394128e-62,3.751911168936571e-67,6.251707464847736e-72,1.0417049995645475e-76,1.7357646886380723e-81,2.8922574582845086e-86,4.819289884025638e-91,8.030251566901534e-96,1.338058962617522e-100,2.22957123139282e-105,3.715073860519721e-110,6.19032646043558e-115,1.0314772498603311e-119,1.7187224676751042e-124,2.8638604693328825e-129,4.771972754217791e-134,7.951408321335372e-139,1.3249215271968816e-143,2.207680680313635e-148,3.678598231052686e-153,6.129548111813668e-158,1.0213499190501944e-162,1.7018475719822375e-167,2.835742289924727e-172,4.7251201971638525e-177,7.87333918070476e-182,1.3119130787747673e-186,2.186005056759447e-191,3.6424807294708563e-196,6.069366501939685e-201,1.0113220211934775e-205,1.685138358713379e-210,2.807900182630312e-215,4.67872765155918e-220,7.79603654463189e-225,1.2990323509209114e-229,2.164542250511972e-234,3.6067178395749497e-239,6.009775771866478e-244,1.0013925800297627e-248,1.6685932011523718e-253,2.7803314368967716e-258,4.632790600883293e-263,7.719492887361635e-268,1.2862780896392184e-272,2.143290172071643e-277,3.571306079688694e-282,5.95077012017162e-287,9.915606288838216e-292,1.6522104885545885e-296,2.7530333687841836e-301,4.5873045729601544e-306,7.6437007570287e-311,1.27364905e-315,2.122e-320,0.0,0.0,0.0,0.0,0.0,0.0,0.0,0.0,0.0,0.0,0.0,0.0,0.0,0.0,0.0,0.0,0.0,0.0,0.0,0.0,0.0,0.0,0.0,0.0,0.0,0.0,0.0,0.0,0.0,0.0,0.0,0.0,0.0,0.0,0.0,0.0,0.0,0.0,0.0,0.0,0.0,0.0,0.0,0.0,0.0,0.0,0.0,0.0,0.0,0.0,0.0,0.0
Kr98,581238034125.2529,166044.19029202065,0.04743439264298291,1.355073972447683e-08,3.871084604425263e-15,1.105865533491889e-21,3.159162620127928e-28,9.024884272231235e-35,2.578168518715523e-41,7.365139219954187e-48,2.1040236639121285e-54,6.010633942001372e-61,1.7170776643055754e-67,4.905232515749196e-74,1.4012939853418999e-80,4.0031228429045656e-87,1.1435853334854932e-93,3.2669180194685925e-100,9.332712683013775e-107,2.6661068782452655e-113,7.616355638124408e-120,2.175789488400734e-126,6.215649744791769e-133,1.7756452062983e-139,5.072544348709535e-146,1.449090509655699e-152,4.139664753662378e-159,1.1825917124242477e-165,3.378348831405334e-172,9.651040766437706e-179,2.7570447139615502e-185,7.876140759054153e-192,2.2500031625275695e-198,6.4276584005489855e-205,1.8362104197105423e-211,5.245562995640204e-218,1.4985173183783233e-224,4.2808639517743544e-231,1.2229285540345362e-237,3.493580420029742e-244,9.980226654246959e-251,2.8510843345433424e-257,8.144786851328069e-264,2.326748179625207e-270,6.646898427435774e-277,1.8988414428141888e-283,5.424483109394573e-290,1.5496300186337573e-296,4.426879291949483e-303,1.264641238866117e-309,3.61274244e-316,1.04e-322,-0.0,0.0,0.0,0.0,0.0,0.0,0.0,0.0,0.0,0.0,0.0,0.0,0.0,0.0,0.0,0.0,0.0,0.0,0.0,0.0,0.0,0.0,0.0,0.0,0.0,0.0,0.0,0.0,0.0,0.0,0.0,0.0,0.0,0.0,0.0,0.0,0.0,0.0,0.0,0.0,0.0,0.0,0.0,0.0,0.0,0.0,0.0,0.0,0.0,0.0,0.0,0.0,0.0,0.0,0.0,0.0,0.0,0.0,0.0,0.0,0.0,0.0,0.0,0.0,0.0,0.0,0.0,0.0,0.0,0.0
Kr99,431276.31437030743,3.0584156600988007e-06,2.1688894192102614e-17,1.5380778270701986e-28,1.0907349084612986e-39,7.734996367526314e-51,5.4853079645216366e-62,3.889931169452757e-73,2.758562436411843e-84,1.9562471375690145e-95,1.3872815828757351e-106,9.837970638913242e-118,6.976641763778715e-129,4.947517337323358e-140,3.508554492535301e-151,2.4881074259659706e-162,1.7644527329753943e-173,1.2512697058068752e-184,8.873436207213235e-196,6.292637770903998e-207,4.4624527850461113e-218,3.1645687522078748e-229,2.2441683687969856e-240,1.5914622376256407e-251,1.128592706770092e-262,8.003466671474108e-274,5.675694905447028e-285,4.0249449372398184e-296,2.854308065830841e-307,2.024147e-318,0.0,0.0,0.0,0.0,0.0,0.0,0.0,0.0,0.0,0.0,0.0,0.0,0.0,0.0,0.0,0.0,0.0,0.0,0.0,0.0,0.0,0.0,0.0,0.0,0.0,0.0,0.0,0.0,0.0,0.0,0.0,0.0,0.0,0.0,0.0,0.0,0.0,0.0,0.0,0.0,0.0,0.0,0.0,0.0,0.0,0.0,0.0,0.0,0.0,0.0,0.0,0.0,0.0,0.0,0.0,0.0,0.0,0.0,0.0,0.0,0.0,0.0,0.0,0.0,0.0,0.0,0.0,0.0,0.0,0.0,0.0,0.0,0.0,0.0,0.0,0.0,0.0,0.0,0.0,0.0,0.0,0.0,0.0,0.0,0.0,0.0,0.0,0.0,0.0,0.0,0.0,0.0
La147,233350022127932.16,240238543791184.28,222640046775687.47,196959780229972.9,170313195614579.75,145547490421772.75,123608917839191.11,104625483976006.28,88396679120511.27,74611426233347.77,62942058792758.56,53082211993504.33,44759730546716.9,37738783809394.87,31817611523516.5,26824763961464.867,22615075840245.984,19065877740442.844,16073620503107.986,13550945769427.865,11424177766937.121,9631191010850.768,8119604492801.184,6845255523639.113,5770911369429.77,4865182294589.725,4101604832439.1416,3457868764734.3057,2915165346764.9316,2457637790905.419,2071917978795.7363,1746735877716.0535,1472590254531.1702,1241471068604.0142,1046625433670.773,882360311044.572,743876169446.6478,627126751419.0197,528700848998.2281,445722634372.2633,375767633372.9554,316791886705.5619,267072229136.48434,225155941705.48483,189818305891.1166,160026819538.6616,134911029004.46324,113737096066.22528,95886356490.16556,80837243774.93648,68150049916.62835,57454077931.82198,48436810758.52643,40834780069.76854,34425868202.99345,29022818281.499058,24467762905.32808,20627611549.80525,17390161899.803368,14660821499.919512,12359843933.07647,10419998773.659838,8784607235.412489,7405886119.251148,6243551674.139414,5263642578.342909,4437527650.696229,3741069298.98969,3153918262.942509,2658919045.420685,2241608659.669226,1889794046.8545017,1593195816.8174179,1343147902.7830532,1132344354.4775877,954625871.4029115,804799839.1551179,678488610.5718507,572001598.7565233,482227444.76765317,406543109.307154,342737232.2302441,288945520.5797071,243596277.29908046,205364479.07176158,173133061.52308425,145960280.60861376,123052196.54713199,103739476.3283321,87457837.00622131,73731558.36644422,62159583.23732218,52403799.32069945,44179160.15877146,37245356.589315474,31399795.344227303,26471679.638642456,22317018.796103276,18814421.09999667,15861546.945948182,13372118.66266576,11273399.633576833,9504069.063727165,8012430.296453232,6754900.330063993,5694736.4009265145,4800962.426003737,4047463.937426434,3412225.0647155438,2876685.270647858,2425197.0457441667,2044568.716188283,1723679.0068466777,1453152.0976135037,1225083.6788118735,1032810.0014830055,870713.1746280731,734057.0205384208,618848.6922021249,521722.00949644815,439839.10545957764,370807.5089226198
La148,121899144922363.16,74287342370890.23,44132899636855.41,25871186253555.316,15057275123275.285,8729013866824.786,5049384160184.519,2917337438963.77,1684390102095.5115,972155593141.8718,560967860711.8923,323660307828.81036,186729346231.97162,107725840514.86691,62146742794.71169,35851878665.07496,20682484562.5124,11931415250.032972,6883040946.627606,3970710876.452349,2290635091.8125596,1321427693.4064324,762308592.437832,439762486.06051177,253691266.82709217,146350038.36175308,84426766.41972479,48704318.03969041,28096665.103253584,16208472.248884741,9350382.730419476,5394071.43213677,3111744.9881262323,1795110.9824693264,1035567.969453265,597400.9572244465,344630.1104323983,198811.05240404417,114690.60120060104,66162.9916675644,38168.266802630336,22018.602151972773,12702.144512693332,7327.643876191215,4227.188938261359,2438.5909880000904,1406.780272565763,811.5468092101174,468.16708791194753,270.07736302638676,155.80288299335646,89.8799443131029,51.85015985917868,29.911445739852848,17.255387228854975,9.954329556896763,5.742477732496746,3.3127344558703915,1.911058272460985,1.1024559225595991,0.6359874414617304,0.366889974846293,0.21165237686664817,0.12209853554071369,0.07043649876221215,0.04063357792055396,0.023440796797689577,0.013522583602775282,0.007800940764610445,0.0045002255930199336,0.002596101034370942,0.0014976450494205312,0.0008639651016499479,0.0004984062793502474,0.0002875218209871681,0.00016586628413179153,9.56853435236e-05,5.51991926095996e-05,3.184344386034596e-05,1.836992298163907e-05,1.0597285640061573e-05,6.113387794238593e-06,3.5267059501972865e-06,2.0344946660963475e-06,1.173664208138176e-06,6.770662496292718e-07,3.9058761714669027e-07,2.253231301248043e-07,1.2998495277481356e-07,7.498603422787492e-08,4.325812495362581e-08,2.495485184370356e-08,1.4396015342985817e-08,8.304808181330637e-09,4.790897848153549e-09,2.763784748579792e-09,1.5943788364066687e-09,9.197691228623158e-10,5.305986381991443e-10,3.060930268920656e-10,1.765796863518935e-10,1.0186571693163048e-10,5.876454138284173e-11,3.3900230891748015e-11,1.9556447263440765e-11,1.1281770640117873e-11,6.508255158091143e-12,3.754497990962293e-12,2.1659038900180873e-12,1.2494718793532044e-12,7.20798362517088e-13,4.158159042973123e-13,2.398768854895848e-13,1.3838075840177823e-13,7.9829426902755e-14,4.605219304492848e-14,2.656670060817096e-14,1.532586256023949e-14,8.841220695019586e-15,5.100344797612566e-15,2.942299253901377e-15,1.6973607163893977e-15
La149,28948109204523.48,15172030354756.096,7868881361490.747,4070244047287.5566,2103919109227.5273,1087328031183.1705,561917113251.4508,290388094609.7621,150066596519.55286,77551270583.64575,40076862471.04509,20710876939.251534,10702944076.932241,5531055582.594069,2858332773.709615,1477126042.4647882,763347558.8517866,394481905.29745436,203859921.7380947,105350504.37784326,54442916.87172298,28134950.23118764,14539548.392979776,7513731.701485795,3882937.9397486416,2006620.3642802422,1036979.0475211208,535888.8826903341,276936.0627657677,143114.71153344095,73958.66198409675,38220.27535722461,19751.431532065602,10207.122892748404,5274.825653954661,2725.918554324987,1408.697168832929,727.9849613736193,376.2072613698873,194.415971506303,100.470070245606,51.92081153080447,26.831579428852,13.86599387453062,7.165652944074449,3.703058185337685,1.9136623041918241,0.988940284272311,0.5110634638694151,0.2641068103463823,0.13648482468933218,0.07053247641000447,0.03644969497415986,0.01883643296438753,0.009734270947216435,0.005030465749697366,0.002599638513874998,0.0013434383095101636,0.0006942605603920167,0.0003587792028139947,0.0001854095187247305,9.581572556076622e-05,4.9515544443897697e-05,2.558858816991043e-05,1.3223642229586239e-05,6.833699173044633e-06,3.5315114835144855e-06,1.8250105897825471e-06,9.431269495699987e-07,4.873880995458747e-07,2.5187188181532124e-07,1.3016207188542574e-07,6.726501122475097e-08,3.476113793769823e-08,1.796382233084443e-08,9.283324191299854e-09,4.79742598504769e-09,2.4792084826230985e-09,1.2812026114560733e-09,6.620984653396766e-10,3.421585109844157e-10,1.7682029602501917e-10,9.137699657513258e-11,4.7221702999017426e-11,2.4403179330740385e-11,1.2611047963701476e-11,6.517123387379297e-12,3.3679117999214988e-12,1.7404657266450378e-12,8.994359489154803e-13,4.648095126589534e-13,2.4020374471218227e-13,1.2413222492735456e-13,6.414891359782311e-14,3.3150804460237725e-14,1.713163598141139e-14,8.853267852115491e-15,4.575181946799936e-15,2.36435745489416e-15,1.221850024658273e-15,6.314263013264432e-16,3.2630778406564304e-16,1.6862897493841092e-16,8.714389474404581e-17,4.503412532712691e-17,2.3272685366382966e-17,1.2026832545949436e-17,6.215213191394135e-18,3.2118909835066784e-18,1.6598374620867136e-18,8.577689637331775e-19,4.432768942441496e-19,2.290761420366118e-19,1.1838171475158173e-19,6.117717132360755e-20,3.1615070781934476e-20,1.6338001233493223e-20,8.44313416682767e-21,4.363233515548645e-21,2.254826979536209e-21,1.1652469870169383e-21,6.021750462784226e-22
La150,3776447950375.0586,1696336657765.1594,758616662976.9983,338928818448.35175,151391150425.9315,67619441371.552864,30202161497.775673,13489735715.697573,6025160607.221068,2691124337.441661,1201984558.2948353,536863663.2383274,239788931.18604043,107101179.38717943,47836497.57585627,21366062.571731377,9543103.13153277,4262405.254747297,1903793.5884463713,850325.0654950365,379795.7517018398,169634.90653634907,75767.04422483002,33841.17754878036,15115.084791875355,6751.118158824691,3015.371532610346,1346.808819779238,601.5490885346693,268.68052881938087,120.0055455864955,53.60020331504439,23.940408598395617,10.692928914642128,4.7759723190878285,2.1331771467646163,0.9527787088070743,0.4255564378855808,0.19007381268270368,0.08489603505294221,0.03791862048740946,0.01693626538355465,0.007564544317677204,0.003378686471792429,0.001509082608981059,0.0006740283064859031,0.00030105320625953676,0.00013446472815313842,6.005836424047269e-05,2.682493145067278e-05,1.1981294469694831e-05,5.351417856687188e-06,2.3901985840766907e-06,1.067576747755388e-06,4.768307202341659e-07,2.1297535398469488e-07,9.512495625833655e-08,4.2487344821132293e-08,1.8976875690196123e-08,8.475978258402249e-09,3.785776363283179e-09,1.690908380821549e-09,7.552403729027887e-10,3.3732639055536147e-10,1.5066606321343296e-10,6.729465360495903e-11,3.00570035960671e-11,1.342489212408125e-11,5.996197457513733e-12,2.678187922642602e-12,1.1962065291897145e-12,5.342829188267733e-13,2.3863624749099165e-13,1.0658633583426491e-13,4.760654387596154e-14,2.126335427589831e-14,9.49722870537262e-15,4.24191554689897e-15,1.894641907153819e-15,8.46237487912193e-16,3.7797004449442964e-16,1.6881945857490138e-16,7.540282625212865e-17,3.3678500421716127e-17,1.5042425423987503e-17,6.7186650178261014e-18,3.0008764111787913e-18,1.340334606841739e-18,5.986573960878011e-19,2.673889609812512e-19,1.1942866975646142e-19,5.3342543040877546e-20,2.3825325224422737e-20,1.0641527188055405e-20,4.753013855107458e-21,2.122922801174712e-21,9.481986287299797e-22,4.23510755562054e-22,1.8916011333720107e-22,8.44879333235729e-23,3.773634278048758e-23,1.6854851461364116e-23,7.528180974960329e-24,3.362444867678941e-24,1.501828333535781e-24,6.7078820089853215e-25,2.996060204866082e-25,1.3381834592734606e-25,5.976965909311985e-26,2.6695981954875857e-26,1.1923699471411142e-26,5.325693182024456e-27,2.3787087167926673e-27,1.0624448247306923e-27,4.745385585163338e-28,2.1195156517971694e-28,9.466768332290424e-29,4.2283104907136195e-29,1.888565239829126e-29,8.43523358306852e-30,3.7675778469461194e-30,1.6827800549935104e-30
La151,372122514189.0679,152817961468.20895,62707023801.83329,25727635801.014862,10555378899.344748,4330580757.29427,1776716690.11923,728937304.1951874,299062640.0757001,122697057.63164343,50339179.57833738,20652760.948965363,8473251.617963718,3476338.7403054326,1426244.7974190828,585148.4490220137,240070.0833492718,98494.05738945739,40409.36382282949,16578.83457992852,6801.833288782225,2790.6024313914977,1144.9063214959199,469.7231215224372,192.71429177235837,79.06529730312126,32.43828560994977,13.308523577399312,5.460115924124745,2.240133229767813,0.9190641658243537,0.377066385908647,0.15469981821637163,0.06346901938370214,0.026039567906243653,0.01068330822388584,0.0043830633064836895,0.0017982485898601194,0.0007377712263818842,0.000302686950817723,0.00012418401113939177,5.094923511240313e-05,2.0903049714066806e-05,8.575938115357101e-06,3.518468145293703e-06,1.4435293169009795e-06,5.922398051378881e-07,2.429794689191086e-07,9.968769711868027e-08,4.089908090190997e-08,1.6779751834667734e-08,6.884264032932985e-09,2.8244214659491234e-09,1.1587813278444963e-09,4.754156495230527e-10,1.9504977719295558e-10,8.002348181257512e-11,3.283140198141591e-11,1.3469808256905133e-11,5.526286528381897e-12,2.2672811825750655e-12,9.302022134498605e-13,3.816360161046642e-13,1.5657460999590504e-13,6.423819414529875e-14,2.635513885142054e-14,1.0812778178455227e-14,4.436181216710821e-15,1.8200413864690468e-15,7.467122028248066e-16,3.0635518400447005e-16,1.2568898487444775e-16,5.1566683848048254e-17,2.115637170385926e-17,8.679869060240096e-18,3.5611081123692895e-18,1.461023305763045e-18,5.994171006963851e-19,2.459241130445959e-19,1.0089580244959465e-19,4.139473281378304e-20,1.6983103985723542e-20,6.96769374711033e-21,2.8586503500379993e-21,1.1728244840211958e-21,4.811771647068689e-22,1.9741356613011924e-22,8.099327846522515e-23,3.3229282491263787e-23,1.3633047529472424e-23,5.5932590476402224e-24,2.2947581387343595e-24,9.41475241971719e-25,3.8626102519656997e-25,1.5847212219138422e-25,6.501669045967213e-26,2.667453416963609e-26,1.0943817166584687e-26,4.48994285763258e-27,1.842098287822287e-27,7.557615340759614e-28,3.1006787214600217e-28,1.27212197237186e-28,5.219161538378486e-29,2.141276367776372e-29,8.785059533953567e-30,3.604264828983935e-30,1.4787293025439907e-30,6.0668137718910735e-31,2.48904443020681e-31,1.0211854868939551e-31,4.189639148209978e-32,1.718892054136334e-32,7.052134537733097e-33,2.8932940505840186e-33,1.1870378278171335e-33,4.870085031227285e-34,1.9980600159136483e-34,8.197482798748566e-35,3.3631984875614876e-35,1.3798265082621013e-35,5.661043200228228e-36
La152,16397796414.805779,3527980352.9623003,758754410.0050303,163169688.10259533,35088883.62027269,7545669.821097188,1622652.9338208537,348942.116462804,75037.9779227521,16136.481689393706,3470.056735616639,746.2155613637267,160.46932554247277,34.507997115940746,7.4207445000567684,1.5957880357424818,0.3431649553489769,0.07379563196490942,0.01586932235420796,0.003412605668876364,0.0007338610427910943,0.00015781255802219788,3.3936674679976324e-05,7.297884926068744e-06,1.5693677974161074e-06,3.374834364363452e-07,7.257385429751245e-08,1.5606586157866152e-08,3.356105774738326e-09,7.217110684744368e-10,1.551997765622048e-10,3.3374811191234304e-11,7.177059443794311e-12,1.5433849787077126e-12,3.318959820738631e-13,7.137230466568853e-14,1.534819988317363e-14,3.3005413060046175e-15,7.097622519618985e-16,1.5263025292049506e-16,3.2822250045251556e-17,7.058234376340712e-18,1.5178323375964031e-18,3.264010349069419e-19,7.019064816937073e-20,1.509409151181463e-20,3.245896775554412e-21,6.980112628380304e-22,1.501032709105555e-22,3.227883723027514e-23,6.941376604374362e-24,1.492702751961709e-24,3.209970633649096e-25,6.902855545317505e-26,1.484419021782538e-26,3.1921569526752626e-27,6.864548258265181e-28,1.4761812620322377e-28,3.1744421284406514e-29,6.826453556893029e-30,1.46798921759864e-30,3.1568256123413574e-31,6.788570261460219e-32,1.459842634785325e-32,3.139306858817947e-33,6.75089719877283e-34,1.4517412613037527e-34,3.121885325338558e-35,6.713433202147598e-36,1.4436848462654559e-36,3.1045604723821143e-37,6.676177111375748e-38,1.4356731401742701e-38,3.087331763421583e-39,6.639127772687048e-40,1.4277058949186047e-40,3.07019866490739e-41,6.602284038714088e-42,1.419782863763758e-42,3.053160646250878e-43,6.565644768456771e-44,1.4119038013442797e-44,3.036217179807896e-45,6.5292088272469644e-46,1.404068463656377e-46,3.019367740862442e-47,6.492975086713367e-48,1.396276608050344e-48,3.0026118076104045e-49,6.45694242474651e-50,1.3885279932230594e-50,2.985948861143432e-51,6.421109725464114e-52,1.3808223792105094e-52,2.9693783854328384e-53,6.385475879176437e-54,1.3731595273803584e-54,2.9528998673136312e-55,6.3500397823519375e-56,1.3655392004245538e-56,2.93651279646862e-57,6.314800337583127e-58,1.357961162351983e-58,2.920216665412617e-59,6.279756453552553e-60,1.3504251784811594e-60,2.904010969476702e-61,6.244907044998994e-62,1.3429310154329619e-62,2.887895206792618e-63,6.210251032683893e-64,1.3354784411233956e-64,2.8718688782772078e-65,6.175787343357894e-66,1.3280672247564225e-66,2.8559314876169844e-67,6.141514909727631e-68,1.320697136816793e-68,2.8400825412527267e-69,6.10743267042266e-70,1.3133679490629562e-70,2.8243215483642227e-71
La153,513685598.8158217,67687927.69439434,8918838.46266856,1175178.3911857991,154845.69906206333,20403.021294601644,2688.3748092129917,354.2298470587025,46.67458723158537,6.150009976071383,0.8103472349547268,0.10677424000183994,0.014068954438534526,0.0018537755828573403,0.0002442600782177265,3.2184578523236134e-05,4.240754781856032e-06,5.587769653982251e-07,7.362644461205949e-08,9.701282769144517e-09,1.278275595987219e-09,1.684301486905912e-10,2.2192956727790225e-11,2.9242230809066714e-12,3.853060559614204e-13,5.0769299281542476e-14,6.6895438305722124e-15,8.814381386866203e-16,1.1614143086717412e-16,1.530320889447047e-17,2.016405349230032e-18,2.656887558969818e-19,3.500809747258464e-20,4.612791702503169e-21,6.077978761155211e-22,8.008561453361752e-23,1.0552366020456691e-23,1.3904173586998791e-24,1.8320634705298777e-25,2.4139921290888277e-26,3.1807620713148076e-27,4.191085477206452e-28,5.522323607810764e-29,7.276410418074103e-30,9.58765772027021e-31,1.263303954553278e-31,1.6645743185176778e-32,2.193302452574358e-33,2.889973487487521e-34,3.8079320745653656e-35,5.017467027737327e-36,6.611193393544109e-37,8.7111440583899e-38,1.1478113903024398e-38,1.512397199354239e-39,1.9927884563088772e-40,2.625769099078956e-41,3.459806955349634e-42,4.5587649624197836e-43,6.006791202743875e-44,7.91476218905771e-45,1.0428772766518397e-45,1.3741322710369893e-46,1.8106056585751618e-47,2.385718551235561e-48,3.143507797378971e-49,4.1419979180128697e-50,5.457644090187278e-51,7.191186380278513e-52,9.47536349042663e-53,1.2485076665782736e-53,1.6450782020970715e-54,2.1676136746776347e-55,2.8561250381045586e-56,3.7633321511966127e-57,4.958700579029633e-58,6.533760626111742e-59,8.609115884081486e-60,1.1343677943960933e-60,1.494683438217356e-61,1.9694481732625534e-62,2.5950151102183874e-63,3.419284403461175e-64,4.505371003704451e-65,5.936437419617339e-66,7.822061536787211e-67,1.0306627082953368e-67,1.358037920406067e-68,1.789399168532213e-69,2.3577761240911172e-70,3.106689859420293e-71,4.0934852906551387e-72,5.3937221232430217e-73,7.106960518259283e-74,9.364384492563982e-75,1.2338846782569628e-75,1.6258104314770965e-76,2.1422257733467625e-77,2.822673034408922e-78,3.7192545987960027e-79,4.9006224249284574e-80,6.457234780185839e-81,8.508282701875435e-82,1.1210816549084705e-82,1.4771771472700123e-83,1.9463812603328389e-84,2.5646213235672058e-85,3.3792364668425084e-86,4.452602414985341e-87,5.866907646287916e-88,7.7304466291956e-89,1.01859120152765e-89,1.3421320728237169e-90,1.768441056824886e-91,2.3301609690946478e-92,3.0703031469087625e-93,4.045540861316757e-94,5.330548834261371e-95,7.023721141008751e-96,9.254705322193916e-97,1.219432959839055e-97,1.6067683321864273e-98
La154,5275037.010834172,252300.73317535545,12067.339021523881,577.1710182038308,27.605620730491328,1.3203544042930513,0.06315147809773702,0.003020483873846195,0.00014446728892148983,6.909753019720302e-06,3.304878713372997e-07,1.5806966296673898e-08,7.560343515577144e-10,3.616050860155044e-11,1.7295277385593547e-12,8.272190613817803e-14,3.956521542021338e-15,1.892372098671237e-16,9.051061953778353e-18,4.329049373992399e-19,2.0705491331479313e-20,9.903268229130575e-22,4.7366527095640793e-23,2.2655024959361712e-24,1.0835714319375086e-25,5.182634096485157e-27,2.478811768784206e-28,1.185595523564024e-29,5.670607035178319e-31,2.712205259577076e-32,1.2972257334079643e-33,6.204525256610681e-35,2.96757400570416e-36,1.4193665292840958e-37,6.788714756833661e-39,3.2469870959192213e-40,1.5530075395277466e-41,7.427908847747466e-43,3.552708434836247e-44,1.6992315713168983e-45,8.127286508084026e-47,3.887215085892851e-48,1.8592233839625273e-49,8.892514345341661e-51,4.253217341402644e-52,2.034279288251531e-53,9.729792508662184e-55,4.653680682311176e-56,2.2258176496195354e-57,1.0645904924652843e-58,5.091849805581347e-60,2.4353903802540543e-61,1.1648274263181685e-62,5.571274913886565e-64,2.6646955132410795e-65,1.2745022078498906e-66,6.095840480620379e-68,2.915590960635407e-69,1.3945034612969025e-70,6.669796723286718e-72,3.1901095669274e-73,1.5258034796579e-74,7.297794040279545e-76,3.490475579874846e-77,1.6694661025588433e-78,7.984920690070969e-80,3.8191226721523763e-81,1.8266553358614117e-82,8.736744018097984e-84,4.178713659836377e-85,1.9986447828540807e-86,9.559355565382885e-88,4.572162077491507e-89,2.186827963440666e-90,1.0459420424373465e-91,5.002655784667953e-93,2.3927296049361045e-94,1.1444231241901612e-95,5.473682795077648e-97,2.6180179959515233e-98,1.2521767306811564e-99,5.989059537726657e-101,2.8645185034641873e-102,1.370075920100697e-103,6.5529617789855616e-105,3.134228362592456e-106,1.4990759537742476e-107,7.169958456139403e-109,3.429332858907741e-110,1.6402220360306767e-111,7.845048696548812e-113,3.752223034398447e-114,1.7946577828209017e-115,8.583702322364716e-117,4.105515060545796e-118,1.9636344877026124e-119,9.39190416898019e-121,4.4920714354792024e-122,2.1485212602674228e-123,1.0276202576303587e-124,4.9150241769580894e-126,2.3508161191555793e-127,1.1243762445746403e-128,5.377800199098023e-130,2.572158129537827e-131,1.2302423292812517e-132,5.884149078452302e-134,2.8143406834065824e-135,1.3460762765651667e-136,6.43817343441991e-138,3.0793260302781636e-139,1.472816614422727e-140,7.044362170132657e-142,3.3692611760389373e-143,1.6114902383205415e-144,7.707626843150924e-146,3.6864952787535245e-147,1.7632207314691745e-148,8.433341460656603e-150,4.0335986823821574e-151,1.9292374684954747e-152,9.227386021577931e-154
La155,10652.392396751155,246.2717354463964,5.693534881260784,0.13162833885656763,0.0030431041438184177,7.035326063193546e-05,1.6264909275613624e-06,3.760270261359515e-08,8.693336187042024e-10,2.0098048493357706e-11,4.646450390857356e-13,1.074208833849401e-14,2.483454081400769e-16,5.741475940320559e-18,1.3273668404082777e-19,3.0687278799553483e-21,7.094565356415477e-23,1.6401864083557358e-24,3.791932724563852e-26,8.766536360969322e-28,2.0267279340256978e-29,4.685574723499907e-31,1.0832539543624245e-32,2.5043654170247113e-34,5.789820675688929e-36,1.338543617826369e-37,3.094567374680408e-39,7.154303460045042e-41,1.6539972086953988e-42,3.8238617940242456e-44,8.840352899586485e-46,2.0437935155334138e-47,4.725028493298968e-49,1.0923752371657876e-50,2.5254528315867846e-52,5.838572486426423e-54,1.349814506645803e-55,3.120624444737573e-57,7.21454457419686e-59,1.6679242996012106e-60,3.8560597146353973e-62,8.914790992846107e-64,2.061002793719562e-65,4.764814474201956e-67,1.1015733235659894e-68,2.5467178077179167e-70,5.887734800214614e-72,1.36118029930931e-73,3.1469009221683095e-75,7.275292934351703e-77,1.6819686602702953e-78,3.888528750194632e-80,8.989855874401553e-82,2.0783569785479167e-83,4.804935463513618e-85,1.1108488602694835e-86,2.568161840533144e-88,5.937311073596979e-90,1.3726417949321751e-91,3.173398654440313e-93,7.336552811654111e-95,1.6961312781448449e-96,3.921271183560992e-98,9.065552821974863e-100,2.0958572901704573e-101,4.845394282092724e-103,1.1202024994281642e-104,2.589786437736777e-106,5.987304792222031e-108,1.3841997993584527e-109,3.2001195045774607e-111,7.398328513212807e-113,1.710413148981597e-114,3.9542893168158395e-116,9.141887157727945e-118,2.113504959013179e-119,4.886193774550449e-121,1.1296348986852177e-122,2.6115931197283837e-124,6.037719471088334e-126,1.3958551252176122e-127,3.227065351290763e-129,7.46062438240348e-131,1.7248152769218038e-132,3.987585471424611e-134,9.218864248636599e-136,2.1313012258625595e-137,4.9273368094502994e-139,1.1391467212213532e-140,2.633583419709698e-142,6.088558654791672e-144,1.4076085919816767e-145,3.2542380891104917e-147,7.523444799174225e-149,1.7393386745618617e-150,4.021161988400143e-152,9.296489506868091e-154,2.1492473419528515e-155,4.968826279509877e-157,1.1487386358014428e-158,2.6557588837924203e-160,6.139825917774281e-162,1.4194610260228462e-163,3.281639628519358e-165,7.58679418035345e-167,1.7539843630245034e-168,4.055021228467212e-170,9.374768390161534e-172,2.167344569054026e-173,5.010665101804225e-175,1.1584113168215343e-176,2.6781210711069247e-178,6.191524864576125e-180,1.4314132606715845e-181,3.309271896086829e-183,7.650676979960378e-185,1.768753372030567e-186,4.089165572228489e-188,9.453706402211604e-190,2.1855941795604776e-191,5.05285621797092e-193,1.1681654443562668e-194
Li11,0.0,0.0,0.0,0.0,0.0,0.0,0.0,0.0,0.0,0.0,0.0,0.0,0.0,0.0,0.0,0.0,0.0,0.0,0.0,0.0,0.0,0.0,0.0,0.0,0.0,0.0,0.0,0.0,0.0,0.0,0.0,0.0,0.0,0.0,0.0,0.0,0.0,0.0,0.0,0.0,0.0,0.0,0.0,0.0,0.0,0.0,0.0,0.0,0.0,0.0,0.0,0.0,0.0,0.0,0.0,0.0,0.0,0.0,0.0,0.0,0.0,0.0,0.0,0.0,0.0,0.0,0.0,0.0,0.0,0.0,0.0,0.0,0.0,0.0,0.0,0.0,0.0,0.0,0.0,0.0,0.0,0.0,0.0,0.0,0.0,0.0,0.0,0.0,0.0,0.0,0.0,0.0,0.0,0.0,0.0,0.0,0.0,0.0,0.0,0.0,0.0,0.0,0.0,0.0,0.0,0.0,0.0,0.0,0.0,0.0,0.0,0.0,0.0,0.0,0.0,0.0,0.0,0.0,0.0,0.0,0.0,0.0
Li9,0.0,0.0,0.0,0.0,0.0,0.0,0.0,0.0,0.0,0.0,0.0,0.0,0.0,0.0,0.0,0.0,0.0,0.0,0.0,0.0,0.0,0.0,0.0,0.0,0.0,0.0,0.0,0.0,0.0,0.0,0.0,0.0,0.0,0.0,0.0,0.0,0.0,0.0,0.0,0.0,0.0,0.0,0.0,0.0,0.0,0.0,0.0,0.0,0.0,0.0,0.0,0.0,0.0,0.0,0.0,0.0,0.0,0.0,0.0,0.0,0.0,0.0,0.0,0.0,0.0,0.0,0.0,0.0,0.0,0.0,0.0,0.0,0.0,0.0,0.0,0.0,0.0,0.0,0.0,0.0,0.0,0.0,0.0,0.0,0.0,0.0,0.0,0.0,0.0,0.0,0.0,0.0,0.0,0.0,0.0,0.0,0.0,0.0,0.0,0.0,0.0,0.0,0.0,0.0,0.0,0.0,0.0,0.0,0.0,0.0,0.0,0.0,0.0,0.0,0.0,0.0,0.0,0.0,0.0,0.0,0.0,0.0
Mg30,0.0,0.0,0.0,0.0,0.0,0.0,0.0,0.0,0.0,0.0,0.0,0.0,0.0,0.0,0.0,0.0,0.0,0.0,0.0,0.0,0.0,0.0,0.0,0.0,0.0,0.0,0.0,0.0,0.0,0.0,0.0,0.0,0.0,0.0,0.0,0.0,0.0,0.0,0.0,0.0,0.0,0.0,0.0,0.0,0.0,0.0,0.0,0.0,0.0,0.0,0.0,0.0,0.0,0.0,0.0,0.0,0.0,0.0,0.0,0.0,0.0,0.0,0.0,0.0,0.0,0.0,0.0,0.0,0.0,0.0,0.0,0.0,0.0,0.0,0.0,0.0,0.0,0.0,0.0,0.0,0.0,0.0,0.0,0.0,0.0,0.0,0.0,0.0,0.0,0.0,0.0,0.0,0.0,0.0,0.0,0.0,0.0,0.0,0.0,0.0,0.0,0.0,0.0,0.0,0.0,0.0,0.0,0.0,0.0,0.0,0.0,0.0,0.0,0.0,0.0,0.0,0.0,0.0,0.0,0.0,0.0,0.0
Mg31,0.0,0.0,0.0,0.0,0.0,0.0,0.0,0.0,0.0,0.0,0.0,0.0,0.0,0.0,0.0,0.0,0.0,0.0,0.0,0.0,0.0,0.0,0.0,0.0,0.0,0.0,0.0,0.0,0.0,0.0,0.0,0.0,0.0,0.0,0.0,0.0,0.0,0.0,0.0,0.0,0.0,0.0,0.0,0.0,0.0,0.0,0.0,0.0,0.0,0.0,0.0,0.0,0.0,0.0,0.0,0.0,0.0,0.0,0.0,0.0,0.0,0.0,0.0,0.0,0.0,0.0,0.0,0.0,0.0,0.0,0.0,0.0,0.0,0.0,0.0,0.0,0.0,0.0,0.0,0.0,0.0,0.0,0.0,0.0,0.0,0.0,0.0,0.0,0.0,0.0,0.0,0.0,0.0,0.0,0.0,0.0,0.0,0.0,0.0,0.0,0.0,0.0,0.0,0.0,0.0,0.0,0.0,0.0,0.0,0.0,0.0,0.0,0.0,0.0,0.0,0.0,0.0,0.0,0.0,0.0,0.0,0.0
Mg32,0.0,0.0,0.0,0.0,0.0,0.0,0.0,0.0,0.0,0.0,0.0,0.0,0.0,0.0,0.0,0.0,0.0,0.0,0.0,0.0,0.0,0.0,0.0,0.0,0.0,0.0,0.0,0.0,0.0,0.0,0.0,0.0,0.0,0.0,0.0,0.0,0.0,0.0,0.0,0.0,0.0,0.0,0.0,0.0,0.0,0.0,0.0,0.0,0.0,0.0,0.0,0.0,0.0,0.0,0.0,0.0,0.0,0.0,0.0,0.0,0.0,0.0,0.0,0.0,0.0,0.0,0.0,0.0,0.0,0.0,0.0,0.0,0.0,0.0,0.0,0.0,0.0,0.0,0.0,0.0,0.0,0.0,0.0,0.0,0.0,0.0,0.0,0.0,0.0,0.0,0.0,0.0,0.0,0.0,0.0,0.0,0.0,0.0,0.0,0.0,0.0,0.0,0.0,0.0,0.0,0.0,0.0,0.0,0.0,0.0,0.0,0.0,0.0,0.0,0.0,0.0,0.0,0.0,0.0,0.0,0.0,0.0
Mg33,0.0,0.0,0.0,0.0,0.0,0.0,0.0,0.0,0.0,0.0,0.0,0.0,0.0,0.0,0.0,0.0,0.0,0.0,0.0,0.0,0.0,0.0,0.0,0.0,0.0,0.0,0.0,0.0,0.0,0.0,0.0,0.0,0.0,0.0,0.0,0.0,0.0,0.0,0.0,0.0,0.0,0.0,0.0,0.0,0.0,0.0,0.0,0.0,0.0,0.0,0.0,0.0,0.0,0.0,0.0,0.0,0.0,0.0,0.0,0.0,0.0,0.0,0.0,0.0,0.0,0.0,0.0,0.0,0.0,0.0,0.0,0.0,0.0,0.0,0.0,0.0,0.0,0.0,0.0,0.0,0.0,0.0,0.0,0.0,0.0,0.0,0.0,0.0,0.0,0.0,0.0,0.0,0.0,0.0,0.0,0.0,0.0,0.0,0.0,0.0,0.0,0.0,0.0,0.0,0.0,0.0,0.0,0.0,0.0,0.0,0.0,0.0,0.0,0.0,0.0,0.0,0.0,0.0,0.0,0.0,0.0,0.0
Mg34,0.0,0.0,0.0,0.0,0.0,0.0,0.0,0.0,0.0,0.0,0.0,0.0,0.0,0.0,0.0,0.0,0.0,0.0,0.0,0.0,0.0,0.0,0.0,0.0,0.0,0.0,0.0,0.0,0.0,0.0,0.0,0.0,0.0,0.0,0.0,0.0,0.0,0.0,0.0,0.0,0.0,0.0,0.0,0.0,0.0,0.0,0.0,0.0,0.0,0.0,0.0,0.0,0.0,0.0,0.0,0.0,0.0,0.0,0.0,0.0,0.0,0.0,0.0,0.0,0.0,0.0,0.0,0.0,0.0,0.0,0.0,0.0,0.0,0.0,0.0,0.0,0.0,0.0,0.0,0.0,0.0,0.0,0.0,0.0,0.0,0.0,0.0,0.0,0.0,0.0,0.0,0.0,0.0,0.0,0.0,0.0,0.0,0.0,0.0,0.0,0.0,0.0,0.0,0.0,0.0,0.0,0.0,0.0,0.0,0.0,0.0,0.0,0.0,0.0,0.0,0.0,0.0,0.0,0.0,0.0,0.0,0.0
Mg35,0.0,0.0,0.0,0.0,0.0,0.0,0.0,0.0,0.0,0.0,0.0,0.0,0.0,0.0,0.0,0.0,0.0,0.0,0.0,0.0,0.0,0.0,0.0,0.0,0.0,0.0,0.0,0.0,0.0,0.0,0.0,0.0,0.0,0.0,0.0,0.0,0.0,0.0,0.0,0.0,0.0,0.0,0.0,0.0,0.0,0.0,0.0,0.0,0.0,0.0,0.0,0.0,0.0,0.0,0.0,0.0,0.0,0.0,0.0,0.0,0.0,0.0,0.0,0.0,0.0,0.0,0.0,0.0,0.0,0.0,0.0,0.0,0.0,0.0,0.0,0.0,0.0,0.0,0.0,0.0,0.0,0.0,0.0,0.0,0.0,0.0,0.0,0.0,0.0,0.0,0.0,0.0,0.0,0.0,0.0,0.0,0.0,0.0,0.0,0.0,0.0,0.0,0.0,0.0,0.0,0.0,0.0,0.0,0.0,0.0,0.0,0.0,0.0,0.0,0.0,0.0,0.0,0.0,0.0,0.0,0.0,0.0
Mg36,0.0,0.0,0.0,0.0,0.0,0.0,0.0,0.0,0.0,0.0,0.0,0.0,0.0,0.0,0.0,0.0,0.0,0.0,0.0,0.0,0.0,0.0,0.0,0.0,0.0,0.0,0.0,0.0,0.0,0.0,0.0,0.0,0.0,0.0,0.0,0.0,0.0,0.0,0.0,0.0,0.0,0.0,0.0,0.0,0.0,0.0,0.0,0.0,0.0,0.0,0.0,0.0,0.0,0.0,0.0,0.0,0.0,0.0,0.0,0.0,0.0,0.0,0.0,0.0,0.0,0.0,0.0,0.0,0.0,0.0,0.0,0.0,0.0,0.0,0.0,0.0,0.0,0.0,0.0,0.0,0.0,0.0,0.0,0.0,0.0,0.0,0.0,0.0,0.0,0.0,0.0,0.0,0.0,0.0,0.0,0.0,0.0,0.0,0.0,0.0,0.0,0.0,0.0,0.0,0.0,0.0,0.0,0.0,0.0,0.0,0.0,0.0,0.0,0.0,0.0,0.0,0.0,0.0,0.0,0.0,0.0,0.0
Mg37,0.0,0.0,0.0,0.0,0.0,0.0,0.0,0.0,0.0,0.0,0.0,0.0,0.0,0.0,0.0,0.0,0.0,0.0,0.0,0.0,0.0,0.0,0.0,0.0,0.0,0.0,0.0,0.0,0.0,0.0,0.0,0.0,0.0,0.0,0.0,0.0,0.0,0.0,0.0,0.0,0.0,0.0,0.0,0.0,0.0,0.0,0.0,0.0,0.0,0.0,0.0,0.0,0.0,0.0,0.0,0.0,0.0,0.0,0.0,0.0,0.0,0.0,0.0,0.0,0.0,0.0,0.0,0.0,0.0,0.0,0.0,0.0,0.0,0.0,0.0,0.0,0.0,0.0,0.0,0.0,0.0,0.0,0.0,0.0,0.0,0.0,0.0,0.0,0.0,0.0,0.0,0.0,0.0,0.0,0.0,0.0,0.0,0.0,0.0,0.0,0.0,0.0,0.0,0.0,0.0,0.0,0.0,0.0,0.0,0.0,0.0,0.0,0.0,0.0,0.0,0.0,0.0,0.0,0.0,0.0,0.0,0.0
Mn61,0.0,0.0,0.0,0.0,0.0,0.0,0.0,0.0,0.0,0.0,0.0,0.0,0.0,0.0,0.0,0.0,0.0,0.0,0.0,0.0,0.0,0.0,0.0,0.0,0.0,0.0,0.0,0.0,0.0,0.0,0.0,0.0,0.0,0.0,0.0,0.0,0.0,0.0,0.0,0.0,0.0,0.0,0.0,0.0,0.0,0.0,0.0,0.0,0.0,0.0,0.0,0.0,0.0,0.0,0.0,0.0,0.0,0.0,0.0,0.0,0.0,0.0,0.0,0.0,0.0,0.0,0.0,0.0,0.0,0.0,0.0,0.0,0.0,0.0,0.0,0.0,0.0,0.0,0.0,0.0,0.0,0.0,0.0,0.0,0.0,0.0,0.0,0.0,0.0,0.0,0.0,0.0,0.0,0.0,0.0,0.0,0.0,0.0,0.0,0.0,0.0,0.0,0.0,0.0,0.0,0.0,0.0,0.0,0.0,0.0,0.0,0.0,0.0,0.0,0.0,0.0,0.0,0.0,0.0,0.0,0.0,0.0
Mn62,0.0,0.0,0.0,0.0,0.0,0.0,0.0,0.0,0.0,0.0,0.0,0.0,0.0,0.0,0.0,0.0,0.0,0.0,0.0,0.0,0.0,0.0,0.0,0.0,0.0,0.0,0.0,0.0,0.0,0.0,0.0,0.0,0.0,0.0,0.0,0.0,0.0,0.0,0.0,0.0,0.0,0.0,0.0,0.0,0.0,0.0,0.0,0.0,0.0,0.0,0.0,0.0,0.0,0.0,0.0,0.0,0.0,0.0,0.0,0.0,0.0,0.0,0.0,0.0,0.0,0.0,0.0,0.0,0.0,0.0,0.0,0.0,0.0,0.0,0.0,0.0,0.0,0.0,0.0,0.0,0.0,0.0,0.0,0.0,0.0,0.0,0.0,0.0,0.0,0.0,0.0,0.0,0.0,0.0,0.0,0.0,0.0,0.0,0.0,0.0,0.0,0.0,0.0,0.0,0.0,0.0,0.0,0.0,0.0,0.0,0.0,0.0,0.0,0.0,0.0,0.0,0.0,0.0,0.0,0.0,0.0,0.0
Mn62_m1,0.0,0.0,0.0,0.0,0.0,0.0,0.0,0.0,0.0,0.0,0.0,0.0,0.0,0.0,0.0,0.0,0.0,0.0,0.0,0.0,0.0,0.0,0.0,0.0,0.0,0.0,0.0,0.0,0.0,0.0,0.0,0.0,0.0,0.0,0.0,0.0,0.0,0.0,0.0,0.0,0.0,0.0,0.0,0.0,0.0,0.0,0.0,0.0,0.0,0.0,0.0,0.0,0.0,0.0,0.0,0.0,0.0,0.0,0.0,0.0,0.0,0.0,0.0,0.0,0.0,0.0,0.0,0.0,0.0,0.0,0.0,0.0,0.0,0.0,0.0,0.0,0.0,0.0,0.0,0.0,0.0,0.0,0.0,0.0,0.0,0.0,0.0,0.0,0.0,0.0,0.0,0.0,0.0,0.0,0.0,0.0,0.0,0.0,0.0,0.0,0.0,0.0,0.0,0.0,0.0,0.0,0.0,0.0,0.0,0.0,0.0,0.0,0.0,0.0,0.0,0.0,0.0,0.0,0.0,0.0,0.0,0.0
Mn63,0.0,0.0,0.0,0.0,0.0,0.0,0.0,0.0,0.0,0.0,0.0,0.0,0.0,0.0,0.0,0.0,0.0,0.0,0.0,0.0,0.0,0.0,0.0,0.0,0.0,0.0,0.0,0.0,0.0,0.0,0.0,0.0,0.0,0.0,0.0,0.0,0.0,0.0,0.0,0.0,0.0,0.0,0.0,0.0,0.0,0.0,0.0,0.0,0.0,0.0,0.0,0.0,0.0,0.0,0.0,0.0,0.0,0.0,0.0,0.0,0.0,0.0,0.0,0.0,0.0,0.0,0.0,0.0,0.0,0.0,0.0,0.0,0.0,0.0,0.0,0.0,0.0,0.0,0.0,0.0,0.0,0.0,0.0,0.0,0.0,0.0,0.0,0.0,0.0,0.0,0.0,0.0,0.0,0.0,0.0,0.0,0.0,0.0,0.0,0.0,0.0,0.0,0.0,0.0,0.0,0.0,0.0,0.0,0.0,0.0,0.0,0.0,0.0,0.0,0.0,0.0,0.0,0.0,0.0,0.0,0.0,0.0
Mn64,0.0,0.0,0.0,0.0,0.0,0.0,0.0,0.0,0.0,0.0,0.0,0.0,0.0,0.0,0.0,0.0,0.0,0.0,0.0,0.0,0.0,0.0,0.0,0.0,0.0,0.0,0.0,0.0,0.0,0.0,0.0,0.0,0.0,0.0,0.0,0.0,0.0,0.0,0.0,0.0,0.0,0.0,0.0,0.0,0.0,0.0,0.0,0.0,0.0,0.0,0.0,0.0,0.0,0.0,0.0,0.0,0.0,0.0,0.0,0.0,0.0,0.0,0.0,0.0,0.0,0.0,0.0,0.0,0.0,0.0,0.0,0.0,0.0,0.0,0.0,0.0,0.0,0.0,0.0,0.0,0.0,0.0,0.0,0.0,0.0,0.0,0.0,0.0,0.0,0.0,0.0,0.0,0.0,0.0,0.0,0.0,0.0,0.0,0.0,0.0,0.0,0.0,0.0,0.0,0.0,0.0,0.0,0.0,0.0,0.0,0.0,0.0,0.0,0.0,0.0,0.0,0.0,0.0,0.0,0.0,0.0,0.0
Mn65,0.0,0.0,0.0,0.0,0.0,0.0,0.0,0.0,0.0,0.0,0.0,0.0,0.0,0.0,0.0,0.0,0.0,0.0,0.0,0.0,0.0,0.0,0.0,0.0,0.0,0.0,0.0,0.0,0.0,0.0,0.0,0.0,0.0,0.0,0.0,0.0,0.0,0.0,0.0,0.0,0.0,0.0,0.0,0.0,0.0,0.0,0.0,0.0,0.0,0.0,0.0,0.0,0.0,0.0,0.0,0.0,0.0,0.0,0.0,0.0,0.0,0.0,0.0,0.0,0.0,0.0,0.0,0.0,0.0,0.0,0.0,0.0,0.0,0.0,0.0,0.0,0.0,0.0,0.0,0.0,0.0,0.0,0.0,0.0,0.0,0.0,0.0,0.0,0.0,0.0,0.0,0.0,0.0,0.0,0.0,0.0,0.0,0.0,0.0,0.0,0.0,0.0,0.0,0.0,0.0,0.0,0.0,0.0,0.0,0.0,0.0,0.0,0.0,0.0,0.0,0.0,0.0,0.0,0.0,0.0,0.0,0.0
Mn66,257696.0021039673,5.118161810554341,0.0001012792157444933,2.004133499778634e-09,3.9658196949983184e-14,7.847643809643305e-19,1.552907547478882e-23,3.0729247013652174e-28,6.0807652300942466e-33,1.2032740589802218e-37,2.3810629192673148e-42,4.711695214567049e-47,9.323597295700744e-52,1.8449721931002708e-56,3.650868098821498e-61,7.224411253914278e-66,1.4295810353304983e-70,2.8288837176445556e-75,5.5978520211023974e-80,1.1077142215040136e-84,2.1919671900876747e-89,4.337508780827231e-94,8.583149651524111e-99,1.69845092339867e-103,3.3609288621474176e-108,6.65067365844878e-113,1.3160486855090228e-117,2.604223619407001e-122,5.153290098271827e-127,1.0197434137009146e-131,2.0178887855258146e-136,3.993038931208142e-141,7.901505781939886e-146,1.5635658629338564e-150,3.0940155904459693e-155,6.122500305781919e-160,1.2115326797334142e-164,2.3974052441873603e-169,4.744033735946561e-174,9.387589412497433e-179,1.8576350819320278e-183,3.675925678034706e-188,7.273995695850751e-193,1.4393929044708966e-197,2.848299641726482e-202,5.636272642348036e-207,1.1153169713431278e-211,2.20701166444601e-216,4.3672790894008743e-221,8.642059737144952e-226,1.710108169675675e-230,3.383996455638521e-235,6.69632027659739e-240,1.3250813301548938e-244,2.622097598380193e-249,5.1886594875104676e-254,1.0267423796110268e-258,2.0317384800965652e-263,4.020444985497671e-268,7.955737433611601e-273,1.5742973312874214e-277,3.1152512359543744e-282,6.164521828401317e-287,1.219847983181824e-291,2.4138597339652278e-296,4.776594211403617e-301,9.452020736488753e-306,1.8703848819672e-310,3.70115524e-315,7.324e-320,0.0,0.0,0.0,0.0,0.0,0.0,0.0,0.0,0.0,0.0,0.0,0.0,0.0,0.0,0.0,0.0,0.0,0.0,0.0,0.0,0.0,0.0,0.0,0.0,0.0,0.0,0.0,0.0,0.0,0.0,0.0,0.0,0.0,0.0,0.0,0.0,0.0,0.0,0.0,0.0,0.0,0.0,0.0,0.0,0.0,0.0,0.0,0.0,0.0,0.0,0.0,0.0
Mn67,191568.1335485757,0.07541013942369224,2.9684943072331855e-08,1.168537621143612e-14,4.599908391770664e-21,1.810738260350563e-27,7.127909918998949e-34,2.8058780829551155e-40,1.104525025469266e-46,4.347931904865218e-53,1.7115551624082115e-59,6.737541829961303e-66,2.6522708914736684e-72,1.0441151765217211e-78,4.110675110732872e-85,1.618679119964048e-91,6.37689072628999e-98,2.515024658584002e-104,9.945927167607694e-111,3.9586856082728284e-117,1.599813064822587e-123,6.693289167983218e-130,3.0121400643787713e-136,1.5455873502972617e-142,9.516127346752747e-149,7.0189780055675445e-155,5.884360360347839e-161,5.293122704223861e-167,4.9224833805924905e-173,4.6450701763266465e-179,4.4104475119008067e-185,4.198479359788416e-191,4.000970081984302e-197,3.8144368029123744e-203,3.6372637011523606e-209,3.4685812552533595e-215,3.307824537332562e-221,3.1545588358450764e-227,3.0084105347759875e-233,2.8690394487971794e-239,2.736127498532012e-245,2.6093738381789747e-251,2.4884925422832395e-257,2.37321131821749e-263,2.263270639891026e-269,2.1584230639262917e-275,2.0584326335440307e-281,1.9630743321199314e-287,1.872133570737896e-293,1.7854057029005257e-299,1.7026955630663337e-305,1.623817027094e-311,1.5485924e-317,1.5e-323,0.0,0.0,0.0,0.0,0.0,0.0,0.0,0.0,0.0,0.0,0.0,0.0,0.0,0.0,0.0,0.0,0.0,0.0,0.0,0.0,0.0,0.0,0.0,0.0,0.0,0.0,0.0,0.0,0.0,0.0,0.0,0.0,0.0,0.0,0.0,0.0,0.0,0.0,0.0,0.0,0.0,0.0,0.0,0.0,0.0,0.0,0.0,0.0,0.0,0.0,0.0,0.0,0.0,0.0,0.0,0.0,0.0,0.0,0.0,0.0,0.0,0.0,0.0,0.0,0.0,0.0,0.0,0.0
Mn68,23422.243353963255,4.154867850677891e-07,7.37031316587174e-18,1.3074186259416038e-28,2.3192277247785772e-39,4.1140742013735583e-50,7.297949379258741e-61,1.2945820258769588e-71,2.2964569012863096e-82,4.073681075475358e-93,7.226296080449334e-104,1.2818714591255497e-114,2.2739096480786497e-125,4.033684540532966e-136,7.155346293676434e-147,1.2692856882572241e-157,2.2515837700803066e-168,3.9940807027059744e-179,7.085093111663033e-190,1.2568234879912575e-200,2.229477093767848e-211,3.9548657063847785e-222,7.01552969494965e-233,1.2444836450770694e-243,2.2075874669580842e-254,3.9160357338152105e-265,6.946649271228535e-276,1.2322649581761214e-286,2.185912758598578e-297,3.877587004726888e-308,6.87843e-319,0.0,0.0,0.0,0.0,0.0,0.0,0.0,0.0,0.0,0.0,0.0,0.0,0.0,0.0,0.0,0.0,0.0,0.0,0.0,0.0,0.0,0.0,0.0,0.0,0.0,0.0,0.0,0.0,0.0,0.0,0.0,0.0,0.0,0.0,0.0,0.0,0.0,0.0,0.0,0.0,0.0,0.0,0.0,0.0,0.0,0.0,0.0,0.0,0.0,0.0,0.0,0.0,0.0,0.0,0.0,0.0,0.0,0.0,0.0,0.0,0.0,0.0,0.0,0.0,0.0,0.0,0.0,0.0,0.0,0.0,0.0,0.0,0.0,0.0,0.0,0.0,0.0,0.0,0.0,0.0,0.0,0.0,0.0,0.0,0.0,0.0,0.0,0.0,0.0,0.0,0.0
Mn69,2739.313947555695,8.619841126238499e-19,2.7124186005730505e-40,8.535209126232691e-62,2.6857873195949483e-83,8.451408066765108e-105,2.6594175119478412e-126,8.368429789430256e-148,2.633306610413764e-169,8.28626621592405e-191,2.607452072980423e-212,8.204909347257483e-234,2.5818513825937004e-255,8.124351262977838e-277,2.5565020469126133e-298,8.0444e-320,0.0,0.0,0.0,0.0,0.0,0.0,0.0,0.0,0.0,0.0,0.0,0.0,0.0,0.0,0.0,0.0,0.0,0.0,0.0,0.0,0.0,0.0,0.0,0.0,0.0,0.0,0.0,0.0,0.0,0.0,0.0,0.0,0.0,0.0,0.0,0.0,0.0,0.0,0.0,0.0,0.0,0.0,0.0,0.0,0.0,0.0,0.0,0.0,0.0,0.0,0.0,0.0,0.0,0.0,0.0,0.0,0.0,0.0,0.0,0.0,0.0,0.0,0.0,0.0,0.0,0.0,0.0,0.0,0.0,0.0,0.0,0.0,0.0,0.0,0.0,0.0,0.0,0.0,0.0,0.0,0.0,0.0,0.0,0.0,0.0,0.0,0.0,0.0,0.0,0.0,0.0,0.0,0.0,0.0,0.0,0.0,0.0,0.0,0.0,0.0,0.0,0.0,0.0,0.0,0.0,0.0
Mo109,5623016233901.358,1566840365511.1025,424889551696.46185,114924652555.41353,31077312041.76505,8403562198.643267,2272387545.0940037,614470851.9306353,166157582.02084172,44930271.17591796,12149486.306881562,3285313.3011456276,888373.6492259294,240222.97671386466,64958.11598143549,17565.167535508626,4749.754605547098,1284.3696917384746,347.3033118658089,93.91345125070103,25.39490993747151,6.866976371795044,1.8568825251556118,0.5021151268832694,0.1357757409149367,0.03671479076009943,0.009927958054026662,0.0026845952021502385,0.0007259349163431433,0.00019629831057734056,5.308055290910387e-05,1.4353384340646555e-05,3.8812640550883e-06,1.0495232558262216e-06,2.8379905332027527e-07,7.674141779934083e-08,2.075146177181502e-08,5.61135274817399e-09,1.517352368265756e-09,4.103035957293749e-10,1.1094920612333926e-10,3.0001507341208814e-11,8.112635269728746e-12,2.1937181445962332e-12,5.931980346617559e-13,1.6040525041622253e-13,4.3374797045243644e-14,1.1728874297033643e-14,3.1715766216063823e-15,8.57618387918452e-16,2.319065206513325e-16,6.270928314764714e-17,1.695706607061801e-17,4.585319354493263e-18,1.2399051519367122e-18,3.352797628572374e-19,9.066219235077683e-20,2.4515744856778584e-20,6.6292434618973275e-21,1.7925977421386476e-21,4.847320336913499e-22,1.3107522059367775e-22,3.544373439247675e-23,9.584254766038013e-24,2.591655224676888e-24,7.008032411028642e-25,1.8950251486538283e-25,5.1242918174565894e-26,1.385647396241984e-26,3.746895717709493e-27,1.0131890376632291e-27,2.7397400498471294e-28,7.408465016605629e-29,2.0033051641279564e-29,5.417089196785467e-30,1.4648220296833138e-30,3.960989935182939e-31,1.0710817388520908e-31,2.8962863074011673e-32,7.831777977495591e-33,2.1177722013201888e-33,5.7266167523798244e-34,1.5485206297539371e-34,4.1873173017506823e-35,1.1322823763947362e-35,3.061777475898687e-36,8.279278656415652e-37,2.238779781030957e-37,6.053830431313112e-38,1.6370016917973019e-38,4.4265768084388966e-39,1.1969799627693567e-39,3.2367246594250716e-40,8.752349117600911e-41,2.366701623918057e-41,6.399740802606062e-42,1.7305384813459252e-42,4.679507385985931e-43,1.265374310455431e-43,3.4216681660888235e-44,9.252450395181321e-45,2.5019328046981815e-45,6.765416178275272e-46,1.8294198780766333e-46,4.946890186961315e-47,1.3376766490360096e-47,3.6171791767129443e-48,9.781127005449814e-49,2.644890972298438e-49,7.151985912715451e-50,1.9339512679885483e-50,5.229550998282736e-51,1.414110277560618e-51,3.823861508873755e-52,1.0340011716957127e-52,2.7960176397262e-53,7.560643890605459e-54,2.044455486559351e-54,5.528362791582181e-55,1.4949112541836237e-55,4.0423534817353845e-56,1.0930830593165769e-56
Mo110,1405689466794.339,140309293618.71497,13934754085.771976,1382745277.3889394,137189818.9573272,13611023.645785315,1350385.7601610515,133975.25604979365,13292.029239085348,1318.7363305650001,130.83521499808128,12.980497371807214,1.2878284489703777,0.12776876466611026,0.012676266964986851,0.0012576449697032537,0.00012477418424434352,1.2379166957996596e-05,1.228168915725862e-06,1.2184978930111738e-07,1.208903023241857e-08,1.1993837067635376e-09,1.1899393486437244e-10,1.1805693586346259e-11,1.1712731511362672e-12,1.162050145159887e-13,1.1528997642916269e-14,1.143821436656511e-15,1.1348145948827023e-16,1.1258786760660419e-17,1.117013121734874e-18,1.108217377815139e-19,1.099490894595744e-20,1.0908331266942128e-21,1.0822435330225966e-22,1.0737215767536563e-23,1.0652667252873172e-24,1.0568784502173795e-25,1.0485562272984924e-26,1.0402995364133957e-27,1.0321078615404097e-28,1.023980690721184e-29,1.0159175160287068e-30,1.0079178335355563e-31,9.999811432824063e-33,9.92106949246784e-34,9.842947593120667e-35,9.765440852367249e-36,9.688544426238125e-37,9.612253508906901e-38,9.536563332389891e-39,9.461469166248169e-40,9.386966317291896e-41,9.313050129287003e-42,9.239715982664227e-43,9.166959294230367e-44,9.094775516881839e-45,9.023160139320534e-46,8.952108685771843e-47,8.881616715704921e-48,8.811679823555209e-49,8.742293638449065e-50,8.673453823930587e-51,8.605156077690634e-52,8.537396131297915e-53,8.470169749932214e-54,8.40347273211976e-55,8.33730090947062e-56,8.271650146418178e-57,8.206516339960703e-58,8.141895419404903e-59,8.077783346111502e-60,8.014176113242874e-61,7.9510697455126e-62,7.888460298937013e-63,7.826343860588744e-64,7.764716548352149e-65,7.703574510680677e-66,7.642913926356195e-67,7.582731004250145e-68,7.523021983086599e-69,7.463783131207222e-70,7.405010746338033e-71,7.346701155358006e-72,7.288850714069553e-73,7.231455806970735e-74,7.174512847029303e-75,7.118018275458548e-76,7.061968561494858e-77,7.006360202177054e-78,6.951189722127488e-79,6.896453673334823e-80,6.842148634938529e-81,6.788271213015125e-82,6.734818040366038e-83,6.681785776307157e-84,6.629171106460083e-85,6.576970742544959e-86,6.525181422174958e-87,6.473799908652425e-88,6.422822990766561e-89,6.372247482592733e-90,6.322070223293384e-91,6.27228807692047e-92,6.222897932219466e-93,6.173896702434945e-94,6.125281325117646e-95,6.077048761933072e-96,6.029195998471626e-97,5.981720044060202e-98,5.9346179315752655e-99,5.887886717257447e-100,5.84152348052754e-101,5.79552532380397e-102,5.749889372321726e-103,5.704612773952676e-104,5.659692699027315e-105,5.615126340157935e-106,5.57091091206316e-107,5.527043651393862e-108,5.483521816560484e-109,5.44034268756168e-110
Mo111,82304536364.48427,2572125345.42849,80378931.64098965,2511841.616120791,78495.050504171,2452.970328255413,76.65532275798178,2.395478836186936,0.07485871363084182,0.0023393348009638102,7.310421253011923e-05,2.2845066415662286e-06,7.139083254894471e-08,2.2309635171545263e-09,6.971760991107905e-11,2.178675309721224e-12,6.808360342878835e-14,2.1276126071496395e-15,6.648789397342636e-17,2.0777466866695783e-18,6.492958395842444e-20,2.029049498700767e-21,6.340779683439908e-23,1.981493651074975e-24,6.192167659609303e-26,1.93505239362791e-27,6.047038730087231e-29,1.889699603152262e-30,5.905311259850828e-32,1.8454097687033864e-33,5.766905527198094e-35,1.802157977249407e-36,5.631743678904407e-38,1.7599198996576306e-39,5.499749686430106e-41,1.7186717770094113e-42,5.370849303154417e-44,1.6783904072357576e-45,5.244970022611752e-47,1.6390531320661753e-48,5.122041037706805e-50,1.60063782428338e-51,5.001993200885571e-53,1.5631228752767434e-54,4.88475898523983e-56,1.5264871828874496e-57,4.770272446523288e-59,1.4907101395385305e-60,4.658469186057913e-62,1.4557716206431008e-63,4.549286314509694e-65,1.4216519732842823e-66,4.442662416513391e-68,1.388332005160436e-69,4.3385375161263715e-71,1.3557929737894919e-72,4.2368530430921676e-74,1.3240165759663046e-75,4.137551799894707e-77,1.2929849374670986e-78,4.040577929584688e-80,1.262680602995217e-81,3.945876884360063e-83,1.2330865263625212e-84,3.8533953948828844e-86,1.2041860609009038e-87,3.763081440315328e-89,1.1759629500985424e-90,3.6748842190579484e-92,1.1484013184556112e-93,3.588754120173792e-95,1.121485662554311e-96,3.504642695482227e-98,1.0952008423381973e-99,3.4225026323068755e-101,1.069532072595901e-102,3.3422877268621986e-104,1.0444649146444384e-105,3.2639528582638743e-107,1.0199852682074622e-108,3.187453963148323e-110,9.960793634838528e-112,3.112748010887043e-113,9.727337534022014e-115,3.0397929793818846e-116,9.499353060568407e-118,2.9685478314276315e-119,9.276711973211359e-121,2.8989724916285545e-122,9.059289036339246e-124,2.8310278238560197e-125,8.846961949550076e-127,2.7646756092344024e-128,8.639611278857525e-130,2.699878524642982e-131,8.437120389509333e-133,2.6366001217216715e-134,8.239375380380233e-136,2.5748048063688275e-137,8.046265019902596e-139,2.514457818719566e-140,7.857680683498651e-142,2.455525213593332e-143,7.673516292479173e-145,2.397973841399743e-146,7.493668254374209e-148,2.341771329491943e-149,7.318035404662328e-151,2.286886063956981e-152,7.146518949865581e-154,2.233287171833e-155,6.979022411978137e-157,2.18094450374317e-158,6.815451574197414e-160,2.1298286169366935e-161,6.655714427927177e-163,2.079910758727246e-164,6.499721121022645e-166,2.0311628503195765e-167,6.347383907248677e-169,1.9835574710152114e-170,6.198617096922536e-172
Mo112,3488399119.816588,311727946.512883,27854204.072441332,2488890.2752248575,222392.81315963907,19871.733132385452,1775.622926273643,158.65937587347716,14.176882478865842,1.2667640705951588,0.1131906971044592,0.01011406481159033,0.0009037342257786998,8.075245374222623e-05,7.2155713476178465e-06,6.447416451116282e-07,5.761037746213755e-08,5.147729507615935e-09,4.599712803651636e-10,4.1100368317284406e-11,3.672490757412888e-12,3.281524938941037e-13,2.932180538005727e-14,2.6200266240347588e-15,2.341103974218373e-16,2.0918748564702924e-17,1.8691781583915378e-18,1.6701892931125244e-19,1.4923843734768227e-20,1.3335082001676759e-21,1.1915456577527965e-22,1.0646961558474265e-23,9.513507912186652e-25,8.500719411652285e-26,7.59575029344069e-27,6.787122327696033e-28,6.06457923332334e-29,5.418956591834665e-30,4.842065609899954e-31,4.326589256297767e-32,3.8659894559128105e-33,3.4544241636697734e-34,3.0866732666057036e-35,2.7580723742555186e-36,2.4644536575769698e-37,2.2020929860420792e-38,1.9676626924051915e-39,1.7581893660367263e-40,1.5710161394918914e-41,1.4037689899737755e-42,1.2543266282734228e-43,1.1207935932714719e-44,1.0014762107438507e-45,8.948611115436058e-47,7.995960366929522e-48,7.144726859257651e-49,6.384113921390041e-50,5.704474273705234e-51,5.097187666143586e-52,4.554551542750776e-53,4.0696833458493926e-54,3.6364332207075866e-55,3.249306013489317e-56,2.9033915731424944e-57,2.594302473204888e-58,2.3181183636185622e-59,2.0713362467357932e-60,1.8508260468392106e-61,1.6537909096395012e-62,1.4777317282070074e-63,1.3204154453997307e-64,1.1798467307497187e-65,1.0542426725699087e-66,9.420101642872732e-68,8.417256981804551e-69,7.521173102345756e-70,6.720484471096877e-71,6.005035505986155e-72,5.365751767337815e-73,4.7945248616745195e-74,4.284109598424488e-75,3.828032095114159e-76,3.420507665493229e-77,3.0563674491211466e-78,2.730992851817013e-79,2.44025696544447e-80,2.180472224025891e-81,1.9483436322790854e-82,1.7409269733478532e-83,1.5555914656516675e-84,1.3899863952103818e-85,1.2420113002230798e-86,1.1097893297353778e-87,9.916434384882689e-89,8.860751160144167e-90,7.917453801911587e-91,7.074577941807849e-92,6.321432913524571e-93,5.648466157117524e-94,5.0471420585420666e-95,4.509833687682703e-96,4.029726061729442e-97,3.600729706936366e-98,3.217403422417681e-99,2.8748852663513636e-100,2.5688308892496706e-101,2.295358432142994e-102,2.0509992907897742e-103,1.8326541214274695e-104,1.6375535300608497e-105,1.4632229466878586e-106,1.307451238943218e-107,1.168262667069026e-108,1.0438918245015399e-109,9.32761246231596e-111,8.334614009329634e-112,7.447328130875847e-113,6.654500883526299e-114,5.946076395541398e-115,5.313069322620502e-116,4.747450881750869e-117,4.24204701765887e-118
Mo113,40068649.44749768,39129.60736072999,38.212507188219156,0.03731690155099537,3.644228667089397e-05,3.5588170577044956e-08,3.475407282914552e-11,3.39395242472125e-14,3.3144066647668507e-17,3.236725258561383e-20,3.160864510313858e-23,3.086781748353383e-26,3.0144353011263556e-29,2.943784473756216e-32,2.874789525152559e-35,2.807411645656801e-38,2.7416129352117243e-41,2.6773563820427045e-44,2.614605841838584e-47,2.5533260174204983e-50,2.493482438887212e-53,2.4350414442257988e-56,2.3779701603767615e-59,2.322236484742936e-62,2.267809067131778e-65,2.214657292120881e-68,2.162751261836804e-71,2.1120617791375085e-74,2.0625603311889766e-77,2.014219073426739e-80,1.9670108138933036e-83,1.920908997942682e-86,1.8758876933034036e-89,1.83192157549161e-92,1.7889859135660273e-95,1.7470565562168268e-98,1.7061099181804996e-101,1.6661229669731476e-104,1.6270732099347178e-107,1.588938681576877e-110,1.5516979312274218e-113,1.515330010964281e-116,1.479814463832308e-119,1.445131312336241e-122,1.4112610472033631e-125,1.378184616409537e-128,1.3458834144624416e-131,1.3143392719359818e-134,1.2835344452499858e-137,1.2534516066894414e-140,1.2240738346576599e-143,1.1953846041578723e-146,1.1673677774979245e-149,1.1400075952128182e-152,1.1132886672000199e-155,1.0871959640625212e-158,1.0617148086548078e-161,1.0368308678269627e-164,1.01253014436227e-167,9.887989691037804e-171,9.656239932654123e-174,9.429921809232563e-177,9.208908016828687e-180,8.993074235184291e-183,8.782299057797177e-186,8.57646392363007e-189,8.375453050420013e-192,8.17915336955081e-195,7.987454462451985e-198,7.80024849848829e-201,7.617430174304992e-204,7.438896654594735e-207,7.264547514252684e-210,7.0942846818874e-213,6.928012384655679e-216,6.765637094390323e-219,6.607067474990566e-222,6.452214331045487e-225,6.300990557661623e-228,6.15331109146644e-231,6.009092862760204e-234,5.868254748789278e-237,5.730717528114541e-240,5.596403836049366e-243,5.465238121141969e-246,5.337146602677719e-249,5.212057229177467e-252,5.08989963786863e-255,4.970605115106093e-258,4.854106557720803e-261,4.740338435274231e-264,4.629236753197502e-267,4.520739016794448e-270,4.414784196088339e-273,4.3113126914925255e-276,4.210266300285678e-279,4.1115881838727416e-282,4.0152228358132324e-285,3.921116050598866e-288,3.829214893162965e-291,3.739467669104462e-294,3.651823895609831e-297,3.56623427305648e-300,3.482650657281727e-303,3.4010260325016924e-306,3.321314484864943e-309,3.243471176624e-312,3.16745232e-315,3.093217e-318,3.02e-321,5e-324,0.0,0.0,0.0,0.0,0.0,0.0,0.0,0.0,0.0,0.0,0.0
Mo114,1578625.8184196714,272.5236868068153,0.047046715570082574,8.121838772500043e-06,1.4021013847018097e-09,2.4204965747893045e-13,4.178587748711745e-17,7.213641926018325e-21,1.2453161921238169e-24,2.149832822685942e-28,3.7113314632291237e-32,6.407001086133569e-36,1.1060629675475164e-39,1.9094351190726735e-43,3.2963245139942203e-47,5.690560099699142e-51,9.82381258605191e-55,1.6959190665778975e-58,2.9277242976581877e-62,5.0542326765594e-66,8.725298338109837e-70,1.5062787164924776e-73,2.600341540011722e-77,4.489060391463285e-81,7.749621689354573e-85,1.3378442500422307e-88,2.3095672396882165e-92,3.987086564428312e-96,6.883046745324799e-100,1.1882443918074138e-103,2.0513077811374717e-107,3.5412442440015586e-111,6.113373580984703e-115,1.0553730261330508e-118,1.821927303369261e-122,3.1452567164094887e-126,5.429766486195523e-130,9.37359546544997e-134,1.618196513115028e-137,2.7935491399317957e-141,4.8226014170498634e-145,8.325425207411669e-149,1.4372472217827681e-152,2.481170060459282e-156,4.283330505438958e-160,7.394463004050523e-164,1.2765319661614208e-167,2.2037217033060015e-171,3.804361719374134e-175,6.567602465468671e-179,1.133788144401952e-182,1.9572980599012053e-186,3.3789519798813884e-190,5.833202778998635e-194,1.0070061623696665e-197,1.73842989772518e-201,3.001112229733673e-205,5.180924826041413e-209,8.94401141921782e-213,1.5440359193210072e-216,2.6655231175475857e-220,4.601585624578632e-224,7.943877928100808e-228,1.3713793827827709e-231,2.367460110217578e-235,4.087029048153085e-239,7.05558094447132e-243,1.218029573009341e-246,2.1027269793961443e-250,3.63001100125713e-254,6.266614733326879e-258,1.0818275813034592e-261,1.867596725620894e-265,3.224097434590646e-269,5.565871970715821e-273,9.608559115501206e-277,1.6587591083991026e-280,2.863573764413958e-284,4.943487371203616e-288,8.534114850801126e-292,1.4732740435611108e-295,2.5433644207719434e-299,4.390698801163185e-303,7.579816641723963e-307,1.30853021179534e-310,2.258961392e-314,3.899724e-318,6.7e-322,0.0,0.0,0.0,0.0,0.0,0.0,0.0,0.0,0.0,0.0,0.0,0.0,0.0,0.0,0.0,0.0,0.0,0.0,0.0,0.0,0.0,0.0,0.0,0.0,0.0,0.0,0.0,0.0,0.0,0.0,0.0,0.0,0.0,0.0
Mo115,851.0045235382366,0.4548484282604337,0.00024310927494346188,1.2993805384701785e-07,6.944983008763071e-11,3.711983330825815e-14,1.9839962503785565e-17,1.0604145468079104e-20,5.667747662664526e-24,3.0293212842409474e-27,1.619124207594137e-30,8.653962236541782e-34,4.625405638445254e-37,2.472205994824235e-40,1.3213549164304762e-43,7.062432575725247e-47,3.7747582626328776e-50,2.0175484563620009e-53,1.0783476690582921e-56,5.763597358450809e-60,3.080551427291616e-63,1.6465059069877777e-66,8.800313079431723e-70,4.703627844111456e-73,2.5140145238252435e-76,1.3437009124598804e-79,7.18186838236032e-83,3.8385948080605225e-86,2.0516680779976366e-89,1.0965840659804684e-92,5.861068009284684e-96,3.132647945120899e-99,1.67435066996738e-102,8.949138923786799e-106,4.783172898828667e-109,2.556530094675073e-112,1.3664248111499093e-115,7.303324018813757e-119,3.9035109205090547e-122,2.0863647110933455e-125,1.1151288663816413e-128,5.960187027827696e-132,3.18562548936186e-135,1.7026663275985638e-138,9.100481625411405e-142,4.8640631738608445e-145,2.5997646644596877e-148,1.3895330033734783e-151,7.426833643288249e-155,3.9695248569963496e-158,2.121648113735776e-161,1.1339872858044467e-164,6.060982290328478e-168,3.2394989594275223e-171,1.7314608433814197e-174,9.25438374795122e-178,4.946321418801929e-181,2.6437303924764485e-184,1.4130319880822838e-187,7.552431991650449e-191,4.036655183292544e-194,2.1575282090347784e-197,1.1531646279938068e-200,6.163482144462923e-204,3.294283506701295e-207,1.760742315490205e-210,9.410888574863985e-214,5.029970767973981e-217,2.6884396436537812e-220,1.4369283741345706e-223,7.680154387200068e-227,4.1049207791413893e-230,2.194015087914116e-233,1.1726662863885164e-236,6.267715417306477e-240,3.349994538798059e-243,1.790518979050844e-246,9.570040121592368e-250,5.115034746933392e-253,2.7339049920286607e-256,1.4612288821537823e-259,7.81003675060413e-263,4.1743408435700275e-266,2.231119011949469e-269,1.1924977456381174e-272,6.3737114234415366e-276,3.4066477238974327e-279,1.8207992084569796e-282,9.731883147942945e-286,5.201537279087282e-289,2.7801392242829827e-292,1.4859403464187074e-295,7.9421156099994e-299,4.2449349002885406e-302,2.2688504162543984e-305,1.212664583145398e-308,6.4814999732e-312,3.464258997e-315,1.85159e-318,9.9e-322,0.0,0.0,0.0,0.0,0.0,0.0,0.0,0.0,0.0,0.0,0.0,0.0,0.0,0.0,0.0,0.0,0.0,0.0,0.0,0.0,0.0,0.0
N17,0.0,0.0,0.0,0.0,0.0,0.0,0.0,0.0,0.0,0.0,0.0,0.0,0.0,0.0,0.0,0.0,0.0,0.0,0.0,0.0,0.0,0.0,0.0,0.0,0.0,0.0,0.0,0.0,0.0,0.0,0.0,0.0,0.0,0.0,0.0,0.0,0.0,0.0,0.0,0.0,0.0,0.0,0.0,0.0,0.0,0.0,0.0,0.0,0.0,0.0,0.0,0.0,0.0,0.0,0.0,0.0,0.0,0.0,0.0,0.0,0.0,0.0,0.0,0.0,0.0,0.0,0.0,0.0,0.0,0.0,0.0,0.0,0.0,0.0,0.0,0.0,0.0,0.0,0.0,0.0,0.0,0.0,0.0,0.0,0.0,0.0,0.0,0.0,0.0,0.0,0.0,0.0,0.0,0.0,0.0,0.0,0.0,0.0,0.0,0.0,0.0,0.0,0.0,0.0,0.0,0.0,0.0,0.0,0.0,0.0,0.0,0.0,0.0,0.0,0.0,0.0,0.0,0.0,0.0,0.0,0.0,0.0
N18,0.0,0.0,0.0,0.0,0.0,0.0,0.0,0.0,0.0,0.0,0.0,0.0,0.0,0.0,0.0,0.0,0.0,0.0,0.0,0.0,0.0,0.0,0.0,0.0,0.0,0.0,0.0,0.0,0.0,0.0,0.0,0.0,0.0,0.0,0.0,0.0,0.0,0.0,0.0,0.0,0.0,0.0,0.0,0.0,0.0,0.0,0.0,0.0,0.0,0.0,0.0,0.0,0.0,0.0,0.0,0.0,0.0,0.0,0.0,0.0,0.0,0.0,0.0,0.0,0.0,0.0,0.0,0.0,0.0,0.0,0.0,0.0,0.0,0.0,0.0,0.0,0.0,0.0,0.0,0.0,0.0,0.0,0.0,0.0,0.0,0.0,0.0,0.0,0.0,0.0,0.0,0.0,0.0,0.0,0.0,0.0,0.0,0.0,0.0,0.0,0.0,0.0,0.0,0.0,0.0,0.0,0.0,0.0,0.0,0.0,0.0,0.0,0.0,0.0,0.0,0.0,0.0,0.0,0.0,0.0,0.0,0.0
N19,0.0,0.0,0.0,0.0,0.0,0.0,0.0,0.0,0.0,0.0,0.0,0.0,0.0,0.0,0.0,0.0,0.0,0.0,0.0,0.0,0.0,0.0,0.0,0.0,0.0,0.0,0.0,0.0,0.0,0.0,0.0,0.0,0.0,0.0,0.0,0.0,0.0,0.0,0.0,0.0,0.0,0.0,0.0,0.0,0.0,0.0,0.0,0.0,0.0,0.0,0.0,0.0,0.0,0.0,0.0,0.0,0.0,0.0,0.0,0.0,0.0,0.0,0.0,0.0,0.0,0.0,0.0,0.0,0.0,0.0,0.0,0.0,0.0,0.0,0.0,0.0,0.0,0.0,0.0,0.0,0.0,0.0,0.0,0.0,0.0,0.0,0.0,0.0,0.0,0.0,0.0,0.0,0.0,0.0,0.0,0.0,0.0,0.0,0.0,0.0,0.0,0.0,0.0,0.0,0.0,0.0,0.0,0.0,0.0,0.0,0.0,0.0,0.0,0.0,0.0,0.0,0.0,0.0,0.0,0.0,0.0,0.0
N20,0.0,0.0,0.0,0.0,0.0,0.0,0.0,0.0,0.0,0.0,0.0,0.0,0.0,0.0,0.0,0.0,0.0,0.0,0.0,0.0,0.0,0.0,0.0,0.0,0.0,0.0,0.0,0.0,0.0,0.0,0.0,0.0,0.0,0.0,0.0,0.0,0.0,0.0,0.0,0.0,0.0,0.0,0.0,0.0,0.0,0.0,0.0,0.0,0.0,0.0,0.0,0.0,0.0,0.0,0.0,0.0,0.0,0.0,0.0,0.0,0.0,0.0,0.0,0.0,0.0,0.0,0.0,0.0,0.0,0.0,0.0,0.0,0.0,0.0,0.0,0.0,0.0,0.0,0.0,0.0,0.0,0.0,0.0,0.0,0.0,0.0,0.0,0.0,0.0,0.0,0.0,0.0,0.0,0.0,0.0,0.0,0.0,0.0,0.0,0.0,0.0,0.0,0.0,0.0,0.0,0.0,0.0,0.0,0.0,0.0,0.0,0.0,0.0,0.0,0.0,0.0,0.0,0.0,0.0,0.0,0.0,0.0
N21,0.0,0.0,0.0,0.0,0.0,0.0,0.0,0.0,0.0,0.0,0.0,0.0,0.0,0.0,0.0,0.0,0.0,0.0,0.0,0.0,0.0,0.0,0.0,0.0,0.0,0.0,0.0,0.0,0.0,0.0,0.0,0.0,0.0,0.0,0.0,0.0,0.0,0.0,0.0,0.0,0.0,0.0,0.0,0.0,0.0,0.0,0.0,0.0,0.0,0.0,0.0,0.0,0.0,0.0,0.0,0.0,0.0,0.0,0.0,0.0,0.0,0.0,0.0,0.0,0.0,0.0,0.0,0.0,0.0,0.0,0.0,0.0,0.0,0.0,0.0,0.0,0.0,0.0,0.0,0.0,0.0,0.0,0.0,0.0,0.0,0.0,0.0,0.0,0.0,0.0,0.0,0.0,0.0,0.0,0.0,0.0,0.0,0.0,0.0,0.0,0.0,0.0,0.0,0.0,0.0,0.0,0.0,0.0,0.0,0.0,0.0,0.0,0.0,0.0,0.0,0.0,0.0,0.0,0.0,0.0,0.0,0.0
N22,0.0,0.0,0.0,0.0,0.0,0.0,0.0,0.0,0.0,0.0,0.0,0.0,0.0,0.0,0.0,0.0,0.0,0.0,0.0,0.0,0.0,0.0,0.0,0.0,0.0,0.0,0.0,0.0,0.0,0.0,0.0,0.0,0.0,0.0,0.0,0.0,0.0,0.0,0.0,0.0,0.0,0.0,0.0,0.0,0.0,0.0,0.0,0.0,0.0,0.0,0.0,0.0,0.0,0.0,0.0,0.0,0.0,0.0,0.0,0.0,0.0,0.0,0.0,0.0,0.0,0.0,0.0,0.0,0.0,0.0,0.0,0.0,0.0,0.0,0.0,0.0,0.0,0.0,0.0,0.0,0.0,0.0,0.0,0.0,0.0,0.0,0.0,0.0,0.0,0.0,0.0,0.0,0.0,0.0,0.0,0.0,0.0,0.0,0.0,0.0,0.0,0.0,0.0,0.0,0.0,0.0,0.0,0.0,0.0,0.0,0.0,0.0,0.0,0.0,0.0,0.0,0.0,0.0,0.0,0.0,0.0,0.0
N23,0.0,0.0,0.0,0.0,0.0,0.0,0.0,0.0,0.0,0.0,0.0,0.0,0.0,0.0,0.0,0.0,0.0,0.0,0.0,0.0,0.0,0.0,0.0,0.0,0.0,0.0,0.0,0.0,0.0,0.0,0.0,0.0,0.0,0.0,0.0,0.0,0.0,0.0,0.0,0.0,0.0,0.0,0.0,0.0,0.0,0.0,0.0,0.0,0.0,0.0,0.0,0.0,0.0,0.0,0.0,0.0,0.0,0.0,0.0,0.0,0.0,0.0,0.0,0.0,0.0,0.0,0.0,0.0,0.0,0.0,0.0,0.0,0.0,0.0,0.0,0.0,0.0,0.0,0.0,0.0,0.0,0.0,0.0,0.0,0.0,0.0,0.0,0.0,0.0,0.0,0.0,0.0,0.0,0.0,0.0,0.0,0.0,0.0,0.0,0.0,0.0,0.0,0.0,0.0,0.0,0.0,0.0,0.0,0.0,0.0,0.0,0.0,0.0,0.0,0.0,0.0,0.0,0.0,0.0,0.0,0.0,0.0
Na27,0.0,0.0,0.0,0.0,0.0,0.0,0.0,0.0,0.0,0.0,0.0,0.0,0.0,0.0,0.0,0.0,0.0,0.0,0.0,0.0,0.0,0.0,0.0,0.0,0.0,0.0,0.0,0.0,0.0,0.0,0.0,0.0,0.0,0.0,0.0,0.0,0.0,0.0,0.0,0.0,0.0,0.0,0.0,0.0,0.0,0.0,0.0,0.0,0.0,0.0,0.0,0.0,0.0,0.0,0.0,0.0,0.0,0.0,0.0,0.0,0.0,0.0,0.0,0.0,0.0,0.0,0.0,0.0,0.0,0.0,0.0,0.0,0.0,0.0,0.0,0.0,0.0,0.0,0.0,0.0,0.0,0.0,0.0,0.0,0.0,0.0,0.0,0.0,0.0,0.0,0.0,0.0,0.0,0.0,0.0,0.0,0.0,0.0,0.0,0.0,0.0,0.0,0.0,0.0,0.0,0.0,0.0,0.0,0.0,0.0,0.0,0.0,0.0,0.0,0.0,0.0,0.0,0.0,0.0,0.0,0.0,0.0
Na28,0.0,0.0,0.0,0.0,0.0,0.0,0.0,0.0,0.0,0.0,0.0,0.0,0.0,0.0,0.0,0.0,0.0,0.0,0.0,0.0,0.0,0.0,0.0,0.0,0.0,0.0,0.0,0.0,0.0,0.0,0.0,0.0,0.0,0.0,0.0,0.0,0.0,0.0,0.0,0.0,0.0,0.0,0.0,0.0,0.0,0.0,0.0,0.0,0.0,0.0,0.0,0.0,0.0,0.0,0.0,0.0,0.0,0.0,0.0,0.0,0.0,0.0,0.0,0.0,0.0,0.0,0.0,0.0,0.0,0.0,0.0,0.0,0.0,0.0,0.0,0.0,0.0,0.0,0.0,0.0,0.0,0.0,0.0,0.0,0.0,0.0,0.0,0.0,0.0,0.0,0.0,0.0,0.0,0.0,0.0,0.0,0.0,0.0,0.0,0.0,0.0,0.0,0.0,0.0,0.0,0.0,0.0,0.0,0.0,0.0,0.0,0.0,0.0,0.0,0.0,0.0,0.0,0.0,0.0,0.0,0.0,0.0
Na29,0.0,0.0,0.0,0.0,0.0,0.0,0.0,0.0,0.0,0.0,0.0,0.0,0.0,0.0,0.0,0.0,0.0,0.0,0.0,0.0,0.0,0.0,0.0,0.0,0.0,0.0,0.0,0.0,0.0,0.0,0.0,0.0,0.0,0.0,0.0,0.0,0.0,0.0,0.0,0.0,0.0,0.0,0.0,0.0,0.0,0.0,0.0,0.0,0.0,0.0,0.0,0.0,0.0,0.0,0.0,0.0,0.0,0.0,0.0,0.0,0.0,0.0,0.0,0.0,0.0,0.0,0.0,0.0,0.0,0.0,0.0,0.0,0.0,0.0,0.0,0.0,0.0,0.0,0.0,0.0,0.0,0.0,0.0,0.0,0.0,0.0,0.0,0.0,0.0,0.0,0.0,0.0,0.0,0.0,0.0,0.0,0.0,0.0,0.0,0.0,0.0,0.0,0.0,0.0,0.0,0.0,0.0,0.0,0.0,0.0,0.0,0.0,0.0,0.0,0.0,0.0,0.0,0.0,0.0,0.0,0.0,0.0
Na30,0.0,0.0,0.0,0.0,0.0,0.0,0.0,0.0,0.0,0.0,0.0,0.0,0.0,0.0,0.0,0.0,0.0,0.0,0.0,0.0,0.0,0.0,0.0,0.0,0.0,0.0,0.0,0.0,0.0,0.0,0.0,0.0,0.0,0.0,0.0,0.0,0.0,0.0,0.0,0.0,0.0,0.0,0.0,0.0,0.0,0.0,0.0,0.0,0.0,0.0,0.0,0.0,0.0,0.0,0.0,0.0,0.0,0.0,0.0,0.0,0.0,0.0,0.0,0.0,0.0,0.0,0.0,0.0,0.0,0.0,0.0,0.0,0.0,0.0,0.0,0.0,0.0,0.0,0.0,0.0,0.0,0.0,0.0,0.0,0.0,0.0,0.0,0.0,0.0,0.0,0.0,0.0,0.0,0.0,0.0,0.0,0.0,0.0,0.0,0.0,0.0,0.0,0.0,0.0,0.0,0.0,0.0,0.0,0.0,0.0,0.0,0.0,0.0,0.0,0.0,0.0,0.0,0.0,0.0,0.0,0.0,0.0
Na31,0.0,0.0,0.0,0.0,0.0,0.0,0.0,0.0,0.0,0.0,0.0,0.0,0.0,0.0,0.0,0.0,0.0,0.0,0.0,0.0,0.0,0.0,0.0,0.0,0.0,0.0,0.0,0.0,0.0,0.0,0.0,0.0,0.0,0.0,0.0,0.0,0.0,0.0,0.0,0.0,0.0,0.0,0.0,0.0,0.0,0.0,0.0,0.0,0.0,0.0,0.0,0.0,0.0,0.0,0.0,0.0,0.0,0.0,0.0,0.0,0.0,0.0,0.0,0.0,0.0,0.0,0.0,0.0,0.0,0.0,0.0,0.0,0.0,0.0,0.0,0.0,0.0,0.0,0.0,0.0,0.0,0.0,0.0,0.0,0.0,0.0,0.0,0.0,0.0,0.0,0.0,0.0,0.0,0.0,0.0,0.0,0.0,0.0,0.0,0.0,0.0,0.0,0.0,0.0,0.0,0.0,0.0,0.0,0.0,0.0,0.0,0.0,0.0,0.0,0.0,0.0,0.0,0.0,0.0,0.0,0.0,0.0
Na32,0.0,0.0,0.0,0.0,0.0,0.0,0.0,0.0,0.0,0.0,0.0,0.0,0.0,0.0,0.0,0.0,0.0,0.0,0.0,0.0,0.0,0.0,0.0,0.0,0.0,0.0,0.0,0.0,0.0,0.0,0.0,0.0,0.0,0.0,0.0,0.0,0.0,0.0,0.0,0.0,0.0,0.0,0.0,0.0,0.0,0.0,0.0,0.0,0.0,0.0,0.0,0.0,0.0,0.0,0.0,0.0,0.0,0.0,0.0,0.0,0.0,0.0,0.0,0.0,0.0,0.0,0.0,0.0,0.0,0.0,0.0,0.0,0.0,0.0,0.0,0.0,0.0,0.0,0.0,0.0,0.0,0.0,0.0,0.0,0.0,0.0,0.0,0.0,0.0,0.0,0.0,0.0,0.0,0.0,0.0,0.0,0.0,0.0,0.0,0.0,0.0,0.0,0.0,0.0,0.0,0.0,0.0,0.0,0.0,0.0,0.0,0.0,0.0,0.0,0.0,0.0,0.0,0.0,0.0,0.0,0.0,0.0
Na33,0.0,0.0,0.0,0.0,0.0,0.0,0.0,0.0,0.0,0.0,0.0,0.0,0.0,0.0,0.0,0.0,0.0,0.0,0.0,0.0,0.0,0.0,0.0,0.0,0.0,0.0,0.0,0.0,0.0,0.0,0.0,0.0,0.0,0.0,0.0,0.0,0.0,0.0,0.0,0.0,0.0,0.0,0.0,0.0,0.0,0.0,0.0,0.0,0.0,0.0,0.0,0.0,0.0,0.0,0.0,0.0,0.0,0.0,0.0,0.0,0.0,0.0,0.0,0.0,0.0,0.0,0.0,0.0,0.0,0.0,0.0,0.0,0.0,0.0,0.0,0.0,0.0,0.0,0.0,0.0,0.0,0.0,0.0,0.0,0.0,0.0,0.0,0.0,0.0,0.0,0.0,0.0,0.0,0.0,0.0,0.0,0.0,0.0,0.0,0.0,0.0,0.0,0.0,0.0,0.0,0.0,0.0,0.0,0.0,0.0,0.0,0.0,0.0,0.0,0.0,0.0,0.0,0.0,0.0,0.0,0.0,0.0
Na34,0.0,0.0,0.0,0.0,0.0,0.0,0.0,0.0,0.0,0.0,0.0,0.0,0.0,0.0,0.0,0.0,0.0,0.0,0.0,0.0,0.0,0.0,0.0,0.0,0.0,0.0,0.0,0.0,0.0,0.0,0.0,0.0,0.0,0.0,0.0,0.0,0.0,0.0,0.0,0.0,0.0,0.0,0.0,0.0,0.0,0.0,0.0,0.0,0.0,0.0,0.0,0.0,0.0,0.0,0.0,0.0,0.0,0.0,0.0,0.0,0.0,0.0,0.0,0.0,0.0,0.0,0.0,0.0,0.0,0.0,0.0,0.0,0.0,0.0,0.0,0.0,0.0,0.0,0.0,0.0,0.0,0.0,0.0,0.0,0.0,0.0,0.0,0.0,0.0,0.0,0.0,0.0,0.0,0.0,0.0,0.0,0.0,0.0,0.0,0.0,0.0,0.0,0.0,0.0,0.0,0.0,0.0,0.0,0.0,0.0,0.0,0.0,0.0,0.0,0.0,0.0,0.0,0.0,0.0,0.0,0.0,0.0
Na35,0.0,0.0,0.0,0.0,0.0,0.0,0.0,0.0,0.0,0.0,0.0,0.0,0.0,0.0,0.0,0.0,0.0,0.0,0.0,0.0,0.0,0.0,0.0,0.0,0.0,0.0,0.0,0.0,0.0,0.0,0.0,0.0,0.0,0.0,0.0,0.0,0.0,0.0,0.0,0.0,0.0,0.0,0.0,0.0,0.0,0.0,0.0,0.0,0.0,0.0,0.0,0.0,0.0,0.0,0.0,0.0,0.0,0.0,0.0,0.0,0.0,0.0,0.0,0.0,0.0,0.0,0.0,0.0,0.0,0.0,0.0,0.0,0.0,0.0,0.0,0.0,0.0,0.0,0.0,0.0,0.0,0.0,0.0,0.0,0.0,0.0,0.0,0.0,0.0,0.0,0.0,0.0,0.0,0.0,0.0,0.0,0.0,0.0,0.0,0.0,0.0,0.0,0.0,0.0,0.0,0.0,0.0,0.0,0.0,0.0,0.0,0.0,0.0,0.0,0.0,0.0,0.0,0.0,0.0,0.0,0.0,0.0
Nb103,511341815426544.5,380968471591197.94,274589018784183.75,193280889823954.75,133670492246065.84,91195776244435.95,61550185333764.234,41180041666908.7,27353387622639.086,18059774790267.863,11862886921502.406,7758267047936.435,5054688429734.188,3282406155228.8125,2125375016704.7354,1372691387776.5354,884566423964.7565,568873873456.5735,365192895446.0466,234061430176.07062,149798917569.9891,95745901327.40413,61124943670.53272,38980852070.087906,24834831073.40166,15808328265.456213,10054473962.938313,6390160475.229831,4058545833.0551987,2576083988.8449855,1634190508.029928,1036140345.7169464,656637975.8846272,415950388.5953416,263378509.75862294,166707911.3587301,105482830.4546927,66721925.90095139,42191715.30022328,26672719.60443992,16857681.01880292,10651897.142086975,6729181.248984135,4250211.585814468,2683974.1393508236,1694616.5601304641,1069782.144394986,675235.152772555,426142.8252900341,268905.7228548937,169665.52383856397,107038.37898784001,67521.36394152608,42589.42718858327,26861.126194134667,16939.912551067904,10682.309233524615,6735.789198414341,4247.010595250043,2677.637114563883,1688.0895011047733,1064.1830035374287,670.8352411633973,422.85903055885734,266.5366418105303,167.99683082550007,105.88374798787471,66.73331219489599,42.05738302890866,26.50507021621143,16.703355039667983,10.526096197874717,6.633161892597228,4.179883876644944,2.63389744167405,1.6596830140686,1.0457880149953172,0.6589537458975632,0.41520202346330254,0.26161203332553146,0.16483526431392378,0.10385731768528413,0.06543634154266241,0.04122837368085478,0.025975804457665386,0.01636581813626992,0.010311043728462982,0.006496268879649613,0.004092814436976569,0.0025785588282515345,0.001624535369689589,0.0010234782868671708,0.0006448008687259031,0.0004062284008409324,0.000255925051998845,0.00016123276913978623,0.00010157619942802939,6.399246908805504e-05,4.0314767235678e-05,2.5397907579328644e-05,1.6000380714299753e-05,1.0080019838921965e-05,6.350256090175023e-06,4.00055235603434e-06,2.52027319956453e-06,1.587721406962226e-06,1.0002304312040428e-06,6.301224798483813e-07,3.96962140759149e-07,2.500762593790968e-07,1.5754156340673757e-07,9.924695603954647e-08,6.25228321514119e-08,3.9387601244364026e-08,2.481303591408613e-08,1.5631468970748975e-08,9.847346773422259e-09,6.203520931466813e-09,3.908020938398506e-09,2.4619268712752618e-09,1.5509331429780887e-09,9.770362785613482e-10
Nb104,103452159972162.12,102080286859903.97,95515530234427.34,86787898113878.6,77512286869863.27,68506850912136.76,60154353600515.31,52603420271744.945,45880047647811.26,39948997554089.8,34747242214167.168,30201864082993.523,26239348059501.477,22790142927275.152,19790654170271.723,17183870082378.877,14919285801398.066,12952489695348.78,11244609187948.576,9761720177812.34,8474272902087.34,7356559041471.348,6386229760684.315,5543866459309.252,4812602046990.163,4177788753736.4697,3626707838434.7354,3148316511507.2114,2733027635781.521,2372518147263.2656,2059562556368.0818,1787888304882.4458,1552050142609.9995,1347321041171.625,1169597478341.0166,1015317205609.0182,881387856983.0133,765124971578.7455,664198189707.8906,576584545127.5787,500527917866.81604,434503835254.15186,377188915816.761,327434343696.54333,284242841968.0373,246748683347.5853,214200337649.27496,185945408185.40216,161417555183.86328,140125144119.82684,121641391431.57854,105595810103.05785,91666783649.55779,79575119660.4295,69078453686.65382,59966391305.30752,52056290988.87326,45189603251.56002,39228692694.76258,34054079252.978046,29562043343.91503,25662546920.59785,22277428755.185993,19338837780.906364,16787873090.117102,14573403328.721523,12651041822.958202,10982256896.081903,9533599542.186544,8276032976.719489,7184350625.245503,6236670884.6688,5413998529.943166,4699843975.1376,4079892757.353414,3541718618.6521225,3074534435.028664,2668976000.068145,2316914329.461181,2011292724.2228823,1745985326.722321,1515674334.4296167,1315743410.261785,1142185153.0518885,991520773.4862237,860730365.4997318,747192375.4944859,648631056.10658,563070851.2884734,488796798.40465474,424320153.6430368,368348551.7403009,319760101.9048454,277580900.717874,240965511.28281513,209180017.3485411,181587312.74443805,157634331.26981863,136840961.07449016,118790421.33111392,103120908.3100642,89518343.4113084,77710077.79537617,67459427.429491,58560929.00971897,50836221.66917677,44130471.925552495,38309270.20984319,33255936.77055163,28869182.95307969,25061080.977168422,21755301.518749543,18885583.77042448,16394407.314572638,14231839.188208034,12354533.030234998,10724860.250081714,9310155.802917862,8082063.45382867,7015967.407467164,6090498.910810091,5287107.939398227
Nb104_m1,103353470157287.02,49440219096286.87,23650248613510.25,11313345080278.002,5411857566365.489,2588818966521.588,1238388771181.7302,592396288972.4941,283378993216.7305,135557320819.50363,64845269648.15594,31019416511.93404,14838464023.076338,7098135275.349927,3395467637.9450064,1624257644.1688707,776980721.3470309,371676897.14267254,177795551.51652747,85050371.38999744,40684739.364269674,19461972.829588637,9309839.323987162,4453459.5232136985,2130359.1860926645,1019079.7150199284,487487.49616719614,233194.76917928338,111551.16962000662,53361.674823952104,25526.11819057533,12210.687015144968,5841.110515459437,2794.1566278370256,1336.6142003686239,639.3834557549577,305.85579846481215,146.30933692847958,69.98860959935048,33.47978725407517,16.015408235635764,7.661138913684383,3.664786347698066,1.753089080565318,0.83860859346624,0.40115723771928524,0.19189778238427463,0.09179632179482453,0.04391173566656866,0.021005640439062903,0.010048268954923644,0.004806695100936734,0.0022993331385748896,0.0010999101817625858,0.0005261535997758159,0.00025169110637145143,0.00012039908698425118,5.7594169121128334e-05,2.7550776337589896e-05,1.3179203526793265e-05,6.3044105716780825e-06,3.0157810808129466e-06,1.442630587583773e-06,6.900975092234778e-07,3.301153991432287e-07,1.579141719756634e-07,7.553990445607754e-08,3.613530751446889e-08,1.7285704272030995e-08,8.268798378441087e-09,3.955466641526457e-09,1.892139055297449e-09,9.051246108348645e-10,4.329758739693559e-10,2.0711856157199355e-10,9.907734154879912e-11,4.739468801769019e-11,2.2671747315584036e-11,1.0845268696564406e-11,5.187948306914599e-12,2.481709618106943e-12,1.1871518882321622e-12,5.678865873148484e-13,2.7165451973659937e-13,1.2994879566051148e-13,6.216237267096082e-14,2.973602453522121e-14,1.4224539977579483e-14,6.8044582534593945e-15,3.254984146837096e-15,1.5570558891700665e-15,7.44834055291797e-16,3.562992014487859e-16,1.704394691020255e-16,8.153151202601236e-17,3.900145599062301e-17,1.8656756529956137e-17,8.924655641106e-18,4.269202858730368e-18,2.042218073383595e-18,9.769164870499797e-19,4.67318272768421e-19,2.235466091095744e-19,1.0693587081101124e-19,5.1153898113946074e-20,2.447000498903245e-20,1.170548416133369e-20,5.599441418693864e-21,2.6785516745180068e-21,1.2813133554912318e-21,6.129297151811072e-22,2.9320137352971186e-22,1.402559597135999e-22,6.709291296409812e-23,3.209460032357939e-23,1.5352789503736355e-23,7.344168276582844e-24,3.513160110847571e-24,1.6805570759869947e-24,8.039121464830091e-25,3.84559827510387e-25,1.839582367075782e-25
Nb105,50321157402028.41,64815031462517.695,59126995310902.84,49229117977929.46,39702687208630.75,31635266627263.094,25088397883980.152,19859291877038.957,15708424022066.025,12421480177119.93,9821166303748.396,7764839022863.4375,6138945131902.813,4853464099455.424,3837148493399.5215,3033645845853.788,2398396312153.4253,1896168533205.2048,1499107891411.1792,1185192330739.272,937011173291.3937,740799541105.7885,585674936131.3513,463033670409.3605,366073681221.62744,289417268400.2883,228812830697.89865,180899058927.56314,143018507401.09186,113070203794.51163,89393122739.43893,70674060229.22978,55874799271.110016,44174527166.83441,34924310706.60319,27611104329.98779,21829295035.372696,17258205830.75376,13644309997.827557,10787169717.553774,8528319169.957029,6742475530.564862,5330590398.212658,4214356264.951317,3331863339.920019,2634165841.228714,2082567311.7981927,1646474394.3939798,1301700029.5919921,1029121966.797096,813622185.1944553,643248401.6455927,508551160.1686707,402059735.93914044,317867785.8287379,251305764.38263088,198681936.41354123,157077621.9718209,124185317.34544069,98180713.78082405,77621515.6877077,61367446.47331978,48517005.282494865,38357466.97730074,30325352.200696632,23975175.07192316,18954735.164334238,14985583.382487882,11847578.315736635,9366676.516013606,7405279.510928111,5854602.16771855,4628639.133968202,3659394.7152604926,2893111.624063028,2287289.434611533,1808327.378097586,1429660.7403044596,1130287.5005510168,893603.4947912176,706481.4974188382,558543.1448114222,441583.31924562936,349115.0677389891,276009.81561217614,218212.91990531748,172518.7863626972,136393.07727962208,107832.14930978327,85251.9252199954,67400.03607677598,53286.36099921441,42128.11199839972,33306.418139078305,26332.00104712174,20818.038020488515,16458.707648041738,13012.228010012579,10287.446706345829,8133.238954502716,6430.125742497012,5083.647154056937,4019.1233300696563,3177.5124930571205,2512.1363079343723,1986.0909574490506,1570.200342553997,1241.3978858870764,981.4471881838272,775.9305812782427,613.4494797187425,484.9921800314375,383.4340438262172,303.1423433577743,239.6638530565434,189.4778598914441,149.800893756688,118.43234762710043,93.63242509920025,74.02564591188788,58.524557565037455,46.2694218468594
Nb106,5702512073623.511,2706652297515.0796,1284556146047.4875,609630020616.6462,289319967547.0133,137306240925.69524,65163156917.20386,30925302022.121456,14676610965.612173,6965264533.762144,3305593514.5093217,1568777241.713376,744514418.7608882,353333605.9473648,167685989.6139356,79580856.84324487,37767691.8058914,17923890.253587745,8506366.856460713,4036973.8975728047,1915877.66254241,909242.2470296061,431510.5708192093,204787.41868519536,97188.5503804176,46123.997195194024,21889.64758641896,10388.44637488496,4930.176132703818,2339.7759224368674,1110.4169952266843,526.9846105622228,250.0977389243978,118.69204102253559,56.32918019444345,26.732850105557123,12.686946131637134,6.021004176939702,2.8574639572499927,1.3561027408442798,0.6435827962271923,0.3054332117504171,0.14495329487838393,0.06879231494075079,0.03264763728812048,0.015494001349055946,0.007353183805797164,0.0034896932602327515,0.0016561477819870263,0.000785978958963748,0.00037301195621114967,0.0001770249927045262,8.401298542907358e-05,3.987110301699938e-05,1.8922132664054136e-05,8.980115358318728e-06,4.2618067043735654e-06,2.0225794057999693e-06,9.598810402564845e-07,4.555428621500524e-07,2.1619272654912714e-07,1.0260131130613576e-07,4.8692799474668936e-08,2.3108756510975812e-08,1.0967014286401288e-08,5.204754409913984e-09,2.470086001539093e-09,1.172259894410698e-09,5.563341758900421e-10,2.6402653263067037e-10,1.253024044791964e-10,5.946634382473532e-11,2.8221693450972442e-11,1.3393525312201348e-11,6.356334378027803e-12,3.0166058437573136e-12,1.4316287148213597e-12,6.794261110852461e-13,3.224438261438634e-13,1.5302623688133345e-13,7.262359293433673e-14,3.446589524894474e-14,1.6356914981957444e-14,7.762707621389159e-15,3.6840461469441496e-15,1.7483842848103098e-15,8.297528004385241e-16,3.9378626073058634e-16,1.8688411664079236e-16,8.869195433028108e-17,4.209166035251844e-17,1.9975970589554105e-17,9.480248525545637e-18,4.49916121488024e-18,2.1352237320505894e-18,1.0133400801094437e-18,4.809135935230816e-19,2.282332347994218e-19,1.0831552729754128e-19,5.1404667090027785e-20,2.4395761757941112e-20,1.1577804612719261e-20,5.494624885270081e-21,2.6076534921535826e-21,1.2375470349886384e-21,5.873183183339028e-22,2.7873106823267573e-22,1.322809215597453e-22,6.27782267676329e-23,2.979345554610702e-23,1.4139456290528872e-23,6.710340258530356e-24,3.1846108831932297e-24,1.5113609871660877e-24,7.1726566205704155e-25,3.4040181950891474e-25,1.6154878848189558e-25,7.666824783022277e-26,3.638541817981624e-26,1.7267887209993337e-26,8.195039211132617e-27,3.889223206944198e-27
Nb107,836760935660.7333,83027086650.62212,8237427612.265563,817257286.498703,81082201.69874656,8044373.359840929,798102.9217783235,79181.8386096049,7855.833369192456,779.3973846473085,77.32601426815866,7.671712274611531,0.7611302584447313,0.07551368580874972,0.007491906518175335,0.0007432912680124337,7.374383379760715e-05,7.3163149591556e-06,7.258703789183923e-07,7.201546269297573e-08,7.144838827300391e-09,7.088577919124925e-10,7.032760028610911e-11,6.977381667285538e-12,6.922439374145435e-13,6.867929715440343e-14,6.813849284458533e-15,6.760194701313901e-16,6.70696261273471e-17,6.654149691854036e-18,6.601752638001856e-19,6.54976817649874e-20,6.498193058451207e-21,6.447024060548688e-22,6.396257984862051e-23,6.345891658643757e-24,6.295921934129578e-25,6.246345688341846e-26,6.197159822894294e-27,6.148361263798416e-28,6.099946961271334e-29,6.051913889545209e-30,6.004259046678141e-31,5.956979454366537e-32,5.910072157758993e-33,5.863534225271622e-34,5.817362748404822e-35,5.771554841561517e-36,5.726107641866818e-37,5.681018308989084e-38,5.636284024962419e-39,5.5919019940105645e-40,5.547869442372152e-41,5.504183618127362e-42,5.460841791025942e-43,5.417841252316555e-44,5.375179314577502e-45,5.3328533115487714e-46,5.290860597965386e-47,5.249198549392092e-48,5.207864562059347e-49,5.166856052700572e-50,5.1261704583907147e-51,5.085805236386081e-52,5.045757863965402e-53,5.0060258382721823e-54,4.9666066761582824e-55,4.927497914028713e-56,4.888697107687678e-57,4.8502018321858226e-58,4.812009681668665e-59,4.774118269226248e-60,4.7365252267439674e-61,4.699228204754556e-62,4.662224872291258e-63,4.625512916742156e-64,4.589090043705621e-65,4.5529539768469315e-66,4.5171024577560114e-67,4.48153324580627e-68,4.4462441180145816e-69,4.411232868902355e-70,4.376497310357686e-71,4.342035271498615e-72,4.307844598537456e-73,4.273923154646178e-74,4.240268819822866e-75,4.2068794907592343e-76,4.173753080709158e-77,4.1408875193582676e-78,4.108280752694565e-79,4.075930742880037e-80,4.043835468123308e-81,4.011992922553286e-82,3.980401116093786e-83,3.949058074339168e-84,3.917961838430943e-85,3.887110464935338e-86,3.856502025721844e-87,3.826134607842718e-88,3.796006313413416e-89,3.766115259493988e-90,3.7364595779714043e-91,3.707037415442789e-92,3.677846933099598e-93,3.6488863066126995e-94,3.620153726018349e-95,3.591647395605076e-96,3.5633655338014644e-97,3.5353063730647936e-98,3.507468159770582e-99,3.4798491541029926e-100,3.4524476299460875e-101,3.425261874775959e-102,3.3982901895537037e-103,3.371530888619226e-104,3.3449822995858975e-105,3.3186427632360387e-106,3.292510633417213e-107,3.266584276939353e-108,3.240862073472694e-109,3.215342415446497e-110
Nb108,32494959128.996273,896013511.9682392,24694295.96057893,680546.7565996969,18755.008904287155,516.8641204767395,14.24411519838825,0.3925496254971933,0.010818166398439443,0.00029813485128518696,8.21621578711517e-06,2.26428415092742e-07,6.240077973829693e-09,1.7196858046074145e-10,4.739234475868689e-12,1.3060725021446469e-13,3.599369032159369e-15,9.91940141791076e-17,2.7336603613167225e-18,7.533618870934079e-20,2.0761691575012136e-21,5.721657073985817e-23,1.5768156247775679e-24,4.3455025045928374e-26,1.1975649987668271e-27,3.300336209116438e-29,9.095305143705056e-31,2.5065499517473266e-32,6.907731583863251e-34,1.9036826136833366e-35,5.246306185529924e-37,1.4458149900878308e-38,3.9844814839977344e-40,1.0980722156820606e-41,3.0261468040331697e-43,8.339674156924193e-45,2.29830770109945e-46,6.333842533340903e-48,1.745526119847536e-49,4.810447084895979e-51,1.3256977878168594e-52,3.653453813348655e-54,1.0068452168312567e-55,2.77473684476886e-57,7.646820413914928e-59,2.1073660571778288e-60,5.807631745691261e-62,1.600509146414269e-63,4.410798824591846e-65,1.2155598307330832e-66,3.349927668098921e-68,9.231972871896295e-70,2.544213832407809e-71,7.011528429335211e-73,1.932287698823259e-74,5.3251381473435654e-76,1.467540072089823e-77,4.0443530357306556e-79,1.1145720507877641e-80,3.071618242577115e-82,8.46498763490804e-84,2.3328424953950656e-85,6.4290160163715325e-87,1.7717547164178386e-88,4.882729747686241e-90,1.3456179666417e-91,3.7083512824091186e-93,1.0219742582708169e-94,2.816430551017472e-96,7.761722944104314e-98,2.1390317272077328e-99,5.894898288629002e-101,1.6245586912655636e-102,4.477076299106572e-104,1.233825056354656e-105,3.4002642974665375e-107,9.370694194511683e-109,2.5824436574674533e-110,7.116884945300908e-112,1.9613226092344675e-113,5.405154652716752e-115,1.4895915991703607e-116,4.105124228413436e-118,1.1313198154509504e-119,3.1177729433211997e-121,8.592184096263782e-123,2.3678962158625236e-124,6.52561959366557e-126,1.798377428705022e-127,4.9560985430641604e-129,1.3658374697379281e-130,3.764073650938212e-132,1.0373306314700728e-133,2.858750754565838e-135,7.878352020848928e-137,2.1711732114204822e-138,5.983476114693822e-140,1.648969609001768e-141,4.544349671145266e-143,1.252364738616353e-144,3.451357294286588e-146,9.511499969238828e-148,2.621247930910918e-149,7.223824567656098e-151,1.990793803550561e-152,5.4863735008189154e-154,1.5119744765532435e-155,4.1668085802164736e-157,1.148319235106759e-158,3.164621173088939e-160,8.721291835045975e-162,2.4034766599819476e-163,6.62367475408249e-165,1.8254001787643438e-166,5.030569791457786e-168,1.386360794807103e-169,3.820633314027071e-171,1.0529177523578576e-172,2.901706869277609e-174,7.996733587554874e-176,2.2037976594875097e-177,6.073384927467174e-179
Nb109,174600092667.7786,4554464835.469097,118617007.39935602,3088777.1138496217,80430.17144194205,2094.3568454103047,54.53587568554237,1.4200835402350185,0.036978176882457796,0.0009628909332094523,2.507313846721423e-05,6.528904270595076e-07,1.7000899600313166e-08,4.4269386598553757e-10,1.1527499343482426e-11,3.0016960099087745e-13,7.816247624422172e-15,2.0353069306355903e-16,5.2998248020571206e-18,1.3800445775384033e-19,3.593558479997137e-21,9.35742421610289e-23,2.4366206490725722e-24,6.34482315899481e-26,1.6521562736587418e-27,4.302122035852587e-29,1.120248387301851e-30,2.917063808962113e-32,7.595870132026108e-34,1.977921870798394e-35,5.150397333003231e-37,1.3411345048274974e-38,3.4922388385715008e-40,9.093593567034421e-42,2.3679206315750028e-43,6.165932176433428e-45,1.6055740677038348e-46,4.1808245908636605e-48,1.0886632146823222e-49,2.834817795495257e-51,7.381706137652126e-53,1.9221547709076482e-54,5.0051829406720115e-56,1.3033214936050424e-57,3.393775883574023e-59,8.8372015687934e-61,2.3011575969253645e-62,5.992084988291515e-64,1.5603052374544985e-65,4.062947102360919e-67,1.0579685795013796e-68,2.7548906914435595e-70,7.173580453002925e-72,1.8679600129158144e-73,4.864062838232767e-75,1.266574612448264e-76,3.2980890713190627e-78,8.588038490151367e-80,2.2362769322910834e-81,5.823139385823913e-83,1.516312752553134e-84,3.9483931453753895e-86,1.0281393732393006e-87,2.6772171156335082e-89,6.971322829179079e-91,1.815293264966794e-92,4.726921588024994e-94,1.2308638020394703e-95,3.205100129033598e-97,8.345900513208666e-99,2.1732255646371565e-100,5.658957169831779e-102,1.4735606267054572e-103,3.837069013620275e-105,9.991511953059117e-107,2.601733530300342e-108,6.77476781741386e-110,1.7641114451320542e-111,4.593647007129292e-113,1.1961598505772596e-114,3.114732990829353e-116,8.110589566669407e-118,2.1119519173118933e-119,5.499404037614264e-121,1.4320138882433513e-122,3.7288836428382427e-124,9.709803330806609e-126,2.5283781891135e-127,6.583754633734489e-129,1.7143726861691644e-130,4.4641300756005667e-132,1.1624343698809436e-133,3.026913735480076e-135,7.881913163817012e-137,2.052405867856646e-138,5.344349473107427e-140,1.391638551517658e-141,3.6237485363099084e-143,9.436037425154338e-145,2.4570910866674586e-146,6.398127027439091e-148,1.6660363012739568e-149,4.338264847288591e-151,1.1296597721687415e-152,2.941570525953282e-154,7.659684245058302e-156,1.9945387070051907e-157,5.193666640120961e-159,1.352401589097622e-160,3.521577692462708e-162,9.169990292843243e-164,2.3878139093967965e-165,6.217733153282282e-167,1.6190627507983595e-168,4.215948363173093e-170,1.0978092474907112e-171,2.8586335506468353e-173,7.44372102490681e-175,1.938303098839028e-176,5.047232278584774e-178,1.3142709047540793e-179,3.422287534520677e-181
Nb110,5520808056.219903,93709996.59190905,1588724.6175839459,26933.03614976443,456.5840142917257,7.740268483732878,0.1312173748449138,0.002224470571134201,3.771047338508187e-05,6.392891060817924e-07,1.0837587663816326e-08,1.8372486759672136e-10,3.114607052834341e-12,5.280056652351906e-14,8.951048327806006e-16,1.517431941398396e-17,2.572435777855416e-19,4.36093748302957e-21,7.392905935535927e-23,1.2532868995341152e-24,2.1246422803700547e-26,3.6018128181297457e-28,6.1059952052654175e-30,1.0351225710303205e-31,1.754797868384252e-33,2.974831817087017e-35,5.043101829216163e-37,8.549349214890238e-39,1.4493336536396048e-40,2.4569917391066507e-42,4.16523027039256e-44,7.06113208655009e-46,1.19704273490282e-47,2.0292940163419472e-49,3.4401730904749593e-51,5.831974468520685e-53,9.886690380681207e-55,1.6760472325635604e-56,2.8413293201464822e-58,4.8167809049008466e-60,8.165677283976818e-62,1.3842914349335048e-63,2.3467285201075347e-65,3.9783058741172067e-67,6.744247360708868e-69,1.1433226579774166e-70,1.938224727432223e-72,3.2857873215558374e-74,5.570251049681045e-76,9.443002154436763e-78,1.6008307146910957e-79,2.71381805826905e-81,4.60061665846307e-83,7.79922352334407e-85,1.3221681370732646e-86,2.2414136195217596e-88,3.7997701448913732e-90,6.441583573980622e-92,1.0920133944513416e-93,1.8512423846800012e-95,3.1383299731021776e-97,5.320273078003235e-99,9.019225469317613e-101,1.5289897130039391e-102,2.5920291608462728e-104,4.394153285359689e-106,7.449215227552963e-108,1.2628327666968196e-109,2.1408249700512544e-111,3.6292466217700504e-113,6.152502528646224e-115,1.043006753465997e-116,1.7681635768706438e-118,2.997490116130791e-120,5.081513449227158e-122,8.614466748603567e-124,1.4603727433621727e-125,2.47570582346362e-127,4.1969554363366136e-129,7.114914368118296e-131,1.2061602090739024e-132,2.0447504701844504e-134,3.466375738368727e-136,5.876394667593576e-138,9.96199399479208e-140,1.688813123794378e-141,2.862970775319821e-143,4.853468714122424e-145,8.227872516908151e-147,1.3948351198289982e-148,2.3646027664019717e-150,4.008607299450082e-152,6.795616037299716e-154,1.1520309642887759e-155,1.9529875369584417e-157,3.3108140646807476e-159,5.6126777890037825e-161,9.514926343716035e-163,1.613023706860795e-164,2.734488302805707e-166,4.635658016913795e-168,7.858627600537963e-170,1.3322386495855577e-171,2.258485717440096e-173,3.8287117232844757e-175,6.490646961731249e-177,1.100330895262362e-178,1.865342678791968e-180,3.162233582919747e-182,5.360795818718679e-184,9.087921893314789e-186,1.5406355162903906e-187,2.611771780082512e-189,4.427622081347391e-191,7.505953408615084e-193,1.2724513415371588e-194,2.1571309178675784e-196,3.656889379517657e-198,6.199364082755206e-200,1.0509509870824814e-201,1.7816310874885204e-203,3.0203209958604915e-205
Nb111,28712684.775126014,4956.77102308676,0.8557046882845782,0.0001477232880320183,2.5501986988919408e-08,4.402497054100597e-12,7.600184377705895e-16,1.3120463651718505e-19,2.2650314503031692e-23,3.910202876245538e-27,6.750319750020427e-31,1.1653312671916334e-34,2.0117520541013612e-38,3.472957811330668e-42,5.9954883280437214e-46,1.0350220833214149e-49,1.7867947602402373e-53,3.0846061805528947e-57,5.325063348532445e-61,9.192842783191503e-65,1.5869925464786466e-68,2.739680642840722e-72,4.7296063497026304e-76,8.164884575726774e-80,1.40953253200729e-83,2.433325223841311e-87,4.200734293482584e-91,7.251874279502979e-95,1.251916376794158e-98,2.1612269519278407e-102,3.7310015463655054e-106,6.440958237432979e-110,1.111925109137749e-113,1.9195551387766007e-117,3.313795057349661e-121,5.720720108677771e-125,9.875878862588623e-129,1.704907449685868e-132,2.9432412572469302e-136,5.081020145672181e-140,8.771542481323891e-144,1.5142620043969742e-147,2.6141233686578035e-151,4.512852443447646e-155,7.790694739394815e-159,1.3449348340772568e-162,2.3218079624756684e-166,4.008218151561203e-170,6.919526942001803e-174,1.1945420955303944e-177,2.0621797269588173e-181,3.560012863667006e-185,6.145774504419637e-189,1.0609665106734684e-192,1.8315835310279302e-196,3.161926599363898e-200,5.4585442871687865e-204,9.423275588047224e-208,1.6267729661371708e-211,2.808354970230832e-215,4.848161238840744e-219,8.369550020190604e-223,1.4448646422746067e-226,2.494320279416629e-230,4.306032187565005e-234,7.433653710534088e-238,1.2832975946560554e-241,2.215401443998252e-245,3.8245248635293834e-249,6.602410805220182e-253,1.139797229626594e-256,1.967671753531753e-260,3.396860449393383e-264,5.864118795191522e-268,1.0123433021883352e-271,1.747643588540417e-275,3.01701814588409e-279,5.208383764447041e-283,8.991414743316465e-287,1.5522193206688917e-290,2.6796504090179455e-294,4.625974061098387e-298,7.985980537587277e-302,1.3786477032597085e-305,2.38000766563037e-309,4.10869033117e-313,7.0929754e-317,1.2243e-320,0.0,0.0,0.0,0.0,0.0,0.0,0.0,0.0,0.0,0.0,0.0,0.0,0.0,0.0,0.0,0.0,0.0,0.0,0.0,0.0,0.0,0.0,0.0,0.0,0.0,0.0,0.0,0.0,0.0,0.0,0.0,0.0,0.0,0.0
Nb112,892012.3036148156,38.69165301069001,0.0016782773137018119,7.279644374221947e-08,3.157596291297822e-12,1.369629315152282e-16,5.940862250485766e-21,2.576890249704e-25,1.1177440376565852e-29,4.848292370466124e-34,2.1029804783214567e-38,9.121823838721908e-43,3.9566544246330565e-47,1.7162263285016287e-51,7.4442508607896525e-56,3.228995497741245e-60,1.4005992166856198e-64,6.075196348686794e-69,2.635158597506325e-73,1.1430183380842532e-77,4.957921403414701e-82,2.1505328325384835e-86,9.328085476790202e-91,4.0461218422596286e-95,1.755033442086743e-99,7.612579410418044e-104,3.3020091748802427e-108,1.4322694060927435e-112,6.212567994162702e-117,2.694744502529405e-121,1.1688641381044781e-125,5.0700293555263196e-130,2.1991604351541012e-134,9.53901107944396e-139,4.137612286907956e-143,1.79471805768881e-147,7.784714185971648e-152,3.37667382894166e-156,1.4646557182030196e-160,6.353045871585321e-165,2.7556777572265473e-169,1.1952943604007392e-173,5.184672279837815e-178,2.2488875995622075e-182,9.754706107717332e-187,4.231171503033836e-191,1.8353000172831444e-195,7.960741253396024e-200,3.453026791626962e-204,1.4977743459011586e-208,6.496700218716392e-213,2.8179888277145698e-217,1.2223222198627334e-221,5.301907496850775e-226,2.2997391889283684e-230,9.975278407317274e-235,4.326846269461459e-239,1.8767996115095352e-243,8.140748624750094e-248,3.5311062387777916e-252,1.531641848223537e-256,6.643602861525907e-261,2.881708869006664e-265,1.2499612301937519e-269,5.42179362319152e-274,2.3517406286212358e-278,1.0200838262545637e-282,4.424684422772469e-287,1.9192375898174123e-291,8.324826302211435e-296,3.61095120946357e-300,1.5662751586375689e-304,6.793827250104507e-309,2.9468697406e-313,1.2782254e-317,5.53e-322,0.0,0.0,0.0,0.0,0.0,0.0,0.0,0.0,0.0,0.0,0.0,0.0,0.0,0.0,0.0,0.0,0.0,0.0,0.0,0.0,0.0,0.0,0.0,0.0,0.0,0.0,0.0,0.0,0.0,0.0,0.0,0.0,0.0,0.0,0.0,0.0,0.0,0.0,0.0,0.0,0.0,0.0,0.0,0.0,0.0,0.0
Nb113,454.47840898485373,4.199330604864462e-08,3.880135377242758e-18,3.585202491151971e-28,3.312687742275678e-38,3.0608871060717905e-48,2.8282260825707667e-58,2.6132498510861397e-68,2.414614173275116e-78,2.231076987666451e-88,2.0614906430964864e-98,1.904794722489293e-108,1.7600094121083248e-118,1.62622937481774e-128,1.5026180890431096e-138,1.3884026180332739e-148,1.2828687767157225e-158,1.1853566659240143e-168,1.0952565460729511e-178,1.012005024479737e-188,9.350815324905784e-199,8.640050703843471e-209,7.983311996992975e-219,7.376492641759687e-229,6.8157982193894e-239,6.297722728609642e-249,5.819026662734679e-259,5.376716753151283e-269,4.9680272525219424e-279,4.590402640670082e-289,4.2414816450079004e-299,3.919082475587114e-309,3.6212e-319,0.0,0.0,0.0,0.0,0.0,0.0,0.0,0.0,0.0,0.0,0.0,0.0,0.0,0.0,0.0,0.0,0.0,0.0,0.0,0.0,0.0,0.0,0.0,0.0,0.0,0.0,0.0,0.0,0.0,0.0,0.0,0.0,0.0,0.0,0.0,0.0,0.0,0.0,0.0,0.0,0.0,0.0,0.0,0.0,0.0,0.0,0.0,0.0,0.0,0.0,0.0,0.0,0.0,0.0,0.0,0.0,0.0,0.0,0.0,0.0,0.0,0.0,0.0,0.0,0.0,0.0,0.0,0.0,0.0,0.0,0.0,0.0,0.0,0.0,0.0,0.0,0.0,0.0,0.0,0.0,0.0,0.0,0.0,0.0,0.0,0.0,0.0,0.0,0.0
Nd158,18810781292.99026,11182244362.372557,6642988052.109963,3946346427.2798433,2344374105.7136517,1392703363.88205,827352023.3098623,491498324.93178123,291980434.6937251,173454455.3244805,103042685.38907969,61213734.70822747,36364748.28640647,21602911.89937746,12833467.14946784,7623874.033445293,4529053.18577541,2690537.9954596,1598346.1461100918,949516.5677259227,564071.6277761253,335093.4697474911,199066.26736414866,118257.68742123156,70252.38790776838,41734.26788876541,24792.738981312763,14728.421924971008,8749.594490688274,5197.800833074204,3087.815501513784,1834.353580983527,1089.7195957522365,647.3609066850244,384.5724580319831,228.45984975228168,135.71929517764485,80.62566399955669,47.89663611840031,28.45356723475869,16.903180557014302,10.041535761955215,5.96529393497977,3.5437539211410045,2.105209230338596,1.250624620706128,0.7429484534726211,0.44135737884778287,0.2621936083895002,0.15575923633535957,0.09253062976170526,0.054968922842324554,0.032654943408760254,0.01939905812031444,0.011524241559530086,0.00684611297614112,0.00406701496493093,0.002416058686530089,0.0014352884430206745,0.0008526501968490404,0.0005065270062766294,0.0003009084018695064,0.00017875822057592428,0.00010619345031558264,6.308548414498457e-05,3.747668333574346e-05,2.226347016089679e-05,1.3225879653347103e-05,7.85699135582442e-06,4.667539308047229e-06,2.7728073260531183e-06,1.6472192219481257e-06,9.78550200607559e-07,5.813194032404569e-07,3.453397162189806e-07,2.0515317213465778e-07,1.2187368570785688e-07,7.240051476400369e-08,4.3010388236373706e-08,2.5550833475058807e-08,1.5178776989464083e-08,9.017133281416526e-09,5.35673543865014e-09,3.182232497198111e-09,1.8904431219727296e-09,1.1230402557200436e-09,6.671554416573103e-10,3.9633163732637946e-10,2.354455302884174e-10,1.3986922191413065e-10,8.309097741163081e-11,4.9361184917856704e-11,2.9323599894900085e-11,1.742003382267108e-11,1.034857860121673e-11,6.147696391162338e-12,3.652112273029146e-12,2.1695808000512414e-12,1.2888653184932968e-12,7.656657955193898e-13,4.548528865014911e-13,2.702107754707699e-13,1.6052192994113379e-13,9.535996463180893e-14,5.66497229251766e-14,3.3653442719805693e-14,1.9992228530245944e-14,1.187662150744403e-14,7.0554484817779735e-15,4.1913732156760565e-15,2.4899351867508236e-15,1.4791756579996794e-15,8.787219196953902e-16,5.220152238019856e-16,3.101093619873506e-16,1.8422416053651449e-16,1.0944055705989241e-16,6.501446658624129e-17,3.862261833316765e-17,2.2944226496587463e-17,1.3630291063788959e-17,8.097236771579e-18
Nd159,641219727.6675884,261624684.7423191,106720607.08680388,43532890.53480255,17757700.267813094,7243624.646205838,2954780.0235272683,1205297.818959862,491658.5400002769,200554.6813017619,81809.1763280033,33371.154879183254,13612.580250233357,5552.76980194155,2265.0556989609263,923.9492185686279,376.89234701168573,153.73987918517417,62.71273651289905,25.581438867915853,10.435041603045248,4.2566054950823995,1.736331394738101,0.708274872039744,0.288915638963369,0.11785289826423179,0.04807391416786676,0.019610049964471972,0.007999225073837,0.0032630004460891494,0.0013310254196999148,0.0005429446600323673,0.00022147503683597885,9.034289413321436e-05,3.685218269727488e-05,1.5032542211352844e-05,6.131992972910543e-06,2.5013292689394264e-06,1.0203286499663643e-06,4.1620692120378077e-07,1.6977686676115674e-07,6.92544573835254e-08,2.824990211554459e-08,1.1523546637847133e-08,4.700622556903248e-09,1.9174524230151133e-09,7.821567781755014e-10,3.1905314484095504e-10,1.3014642597658645e-10,5.308862322270033e-11,2.1655622845831163e-11,8.833644053522139e-12,3.603372104319268e-12,1.469867977871397e-12,5.995805622688805e-13,2.4457764647085947e-13,9.976678517873522e-14,4.06963251487736e-14,1.6600623921554524e-14,6.7716363474453185e-15,2.7622491201974413e-15,1.1267616585627866e-15,4.596224960029724e-16,1.8748671223110369e-16,7.647856136049818e-17,3.119671937370054e-17,1.2725596328804722e-17,5.1909561381703375e-18,2.117466634346657e-18,8.637454889286963e-19,3.5233436860027203e-19,1.4372232201284512e-19,5.862642899931958e-20,2.391457450085641e-20,9.755103343641292e-21,3.979248773241344e-21,1.6231935471666914e-21,6.621242957417339e-22,2.700901465365826e-22,1.1017370564001586e-22,4.494145962044117e-23,1.8332276118723595e-23,7.47800250662674e-24,3.0503861673783955e-24,1.2442969578958852e-24,5.075668569398195e-25,2.0704391554521792e-25,8.445622951574627e-26,3.445092643864057e-26,1.4053034800225612e-26,5.7324376297424446e-27,2.3383448234512026e-27,9.538449201769524e-28,3.890872392398302e-28,1.5871435338900564e-28,6.474189701236413e-29,2.6409162997918995e-29,1.0772682334554674e-29,4.3943340684584035e-30,1.7925128863472076e-30,7.311921209595245e-31,2.9826391867273235e-31,1.2166619775015153e-31,4.962941458306621e-32,2.0244561245481982e-32,8.25805146937823e-33,3.368579503599722e-33,1.3740926554102156e-33,5.605124129131013e-34,2.286411791757045e-34,9.326606799511029e-35,3.804458790244398e-35,1.5518941666358976e-35,6.330402396825053e-36,2.5822633635255142e-36,1.0533428462541984e-36,4.296738928441733e-37,1.7527024068981299e-37,7.14952846404514e-38,2.916396819962976e-38,1.1896407510318377e-38,4.85271793888996e-39
Nd160,18253068.87338993,5618769.111728766,1729603.1998729887,532416.8282277852,163891.74060325001,50450.13833873632,15529.864098271479,4780.495888662462,1471.560909799739,452.98470319499063,139.44046757573778,42.92340085791085,13.2129386342468,4.0672859993151285,1.2520163650308114,0.38540318496631826,0.118637119394623,0.03651958947740422,0.011241679015839124,0.0034604810432863663,0.0010652260248733348,0.0003279042624056204,0.0001009374562704279,3.1071173041786935e-05,9.56451479821481e-06,2.944206297014941e-06,9.063032367308743e-07,2.789836968087605e-07,8.587843442535837e-08,2.6435614638822814e-08,8.137569414353317e-09,2.5049554125429393e-09,7.710903955867294e-10,2.373616692691957e-10,7.306609232940711e-11,2.2491642668028228e-11,6.923512313011262e-12,2.1312370757409366e-12,6.560501762200583e-13,2.0194929912653568e-13,6.216524420842313e-14,1.9136078234525037e-14,5.8905823480742556e-15,1.8132743801622154e-15,5.581729926630372e-16,1.718201575817438e-16,5.289071119432942e-17,1.6281135869119927e-17,5.011756870026034e-18,1.5427490517964018e-18,4.748982639308148e-19,1.4618603124201747e-19,4.4999860714179104e-20,1.3852126958307403e-20,4.2640447820009904e-21,1.3125838333445047e-21,4.040474262441626e-22,1.243763015414832e-22,3.828625893978566e-23,1.178550580325319e-23,3.62788506594403e-24,1.1167573349348063e-24,3.437669392666286e-25,1.0582040057936556e-25,3.257427023862862e-26,1.0027207190388509e-26,3.0866350436224525e-27,9.501465075590039e-28,2.924797953330686e-28,9.003288439994761e-29,2.7714462341385014e-29,8.531231982527662e-30,2.626134984802509e-30,8.083926181503652e-31,2.4884426309455196e-31,7.660073321395977e-32,2.3579697019925805e-32,7.258443727927286e-33,2.2343376722341267e-33,6.877872200560823e-34,2.1171878626540247e-34,6.51725463204159e-35,2.0061804003364668e-35,6.175544805180329e-36,1.90099323243281e-36,5.8517513575870285e-37,1.8013211918276467e-37,5.544934905548259e-38,1.7068751117934633e-38,5.254205318704059e-39,1.6173809870653567e-39,4.9787191376177904e-40,1.532579178901898e-40,4.717677126746832e-41,1.452223661825886e-41,4.4703219557147937e-42,1.3760813098596723e-42,4.235936002158325e-43,1.30393122018428e-43,4.0138392697740157e-44,1.2355640722601246e-44,3.803387415525417e-45,1.1707815205500427e-45,3.6039698802866015e-46,1.109395619082786e-46,3.4150081174990416e-47,1.051228276187566e-47,3.2359539147027875e-48,9.961107378177039e-49,3.0662878030723294e-49,9.43883097964434e-50,2.9055175503430166e-50,8.943938347404723e-51,2.753176732755679e-51,8.474993707874486e-52,2.608823381876447e-52,8.030636567318677e-53,2.4720387023658717e-53,7.60957776481113e-54,2.3424258569774484e-54,7.210595732144045e-55,2.2196088152605493e-55
Nd161,223013.50719209402,53947.53868844731,13050.047807349538,3156.839995196642,763.6476817855545,184.72833047723907,44.68625636513208,10.809719888505915,2.6148989325303256,0.6325507504240544,0.15301564694695668,0.03701487698006742,0.008953993563314964,0.0021659939806110834,0.0005239594925849532,0.0001267471434950287,3.066045870243433e-05,7.416843503700365e-06,1.7941534434386903e-06,4.340103140907469e-07,1.0498820679246185e-07,2.539691617372953e-08,6.143579082272283e-09,1.486147518145346e-09,3.595028917366322e-10,8.696467045767438e-11,2.1036976563049072e-11,5.08889852149405e-12,1.2310175886943543e-12,2.977863082304017e-13,7.203527080676761e-14,1.7425516542518376e-14,4.215277090969918e-15,1.019686326675045e-15,2.466647345759193e-16,5.966883118047181e-17,1.443404311753298e-17,3.491632006141696e-18,8.446347268773309e-19,2.043193041512612e-19,4.9425363083512607e-20,1.1956121943957644e-20,2.8922165265078376e-21,6.996345868178851e-22,1.692433988207856e-22,4.094041172934084e-23,9.903590475294199e-24,2.3957039062224694e-24,5.795269120433915e-25,1.4018904461032387e-25,3.3912089016642407e-26,8.203421206481257e-27,1.9844286047350476e-27,4.800383630404638e-28,1.1612250974447877e-28,2.8090332580814857e-29,6.795123410931151e-30,1.643757760323577e-30,3.976292130732219e-31,9.618752525804386e-32,2.3268008765651478e-32,5.6285909265885665e-33,1.361570564028799e-33,3.2936740740427498e-34,7.967481959893424e-35,1.9273542965746163e-35,4.662319416879261e-36,1.1278270105108223e-36,2.728242430221973e-37,6.599688328702318e-38,1.596481513282009e-38,3.861929678052494e-39,9.342106823123657e-40,2.259879572397208e-40,5.466706577468334e-41,1.3224103252738653e-41,3.198944453317986e-42,7.738328580650372e-43,1.871921507108394e-43,4.528226079126325e-44,1.0953894885984896e-44,2.649775233756803e-45,6.409874170341387e-46,1.5505649821233352e-46,3.7508564129256307e-47,9.073417749393145e-48,2.194882997154999e-48,5.309478196925651e-49,1.2843763772451377e-49,3.1069393587123616e-50,7.515765899884325e-51,1.818083024487301e-51,4.397989410473472e-52,1.063884904821183e-52,2.5735648385395425e-53,6.225519272012128e-54,1.5059690599514263e-54,3.6429777347680924e-55,8.812456463377882e-56,2.1317557935575564e-56,5.156771874279777e-57,1.2474363266059036e-57,3.017580429914528e-58,7.299604361994748e-59,1.7657929947259751e-59,4.271498488955463e-60,1.033286426871359e-60,2.4995463365308776e-61,6.0464666195046774e-62,1.4626557646266983e-62,3.5382017638112175e-63,8.559000705563762e-64,2.0704441964590455e-64,5.0084575502655994e-65,1.211558711686761e-65,2.9307915603402517e-66,7.089659863204715e-67,1.7150068826491562e-67,4.148645582842468e-68,1.0035679941675942e-68,2.4276566865167465e-69,5.872563714507284e-70
Ne26,0.0,0.0,0.0,0.0,0.0,0.0,0.0,0.0,0.0,0.0,0.0,0.0,0.0,0.0,0.0,0.0,0.0,0.0,0.0,0.0,0.0,0.0,0.0,0.0,0.0,0.0,0.0,0.0,0.0,0.0,0.0,0.0,0.0,0.0,0.0,0.0,0.0,0.0,0.0,0.0,0.0,0.0,0.0,0.0,0.0,0.0,0.0,0.0,0.0,0.0,0.0,0.0,0.0,0.0,0.0,0.0,0.0,0.0,0.0,0.0,0.0,0.0,0.0,0.0,0.0,0.0,0.0,0.0,0.0,0.0,0.0,0.0,0.0,0.0,0.0,0.0,0.0,0.0,0.0,0.0,0.0,0.0,0.0,0.0,0.0,0.0,0.0,0.0,0.0,0.0,0.0,0.0,0.0,0.0,0.0,0.0,0.0,0.0,0.0,0.0,0.0,0.0,0.0,0.0,0.0,0.0,0.0,0.0,0.0,0.0,0.0,0.0,0.0,0.0,0.0,0.0,0.0,0.0,0.0,0.0,0.0,0.0
Ne27,0.0,0.0,0.0,0.0,0.0,0.0,0.0,0.0,0.0,0.0,0.0,0.0,0.0,0.0,0.0,0.0,0.0,0.0,0.0,0.0,0.0,0.0,0.0,0.0,0.0,0.0,0.0,0.0,0.0,0.0,0.0,0.0,0.0,0.0,0.0,0.0,0.0,0.0,0.0,0.0,0.0,0.0,0.0,0.0,0.0,0.0,0.0,0.0,0.0,0.0,0.0,0.0,0.0,0.0,0.0,0.0,0.0,0.0,0.0,0.0,0.0,0.0,0.0,0.0,0.0,0.0,0.0,0.0,0.0,0.0,0.0,0.0,0.0,0.0,0.0,0.0,0.0,0.0,0.0,0.0,0.0,0.0,0.0,0.0,0.0,0.0,0.0,0.0,0.0,0.0,0.0,0.0,0.0,0.0,0.0,0.0,0.0,0.0,0.0,0.0,0.0,0.0,0.0,0.0,0.0,0.0,0.0,0.0,0.0,0.0,0.0,0.0,0.0,0.0,0.0,0.0,0.0,0.0,0.0,0.0,0.0,0.0
Ne28,0.0,0.0,0.0,0.0,0.0,0.0,0.0,0.0,0.0,0.0,0.0,0.0,0.0,0.0,0.0,0.0,0.0,0.0,0.0,0.0,0.0,0.0,0.0,0.0,0.0,0.0,0.0,0.0,0.0,0.0,0.0,0.0,0.0,0.0,0.0,0.0,0.0,0.0,0.0,0.0,0.0,0.0,0.0,0.0,0.0,0.0,0.0,0.0,0.0,0.0,0.0,0.0,0.0,0.0,0.0,0.0,0.0,0.0,0.0,0.0,0.0,0.0,0.0,0.0,0.0,0.0,0.0,0.0,0.0,0.0,0.0,0.0,0.0,0.0,0.0,0.0,0.0,0.0,0.0,0.0,0.0,0.0,0.0,0.0,0.0,0.0,0.0,0.0,0.0,0.0,0.0,0.0,0.0,0.0,0.0,0.0,0.0,0.0,0.0,0.0,0.0,0.0,0.0,0.0,0.0,0.0,0.0,0.0,0.0,0.0,0.0,0.0,0.0,0.0,0.0,0.0,0.0,0.0,0.0,0.0,0.0,0.0
Ne29,0.0,0.0,0.0,0.0,0.0,0.0,0.0,0.0,0.0,0.0,0.0,0.0,0.0,0.0,0.0,0.0,0.0,0.0,0.0,0.0,0.0,0.0,0.0,0.0,0.0,0.0,0.0,0.0,0.0,0.0,0.0,0.0,0.0,0.0,0.0,0.0,0.0,0.0,0.0,0.0,0.0,0.0,0.0,0.0,0.0,0.0,0.0,0.0,0.0,0.0,0.0,0.0,0.0,0.0,0.0,0.0,0.0,0.0,0.0,0.0,0.0,0.0,0.0,0.0,0.0,0.0,0.0,0.0,0.0,0.0,0.0,0.0,0.0,0.0,0.0,0.0,0.0,0.0,0.0,0.0,0.0,0.0,0.0,0.0,0.0,0.0,0.0,0.0,0.0,0.0,0.0,0.0,0.0,0.0,0.0,0.0,0.0,0.0,0.0,0.0,0.0,0.0,0.0,0.0,0.0,0.0,0.0,0.0,0.0,0.0,0.0,0.0,0.0,0.0,0.0,0.0,0.0,0.0,0.0,0.0,0.0,0.0
Ne30,0.0,0.0,0.0,0.0,0.0,0.0,0.0,0.0,0.0,0.0,0.0,0.0,0.0,0.0,0.0,0.0,0.0,0.0,0.0,0.0,0.0,0.0,0.0,0.0,0.0,0.0,0.0,0.0,0.0,0.0,0.0,0.0,0.0,0.0,0.0,0.0,0.0,0.0,0.0,0.0,0.0,0.0,0.0,0.0,0.0,0.0,0.0,0.0,0.0,0.0,0.0,0.0,0.0,0.0,0.0,0.0,0.0,0.0,0.0,0.0,0.0,0.0,0.0,0.0,0.0,0.0,0.0,0.0,0.0,0.0,0.0,0.0,0.0,0.0,0.0,0.0,0.0,0.0,0.0,0.0,0.0,0.0,0.0,0.0,0.0,0.0,0.0,0.0,0.0,0.0,0.0,0.0,0.0,0.0,0.0,0.0,0.0,0.0,0.0,0.0,0.0,0.0,0.0,0.0,0.0,0.0,0.0,0.0,0.0,0.0,0.0,0.0,0.0,0.0,0.0,0.0,0.0,0.0,0.0,0.0,0.0,0.0
Ne31,0.0,0.0,0.0,0.0,0.0,0.0,0.0,0.0,0.0,0.0,0.0,0.0,0.0,0.0,0.0,0.0,0.0,0.0,0.0,0.0,0.0,0.0,0.0,0.0,0.0,0.0,0.0,0.0,0.0,0.0,0.0,0.0,0.0,0.0,0.0,0.0,0.0,0.0,0.0,0.0,0.0,0.0,0.0,0.0,0.0,0.0,0.0,0.0,0.0,0.0,0.0,0.0,0.0,0.0,0.0,0.0,0.0,0.0,0.0,0.0,0.0,0.0,0.0,0.0,0.0,0.0,0.0,0.0,0.0,0.0,0.0,0.0,0.0,0.0,0.0,0.0,0.0,0.0,0.0,0.0,0.0,0.0,0.0,0.0,0.0,0.0,0.0,0.0,0.0,0.0,0.0,0.0,0.0,0.0,0.0,0.0,0.0,0.0,0.0,0.0,0.0,0.0,0.0,0.0,0.0,0.0,0.0,0.0,0.0,0.0,0.0,0.0,0.0,0.0,0.0,0.0,0.0,0.0,0.0,0.0,0.0,0.0
Ne32,0.0,0.0,0.0,0.0,0.0,0.0,0.0,0.0,0.0,0.0,0.0,0.0,0.0,0.0,0.0,0.0,0.0,0.0,0.0,0.0,0.0,0.0,0.0,0.0,0.0,0.0,0.0,0.0,0.0,0.0,0.0,0.0,0.0,0.0,0.0,0.0,0.0,0.0,0.0,0.0,0.0,0.0,0.0,0.0,0.0,0.0,0.0,0.0,0.0,0.0,0.0,0.0,0.0,0.0,0.0,0.0,0.0,0.0,0.0,0.0,0.0,0.0,0.0,0.0,0.0,0.0,0.0,0.0,0.0,0.0,0.0,0.0,0.0,0.0,0.0,0.0,0.0,0.0,0.0,0.0,0.0,0.0,0.0,0.0,0.0,0.0,0.0,0.0,0.0,0.0,0.0,0.0,0.0,0.0,0.0,0.0,0.0,0.0,0.0,0.0,0.0,0.0,0.0,0.0,0.0,0.0,0.0,0.0,0.0,0.0,0.0,0.0,0.0,0.0,0.0,0.0,0.0,0.0,0.0,0.0,0.0,0.0
Ni72,2755120897.9497533,1785095656.4452322,1147949251.300351,738216653.7279534,474728153.0286524,305285471.6022802,196321238.95926082,126249142.0381478,81187577.81818976,52209644.24449658,33574680.085186385,21591013.67447903,13884625.864155948,8928845.967776926,5741911.312288183,3692475.560354151,2374536.1121538025,1527003.13265762,981976.4606701243,631483.8186559437,406091.0105239811,261146.68967984646,167936.72295958077,107995.78946598253,69449.31600926808,44661.0698250827,28720.38592366742,18469.341886233375,11877.15898446451,7637.895622441968,4911.734331048732,3158.6100846831814,2031.220948575222,1306.2259763995728,840.0003468937396,540.1826295986637,347.3775628774111,223.3895808169617,143.65609685386767,92.38154298788533,59.408195487198554,38.203883339641,24.567935286696304,15.79900762666734,10.159935667148122,6.533593450917453,4.201585992311099,2.7019319434860045,1.7375429755787113,1.1173692214052462,0.7185514226075085,0.462081948419821,0.29715302250829717,0.19109147000391444,0.12288601206214327,0.07902483538500114,0.05081884018230228,0.0326802897455266,0.021015854238710163,0.013514755616362568,0.008690991919499232,0.005588953488241497,0.0035941123157236386,0.0023112812381089814,0.001486325549222305,0.0009558177524421282,0.0006146618258439688,0.00039527321938155423,0.00025419004628395443,0.0001634630844227999,0.0001051189075246732,6.759926718744537e-05,4.347135098609211e-05,2.795530832184792e-05,1.7977340147988658e-05,1.1560765314253605e-05,7.434430986510671e-06,4.7808914540497725e-06,3.074468394000651e-06,1.977111590287643e-06,1.2714296390483244e-06,8.176237168360178e-07,5.257927940339106e-07,3.38123829538365e-07,2.174387427879355e-07,1.3982926589275892e-07,8.99206063713164e-08,5.782563041120817e-08,3.718617642151793e-08,2.3913474129358236e-08,1.5378140480304367e-08,9.889286824353313e-09,6.359546137556962e-09,4.0896606392403215e-09,2.629955626137913e-09,1.6912568561530494e-09,1.0876038078578231e-09,6.994100503204653e-10,4.4977262396016087e-10,2.8923721237822926e-10,1.8600101599722744e-10,1.1961247194831873e-10,7.691970588913667e-11,4.946508551907285e-11,3.1809724921929906e-11,2.045601637985027e-11,1.315473828081487e-11,8.459474025802616e-12,5.4400702823253875e-12,3.4983693532686282e-12,2.249711400172886e-12,1.4467315691920922e-12,9.303558817082782e-13,5.9828795131121e-13,3.847436015849285e-13,2.474187197588124e-13,1.5910861840174588e-13,1.0231866236471666e-13,6.579850150964546e-14,4.231332487012432e-14,2.7210611495494647e-14,1.7498444762527366e-14
Ni73,2583388142.2545953,1135399114.700754,497484448.2805446,217976897.2858187,95508367.97929002,41847775.92327409,18335946.752899148,8034045.678833024,3520183.1047731447,1542397.141676475,675813.9766724075,296113.44492595876,129744.53813112265,56848.63508668937,24908.696410429857,10913.94992897961,4782.0368071288585,2095.2887060636504,918.0679569870964,402.2590162431093,176.25309206946687,77.226740009908,33.83753046560642,14.826191910521475,6.49621776598149,2.846371173241428,1.2471609092734448,0.5464537964135133,0.23943321939805112,0.10490963175216693,0.04596701686610183,0.02014082600690138,0.00882486834901444,0.0038666885534263257,0.0016942213501539565,0.0007423370006808564,0.00032526105430661316,0.0001425158025958786,6.244446951340552e-05,2.736055722794203e-05,1.1988252885434208e-05,5.252751471682347e-06,2.3015362027259815e-06,1.0084369917394538e-06,4.418549510991968e-07,1.9360237616245224e-07,8.48284713399827e-08,3.716829148749802e-08,1.6285592210695386e-08,7.13566599482444e-09,3.1265506670524494e-09,1.3699238558441832e-09,6.002433898121476e-10,2.6300157156629434e-10,1.152362988420215e-10,5.0491730873404165e-11,2.2123366614605465e-11,9.693534800607268e-12,4.2473018943034815e-12,1.8609902117671073e-12,8.154081472141103e-13,3.572777773569266e-13,1.5654419278151744e-13,6.859112390059142e-14,3.005376433549668e-14,1.3168303701257548e-14,5.769800429417237e-15,2.5280854505295304e-15,1.1077014055102457e-15,4.853484693376825e-16,2.1265941842867205e-16,9.317847094096063e-17,4.082691239846285e-17,1.7888647014264632e-17,7.838057624289203e-18,3.4343093288547152e-18,1.5047708414019355e-18,6.59327704149646e-19,2.8888984920404083e-19,1.26579460331901e-19,5.546183025142852e-20,2.430105648082815e-20,1.0647707502750316e-20,4.665380501196287e-21,2.0441747874197713e-21,8.956719736902886e-22,3.924460322039574e-22,1.7195345251015455e-22,7.534281762032257e-23,3.3012074396319347e-23,1.4464511553575976e-23,6.337744546791038e-24,2.7769348305749923e-24,1.2167368053931774e-24,5.331232253987945e-25,2.335923202123983e-25,1.0235039379759705e-25,4.4845665735063756e-26,1.9649496798206628e-26,8.609588420511464e-27,3.772361884471783e-27,1.6528913453646964e-27,7.242279196032295e-28,3.1732641168684547e-28,1.3903917375791868e-28,6.092115603148234e-29,2.6693104913541246e-29,1.169580317151416e-29,5.124612227384866e-30,2.2453909403181764e-30,9.838364838456873e-31,4.310760365002132e-31,1.888795061943238e-31,8.275910707041567e-32,3.6261582535301823e-32,1.5888310235702774e-32,6.961593634259631e-33,3.0502794324635482e-33,1.336504987927186e-33,5.856006383361379e-34,2.565857297334497e-34,1.1242514504408134e-34
Ni74,1658978439.3506205,598983416.2724158,216134267.4185395,77988839.56295553,28141114.1741733,10154302.99260431,3664029.3851706334,1322110.5717617269,477063.9588859948,172141.442424677,62114.68221000062,22413.160315753707,8087.455935801228,2918.2383292709283,1053.002948520211,379.96047083285214,137.10309130511584,49.47161372922923,17.85109687663722,6.441303116635818,2.3242485392975016,0.838670556967673,0.30262181140793926,0.10919658497484651,0.03940196549182398,0.014217613902270944,0.005130214763423222,0.0018511617842317221,0.000667964229457205,0.00024102496909503347,8.697027949306341e-05,3.1381933346993744e-05,1.1323704446341405e-05,4.085990527424776e-06,1.4743689813980551e-06,5.320041440915353e-07,1.919657920788514e-07,6.926800427727569e-08,2.4994330315819154e-08,9.018832785127949e-09,3.25431182905582e-09,1.1742700782962121e-09,4.2371791309926714e-10,1.5289231429765643e-10,5.516892028545633e-11,1.990688530973257e-11,7.183103832454651e-12,2.5919163076003003e-12,9.352544947562943e-13,3.3747269053285273e-13,1.2177200697138512e-13,4.3939619702043764e-14,1.5854959013806202e-14,5.7210264229433454e-15,2.0643473946236733e-15,7.448890899366063e-16,2.687821622231055e-16,9.698605027961413e-17,3.49959754436087e-17,1.2627777847626108e-17,4.556546041299698e-18,1.644161948128271e-18,5.9327141373553955e-19,2.1407317615910813e-19,7.724512540103076e-20,2.787275596726879e-20,1.005746992030323e-20,3.629088609557976e-21,1.3095027119530642e-21,4.72514599973158e-22,1.7049987384508433e-22,6.152234657477479e-23,2.219942480136814e-23,8.010332650634964e-24,2.890409537542347e-24,1.0429613424423157e-24,3.7633710645515797e-25,1.3579565409719306e-25,4.899984443570085e-26,1.768086593555066e-26,6.379877810451759e-27,2.3020841300795185e-27,8.306728591701206e-28,2.9973596096943187e-28,1.0815526871556233e-28,3.902622198918745e-29,1.4082032441293257e-29,5.0812922073927e-30,1.8335088066690027e-30,6.61594414751787e-31,2.387265160869103e-31,8.614091687030811e-32,3.108267016537004e-32,1.1215719773029268e-32,4.047025862252592e-33,1.4603091608197052e-33,5.26930866704912e-34,1.90135175301191e-34,6.860745340822827e-35,2.475598034769703e-35,8.932827739996835e-36,3.2232781861890605e-36,1.1630720492955486e-36,4.196772706894132e-37,1.5143430851080383e-37,5.46428205570291e-38,1.9717050038331707e-38,7.11460459491356e-39,2.567199375340634e-39,9.263357569387748e-40,3.3425449648587363e-40,1.2061076945819469e-40,4.352060439645453e-41,1.5703763565567814e-41,5.6664697915671754e-42,2.04466144467085e-42,7.37785707345533e-43,2.662190121411392e-43,9.60611756500343e-44,3.4662248173224146e-44,1.250735731987424e-44,4.513094082796789e-45
Ni75,554098813.4579505,174571952.2230086,54986719.33181119,17319731.28770258,5455373.506974836,1718334.9791191046,541241.6027407075,170480.4220929642,53697.968097472236,16913.800085647177,5327.51319040515,1678.0615030460117,528.5562526764747,166.4847872001613,52.43942197018801,16.517382896139896,5.202649600005055,1.6387319365683803,0.5161682155043734,0.16258280000015843,0.051210373017761976,0.016130256734511697,0.005080712500004963,0.0016003241568050665,0.0005040705229534923,0.00015877226562515564,5.001012990015845e-05,1.575220384229668e-05,4.961633300786126e-06,1.5628165593799565e-06,4.922563700717727e-07,1.5505104064956685e-07,4.8838017480623805e-08,1.5383011564742935e-08,4.845345020298979e-09,1.5261880462694989e-09,4.807191113982182e-10,1.5141703188434348e-10,4.769337644592189e-11,1.502247223119434e-11,4.731782246385743e-12,1.4904180139350637e-12,4.694522572248246e-13,1.4786819519955486e-13,4.6575562935470824e-14,1.4670383038275815e-14,4.6208810999861035e-15,1.455486341733468e-15,4.584494699461203e-16,1.444025343745661e-16,4.548394817917099e-17,1.4326545935816296e-17,4.512579199205204e-18,1.4213733805990971e-18,4.477045604942605e-19,1.4101809997516305e-19,4.4417918143721954e-20,1.3990767515445692e-20,4.406815624223858e-21,1.3880599419913143e-21,4.372114848576784e-22,1.3771298825699573e-22,4.337687318722866e-23,1.3662858901802507e-23,4.30353088303114e-24,1.3555272871009028e-24,4.269643406813301e-25,1.344853400947236e-25,4.236022772190338e-26,1.334263564629162e-26,4.202666877960128e-27,1.3237571163094841e-27,4.169573639466138e-28,1.3133333993625425e-28,4.136740988467148e-29,1.3029917623331724e-29,4.1041668730079564e-30,1.2927315588959874e-30,4.071849257291174e-31,1.2825521478149897e-31,4.0397861215499717e-32,1.272452892903496e-32,4.007975461921854e-33,1.2624331629843696e-33,3.976415290323432e-34,1.2524923318505833e-34,3.9451036343261656e-35,1.2426297782260766e-35,3.914038537033083e-36,1.2328448857269286e-36,3.8832180569564926e-37,1.2231370428228392e-37,3.852640267896659e-38,1.2135056427989068e-38,3.82230325882138e-39,1.203950083717707e-39,3.7922051337465895e-40,1.1944697683816832e-40,3.762344011617843e-41,1.1850641042958115e-41,3.732718026192766e-42,1.1757325036305783e-42,3.70332532592442e-43,1.1664743831852435e-43,3.6741640738455716e-44,1.1572891643513844e-44,3.6452324474538934e-45,1.1481762730767433e-45,3.6165286385980856e-46,1.1391351398293444e-46,3.5880508533648287e-47,1.1301651995619047e-47,3.559797311966712e-48,1.1212658916765137e-48,3.531766248630961e-49,1.1124366599896006e-49,3.5039559114891157e-50,1.1036769526971787e-50,3.4763645624675126e-51,1.0949862223403506e-51,3.448990477178692e-52,1.0863639257711006e-52
Ni76,181412391.89277384,9859049.223029945,535800.5071647984,29118.64795313675,1582.4838671866426,86.00176745624715,4.6738574458567035,0.25400574976908047,0.013804212401246357,0.000750204592580918,4.0770665820723464e-05,2.215725160714495e-06,1.2041593849389228e-07,6.544132142584459e-09,3.5564781568994147e-10,1.932805848799286e-11,1.0504038783158436e-12,5.708531502356522e-14,3.102362109100875e-15,1.6860116567652653e-16,9.162809519911936e-18,4.979626206100291e-19,2.706230779827353e-20,1.4707298762130147e-21,7.992837805663947e-23,4.343792644788698e-24,2.360680273975986e-25,1.2829367816682293e-26,6.972256276726005e-28,3.78914676724238e-29,2.0592520776424154e-30,1.1191224251154345e-31,6.08198974760842e-33,3.3053219611963775e-34,1.7963123452260161e-35,9.762250332925077e-37,5.305398686145792e-38,2.8832752960683077e-39,1.5669466000032376e-40,8.515737815982513e-42,4.627968212216346e-43,2.5151185060074363e-44,1.3668678800694742e-45,7.428388750283787e-47,4.037036807283669e-48,2.193970554212111e-49,1.1923366128505968e-50,6.47988003127315e-52,3.5215596642048116e-53,1.9138290228681447e-54,1.0400907205982293e-55,5.652483550768448e-57,3.0719022541928702e-58,1.66945792492087e-59,9.072846505050635e-61,4.930734849643557e-62,2.679660252596081e-63,1.4562898408261365e-64,7.914361898821987e-66,4.3011440792577304e-67,2.337502457815008e-68,1.2703405511665939e-69,6.903800723472701e-71,3.751943869354735e-72,2.0390337674329087e-73,1.10813456957358e-74,6.022275078994872e-76,3.2728693899549437e-77,1.7786756505137684e-78,9.666401841272774e-80,5.253308804782467e-81,2.8549664964860654e-82,1.5515618820347324e-83,8.432127931259984e-85,4.582529531847779e-86,2.4904243722876163e-87,1.3534475906766933e-88,7.355454761414416e-90,3.9974000559684655e-91,2.172429540493017e-92,1.180629920030184e-93,6.416258765078956e-95,3.4869840109930523e-96,1.8950385166972876e-97,1.0298788203343473e-98,5.596985893573231e-100,3.0417414626206003e-101,1.6530667222243996e-102,8.98376677211558e-104,4.882323522136218e-105,2.6533506021985974e-106,1.4419915817269006e-107,7.8366564902817e-109,4.2589142492168406e-110,2.3145522079059803e-111,1.2578679939629111e-112,6.836017285899784e-114,3.7151062398761147e-115,2.0190139662219677e-116,1.0972545958565357e-117,5.963146705622771e-119,3.240735447092992e-120,1.7612121177803883e-121,9.571494416796414e-123,5.201730356376556e-124,2.826935640579489e-125,1.5363282155104567e-126,8.349338951663249e-128,4.5375369810935226e-129,2.4659726924476827e-130,1.340159065421475e-131,7.283236858753105e-133,3.9581524693128274e-134,2.1511000224437887e-135,1.1690381667791067e-136,6.35326215018887e-138,3.4527478311706295e-139,1.8764325009474228e-140,1.0197671833503198e-141,5.5420331278272975e-143,3.011876798096967e-144,1.6368364529194336e-145
Ni77,20167284.27030492,234.2768943689767,0.0027215197891561657,3.161502538574468e-08,3.672616433375953e-13,4.266361105876238e-18,4.956095311320594e-23,5.75733748862995e-28,6.68811491221131e-33,7.769369290454384e-38,9.025427936539093e-43,1.0484551112500447e-47,1.2179567861331414e-52,1.414861463281085e-57,1.6435993321515618e-62,1.9093168022149885e-67,2.2179922928347264e-72,2.5765707426694075e-77,2.993119864945651e-82,3.4770116642133096e-87,4.03913329855734e-92,4.692132031488581e-97,5.450699784724764e-102,6.33190369405975e-107,7.355570105549674e-112,8.544730651607019e-117,9.926140443339075e-122,1.1530880038022177e-126,1.3395054725473062e-131,1.5560606866671937e-136,1.8076259561572372e-141,2.0998612877829343e-146,2.4393417304668545e-151,2.8337053083537435e-156,3.291824869923158e-161,3.8240077196100234e-166,4.442227523476487e-171,5.1603937066174304e-176,5.994664403514476e-181,6.96381000245797e-186,8.089635463480296e-191,9.39747091159858e-196,1.0916741543301625e-200,1.26816296686972e-205,1.47318437847107e-210,1.7113511982834528e-215,1.988021979235048e-220,2.3094215809623823e-225,2.682781223911307e-230,3.1165011857089336e-235,3.6203398003378434e-240,4.2056330124349875e-245,4.885549426502014e-250,5.675386589419661e-255,6.592915172373255e-260,7.658778795992847e-265,8.896958494437127e-270,1.0335312268471846e-274,1.2006201867032833e-279,1.3947220899331007e-284,1.6202040659408773e-289,1.8821392693488265e-294,2.1864210217049268e-299,2.5398954062560588e-304,2.950515299057186e-309,3.427519302e-314,3.98163e-319,5e-324,0.0,0.0,0.0,0.0,0.0,0.0,0.0,0.0,0.0,0.0,0.0,0.0,0.0,0.0,0.0,0.0,0.0,0.0,0.0,0.0,0.0,0.0,0.0,0.0,0.0,0.0,0.0,0.0,0.0,0.0,0.0,0.0,0.0,0.0,0.0,0.0,0.0,0.0,0.0,0.0,0.0,0.0,0.0,0.0,0.0,0.0,0.0,0.0,0.0,0.0,0.0,0.0,0.0,0.0
Ni78,1809976.5826271125,3319.224533207892,6.086958034483531,0.011162564551713317,2.04704626950396e-05,3.75397464451563e-08,6.884224280421917e-11,1.2624630806281234e-13,2.315167206974509e-16,4.2456680741771413e-19,7.785915998543906e-22,1.4278197654000764e-24,2.6184064698982035e-27,4.8017632251250526e-30,8.805710776852666e-33,1.6148347731902119e-35,2.9613638362493746e-38,5.430695397598192e-41,9.959077685924241e-44,1.8263448986319413e-46,3.349241560263385e-49,6.142004742586204e-52,1.1263511926259749e-54,2.065558498080483e-57,3.787923284429174e-60,6.946480974542522e-63,1.2738800209612183e-65,2.336104156552487e-68,4.284063287328959e-71,7.856327038484707e-74,1.440732089980595e-76,2.6420857290332526e-79,4.845187421108385e-82,8.885344214117086e-85,1.629438346582751e-87,2.9881445910625964e-90,5.4798072696782455e-93,1.0049141464784454e-95,1.842861239628593e-98,3.379530042866483e-101,6.197549259291463e-104,1.136537220683071e-106,2.0842381398767233e-109,3.8221789349810867e-112,7.009300679948803e-115,1.2854002090871209e-117,2.3572304470369526e-120,4.3228057231951385e-123,7.927374832604008e-126,1.4537611856901534e-128,2.665979128837305e-131,4.889004318836559e-134,8.965697807254366e-137,1.6441739857193383e-139,3.0151675345659175e-142,5.5293632793507745e-145,1.0140019725117635e-147,1.8595269442641365e-150,3.4100924358943496e-153,6.253596086474376e-156,1.1468153649187269e-158,2.1030867088749595e-161,3.856744372586913e-164,7.072688488168837e-167,1.2970245787154188e-169,2.3785477907107172e-172,4.3618985218445433e-175,7.999065139315333e-178,1.466908108535092e-180,2.6900886058669886e-183,4.933217469662845e-186,9.04677806891168e-189,1.6590428849214065e-191,3.042434856965005e-194,5.579367443123191e-197,1.0231719832593633e-199,1.8763433632915233e-202,3.4409312164245347e-205,6.310149766722243e-208,1.1571864583750545e-210,2.122105732748996e-213,3.8916223987704005e-216,7.136649536775374e-219,1.308754071999601e-221,2.400057915341412e-224,4.401344851742875e-227,8.071403769107731e-230,1.480173924071613e-232,2.71441611419194e-235,4.97783045705674e-238,9.128591570632561e-241,1.674046249311098e-243,3.069948768272432e-246,5.629823813825824e-249,1.0324249219493066e-251,1.893311859679112e-254,3.472048883935783e-257,6.3672148837027175e-260,1.1676513416276906e-262,2.1412967529879918e-265,3.9268158403905693e-268,7.201189009802222e-271,1.3205896396134137e-273,2.4217625643215612e-276,4.4411479100095235e-279,8.144396585016764e-282,1.4935597074921656e-284,2.738963625553228e-287,5.022846896894499e-290,9.211144943389617e-293,1.6891852949089438e-295,3.0977114984867586e-298,5.680736480940263e-301,1.0417615385309424e-303,1.9104338087210935e-306,3.503447960510564e-309,6.424796062535e-312,1.178210863e-314,2.160661e-317,3.9624e-320,7.4e-323,-0.0
O22,0.0,0.0,0.0,0.0,0.0,0.0,0.0,0.0,0.0,0.0,0.0,0.0,0.0,0.0,0.0,0.0,0.0,0.0,0.0,0.0,0.0,0.0,0.0,0.0,0.0,0.0,0.0,0.0,0.0,0.0,0.0,0.0,0.0,0.0,0.0,0.0,0.0,0.0,0.0,0.0,0.0,0.0,0.0,0.0,0.0,0.0,0.0,0.0,0.0,0.0,0.0,0.0,0.0,0.0,0.0,0.0,0.0,0.0,0.0,0.0,0.0,0.0,0.0,0.0,0.0,0.0,0.0,0.0,0.0,0.0,0.0,0.0,0.0,0.0,0.0,0.0,0.0,0.0,0.0,0.0,0.0,0.0,0.0,0.0,0.0,0.0,0.0,0.0,0.0,0.0,0.0,0.0,0.0,0.0,0.0,0.0,0.0,0.0,0.0,0.0,0.0,0.0,0.0,0.0,0.0,0.0,0.0,0.0,0.0,0.0,0.0,0.0,0.0,0.0,0.0,0.0,0.0,0.0,0.0,0.0,0.0,0.0
O23,0.0,0.0,0.0,0.0,0.0,0.0,0.0,0.0,0.0,0.0,0.0,0.0,0.0,0.0,0.0,0.0,0.0,0.0,0.0,0.0,0.0,0.0,0.0,0.0,0.0,0.0,0.0,0.0,0.0,0.0,0.0,0.0,0.0,0.0,0.0,0.0,0.0,0.0,0.0,0.0,0.0,0.0,0.0,0.0,0.0,0.0,0.0,0.0,0.0,0.0,0.0,0.0,0.0,0.0,0.0,0.0,0.0,0.0,0.0,0.0,0.0,0.0,0.0,0.0,0.0,0.0,0.0,0.0,0.0,0.0,0.0,0.0,0.0,0.0,0.0,0.0,0.0,0.0,0.0,0.0,0.0,0.0,0.0,0.0,0.0,0.0,0.0,0.0,0.0,0.0,0.0,0.0,0.0,0.0,0.0,0.0,0.0,0.0,0.0,0.0,0.0,0.0,0.0,0.0,0.0,0.0,0.0,0.0,0.0,0.0,0.0,0.0,0.0,0.0,0.0,0.0,0.0,0.0,0.0,0.0,0.0,0.0
O24,0.0,0.0,0.0,0.0,0.0,0.0,0.0,0.0,0.0,0.0,0.0,0.0,0.0,0.0,0.0,0.0,0.0,0.0,0.0,0.0,0.0,0.0,0.0,0.0,0.0,0.0,0.0,0.0,0.0,0.0,0.0,0.0,0.0,0.0,0.0,0.0,0.0,0.0,0.0,0.0,0.0,0.0,0.0,0.0,0.0,0.0,0.0,0.0,0.0,0.0,0.0,0.0,0.0,0.0,0.0,0.0,0.0,0.0,0.0,0.0,0.0,0.0,0.0,0.0,0.0,0.0,0.0,0.0,0.0,0.0,0.0,0.0,0.0,0.0,0.0,0.0,0.0,0.0,0.0,0.0,0.0,0.0,0.0,0.0,0.0,0.0,0.0,0.0,0.0,0.0,0.0,0.0,0.0,0.0,0.0,0.0,0.0,0.0,0.0,0.0,0.0,0.0,0.0,0.0,0.0,0.0,0.0,0.0,0.0,0.0,0.0,0.0,0.0,0.0,0.0,0.0,0.0,0.0,0.0,0.0,0.0,0.0
P36,0.0,0.0,0.0,0.0,0.0,0.0,0.0,0.0,0.0,0.0,0.0,0.0,0.0,0.0,0.0,0.0,0.0,0.0,0.0,0.0,0.0,0.0,0.0,0.0,0.0,0.0,0.0,0.0,0.0,0.0,0.0,0.0,0.0,0.0,0.0,0.0,0.0,0.0,0.0,0.0,0.0,0.0,0.0,0.0,0.0,0.0,0.0,0.0,0.0,0.0,0.0,0.0,0.0,0.0,0.0,0.0,0.0,0.0,0.0,0.0,0.0,0.0,0.0,0.0,0.0,0.0,0.0,0.0,0.0,0.0,0.0,0.0,0.0,0.0,0.0,0.0,0.0,0.0,0.0,0.0,0.0,0.0,0.0,0.0,0.0,0.0,0.0,0.0,0.0,0.0,0.0,0.0,0.0,0.0,0.0,0.0,0.0,0.0,0.0,0.0,0.0,0.0,0.0,0.0,0.0,0.0,0.0,0.0,0.0,0.0,0.0,0.0,0.0,0.0,0.0,0.0,0.0,0.0,0.0,0.0,0.0,0.0
P37,0.0,0.0,0.0,0.0,0.0,0.0,0.0,0.0,0.0,0.0,0.0,0.0,0.0,0.0,0.0,0.0,0.0,0.0,0.0,0.0,0.0,0.0,0.0,0.0,0.0,0.0,0.0,0.0,0.0,0.0,0.0,0.0,0.0,0.0,0.0,0.0,0.0,0.0,0.0,0.0,0.0,0.0,0.0,0.0,0.0,0.0,0.0,0.0,0.0,0.0,0.0,0.0,0.0,0.0,0.0,0.0,0.0,0.0,0.0,0.0,0.0,0.0,0.0,0.0,0.0,0.0,0.0,0.0,0.0,0.0,0.0,0.0,0.0,0.0,0.0,0.0,0.0,0.0,0.0,0.0,0.0,0.0,0.0,0.0,0.0,0.0,0.0,0.0,0.0,0.0,0.0,0.0,0.0,0.0,0.0,0.0,0.0,0.0,0.0,0.0,0.0,0.0,0.0,0.0,0.0,0.0,0.0,0.0,0.0,0.0,0.0,0.0,0.0,0.0,0.0,0.0,0.0,0.0,0.0,0.0,0.0,0.0
P38,0.0,0.0,0.0,0.0,0.0,0.0,0.0,0.0,0.0,0.0,0.0,0.0,0.0,0.0,0.0,0.0,0.0,0.0,0.0,0.0,0.0,0.0,0.0,0.0,0.0,0.0,0.0,0.0,0.0,0.0,0.0,0.0,0.0,0.0,0.0,0.0,0.0,0.0,0.0,0.0,0.0,0.0,0.0,0.0,0.0,0.0,0.0,0.0,0.0,0.0,0.0,0.0,0.0,0.0,0.0,0.0,0.0,0.0,0.0,0.0,0.0,0.0,0.0,0.0,0.0,0.0,0.0,0.0,0.0,0.0,0.0,0.0,0.0,0.0,0.0,0.0,0.0,0.0,0.0,0.0,0.0,0.0,0.0,0.0,0.0,0.0,0.0,0.0,0.0,0.0,0.0,0.0,0.0,0.0,0.0,0.0,0.0,0.0,0.0,0.0,0.0,0.0,0.0,0.0,0.0,0.0,0.0,0.0,0.0,0.0,0.0,0.0,0.0,0.0,0.0,0.0,0.0,0.0,0.0,0.0,0.0,0.0
P39,0.0,0.0,0.0,0.0,0.0,0.0,0.0,0.0,0.0,0.0,0.0,0.0,0.0,0.0,0.0,0.0,0.0,0.0,0.0,0.0,0.0,0.0,0.0,0.0,0.0,0.0,0.0,0.0,0.0,0.0,0.0,0.0,0.0,0.0,0.0,0.0,0.0,0.0,0.0,0.0,0.0,0.0,0.0,0.0,0.0,0.0,0.0,0.0,0.0,0.0,0.0,0.0,0.0,0.0,0.0,0.0,0.0,0.0,0.0,0.0,0.0,0.0,0.0,0.0,0.0,0.0,0.0,0.0,0.0,0.0,0.0,0.0,0.0,0.0,0.0,0.0,0.0,0.0,0.0,0.0,0.0,0.0,0.0,0.0,0.0,0.0,0.0,0.0,0.0,0.0,0.0,0.0,0.0,0.0,0.0,0.0,0.0,0.0,0.0,0.0,0.0,0.0,0.0,0.0,0.0,0.0,0.0,0.0,0.0,0.0,0.0,0.0,0.0,0.0,0.0,0.0,0.0,0.0,0.0,0.0,0.0,0.0
P40,0.0,0.0,0.0,0.0,0.0,0.0,0.0,0.0,0.0,0.0,0.0,0.0,0.0,0.0,0.0,0.0,0.0,0.0,0.0,0.0,0.0,0.0,0.0,0.0,0.0,0.0,0.0,0.0,0.0,0.0,0.0,0.0,0.0,0.0,0.0,0.0,0.0,0.0,0.0,0.0,0.0,0.0,0.0,0.0,0.0,0.0,0.0,0.0,0.0,0.0,0.0,0.0,0.0,0.0,0.0,0.0,0.0,0.0,0.0,0.0,0.0,0.0,0.0,0.0,0.0,0.0,0.0,0.0,0.0,0.0,0.0,0.0,0.0,0.0,0.0,0.0,0.0,0.0,0.0,0.0,0.0,0.0,0.0,0.0,0.0,0.0,0.0,0.0,0.0,0.0,0.0,0.0,0.0,0.0,0.0,0.0,0.0,0.0,0.0,0.0,0.0,0.0,0.0,0.0,0.0,0.0,0.0,0.0,0.0,0.0,0.0,0.0,0.0,0.0,0.0,0.0,0.0,0.0,0.0,0.0,0.0,0.0
P41,0.0,0.0,0.0,0.0,0.0,0.0,0.0,0.0,0.0,0.0,0.0,0.0,0.0,0.0,0.0,0.0,0.0,0.0,0.0,0.0,0.0,0.0,0.0,0.0,0.0,0.0,0.0,0.0,0.0,0.0,0.0,0.0,0.0,0.0,0.0,0.0,0.0,0.0,0.0,0.0,0.0,0.0,0.0,0.0,0.0,0.0,0.0,0.0,0.0,0.0,0.0,0.0,0.0,0.0,0.0,0.0,0.0,0.0,0.0,0.0,0.0,0.0,0.0,0.0,0.0,0.0,0.0,0.0,0.0,0.0,0.0,0.0,0.0,0.0,0.0,0.0,0.0,0.0,0.0,0.0,0.0,0.0,0.0,0.0,0.0,0.0,0.0,0.0,0.0,0.0,0.0,0.0,0.0,0.0,0.0,0.0,0.0,0.0,0.0,0.0,0.0,0.0,0.0,0.0,0.0,0.0,0.0,0.0,0.0,0.0,0.0,0.0,0.0,0.0,0.0,0.0,0.0,0.0,0.0,0.0,0.0,0.0
P42,0.0,0.0,0.0,0.0,0.0,0.0,0.0,0.0,0.0,0.0,0.0,0.0,0.0,0.0,0.0,0.0,0.0,0.0,0.0,0.0,0.0,0.0,0.0,0.0,0.0,0.0,0.0,0.0,0.0,0.0,0.0,0.0,0.0,0.0,0.0,0.0,0.0,0.0,0.0,0.0,0.0,0.0,0.0,0.0,0.0,0.0,0.0,0.0,0.0,0.0,0.0,0.0,0.0,0.0,0.0,0.0,0.0,0.0,0.0,0.0,0.0,0.0,0.0,0.0,0.0,0.0,0.0,0.0,0.0,0.0,0.0,0.0,0.0,0.0,0.0,0.0,0.0,0.0,0.0,0.0,0.0,0.0,0.0,0.0,0.0,0.0,0.0,0.0,0.0,0.0,0.0,0.0,0.0,0.0,0.0,0.0,0.0,0.0,0.0,0.0,0.0,0.0,0.0,0.0,0.0,0.0,0.0,0.0,0.0,0.0,0.0,0.0,0.0,0.0,0.0,0.0,0.0,0.0,0.0,0.0,0.0,0.0
P43,0.0,0.0,0.0,0.0,0.0,0.0,0.0,0.0,0.0,0.0,0.0,0.0,0.0,0.0,0.0,0.0,0.0,0.0,0.0,0.0,0.0,0.0,0.0,0.0,0.0,0.0,0.0,0.0,0.0,0.0,0.0,0.0,0.0,0.0,0.0,0.0,0.0,0.0,0.0,0.0,0.0,0.0,0.0,0.0,0.0,0.0,0.0,0.0,0.0,0.0,0.0,0.0,0.0,0.0,0.0,0.0,0.0,0.0,0.0,0.0,0.0,0.0,0.0,0.0,0.0,0.0,0.0,0.0,0.0,0.0,0.0,0.0,0.0,0.0,0.0,0.0,0.0,0.0,0.0,0.0,0.0,0.0,0.0,0.0,0.0,0.0,0.0,0.0,0.0,0.0,0.0,0.0,0.0,0.0,0.0,0.0,0.0,0.0,0.0,0.0,0.0,0.0,0.0,0.0,0.0,0.0,0.0,0.0,0.0,0.0,0.0,0.0,0.0,0.0,0.0,0.0,0.0,0.0,0.0,0.0,0.0,0.0
P44,0.0,0.0,0.0,0.0,0.0,0.0,0.0,0.0,0.0,0.0,0.0,0.0,0.0,0.0,0.0,0.0,0.0,0.0,0.0,0.0,0.0,0.0,0.0,0.0,0.0,0.0,0.0,0.0,0.0,0.0,0.0,0.0,0.0,0.0,0.0,0.0,0.0,0.0,0.0,0.0,0.0,0.0,0.0,0.0,0.0,0.0,0.0,0.0,0.0,0.0,0.0,0.0,0.0,0.0,0.0,0.0,0.0,0.0,0.0,0.0,0.0,0.0,0.0,0.0,0.0,0.0,0.0,0.0,0.0,0.0,0.0,0.0,0.0,0.0,0.0,0.0,0.0,0.0,0.0,0.0,0.0,0.0,0.0,0.0,0.0,0.0,0.0,0.0,0.0,0.0,0.0,0.0,0.0,0.0,0.0,0.0,0.0,0.0,0.0,0.0,0.0,0.0,0.0,0.0,0.0,0.0,0.0,0.0,0.0,0.0,0.0,0.0,0.0,0.0,0.0,0.0,0.0,0.0,0.0,0.0,0.0,0.0
Pd119,157619494941.5843,74560432257.1615,35105726915.63123,16526247104.23047,7779789168.394758,3662362382.631809,1724069614.068057,811611665.5545284,382068966.5206672,179860272.31184733,84669838.14646307,39858615.79992749,18763579.667390607,8833019.282499894,4158174.0279873363,1957474.6407816017,921487.8798994622,433793.5700983342,204209.80629630137,96132.46452251424,45254.686358026476,21303.798332182676,10028.835904147476,4721.108791213993,2222.4781052864146,1046.2391668816772,492.5206649791498,231.85578700375478,109.14690446421406,51.38127845792068,24.18791251048233,11.386542514583127,5.36025382017655,2.523357812954973,1.1878793179967713,0.5591982503948018,0.2632444883138016,0.1239232429262252,0.05833729031031369,0.02746247887311874,0.012928055825780395,0.006085926481971433,0.0028649706996237696,0.0013486947523959983,0.0006349026659781796,0.0002988826007887092,0.00014070000622314768,6.623500899334262e-05,3.1180356946042707e-05,1.4678259640311259e-05,6.909840911738977e-06,3.252831234461612e-06,1.531281425294955e-06,7.208559665227915e-07,3.3934541090081875e-07,1.597480124287833e-07,7.520192304119688e-08,3.5401562392616825e-08,1.6665406536901708e-08,7.845297107512106e-09,3.693200437016185e-09,1.7385867330526079e-09,8.184456489419864e-10,3.852860875660444e-10,1.8137474304353198e-10,8.538278042149183e-11,4.0194235813499964e-11,1.8921573936289666e-11,8.907395624778285e-12,4.193186945413142e-12,1.9739570913715697e-12,9.292470498694157e-13,4.374462258908698e-13,2.0592930649933938e-13,9.694192512219357e-14,4.563574270293154e-14,2.1483181909406755e-14,1.0113281336451519e-14,4.760861767196337e-15,2.2411919546484856e-15,1.0550487754529163e-15,4.966678183347676e-16,2.338080736253379e-16,1.100659500663377e-16,5.1813922317405793e-17,2.4391581086576527e-17,1.1482420193137502e-17,5.405388565168942e-18,2.5446051484791956e-18,1.197881573841021e-18,5.639068465319393e-19,2.654610760443994e-19,1.2496670917908253e-19,5.882850561653512e-20,2.7693720158024165e-20,1.3036913451280794e-20,6.137171581368074e-21,2.8890945053755472e-21,1.3600511164347351e-21,6.4024871317766925e-22,3.013992707864023e-22,1.4188473722924374e-22,6.679272516514588e-23,3.144290374079226e-23,1.480185444160666e-23,6.96802358702861e-24,3.2802209277851086e-24,1.5441752170743924e-24,7.269257630877949e-25,3.4220278838688065e-25,1.6109313264993335e-25,7.583514298436939e-26,3.5699652845891376e-26,1.6805733636974156e-26,7.911356569660016e-27,3.7242981546845355e-27,1.753226089970396e-27,8.25337176264087e-28,3.88530297615568e-28,1.829019660165408e-28,8.610172585772473e-29,4.0532681835734593e-29
Pd120,981161188609.6364,245572602068.96548,61394879532.47335,15348730480.46345,3837182685.1440396,959295671.6857804,239823917.92391017,59955979.48099284,14988994.870248308,3747248.717562081,936812.1793905202,234203.04484763005,58550.76121190751,14637.690302976878,3659.4225757442196,914.8556439360549,228.71391098401372,57.17847774600343,14.294619436500858,3.5736548591252144,0.8934137147813036,0.2233534286953259,0.055838357173831475,0.013959589293457869,0.003489897323364467,0.0008724743308411168,0.0002181185827102792,5.45296456775698e-05,1.363241141939245e-05,3.4081028548481125e-06,8.520257137120281e-07,2.1300642842800703e-07,5.325160710700176e-08,1.331290177675044e-08,3.32822544418761e-09,8.320563610469025e-10,2.0801409026172562e-10,5.2003522565431404e-11,1.3000880641357851e-11,3.2502201603394628e-12,8.125550400848657e-13,2.0313876002121642e-13,5.0784690005304106e-14,1.2696172501326026e-14,3.1740431253315066e-15,7.9351078133287665e-16,1.9837769533321916e-16,4.959442383330479e-17,1.2398605958326198e-17,3.0996514895815494e-18,7.749128723953874e-19,1.9372821809884684e-19,4.843205452471171e-20,1.2108013631177927e-20,3.027003407794482e-21,7.567508519486205e-22,1.8918771298715512e-22,4.729692824678878e-23,1.1824232061697195e-23,2.9560580154242987e-24,7.390145038560747e-25,1.8475362596401867e-25,4.6188406491004667e-26,1.1547101622751167e-26,2.8867754056877917e-27,7.216938514219479e-28,1.8042346285548698e-28,4.5105865713871745e-29,1.1276466428467936e-29,2.819116607116984e-30,7.04779151779246e-31,1.761947879448115e-31,4.4048696986202876e-32,1.1012174246550719e-32,2.7530435616376797e-33,6.882608904094199e-34,1.7206522260235498e-34,4.3016305650588746e-35,1.0754076412647187e-35,2.6885191031617966e-36,6.7212977579044916e-37,1.6803244394761229e-37,4.200811098690307e-38,1.0502027746725768e-38,2.625506936681442e-39,6.563767341703605e-40,1.6409418354259013e-40,4.102354588564753e-41,1.0255886471411883e-41,2.5639716178529707e-42,6.409929044632427e-43,1.6024822611581067e-43,4.006205652895267e-44,1.0015514132238167e-44,2.5038785330595417e-45,6.259696332648854e-46,1.5649240831622136e-46,3.912310207905534e-47,9.780775519763835e-48,2.4451938799409587e-48,6.112984699852397e-49,1.5282461749630992e-49,3.820615437407748e-50,9.55153859351937e-51,2.3878846483798425e-51,5.969711620949606e-52,1.4924279052374016e-52,3.731069763093504e-53,9.32767440773376e-54,2.33191860193344e-54,5.8297965048336e-55,1.4574491262084e-55,3.643622815521e-56,9.1090570388025e-57,2.277264259700625e-57,5.693160649251562e-58,1.4232901623128906e-58,3.5582254057822265e-59,8.895563514455566e-60,2.2238908786138915e-60,5.559727196534729e-61,1.3899317991336822e-61
Pd121,17102654433.61826,1503280363.9703078,132074812.09584504,11603188.862061627,1019370.6008011603,89554.32087379249,7867.576067026942,691.1866673938563,60.72251537199275,5.334628178734416,0.4686607205021288,0.041173042165671435,0.003617156990156024,0.0003177764868281486,2.79174765860755e-05,2.4526216735335746e-06,2.1546908277831016e-07,1.89295096485213e-08,1.6630058053485684e-09,1.4609931054601176e-10,1.2835197852809679e-11,1.1276049373887175e-12,9.906297584225214e-14,8.702935626947908e-15,7.645751390247886e-16,6.716988017292546e-17,5.90104565549951e-18,5.184219435652008e-19,4.55446927985461e-20,4.001217671938796e-21,3.515171993595352e-22,3.0881684421257124e-23,2.71303490819715e-24,2.383470510445906e-25,2.0939397635470636e-26,1.839579602158895e-27,1.6161176990815641e-28,1.4198007056718223e-29,1.247331209213165e-30,1.09581234835419e-31,9.626991563556016e-33,8.457558148890542e-34,7.43018100406883e-35,6.527603923180525e-36,5.734666888274784e-37,5.038051436100542e-38,4.4260569562795684e-39,3.8884041635337935e-40,3.4160624430138763e-41,3.001098168757405e-42,2.636541447577532e-43,2.316269050163198e-44,2.034901563058456e-45,1.7877130340475756e-46,1.5705515933164474e-47,1.3797697171139983e-48,1.2121629625963252e-49,1.0649161448213627e-50,9.355560518630136e-52,8.219099038303475e-53,7.220688580541879e-54,6.343559474607559e-55,5.572979136134337e-56,4.896004613200229e-57,4.3012651917274474e-58,3.778771408769817e-59,3.319747265804258e-60,2.9164828238188282e-61,2.562204704329975e-62,2.250962321216287e-63,1.9775279324765774e-64,1.7373088331447592e-65,1.526270214521259e-66,1.3408673940361317e-67,1.1779862774516621e-68,1.0348910533855761e-69,9.09178241612798e-71,7.987363233240408e-72,7.017102752761546e-73,6.1647041213671644e-74,5.41585013687382e-75,4.757962771224009e-76,4.179991905282124e-77,3.672229726952913e-78,3.2261476751846725e-79,2.8342531911084135e-80,2.4899638702522786e-81,2.1874969020453176e-82,1.921771939595668e-83,1.6883257683081216e-84,1.4832373400836176e-85,1.3030619139474152e-86,1.1447731969076372e-87,1.0057125132206245e-88,8.835441482913667e-90,7.762161171486441e-91,6.819256985476937e-92,5.990891557984865e-93,5.263151357394418e-94,4.623812990559341e-95,4.0621378941778185e-96,3.5686919659177904e-97,3.13518710575035e-98,2.754342005961094e-99,2.419759851616932e-100,2.12582087730027e-101,1.867587975453815e-102,1.6407237708988874e-103,1.4414177686802286e-104,1.2663223515856103e-105,1.11249655233094e-106,9.773566559877285e-108,8.586328029530455e-109,7.543308635494268e-110,6.6269894388642435e-111,5.821979604038912e-112,5.114757888561577e-113,4.493445535338912e-114,3.947606752650328e-115,3.468073430736505e-116,3.046791150842341e-117,2.6766839002252e-118
Pd122,1721436511.084547,32792671.448517613,624611.9393620605,11897.050262223465,226.60418613118983,4.316149983574579,0.08221009010565745,0.0015658628493341047,2.9825128030598364e-05,5.680818485579673e-07,1.0820305157779749e-08,2.0609530828113524e-10,3.9255155447216336e-12,7.476964138761855e-14,1.424143965179361e-15,2.7125795923539734e-17,5.166674314368596e-19,9.841010212566982e-21,1.874425909419506e-22,3.570235589651593e-24,6.800259269550085e-26,1.2952513908925166e-27,2.4670767673833054e-29,4.699062914704513e-31,8.950346648422932e-33,1.7047804334829384e-34,3.247110352869257e-36,6.184799776338021e-38,1.1780242774807551e-39,2.2437932488021888e-41,4.273772824221383e-43,8.140292855771701e-45,1.5504887719388804e-46,2.9532296620065974e-48,5.625042628105794e-50,1.071406838928623e-51,2.0407180716594465e-53,3.8869737402104526e-55,7.403553223204343e-57,1.4101613232368186e-58,2.685946730713641e-60,5.115946467509062e-62,9.744388434488587e-64,1.8560222739865238e-65,3.535182022651891e-67,6.733492430798203e-69,1.2825342521289828e-70,2.442854320828367e-72,4.652926206753398e-74,8.862469653184725e-76,1.6880424245632773e-77,3.215229319404786e-79,6.124075690239051e-81,1.1664581071536087e-82,2.2217630619964925e-84,4.231811732782606e-86,8.060369194194837e-88,1.5352656415082244e-89,2.92423403098362e-91,5.569814393528787e-93,1.0608874682962826e-94,2.0206817334806032e-96,3.8488103498662855e-98,7.330863076453917e-100,1.3963159667657418e-101,2.659575357923689e-103,5.065716680773018e-105,9.648715315927618e-107,1.8377993305699396e-108,3.500472621332188e-110,6.667381127457605e-112,1.269941973774382e-113,2.418869696997425e-115,4.607242481845784e-117,8.77545545875144e-119,1.6714687540751868e-120,3.183661302802801e-122,6.063947810123472e-124,1.1550054967068494e-125,2.1999491736982382e-127,4.190262627021883e-129,7.98123024537873e-131,1.5201919760103756e-132,2.8955230871386393e-134,5.5151284051348375e-136,1.0504713797734864e-137,2.0008421176482712e-139,3.811021658313499e-141,7.258886621801776e-143,1.3826065478591493e-144,2.6334629066137737e-146,5.015980064067491e-148,9.553981542680794e-150,1.8197553050852212e-151,3.4661040065779914e-153,6.6019189232990685e-155,1.25747332991445e-156,2.395120560880754e-158,4.5620072924679995e-160,8.689295593904498e-162,1.6550578084981805e-163,3.1524032297765913e-165,6.0044102822749235e-167,1.1436653311779494e-168,2.178349460228441e-170,4.1491214619490887e-172,7.902868304794955e-174,1.5052663079570032e-175,2.867094035333664e-177,5.460979338999909e-179,1.040157559307722e-180,1.9811972926876793e-182,3.7736039866550335e-184,7.1876168520201985e-186,1.369031731844189e-187,2.6076068346207277e-189,4.966731775311835e-191,9.46017789199431e-193,1.8018884408663076e-194,3.4320728324519423e-196,6.5370994452861674e-198,1.2451271066713018e-199
Pd123,144195930.22849917,8418474.879818413,491477.8276624103,28692.899660119016,1675.1162403833946,97.79473152015888,5.709340810230001,0.333316242916813,0.019459289869876252,0.0011360501334295098,6.632358705253287e-05,3.8720282407218655e-06,2.2605234974809912e-07,1.319713123195361e-08,7.704599087224046e-10,4.4980114277507454e-11,2.625977883485939e-12,1.5330685471391872e-13,8.95018646199516e-15,5.225196084934658e-16,3.0505145610039315e-17,1.780916722671348e-18,1.0397145496813032e-19,6.06994325482834e-21,3.543685247852858e-22,2.0688340250727923e-23,1.2078031551736204e-24,7.05125903754422e-26,4.116585869276173e-27,2.403298351243984e-28,1.4030663147827467e-29,8.191222212003201e-31,4.7821062069189457e-32,2.791834866931302e-33,1.6298972852037777e-34,9.51548098987193e-36,5.555219908062725e-37,3.2431853166207413e-38,1.8933995722974733e-39,1.105383007873146e-40,6.453321380082763e-42,3.767504705428985e-43,2.1995017556753876e-44,1.284088103791302e-45,7.49661714996918e-47,4.3765897781688246e-48,2.555090876749733e-49,1.4916841009442867e-50,8.708580494172033e-52,5.084144436175508e-53,2.9681673913667963e-54,1.73284173448865e-55,1.0116479567558735e-56,5.9060880635492144e-58,3.4480251733277667e-59,2.0129868481435173e-60,1.1751990913940978e-61,6.860913699894411e-63,4.0054606187245115e-64,2.338422471106121e-65,1.3651912161641335e-66,7.970104118141301e-68,4.653015555761953e-69,2.7164706309021e-70,1.5858989939149859e-71,9.258615168849957e-73,5.405259425333476e-74,3.155637092840257e-75,1.8422881638275765e-76,1.075543726583707e-77,6.279117081174685e-79,3.665802732570834e-80,2.1401272663655776e-81,1.2494247646079237e-82,7.294249584823076e-84,4.2584458474686924e-85,2.486117430579146e-86,1.451416807919124e-87,8.473496562949558e-89,4.9469004086604765e-90,2.88804314386678e-91,1.6860645074305086e-92,9.843390079729426e-94,5.746656064148791e-95,3.354947396387833e-96,1.958647238826309e-97,1.1434751585948409e-98,6.675706642851201e-100,3.897335140727627e-101,2.275297884069857e-102,1.328338537569605e-103,7.754955000601513e-105,4.527409644486289e-106,2.6431408160843717e-107,1.5430884152838477e-108,9.008683316807474e-110,5.2593470535255585e-111,3.07045219114556e-112,1.792556483183747e-113,1.046509942304374e-114,6.109615343315476e-116,3.566846155429962e-117,2.082355562764695e-118,1.2156971455513656e-119,7.097344834517789e-121,4.143491155209594e-122,2.4190058893293995e-123,1.4122365110525545e-124,8.24475860909453e-126,4.813361217490058e-127,2.810081811792647e-128,1.6405500090611382e-129,9.577672510942164e-131,5.591527854695143e-132,3.2643822091549128e-133,1.905774501060426e-134,1.1126075980644334e-135,6.495499161007287e-137,3.7921284578718967e-138,2.2138773148223882e-139,1.2924806792636259e-140,7.545613729746269e-142
Pd124,96788331.1809675,1.1587266902843527,1.3871998064177287e-08,1.6607223420849606e-16,1.988176962497093e-24,2.380197781431398e-32,2.849515704887475e-40,3.411371868230765e-48,4.0840125932262e-56,4.889281938729372e-64,5.853331088164264e-72,7.007467611199797e-80,8.389172179463116e-88,1.0043315754209818e-95,1.2023616774213638e-103,1.4394385666163478e-111,1.7232613330675921e-119,2.0630471427665924e-127,2.4698305658033696e-135,2.9568219248718966e-143,3.539836301507333e-151,4.237807132065276e-159,5.0734010725117516e-167,6.07375409980478e-175,7.271352754816105e-183,8.70508914522424e-191,1.0421523969678101e-198,1.2476398580037455e-206,1.493644518602671e-214,1.7881553988836335e-222,2.140736762150073e-230,2.5628387150702005e-238,3.068169050764511e-246,3.6731384104330324e-254,4.397393220180179e-262,5.26445371020117e-270,6.302477736051834e-278,7.545175207155768e-286,9.03290281868437e-294,1.0813974638311086e-301,1.294623110924465e-309,1.549892e-317,0.0,0.0,0.0,0.0,0.0,0.0,0.0,0.0,0.0,0.0,0.0,0.0,0.0,0.0,0.0,0.0,0.0,0.0,0.0,0.0,0.0,0.0,0.0,0.0,0.0,0.0,0.0,0.0,0.0,0.0,0.0,0.0,0.0,0.0,0.0,0.0,0.0,0.0,0.0,0.0,0.0,0.0,0.0,0.0,0.0,0.0,0.0,0.0,0.0,0.0,0.0,0.0,0.0,0.0,0.0,0.0,0.0,0.0,0.0,0.0,0.0,0.0,0.0,0.0,0.0,0.0,0.0,0.0,0.0,0.0,0.0,0.0,0.0,0.0,0.0,0.0,0.0,0.0,0.0,0.0
Pd125,1.0961974949319838e-08,1.9269035302822934e-09,3.387124338616318e-10,5.953910564254498e-11,1.0465825125753337e-11,1.8396899715030372e-12,3.233819742430706e-13,5.684430685889254e-14,9.992131533711103e-15,1.7564237846162556e-15,3.0874538638302984e-16,5.4271477332352745e-17,9.539877781953383e-18,1.6769263076675934e-18,2.947712649597347e-19,5.181509661376595e-20,9.108093482112787e-21,1.6010269651193848e-21,2.814296260873233e-22,4.9469894114959274e-23,8.695852166558799e-24,1.5285629018514339e-24,2.6869184298024925e-25,4.7230837799791056e-26,8.302269300501786e-27,1.4593786337272925e-27,2.5653058452958344e-28,4.509312338705033e-29,7.926500384071168e-30,1.393325713976235e-30,2.4491975665940447e-31,4.305216404204327e-32,7.567739140295412e-33,1.3302624146751498e-33,2.3383444633746748e-34,4.1103580534749216e-35,7.225215785095831e-36,1.2700534226468327e-36,2.232508681199948e-37,3.924319184342744e-38,6.898195375582162e-39,1.2125695491222585e-39,2.131463131159098e-40,3.746700618351485e-41,6.585976233105951e-42,1.1576874525438088e-42,2.0349910026099705e-43,3.5771212442564047e-44,6.28788843768807e-45,1.1052893739146995e-45,1.9428852979744173e-46,3.415217200284478e-47,6.003292390589968e-48,1.0552628841267663e-48,1.8549483885893255e-49,3.2606410934062503e-50,5.731577441944301e-51,1.007500642724428e-51,1.770991590660253e-52,3.113061253944237e-53,5.47216058050047e-54,9.619001675872463e-55,1.6908347604078363e-55,2.9721610239184367e-56,5.224485182673417e-57,9.183636150368663e-58,1.6143059075382604e-58,2.837638077602102e-59,4.988019818211873e-60,8.767975698965493e-61,1.541240826208443e-61,2.7092037728297446e-62,4.762257109923106e-63,8.371128450528118e-64,1.4714827426940992e-64,2.5865825316656645e-65,4.546712645007758e-66,7.992242900890945e-67,1.4048819790046952e-67,2.4695112491039653e-68,4.3409239356686524e-69,7.630506085808765e-70,1.341295631723526e-70,2.3577387285314354e-71,4.144449426763554e-72,7.285141836601827e-73,1.2805872653838066e-73,2.251025142741918e-74,3.9568675483725074e-75,6.955409114752175e-76,1.2226266197228612e-76,2.1491415193457117e-77,3.777775811246902e-78,6.640600421877783e-79,1.1672893301862845e-79,2.051869249469834e-80,3.6067899431994426e-81,6.340040281672876e-82,1.1144566610823543e-82,1.958999618695029e-83,3.443543064581925e-84,6.053083790557032e-85,1.0640152508141394e-85,1.870333359222989e-86,3.287684901081743e-87,5.779115233923495e-88,1.0158568686426627e-88,1.785680222312965e-89,3.138881032147967e-90,5.517546765017308e-91,9.698781824591892e-92,1.704858570070299e-92,2.996812173434413e-93,5.267817143608796e-94,9.259805370683856e-95,1.6276949857110154e-95,2.861173491720072e-96,5.029390531755954e-97,8.840697425065904e-98,1.554023901466226e-98,2.7316739508368705e-99,4.801755344071771e-100
Pd126,0.0,0.0,0.0,0.0,0.0,0.0,0.0,0.0,0.0,0.0,0.0,0.0,0.0,0.0,0.0,0.0,0.0,0.0,0.0,0.0,0.0,0.0,0.0,0.0,0.0,0.0,0.0,0.0,0.0,0.0,0.0,0.0,0.0,0.0,0.0,0.0,0.0,0.0,0.0,0.0,0.0,0.0,0.0,0.0,0.0,0.0,0.0,0.0,0.0,0.0,0.0,0.0,0.0,0.0,0.0,0.0,0.0,0.0,0.0,0.0,0.0,0.0,0.0,0.0,0.0,0.0,0.0,0.0,0.0,0.0,0.0,0.0,0.0,0.0,0.0,0.0,0.0,0.0,0.0,0.0,0.0,0.0,0.0,0.0,0.0,0.0,0.0,0.0,0.0,0.0,0.0,0.0,0.0,0.0,0.0,0.0,0.0,0.0,0.0,0.0,0.0,0.0,0.0,0.0,0.0,0.0,0.0,0.0,0.0,0.0,0.0,0.0,0.0,0.0,0.0,0.0,0.0,0.0,0.0,0.0,0.0,0.0
Pm159,38422069405.0042,24269448276.646503,15264507912.87561,9574409475.114962,5994723929.554662,3749084650.159055,2342907890.5835624,1463432380.4907532,913800633.7937552,570479093.8540208,356097475.0310053,222259039.19364515,138715417.71186078,86571220.99517296,54027089.561783805,33716505.590004094,21041124.093922514,13130833.908335224,8194334.927511394,5113683.300699085,3191193.2474315907,1991461.117150522,1242768.3922517747,775547.3750495707,483978.7704416333,302025.902833339,188478.58166952725,117619.62106331417,73400.2465646579,45805.24847712762,28584.655071659625,17838.184880793946,11131.876011677334,6946.820173330627,4335.1462257716985,2705.3374447725746,1688.2592404484828,1053.5540638236475,657.4678448582855,410.29120536467764,256.0412261223465,159.78190270773067,99.71150667909286,62.224722541396616,38.83118632975407,24.23250711487409,15.12223695840316,9.436995088351862,5.889133766477911,3.6750995623577083,2.293436917674911,1.431213714373657,0.8931454274674321,0.5573652254679797,0.3478224094384479,0.2170577262079955,0.13545434459679967,0.0845299533478088,0.05275071120273405,0.032918952657461115,0.020542992110557823,0.012819804118487613,0.008000167490300612,0.004992485008453615,0.003115548091943405,0.0019442501873868734,0.0012133045870577222,0.0007571597680820383,0.00047250370642072783,0.0002948647854690753,0.0001840096501429466,0.00011483077333858385,7.165986400872826e-05,4.471916334315929e-05,2.790688480609704e-05,1.741522339325927e-05,1.0867927679654982e-05,6.782103759629478e-06,4.23235530840784e-06,2.6411910067248273e-06,1.6482288053996955e-06,1.0285731656787901e-06,6.418785751641638e-07,4.005627591721962e-07,2.4997021281572913e-07,1.5599330158468227e-07,9.734723935778661e-08,6.074930727354222e-08,3.791045702540565e-08,2.3657928236180317e-08,1.476367240978332e-08,9.213233756033618e-09,5.7494960526940595e-09,3.58795898761346e-09,2.239057054533338e-09,1.3972780934127019e-09,8.719679859778974e-10,5.441494947604383e-10,3.3957516492531634e-10,2.1191105338583744e-10,1.322425759756948e-10,8.252565697385271e-11,5.1499934939392894e-11,3.2138408781187054e-11,2.0055895608454893e-11,1.2515832734466302e-11,7.810474889543275e-12,4.874107803645664e-12,3.0416750860265256e-12,1.8981499182341524e-12,1.1845358265399235e-12,7.392066932531579e-13,4.613001338645892e-13,2.878732233429741e-13,1.7964658285184893e-13,1.1210801183789179e-13,6.996073133553362e-14,4.3658823742946844e-14,2.72451824649463e-14,1.7002289661276953e-14,1.0610237391432147e-14,6.621292763817662e-15
Pm160,2736724668.1451917,1765210450.2210402,1135282188.5416117,729140272.0749418,467984224.2839794,300271240.8823485,192632816.2540002,123570598.77172421,79265615.8013635,50844881.03999389,32614155.329526927,20920080.739488788,13418988.2258616,8607475.609701429,5521176.669623575,3541501.242674664,2271658.845290653,1457131.6829056803,934661.7770634148,599528.9500964138,384561.5269059959,246672.93811610265,158225.75600648398,101492.24329424372,65101.12958869372,41758.433310749104,26785.50684871646,17181.28100691958,11020.751584118249,7069.144927498347,4534.428493771824,2908.5613572747397,1865.6660217809124,1196.7118025964098,767.6181705374198,492.38058357972534,315.8323348658695,202.58732182657968,129.94750199435936,83.35345530175444,53.46619522584703,34.295327309223325,21.998376175422425,14.110626499991046,9.051112620062566,5.805740777073776,3.724031219749005,2.3887405687195082,1.5322324566954049,0.9828343571898842,0.6304287377883669,0.40438186813675675,0.25938648649082985,0.16638072741506743,0.10672316368395561,0.0684564483138624,0.04391066713151638,0.028166034543518424,0.0180668059433165,0.011588762219585144,0.007433489361840727,0.00476813339039908,0.0030584688995921026,0.0019618226345360706,0.0012583904482047683,0.0008071812875721418,0.0005177579279436815,0.00033211036489070645,0.00021302869258978412,0.0001366450092018273,8.764950069764852e-05,5.622184825791914e-05,3.60629118976976e-05,2.3132174676557576e-05,1.483788959651186e-05,9.51760786682071e-06,6.104969235507888e-06,3.91596816006959e-06,2.5118564957687395e-06,1.6112038702642283e-06,1.0334897379398043e-06,6.629210977824446e-07,4.252237499340102e-07,2.727552918632272e-07,1.749560066928049e-07,1.1222368617963223e-07,7.198470048449332e-08,4.6173827293000365e-08,2.9617714771809052e-08,1.899797092274424e-08,1.2186048179685082e-08,7.816612144606623e-09,5.013883460683209e-09,3.216102691580813e-09,2.0629351686973445e-09,1.3232480173562303e-09,8.487834916028239e-10,5.444432231660277e-10,3.4922736620579533e-10,2.240082126430383e-10,1.4368770659845246e-10,9.216696470152643e-11,5.911952792197969e-11,3.792159797207524e-11,2.432440926547141e-11,1.560263590552941e-11,1.0008146325102441e-11,6.419619958520261e-12,4.117797549428807e-12,2.6413178299717176e-12,1.6942454783611801e-12,1.0867559020634945e-12,6.970881172498338e-13,4.4713982439685624e-13,2.868131267972766e-13,1.839732567194008e-13,1.1800770615309204e-13,7.569479912373584e-14,4.8553630954825465e-14,3.114421474378616e-14,1.9977128238041034e-14,1.2814118317712969e-14
Pm161,159448823.93632323,83283848.7583479,43469033.34442141,22680408.181168683,11831859.806065807,6171962.762398265,3219428.6357746436,1679296.7820711173,875937.1201629231,456895.55476774264,238319.86867855006,124309.19443734149,64840.462849559044,33821.19063378241,17641.34311116533,9201.833833373903,4799.733446468237,2503.5706367911766,1305.8779163888921,681.1539905399543,355.2941302319202,185.32361358521797,96.66594189021458,50.42155254840452,26.300193342074067,13.718343344459711,7.155572647979812,3.732390904257706,1.946838156425824,1.0154828110284877,0.5296821084435457,0.27628546043137914,0.1441122032044422,0.07516981559583723,0.03920904025522462,0.020451677652125994,0.010667721425054094,0.005564349406354351,0.0029023990299633278,0.0015139092666452893,0.0007896644272457033,0.0004118938442322036,0.00021484637405807112,0.00011206519614767223,5.845389871100061e-05,3.048991472797143e-05,1.5903727905560876e-05,8.29548273751252e-06,4.326975049938228e-06,2.2569769204778188e-06,1.1772531065651195e-06,6.140624941010982e-07,3.20298790938721e-07,1.6706982833560924e-07,8.714465470907778e-08,4.545519032382802e-08,2.3709708120057495e-08,1.2367130247030033e-08,6.450771547778728e-09,3.3647622957334683e-09,1.7550808028053733e-09,9.154609905971055e-10,4.775101089166038e-10,2.4907222313080145e-10,1.2991761049011512e-10,6.776582833404663e-11,3.534707475357148e-11,1.8437252585118094e-11,9.616984863877503e-12,5.01627872401666e-12,2.6165219757740813e-12,1.3647940288746141e-12,7.118849979086242e-13,3.7132361332592e-13,1.936846909521689e-13,1.010271314911245e-13,5.2696375986915147e-14,2.748675530194866e-14,1.4337261393777888e-14,7.478404126475447e-15,3.900781798060551e-15,2.034671887042269e-15,1.061297427602457e-15,5.535792955162575e-16,2.887503808584244e-16,1.506139827143095e-16,7.856118395974919e-17,4.097799894757832e-17,2.1374377435656582e-17,1.1149007333090002e-17,5.815391109634743e-18,3.0333439334679993e-18,1.5822109373629097e-18,8.252910006972758e-19,4.304768850650959e-19,2.2453940297274753e-19,1.1712113991842746e-19,6.109111022022601e-20,3.186550054532559e-20,1.6621241967018017e-20,8.669742505164795e-21,4.522191257128196e-21,2.3588029003011313e-21,1.2303661667778277e-21,6.417665944697246e-22,3.347494208621552e-22,1.7460736618760647e-22,9.107628102373117e-23,4.750595090129947e-23,2.477939750799257e-23,1.2925086840905928e-23,6.741805154506892e-24,3.516567223168453e-24,1.834263190889737e-24,9.567630134542237e-25,4.990534992254743e-25,2.6030938862281424e-25,1.357789854401335e-25,7.082315772277221e-26,3.694179665259206e-26,1.9269069380715578e-26,1.0050865643882498e-26
Pm162,2459509.1018875646,185004.7603788101,13916.094612763762,1046.771385097687,78.7383503166421,5.922714261058715,0.4455077364090279,0.03351117991716471,0.0025207175715789135,0.00018960887355721283,1.426241691532145e-05,1.072821817092165e-06,8.069786895603407e-08,6.070109640104197e-09,4.565948459303243e-10,3.434515448497863e-11,2.5834493032736758e-12,1.9432756680434518e-13,1.4617357953277716e-14,1.099520552065461e-15,8.270615307352781e-17,6.221173168043313e-18,4.679578743358324e-19,3.519988372575489e-20,2.647742205567559e-21,1.991636916122628e-22,1.49811322164281e-23,1.1268837239823546e-24,8.476441626914023e-26,6.3759961321090055e-27,4.796036882692419e-28,3.6075884149787905e-29,2.713635130466915e-30,2.0412017043655704e-31,1.5353959532459355e-32,1.1549278683248589e-33,8.68739023450942e-35,6.534672091350139e-36,4.9153932526068704e-37,3.697368512148434e-38,2.781167896866962e-39,2.0919999846238973e-40,1.5736065199790907e-41,1.1836699320845757e-42,8.903588605744476e-44,6.69729693316891e-45,5.0377199797949636e-46,3.7893829179255375e-47,2.850381314614137e-48,2.144062454144695e-49,1.6127680123721537e-50,1.2131272840036864e-51,9.125167388640906e-53,6.863968931265292e-54,5.163090985927911e-55,3.8836872363371925e-56,2.921317209167423e-57,2.1974205741208127e-58,1.6529040955965237e-59,1.243317725070847e-60,9.352260482586933e-62,7.034788805023533e-63,5.291582032325455e-64,3.980338455197722e-65,2.9940184468733105e-66,2.2521065887027394e-67,1.694039023765878e-68,1.2742594992782713e-69,9.585005119252293e-71,7.209859780376628e-72,5.423270765738261e-73,4.0793949805463245e-74,3.068528960869834e-75,2.308153544483671e-76,1.7361976545928805e-77,1.305971304646516e-78,9.82354194551689e-80,7.389287652185411e-81,5.558236765269578e-82,4.180916671941635e-83,3.144893777635205e-84,2.3655953104694392e-85,1.7794054644106075e-86,1.3384723045236326e-87,1.0068015108463242e-88,7.573180848170051e-90,5.696561590464665e-91,4.284964878634659e-92,3.2231590441971975e-93,2.424466598545473e-94,1.823688563567832e-95,1.3717821391655383e-96,1.0318572342484217e-97,7.761650494432599e-99,5.838328830596947e-100,4.391602476641962e-101,3.303372056019648e-102,2.4848029844530773e-103,1.869073712207425e-104,1.4059209376045458e-105,1.0575365058558406e-106,7.954810482610205e-108,5.983624155180811e-109,4.500893906741447e-110,3.385581285582959e-111,2.5466409292877397e-112,1.9155883364374185e-113,1.4409093298132849e-114,1.083854843574737e-115,8.152777538699422e-117,6.13253536574139e-118,4.612905213413725e-119,3.469836411675877e-120,2.6100178015324606e-121,1.9632605449045262e-122,1.4767684591713242e-123,1.1108281514969782e-124,8.355671293593359e-126,6.285152448872744e-127,4.727704084752561e-128,3.5561883494162174e-129,2.674971899639428e-130
Pm163,65722.24197640421,2053.8200617626358,64.18187693008248,2.005683654065082,0.06267761418953391,0.0019586754434229386,6.120860760696695e-05,1.912768987717722e-06,5.977403086617889e-08,1.867938464568092e-09,5.8373077017753e-11,1.8241586568047833e-12,5.700495802514954e-14,1.7814049382859264e-15,5.56689043214353e-17,1.7396532600448553e-18,5.436416437640185e-20,1.698880136762562e-21,5.309000427383014e-23,1.659062633557194e-24,5.184570729866246e-26,1.6201783530832043e-27,5.063057353385021e-29,1.5822054229328223e-30,4.944391946665079e-32,1.5451224833328394e-33,4.82850776041513e-35,1.5089086751297306e-36,4.715339609780413e-38,1.4735436280563825e-39,4.604823837676204e-41,1.439007449273816e-42,4.496898278980682e-44,1.4052807121814663e-45,4.391502225567089e-47,1.372344445489717e-48,4.288576392155373e-50,1.3401801225485558e-51,4.188062882964241e-53,1.308769650926328e-54,4.089905159144784e-56,1.278095362232747e-57,3.994048006977341e-59,1.2481400021804217e-60,3.900437506813825e-62,1.2188867208793227e-63,3.8090210027478885e-65,1.1903190633587167e-66,3.719747072995996e-68,1.1624209603112507e-69,3.632565500972665e-71,1.1351767190539592e-72,3.547427247043626e-74,1.1085710147011343e-75,3.464284420941049e-77,1.0825888815440793e-78,3.383090254825253e-80,1.0572157046328942e-81,3.3037990769778016e-83,1.0324372115555653e-84,3.2263662861111465e-86,1.0082394644097355e-87,3.1507483262804284e-89,9.846088519626354e-91,3.076902662383241e-92,9.615320819947648e-94,3.004787756233646e-95,9.389961738230158e-97,2.934363043196926e-98,9.169884509990403e-100,2.865588909372005e-101,8.95496534178754e-103,2.798426669308612e-104,8.745083341589424e-106,2.7328385442466986e-107,8.540120450770948e-109,2.668787640865926e-110,8.339961377706032e-112,2.606237930533138e-113,8.144493532916065e-115,2.545154229036276e-116,7.953606965738376e-118,2.4855021767932464e-119,7.767194302478909e-121,2.427248219524661e-122,7.585150686014585e-124,2.3703595893795613e-125,7.407373716811134e-127,2.3148042865034825e-128,7.233763395323402e-130,2.260551061038568e-131,7.064222065745535e-133,2.207569395545486e-134,6.898654361079657e-136,2.1558294878373972e-137,6.73696714949188e-139,2.1053022342162152e-140,6.579069481925681e-142,2.0559592131017795e-143,6.424872540943075e-145,2.0077726690447132e-146,6.27428959076474e-148,1.960715497113985e-149,6.127235928481213e-151,1.914761227650383e-152,5.983628836407461e-154,1.869884011377334e-155,5.843387535554187e-157,1.8260586048606863e-158,5.706433140189652e-160,1.7832603563092695e-161,5.572688613466475e-163,1.7414651917082752e-164,5.44207872408837e-166,1.7006496012776182e-167,5.314530003992565e-169,1.66079062624768e-170,5.189970707024008e-172,1.621865845945004e-173,5.068330768578146e-175,1.583853365180674e-176,4.949541766189618e-178
Pr153,13325159441961.459,11619542829612.602,10023506930218.635,8594428119621.9,7343706707545.172,6262592117315.64,5334551976854.429,4541047376586.386,3864105075859.869,3287352302221.8013,2796328888438.7935,2378472954558.021,2022970902128.133,1720561939495.7026,1463338386206.8647,1244559358228.2566,1058484193409.456,900226784039.6105,765629719323.7466,651156275288.1638,553798075964.2788,470996325270.30444,400574700024.80396,340682219417.4308,289744628286.03033,246423035528.64783,209578729924.1834,178243253203.30386,151592946031.41583,128927298970.66637,109650539928.16754,93255974386.45717,79312666930.36823,67454114057.38168,57368610566.11742,48791056317.094,41495988012.25087,35291652835.62384,30014968181.169647,25527234983.793213,21710491977.80734,18464415053.765778,15703680212.549795,13355720801.307755,11358820079.622957,9660488978.515482,8216086411.246543,6987645870.429737,5942877468.242167,5054319188.096732,4298615038.1993265,3655901133.0645914,3109283565.9788666,2644394348.1486306,2249013742.2763233,1912749063.5006614,1626761504.8984156,1383533807.0829155,1176672665.0326514,1000740678.3606453,851113427.7925403,723857921.0704496,615629213.2006539,523582483.68075794,445298259.6327188,378718819.3118225,322094104.3408523,273935718.958071,232977807.13696104,198143779.2223617,168518013.4837465,143321788.75340238,121892815.53248361,103667827.53458594,88167776.080918,74985238.1777892,63773707.29436719,54238485.34593711,46128936.476008646,39231899.02586461,33366082.523409862,28377302.414676115,24134427.281626478,20525932.017797258,17456966.361077916,14846861.729229774,12627010.824649189,10739064.273219943,9133396.895425009,7767803.295244388,6606388.480044456,5618624.351106331,4778547.264394689,4064075.569237472,3456429.1862382763,2939635.967871864,2500111.866319091,2126303.873140657,1808386.3453636023,1538002.735830598,1308045.9391252466,1112471.4794073696,946138.6297506184,804675.2867617359,684363.0486747482,582039.47616708,495014.9667970365,421002.0580850256,358055.3009511315,304520.123066271,258989.3379764632,220266.15683092136,187332.7304673571,159323.394974806,135501.9174864438,115242.14410197847,98011.54126508835,83357.19797661413,70893.9209079397,60294.10949143515,51279.14485200988,43612.06623554061
Pr154,1820356858331.7317,1363200408547.8381,1015245612752.3849,753840873466.1903,558822581594.9105,413880715891.18616,306379538486.00745,226738221359.0185,167773618371.26758,124132677402.45532,91839268491.40324,67945323323.87789,50267185278.370834,37188286098.31305,27512235434.611256,20353755634.427994,15057839325.911093,11139878239.396593,8241344218.611288,6096991179.918498,4510586607.815138,3336955813.010697,2468697454.8252535,1826355318.4637618,1351147223.1560795,999585780.8044512,739498784.8481455,547085064.8651793,404736389.03776854,299426094.8332062,221516988.9982466,163879425.5166445,121238854.98095414,89693138.17118838,66355452.10331818,49090110.052317075,36317119.82270688,26867594.935199883,19876787.066924248,14704950.891812483,10878799.476111151,8048192.674160772,5954094.977357965,4404870.563451173,3258746.2501928015,2410837.4968514307,1783550.1723648624,1319479.7332865284,976157.9985414126,722166.7859520289,534262.7602412226,395250.38056725345,292408.29600031074,216325.18467684725,160038.50152535478,118397.31933543192,87590.95525269836,64800.24619767049,47939.56059920182,35465.937327367195,26237.885679112384,19410.924870127372,14360.303605319901,10623.827613403699,7859.563158365736,5814.545876328376,4301.631409621159,3182.369384954234,2354.3334930190827,1741.7482152000898,1288.5544270376254,953.2792954505895,705.2410019062681,521.7409767980597,385.9866997727009,285.55497656279766,211.25506316097955,156.28759914585123,115.62238216350548,85.5380422389616,63.28149042741137,46.815977147657144,34.634704421256345,25.62293523350766,18.95598131848335,14.023733989569903,10.37483165371433,7.675354646841373,5.678267457351805,4.200811923458072,3.1077826024943005,2.2991538017763973,1.7009259914062982,1.258353932653902,0.9309368119634448,0.6887119159240733,0.5095126726543431,0.37694013649676916,0.2788622817996006,0.20630377261813934,0.15262460854086674,0.11291248258154578,0.08353324437398406,0.06179833049551757,0.04571872768325793,0.033822953536382414,0.02502239768897181,0.018511700506331035,0.01369505272418911,0.01013167153683021,0.0074954635223058955,0.005545183063820029,0.0041023553940019546,0.0030349439477482926,0.002245267384547231,0.0016610605384826899,0.0012288612623573083,0.0009091179804330381,0.0006725702303945935,0.0004975709693890003,0.0003681056020476216,0.00027232644706991904
Pr155,243835521071.63876,108528249499.76572,48209605410.89285,21393590351.761066,9488687322.77486,4207371563.1209245,1865325706.975932,826926569.7944982,366575038.68607414,162498881.9694639,72033329.26802485,31931133.175094124,14154482.657888511,6274412.4296751935,2781325.4468572526,1232907.21236319,546523.5650790809,242263.1436737792,107390.47952185513,47604.08292320956,21101.951396239812,9354.078939509589,4146.478723017882,1838.0522420495374,814.7723084538906,361.1724950415889,160.10064380679262,70.96945779556405,31.459360934928988,13.945314239937218,6.181682763647867,2.7402180497705095,1.2146846170116408,0.5384457338803078,0.2386823742337066,0.10580318904051701,0.04690046697867285,0.020790052008496703,0.009215820019713267,0.0040851912540205695,0.0018108847119656453,0.0008027294773049913,0.000355834145308398,0.0001577342586103264,6.992048589880534e-05,3.099437237919704e-05,1.3739193983443785e-05,6.09031371906064e-06,2.6997159543183766e-06,1.1967308369010183e-06,5.304871772524687e-07,2.3515450304433687e-07,1.0423935332128078e-07,4.620724944735645e-08,2.0482762348971078e-08,9.079604574221835e-09,4.024809633568359e-09,1.7841187305068292e-09,7.908646456213174e-10,3.5057469942936455e-10,1.554028499825465e-10,6.888701843574916e-11,3.053625663557785e-11,1.3536120309570068e-11,6.000295164590591e-12,2.659812504529434e-12,1.179042424612764e-12,5.22646252948076e-13,2.3167877594428223e-13,1.0269863204849854e-13,4.5524278094292996e-14,2.018001461818715e-14,8.945402476163566e-15,3.965320490324882e-15,1.7577483665926511e-15,7.791751833925528e-16,3.453929913709389e-16,1.53105900997444e-16,6.786882625265531e-17,3.0084912122296403e-17,1.3336048188558236e-17,5.911607139305546e-18,2.6204988520865905e-18,1.1616154578556479e-18,5.14921222291228e-19,2.282544222124507e-19,1.0118068357662883e-19,4.485140147473325e-20,1.9881741683670168e-20,8.813183967035416e-21,3.906710632932431e-21,1.7317677727543535e-21,7.67658498551112e-22,3.4028787212067974e-22,1.5084290232046493e-22,6.686568357156135e-23,2.964023875643491e-23,1.3138933255624704e-23,5.824229977171907e-24,2.5817662794250246e-24,1.1444460723051208e-24,5.073103723030683e-25,2.24880682519099e-25,9.968517130977254e-26,4.41884703823537e-26,1.9587877405199657e-26,8.682919728182144e-27,3.84896706500937e-27,1.7061711879522835e-27,7.563120373417433e-28,3.3525820964925067e-28,1.4861335214533069e-28,6.587736795164089e-29,2.920213793436216e-29,1.2944731801724534e-29,5.738144302832135e-30,2.5436061978308707e-30,1.127530460753714e-30,4.998120153236143e-31,2.215568087578426e-31,9.821176362712384e-32,4.3535337816191634e-32
Pr156,14743584927.171667,5736694477.716515,2229824424.1947713,866369206.764413,336562644.15712583,130737899.26189227,50783934.985907264,19726360.63958889,7662419.503746345,2976351.556307777,1156118.290187072,449076.38223501376,174436.803125737,67757.28671082332,26319.272968380457,10223.315592153169,3971.089231549396,1542.508350557878,599.1635725099449,232.73584641857133,90.40264911034096,35.11551439867008,13.640079838457936,5.298278586685194,2.05803458004283,0.7994117831580201,0.310519174579885,0.12061638296205351,0.046851573203269506,0.018198770827938637,0.0070690317742567645,0.0027458563382058787,0.0010665855340363242,0.0004142986963982438,0.0001609279371976167,6.250997455658392e-05,2.428103527025534e-05,9.431593565307033e-06,3.663557018514457e-06,1.4230522058622676e-06,5.527626758299009e-07,2.1471213391324125e-07,8.340161603777337e-08,3.239607110664192e-08,1.2583754044661054e-08,4.887965128094127e-09,1.8986546469891503e-09,7.375031069297096e-10,2.8647170436893196e-10,1.1127551414079994e-10,4.322325681196395e-11,1.6789407300055616e-11,6.521586254211574e-12,2.533209571429031e-12,9.839861780001032e-13,3.822142508126773e-13,1.4846522927914626e-13,5.766902792882047e-14,2.2400644234361565e-14,8.701184676353181e-15,3.3798409536751956e-15,1.3128470773853033e-15,5.099551938161312e-16,1.9808422791935383e-16,7.694276247444963e-17,2.9887229081206145e-17,1.1609233063981991e-17,4.50942748716047e-18,1.7516175400981618e-18,6.803888111108137e-19,2.6428653726477497e-19,1.0265802823149224e-19,3.987592735312017e-20,1.5489188811280224e-20,6.016536440818742e-21,2.3370307628594235e-21,9.077835462770099e-22,3.5261451410378084e-22,1.3696766819202069e-22,5.320297769829757e-23,2.066587592041996e-23,8.027340687208557e-24,3.118096651535707e-24,1.2111765411689681e-24,4.704628425021823e-25,1.8274403330303227e-25,7.098410053011756e-26,2.757267877367257e-26,1.0710181703768575e-26,4.1602048560209784e-27,1.615967396516776e-27,6.276976055219623e-28,2.4381945132512135e-28,9.470790444556392e-29,3.678782441565561e-29,1.4289662865626827e-29,5.550599092409936e-30,2.1560445879218115e-30,8.374822587103216e-31,3.253070634919439e-31,1.2636051027602173e-31,4.908279084327973e-32,1.9065452899032026e-32,7.405681054401105e-33,2.8766225575632637e-33,1.1173796546050424e-33,4.3402888892830535e-34,1.685918261067014e-34,6.548689397190627e-35,2.543737369196944e-35,9.880755386298932e-36,3.8380269986243424e-36,1.4908223780739721e-36,5.790869537298091e-37,2.249373935567736e-37,8.737346040042603e-38,3.3938872775361753e-38,1.3183031551953671e-38,5.1207452307011287e-39,1.989074486730053e-39,7.726252987631482e-40,3.0011437795384028e-40
Pr157,597551308.2813034,187561331.80561605,58854343.4339474,18466702.57605415,5794229.831952458,1818030.900722989,570435.6413498791,178983.09654651242,56158.742815915335,17620.682895566948,5528.764534525624,1734.7362447408811,544.3005973550856,170.78281564621224,53.585776428989654,16.81337448754677,5.275458909009121,1.6552576474911034,0.5193629458280448,0.1629582378960943,0.05113069292200194,0.01604305368318368,0.005033758722459263,0.0015794204380488205,0.0004955678366140679,0.00015549215064592967,4.8788091409825206e-05,1.530802586192005e-05,4.803132260714375e-06,1.5070577827611225e-06,4.7286292304661013e-07,1.4836812931122123e-07,4.6552818422478436e-08,1.4606674042040012e-08,4.5830721705000984e-09,1.4380104916121562e-09,4.5119825677128526e-10,1.4157050181547224e-10,4.441995660112695e-11,1.3937455325388686e-11,4.373094343416741e-12,1.3721266680286325e-12,4.3052617786525e-13,1.3508431411333312e-13,4.238481388042571e-14,1.3298897503163246e-14,4.172736850953116e-15,1.3092613747237812e-15,4.1080120999052743e-16,1.28895297293319e-16,4.044291316648309e-17,1.2689595817212742e-17,3.981558928293838e-18,1.2492763148510124e-18,3.919799603509844e-19,1.2298983618774783e-19,3.8589982487738837e-20,1.2108209869722074e-20,3.799140004684297e-21,1.1920395277657914e-21,3.7402102423287024e-22,1.1735493942084341e-22,3.6821945597087855e-23,1.1553460674481703e-23,3.625078778220562e-24,1.1374250987264997e-24,3.568848939189239e-25,1.1197821082911386e-25,3.5134913004578066e-26,1.1024127843256405e-26,3.458992333028563e-27,1.085312881895622e-27,3.4053387177567168e-28,1.0684782219113307e-28,3.3525173420953047e-29,1.0519046901063081e-29,3.3005152968905734e-30,1.0355882360318933e-30,3.249319873227069e-31,1.0195248720673201e-31,3.198918559321685e-32,1.0037106724451767e-32,3.1492990374658696e-33,9.881417722919735e-34,3.1004491810152663e-34,9.728143666835975e-35,3.052357051426055e-35,9.577247097154177e-36,3.0050108953372603e-36,9.428691135868132e-37,2.9583991416983143e-37,9.28243947699903e-38,2.912510398941181e-38,9.138456377722522e-39,2.8673334521963404e-39,8.996706649633479e-40,2.822857260551953e-40,8.85715565014617e-41,2.7790709543555557e-41,8.719769274027874e-42,2.7359638325575724e-42,8.584513945063811e-43,2.693525360096087e-43,8.451356607851404e-44,2.651745165322131e-44,8.320264719721712e-45,2.6106130374649436e-45,8.191206242786333e-46,2.5701189241365237e-46,8.064149636107483e-47,2.5302529288749e-47,7.939063847989684e-48,2.491005308725521e-48,7.815918308390953e-49,2.4523664718601438e-49,7.694682921451717e-50,2.4143269752326535e-50,7.575328058139556e-51,2.376877522271259e-51,7.457824549008163e-52,2.340008960606485e-52,7.342143677068483e-53
Pr158,13514374.024736013,77206.06289449192,441.0693485882473,2.519778408205037,0.014395203944184226,8.223814281441984e-05,4.698170418278276e-07,2.6840106699630825e-09,1.533344394756049e-11,8.759819993421021e-14,5.004384310502328e-16,2.8589471411525373e-18,1.63328358670436e-20,9.330761091030355e-23,5.330556386326145e-25,3.0452854928541254e-27,1.739736541719492e-29,9.93891456711142e-32,5.677987465545047e-34,3.243768868440589e-36,1.8531278090544849e-38,1.0586705822668499e-40,6.04806315182914e-43,3.455188847336204e-45,1.9739096089209848e-47,1.127671833970663e-49,6.442259358704311e-52,3.680388601946139e-54,2.1025636360066264e-56,1.2011703984518816e-58,6.862148195701537e-61,3.920266260345759e-63,2.2396029805407225e-65,1.2794593982513086e-67,7.309404238149234e-70,4.175778488140808e-72,2.385574174569756e-74,1.3628510608348805e-76,7.785811205613589e-79,4.447944303783501e-81,2.541059371603519e-83,1.4516779638004114e-85,8.293269075621272e-88,4.737849142560404e-90,2.7066786683246213e-92,1.5462943612435086e-94,8.83380166103524e-97,5.0466491854599706e-99,2.8830925776206644e-101,1.6470775965723795e-103,9.409564681303069e-106,5.375575970183832e-108,3.0710046628019043e-110,1.7544296074060543e-112,1.0022854359767251e-114,5.7259413026911455e-117,3.2711643435099994e-119,1.8687785285577503e-121,1.0676116581324535e-123,6.099142488863972e-126,3.484369884508192e-128,1.9905803994962918e-130,1.1371956646956542e-132,6.496667907158299e-135,3.71147157927271e-137,2.120320983095223e-139,1.2113149664033983e-141,6.920102944465238e-144,3.953375141081892e-146,2.2585177029229926e-148,1.29026516138325e-150,7.371136318855344e-153,4.211045315127246e-155,2.405721706800404e-157,1.3743611140398687e-159,7.851566814422165e-162,4.485509726052029e-164,2.5625200648551152e-166,1.4639382107782544e-168,8.363310455084408e-171,4.7778629762618396e-173,2.729538110839296e-175,1.5593536975715593e-177,8.908408145957027e-180,5.0892710113519124e-182,2.907441936047979e-184,1.6609881047079303e-186,9.489033812765763e-189,5.420975770060977e-191,3.0969410457841754e-193,1.7692467643984524e-195,1.0107503071766692e-197,5.774300137296466e-200,3.2987911889651346e-202,1.8845614272986138e-204,1.0766282464747183e-206,6.150653219984219e-209,3.5137973721545475e-211,2.007391984390218e-213,1.1467999295939089e-215,6.551535966783765e-218,3.7428170700412005e-220,2.138228301090871e-222,1.2215452110075e-224,6.978547154081206e-227,3.986763645167769e-229,2.27759217090567e-231,1.3011621853375526e-233,7.433389762132758e-236,4.246609990548227e-238,2.426039396412577e-240,1.385968376197901e-242,7.917877766787814e-245,4.5233924097010496e-247,2.58416200588076e-249,1.4763020025227067e-251,8.43394337387809e-254,4.818214749572422e-256,2.752590614361981e-258,1.5725233274307761e-260,8.983644725124272e-263,5.13225280283201e-265
Pr159,175541.50856494755,246.04522350370667,0.34486573861583725,0.0004833760882549917,6.775171219805472e-07,9.496321016497114e-10,1.331038137969803e-12,1.8656304074518635e-15,2.614933951117159e-18,3.665184455288006e-21,5.137252925851416e-24,7.200556464789194e-27,1.0092556109455046e-29,1.4146085697764267e-32,1.9827656977900692e-35,2.7791149412832103e-38,3.895306372039793e-41,5.45979999123309e-44,7.6526499066257e-47,1.0726226361297893e-49,1.503426046632413e-52,2.107255433139367e-55,2.9536041832199838e-58,4.139876701201809e-61,5.8025984654684785e-64,8.13312844357966e-67,1.1399682172291059e-69,1.5978200090007937e-72,2.239561368972972e-75,3.13904888982624e-78,4.399802599398326e-81,6.166919851555361e-84,8.643774259487984e-87,1.2115421514703693e-89,1.6981405815616456e-92,2.3801742524985936e-95,3.3361369098472246e-98,4.6760481799017213e-101,6.554115484955777e-104,9.18648143420968e-107,1.2876099198250312e-109,1.8047598718893595e-112,2.529615642930663e-115,3.545599279232976e-118,4.969638088707055e-121,6.965621545949407e-124,9.763262969118529e-127,1.3684536717271371e-129,1.918073350668497e-132,2.6884398460500078e-135,3.7682129326859934e-138,5.281661305133715e-141,7.402964386692054e-144,1.0376258253697953e-146,1.4543732716178132e-149,2.0385013185677735e-152,2.857235970226596e-155,4.00480358545586e-158,5.6132751810513485e-161,7.867766192738372e-164,1.1027741000932521e-166,1.5456874111979876e-169,2.166490465213054e-172,3.0366301115315607e-175,4.2562487960699955e-178,5.96570973371216e-181,8.361751000028412e-184,1.172012768093046e-186,1.6427347915149076e-189,2.3025155260418522e-192,3.2272876760434e-195,4.5234812213606275e-198,6.340272208112591e-201,8.886751089655971e-204,1.2455986484058409e-206,1.7458753792670044e-209,2.4470810431849307e-212,3.4299158479622783e-215,4.807492075861642e-218,6.738351925806972e-221,9.444713784138387e-224,1.3238046846835032e-226,1.855491741987034e-229,2.6007232369065064e-232,3.645266212687205e-235,5.109334808406837e-238,7.161425438158469e-241,1.0037708670396357e-243,1.4069209575916367e-246,1.9719904670558723e-249,2.7640119945444417e-252,3.874137544585342e-255,5.430129009566576e-258,7.611062003141269e-261,1.0667935276234712e-263,1.4952557607724512e-266,2.0958036698103526e-269,2.9375529843278626e-272,4.117378769794016e-275,5.771064564416499e-278,8.088929406008968e-281,1.1337731228798365e-283,1.5891367443629683e-286,2.2273905963390724e-289,3.1219899019127744e-292,4.375892115044917e-295,6.133406066041553e-298,8.596800145418845e-301,1.20495809252641e-303,1.6889121303100222e-306,2.36723932691113e-309,3.31800685797e-312,4.650636456e-315,6.5185e-318,9.135e-321,1.5e-323,0.0,0.0,0.0,0.0,0.0,0.0
Rb100,12396402097373.357,15515281.463998988,19.418278431138344,2.430310646340179e-05,3.0416753259872686e-11,3.806833831161499e-17,4.7644742666188156e-23,5.963017048828432e-29,7.463063149221819e-35,9.340458213215364e-41,1.1690127483635104e-46,1.463087543074583e-52,1.831139276878424e-58,2.2917774587025617e-64,2.8682929728702887e-70,3.5898357176768235e-76,4.4928884886582545e-82,5.623111629348139e-88,7.037651719140034e-94,8.808031030615759e-100,1.1023763853686434e-105,1.3796882535885894e-111,1.726760208541452e-117,2.1611409751780298e-123,2.7047938048899788e-129,3.38520698603132e-135,4.2367837125171935e-141,5.302581585327289e-147,6.636489699953724e-153,8.305953398145293e-159,1.0395384453417048e-164,1.3010429116839903e-170,1.628330982493628e-176,2.0379510658236256e-182,2.5506144582051575e-188,3.192242553564931e-194,3.9952774861794094e-200,5.000322476669652e-206,6.258194820554939e-212,7.832495323002766e-218,9.802824096073804e-224,1.2268805316276246e-229,1.5355124443064887e-235,1.9217832591182662e-241,2.4052236819840786e-247,3.0102775289193163e-253,3.767537659383722e-259,4.7152928188552436e-265,5.901463602406237e-271,7.386025425878185e-277,9.244041015431433e-283,1.1569455744842425e-288,1.4479847721188458e-294,1.81223727937482e-300,2.2681205078904632e-306,2.838684921045e-312,3.55278e-318,5e-324,0.0,0.0,0.0,0.0,0.0,0.0,0.0,0.0,0.0,0.0,0.0,0.0,0.0,0.0,0.0,0.0,0.0,0.0,0.0,0.0,0.0,0.0,0.0,0.0,0.0,0.0,0.0,0.0,0.0,0.0,0.0,0.0,0.0,0.0,0.0,0.0,0.0,0.0,0.0,0.0,0.0,0.0,0.0,0.0,0.0,0.0,0.0,0.0,0.0,0.0,0.0,0.0,0.0,0.0,0.0,0.0,0.0,0.0,0.0,0.0,0.0,0.0,0.0,0.0
Rb101,556140068.9994259,0.2177693836393637,8.527259065506628e-11,3.339043622894345e-20,1.3074790187495014e-29,5.11973360500254e-39,2.0047489719002632e-48,7.850053831723077e-58,3.0738684007174555e-67,1.2036435860791184e-76,4.713142182571164e-86,1.8455387865682937e-95,7.226629880429122e-105,2.829752471679006e-114,1.1080544020469396e-123,4.3388408356689505e-133,1.6989725199856164e-142,6.652716089368238e-152,2.605023380019927e-161,1.020056578289196e-170,3.994265198890858e-180,1.5640460361354053e-189,6.124380533946903e-199,2.3981414905961613e-208,9.390472353964675e-218,3.6770545598063806e-227,1.4398349439881365e-236,5.638003549336743e-246,2.2076894407276994e-255,8.644713725435577e-265,3.3850356855492015e-274,1.3254882644322868e-283,5.190252931890925e-293,2.0323624297451123e-302,7.95818065139e-312,3.12e-321,0.0,0.0,0.0,0.0,0.0,0.0,0.0,0.0,0.0,0.0,0.0,0.0,0.0,0.0,0.0,0.0,0.0,0.0,0.0,0.0,0.0,0.0,0.0,0.0,0.0,0.0,0.0,0.0,0.0,0.0,0.0,0.0,0.0,0.0,0.0,0.0,0.0,0.0,0.0,0.0,0.0,0.0,0.0,0.0,0.0,0.0,0.0,0.0,0.0,0.0,0.0,0.0,0.0,0.0,0.0,0.0,0.0,0.0,0.0,0.0,0.0,0.0,0.0,0.0,0.0,0.0,0.0,0.0,0.0,0.0,0.0,0.0,0.0,0.0,0.0,0.0,0.0,0.0,0.0,0.0,0.0,0.0,0.0,0.0,0.0,0.0
Rb102,521521.5207238185,0.003813523312752888,2.7885637464635372e-11,2.039082268642903e-19,1.4910387125153214e-27,1.0902926656799278e-35,7.972550188385721e-44,5.829770162371131e-52,4.2629045089717053e-60,3.117164887546799e-68,2.279365375345579e-76,1.6667409975906484e-84,1.2187714980220272e-92,8.912026322854455e-101,6.516743565807878e-109,4.765240267927776e-117,3.4844880087383523e-125,2.5479631666760267e-133,1.8631478376326403e-141,1.3623901280345947e-149,9.962209243280087e-158,7.284669124112678e-166,5.326770694321235e-174,3.8950960635889936e-182,2.848212212468763e-190,2.0826990335589852e-198,1.5229326120428957e-206,1.1136144509850096e-214,8.143086146005483e-223,5.954471219605159e-231,4.3540896988420835e-239,3.18384226010582e-247,2.328121889618285e-255,1.7023932375153757e-263,1.2448414956543586e-271,9.102658041362108e-280,6.656139252043427e-288,4.8671706155802916e-296,3.559022566106262e-304,2.602465092452e-312,1.903e-320,0.0,0.0,0.0,0.0,0.0,0.0,0.0,0.0,0.0,0.0,0.0,0.0,0.0,0.0,0.0,0.0,0.0,0.0,0.0,0.0,0.0,0.0,0.0,0.0,0.0,0.0,0.0,0.0,0.0,0.0,0.0,0.0,0.0,0.0,0.0,0.0,0.0,0.0,0.0,0.0,0.0,0.0,0.0,0.0,0.0,0.0,0.0,0.0,0.0,0.0,0.0,0.0,0.0,0.0,0.0,0.0,0.0,0.0,0.0,0.0,0.0,0.0,0.0,0.0,0.0,0.0,0.0,0.0,0.0,0.0,0.0,0.0,0.0,0.0,0.0,0.0,0.0,0.0,0.0,0.0,0.0
Rb91,807089317589290.5,888861990197654.9,965131459465370.2,1034459451270295.2,1096887484157860.4,1152829810047472.0,1202771822769220.2,1247189365932216.8,1286528754567881.2,1321203388850061.8,1351594780546570.8,1378054637427603.8,1400907092138135.2,1420450836515592.8,1436961107475232.8,1450691520381311.0,1461875758368407.2,1470729128517109.2,1477449995596551.2,1482221103295644.8,1485210792009119.0,1486574121450502.8,1486453905651182.8,1484981667266792.5,1482278517538932.8,1478455967742648.2,1473616677480098.5,1467855144752922.2,1461258342354519.5,1453906304765235.5,1445872669404664.0,1437225175793242.8,1428026125897600.5,1418332808678469.2,1408197891624561.0,1397669781839038.5,1386792959045341.5,1375608282695004.2,1364153275190323.2,1352462383078202.8,1340567217927193.8,1328496778466672.5,1316277655444366.5,1303934220545246.8,1291488800610512.2,1278961838299019.5,1266372040244827.0,1253736513682631.0,1241070892437320.2,1228389453104289.2,1215705222182889.8,1203030074866166.0,1190374826135377.5,1177749314757455.8,1165162480737002.5,1152622436731648.5,1140136533900006.5,1127711422614999.2,1115353108441729.6,1103067003748041.0,1090857975287293.5,1078730388066509.0,1066688145788726.6,1054734728135917.0,1042873225138149.6,1031106368855608.6,1019436562582418.0,1007865907765036.6,996396228812965.2,985029095965747.1,973765846367434.6,962607603488006.5,951555295020350.6,940609669371429.9,929771310857046.1,919040653701105.0,908417994932440.8,897903506265029.2,887497245040755.9,877199164307736.8,867009122101524.4,856926889991305.2,846952160948350.2,837084556589549.8,827323633844730.6,817668891092706.8,808119773807470.8,798675679752764.5,789335963760253.6,780099942123822.1,770966896639950.0,761936078321828.8,753006710812706.4,744177993521976.5,735449104505689.9,726819203111492.1,718287432406428.0,709852921404619.8,701514787110503.8,693272136392087.2,685124067697572.4,677069672627644.5,669108037374757.6,661238244039898.0,653459371836457.5,645770498190116.5,638170699742941.4,630659053269259.9,623234636510284.6,615896528933928.4,608643812425722.1,601475571916325.0,594390895950659.4,587388877203312.8,580468612944506.6,573629205460574.6,566869762432600.0,560189397276562.75,553587229448107.44,547062384714772.75,540613995398323.4,534241200589605.9
Rb92,1135954548683296.5,1150347933910644.2,1107889847198506.5,1033230170039959.8,942923839401453.6,847476972326128.0,753300939589829.8,664105398325159.8,581845568185241.2,507358265237172.94,440785761575775.7,381855932641599.75,330065425749273.3,284797648515919.1,245397174337523.44,211215204175898.97,181635982189702.47,156090834298459.4,134064303413477.33,115095364747121.84,98775695179088.03,84746288968573.89,72693253530686.94,62343312090213.15,53459336010307.28,45836095196508.97,39296327525304.78,33687172311873.293,28876977931973.812,24752472743893.676,21216276617208.086,18184724434240.69,15585970723253.516,13358344669692.854,11448926183877.686,9812315861858.24,8409574164596.471,7207307711389.299,6176883087225.6455,5293750915746.374,4536865106624.663,3888184131945.5684,3332242920292.7754,2855785489103.8096,2447449780013.392,2097497335366.917,1797581474509.0881,1540548513088.1235,1320267333702.097,1131483276665.2085,969692888954.02,831036559516.864,712206490708.8274,610367817967.7493,523091001111.0555,448293877886.66815,384191999790.87537,329256066980.4582,282175447938.6187,241826914355.14948,207247845852.52542,177613265657.31738,152216159595.66714,130450609043.20132,111797335538.84145,95811312270.83821,82111146928.2732,70369982654.29947,60307700043.74691,51684234159.43607,44293847137.74488,37960219748.35364,32532244808.901234,27880422098.21075,23893768760.96375,20477171494.37959,17549117346.85506,15039748991.00325,12889198074.535112,11046156886.595587,9466654262.7468,8113006524.412544,6952918424.496292,5958712649.6804695,5106669496.982261,4376460970.652089,3750665798.161711,3214353794.5823708,2754729659.156524,2360827705.7922764,2023250244.3847752,1733943371.2859156,1486004819.747401,1273519286.046212,1091417302.5141447,935354290.4732658,801606907.529856,686984216.2870027,588751555.1443975,504565294.89948094,432416924.5768017,370585132.4886302,317594739.27957517,272181503.1821884,233261957.80939603,199907562.8755548,171322551.135537,146824943.01538873,125830275.98272169,107837660.47308843,92417829.6954364,79202898.20958582,67877584.93645902,58171691.2001451,49853654.343356736,42725023.118807204,36615723.05071199,31379998.807679355,26892936.780356575,23047484.899687037,19751898.59477364,16927551.95615703
Rb93,1112261892684621.4,1055929576932171.6,977376938586384.4,891099615031217.0,804849873427736.2,722636633027880.1,646348259538335.8,576686724418397.5,513706662073143.6,457124806815615.56,406496053147021.9,361312210583002.25,321056105317246.44,285230026475175.0,253369555093098.78,225049175754127.56,199883369552066.6,177525315192214.03,157664411558420.28,140023305268331.42,124354800398368.72,110438851271825.34,98079738509442.05,87103471704839.08,77355430620749.5,68698239946089.59,61009864153001.34,54181905216815.695,48118084809430.1,42732892837097.29,37950385173966.94,33703114750259.37,29931181570021.168,26581388639671.008,23606492124148.387,20964535284191.812,18618256876092.117,16534565714077.19,14684074010316.28,13040682925835.22,11581214495774.586,10285084742840.027,9134013371582.896,8111765950839.453,7203924949141.038,6397686394422.063,5681679290506.124,5045805243663.917,4481096037490.593,3979587147440.774,3534205411139.987,3138669270224.3467,2787400176756.6963,2475443914724.0957,2198400726958.356,1952363262008.9446,1733861465787.2625,1539813640747.9607,1367482982358.1833,1214438979855.6602,1078523136901.3097,957818528658.6439,850622765940.3071,755423985114.5145,670879525138.7477,595796990986.6381,529117436391.1379,469900428717.33997,417310785323.4868,370606794342.93274,329129753755.7642,292294681211.62415,259582063577.28445,230530529846.5402,204730344072.88306,181817626550.8203,161469221742.74847,143398140569.8382,127349512786.08334,113096992348.75584,100439565087.46303,89198713647.92929,79215899725.53972,70350328078.66547,62476960785.944695,55484753741.07335,49275090513.04763,43760391483.39324,38862878643.98273,34513478634.44241,30650848547.84806,27220510764.903877,24174084614.511223,21468604024.249737,19065911537.074802,16932120147.58679,15037135367.738157,13354230781.306398,11859671100.85384,10532377410.858871,9353629875.687176,8306803719.4665165,7377134754.187972,6551511149.097325,5818288504.541651,5167125622.116317,4588838654.8535795,4075271580.4215016,3619181170.517989,3214134834.095446,2854419893.621188,2534963014.827411,2251258653.607072,1999305510.8876154,1775550099.2571645,1576836625.4202461,1400362481.63707,1243638718.408191,1104454940.9206533,980848134.1634059,871074977.0288296,773587254.9249984
Rb94,568109072555522.2,464404510519107.94,360266057254177.9,278784785984447.28,215705761774509.12,166898262519905.03,129134342945450.44,99915229999813.55,77307499702242.48,59815200445559.44,46280868196705.06,35808937278243.57,27706480862614.164,21437360059741.414,16586747649756.78,12833678999186.94,9929813856943.002,7683003699857.545,5944577280343.631,4599503061886.186,3558777591512.359,2753536148458.792,2130495971131.2556,1648430541050.6724,1275441627437.4658,986848583843.5614,763555231759.7468,590786268017.8928,457109584167.35956,353679804777.26355,273652989654.8499,211733770872.7762,163824958698.787,126756430880.29489,98075365909.61414,75883940021.85498,58713748348.87061,45428640687.10275,35149542529.890015,27196286777.9864,21042607137.24834,16281315120.231226,12597356416.688469,9746963775.173738,7541526943.59688,5835112343.995952,4514806659.407719,3493245368.7555656,2702831843.508676,2091264484.202823,1618075927.8057017,1251955325.5562093,968676506.6174119,749494934.2985826,579907381.5683055,448692253.6869834,347167056.18445516,268613874.8984538,207834852.13420132,160808244.83833832,124422306.18418755,96269381.53422907,74486594.1261647,57632578.66721914,44592106.30851575,34502290.041743115,26695487.535138812,20655123.294034738,15981506.901876412,12365385.53747032,9567480.74065078,7402655.375794287,5727663.122429087,4431669.877717921,3428919.872777576,2653061.220341504,2052755.4157100404,1588280.2720189386,1228901.5063258198,950839.0545770504,735693.5466797908,569228.8216611427,440429.92204030143,340774.2349769839,263667.5516644903,204007.72906273906,157847.08150320742,122131.16264540059,94496.65300789355,73114.97930811296,56571.31791513539,43770.976083695714,33866.95622317954,26203.910135099664,20274.7746754525,15687.21942721647,12137.686228177317,9391.302751722027,7266.341023856401,5622.192497765748,4350.063997568602,3365.778882608966,2604.2070859068594,2014.9554628587302,1559.0332809076203,1206.2722059023429,933.3300658504205,722.146301272627,558.7468994332306,432.3197350399313,334.4991327819099,258.81231126660225,200.25107959497606,154.94044577209428,119.8822087981272,92.75656794906548,71.76862174918492,55.52959948459879,42.964966356693004,33.243321600829276,25.721384764543398,19.901429891686302
Rb95,276381792453782.72,44769585228958.77,7145852478852.39,1140373117241.8389,181986339998.21878,29042272427.163788,4634708227.559641,739629462.8225144,118033696.06356125,18836395.934336014,3006004.417619905,479712.9233347104,76554.94032724731,12217.012724544085,1949.650790316786,311.13483221199783,49.652422011358695,7.923776949262424,1.264515175660499,0.201797531620895,0.03220383950474578,0.0051392466028560655,0.0008201461704923533,0.00013088294704509073,2.088694240555224e-05,3.333240677279052e-06,5.319348900830163e-07,8.488877782405078e-08,1.354696737289868e-08,2.1618914738384444e-09,3.450052410996024e-10,5.505762792748294e-11,8.786366210958547e-12,1.4021713992973931e-12,2.237653867141875e-13,3.570957752842459e-14,5.6987094652281015e-15,9.094279971033042e-16,1.4513097868242053e-16,2.3160713152010657e-17,3.696100161244864e-18,5.898417856260331e-19,9.412984413099029e-20,1.5021702042896883e-20,2.397236863067123e-21,3.825628122057773e-22,6.105124926851871e-23,9.74285769114942e-24,1.5548129993621093e-24,2.4812468165078978e-25,3.959695324747368e-26,6.3190759421882185e-27,1.0084291211392523e-27,1.6093006345632459e-28,2.5682008562781673e-29,4.09846084474945e-30,6.540524762649257e-31,1.0437690096669276e-31,1.6656977613823639e-32,2.6582021563943477e-33,4.24208933221802e-34,6.769734145023502e-35,1.08034736671457e-35,1.724071296987474e-36,2.751357506554084e-37,4.3907512073884435e-38,7.006976054278208e-39,1.1182075937850932e-39,1.7844905036248914e-40,2.8477774388459644e-41,4.54462286278706e-42,7.2525319862554e-43,1.1573946133651324e-43,1.8470270708013273e-44,2.947576358899707e-45,4.7038868725270556e-46,7.506693301676472e-47,1.1979549222271457e-47,1.9117552003459974e-48,3.0508726816324828e-49,4.868732208939106e-50,7.76976157185197e-51,1.2399366465994653e-51,1.9787516944536926e-52,3.1577889717523277e-53,5.0393544667936055e-54,8.042048936506466e-55,1.2833895992697518e-55,2.0480960468132704e-56,3.2684520891854877e-57,5.215956095380791e-58,8.32387847414337e-59,1.3283653386896291e-59,2.11987053692973e-60,3.3829933396001726e-61,5.398746638723855e-62,8.615584585388777e-63,1.3749172301505646e-63,2.1941603277516868e-64,3.5015486302053083e-65,5.587942984210329e-66,8.917513389769645e-67,1.4231005091036868e-67,2.2710535667202254e-68,3.6242586310092273e-69,5.783769619936499e-70,9.230023136396644e-71,1.4729723466985659e-71,2.350641490358928e-72,3.7512689417295635e-73,5.986458901070503e-74,9.553484629039396e-75,1.524591917618798e-75,2.4330185325291942e-76,3.882730264552417e-77,6.19625132554981e-78,9.888281666098071e-79,1.5780204702948393e-79,2.518282436479342e-80,4.0187985829457766e-81,6.413395819440476e-82,1.0234811495993694e-82
Rb96,60968844094612.77,2710970936969.893,89291742060.10147,2937027565.8581305,96605456.35328384,3177571.07794398,104517.47069524702,3437.815051988947,113.07748123892516,3.7193730814407355,0.12233855907805538,0.0040239907934961315,0.0001323581218233112,4.353556782711699e-06,1.431982896039923e-07,4.710114320074734e-09,1.5492627020563633e-10,5.0958740210469055e-12,1.6761477575051071e-13,5.513227551124224e-15,1.8134247350435392e-16,5.964762453886302e-18,1.9619447360431836e-19,6.45327819346706e-21,2.122628567319689e-22,6.98180351090831e-24,2.2964724500285123e-25,7.553615202003676e-27,2.484554196120777e-28,8.172258433053232e-30,2.6880398906526024e-31,8.841568720484183e-33,2.9081911213774973e-34,9.565695710608857e-36,3.146372800444407e-37,1.0349128906951466e-38,3.4040616266950468e-40,1.1196725504650314e-41,3.682855241025808e-43,1.2113740504505533e-44,3.9844821315763935e-46,1.310585929337571e-47,4.3108123501562064e-49,1.4179232892918367e-50,4.663869106349126e-52,1.5340516095212308e-53,5.045841311178763e-55,1.6596908721698275e-56,5.459097148103431e-58,1.79562002612385e-59,5.906198755479497e-61,1.9426818164045975e-62,6.389918111522601e-64,2.10178800909005e-65,6.91325422025181e-67,2.2739250441590007e-68,7.479451704967344e-70,2.460160151304762e-71,8.092020924539538e-73,2.6616479666357314e-74,8.75475973722751e-76,2.8796376912856215e-77,9.471777046960769e-79,3.115480836315891e-80,1.0247518278068017e-81,3.3706396019279034e-83,1.1086792936393438e-84,3.646695942934942e-86,1.1994804427676236e-87,3.945361376698913e-89,1.2977182318063969e-90,4.268487594339929e-92,1.4040017236771055e-93,4.6180779410068974e-95,1.5189898637274936e-96,4.996299836385596e-98,1.6433955651164962e-99,5.4054982124498165e-101,1.777990128793301e-102,5.84821005176822e-104,1.9236080254739673e-105,6.327180116502606e-107,2.081152069263276e-108,6.845377965615613e-110,2.2515990149976798e-111,7.40601636579259e-113,2.436005614012237e-114,8.012571210223166e-116,2.6355151658765703e-117,8.668803068736717e-119,2.8513646067198753e-120,9.378780502900029e-122,3.0848921780917384e-123,1.0146905290628095e-124,3.337545723904863e-126,1.0977939716697725e-127,3.610891666899739e-129,1.18770360983619e-130,3.9066247202843196e-132,1.284976872912044e-133,4.226578394759774e-135,1.3902168438694455e-136,4.572736366074597e-138,1.5040759983472588e-139,4.9472447735846556e-141,1.6272602499245453e-142,5.352425526068792e-144,1.760533326703038e-145,5.790790697294479e-147,1.904721506332982e-148,6.265058100584451e-150,2.0607187388389276e-151,6.778168138944711e-153,2.229492189006406e-154,7.333302035222829e-156,2.4120882326916616e-157,7.933901555321383e-159,2.6096389442308392e-160,8.583690346748181e-162,2.823369115169846e-163,9.286697024799848e-165,3.0546038478301597e-166
Rb97,13691201139670.42,228988488231.67422,3798612440.1735926,63013815.23256738,1045313.5106963975,17340.329761186127,287.65249195560176,4.771763701603765,0.07915707132986596,0.0013131081783063928,2.1782679158881073e-05,3.613450279098315e-07,5.994222668515129e-09,9.943600333337534e-11,1.6495080856521367e-12,2.736309619675274e-14,4.5391655850946e-16,7.529858485587722e-18,1.249101134339777e-19,2.0720889334046207e-21,3.43731378501012e-23,5.702036175255923e-25,9.458902671532345e-27,1.5691033343103274e-28,2.602929070360049e-30,4.317905390407807e-32,7.16281790880066e-34,1.1882140935420036e-35,1.9710856119309695e-37,3.269763008768708e-39,5.424092220448217e-41,8.997831444366927e-43,1.4926178872111438e-44,2.4760501138498613e-46,4.107430454120404e-48,6.813668609155922e-50,1.1302949723427244e-51,1.8750056655037475e-53,3.110379442265755e-55,5.159696556047604e-57,8.55923498873706e-59,1.419860699105514e-60,2.3553558320541783e-62,3.907215052213626e-64,6.481538481992549e-66,1.0751991004372636e-67,1.7836091057592688e-69,2.9587649774387047e-71,4.908188774911651e-73,8.142017778993337e-75,1.3506500371847838e-76,2.2405447549548407e-78,3.7167590869201975e-80,6.165597933116178e-82,1.0227888594293138e-83,1.696667642490929e-85,2.8145409118769097e-87,4.668940661235755e-89,7.745137690538541e-91,1.2848130271487229e-92,2.131330107594618e-94,3.5355868375807424e-96,5.865057806639766e-98,9.729333390878838e-100,1.6139641134262405e-101,2.6773470028992926e-103,4.441354621396558e-105,7.367603396810249e-107,1.2221852214003434e-108,2.02743909377113e-110,3.363245772389393e-112,5.579167413831093e-114,9.255080103599049e-116,1.53529194179919e-117,2.546840567740635e-119,4.224862191283383e-121,7.008471893146623e-123,1.1626101882888974e-124,1.9286122146468132e-126,3.199305418060396e-128,5.3072126580433655e-130,8.803944143217142e-132,1.4604546203630578e-133,2.422695627599007e-135,4.0189226163893056e-137,6.6668461413506165e-139,1.1059391213751136e-140,1.8346026205731118e-142,3.043356284592562e-144,5.048514251045644e-146,8.374798662925267e-148,1.3892652205548992e-149,2.30460209340638e-151,3.823021501115301e-153,6.341872829069184e-155,1.0520304677426661e-156,1.7451754945097112e-158,2.8950088424456174e-160,4.802426016297515e-162,7.966571743707707e-164,1.3215459255855879e-165,2.1922649912885134e-167,3.63666952391354e-169,6.032740238390739e-171,1.000749574427484e-172,1.6601074654988697e-174,2.7538925495738855e-176,4.5683332749302203e-178,7.578243716903133e-180,1.2571275862893136e-181,2.085403725779641e-183,3.4594012150607235e-185,5.738676218337298e-187,9.519683520817634e-189,1.579186050729726e-190,2.6196549258868193e-192,4.3456513104025596e-194,7.208844617277427e-196,1.1958492986229878e-197,1.983751378951464e-199,3.290773794008383e-201,5.458946256186716e-203
Rb98,858713057496.2599,3922311834.6119375,8973362.078910308,20527.742836600468,46.95990410065081,0.10742693976116571,0.00024575321452347616,5.621927105332489e-07,1.2860895609832557e-09,2.942098550693111e-12,6.730436312205782e-15,1.539675580955184e-17,3.522209831018755e-20,8.057516951739126e-23,1.8432626828704581e-25,4.216705144293197e-28,9.646266068935714e-31,2.2067098810224612e-33,5.048138278793537e-36,1.1548278412571802e-38,2.641820150896194e-41,6.043510088987294e-44,1.3825321978599124e-46,3.162723731697534e-49,7.235145350340939e-52,1.6551343930525233e-54,3.786337006949356e-57,8.661742508869047e-60,1.981487203918944e-62,4.532911865336858e-65,1.0369630416120618e-67,2.372188962887388e-70,5.426693382337504e-73,1.2414272862167295e-75,2.8399277393844555e-78,6.496707180896673e-81,1.4862069766416909e-83,3.3998933858576246e-86,7.777702040746949e-89,1.7792513520061424e-91,4.0702708293922475e-94,9.311278367680722e-97,2.1300770507544917e-99,4.872830628605841e-102,1.1147239169901714e-104,2.5500771642158034e-107,5.83363597419993e-110,1.3345207414515566e-112,3.05289122811381e-115,6.983889093066272e-118,1.5976562287934786e-120,3.65484816753e-123,8.360944542985354e-126,1.9126757240402611e-128,4.3754965799912997e-131,1.0009522304739914e-133,2.2898095093308267e-136,5.238239577665962e-139,1.1983160066902194e-141,2.7413050331115724e-144,6.271094805216509e-147,1.4345951866354363e-149,3.281824646958921e-152,7.507604314947456e-155,1.7174629547025634e-157,3.928921766565297e-160,8.987923847512573e-163,2.056105463237726e-165,4.703610920252746e-168,1.0760126892655855e-170,2.4615201535384305e-173,5.6310501973832535e-176,1.2881765879458166e-178,2.9468728985986446e-181,6.741358259229937e-184,1.54217411958619e-186,3.5279255658385867e-189,8.070592444799429e-192,1.8462538734025458e-194,4.223547884951606e-197,9.661919735666729e-200,2.210290862596337e-202,5.056330243815403e-205,1.1567018606994751e-207,2.6461072161616418e-210,6.053317313061612e-213,1.3847757289957474e-215,3.1678561034260874e-218,7.246886323817662e-221,1.6578202947266794e-223,3.79248135930441e-226,8.675798520757456e-229,1.9847027009931738e-231,4.5402677366298464e-234,1.0386457936479016e-236,2.3760384788744677e-239,5.435499655049795e-242,1.2434418366002981e-244,2.8445362876097146e-247,6.507249839406374e-250,1.4886187480503719e-252,3.4054106292762387e-255,7.790323458693397e-258,1.7821386669004155e-260,4.076875940905123e-263,9.326388426574544e-266,2.1335336749058045e-268,4.880738109713215e-271,1.1165328570058145e-273,2.5542153517571486e-276,5.843102620953973e-279,1.3366863610584606e-281,3.057845367001272e-284,6.995222335542474e-287,1.60024885665358e-289,3.660779143801869e-292,8.374512429097675e-295,1.9157795559410883e-297,4.382597002554437e-300,1.0025765452624844e-302,2.2935253424501314e-305,5.246740033284744e-308
Rb98_m1,0.0,0.0,0.0,0.0,0.0,0.0,0.0,0.0,0.0,0.0,0.0,0.0,0.0,0.0,0.0,0.0,0.0,0.0,0.0,0.0,0.0,0.0,0.0,0.0,0.0,0.0,0.0,0.0,0.0,0.0,0.0,0.0,0.0,0.0,0.0,0.0,0.0,0.0,0.0,0.0,0.0,0.0,0.0,0.0,0.0,0.0,0.0,0.0,0.0,0.0,0.0,0.0,0.0,0.0,0.0,0.0,0.0,0.0,0.0,0.0,0.0,0.0,0.0,0.0,0.0,0.0,0.0,0.0,0.0,0.0,0.0,0.0,0.0,0.0,0.0,0.0,0.0,0.0,0.0,0.0,0.0,0.0,0.0,0.0,0.0,0.0,0.0,0.0,0.0,0.0,0.0,0.0,0.0,0.0,0.0,0.0,0.0,0.0,0.0,0.0,0.0,0.0,0.0,0.0,0.0,0.0,0.0,0.0,0.0,0.0,0.0,0.0,0.0,0.0,0.0,0.0,0.0,0.0,0.0,0.0,0.0,0.0
Rb99,16695242752.138626,44616.68771724512,0.11881404358487309,3.1640127659699123e-07,8.425752109067277e-13,2.2437740886196795e-18,5.975160550170032e-24,1.5911826320390222e-29,4.2373123654904715e-35,1.1283944231926557e-40,3.0049093964893577e-46,8.002060534438141e-52,2.1309452082522767e-57,5.674697736952547e-63,1.511169516750992e-68,4.024237790652431e-74,1.071652757430765e-79,2.853806589602077e-85,7.599674422880776e-91,2.0237899633500184e-96,5.389343790077411e-102,1.435179885938716e-107,3.821877737314436e-113,1.0177643640417795e-118,2.710302034520958e-124,7.217522422534832e-130,1.9220230533826984e-135,5.118338955484861e-141,1.363011417429531e-146,3.629693422418659e-152,9.665857653338718e-158,2.574013650782384e-163,6.854587054802633e-169,1.8253735242463232e-174,4.860961683585157e-180,1.2944719628843741e-185,3.447173155781507e-191,9.179806984357258e-197,2.444578570958089e-202,6.509902005315316e-208,1.7335840468485772e-213,4.61652670813487e-219,1.2293790362033795e-224,3.2738309777199633e-230,8.718197524970444e-236,2.321652174521705e-241,6.18254955112369e-247,1.646410231970877e-252,4.384383221717535e-258,1.1675593276571824e-263,3.109205365185379e-269,8.279800241325304e-275,2.2049071702976136e-280,5.871658117263533e-286,1.5636199795827762e-291,4.1639131429707334e-297,1.1088482424502407e-302,2.9528580029596216e-308,7.863447902e-314,2.09405e-319,0.0,0.0,0.0,0.0,0.0,0.0,0.0,0.0,0.0,0.0,0.0,0.0,0.0,0.0,0.0,0.0,0.0,0.0,0.0,0.0,0.0,0.0,0.0,0.0,0.0,0.0,0.0,0.0,0.0,0.0,0.0,0.0,0.0,0.0,0.0,0.0,0.0,0.0,0.0,0.0,0.0,0.0,0.0,0.0,0.0,0.0,0.0,0.0,0.0,0.0,0.0,0.0,0.0,0.0,0.0,0.0,0.0,0.0,0.0,0.0,0.0,0.0
Rh115,1315113467038.688,691520707268.7695,358454076772.16833,183896891585.62518,93627236533.42686,47396388080.1986,23889263404.45271,12000980476.379988,6013371360.772056,3007164538.625945,1501501100.385884,748808380.7858537,373083682.0617851,185746590.30281675,92423730.08988532,45967207.080082,22853723.714553453,11359081.164868286,5644595.742014273,2804441.401847793,1393156.4627929789,692000.0159078434,343696.41210732626,170692.50651537222,84767.75646674243,42094.81423562346,20903.164851862573,10379.68281928754,5154.032037723413,2559.1929893003003,1270.7301991049083,630.9562362488689,313.28646223146296,155.55402797667548,77.23581203721058,38.3490362318879,19.040959724268436,9.45414250121656,4.694124549334865,2.330700159454461,1.1572246516312024,0.5745773891675838,0.2852850794760928,0.14164763453650248,0.07032980119881002,0.03491960253942976,0.017338002710957173,0.00860852491278262,0.004274234400906014,0.002122207609714709,0.0010537008978517154,0.0005231747719918926,0.0002597623511433969,0.00012897501734540512,6.403758778210437e-05,3.179540185569394e-05,1.5786783767632258e-05,7.838320063950348e-06,3.891816171977976e-06,1.9323315184489117e-06,9.594248269339406e-07,4.763654590209532e-07,2.3652092656524205e-07,1.1743535839899461e-07,5.8308004899667624e-08,2.8950594357501454e-08,1.4374302686681041e-08,7.137006403215666e-09,3.54360565710303e-09,1.759440909485121e-09,8.735826190636009e-10,4.337438032791423e-10,2.153587796503791e-10,1.0692810732731453e-10,5.309103325485544e-11,2.6360307702562046e-11,1.308819548998659e-11,6.498439361335811e-12,3.2265497683675634e-12,1.6020190122030675e-12,7.954208363308413e-13,3.94935579417423e-13,1.9609005039407096e-13,9.736096180163276e-14,4.834083556785336e-14,2.4001779975138837e-14,1.1917159378703982e-14,5.917006480435122e-15,2.937861664548872e-15,1.4586820529042738e-15,7.24252389798248e-16,3.59599628363446e-16,1.785453448823781e-16,8.864981402819753e-17,4.401565065941197e-17,2.1854275998254188e-17,1.0850898992781717e-17,5.387595954254345e-18,2.6750032587685125e-18,1.32816983589204e-18,6.594515753166325e-19,3.2742527983646475e-19,1.6257041136713742e-19,8.071807609134429e-20,4.007745169059091e-20,1.989891498644722e-20,9.880039796311108e-21,4.905553214492331e-21,2.435663503015234e-21,1.209334898741648e-21,6.004486644004254e-22,2.9812965701674902e-22,1.4802479822595974e-22,7.349601213476154e-23,3.649161400285925e-23,1.8118505397163106e-23,8.996045990218471e-24,4.466640138584282e-24,2.2177381206482127e-24,1.10113244388994e-24,5.467249030433903e-25,2.7145519257597923e-25
Rh116,314803476722.99255,117741654291.62659,42624080721.92488,15384906861.690191,5551570297.931237,2003206860.6978695,722827610.1959227,260821610.8060997,94113603.75494437,33959495.794004865,12253779.563958682,4421594.31666778,1595466.6231031576,575700.4291054453,207732.9473853622,74957.34803683065,27047.245492028647,9759.596728883884,3521.605493561741,1270.7190262873182,458.5200831611212,165.45016035239934,59.700232478182784,21.541941998470755,7.77308974860467,2.8048039607641786,1.0120718417963195,0.36519108903351816,0.1317737792929593,0.04754861066052957,0.017157209786935388,0.00619092426852484,0.0022339030515203515,0.0008060707298525925,0.00029085864808810007,0.000104952022241408,3.7870378085593685e-05,1.366496333960087e-05,4.930799017918187e-06,1.779205574935196e-06,6.419999002954712e-07,2.3165612663641024e-07,8.358967187298034e-08,3.016209130872309e-08,1.088354256849067e-08,3.9271646527338614e-09,1.4170590239921379e-09,5.113246973435804e-10,1.8450392092838804e-10,6.657549892426731e-11,2.4022779758352335e-11,8.668263199570965e-12,3.12781400207908e-12,1.1286252166508013e-12,4.072476428628324e-13,1.4694926196093272e-13,5.302445813820475e-14,1.9133088001474345e-14,6.903890569103235e-15,2.4911663494402863e-15,8.989003690696894e-16,3.243548443463723e-16,1.170386270503389e-16,4.223164987540759e-17,1.5238663475024495e-17,5.498645333301797e-18,1.984104482062725e-18,7.15934627007035e-19,2.5833437441501556e-19,9.321612125871036e-20,3.363565256151039e-20,1.2136925544227397e-20,4.379429279593705e-21,1.5802519958676686e-21,5.702104568920956e-22,2.0575197246978834e-22,7.424254266739912e-23,2.67893185934338e-23,9.666527639221531e-24,3.488022895167508e-24,1.2586012445511943e-24,4.541475616402864e-25,1.6387240091865977e-25,5.913092142530577e-26,2.1336514562578498e-26,7.698964310140035e-27,2.7780568974826454e-27,1.0024205613586648e-27,3.6170856786452724e-28,1.3051716326456669e-28,4.7095179434648273e-29,1.6993595865133665e-29,6.131886615448982e-30,2.2126001914561015e-30,7.983839092682113e-31,2.8808497307365334e-31,1.0395118281744667e-31,3.7509240047670063e-32,1.3534652043589833e-32,4.8837781226236694e-33,1.762238783398483e-33,6.358776856237351e-34,2.2944701642215886e-34,8.279254727014021e-35,2.9874460737666064e-35,1.0779755349890446e-35,3.889714576738162e-36,1.4035457204177745e-36,5.0644862249892955e-37,1.8274446175840805e-37,6.594062422085242e-38,2.3793694653160176e-38,8.585601242591706e-39,3.097986662907862e-39,1.1178624644181365e-39,4.033640636083512e-40,1.4554793008040662e-40,5.25188083469425e-41,1.8950631786100444e-41,6.838053954308123e-42,2.467410185043267e-42,8.903283100624859e-43
Rh116_m1,0.0,0.0,0.0,0.0,0.0,0.0,0.0,0.0,0.0,0.0,0.0,0.0,0.0,0.0,0.0,0.0,0.0,0.0,0.0,0.0,0.0,0.0,0.0,0.0,0.0,0.0,0.0,0.0,0.0,0.0,0.0,0.0,0.0,0.0,0.0,0.0,0.0,0.0,0.0,0.0,0.0,0.0,0.0,0.0,0.0,0.0,0.0,0.0,0.0,0.0,0.0,0.0,0.0,0.0,0.0,0.0,0.0,0.0,0.0,0.0,0.0,0.0,0.0,0.0,0.0,0.0,0.0,0.0,0.0,0.0,0.0,0.0,0.0,0.0,0.0,0.0,0.0,0.0,0.0,0.0,0.0,0.0,0.0,0.0,0.0,0.0,0.0,0.0,0.0,0.0,0.0,0.0,0.0,0.0,0.0,0.0,0.0,0.0,0.0,0.0,0.0,0.0,0.0,0.0,0.0,0.0,0.0,0.0,0.0,0.0,0.0,0.0,0.0,0.0,0.0,0.0,0.0,0.0,0.0,0.0,0.0,0.0
Rh117,168318938054.31143,35097702081.99452,7265077750.712208,1503438294.749177,311119111.0502867,64382467.032921314,13323199.570079964,2757080.535724123,570545.6140884381,118067.75084640254,24432.742002933082,5056.070582376808,1046.294751972877,216.5184781679534,44.805970114797816,9.27207218023617,1.918747039629798,0.39706228883070915,0.08216740297454737,0.01700358432794964,0.003518693174314567,0.0007281524539867948,0.00015068264551093574,3.118201351084932e-05,6.452753489254501e-06,1.3353219662546418e-06,2.763292843173786e-07,5.718311785548315e-08,1.1833378339728976e-08,2.4487794332071335e-09,5.067463018879187e-10,1.048652283643057e-10,2.1700634181105936e-11,4.490692779747717e-12,9.292964193478024e-13,1.9230703977508845e-13,3.9795695729692037e-14,8.235254416387636e-15,1.704189713462685e-15,3.5266215621617365e-16,7.29793141247968e-17,1.5102216657636126e-17,3.1252273429723294e-18,6.467292958827596e-19,1.3383307396613707e-19,2.7695191483134103e-20,5.7311963968005316e-21,1.1860041537789117e-21,2.4542970706187594e-22,5.078881125040904e-23,1.0510151273494173e-23,2.1749530471800802e-24,4.500811295996942e-25,9.313903281010179e-26,1.927403497346519e-26,3.9885364164750896e-27,8.25381025169316e-28,1.708029626846472e-28,3.5345678144064895e-29,7.314375253375648e-30,1.5136245265724969e-30,3.132269165961198e-31,6.481865189016104e-32,1.341346292494816e-32,2.7757594826847848e-33,5.744110039909241e-34,1.188676481388536e-34,2.4598271404782416e-35,5.090324958701348e-36,1.0533832950611381e-36,2.1798536936568164e-37,4.510952611483624e-38,9.334889548901314e-39,1.9317463603663756e-39,3.997523464247036e-40,8.272407897367432e-41,1.7118781923977259e-41,3.5425319713012456e-42,7.330856145853524e-43,1.517035054773494e-43,3.1393268557224814e-44,6.496470253636886e-45,1.3443686400305105e-45,2.782013877898846e-46,5.757052780289577e-47,1.1913548303386677e-47,2.4653696707986093e-48,5.101794577830213e-49,1.0557567987743752e-49,2.1847653823654425e-50,4.5211167775794685e-51,9.355923103459124e-52,1.936099008809592e-52,4.0065307618096783e-53,8.291047447618384e-54,1.715735429611676e-54,3.550514073189103e-55,7.3473741733986415e-56,1.520453267642919e-56,3.14640044800751e-57,6.511108226673134e-58,1.3473977975784148e-58,2.7882823656377566e-59,5.770024683504081e-60,1.1940392141967053e-60,2.4709246896560144e-61,5.113290040527809e-62,1.0581356505123087e-62,2.1896881381865268e-63,4.531303845771906e-64,9.377004051230877e-65,1.9404614647248786e-65,4.015558354790255e-66,8.309728996866216e-67,1.7196013580274824e-67,3.558514160504059e-68,7.363929419684453e-69,1.523879182496014e-69,3.153489978648152e-70,6.525779182274719e-71,1.3504337804829794e-71,2.794564977655076e-72
Rh118,13122574656.721254,972205318.639358,71801807.09105407,5302088.984380751,391521.3623234001,28911.042921233617,2134.873006025192,157.64504793824403,11.640955254701979,0.8596009897750069,0.0634753630998412,0.0046871999550749,0.0003461160731652152,2.555818767100011e-05,1.8872887093985154e-06,1.3936272471559546e-07,1.0290936910412975e-08,7.599118251327431e-10,5.6114033834204406e-11,4.143618626537623e-12,3.0597649373985635e-13,2.2594167842026e-14,1.6684171200016106e-15,1.2320062884267155e-16,9.097482137569445e-18,6.717837564699919e-19,4.9606408524095683e-20,3.663077207448671e-21,2.704919591429854e-22,1.9973889660919948e-23,1.4749283840105263e-24,1.0891287450216684e-25,8.042434033353102e-27,5.938760268378503e-28,4.385348189242973e-29,3.238264868729488e-30,2.391226171224009e-31,1.7657488913777575e-32,1.3038788153635082e-33,9.628209160744327e-35,7.109741377092364e-36,5.2500336880125925e-37,3.876773044667256e-38,2.8627186286776015e-39,2.1139122286899703e-40,1.5609724496987073e-41,1.1526661115104148e-42,8.51161187938319e-44,6.285214431291319e-45,4.641179720964363e-46,3.427178091975659e-47,2.5307250268854876e-48,1.868758783414291e-49,1.3799442268470856e-50,1.018989762675241e-51,7.524507992684298e-53,5.556309062745164e-54,4.102935425247726e-55,3.0297233133816447e-56,2.2372332011766983e-57,1.6520361362175776e-58,1.2199101076871377e-59,9.008160525135428e-61,6.651879965193251e-62,4.911935899440935e-63,3.6271120955977255e-64,2.678361937811261e-65,1.9777780451348103e-66,1.460447126505169e-67,1.0784353757814211e-68,7.963471176939588e-70,5.880451866668086e-71,4.342291619807105e-72,3.206470682691038e-73,2.3677484469396055e-74,1.7484122771644574e-75,1.2910769701446145e-76,9.533676722638403e-78,7.039935956846673e-79,5.198487395614877e-80,3.838709807591977e-81,2.834611660178871e-82,2.0931572498996457e-83,1.5456463876011072e-84,1.1413489147167008e-85,8.428042504254719e-87,6.223504446153987e-88,4.59561132632464e-89,3.3935291033165174e-90,2.505877663998668e-91,1.850410789402248e-92,1.3663955502410634e-93,1.008985037490891e-94,7.4506302783325716e-96,5.501755673448951e-97,4.0626516629545984e-98,2.9999766463931286e-99,2.2152674227450107e-100,1.6358159854929225e-101,1.2079326906177272e-102,8.919715897160087e-104,6.586569955761641e-105,4.863709145260376e-106,3.5915000992279e-107,2.6520650346297525e-108,1.9583596696594145e-109,1.4461080500176908e-110,1.0678469970174905e-111,7.885283599834204e-113,5.822715953079173e-114,4.2996577917572355e-115,3.174988660822855e-116,2.344501233488599e-117,1.7312458786561446e-118,1.2784008170062088e-119,9.44007243032833e-121,6.970815905651299e-122,5.147447199066785e-123,3.8010202859753905e-124,2.806780653722056e-125,2.0726060492694317e-126,1.5304708010480758e-127
Rh119,671176375.3579818,11668327.995099524,202796.32764020402,3523.8448278889205,61.220745561449895,1.0634599706494323,0.018471262894850363,0.00032080016331091437,5.571123100401027e-06,9.674469751301336e-08,1.679935652090629e-09,2.917044248720658e-11,5.065022001512926e-13,8.79447745010748e-15,1.5269719855346436e-16,2.6512212648175432e-18,4.603159154805064e-20,7.992122007212963e-22,1.3876025983392824e-23,2.409159850834716e-25,4.182771539885841e-27,7.262080972529618e-29,1.260830669702443e-30,2.1890285808796163e-32,3.8005398711434972e-34,6.598398042012173e-36,1.1455952752547321e-37,1.988948357539849e-39,3.4531502273754967e-41,5.995248326761699e-43,1.040875225627072e-44,1.8071325163820284e-46,3.137481660346986e-48,5.447187005789582e-50,9.45721559305844e-52,1.641928443677895e-53,2.850657946880205e-55,4.9492107611748245e-57,8.59264270619122e-59,1.4918237990322136e-60,2.590050827098474e-62,4.4967529144308825e-64,7.807100119471777e-66,1.3554405115611773e-67,2.3532667885923883e-69,4.085656611430887e-71,7.093369017429565e-73,1.2315250222117253e-74,2.1381290948611614e-76,3.712142192303755e-78,6.444886614047487e-80,1.1189378299580458e-81,1.9426592553809506e-83,3.3727744931483864e-85,5.855688652314475e-87,1.0166434074777073e-88,1.7650593771505489e-90,3.064432010797529e-92,5.320355599433607e-94,9.237008223659932e-96,1.603695829754267e-97,2.7842784708523088e-99,4.833963184698473e-101,8.392551358992876e-103,1.4570842930760493e-104,2.529736841548937e-106,4.3920372465566504e-108,7.625295586515727e-110,1.3238761311041177e-111,2.298465666665155e-113,3.9905126290943175e-115,6.928183123708457e-117,1.202845996373445e-118,2.088337541190499e-120,3.6256958072688166e-122,6.294801404135917e-124,1.0928805620556465e-125,1.8974195470563613e-127,3.29423091828517e-129,5.71932409979512e-131,9.92968282117953e-133,1.7239554746035858e-134,2.9930688944713987e-136,5.196457529788557e-138,9.02190086860573e-140,1.5663496683306318e-141,2.7194394166012474e-143,4.7213919663524514e-145,8.197109287977684e-147,1.423152349092195e-148,2.4708254307354644e-150,4.289757391793077e-152,7.447721013199281e-154,1.2930462780144888e-155,2.2449399945614514e-157,3.8975832998948795e-159,6.7668425955342715e-161,1.17483463955641e-162,2.039705240391385e-164,3.541262172224165e-166,6.148210792466577e-168,1.0674300322943602e-169,1.8532332613579367e-171,3.2175162934296648e-173,5.586134953621246e-175,9.698444661738126e-177,1.6838087450039177e-178,2.923367600309132e-180,5.075444673805389e-182,8.811802742198846e-184,1.5298731945235624e-185,2.656110287300506e-187,4.611442231655417e-189,8.00621855107823e-191,1.3900105925130187e-192,2.4132859164057916e-194,4.189859376390315e-196,7.274281706359566e-198,1.262934375355225e-199,2.192660802590936e-201,3.8068180651638734e-203,6.609259290873362e-205
Rh120,861301883.6241283,5272392.967036021,32287.343361808737,197.84487486202391,1.2134832560525348,0.007453990685599214,4.589263476376958e-05,2.8355330151808885e-07,1.7614700724115142e-09,1.1032242809457284e-11,6.993935607366555e-14,4.512443906541058e-16,2.9837822547713775e-18,2.03846443469874e-20,1.450450358070263e-22,1.081448104748339e-24,8.468429883200715e-27,6.948560487122174e-29,5.937950929880862e-31,5.242560144391984e-33,4.7435223830181275e-35,4.367964984884909e-37,4.071157016902137e-39,3.825589116910141e-41,3.614293223973471e-43,3.426755896253154e-45,3.256418161190714e-47,3.0991458736120903e-49,2.9522937540972875e-51,2.814132598544439e-53,2.683498654128939e-55,2.55957890736194e-57,2.4417795212971507e-59,2.3296451458810624e-61,2.2228093574926473e-63,2.1209641496953405e-65,2.023841086583617e-67,1.9311995986444064e-69,1.8428196557796952e-71,1.7584971255341122e-73,1.6780407811939924e-75,1.601270326101705e-77,1.528015046253621e-79,1.458112853576288e-81,1.39140957424515e-83,1.3277583926819853e-85,1.2670193963019118e-87,1.2090591871568844e-89,1.1537505395264963e-91,1.1009720904114132e-93,1.0506080547304956e-95,1.0025479599968697e-97,9.566863970771476e-100,9.129227847659088e-102,8.711611466062231e-104,8.313098988227055e-106,7.932816485080566e-108,7.56993001379512e-110,7.223643785362054e-112,6.893198417254217e-114,6.577869266793972e-116,6.276964841234348e-118,5.9898252808605666e-120,5.715820911659018e-122,5.45435086430267e-124,5.204841756377251e-126,4.966746434929394e-128,4.739542776561801e-130,4.522732542433039e-132,4.315840285644694e-134,4.118412308615726e-136,3.930015668155168e-138,3.750237226049857e-140,3.578682743084315e-142,3.4149760145054346e-144,3.258758045035821e-146,3.1096862616263936e-148,2.9674337622217875e-150,2.8316885988910625e-152,2.702153093751658e-154,2.5785431861864136e-156,2.4605878099221492e-158,2.3480282986037997e-160,2.2406178185605205e-162,2.1381208275199325e-164,2.0403125580834464e-166,1.9469785248299946e-168,1.8579140539672917e-170,1.7729238344991973e-172,1.691821489924895e-174,1.614429169530684e-176,1.540577158378122e-178,1.4701035051332432e-180,1.4028536669207187e-182,1.3386801704241472e-184,1.2774422884893119e-186,1.219005731521199e-188,1.1632423529980587e-190,1.1100298684567165e-192,1.059251587332885e-194,1.0107961570684421e-196,9.645573189245028e-199,9.204336749648215e-201,8.7832846569853e-203,8.381493578946023e-205,7.998082421027354e-207,7.632210394366356e-209,7.2830751719599815e-211,6.949911129228463e-213,6.631987665064168e-215,6.32860759968394e-217,6.039105645771707e-219,5.762846949558555e-221,5.499225698641115e-223,5.247663793485157e-225,5.007609579701342e-227,4.7785366383128544e-229,4.559942631362276e-231,4.351348200326135e-233,4.1522959149213966e-235,3.962349269998816e-237,3.7810917283233515e-239
Rh121,5192709.355096964,52700.88214914412,534.8620131361296,5.428322286644671,0.05509212119011257,0.0005591307326562803,5.6746258711283045e-06,5.759185982193929e-08,5.845006160891466e-10,5.932105184046266e-12,6.020502108285459e-14,6.110216274207413e-16,6.201267310613312e-18,6.293675138801778e-20,6.387459976927537e-22,6.4826423444249755e-24,6.579243066497646e-26,6.677283278674689e-28,6.776784431435107e-30,6.877768294900978e-32,6.98025696360061e-34,7.084272861302652e-36,7.189838745922249e-38,7.296977714500316e-40,7.405713208256989e-42,7.516069017720399e-44,7.628069287931859e-46,7.741738523728636e-48,7.857101595105416e-50,7.974183742655685e-52,8.093010583094169e-54,8.2136081148616e-56,8.336002723812988e-58,8.460221188990634e-60,8.586290688483209e-62,8.714238805372096e-64,8.844093533766388e-66,8.975883284927784e-68,9.109636893486763e-70,9.24538362375138e-72,9.383153176110124e-74,9.522975693530082e-76,9.664881768152055e-78,9.808902447983857e-80,9.955069243693409e-82,1.0103414135503033e-83,1.0253969580186504e-85,1.0406768518170348e-87,1.056184438074095e-89,1.0719231097359093e-91,1.087896310308346e-93,1.1041075346104806e-95,1.1205603295392303e-97,1.137258294845395e-99,1.1542050839212539e-101,1.171404404599901e-103,1.1888600199664923e-105,1.2065757491815811e-107,1.224555468316719e-109,1.2428031112025191e-111,1.2613226702893428e-113,1.280118197520823e-115,1.299193805220395e-117,1.318553666991046e-119,1.3382020186284685e-121,1.3581431590478207e-123,1.3783814512242993e-125,1.3989213231477227e-127,1.4197672687913449e-129,1.4409238490951075e-131,1.462395692963531e-133,1.4841874982784954e-135,1.5063040329270914e-137,1.5287501358448125e-139,1.5515307180742648e-141,1.5746507638396784e-143,1.5981153316374086e-145,1.6219295553427082e-147,1.646098645332974e-149,1.6706278896277442e-151,1.695522655045673e-153,1.7207883883787547e-155,1.7464306175840428e-157,1.7724549529931263e-159,1.798867088539625e-161,1.8256728030049838e-163,1.8528779612828257e-165,1.8804885156621525e-167,1.908510507129653e-169,1.9369500666914353e-171,1.9658134167144428e-173,1.9951068722878617e-175,2.0248368426048115e-177,2.0550098323646415e-179,2.0856324431960997e-181,2.1167113751017297e-183,2.1482534279237725e-185,2.1802655028319299e-187,2.2127546038332887e-189,2.2457278393047423e-191,2.2791924235482497e-193,2.3131556783692826e-195,2.3476250346787733e-197,2.3826080341189447e-199,2.4181123307133717e-201,2.4541456925416142e-203,2.490716003438827e-205,2.5278312647206836e-207,2.5654995969339987e-209,2.6037292416334494e-211,2.6425285631847666e-213,2.681906050594795e-215,2.7218703193688297e-217,2.762430113395617e-219,2.803594306860462e-221,2.8453719061868333e-223,2.8877720520068996e-225,2.930804021161432e-227,2.974477228729512e-229,3.0188012300884815e-231,3.0637857230045858e-233,3.1094405497547805e-235
Rh122,102538.52599411295,167.32941604663677,0.273059644685315,0.000445597500530865,7.271566353504181e-07,1.1866241882061803e-09,1.9364149284801922e-12,3.1599750051525367e-15,5.156664455704185e-18,8.414999569732149e-21,1.3732174813170436e-23,2.2409106921139714e-26,3.656872125757137e-29,5.967535337842646e-32,9.738234421042964e-35,1.5891520413429093e-37,2.5932875522561798e-40,4.231904911378897e-43,6.905913369835062e-46,1.1269544205360493e-48,1.8390416994125654e-51,3.0010746757349206e-54,4.897359974063849e-57,7.991848689899488e-60,1.3041648116638004e-62,2.1282257985335663e-65,3.4729851695396392e-68,5.667455960806985e-71,9.248544263707384e-74,1.5092410349418108e-76,2.4628832782805354e-79,4.019102252058597e-82,6.558647360576439e-85,1.07028516575719e-87,1.7465649135604956e-90,2.8501646989776444e-93,4.65109469921626e-96,7.589976084131997e-99,1.2385844770566149e-101,2.0212072999977706e-104,3.29834502630986e-107,5.382466168905575e-110,8.783478328774259e-113,1.4333483784392103e-115,2.339036423923211e-118,3.817000440881656e-121,6.22884373098119e-124,1.0164655421423518e-126,1.6587383517486194e-129,2.706843277503255e-132,4.417212950578092e-135,7.208311767777012e-138,1.1763018700439264e-140,1.9195702600632052e-143,3.132486717190647e-146,5.111807177640244e-149,8.341798379534504e-152,1.361272007856274e-154,2.2214172472920143e-157,3.625061382359259e-160,5.915624379837626e-163,9.653522550990335e-166,1.5753281760096612e-168,2.570728818440827e-171,4.195092018668776e-174,6.845839560694038e-177,1.1171511633643578e-179,1.8230440704044397e-182,2.974968644912767e-185,4.854758358228081e-188,7.922328444398285e-191,1.2928200200643964e-193,2.1097125876687225e-196,3.4427740393022025e-199,5.6181553615275555e-202,9.168092156480394e-205,1.4961123069915133e-207,2.4414589174360622e-210,3.9841405071483573e-213,6.501594381678175e-216,1.0609748684321483e-218,1.731371730320185e-221,2.8253714180635364e-224,4.610635318929515e-227,7.523951685874324e-230,1.2278101618436963e-232,2.0036250317195668e-235,3.269653072185842e-238,5.335644665648502e-241,8.70707178086971e-244,1.420879832671601e-246,2.318689393750717e-249,3.7837967582263947e-252,6.174659678934044e-255,1.0076234160242051e-257,1.6443091624696045e-260,2.683296734458322e-263,4.378788082857136e-266,7.145607426993094e-269,1.1660693446343394e-271,1.9028721216330987e-274,3.1052375469350103e-277,5.067340108288255e-280,8.269233958739145e-283,1.3494304468042396e-285,2.2020933738824113e-288,3.593527357249777e-291,5.8641649897594785e-294,9.56954758052521e-297,1.5616245630171465e-299,2.5483663206622033e-302,4.158599357414251e-305,6.786288327257568e-308,1.10743318368874e-310,1.8071856031e-313,2.9490897e-316,4.81255e-319,7.86e-322,0.0,0.0,0.0,0.0
Rh123,3035.916514939927,0.002119616021277967,1.4798733942613506e-09,1.0332179229906906e-15,7.2137203123517e-22,5.036474841068391e-28,3.516365720650659e-34,2.455056020640037e-40,1.7140708741085128e-46,1.196729906269582e-52,8.35532818504292e-59,5.833522561275956e-65,4.0728484530186985e-71,2.8435811033579892e-77,1.985331294460888e-83,1.3861184912613073e-89,9.677601300987183e-96,6.756707130834529e-102,4.71739740375678e-108,3.2935922534535905e-114,2.299520053869261e-120,1.605478781595451e-126,1.1209130852397255e-132,7.825990346711661e-139,5.4639494991465505e-145,3.814819953332586e-151,2.663430779991203e-157,1.859553951847039e-163,1.2983032732847512e-169,9.064493061616474e-176,6.328647254829217e-182,4.4185345836554574e-188,3.0849322265609796e-194,2.15383780805473e-200,1.5037663594242024e-206,1.0498995120613356e-212,7.330187821522366e-219,5.1177901200563446e-225,3.5731384175510377e-231,2.494693578961886e-237,1.7417450223434484e-243,1.2160514415243646e-249,8.490227268993971e-256,5.927706396105159e-262,4.13860571751097e-268,2.889491506574721e-274,2.0173850171909542e-280,1.4084977575902436e-286,9.833848850028234e-293,6.865796035816952e-299,4.793561089288496e-305,3.346768211125e-311,2.3366464e-317,1.5e-323,0.0,0.0,0.0,0.0,0.0,0.0,0.0,0.0,0.0,0.0,0.0,0.0,0.0,0.0,0.0,0.0,0.0,0.0,0.0,0.0,0.0,0.0,0.0,0.0,0.0,0.0,0.0,0.0,0.0,0.0,0.0,0.0,0.0,0.0,0.0,0.0,0.0,0.0,0.0,0.0,0.0,0.0,0.0,0.0,0.0,0.0,0.0,0.0,0.0,0.0,0.0,0.0,0.0,0.0,0.0,0.0,0.0,0.0,0.0,0.0,0.0,0.0,0.0,0.0,0.0,0.0,0.0,0.0
Ru114,624953262147.1152,165580453697.0862,43669879275.3076,11515452773.601282,3036527982.990404,800706684.046682,211139561.95858562,55675711.83999093,14681213.03320453,3871311.3672561594,1020831.9754198955,269184.7343651633,70981.7315287744,18717.280616619755,4935.5881595995,1301.4727395575096,343.18732378772387,90.49558675245358,23.862918744447512,6.292449294370315,1.6592655134206724,0.4375342438580071,0.11537406943011873,0.03042316363513187,0.00802233023539679,0.002115420446657389,0.0005578184311574672,0.0001470919895052775,3.8786910163090326e-05,1.0227779262892226e-05,2.6969786510602994e-06,7.111703975334094e-07,1.87529602479052e-07,4.9449965757748145e-08,1.3039536591112968e-08,3.4384152123367763e-09,9.066809307078185e-10,2.3908407197585355e-10,6.304444213680673e-11,1.6624284719153475e-11,4.3836828918838284e-12,1.1559400011030072e-12,3.0481157490290235e-13,8.037622723163156e-14,2.119452945987633e-14,5.588817670317109e-15,1.4737238215729197e-15,3.8860847327450196e-16,1.0247275866081744e-16,2.7021197399730297e-17,7.125260590787409e-18,1.8788707893135335e-18,4.954422926650534e-19,1.3064393078934767e-19,3.4449696573705057e-20,9.08409282275753e-21,2.3953982362637637e-21,6.316461998187475e-22,1.6655974597684076e-22,4.392039244094307e-23,1.158143500311694e-23,3.0539261895662165e-24,8.052944362083265e-25,2.1234931322298947e-25,5.599471298794619e-26,1.4765330930502998e-26,3.8934925433799376e-27,1.0266809634478524e-27,2.707270629035723e-28,7.138843048405026e-29,1.8824523681961142e-29,4.963867246414501e-30,1.3089296949190958e-30,3.4515365967503378e-31,9.101409284967926e-32,2.3999644404898144e-32,6.328502691477284e-33,1.66877248847326e-33,4.40041152551864e-34,1.1603511999189796e-34,3.0597477061982866e-35,8.068295207726215e-36,2.1275410200372643e-36,5.610145235646167e-37,1.4793477196736802e-37,3.900914475080704e-38,1.0286380638928345e-38,2.712431336929809e-39,7.15245139744831e-40,1.8860407744280586e-40,4.973329569319729e-41,1.311424829220383e-41,3.458116054293493e-42,9.118758756513358e-43,2.4045393489975682e-43,6.340566337219749e-44,1.6719535695452203e-44,4.408799766521744e-45,1.1625631079318362e-45,3.0655803200389338e-46,8.083675315767051e-47,2.1315966240907906e-47,5.620839519584424e-48,1.482167711651262e-48,3.908350554765457e-49,1.0305988950412073e-49,2.7176018823723394e-50,7.166085687272533e-51,1.8896360210239347e-51,4.982809929684512e-52,1.3139247198467815e-52,3.4647080538625965e-53,9.136141300317532e-54,2.409122978379464e-54,6.352652979167721e-55,1.6751407145215482e-55,4.417203997526393e-56,1.1647792323724918e-56,3.071424052242096e-57,8.09908474198689e-58,2.1356599590994705e-58,5.631554189395759e-59
Ru115,93066868744.47491,36486677224.13404,14300033398.764048,5604537254.611989,2196556956.325877,860885072.7886884,337402181.3620723,132236271.23550773,51826669.761526376,20312155.458366197,7960836.790464941,3120049.102337745,1222824.516721442,479255.21350758616,187831.9877736994,73616.0079987543,28851.93676490221,11307.7885872323,4431.802404651305,1736.9331237806946,680.7471094199059,266.8016520836803,104.56617526476089,40.982073851893915,16.06188973584936,6.295052388488641,2.467186939116477,0.9669516656728484,0.3789723060394955,0.148528632653997,0.058212049710479025,0.022814744005549784,0.008941663223122509,0.0035044592731916105,0.0013734843832744967,0.0005383025465668696,0.00021097410001090982,8.268597493971595e-05,3.24066814427827e-05,1.2700981066011052e-05,4.977829041952013e-06,1.950934486250918e-06,7.646195434929176e-07,2.9967333624555344e-07,1.1744940241299538e-07,4.603132964711475e-08,1.8040818135715752e-08,7.0706434400460805e-09,2.7711602811012497e-09,1.086086346832265e-09,4.256641381662319e-10,1.6682831806998458e-10,6.538414964896814e-11,2.5625667601139864e-11,1.0043333797711513e-11,3.936231256186574e-12,1.5427065170044044e-12,6.046248918600258e-13,2.369674697210759e-13,9.287342030074561e-14,3.639939358981054e-14,1.4265823842984958e-14,5.591129682337586e-15,2.191302196689358e-15,8.588256023437529e-16,3.365950238882865e-16,1.319199262308535e-16,5.1702686319360784e-17,2.0263563276713055e-17,7.941792311004042e-18,3.112585099166916e-18,1.2198991890196e-18,4.781087051303374e-19,1.8738264274535482e-19,7.343989855332442e-20,2.878291511157743e-20,1.1280737291851418e-20,4.4212003320185306e-21,1.732777908936896e-21,6.791185778114017e-22,2.661633902128523e-22,1.0431602462990311e-22,4.0884033622671775e-23,1.6023465341878105e-23,6.279992916843466e-24,2.4612847592043752e-24,9.646384551874061e-25,3.7806570155951548e-25,1.48173311904635e-25,5.807279070865944e-26,2.2760164953742054e-26,8.920272340972643e-27,3.4960756566941756e-27,1.3701986363341135e-27,5.370147809636193e-28,2.1046939277721122e-28,8.248816767486524e-29,3.232915587664214e-29,1.2670596876583285e-29,4.965920725597268e-30,1.946267322141049e-30,7.627903662877146e-31,2.9895643639603675e-31,1.1716843160668134e-31,4.592121022938301e-32,1.7997659608605218e-32,7.053728544374464e-33,2.764530914560342e-33,1.0834881338969361e-33,4.246458341675529e-34,1.6642921951280886e-34,6.522773304003177e-35,2.55643640581647e-35,1.0019307420929253e-35,3.9268147240700405e-36,1.539015944850919e-36,6.031784652295514e-37,2.3640057930128806e-37,9.26512419051903e-38,3.631231637395284e-38,1.4231696125469596e-38,5.5777541846102376e-39
Ru116,8884123487.20019,297262450.7044438,9942713.93452794,332558.2601593672,11123.219466657825,372.0431154982774,12.443886430805568,0.416216032637429,0.013921357028426886,0.00046563362849060637,1.5574248655400507e-05,5.20918607117179e-07,1.7423389162777152e-08,5.827676066278279e-10,1.9492079305688554e-11,6.519599774218294e-13,2.1806386352831303e-14,7.293676026700001e-16,2.439547255639229e-17,8.159658847898643e-19,2.729196262141878e-20,9.128460363520488e-22,3.053235480506193e-23,1.021228830293858e-24,3.415748082589618e-26,1.1424799827045014e-27,3.8213020378566916e-29,1.278127362018257e-30,4.275007673709079e-32,1.4298802414661431e-33,4.7825820699904854e-35,1.599650837383506e-36,5.350421099092277e-38,1.7895784047746358e-39,5.985680019426997e-41,2.0020561937591947e-42,6.696363637816469e-44,2.239761606574769e-45,7.491427176918018e-47,2.5056899351396404e-48,8.380889118704711e-50,2.8031921042979556e-51,9.375957445924144e-53,3.136016896344551e-54,1.0489170872286496e-55,3.508358188894636e-57,1.1734556841003151e-58,3.9249078013359416e-60,1.3127808282592812e-61,4.3909146157739636e-63,1.4686481359255119e-64,4.91225071744487e-66,1.643021668756026e-67,5.495485388021899e-69,1.8380986827049962e-70,6.147967884194437e-72,2.0563373153318636e-73,6.877920044600746e-75,2.3004875604412313e-76,7.694539892040947e-78,2.5736259203615904e-79,8.608117536447222e-81,2.879194172511258e-82,9.630164839087665e-84,3.2210427387435174e-85,1.0773560471884145e-86,3.6034792039618024e-88,1.2052712199715621e-89,4.0313225953811743e-91,1.3483738430603403e-92,4.5099641064011704e-94,1.508467132146578e-95,5.045435030262999e-97,1.6875683998749123e-98,5.64448275951325e-100,1.887934475710962e-101,6.314655808932603e-103,2.112090143926743e-104,7.064398933291255e-106,2.3628599580462598e-107,7.903159538496274e-109,2.6434038326405895e-110,8.841506727002599e-112,2.9572568609595766e-113,9.891264477561842e-115,3.308373860136397e-116,1.106566063748786e-117,3.701179205272766e-119,1.237949360486935e-120,4.1406225803569776e-122,1.3849318801068209e-123,4.6322413485241025e-125,1.5493657283216936e-126,5.182230327577074e-128,1.733322912541123e-129,5.797519850000071e-131,1.9391214509401134e-132,6.485863091087199e-134,2.1693545814746598e-135,7.255933765595772e-137,2.426923438902455e-138,8.117435423985721e-140,2.7150736115671367e-141,9.081223725471517e-143,3.037436038592932e-144,1.0159443228631709e-145,3.398072762829398e-147,1.1365680423255018e-148,3.8015281160725327e-150,1.2715134931755535e-151,4.252885981539986e-153,1.4224811037441423e-154,4.75783385515653e-156,1.5913731953057493e-157,5.322734512876997e-159,1.78031795295689e-160,5.954706187116296e-162,1.9916962425722215e-163,6.661712262578224e-165,2.2281716117549924e-166,7.452661621727532e-168,2.4927238528195478e-169
Ru117,908081621.4637557,6891978.51499513,52289.48551212605,396.7206636620915,3.009922232640348,0.02283629938232609,0.00017325915062654698,1.3145182927083698e-06,9.973258760742e-09,7.566717850976597e-11,5.740873711375372e-13,4.355604585640413e-15,3.304600006939841e-17,2.507202155555896e-19,1.9022158916731404e-21,1.4432124232645152e-23,1.094966195889049e-25,8.307515586844337e-28,6.3029174311290595e-30,4.782027518135662e-32,3.6281273607149782e-34,2.7526625674250665e-36,2.088446864392868e-38,1.5845059823196567e-40,1.202165710228234e-42,9.120838993190999e-45,6.919986423828348e-47,5.250198160686451e-49,3.98332872902167e-51,3.022154074537794e-53,2.2929102445653833e-55,1.7396324806626375e-57,1.3198602845224219e-59,1.0013788487072042e-61,7.597467780470448e-64,5.764203702705119e-66,4.373305065101834e-68,3.31802937211773e-70,2.517391023573522e-72,1.9099461924063047e-74,1.4490774074140573e-76,1.0994159631441332e-78,8.341275999693822e-81,6.328531478121415e-83,4.8014609121007034e-85,3.642871489243879e-87,2.7638489472446607e-89,2.0969339779732267e-91,1.5909451608642407e-93,1.2070511191409868e-95,9.157904622105548e-98,6.948108140379947e-100,5.271534125162644e-102,3.999516339023861e-104,3.0344356246816987e-106,2.3022282645767916e-108,1.7467020684521013e-110,1.3252239853356571e-112,1.0054482919718835e-114,7.628342672752985e-117,5.787628503383199e-119,4.3910774764769495e-121,3.331513312084905e-123,2.5276212975189587e-125,1.9177079078435946e-127,1.4549662259198746e-129,1.1038838135406894e-131,8.375173609454228e-134,6.3542496164985256e-136,4.8209732802664623e-138,3.657675535549772e-140,2.775080786720283e-142,2.1054555818239183e-144,1.5974105071991627e-146,1.2119563815731398e-148,9.195120879799778e-151,6.9763441390838e-153,5.292956795581425e-155,4.015769732880588e-157,3.0467670850784546e-159,2.3115841515292125e-161,1.7538003859141175e-163,1.3306094833699757e-165,1.00953427280225e-167,7.659343035653014e-170,5.811148498699641e-172,4.4089221120855605e-174,3.345052048624598e-176,2.537893145659288e-178,1.9255011656493477e-180,1.4608789756409764e-182,1.108369820565708e-184,8.409208973671822e-187,6.38007226927111e-189,4.8405649435714424e-191,3.672539743128908e-193,2.786358270592695e-195,2.1140118161078823e-197,1.6039021276661314e-199,1.2168815782062138e-201,9.232488378404897e-204,7.004694884364239e-206,5.314466524301835e-208,4.032089177926885e-210,3.059148658555314e-212,2.320978059307814e-214,1.760927549801471e-216,1.336016867205795e-218,1.0136368584043234e-220,7.690469379063013e-223,5.834764075510221e-225,4.426839265435384e-227,3.358645804421298e-229,2.5482067369453802e-231,1.9333260940066994e-233,1.4668157538299921e-235,1.1128740580048223e-237,8.443382652158674e-240,6.40599986116894e-242,4.8602362242583934e-244,3.6874643564670725e-246,2.7976815843534214e-248
Ru118,24921148.303945187,88956.08026425228,317.5245761086342,1.1333890344955884,0.00404557882802952,1.4440503265486045e-05,5.15446969209276e-08,1.8398637026871354e-10,6.567306913567741e-13,2.3441693009109128e-15,8.367402016769591e-18,2.9867047778090735e-20,1.066090216761385e-22,3.8053588647889855e-25,1.358304941003808e-27,4.848405573064574e-30,1.7306155555579127e-32,6.177350792965796e-35,2.2049762985663946e-37,7.870559144505558e-40,2.809359052405018e-42,1.0027874945631757e-44,3.579402776556587e-47,1.2776509785258245e-49,4.5605150491009295e-52,1.6278543876727172e-54,5.810549639536277e-57,2.074048352800409e-59,7.403218002793611e-62,2.6425438309037205e-64,9.432435861826917e-67,3.366863597378873e-69,1.2017861186028191e-71,4.289719001360253e-74,1.5311950126387528e-76,5.465528548574719e-79,1.950894697848185e-81,6.963626826328942e-84,2.485633828922409e-86,8.872352993017243e-89,3.1669446527781093e-91,1.1304259920286478e-93,4.035002387341962e-96,1.4402751158116268e-98,5.140994255006353e-101,1.835053708826632e-103,6.550137866812724e-106,2.338040890459154e-108,8.345526944029011e-111,2.978896573525559e-113,1.063303114983204e-115,3.7954104361363997e-118,1.3547538962077281e-120,4.83573028575627e-123,1.7260911713956684e-125,6.16120121658959e-128,2.1992117832693255e-130,7.849982978396884e-133,2.802014486731871e-135,1.0001658864053561e-137,3.570045069594726e-140,1.2743107890576565e-142,4.5485923999639915e-145,1.6235986541642677e-147,5.795358999027683e-150,2.0686261251490927e-152,7.383863616330394e-155,2.6356353737260435e-157,9.407776449002603e-160,3.3580615360039383e-162,1.1986442642123645e-164,4.2785042999507285e-167,1.5271919777404166e-169,5.451239903864404e-172,1.945794433352804e-174,6.945421672201157e-177,2.4791355848192525e-179,8.849157816460208e-182,3.1586652436489463e-184,1.1274706958980276e-186,4.024453596862583e-189,1.4365097746864208e-191,5.127554047034757e-194,1.8302562898328907e-196,6.5330137054529085e-199,2.3319285016380078e-201,8.323709059745037e-204,2.971108782392539e-206,1.0605232995830432e-208,3.7854880158673054e-211,1.3512121349817544e-213,4.823088135714627e-216,1.7215786154248301e-218,6.145093860386057e-221,2.193462338264226e-223,7.829460604986275e-226,2.794689122109183e-228,9.975511319721487e-231,3.560711826680371e-233,1.2709793319161353e-235,4.536700920456132e-238,1.6193540465082524e-240,5.780208071725825e-243,2.0632180729400547e-245,7.364559828441405e-248,2.6287449774713517e-250,9.383181503793018e-253,3.349282486040735e-255,1.1955106236370483e-257,4.267318917367847e-260,1.5231994080592948e-262,5.436988614254509e-265,1.9407075025847452e-267,6.927264112185649e-270,2.472654329210526e-272,8.826023279534657e-275,3.1504074795509066e-277,1.1245231258594167e-279,4.013932384305089e-282,1.432754277370667e-284,5.1141489760778077e-287,1.8254714128311936e-289
Ru119,236288.12884928094,3275.1564716647285,45.396482532262425,0.6292342500676015,0.008721727309527843,0.00012089063374028248,1.6756480462490295e-06,2.3225921546001375e-08,3.2193122706678507e-10,4.462243392816798e-12,6.185052713947029e-14,8.573014447370847e-16,1.188293457048437e-17,1.647076823132109e-19,2.282989984677143e-21,3.16442026075313e-23,4.386158351054264e-25,6.07959230925425e-27,8.426837265886515e-29,1.1680320438204574e-30,1.6189927636485206e-32,2.244063065404375e-34,3.110464206253455e-36,4.3113706239091485e-38,5.975930094079379e-40,8.283152529564602e-42,1.1481161049057112e-43,1.591387561244334e-45,2.205799883184437e-47,3.057428148333653e-49,4.237858091064798e-51,5.874035407763073e-53,8.141917740097047e-55,1.1285397496735833e-56,1.564253050999424e-58,2.1681891207365447e-60,3.005296400270243e-62,4.1655990093747564e-64,5.773878112436304e-66,8.003091123808116e-68,1.1092971879337159e-69,1.5375812072124952e-71,2.131219653749184e-73,2.9540535428117177e-75,4.094572006431694e-77,5.675428584106294e-79,7.866631619298662e-81,1.0903827282234112e-82,1.5113641410272713e-84,2.0948805475897838e-86,2.903684419617898e-88,4.024756074245977e-90,5.578657703894526e-92,7.732498865301349e-94,1.071790776124255e-95,1.4855940980991858e-97,2.0591610540705683e-99,2.8541741327770906e-101,3.9561305630320495e-103,5.483536849424106e-105,7.600653188742715e-107,1.053515832607416e-108,1.4602634563018298e-110,2.0240506082694796e-112,2.8055080383996555e-114,3.8886751751007417e-116,5.390037886353985e-118,7.471055593008921e-120,1.0355524924071784e-121,1.4353647234725358e-123,1.9895388254053783e-125,2.7576717422867263e-127,3.8223699588557646e-129,5.29813316005757e-131,7.343667746411571e-133,1.0178954424222045e-134,1.4108905351963716e-136,1.955615497766455e-138,2.7106510956727365e-140,3.757195302892451e-142,5.207795487443072e-144,7.218451970850011e-146,1.0005394601440373e-147,1.3868336526279317e-149,1.9222705916910587e-151,2.6644321910406114e-153,3.6931319301972816e-155,5.1189981489136034e-157,7.095371230667378e-159,9.834794121124416e-161,1.3631869603502873e-162,1.889494244600005e-164,2.6190013580082535e-166,3.630160892446181e-168,5.031714880464039e-170,6.974389121696096e-172,9.6671025239703e-174,1.3399434642704063e-175,1.8572767620794632e-177,2.5743451592852083e-179,3.5682635644001253e-181,4.945919865912927e-183,6.855469860490696e-185,9.502270211048278e-187,1.3170962895504943e-188,1.825608615013598e-190,2.530450386698239e-192,3.507421638396232e-194,4.861587729266613e-196,6.738578273743783e-198,9.340248429132388e-200,1.2946386785745768e-201,1.7944804367660885e-203,2.487304057284674e-205,3.447617118932814e-207,4.7786935272136777e-209,6.623679787882774e-211,9.180989256280675e-213,1.2725639889497773e-214,1.7638830204097358e-216,2.444893409452404e-218,3.3888323173468026e-220
Ru120,109255.03782165541,1042.5716958193332,9.948792866631138,0.09493685652510038,0.0009059397303463489,8.644975461169002e-06,8.249511332905357e-08,7.872137698645506e-10,7.512027009315069e-12,7.16838957204581e-14,6.840471818444692e-16,6.527554652080924e-18,6.228951871567136e-20,5.944008665776656e-22,5.672100177897029e-24,5.412630135170868e-26,5.165029541319157e-28,4.9287554287796196e-30,4.703289668023892e-32,4.48813783134245e-34,4.282828108605661e-36,4.086910272623305e-38,3.8999546918336954e-40,3.72155138815732e-42,3.5513091379488957e-44,3.3888546140763892e-46,3.23383156724558e-48,3.0859000447749166e-50,2.9447356451074776e-52,2.8100288064252706e-54,2.6814841278058536e-56,2.5588197214326093e-58,2.441766594438154e-60,2.3300680590252834e-62,2.22347916957194e-64,2.1217661854857772e-66,2.0247060586304307e-68,1.9320859441994585e-70,1.84370273396534e-72,1.7593626108799795e-74,1.678880624049998e-76,1.6020802831547692e-78,1.5287931714177845e-80,1.458858576282636e-82,1.3921231369837091e-84,1.3284405082387477e-86,1.2676710393257947e-88,1.2096814678407353e-90,1.1543446274639056e-92,1.101539169094899e-94,1.0511492947440614e-96,1.0030645035971005e-98,9.57179349695969e-101,9.13393210704627e-103,8.716100672526038e-105,8.317382923724854e-107,7.936904505695773e-109,7.573831060831144e-111,7.227366399185626e-113,6.896750752497659e-115,6.581259108080735e-117,6.280199618930676e-119,5.992912086562564e-121,5.718766513250242e-123,5.457161720493537e-125,5.207524030683727e-127,4.969306009076076e-129,4.7419852633109e-131,4.525063297850428e-133,4.3180644208194594e-135,4.120534700852535e-137,3.932040971660108e-139,3.752169882130809e-141,3.580526989886749e-143,3.4167358963040985e-145,3.260437421102144e-147,3.111288814690718e-149,2.9689630065487784e-151,2.8331478879859e-153,2.703545627713801e-155,2.5798720187270296e-157,2.4618558550605914e-159,2.3492383370577527e-161,2.2417725038438682e-163,2.1392226917616774e-165,2.0413640175804374e-167,1.9479818853456662e-169,1.858871515788012e-171,1.773837497259309e-173,1.6926933572110297e-175,1.6152611532754714e-177,1.5413710830528953e-179,1.4708611117489535e-181,1.4035766168458238e-183,1.3393700490278604e-185,1.27810060861818e-187,1.2196339368166518e-189,1.1638418210621966e-191,1.110601913873274e-193,1.059797464550008e-195,1.011317063149583e-197,9.650543961734837e-200,9.209080134308148e-202,8.787811055664418e-204,8.38581291766113e-206,8.002204171729942e-208,7.636143595713799e-210,7.286828449136539e-212,6.9534927128596345e-214,6.635405409265729e-216,6.331868999285409e-218,6.042217852751854e-220,5.765816788729119e-222,5.502059682613014e-224,5.250368136950156e-226,5.010190213060305e-228,4.780999220680666e-230,4.5622925629777856e-232,4.353590634394429e-234,4.154435768914363e-236,3.9643912364387446e-238,3.783040285073256e-240
S41,0.0,0.0,0.0,0.0,0.0,0.0,0.0,0.0,0.0,0.0,0.0,0.0,0.0,0.0,0.0,0.0,0.0,0.0,0.0,0.0,0.0,0.0,0.0,0.0,0.0,0.0,0.0,0.0,0.0,0.0,0.0,0.0,0.0,0.0,0.0,0.0,0.0,0.0,0.0,0.0,0.0,0.0,0.0,0.0,0.0,0.0,0.0,0.0,0.0,0.0,0.0,0.0,0.0,0.0,0.0,0.0,0.0,0.0,0.0,0.0,0.0,0.0,0.0,0.0,0.0,0.0,0.0,0.0,0.0,0.0,0.0,0.0,0.0,0.0,0.0,0.0,0.0,0.0,0.0,0.0,0.0,0.0,0.0,0.0,0.0,0.0,0.0,0.0,0.0,0.0,0.0,0.0,0.0,0.0,0.0,0.0,0.0,0.0,0.0,0.0,0.0,0.0,0.0,0.0,0.0,0.0,0.0,0.0,0.0,0.0,0.0,0.0,0.0,0.0,0.0,0.0,0.0,0.0,0.0,0.0,0.0,0.0
S42,0.0,0.0,0.0,0.0,0.0,0.0,0.0,0.0,0.0,0.0,0.0,0.0,0.0,0.0,0.0,0.0,0.0,0.0,0.0,0.0,0.0,0.0,0.0,0.0,0.0,0.0,0.0,0.0,0.0,0.0,0.0,0.0,0.0,0.0,0.0,0.0,0.0,0.0,0.0,0.0,0.0,0.0,0.0,0.0,0.0,0.0,0.0,0.0,0.0,0.0,0.0,0.0,0.0,0.0,0.0,0.0,0.0,0.0,0.0,0.0,0.0,0.0,0.0,0.0,0.0,0.0,0.0,0.0,0.0,0.0,0.0,0.0,0.0,0.0,0.0,0.0,0.0,0.0,0.0,0.0,0.0,0.0,0.0,0.0,0.0,0.0,0.0,0.0,0.0,0.0,0.0,0.0,0.0,0.0,0.0,0.0,0.0,0.0,0.0,0.0,0.0,0.0,0.0,0.0,0.0,0.0,0.0,0.0,0.0,0.0,0.0,0.0,0.0,0.0,0.0,0.0,0.0,0.0,0.0,0.0,0.0,0.0
S43,0.0,0.0,0.0,0.0,0.0,0.0,0.0,0.0,0.0,0.0,0.0,0.0,0.0,0.0,0.0,0.0,0.0,0.0,0.0,0.0,0.0,0.0,0.0,0.0,0.0,0.0,0.0,0.0,0.0,0.0,0.0,0.0,0.0,0.0,0.0,0.0,0.0,0.0,0.0,0.0,0.0,0.0,0.0,0.0,0.0,0.0,0.0,0.0,0.0,0.0,0.0,0.0,0.0,0.0,0.0,0.0,0.0,0.0,0.0,0.0,0.0,0.0,0.0,0.0,0.0,0.0,0.0,0.0,0.0,0.0,0.0,0.0,0.0,0.0,0.0,0.0,0.0,0.0,0.0,0.0,0.0,0.0,0.0,0.0,0.0,0.0,0.0,0.0,0.0,0.0,0.0,0.0,0.0,0.0,0.0,0.0,0.0,0.0,0.0,0.0,0.0,0.0,0.0,0.0,0.0,0.0,0.0,0.0,0.0,0.0,0.0,0.0,0.0,0.0,0.0,0.0,0.0,0.0,0.0,0.0,0.0,0.0
S44,0.0,0.0,0.0,0.0,0.0,0.0,0.0,0.0,0.0,0.0,0.0,0.0,0.0,0.0,0.0,0.0,0.0,0.0,0.0,0.0,0.0,0.0,0.0,0.0,0.0,0.0,0.0,0.0,0.0,0.0,0.0,0.0,0.0,0.0,0.0,0.0,0.0,0.0,0.0,0.0,0.0,0.0,0.0,0.0,0.0,0.0,0.0,0.0,0.0,0.0,0.0,0.0,0.0,0.0,0.0,0.0,0.0,0.0,0.0,0.0,0.0,0.0,0.0,0.0,0.0,0.0,0.0,0.0,0.0,0.0,0.0,0.0,0.0,0.0,0.0,0.0,0.0,0.0,0.0,0.0,0.0,0.0,0.0,0.0,0.0,0.0,0.0,0.0,0.0,0.0,0.0,0.0,0.0,0.0,0.0,0.0,0.0,0.0,0.0,0.0,0.0,0.0,0.0,0.0,0.0,0.0,0.0,0.0,0.0,0.0,0.0,0.0,0.0,0.0,0.0,0.0,0.0,0.0,0.0,0.0,0.0,0.0
S45,0.0,0.0,0.0,0.0,0.0,0.0,0.0,0.0,0.0,0.0,0.0,0.0,0.0,0.0,0.0,0.0,0.0,0.0,0.0,0.0,0.0,0.0,0.0,0.0,0.0,0.0,0.0,0.0,0.0,0.0,0.0,0.0,0.0,0.0,0.0,0.0,0.0,0.0,0.0,0.0,0.0,0.0,0.0,0.0,0.0,0.0,0.0,0.0,0.0,0.0,0.0,0.0,0.0,0.0,0.0,0.0,0.0,0.0,0.0,0.0,0.0,0.0,0.0,0.0,0.0,0.0,0.0,0.0,0.0,0.0,0.0,0.0,0.0,0.0,0.0,0.0,0.0,0.0,0.0,0.0,0.0,0.0,0.0,0.0,0.0,0.0,0.0,0.0,0.0,0.0,0.0,0.0,0.0,0.0,0.0,0.0,0.0,0.0,0.0,0.0,0.0,0.0,0.0,0.0,0.0,0.0,0.0,0.0,0.0,0.0,0.0,0.0,0.0,0.0,0.0,0.0,0.0,0.0,0.0,0.0,0.0,0.0
S46,0.0,0.0,0.0,0.0,0.0,0.0,0.0,0.0,0.0,0.0,0.0,0.0,0.0,0.0,0.0,0.0,0.0,0.0,0.0,0.0,0.0,0.0,0.0,0.0,0.0,0.0,0.0,0.0,0.0,0.0,0.0,0.0,0.0,0.0,0.0,0.0,0.0,0.0,0.0,0.0,0.0,0.0,0.0,0.0,0.0,0.0,0.0,0.0,0.0,0.0,0.0,0.0,0.0,0.0,0.0,0.0,0.0,0.0,0.0,0.0,0.0,0.0,0.0,0.0,0.0,0.0,0.0,0.0,0.0,0.0,0.0,0.0,0.0,0.0,0.0,0.0,0.0,0.0,0.0,0.0,0.0,0.0,0.0,0.0,0.0,0.0,0.0,0.0,0.0,0.0,0.0,0.0,0.0,0.0,0.0,0.0,0.0,0.0,0.0,0.0,0.0,0.0,0.0,0.0,0.0,0.0,0.0,0.0,0.0,0.0,0.0,0.0,0.0,0.0,0.0,0.0,0.0,0.0,0.0,0.0,0.0,0.0
Sb134,129798235812927.69,55095665588112.01,23521229888833.0,10112808616018.32,4384432896300.6626,1919207315969.4604,849161160191.6389,380136599585.9452,172302362313.28082,79111315408.31618,36798673075.58309,17337048826.11559,8268648367.086853,3988996407.5612288,1944614326.585825,956899167.0245258,474751923.86449707,237218909.55327657,119249499.29838361,60252083.05734121,30572188.878438633,15566803.3415991,7949088.139145332,4068647.358066097,2086441.350881207,1071587.9130020288,551043.191409519,283644.5468475588,146119.7486906578,75321.71883247164,38846.59252551456,20042.990957668964,10344.591477936501,5340.437235270007,2757.592657355273,1424.1476176670435,735.5919117618391,379.98313448000016,196.30342742894857,101.41921776230421,52.40051671533011,27.075042247870908,13.989985082852476,7.228978426628955,3.735474821307742,1.930287622765073,0.9974797093576854,0.5154549979958107,0.2663674377017052,0.13764944034561835,0.07113283298004917,0.03675933296141447,0.01899619501511439,0.009816728843988237,0.005073035583525554,0.0026216201604366395,0.0013547907457769838,0.0007001242930716219,0.00036180823612963546,0.00018697435754423038,9.662419494360088e-05,4.993325952772725e-05,2.5804419625884346e-05,1.3335165026309406e-05,6.891325901973443e-06,3.56128933515278e-06,1.8403981575697364e-06,9.510785096634994e-07,4.914971293067837e-07,2.539952723097094e-07,1.3125936675365178e-07,6.783205832363289e-08,3.5054171086717713e-08,1.8115253693841574e-08,9.361579907808168e-09,4.8378665521776064e-09,2.500107176196979e-09,1.2920025584576557e-09,6.676796266648891e-10,3.450427277601709e-10,1.7831079443089723e-10,9.214725306797343e-11,4.761975462893292e-11,2.460888373668484e-11,1.2717351545860002e-11,6.5720587883772245e-12,3.396301236492755e-12,1.7551367803687587e-12,9.070176365729528e-13,4.687275674769513e-13,2.422285121928773e-13,1.25178581797471e-13,6.468964864912275e-14,3.343024488274981e-14,1.72760448776154e-14,8.927895315011122e-15,4.613747841715859e-15,2.3842874942351102e-15,1.2321494478509475e-15,6.367488256438587e-16,3.2905835220705544e-16,1.700504104625536e-16,8.7878462605816e-17,4.541373448722787e-17,2.3468859365190294e-17,1.2128211126709055e-17,6.267603501617019e-18,3.2389651897993922e-18,1.6738288403414033e-18,8.649994126529132e-19,4.470134376115473e-19,2.310071087717877e-19,1.1937959759875504e-19,6.169285611449595e-20,3.188156579623716e-20,1.647572023145331e-20,8.514304437882106e-21,4.400012809311454e-21,2.2738337421887223e-21,1.1750692807480734e-21,6.072510003433804e-22,3.1381449882126003e-22
Sb134_m1,129926501678461.1,121284136826252.78,113216639066391.38,105685769770964.66,98655833843746.67,92093510531243.88,85967695487740.36,80249353345755.69,74911380093122.7,69928474604376.36,65277018717531.8,60934965287835.99,56881733687885.805,53098112258799.41,49566167250076.6,46269157816536.61,43191456669433.33,40318476005647.28,37636598363870.0,35133112080051.203,32796151036177.727,30614638416803.008,28578234206742.56,26677286181082.957,24902784155204.78,23246317277972.23,21700034165666.03,20256605687700.953,18909190227738.242,17651401255536.465,16477277055836.236,15381252470799.146,14358132522064.225,13403067787395.035,12511531415206.623,11679297668024.87,10902421893177.86,10177221825783.402,9500260135412.127,8868328133700.023,8278430565687.191,7727771412796.2705,7213740640158.899,6733901825474.715,6285980610765.745,5867853922289.293,5477539907513.566,5113188541458.803,4773072857879.65,4455580763725.879,4159207398083.392,3882547999378.1377,3624291247034.5957,3383213046029.431,3158170724880.0684,2948097619567.6245,2751998017722.8545,2568942439111.3853,2398063230048.508,2238550450861.749,2089648036908.5098,1950650214952.5427,1820898157913.5662,1699776862133.9863,1586712232361.5461,1481168360631.1536,1382644986148.242,1290675124133.9353,1204822852393.104,1124681245114.0276,1049870444106.1942,980035858334.2305,914846483214.0386,853993331704.8724,797187969760.9978,744161149201.2021,694661531516.1864,648454496564.8875,605321030513.1509,565056687743.7603,527470621817.44745,492384680891.7923,459632563310.4534,429059029360.3495,400519165460.65674,373877697295.992,349008348638.1491,325793242817.3048,304122344005.76556,283892935666.03235,265009133691.111,247381431929.4318,230926277940.2415,215565676968.61633,201226822263.0033,187841749983.05246,175347017062.06323,163683400497.16083,152795616641.88983,142632059170.71786,133144554473.44125,124288133320.10431,116020817714.1589,108303421923.58534,101099366746.89279,94374506133.65039,88096965337.75903,82236989836.33693,76766804298.11743,71660480932.89455,66893816598.0119,62444218079.40144,58290595003.421104,54413259871.91279,50793834746.660965,47415164140.95354,44261233705.36326,41317094322.33525,38568791249.79959,36003297977.96246,33608454485.767506,31372909604.372524
Sb135,52614518344907.27,34822997134623.777,23045157795696.12,15250668858160.059,10092475204357.062,6678923249948.289,4419928164944.0,2924987192833.4043,1935676273081.9893,1280977449517.301,847715730667.1538,560995012278.5487,371251107436.3632,245683797103.51358,162586796241.53577,107595480954.52574,71203737261.89589,47120679744.94089,31183173032.878036,20636168358.81516,13656450037.472664,9037463950.826921,5980745687.084251,3957893405.517155,2619225265.38211,1733331418.4896781,1147071176.3637216,759100233.0015674,502351707.21465105,332442577.10688114,220001376.49824068,145590874.9184066,96348046.52995715,63760493.74894696,42194945.403957576,27923457.190485857,18478977.849222768,12228880.543789295,8092737.6272902535,5355551.726067132,3544157.19519433,2345425.992827072,1552138.5719820557,1027162.7218263375,679748.107646337,449838.6477920643,297690.8751508807,197003.6536057284,130371.61288311338,86276.35647692448,57095.32560287518,37784.119993178196,25004.49395084976,16547.28806310598,10950.541241971596,7246.76775038945,4795.712071911196,3173.670672064634,2100.248176640259,1389.8866200288912,919.7888316349301,608.6910130718177,402.8150121542801,266.5719232455772,176.40998502714493,116.74328803415658,77.25750500420311,51.12689714314157,33.83437779078119,22.39066292805279,14.817526406360493,9.80583243598873,6.489230869290975,4.294394948093249,2.8419127538644333,1.8806998886218784,1.244595586635335,0.8236392119995435,0.5450618327975755,0.36070696640511196,0.23870597386241582,0.1579690642670017,0.10453959262777018,0.06918143420985634,0.04578237506983835,0.030297519717171918,0.020050067293629015,0.013268584433042047,0.00878078513545477,0.005810882689416363,0.0038454827340915175,0.0025448349671779807,0.00168410196014096,0.0011144924715081796,0.0007375405399708979,0.00048808409388754787,0.0003230006620591034,0.00021375297617188098,0.00014145585501609958,9.361160380871479e-05,6.19495910341953e-05,4.099653967200563e-05,2.713038515703194e-05,1.7954144536533012e-05,1.1881560256993542e-05,7.86289059071087e-06,5.2034452634366e-06,3.4434973114808287e-06,2.278812043531391e-06,1.508055287985847e-06,9.979896139647325e-07,6.604421452688966e-07,4.3706249157698773e-07,2.8923596549961237e-07,1.914084263708932e-07,1.26668845012052e-07,8.382596629051623e-08,5.5473724607421795e-08,3.6710988945298086e-08,2.4294325266226882e-08,1.607731791210228e-08,1.0639527890331451e-08
Sb136,4163290287282.626,1968333802764.8254,928966656668.4869,438388919137.1251,206879137170.57025,97627843541.97127,46071323624.887115,21741408819.80763,10259936556.09041,4841742271.954511,2284855086.5659895,1078240532.7202582,508829926.7802555,240120721.24019453,113314798.78503986,53474117.34137628,25234843.604706615,11908515.061384147,5619719.035657636,2651988.251846913,1251493.4720595006,590589.309555492,278703.5972207207,131522.35207615336,62066.40053498957,29289.607542444573,13821.989072925222,6522.7020080488,3078.112799925666,1452.5848946302713,685.4858847794634,323.4860144621603,152.65551614717654,72.03930175747001,33.99589565240751,16.04292230788506,7.5707773317220886,3.5727075346083286,1.6859879202052441,0.7956305517713267,0.3754641224445336,0.17718438153134294,0.0836146603149341,0.03945839559422497,0.018620717670873196,0.008787258613959351,0.004146774324890022,0.0019568944146300784,0.0009234733916010632,0.000435794133101647,0.00020565457345397893,9.704996091049535e-05,4.579861636209309e-05,2.1612716182509536e-05,1.019920551949971e-05,4.813082832835995e-06,2.2713304787760473e-06,1.0718581672065766e-06,5.058180398418019e-07,2.3869938883443036e-07,1.12644061187993e-07,5.315759115632089e-08,2.508547248511105e-08,1.1838025691396226e-08,5.58645456462235e-09,2.636290494391471e-09,1.2440855806528266e-09,5.870934691305876e-10,2.7705388347554033e-10,1.3074383958409315e-10,6.1699014555413e-11,2.911623529811205e-11,1.37401733892142e-11,6.4840925632274875e-12,3.0598927085960457e-12,1.4439866946407094e-12,6.814283286606135e-13,3.2157122279906804e-13,1.5175191136497398e-13,7.161288377260123e-14,3.3794665754778656e-14,1.594796038522559e-14,7.525964076527699e-15,3.5515598178722344e-15,1.6760081514691834e-15,7.909210228293554e-16,3.7324165983624453e-16,1.7613558448473735e-16,8.311972499369801e-17,3.9224831843259144e-17,1.8510497156344167e-17,8.735244712946011e-18,4.12222856850169e-18,1.945311085078985e-18,9.180071300865886e-19,4.3321456262384755e-19,2.0443725448153068e-19,9.647549880781737e-20,4.5527523316735e-20,2.148478530787234e-20,1.013883396454587e-20,4.784593035843042e-21,2.2578859263983554e-21,1.065513580452195e-21,5.028239809878481e-22,2.372864696376444e-22,1.1197729384839637e-22,5.2842938566021236e-23,2.493698552916302e-23,1.1767953564973508e-23,5.55338699400612e-24,2.6206856557447474e-24,1.2367215383403033e-24,5.836183214274731e-25,2.754139347835121e-25,1.2996993529505382e-25,6.133380322197027e-26,2.8943889285867264e-26,1.365884199224831e-26,6.4457116570129136e-27,3.0417804663770985e-27,1.435439389468603e-27
Sb137,26908148396979.426,5766712075757.04,1235869806947.2195,264860488898.82306,56762515101.00976,12164831130.48681,2607057072.2583904,558720997.0370134,119740053.20091233,25661610.028247222,5499565.196759248,1178617.2933075097,252590.6456936094,54132.95278645477,11601.287012564451,2486.283371218093,532.8378649110907,114.19301338282774,24.47281840157237,5.244794079550962,1.1240170414996207,0.24088921136246552,0.0516252067436739,0.011063849461140082,0.0023711045944386356,0.000508153786574449,0.00010890294397623778,2.333909835965378e-05,5.001825408507308e-06,1.0719461836811263e-06,2.2972985397573998e-07,4.9233633750604534e-08,1.0551309071674425e-08,2.2612615532289845e-09,4.846132150406351e-10,1.038579406511667e-10,2.225789867368105e-11,4.7701124272416194e-12,1.0222875439463866e-12,2.1908746144842146e-13,4.695285201130346e-14,1.0062512466120171e-14,2.156507065991387e-15,4.621631765753127e-16,9.904665055386229e-17,2.1226786302262353e-17,4.549133708230609e-18,9.749293746436945e-19,2.0893808503000398e-19,4.4777729045203645e-20,9.596359697456523e-21,2.0566054019845837e-21,4.407531514886024e-22,9.445824675928334e-23,2.02434409163116e-23,4.3383919794374555e-24,9.297651049076982e-25,1.9925888541221998e-25,4.270337013740887e-26,9.151801774460338e-27,1.961331750855049e-27,4.203349604497932e-28,9.008240390709242e-29,1.9305649677573777e-29,4.137413005292373e-30,8.866931008412344e-31,1.900280813333702e-31,4.0725107324036476e-32,8.727838301143968e-33,1.8704717167425622e-33,4.008626560686047e-34,8.590927496632807e-35,1.8411302259038713e-35,3.9457445195125324e-36,8.456164368069023e-37,1.812249005635931e-37,3.883848888782165e-38,8.32351522554776e-39,1.783820835821688e-39,3.822924194990203e-40,8.192946907646948e-41,1.755838609603759e-41,3.762955207359822e-42,8.064426773137114e-43,1.7282953316077528e-43,3.703926934034505e-44,7.937922692821274e-45,1.7011841161934737e-45,3.645824618330195e-46,7.813403041502903e-47,1.6744981857335654e-47,3.5886337350462167e-48,7.690836690079798e-49,1.6482308689191368e-49,3.532339986834054e-50,7.570192997761988e-51,1.6223755990919816e-51,3.476929300623126e-52,7.451441804411796e-53,1.5969259126029638e-53,3.4223878241026084e-54,7.334553423003958e-55,1.5718754471961372e-55,3.3687019222584286e-56,7.219498632204044e-57,1.547217940418226e-57,3.315858173964621e-58,7.106248669063374e-59,1.5229472280530585e-59,3.2638433686281284e-60,6.99477522182842e-61,1.4990572425805447e-61,3.2126445028862272e-62,6.885050422863049e-63,1.4755420116598376e-63,3.162248777355786e-64,6.777046841681837e-65,1.4523956566362939e-65,3.1126435934335026e-66,6.670737478092595e-67,1.429612391071839e-67,3.0638165501463196e-68
Sb138,14145081939.31598,228433742.65081546,3689054.2596589853,59575.792843840245,962.1097558213369,15.53743790993961,0.25091937312197743,0.004052182359335381,6.54400721196073e-05,1.0568139978087708e-06,1.7066848947281693e-08,2.756183525135673e-10,4.451054584062066e-12,7.188159543666353e-14,1.1608403502894706e-15,1.8746805919848256e-17,3.0274854945283446e-19,4.889189368454149e-21,7.895718319314069e-23,1.275106425212224e-24,2.0592127655318189e-26,3.3254927823169376e-28,5.370451480464638e-30,8.672924884212264e-32,1.4006201586738943e-33,2.2619091656780357e-35,3.6528340978772913e-37,5.899086112335209e-39,9.526634943801155e-41,1.5384887018800647e-42,2.4845577685883146e-44,4.01239690477348e-46,6.47975632725303e-48,1.046437903753345e-49,1.6899281872778612e-51,2.7291225479437392e-53,4.407352890948789e-55,7.117584192029143e-57,1.1494428965436741e-58,1.8562744560075886e-60,2.9977607990684097e-62,4.841185946047697e-64,7.818195958627875e-66,1.262587075330303e-67,2.038994841299557e-69,3.2928421683380285e-71,5.317722892655488e-73,8.587771693091762e-75,1.386868480012881e-76,2.239701111756939e-78,3.6169695557279374e-80,5.841167242534506e-82,9.433099789636323e-84,1.5233833914782182e-85,2.4601636886968067e-87,3.9730020748810405e-89,6.416136275619331e-91,1.0361636850781388e-92,1.6733360018464912e-94,2.7023272629598527e-96,4.3640802732253674e-98,7.047701768842998e-100,1.138157346171888e-101,1.8380490365977821e-103,2.9683279489440784e-105,4.793653834606939e-107,7.7414347340617e-109,1.2501906439110034e-110,2.0189754222762278e-112,3.2605121271773405e-114,5.265512008801476e-116,8.50345455970897e-118,1.373251819161533e-119,2.21771110269213e-121,3.581457141638363e-123,5.78381703632256e-125,9.340482989655987e-127,1.5084263892193283e-128,2.436009116673165e-130,3.9339940343962897e-132,6.353140863364853e-134,1.0259903415423032e-135,1.6569067231110739e-137,2.6757950615439386e-139,4.3212325181101686e-141,6.978505470743477e-143,1.1269826004756333e-144,1.8200025594298314e-146,2.9391840787365866e-148,4.746588406669599e-150,7.665427172569212e-152,1.2379159241066362e-153,1.9991525594824236e-155,3.228499511361691e-157,5.213813745941038e-159,8.419965275416235e-161,1.3597688504774015e-162,2.1959369976584994e-164,3.546293398317233e-166,5.727029910401911e-168,9.248775527203032e-170,1.493616238972755e-171,2.4120917009624637e-173,3.8953689857131545e-175,6.290763957606294e-177,1.0159168827256384e-178,1.6406387516083176e-180,2.6495233606682994e-182,4.278805454183842e-184,6.909988561163494e-186,1.1159175715437612e-187,1.802133267598995e-189,2.910326351160673e-191,4.699985080207124e-193,7.590165874476549e-195,1.2257617209186852e-196,1.9795243230743702e-198,3.1968012043206773e-200,5.162623071018559e-202,8.337295712160748e-204,1.3464182613335743e-205,2.1743766768501668e-207
Sb139,504299463.06418514,2149678.828599879,9163.442368254882,39.06103317350847,0.16650558286563447,0.0007097638457814111,3.025512466960004e-06,1.2896861036437629e-08,5.497548808989321e-11,2.3434417740743594e-13,9.98939625510372e-16,4.258182927582906e-18,1.8151369093497067e-20,7.737389529091473e-23,3.2982193473407193e-25,1.4059329470581748e-27,5.99307457588414e-30,2.554669690845697e-32,1.0889798127304035e-34,4.641997502783891e-37,1.9787456630462387e-39,8.434805052514875e-42,3.595506870974145e-44,1.5326577886192934e-46,6.5332649367986076e-49,2.784936797460433e-51,1.1871358410959626e-53,5.0604074982949105e-56,2.157101416899208e-58,9.195082657585214e-61,3.9195906329412504e-63,1.6708050707045444e-65,7.1221457690779745e-68,3.035959205857905e-70,1.294139238156394e-72,5.51653119878713e-75,2.3515334030474783e-77,1.0023888466114043e-79,4.2728859326803007e-82,1.8214043637274325e-84,7.764105825601393e-87,3.309607711039743e-89,1.4107874682562415e-91,6.013767957905735e-94,2.56349066498548e-96,1.0927399320136356e-98,4.6580257744918635e-101,1.985578039218189e-103,8.463929442845632e-106,3.607921733545979e-108,1.537949875798703e-110,6.55582353263679e-113,2.7945528568513425e-115,1.1912348816068526e-117,5.077880490533078e-120,2.1645496345234072e-122,9.226832197115276e-125,3.933124518646949e-127,1.676574164209713e-129,7.146737701206794e-132,3.0464420161172033e-134,1.2986077488190308e-136,5.535579132545526e-139,2.3596529714642698e-141,1.005849977467441e-143,4.287639705525961e-146,1.8276934588883884e-148,7.79091437034266e-151,3.3210353974199167e-153,1.4156587515453548e-155,6.034532791742946e-158,2.572342096912062e-160,1.0965130345467519e-162,4.67410938993792e-165,1.9924340067819164e-167,8.493154396272629e-170,3.6203794631789064e-172,1.5432602359330573e-174,6.578460020654644e-177,2.80420211936496e-179,1.1953480756227822e-181,5.095413814959484e-184,2.1720235699675187e-186,9.258691364073153e-189,3.946705135269078e-191,1.6823631777165953e-193,7.171414546386457e-196,3.056961022288073e-198,1.3030916887237134e-200,5.554692836580116e-203,2.367800575796347e-205,1.0093230592014672e-207,4.302444421414946e-210,1.834004269555647e-212,7.817815481837569e-215,3.332502542257832e-217,1.4205468548030457e-219,6.055369324110477e-222,2.5812240917925927e-224,1.1002991651593839e-226,4.690248540217469e-229,1.9993136471957176e-231,8.522480260028402e-234,3.632880207887839e-236,1.5485889321167198e-238,6.601174669804693e-241,2.8138846996477636e-243,1.1994754720141429e-245,5.113007679894097e-248,2.1795233120321596e-250,9.290660536989505e-253,3.9603326441640014e-255,1.688172180006619e-257,7.19617659781177e-260,3.067516349350738e-262,1.3075911111457976e-264,5.573872537987911e-267,2.375976312848435e-269,1.0128081330784611e-271,4.317300256247603e-274,1.840336870710305e-276,7.844809479708236e-279
Sc51,0.0,0.0,0.0,0.0,0.0,0.0,0.0,0.0,0.0,0.0,0.0,0.0,0.0,0.0,0.0,0.0,0.0,0.0,0.0,0.0,0.0,0.0,0.0,0.0,0.0,0.0,0.0,0.0,0.0,0.0,0.0,0.0,0.0,0.0,0.0,0.0,0.0,0.0,0.0,0.0,0.0,0.0,0.0,0.0,0.0,0.0,0.0,0.0,0.0,0.0,0.0,0.0,0.0,0.0,0.0,0.0,0.0,0.0,0.0,0.0,0.0,0.0,0.0,0.0,0.0,0.0,0.0,0.0,0.0,0.0,0.0,0.0,0.0,0.0,0.0,0.0,0.0,0.0,0.0,0.0,0.0,0.0,0.0,0.0,0.0,0.0,0.0,0.0,0.0,0.0,0.0,0.0,0.0,0.0,0.0,0.0,0.0,0.0,0.0,0.0,0.0,0.0,0.0,0.0,0.0,0.0,0.0,0.0,0.0,0.0,0.0,0.0,0.0,0.0,0.0,0.0,0.0,0.0,0.0,0.0,0.0,0.0
Sc52,0.0,0.0,0.0,0.0,0.0,0.0,0.0,0.0,0.0,0.0,0.0,0.0,0.0,0.0,0.0,0.0,0.0,0.0,0.0,0.0,0.0,0.0,0.0,0.0,0.0,0.0,0.0,0.0,0.0,0.0,0.0,0.0,0.0,0.0,0.0,0.0,0.0,0.0,0.0,0.0,0.0,0.0,0.0,0.0,0.0,0.0,0.0,0.0,0.0,0.0,0.0,0.0,0.0,0.0,0.0,0.0,0.0,0.0,0.0,0.0,0.0,0.0,0.0,0.0,0.0,0.0,0.0,0.0,0.0,0.0,0.0,0.0,0.0,0.0,0.0,0.0,0.0,0.0,0.0,0.0,0.0,0.0,0.0,0.0,0.0,0.0,0.0,0.0,0.0,0.0,0.0,0.0,0.0,0.0,0.0,0.0,0.0,0.0,0.0,0.0,0.0,0.0,0.0,0.0,0.0,0.0,0.0,0.0,0.0,0.0,0.0,0.0,0.0,0.0,0.0,0.0,0.0,0.0,0.0,0.0,0.0,0.0
Sc53,0.0,0.0,0.0,0.0,0.0,0.0,0.0,0.0,0.0,0.0,0.0,0.0,0.0,0.0,0.0,0.0,0.0,0.0,0.0,0.0,0.0,0.0,0.0,0.0,0.0,0.0,0.0,0.0,0.0,0.0,0.0,0.0,0.0,0.0,0.0,0.0,0.0,0.0,0.0,0.0,0.0,0.0,0.0,0.0,0.0,0.0,0.0,0.0,0.0,0.0,0.0,0.0,0.0,0.0,0.0,0.0,0.0,0.0,0.0,0.0,0.0,0.0,0.0,0.0,0.0,0.0,0.0,0.0,0.0,0.0,0.0,0.0,0.0,0.0,0.0,0.0,0.0,0.0,0.0,0.0,0.0,0.0,0.0,0.0,0.0,0.0,0.0,0.0,0.0,0.0,0.0,0.0,0.0,0.0,0.0,0.0,0.0,0.0,0.0,0.0,0.0,0.0,0.0,0.0,0.0,0.0,0.0,0.0,0.0,0.0,0.0,0.0,0.0,0.0,0.0,0.0,0.0,0.0,0.0,0.0,0.0,0.0
Sc54,0.0,0.0,0.0,0.0,0.0,0.0,0.0,0.0,0.0,0.0,0.0,0.0,0.0,0.0,0.0,0.0,0.0,0.0,0.0,0.0,0.0,0.0,0.0,0.0,0.0,0.0,0.0,0.0,0.0,0.0,0.0,0.0,0.0,0.0,0.0,0.0,0.0,0.0,0.0,0.0,0.0,0.0,0.0,0.0,0.0,0.0,0.0,0.0,0.0,0.0,0.0,0.0,0.0,0.0,0.0,0.0,0.0,0.0,0.0,0.0,0.0,0.0,0.0,0.0,0.0,0.0,0.0,0.0,0.0,0.0,0.0,0.0,0.0,0.0,0.0,0.0,0.0,0.0,0.0,0.0,0.0,0.0,0.0,0.0,0.0,0.0,0.0,0.0,0.0,0.0,0.0,0.0,0.0,0.0,0.0,0.0,0.0,0.0,0.0,0.0,0.0,0.0,0.0,0.0,0.0,0.0,0.0,0.0,0.0,0.0,0.0,0.0,0.0,0.0,0.0,0.0,0.0,0.0,0.0,0.0,0.0,0.0
Sc55,0.0,0.0,0.0,0.0,0.0,0.0,0.0,0.0,0.0,0.0,0.0,0.0,0.0,0.0,0.0,0.0,0.0,0.0,0.0,0.0,0.0,0.0,0.0,0.0,0.0,0.0,0.0,0.0,0.0,0.0,0.0,0.0,0.0,0.0,0.0,0.0,0.0,0.0,0.0,0.0,0.0,0.0,0.0,0.0,0.0,0.0,0.0,0.0,0.0,0.0,0.0,0.0,0.0,0.0,0.0,0.0,0.0,0.0,0.0,0.0,0.0,0.0,0.0,0.0,0.0,0.0,0.0,0.0,0.0,0.0,0.0,0.0,0.0,0.0,0.0,0.0,0.0,0.0,0.0,0.0,0.0,0.0,0.0,0.0,0.0,0.0,0.0,0.0,0.0,0.0,0.0,0.0,0.0,0.0,0.0,0.0,0.0,0.0,0.0,0.0,0.0,0.0,0.0,0.0,0.0,0.0,0.0,0.0,0.0,0.0,0.0,0.0,0.0,0.0,0.0,0.0,0.0,0.0,0.0,0.0,0.0,0.0
Sc56,0.0,0.0,0.0,0.0,0.0,0.0,0.0,0.0,0.0,0.0,0.0,0.0,0.0,0.0,0.0,0.0,0.0,0.0,0.0,0.0,0.0,0.0,0.0,0.0,0.0,0.0,0.0,0.0,0.0,0.0,0.0,0.0,0.0,0.0,0.0,0.0,0.0,0.0,0.0,0.0,0.0,0.0,0.0,0.0,0.0,0.0,0.0,0.0,0.0,0.0,0.0,0.0,0.0,0.0,0.0,0.0,0.0,0.0,0.0,0.0,0.0,0.0,0.0,0.0,0.0,0.0,0.0,0.0,0.0,0.0,0.0,0.0,0.0,0.0,0.0,0.0,0.0,0.0,0.0,0.0,0.0,0.0,0.0,0.0,0.0,0.0,0.0,0.0,0.0,0.0,0.0,0.0,0.0,0.0,0.0,0.0,0.0,0.0,0.0,0.0,0.0,0.0,0.0,0.0,0.0,0.0,0.0,0.0,0.0,0.0,0.0,0.0,0.0,0.0,0.0,0.0,0.0,0.0,0.0,0.0,0.0,0.0
Sc57,0.0,0.0,0.0,0.0,0.0,0.0,0.0,0.0,0.0,0.0,0.0,0.0,0.0,0.0,0.0,0.0,0.0,0.0,0.0,0.0,0.0,0.0,0.0,0.0,0.0,0.0,0.0,0.0,0.0,0.0,0.0,0.0,0.0,0.0,0.0,0.0,0.0,0.0,0.0,0.0,0.0,0.0,0.0,0.0,0.0,0.0,0.0,0.0,0.0,0.0,0.0,0.0,0.0,0.0,0.0,0.0,0.0,0.0,0.0,0.0,0.0,0.0,0.0,0.0,0.0,0.0,0.0,0.0,0.0,0.0,0.0,0.0,0.0,0.0,0.0,0.0,0.0,0.0,0.0,0.0,0.0,0.0,0.0,0.0,0.0,0.0,0.0,0.0,0.0,0.0,0.0,0.0,0.0,0.0,0.0,0.0,0.0,0.0,0.0,0.0,0.0,0.0,0.0,0.0,0.0,0.0,0.0,0.0,0.0,0.0,0.0,0.0,0.0,0.0,0.0,0.0,0.0,0.0,0.0,0.0,0.0,0.0
Sc58,0.0,0.0,0.0,0.0,0.0,0.0,0.0,0.0,0.0,0.0,0.0,0.0,0.0,0.0,0.0,0.0,0.0,0.0,0.0,0.0,0.0,0.0,0.0,0.0,0.0,0.0,0.0,0.0,0.0,0.0,0.0,0.0,0.0,0.0,0.0,0.0,0.0,0.0,0.0,0.0,0.0,0.0,0.0,0.0,0.0,0.0,0.0,0.0,0.0,0.0,0.0,0.0,0.0,0.0,0.0,0.0,0.0,0.0,0.0,0.0,0.0,0.0,0.0,0.0,0.0,0.0,0.0,0.0,0.0,0.0,0.0,0.0,0.0,0.0,0.0,0.0,0.0,0.0,0.0,0.0,0.0,0.0,0.0,0.0,0.0,0.0,0.0,0.0,0.0,0.0,0.0,0.0,0.0,0.0,0.0,0.0,0.0,0.0,0.0,0.0,0.0,0.0,0.0,0.0,0.0,0.0,0.0,0.0,0.0,0.0,0.0,0.0,0.0,0.0,0.0,0.0,0.0,0.0,0.0,0.0,0.0,0.0
Se86,303158626743019.44,360005414455845.7,383255653985558.75,384180794850697.7,375071216580106.0,361654738894516.25,346615188250673.2,331207991375006.44,316012972264576.56,301289146993492.94,287143127664773.56,273609392526482.78,260688632180054.47,248366080136219.84,236620266544192.0,225427184241788.22,214762256081893.94,204601248705885.7,194920682056896.0,185697998182967.2,176911615780611.8,168540931127687.66,160566294467582.97,152968975743424.1,145731126302675.53,138835739700011.31,132266613051637.14,126008309592333.98,120046122703605.11,114366041499531.12,108954717971648.36,103799435655107.84,98888079761437.4,94209108716820.05,89751527043375.89,85504859521817.86,81459126575772.89,77604820820406.08,73932884720469.6,70434689305385.3,67102013891396.234,63927026763158.47,60902266769389.81,58020625789330.17,55275332028813.38,52659934106698.125,50168285894261.984,47794532071931.836,45533094369408.8,43378658456854.05,41326161456327.72,39370780044135.22,37507919116120.47,35733200989270.29,34042455114253.645,32431708274720.676,30897175250329.938,29435249921562.21,28042496795417.43,26715642932080.184,25451570253581.66,24247308216383.777,23100026830665.84,22007030009909.434,20965749235153.34,19973737519029.37,19028663655394.69,18128306741047.77,17270550956653.686,16453380594614.324,15674875322199.014,14933205668803.945,14226628726735.773,13553484055416.117,12912189779381.916,12301238870912.309,11719195608545.9,11164692203166.361,10636425583727.412,10133154335064.066,9653695780593.639,9196923203051.395,8761763196729.183,8347193144995.2,7952238817166.984,7575972079090.27,7217508712043.769,6876006334844.227,6550662424268.81,6240712429142.852,5945427973661.052,5664115145720.043,5396112866239.926,5140791335642.678,4897550553836.727,4665818910229.67,4445051840455.7,4234730546661.1045,4034360778340.4814,3843471670858.7227,3661614638929.2573,3488362322448.3145,3323307582207.8867,3166062543127.3774,3016257682755.515,2873540962900.57,2737577002348.188,2608046288722.769,2484644427640.2812,2367081427388.012,2255081017450.3037,2148379999278.7898,2046727627781.4917,1949885022077.2527,1857624604130.8215,1769729563949.3745,1685993350083.7068,1606219184236.7827,1530219598838.9785,1457815996503.3374,1388838230325.5635,1323124204042.4583
Se87,265270129171500.22,257777007796049.84,229512748832257.72,202982144148771.53,179134542593332.44,157977757471638.88,139287561491230.62,122799264735815.17,108260082951487.66,95441526699766.77,84140526762746.11,74177584912022.11,65394319551104.92,57651062961995.71,50824673737212.94,44806588133499.22,39501096331045.21,34823821107446.707,30700376159451.65,27065183148879.49,23860428779387.27,21035145352499.355,18544400190373.13,16348581036990.943,14412766073808.316,12706168530973.715,11201647061412.34,9875274090893.082,8705955279220.143,7675094040546.918,6766295787418.238,5965107194904.338,5258786338141.505,4636100047598.099,4087145259249.116,3603191518452.4634,3176542132743.526,2800411765353.101,2468818522723.2603,2176488819805.0205,1918773510136.7168,1691573946854.5498,1491276798726.0747,1314696584535.3687,1159025011899.518,1021786314812.2747,900797879613.1129,794135533185.879,700102941338.2727,617204630680.8134,544122204951.2535,479693377534.17804,422893486713.6359,372819199681.5176,328674146133.8413,289756252974.87854,255446578703.06772,225199469903.27728,198533883296.46887,175025735334.56757,154301157670.20282,136030551237.81294,119923344383.54396,105723371678.40851,93204799920.3789,82168536533.45985,72439063243.71925,63861644675.76659,56299867475.81899,49633470824.11696,43756433833.641655,38575289417.55045,34007637809.45303,29980836095.88582,26430842919.60198,23301199980.094597,20542134133.36485,18109765810.92971,15965411168.941547,14074966868.954664,12408367706.029154,10939108458.41034,9643822354.387558,8501909452.363213,7495209023.971414,6607710729.90046,5825299995.023625,5135533533.341189,4527441452.73241,3991352792.235375,3518741717.238656,3102091926.5072823,2734777114.6025777,2410955588.5968823,2125477363.0907967,1873802255.9928493,1651927682.4751112,1456324998.7559018,1283883383.3352933,1131860363.1830988,997838198.0588402,879685429.3096614,775522981.626818,683694278.650642,602738897.1492186,531369340.7726971,468450563.9982098,412981920.6187753,364081249.6889731,320970845.8338213,282965090.79577273,249459549.5147085,219921357.3274139,193880745.4067031,170923569.66265956,150684724.28730378,132842335.19317344,117112640.99955188,103245480.15469334,91020312.42224284,80242711.45845486,70741272.69894283
Se88,97309262685513.3,79957666613384.36,50865728009970.05,32335133314470.266,20555262533017.926,13066864778059.488,8306532443925.339,5280415953935.158,3356730721850.6045,2133854839715.5396,1356479519592.5396,862306400991.7838,548163329008.28345,348464345067.8811,221516824197.7608,140816999205.7663,89516574360.12129,56905182828.54448,36174304656.95588,22995802005.539936,14618301993.437532,9292772355.574219,5907363118.59553,3755277508.117365,2387208790.09126,1517535200.8395092,964688591.6916263,613247111.7804363,389837739.7078859,247817658.46288237,157536291.61723658,100144934.50727263,63661571.59413933,40469302.993467025,25726108.290543865,16353942.34201736,10396109.16293681,6608748.1212414885,4201144.009310777,2670643.617092836,1697713.1261655577,1079226.6853981505,686058.3337222177,436123.4239645056,277241.20760777255,176240.67631384922,112035.20665479946,71220.15072066132,45274.24923044421,28780.585587636695,18295.656379659726,11630.445855360722,7393.409014002987,4699.948525459614,2987.7308424480343,1899.2836918447524,1207.36396025278,767.5144786303109,487.90463712684044,310.1582335680421,197.16584457269565,125.3372184218871,79.67616478291059,50.649689808378156,32.19772292849076,20.467911367314546,13.01133613301396,8.271233196593947,5.257976420949668,3.3424660369444354,2.124786859753397,1.350715055734088,0.858641963739593,0.5458338668579473,0.34698351908113395,0.22057547144699424,0.14021858655680788,0.08913616680499191,0.056663359885377344,0.03602057917213446,0.022898079579478613,0.014556180396836907,0.009253282006022424,0.005882259325501665,0.0037393191680456226,0.0023770641630664444,0.0015110863184989928,0.0009605890734599467,0.0006106410710985823,0.0003881810943042878,0.0002467645382977323,0.0001568668290515982,9.971936091973493e-05,6.339103685820982e-05,4.029732558347803e-05,2.5616783218312725e-05,1.6284445008506456e-05,1.0351930098916513e-05,6.580663738731998e-06,4.183290925312054e-06,2.659294512010757e-06,1.6904985638987093e-06,1.074640428743921e-06,6.831428761628426e-07,4.3427008399220383e-07,2.760630498116196e-07,1.7549172802946487e-07,1.1155910444292791e-07,7.091749522244448e-08,4.508185283253463e-08,2.8658280279632483e-08,1.8217907583276167e-08,1.1581021382803198e-08,7.361990154789539e-09,4.6799757333751885e-09,2.9750342508583177e-09,1.8912125399840295e-09,1.202233174411672e-09,7.642528669295796e-10,4.858312489138468e-10,3.088401923429578e-10,1.9632797317932401e-10
Se89,17571588967988.855,3240443996457.985,597564815618.463,110195920450.74794,20321043954.737804,3747369464.5070972,691046086.7462552,127434644.09643567,23500007.926313933,4333596.852351265,799151.2912504165,147370.14264737192,27176.279612744038,5011.531917677887,924.1681539855269,170.42429158802233,31.42765636104587,5.795521138122798,1.0687422847113761,0.19708496335500553,0.03634410590494574,0.006702155311821574,0.0012359331645483,0.0002279163517049574,4.2029670264154366e-05,7.7506206522659e-06,1.4292788907878746e-06,2.6357091119594307e-07,4.86046674840103e-08,8.963104807400189e-09,1.6528710501901755e-09,3.048031644460045e-10,5.6208237808756285e-11,1.036526639514393e-11,1.9114413052380547e-12,3.5248566935837263e-13,6.500128817062802e-14,1.1986777991661525e-14,2.2104615256887597e-15,4.076274842121269e-16,7.516989730609934e-17,1.3861954063109815e-17,2.5562595844091324e-18,4.713955213769907e-19,8.692925355843656e-20,1.6030477129169868e-20,2.956153267968539e-21,5.451392415400681e-22,1.0052820869842785e-22,1.8538237525452253e-23,3.418605135808616e-24,6.3041921102432e-25,1.1625454413135095e-25,2.143830453584775e-26,3.953401605123211e-27,7.290401265294251e-28,1.3444106093377165e-28,2.479204944594856e-29,4.571860051246876e-30,8.430890061653545e-31,1.5547262259767334e-31,2.8670444283622633e-32,5.287068306215158e-33,9.749793549782006e-34,1.7979429952063576e-34,3.3155563730720093e-35,6.11416162377089e-36,1.1275022396001593e-36,2.079207875959498e-37,3.834232198940101e-38,7.070642971956219e-39,1.3038853528665727e-39,2.4044730021909427e-40,4.434048135869164e-41,8.176753431329857e-42,1.5078613183268646e-42,2.780621642074691e-43,5.127697502681141e-44,9.455900537185038e-45,1.743746680110984e-45,3.2156138618852955e-46,5.929859323425774e-47,1.0935153630356477e-47,2.016533249736799e-48,3.718654977105699e-49,6.857508965229256e-50,1.2645816699241177e-50,2.3319937429416232e-51,4.300390355527778e-52,7.930277371408566e-53,1.462409083552984e-53,2.6968039420270837e-54,4.9731306947734244e-55,9.170866491951015e-56,1.6911840322551952e-56,3.118683968919585e-57,5.751112541564218e-58,1.0605529702708428e-58,1.9557478568214315e-59,3.6065616585702565e-60,6.650799565854597e-61,1.226462737994807e-61,2.2616992630666274e-62,4.170761490006055e-63,7.69123096539873e-64,1.4183269387342114e-64,2.6155128017727817e-65,4.823223073195298e-66,8.894424373696671e-67,1.6402058071720068e-67,3.024675883283329e-68,5.577753815351763e-69,1.0285841797667045e-69,1.8967947490877608e-70,3.497847226255156e-71,6.450321113607641e-72,1.1894928445230334e-72,2.1935237056440938e-73,4.04504009366441e-74,7.459390257443349e-75,1.3755735845484318e-75,2.5366720619279666e-76
Se90,4581217508568.088,61848335181.25602,834788559.9147443,11267432.44576696,152080.46685844133,2052.6831211285003,27.705780254395435,0.3739545824700113,0.005047395470053043,6.812645766456143e-05,9.195265680009226e-07,1.2411170905476125e-08,1.6751790389245443e-10,2.261047594803472e-12,3.051814825267066e-14,4.119140945606404e-16,5.55974824858071e-18,7.504186187308465e-20,1.012866191345383e-21,1.367100836737717e-23,1.8452236966527974e-25,2.490562802092883e-27,3.361599508190096e-29,4.537268140344792e-31,6.1241091115199356e-33,8.265923734221153e-35,1.1156805657076704e-36,1.5058729849448226e-38,2.0325293067628817e-40,2.7433757190360716e-42,3.7028299226755955e-44,4.997838736095296e-46,6.74575731362938e-48,9.104984001531936e-50,1.2289314574163062e-51,1.6587316647379712e-53,2.2388480000250762e-55,3.0218512576644474e-57,4.078698073002693e-59,5.505161092400509e-61,7.430507998099719e-63,1.0029215890892058e-64,1.3536782601114964e-66,1.8271067766749388e-68,2.466109763110564e-70,3.3285943883241587e-72,4.4927199785333934e-74,6.063980903265109e-76,8.184766593703378e-78,1.1047265032997108e-79,1.4910879047322963e-81,2.0125733681576733e-83,2.716440492450191e-85,3.6664745075991353e-87,4.9487685639485115e-89,6.679525590254724e-91,9.015588733709051e-93,1.2168654662236564e-94,1.642445775450235e-96,2.2168663670487517e-98,2.992181880710642e-100,4.038652279781815e-102,5.451109888117185e-104,7.357553201865221e-106,9.930746257066354e-108,1.340387470079539e-109,1.80916773366131e-111,2.4418968108728875e-113,3.2959133219139444e-115,4.4486092029772066e-117,6.004443050499074e-119,8.104406276585983e-121,1.0938799909261684e-122,1.4764479885535749e-124,1.9928133625135765e-126,2.689769723417904e-128,3.630476040109518e-130,4.9001801764133715e-132,6.613944148379574e-134,8.927071173513967e-136,1.2049179422917985e-137,1.6263197855576395e-139,2.1951005558648417e-141,2.9628038059599425e-143,3.998999667307823e-145,5.397589373605762e-147,7.285314696131292e-149,9.833243425520206e-151,1.3272271727243705e-152,1.7914048211663532e-154,2.417921588141347e-156,3.2635531273124023e-158,4.4049315192962086e-160,5.945489756947297e-162,8.02483495943497e-164,1.083139972630861e-165,1.4619518111477608e-167,1.9732473661062287e-169,2.6633608154213163e-171,3.594831015595955e-173,4.852068843194417e-175,6.549006603359097e-177,8.839422703368791e-179,1.1930877224761802e-180,1.610352125123403e-182,2.1735484474748936e-184,2.9337141733262157e-186,3.959736375222683e-188,5.34459433840632e-190,7.213785448158401e-192,9.736697903919701e-194,1.3141960868325588e-195,1.7738163098915983e-197,2.3941817608214604e-199,3.2315106541107675e-201,4.361682675273765e-203,5.887115283244618e-205,7.946044895628953e-207,1.0725054028252746e-208,1.4475979612475577e-210,1.9538734740989265e-212,2.637211197435877e-214
Se91,240685372640.9445,18472427093.45108,1417744761.6330907,108810834.60064973,8351148.98456883,640944.3473016841,49191.992275203345,3775.4480778105235,289.7627749756405,22.239073093087146,1.7068319837882922,0.13099805952741106,0.010054001660936559,0.0007716369980042624,5.9222554040593246e-05,4.545286081618933e-06,3.488472575768674e-07,2.6773762296510146e-08,2.0548659390050552e-09,1.5770940148495718e-10,1.2104076886293756e-11,9.289787158521757e-13,7.12984114867604e-14,5.472098976855692e-15,4.1997944397492616e-16,3.2233103623947784e-17,2.4738662430682803e-18,1.898673568637016e-19,1.457217555856888e-20,1.1184034160342197e-21,8.583661348092182e-23,6.58789494760246e-24,5.056159380086943e-25,3.880563955584169e-26,2.9783033882765206e-27,2.2858252496663465e-28,1.754353533148886e-29,1.3464530237913979e-30,1.033392478209887e-31,7.931208851339904e-33,6.087142607476614e-34,4.671835758996228e-35,3.5855984928343445e-36,2.751919633959527e-37,2.112077436139701e-38,1.6210034047513383e-39,1.244107812172863e-40,9.548433049386347e-42,7.328349907181952e-43,5.62445294262656e-44,4.3167249523413264e-45,3.313053643482754e-46,2.5427435302869955e-47,1.9515363639025335e-48,1.4977893500741947e-49,1.1495419602172064e-50,8.822647311750199e-52,6.771314861166556e-53,5.196932771866569e-54,3.9886064655170634e-55,3.0612251947701315e-56,2.3494671068986017e-57,1.8031981756288235e-58,1.3839409162374987e-59,1.0621641511856425e-60,8.152029258092299e-62,6.256620593964856e-63,4.8019088275433605e-64,3.6854285858856363e-65,2.828538472816379e-66,2.170881813540774e-67,1.6661353181700263e-68,1.278746213238475e-69,9.814280149032108e-71,7.532385538781089e-72,5.781048741555833e-73,4.4369110396933415e-74,3.4052955534940837e-75,2.6135384962435567e-76,2.005870963047058e-77,1.5394907425998635e-78,1.1815474625299114e-79,9.068287113264758e-81,6.959841544792946e-82,5.341625570916308e-83,4.0996570907873777e-84,3.146455706958151e-85,2.4148808782317227e-86,1.8534027487350164e-87,1.4224725451194257e-88,1.0917368839555048e-89,8.378997737976092e-91,6.430817179926826e-92,4.935603385379508e-93,3.788038144484595e-94,2.9072905303891142e-95,2.231323420118371e-96,1.7125237925575939e-97,1.3143490153122954e-98,1.008752895323235e-99,7.742101922458003e-101,5.9420044745964465e-102,4.560443343390479e-103,3.500105659157552e-104,2.6863045328744e-105,2.0617183439766326e-106,1.5823531836658266e-107,1.214444060786683e-108,9.32076600852926e-110,7.153617180974e-111,5.490346901220113e-112,4.213799583224701e-113,3.2340592037342367e-114,2.482115897228799e-115,1.9050051156027688e-116,1.4620769701061998e-117,1.1221329795949335e-118,8.612285465402972e-120,6.609863740424568e-121,5.073020261867868e-122,3.89350455440234e-123,2.9882351996698166e-124
Si35,0.0,0.0,0.0,0.0,0.0,0.0,0.0,0.0,0.0,0.0,0.0,0.0,0.0,0.0,0.0,0.0,0.0,0.0,0.0,0.0,0.0,0.0,0.0,0.0,0.0,0.0,0.0,0.0,0.0,0.0,0.0,0.0,0.0,0.0,0.0,0.0,0.0,0.0,0.0,0.0,0.0,0.0,0.0,0.0,0.0,0.0,0.0,0.0,0.0,0.0,0.0,0.0,0.0,0.0,0.0,0.0,0.0,0.0,0.0,0.0,0.0,0.0,0.0,0.0,0.0,0.0,0.0,0.0,0.0,0.0,0.0,0.0,0.0,0.0,0.0,0.0,0.0,0.0,0.0,0.0,0.0,0.0,0.0,0.0,0.0,0.0,0.0,0.0,0.0,0.0,0.0,0.0,0.0,0.0,0.0,0.0,0.0,0.0,0.0,0.0,0.0,0.0,0.0,0.0,0.0,0.0,0.0,0.0,0.0,0.0,0.0,0.0,0.0,0.0,0.0,0.0,0.0,0.0,0.0,0.0,0.0,0.0
Si36,0.0,0.0,0.0,0.0,0.0,0.0,0.0,0.0,0.0,0.0,0.0,0.0,0.0,0.0,0.0,0.0,0.0,0.0,0.0,0.0,0.0,0.0,0.0,0.0,0.0,0.0,0.0,0.0,0.0,0.0,0.0,0.0,0.0,0.0,0.0,0.0,0.0,0.0,0.0,0.0,0.0,0.0,0.0,0.0,0.0,0.0,0.0,0.0,0.0,0.0,0.0,0.0,0.0,0.0,0.0,0.0,0.0,0.0,0.0,0.0,0.0,0.0,0.0,0.0,0.0,0.0,0.0,0.0,0.0,0.0,0.0,0.0,0.0,0.0,0.0,0.0,0.0,0.0,0.0,0.0,0.0,0.0,0.0,0.0,0.0,0.0,0.0,0.0,0.0,0.0,0.0,0.0,0.0,0.0,0.0,0.0,0.0,0.0,0.0,0.0,0.0,0.0,0.0,0.0,0.0,0.0,0.0,0.0,0.0,0.0,0.0,0.0,0.0,0.0,0.0,0.0,0.0,0.0,0.0,0.0,0.0,0.0
Si37,0.0,0.0,0.0,0.0,0.0,0.0,0.0,0.0,0.0,0.0,0.0,0.0,0.0,0.0,0.0,0.0,0.0,0.0,0.0,0.0,0.0,0.0,0.0,0.0,0.0,0.0,0.0,0.0,0.0,0.0,0.0,0.0,0.0,0.0,0.0,0.0,0.0,0.0,0.0,0.0,0.0,0.0,0.0,0.0,0.0,0.0,0.0,0.0,0.0,0.0,0.0,0.0,0.0,0.0,0.0,0.0,0.0,0.0,0.0,0.0,0.0,0.0,0.0,0.0,0.0,0.0,0.0,0.0,0.0,0.0,0.0,0.0,0.0,0.0,0.0,0.0,0.0,0.0,0.0,0.0,0.0,0.0,0.0,0.0,0.0,0.0,0.0,0.0,0.0,0.0,0.0,0.0,0.0,0.0,0.0,0.0,0.0,0.0,0.0,0.0,0.0,0.0,0.0,0.0,0.0,0.0,0.0,0.0,0.0,0.0,0.0,0.0,0.0,0.0,0.0,0.0,0.0,0.0,0.0,0.0,0.0,0.0
Si38,0.0,0.0,0.0,0.0,0.0,0.0,0.0,0.0,0.0,0.0,0.0,0.0,0.0,0.0,0.0,0.0,0.0,0.0,0.0,0.0,0.0,0.0,0.0,0.0,0.0,0.0,0.0,0.0,0.0,0.0,0.0,0.0,0.0,0.0,0.0,0.0,0.0,0.0,0.0,0.0,0.0,0.0,0.0,0.0,0.0,0.0,0.0,0.0,0.0,0.0,0.0,0.0,0.0,0.0,0.0,0.0,0.0,0.0,0.0,0.0,0.0,0.0,0.0,0.0,0.0,0.0,0.0,0.0,0.0,0.0,0.0,0.0,0.0,0.0,0.0,0.0,0.0,0.0,0.0,0.0,0.0,0.0,0.0,0.0,0.0,0.0,0.0,0.0,0.0,0.0,0.0,0.0,0.0,0.0,0.0,0.0,0.0,0.0,0.0,0.0,0.0,0.0,0.0,0.0,0.0,0.0,0.0,0.0,0.0,0.0,0.0,0.0,0.0,0.0,0.0,0.0,0.0,0.0,0.0,0.0,0.0,0.0
Si39,0.0,0.0,0.0,0.0,0.0,0.0,0.0,0.0,0.0,0.0,0.0,0.0,0.0,0.0,0.0,0.0,0.0,0.0,0.0,0.0,0.0,0.0,0.0,0.0,0.0,0.0,0.0,0.0,0.0,0.0,0.0,0.0,0.0,0.0,0.0,0.0,0.0,0.0,0.0,0.0,0.0,0.0,0.0,0.0,0.0,0.0,0.0,0.0,0.0,0.0,0.0,0.0,0.0,0.0,0.0,0.0,0.0,0.0,0.0,0.0,0.0,0.0,0.0,0.0,0.0,0.0,0.0,0.0,0.0,0.0,0.0,0.0,0.0,0.0,0.0,0.0,0.0,0.0,0.0,0.0,0.0,0.0,0.0,0.0,0.0,0.0,0.0,0.0,0.0,0.0,0.0,0.0,0.0,0.0,0.0,0.0,0.0,0.0,0.0,0.0,0.0,0.0,0.0,0.0,0.0,0.0,0.0,0.0,0.0,0.0,0.0,0.0,0.0,0.0,0.0,0.0,0.0,0.0,0.0,0.0,0.0,0.0
Si40,0.0,0.0,0.0,0.0,0.0,0.0,0.0,0.0,0.0,0.0,0.0,0.0,0.0,0.0,0.0,0.0,0.0,0.0,0.0,0.0,0.0,0.0,0.0,0.0,0.0,0.0,0.0,0.0,0.0,0.0,0.0,0.0,0.0,0.0,0.0,0.0,0.0,0.0,0.0,0.0,0.0,0.0,0.0,0.0,0.0,0.0,0.0,0.0,0.0,0.0,0.0,0.0,0.0,0.0,0.0,0.0,0.0,0.0,0.0,0.0,0.0,0.0,0.0,0.0,0.0,0.0,0.0,0.0,0.0,0.0,0.0,0.0,0.0,0.0,0.0,0.0,0.0,0.0,0.0,0.0,0.0,0.0,0.0,0.0,0.0,0.0,0.0,0.0,0.0,0.0,0.0,0.0,0.0,0.0,0.0,0.0,0.0,0.0,0.0,0.0,0.0,0.0,0.0,0.0,0.0,0.0,0.0,0.0,0.0,0.0,0.0,0.0,0.0,0.0,0.0,0.0,0.0,0.0,0.0,0.0,0.0,0.0
Si41,0.0,0.0,0.0,0.0,0.0,0.0,0.0,0.0,0.0,0.0,0.0,0.0,0.0,0.0,0.0,0.0,0.0,0.0,0.0,0.0,0.0,0.0,0.0,0.0,0.0,0.0,0.0,0.0,0.0,0.0,0.0,0.0,0.0,0.0,0.0,0.0,0.0,0.0,0.0,0.0,0.0,0.0,0.0,0.0,0.0,0.0,0.0,0.0,0.0,0.0,0.0,0.0,0.0,0.0,0.0,0.0,0.0,0.0,0.0,0.0,0.0,0.0,0.0,0.0,0.0,0.0,0.0,0.0,0.0,0.0,0.0,0.0,0.0,0.0,0.0,0.0,0.0,0.0,0.0,0.0,0.0,0.0,0.0,0.0,0.0,0.0,0.0,0.0,0.0,0.0,0.0,0.0,0.0,0.0,0.0,0.0,0.0,0.0,0.0,0.0,0.0,0.0,0.0,0.0,0.0,0.0,0.0,0.0,0.0,0.0,0.0,0.0,0.0,0.0,0.0,0.0,0.0,0.0,0.0,0.0,0.0,0.0
Si42,0.0,0.0,0.0,0.0,0.0,0.0,0.0,0.0,0.0,0.0,0.0,0.0,0.0,0.0,0.0,0.0,0.0,0.0,0.0,0.0,0.0,0.0,0.0,0.0,0.0,0.0,0.0,0.0,0.0,0.0,0.0,0.0,0.0,0.0,0.0,0.0,0.0,0.0,0.0,0.0,0.0,0.0,0.0,0.0,0.0,0.0,0.0,0.0,0.0,0.0,0.0,0.0,0.0,0.0,0.0,0.0,0.0,0.0,0.0,0.0,0.0,0.0,0.0,0.0,0.0,0.0,0.0,0.0,0.0,0.0,0.0,0.0,0.0,0.0,0.0,0.0,0.0,0.0,0.0,0.0,0.0,0.0,0.0,0.0,0.0,0.0,0.0,0.0,0.0,0.0,0.0,0.0,0.0,0.0,0.0,0.0,0.0,0.0,0.0,0.0,0.0,0.0,0.0,0.0,0.0,0.0,0.0,0.0,0.0,0.0,0.0,0.0,0.0,0.0,0.0,0.0,0.0,0.0,0.0,0.0,0.0,0.0
Sm163,49662387.53518255,33452766.48252327,22503330.11269556,15136803.338401671,10181699.47380584,6848671.26526438,4606725.814671238,3098691.9802913982,2084320.2688581282,1402008.0120262634,943053.951522826,634340.7083654782,426686.22896902956,287008.44134839275,193054.84876853798,129857.41624164167,87347.9669664901,58754.190203365724,39520.723679551804,26583.42485445429,17881.21297379117,12027.711973331487,8090.382656112937,5441.957012893386,3660.5062317791653,2462.2219251544466,1656.2017450150927,1114.0361444141479,749.3510587080256,504.04738841048663,339.0450534646199,228.0570258310962,153.40146242939562,103.1847564867638,69.40673056577386,46.686103760373506,31.403183330453132,21.12320034988843,14.208419201528395,9.557224893122168,6.428621394270841,4.324181286203468,2.9086397610250208,1.9564825569197024,1.3160185894530003,0.885213579676675,0.595434660212281,0.40051626265337165,0.26940533927372484,0.18121420675495709,0.12189286529493479,0.08199065004820694,0.05515061672446291,0.037096797297012346,0.024952982422138528,0.016784503707270214,0.011290015755768858,0.007594174840588091,0.005108185210454892,0.003435996232908616,0.0023112063533637724,0.0015546218464003584,0.0010457089137833725,0.0007033910753910712,0.00047313262650671177,0.0003182503874401318,0.00021406959366467886,0.00014399288340342193,9.685612102066846e-05,6.514980433364547e-05,4.382270278825788e-05,2.9477130427484865e-05,1.982765012092709e-05,1.3336973566169648e-05,8.971051174489387e-06,6.034334459464713e-06,4.058966074369298e-06,2.730244023355375e-06,1.8364855213100128e-06,1.2353031601315987e-06,8.309207340456445e-07,5.589148385189911e-07,3.7595138009824937e-07,2.528818890768736e-07,1.7009978738840128e-07,1.144168045216701e-07,7.696191369750488e-08,5.176806138525194e-08,3.48215377039682e-08,2.3422539991314335e-08,1.575505896117276e-08,1.0597564694609428e-08,7.128400962078803e-09,4.794884649490569e-09,3.22525611623503e-09,2.1694530266576178e-09,1.4592721524292499e-09,9.815724003650301e-10,6.602499578673203e-10,4.441139611318367e-10,2.9873112163355286e-10,2.0094005332552292e-10,1.3516136119220116e-10,9.091564004779833e-11,6.115396835599327e-11,4.113492292106883e-11,2.7669208216745995e-11,1.861155993438172e-11,1.2518976346473108e-11,8.420829275789539e-12,5.664230343559301e-12,3.810017319450971e-12,2.562789839756874e-12,1.72384826946338e-12,1.1595382539887886e-12,7.799578340394822e-13,5.246348887472261e-13,3.528931366267692e-13,2.37371872419032e-13,1.5966704922150375e-13,1.0739927333133382e-13,7.224160506715926e-14
Sm164,2189626.7166752354,1244032.5705455588,706794.918417929,401564.29062169144,228148.04591896143,129621.91129110541,73644.46107387316,41840.97112008392,23771.874201314266,13505.94854553599,7673.38092781009,4359.617887241326,2476.909240081051,1407.2516312848322,799.5275408997292,454.2501670959398,258.08143403601287,146.62851313826243,83.30673202217822,47.330573376754984,26.89078207480277,15.277950572001096,8.680140764638614,4.931606719033411,2.801883689524252,1.5918852935541326,0.9044268316020664,0.5138485147352968,0.2919421304960177,0.16586640831774938,0.09423670835547894,0.053540420219766,0.030418895644103487,0.01728244209531348,0.009818989100472532,0.0055786413993739225,0.003169495305918098,0.001800743187286472,0.0010230890768331152,0.0005812662608000851,0.0003302454044278942,0.00018762834607951375,0.0001066007150455907,6.056500888951751e-05,3.440990335025954e-05,1.954992610888787e-05,1.110725615740775e-05,6.310568063486681e-06,3.5853381536842273e-06,2.037003570350756e-06,1.157319998214924e-06,6.575293228561002e-07,3.735741290934744e-07,2.1224548484279528e-07,1.205868991663538e-07,6.85112348153209e-08,3.892453764355274e-08,2.2114907647607242e-08,1.256454591036623e-08,7.138524675267253e-09,4.055740247433589e-09,2.304261693125948e-09,1.3091622309312106e-09,7.437982204927908e-10,4.225876516577509e-10,2.400924315405017e-10,1.3640809298828276e-10,7.75000182775904e-11,4.403149916876827e-11,2.5016418862056584e-11,1.4213034407099152e-11,8.075110517268379e-12,4.587859847403767e-12,2.6065845085845218e-12,1.4809264071651291e-12,8.413857353238025e-13,4.780318266871438e-13,2.715929421336157e-13,1.5430505271580757e-13,8.766814449071476e-14,4.980850220504474e-14,2.829861298333634e-14,1.6077807228251554e-14,9.134577918042611e-15,5.1897943890116995e-15,2.948572560426393e-15,1.6752263177337727e-15,9.517768880078113e-16,5.407503660587766e-16,3.0722637004219925e-16,1.7455012215201519e-16,9.91703451077409e-17,5.634345726910102e-17,3.201143621700691e-17,1.818724122272613e-17,1.0333049134418256e-17,5.870703704137576e-18,3.335429991034783e-18,1.8950186869852597e-18,1.0766515362864018e-18,6.116976779959765e-19,3.475349606208478e-19,1.9745137704205676e-19,1.1218165282179587e-19,6.373580887789619e-20,3.6211387790592854e-20,2.057343632733671e-20,1.1688761689076592e-20,6.640949409238121e-21,3.773043734587781e-21,2.143648166225875e-21,1.2179099379206106e-21,6.919533906057475e-22,3.931321026809786e-22,2.233573131610345e-22,1.2690006489498066e-22,7.209804882788877e-23,4.0962379720534255e-23,2.3272704041890636e-23,1.3222345896811309e-23,7.512252581403078e-24,4.268073100432717e-24
Sm165,92378.0440336009,37286.399078496834,15049.84837885549,6074.545727778822,2451.858973590676,989.6398341173228,399.4467103617623,161.22802348709612,65.07620386712782,26.26660191052286,10.60194564106085,4.279246008254279,1.727225079162719,0.6971570384909247,0.2813923571287195,0.11357793765068264,0.04584327752399272,0.01850364725414771,0.00746859692845339,0.0030145375835134323,0.001216752882699327,0.0004911159793309395,0.00019822834084362687,8.001058154766015e-05,3.2294540388877925e-05,1.303499260666689e-05,5.26129278230499e-06,2.123607015087735e-06,8.57148032076277e-07,3.4596926063642756e-07,1.3964300777239008e-07,5.63638792181949e-08,2.275006053794977e-08,9.182569788654696e-09,3.7063456505031723e-09,1.4959862431948184e-09,6.038224846957603e-10,2.4371988357695106e-10,9.837225866256261e-11,3.9705834141836495e-11,1.6026401003019925e-11,6.468710068956084e-12,2.610954883028882e-12,1.0538554562722108e-12,4.2536595708093067e-13,1.7168976671943176e-13,6.929886020607075e-14,2.7970985793861008e-14,1.1289883324976178e-14,4.5569171723490026e-15,1.8393010377450505e-15,7.423940746559885e-16,2.996513081730327e-16,1.2094776824750024e-16,4.8817950214333536e-17,1.970430953510714e-17,7.953218284476768e-18,3.2101445101558406e-18,1.2957053871131919e-18,5.2298344977393105e-19,2.11090955905355e-19,8.52022978629594e-20,3.439006436819258e-20,1.3880805528868025e-20,5.602686871050474e-21,2.261403353700123e-21,9.1276654323666e-22,3.6841846948223887e-22,1.487041452837772e-22,6.002121135689906e-23,2.4226263537406344e-23,9.778407194982458e-24,3.946842529936477e-24,1.5930576059573993e-24,6.43003240349588e-25,2.5953434800720358e-25,1.0475542511870232e-25,4.2282261196099825e-26,1.7066320048144497e-26,6.888450895160854e-27,2.7803741873574758e-27,1.1222378934506773e-27,4.529670485444944e-28,1.8283035019983308e-28,7.379551572593063e-29,2.9785963519207037e-29,1.2022459820763636e-29,4.8526058271934715e-30,1.9586493666997614e-30,7.905664458001368e-31,3.1909504368214238e-31,1.287958114633288e-31,5.198564308326071e-32,2.0982880235586213e-32,8.469285688662072e-33,3.418443953872772e-33,1.3797809514695169e-33,5.569187325365699e-34,2.247881986773405e-34,9.073089359817045e-35,3.662156243770975e-35,1.478150145107924e-35,5.966233295477112e-36,2.4081410033931776e-36,9.71994021189168e-37,3.923243597016382e-37,1.5835324071951796e-37,6.391585999259293e-38,2.579825420705273e-38,1.0412907222226907e-38,4.2029447399220946e-39,1.6964277228104427e-39,6.847263518323501e-40,2.763749793695326e-40,1.1155278165811181e-40,4.502586711738413e-41,1.8173717226395252e-41,7.335427810061111e-42,2.9607867496951704e-42,1.1950575214095744e-42,4.823591160777224e-43,1.9469382242692915e-43
Sn133,49921857585746.99,31053662699569.094,19316480078112.17,12015533625600.105,7474086755813.019,4649146227857.396,2891933336360.3994,1798884787026.1062,1118969941771.3982,696038867868.7041,432960786075.2732,269316917391.28418,167524645016.08142,104206252468.68474,64819973518.074715,40320315406.66478,25080661812.359467,15601058439.18992,9704409965.094204,6036486122.893446,3754907804.0760064,2335685418.647615,1452878914.6197238,903742055.1988528,562159512.4799663,349683093.37134665,217515248.030445,135302175.09115326,84162736.86631273,52352198.12287659,32564918.2802888,20256530.587556887,12600278.247680848,7837818.585602518,4875400.286666129,3032671.360738947,1886428.8143477407,1173425.4221117848,729912.1020552857,454031.1354154496,282423.41967776854,175677.3528526847,109277.52500320028,67974.48434254776,42282.53267540561,26301.230332801264,16360.295215273076,10176.682084604963,6330.256079635843,3937.6431041691603,2449.3532363864306,1523.5843162740214,947.7233150008368,589.5174111484057,366.70067365263844,228.10078466613342,141.88675315767685,88.25857723854016,54.89995565347036,34.14971354689905,21.24232927793891,13.2134798885701,8.21925168757139,5.112665162648206,3.180258502715378,1.978233234983588,1.2305310177308784,0.7654338016469304,0.4761268885233477,0.29616775936358813,0.18422681810407124,0.11459559467809917,0.07128251171449276,0.04434024266465007,0.027581198701789378,0.017156480797387897,0.010671937667888357,0.006638322563484836,0.004129271349613442,0.0025685527805668165,0.0015977306473635218,0.0009938449545745097,0.0006182067017135195,0.00038454642676847883,0.00023920147408711118,0.00014879177447121451,9.255374464051302e-05,5.757170164429025e-05,3.58116340197038e-05,2.227610257353576e-05,1.3856523430169644e-05,8.619247506919917e-06,5.361476705173486e-06,3.3350280795440477e-06,2.0745053840511572e-06,1.2904156984026383e-06,8.026841904030966e-07,4.992979474138715e-07,3.105809772664277e-07,1.9319234925637016e-07,1.2017247205445555e-07,7.47515266275625e-08,4.649809259660649e-08,2.8923457655851937e-08,1.7991413325864336e-08,1.1191295221807555e-08,6.961381325257035e-09,4.330225322016866e-09,2.693553256651076e-09,1.6754853632042373e-09,1.0422111370472473e-09,6.482921773234917e-10,4.0326065634796684e-10,2.5084238657571776e-10,1.5603283363380613e-10,9.705793946608788e-11,6.037347008329782e-11,3.7554433052562444e-11,2.336018519315755e-11,1.4530861150129467e-11,9.03870941169545e-12,5.622396841108349e-12
Sn134,6411906908826.389,3313539481987.526,1712367261169.3652,884915255074.3945,457305524591.89514,236325842077.03247,122128206702.20337,63113279280.87669,32615610505.923134,16855059042.961315,8710338728.447826,4501319192.707393,2326186742.7108197,1202124206.3282673,621232414.7958636,321039798.6842576,165906591.29256195,85737024.34129675,44307084.399905145,22896965.961935617,11832668.688602779,6114873.408424474,3160037.5016899146,1633040.6772328478,843920.9509605388,436120.53355397837,225377.88589194612,116470.53404064536,60189.51347434702,31104.670053408852,16074.236910783162,8306.826332519391,4292.79250403157,2218.424551688029,1146.434980705519,592.4533985098503,306.1674105494099,158.22085503822532,81.76519807939222,42.254528427033584,21.836248361526124,11.284512222864894,5.8315977176899665,3.0136466042422434,1.5573889515236357,0.8048257360082043,0.41591695170781934,0.21493710126108753,0.11107495693268334,0.05740119311747267,0.029663724950226643,0.015329586897643244,0.007922006924170867,0.004093925956756182,0.002115654517829923,0.0010933255965285482,0.0005650075898264411,0.0002919839959615802,0.0001508911657697919,7.7977369384186e-05,4.029705851271971e-05,2.0824669229055523e-05,1.076174948011865e-05,5.5614449669742265e-06,2.874037365190738e-06,1.4852418437229497e-06,7.675416336137812e-07,3.966493146017259e-07,2.049799931155086e-07,1.0592933362263044e-07,5.474204360720889e-08,2.8289532613970416e-08,1.4619433305400127e-08,7.555014537974231e-09,3.904272038227255e-09,2.017645376043246e-09,1.0426765408788187e-09,5.388332269920741e-10,2.7845763775022525e-10,1.4390102936724845e-10,7.436501444262123e-11,3.843026973030063e-11,1.9859952191405795e-11,1.026320407878747e-11,5.303807227110125e-12,2.740895619574297e-12,1.4164370000104424e-12,7.319847427499592e-13,3.7827426395580854e-13,1.9548415481139048e-13,1.0102208482993168e-13,5.2206081015786064e-14,2.697900067708055e-14,1.394217806377423e-14,7.205023324941855e-15,3.723403967120414e-15,1.924176574748274e-15,9.943738373554408e-16,5.1387140940864e-16,2.6555789732954526e-16,1.3723471581196637e-16,7.092000431310771e-17,3.664996121435225e-17,1.8939926329999728e-17,9.787754133975477e-18,5.058104731664777e-18,2.6139217563384028e-18,1.3508195877174782e-18,6.980750491618721e-19,3.607504500921331e-19,1.8642821770800637e-19,9.634216769211929e-20,4.978759862497908e-20,2.572918002803855e-20,1.3296297134184103e-20,6.87124569410501e-21,3.55091473304788e-21,1.8350377795679798e-21,9.483087895922096e-22,4.90065965088501e-22,2.532557462020352e-22,1.3087722378918302e-22
Sn135,227024765474.32205,61389219499.6185,16600110842.08607,4488795951.726602,1213804491.3021226,328221946.1409238,88753705.14815545,23999675.43347511,6489694.373329713,1754862.6095369237,474528.16745986394,128316.01772644572,34697.62499728991,9382.501123275051,2537.099508543693,686.0509614312512,185.5133864855418,50.1642275867326,13.56478784117083,3.668021576886417,0.9918608714003317,0.2682067069654778,0.07252512901301011,0.019611345286122146,0.005303056597976013,0.0014339867495595836,0.0003877608997605801,0.00010485349005443298,2.8353179455131745e-05,7.666914899995903e-06,2.07319197400065e-06,5.606068434466392e-07,1.5159234497359976e-07,4.099172053147125e-08,1.1084472322285614e-08,2.9973254371986263e-09,8.104995452436155e-10,2.191652280020921e-10,5.926394092025231e-11,1.602541938525775e-11,4.33339502040495e-12,1.1717829001183665e-12,3.168589889784612e-13,8.568107529672163e-14,2.3168813003128982e-14,6.26502286665977e-15,1.6941097290771446e-15,4.581001275233962e-16,1.2387375105346311e-16,3.3496402376075846e-17,9.057681410291094e-18,2.449265793061093e-18,6.623000581852426e-19,1.7909096199966187e-19,4.8427555265280553e-20,1.3095178465657176e-20,3.5410356378314684e-21,9.575229097699254e-22,2.5892146154613218e-22,7.001432818489298e-23,1.8932405687461743e-23,5.119466177952606e-24,1.3843425066978101e-24,3.7433671973525766e-25,1.0122348989803977e-25,2.7371599864381423e-26,7.401488329343931e-27,2.0014186149455647e-27,5.411987824624027e-28,1.4634425799360002e-28,3.957259798378273e-29,1.0700730815516995e-29,2.893558821512822e-30,7.824402648661673e-31,2.115777856431335e-31,5.721223892447383e-32,1.5470623595012139e-32,4.183374028317617e-33,1.1312160853325095e-33,3.058894143944452e-34,8.271481907992236e-35,2.2366714810869023e-35,6.048129428263231e-36,1.635460097307089e-36,4.422408219944099e-37,1.195852744804498e-37,3.2336765765023146e-38,8.74410687005548e-39,2.3644728576304733e-39,6.39371404942097e-40,1.7289088015469983e-40,4.67510060813148e-41,1.2641826842800778e-41,3.418445918476874e-42,9.243737193098771e-43,2.499576688729635e-43,6.75904506188815e-44,1.8276970798544678e-44,4.9422316098235646e-45,1.3364169344235194e-45,3.613772812799673e-46,9.771915938915718e-47,2.6424002300038443e-47,7.145250756525763e-48,1.932130030641033e-48,5.224626234279392e-49,1.4127785839995509e-49,3.8202605084209794e-50,1.033027433844902e-50,2.793384578679595e-51,7.553523893709605e-52,2.0425301853642923e-52,5.523156631037568e-53,1.4935034688622503e-53,4.038546723388046e-54,1.0920536829695591e-54,2.9529960358781955e-55,7.985125387059759e-56,2.1592385046363253e-56,5.838744783469008e-57,1.5788409003121418e-57,4.269305614378004e-58
Sn136,5674417415.250195,354651088.45313746,22165693.028321102,1385355.814270069,86584.7383918793,5411.546149492457,338.22163434327854,21.13885214645491,1.3211782591534318,0.08257364119708949,0.005160852574818093,0.0003225532859261308,2.0159580370383175e-05,1.2599737731489485e-06,7.874836082180928e-08,4.92177255136308e-09,3.076107844601925e-10,1.922567402876203e-11,1.201604626797627e-12,7.510028917485168e-14,4.69376807342823e-15,2.933605045892644e-16,1.8335031536829024e-17,1.145939471051814e-18,7.162121694073838e-20,4.4763260587961485e-21,2.797703786747593e-22,1.7485648667172455e-23,1.0928530416982784e-24,6.83033151061424e-26,4.2689571941339e-27,2.6680982463336876e-28,1.6675614039585548e-29,1.0422258774740967e-30,6.513911734213105e-32,4.07119483388319e-33,2.544496771176994e-34,1.5903104819856212e-35,9.939440512410133e-37,6.212150320256333e-38,3.882593950160208e-39,2.42662121885013e-40,1.5166382617813313e-41,9.47898913613332e-43,5.924368210083325e-44,3.7027301313020783e-45,2.314206332063799e-46,1.4463789575398743e-47,9.039868484624215e-49,5.649917802890134e-50,3.531198626806334e-51,2.2069991417539587e-52,1.3793744635962242e-53,8.621090397476401e-55,5.388181498422751e-56,3.367613436514219e-57,2.104758397821387e-58,1.3154739986383668e-59,8.221712491489793e-61,5.1385703071811205e-62,3.2116064419882003e-63,2.0072540262426252e-64,1.2545337664016407e-65,7.840836040010255e-67,4.900522525006409e-68,3.0628265781290057e-69,1.9142666113306286e-70,1.1964166320816429e-71,7.477603950510268e-73,4.6735024690689174e-74,2.9209390431680734e-75,1.825586901980046e-76,1.1409918137375287e-77,7.131198835859554e-79,4.4569992724122214e-80,2.7856245452576384e-81,1.741015340786024e-82,1.088134587991265e-83,6.800841174945406e-85,4.250525734340879e-86,2.6565785839630493e-87,1.6603616149769058e-88,1.0377260093605661e-89,6.485787558503538e-91,4.0536172240647114e-92,2.5335107650404446e-93,1.583444228150278e-94,9.896526425939237e-96,6.185329016212023e-97,3.8658306351325144e-98,2.4161441469578215e-99,1.5100900918486384e-100,9.43806307405399e-102,5.898789421283744e-103,3.68674338830234e-104,2.3042146176889625e-105,1.4401341360556015e-106,9.00083835034751e-108,5.6255239689671935e-109,3.515952480604496e-110,2.19747030037781e-111,1.3734189377361312e-112,8.58386836085082e-114,5.364917725531763e-115,3.3530735784573516e-116,2.0956709865358448e-117,1.309794366584903e-118,8.186214791155644e-120,5.116384244472277e-121,3.1977401527951733e-122,1.9985875954969833e-123,1.2491172471856146e-124,7.806982794910091e-126,4.879364246818807e-127,3.0496026542617543e-128,1.9060016589135964e-129,1.1912510368209978e-130,7.445318980131236e-132,4.6533243625820226e-133,2.908327726613764e-134,1.8177048291336026e-135,1.1360655182085016e-136
Sn137,6715150804.950098,174858751.03129753,4553223.553771333,118563.38106239437,3087.32377467019,80.39217509011291,2.093367034822833,0.054510100486407795,0.0014194123656340789,3.696069986547372e-05,9.624358414937209e-07,2.5061288134779073e-08,6.525818510661898e-10,1.6992864454959076e-11,4.4248463531867883e-13,1.1522051094567842e-14,3.000277316526924e-16,7.812553426628965e-18,2.034344982302713e-19,5.297319942688664e-21,1.3793923262436813e-22,3.5918600543017734e-24,9.353001611094637e-26,2.435469027596732e-27,6.341824401427403e-29,1.6513754140502034e-30,4.3000887213396916e-32,1.1197189236360205e-33,2.915685115348032e-35,7.59228009137898e-37,1.9769870444006808e-38,5.1479630976288795e-40,1.340500643623722e-41,3.4905882996388873e-43,9.089295656463702e-45,2.36680147982954e-46,6.163017968218153e-48,1.6048152242711705e-49,4.1788486052347725e-51,1.0881486791355279e-52,2.8334779738637394e-54,7.378217317461829e-56,1.9212463017477295e-57,5.002817338062807e-59,1.3027055039873893e-60,3.3921718812467506e-62,8.833024836926242e-64,2.3000699994329205e-65,5.989252945576801e-67,1.5595677894561642e-68,4.061026829239962e-70,1.0574685511783787e-71,2.7535886458070575e-73,7.170189999379505e-75,1.8670771578567987e-76,4.861763933302031e-78,1.2659759905310428e-79,3.2965302935071317e-81,8.583979520379181e-83,2.235219999385993e-84,5.820387191970405e-86,1.5155960967492664e-87,3.94652701395968e-89,1.0276534431119073e-90,2.6759517809056315e-92,6.968027968697459e-94,1.814435301824381e-95,4.724687500245421e-97,1.2302820581439461e-98,3.203585300641117e-100,8.34195598525346e-102,2.1721984317377045e-103,5.656282573517293e-105,1.4728641768644213e-106,3.8352554973955915e-108,9.98678965878407e-110,2.6005038714245835e-111,6.771565854845107e-113,1.763277672083784e-114,4.591475908994659e-116,1.195594508831085e-117,3.113260872711479e-119,8.106756253867661e-121,2.1109537442130373e-122,5.496804850992118e-124,1.4313370746621717e-125,3.727121258330082e-127,9.705214180646237e-129,2.5271832002165296e-130,6.580642949841006e-132,1.7135624211803006e-133,4.46202019113077e-135,1.1618849678288888e-136,3.0254831234294025e-138,7.878187930480386e-140,2.0514358380427785e-141,5.341823570016895e-143,1.3909808205560373e-144,3.622035841870061e-146,9.431577665137785e-148,2.4559297902363806e-149,6.395103076832269e-151,1.665248881539615e-152,4.336214450576976e-154,1.1291258603944173e-155,2.9401802497148e-157,7.656064043908531e-159,1.9935960269821833e-160,5.191211954347949e-162,1.3517624027250264e-163,3.5199132870899207e-165,9.165656274842024e-167,2.3866853554794644e-168,6.21479446234014e-170,1.6182975322012854e-171,4.2139557769745586e-173,1.0972903892489254e-174,2.8572824729606264e-176,7.440202894583027e-178,1.9373869974851636e-179,5.044846802171693e-181,1.3136497401096478e-182
Sr100,3086999162132.355,462390057519.3673,14954577968.797857,483644951.2995107,15641527.23874299,505861.5285923185,16360.03199712622,529.0986402776991,17.111541786280426,0.5534031653340504,0.0178975727159369,0.0005788241361592003,1.8719710539413543e-05,6.054128374892933e-07,1.957961385274283e-08,6.332229098615683e-10,2.047901744075415e-11,6.623104578297672e-13,2.141973577686069e-14,6.927341631504962e-16,2.2403666683611658e-17,7.245554031688888e-19,2.343279516139455e-20,7.578383746423946e-22,2.450919739301159e-23,7.926502232525004e-25,2.56350449322093e-26,8.290611790656768e-28,2.6812609084611126e-29,8.671446982168021e-31,2.804426548989137e-32,9.069776111009292e-34,2.9332498914434435e-35,9.486402773723507e-37,3.06799082641487e-38,9.922167480636367e-40,3.2089211827547026e-41,1.0377949351517518e-42,3.356325275967236e-44,1.0854667889132953e-45,3.51050048179312e-47,1.1353284834266921e-48,3.6717578361406814e-50,1.1874806105955523e-51,3.8404226625755e-53,1.2420283830846355e-54,4.016835228634177e-56,1.2990818465778253e-57,4.201351432286364e-59,1.3587561017863262e-60,4.394343519929886e-62,1.4211715366549613e-63,4.5962008373675125e-65,1.4864540692350393e-66,4.8073306152803625e-68,1.5547354017137561e-69,5.028158790782615e-71,1.6261532861126196e-72,5.259130866714898e-74,1.7008518021909218e-75,5.50071281040996e-77,1.7789816481149116e-78,5.753391993743771e-80,1.8607004444790542e-81,6.017678176368557e-83,1.9461730522927342e-84,6.294104534111322e-86,2.03557190557389e-87,6.583228734612604e-89,2.1290773592206033e-90,6.885634062375514e-92,2.2268780528623968e-93,7.201930595494628e-95,2.3291712914252963e-96,7.532756436438828e-98,2.4361634431784535e-99,7.878778999370997e-101,2.5480703560652856e-102,8.240696356601721e-104,2.665117793159117e-105,8.619238646893168e-107,2.7875418881217633e-108,9.015169548454619e-110,2.9155896215839538e-111,9.429287819600949e-113,3.049519319408602e-114,9.862428910182382e-116,3.189601173842195e-117,1.0315466647036524e-118,3.336117788605613e-120,1.0789314996862692e-121,3.489364749024088e-123,1.1284929910075265e-124,3.649651218346506e-126,1.1803311249355664e-127,3.8173005614570644e-129,1.2345504806793847e-130,3.992650997237553e-132,1.2912604413688601e-133,4.1760562808963706e-135,1.350575414726292e-136,4.367886417640834e-138,1.4126150638746608e-139,4.568528409132499e-141,1.4775045487482216e-142,4.77838703423147e-144,1.5453747785924642e-145,4.9978856656047573e-147,1.616362676062852e-148,5.227467123846113e-150,1.6906114534551025e-151,5.467594570830459e-153,1.768270901624328e-154,5.71875244410523e-156,1.8494976921758768e-157,5.981447434203628e-159,1.934455693537513e-160,6.256209506851457e-162,2.0233163015506195e-163,6.543592972129786e-165,2.116258785247329e-166,6.844177602750309e-168
Sr101,1615250027631.917,4542313182.560448,12769544.809240881,35898.28972030205,100.9188051801319,0.28370725509036065,0.0007975699518760571,2.2421627107596284e-06,6.303263569164914e-09,1.772000374089754e-11,4.9815231289625854e-14,1.4004270567457716e-16,3.9369403503583626e-19,1.106769484895317e-21,3.111397643055336e-24,8.746893933496849e-27,2.4589641781921037e-29,6.912745113412716e-32,1.9433404287387777e-34,5.463201608060131e-37,1.535838567907586e-39,4.317614973594183e-42,1.213786360737257e-44,3.412248054822199e-47,9.59265745955955e-50,2.696728832665078e-52,7.581159264349532e-55,2.1312478694653685e-57,5.991455030446977e-60,1.684343426035819e-62,4.73509817300328e-65,1.3311510207124583e-67,3.742188599270234e-70,1.0520200408976072e-72,2.957483667888974e-75,8.314204393261489e-78,2.3373246467416738e-80,6.5707868677053685e-83,1.84720766629477e-85,5.192949080708443e-88,1.4598640232433627e-90,4.104032088967741e-93,1.1537430280566013e-95,3.243451673702738e-98,9.118129864121696e-101,2.5633276084571547e-103,7.206136045652375e-106,2.025819740602947e-108,5.69507097204e-111,1.6010226737606632e-113,4.500863315804413e-116,1.2653019173032783e-118,3.5570707875300534e-121,9.999789310733301e-124,2.8111834774165584e-126,7.902919049721799e-129,2.2217023544778412e-131,6.24574454177933e-134,1.755830379462982e-136,4.936065349491271e-139,1.3876477716429707e-141,3.901014678308825e-144,1.0966699065399673e-146,3.083005277057224e-149,8.667076101642158e-152,2.4365254484208405e-154,6.849664397982555e-157,1.925606908616453e-159,5.413348378941787e-162,1.5218236152282414e-164,4.278215540081463e-167,1.2027102237238873e-169,3.381110345418498e-172,9.505121801076895e-175,2.67212043451142e-177,7.511979084502144e-180,2.111799641856917e-182,5.936781342413132e-185,1.6689733253592762e-187,4.691889089566141e-190,1.3190038986423543e-192,3.708040090936179e-195,1.0424200663957363e-197,2.9304958095804877e-200,8.238334973406568e-203,2.315995911414378e-205,6.510826616060939e-208,1.8303513842785448e-210,5.1455619808184234e-213,1.4465423593448506e-215,4.06658165848417e-218,1.1432148030984478e-220,3.2138542780684934e-223,9.034924401490357e-226,2.5399365334543106e-228,7.14037805663512e-231,2.0073335738959118e-233,5.64310187069923e-236,1.586412898045833e-238,4.4597916903710575e-241,1.2537556865557012e-243,3.524611530544321e-246,9.908538461248334e-249,2.785530648901759e-251,7.830802722638383e-254,2.201428704618913e-256,6.188750391463405e-259,1.7398079405196388e-261,4.891022384858913e-264,1.3749851010592584e-266,3.86541683797563e-269,1.086662489636795e-271,3.0548719992694445e-274,8.587986629629309e-277,2.4142914782789388e-279,6.787159311567193e-282,1.9080352117811262e-284,5.363950074358885e-287,1.5079365528771576e-289,4.239175637321393e-292,1.1917351595311574e-294,3.350256776244722e-297
Sr102,61961450511.8916,2687658.451626693,116.57905170687891,0.00505669731087857,2.1933775682211715e-07,9.513927492606734e-12,4.1267321069571184e-16,1.789998704091939e-20,7.764243662071365e-25,3.367794597069107e-29,1.4608042897280753e-33,6.336340033163132e-38,2.7484314838190524e-42,1.1921512389979597e-46,5.1710387725202594e-51,2.2429739711031404e-55,9.729055333681461e-60,4.220045301697492e-64,1.830473950202137e-68,7.939807852348981e-73,3.443946783578155e-77,1.4938358293657365e-81,6.479616629785168e-86,2.810578702400987e-90,1.2191080265580333e-94,5.287965710223978e-99,2.2936918421784746e-103,9.949047620910628e-108,4.315468483732149e-112,1.8718644179512822e-116,8.119341880031132e-121,3.5218209146247726e-125,1.5276142744023614e-129,6.626132980434316e-134,2.87413118678642e-138,1.246674357917409e-142,5.407536586478985e-147,2.3455565399578077e-151,1.0174014348594777e-155,4.413049363852659e-160,1.9141908022264776e-164,8.30293551062753e-169,3.601455926622052e-173,1.5621565137774756e-177,6.775962342058365e-182,2.9391207126850917e-186,1.2748640160108052e-190,5.5298111857215816e-195,2.3985939963554786e-199,1.0404067998212865e-203,4.512836731681493e-208,1.9574742658652328e-212,8.49068053941524e-217,3.6828916364087715e-221,1.5974798183213495e-225,6.929179628082796e-230,3.0055797743154436e-234,1.3036910954310933e-238,5.654850644226969e-243,2.4528307296553398e-247,1.0639323594662332e-251,4.6148804800665644e-256,2.0017364502367405e-260,8.682670837335739e-265,3.766168761157566e-269,1.6336018493903249e-273,7.085861445866956e-278,3.0735416006514915e-282,1.3331700094764598e-286,5.7827174806767725e-291,2.50829385776962e-295,1.0879898763770286e-299,4.7192316300270764e-304,2.046999486062334e-308,8.8790023979e-313,3.851329e-317,1.67e-321,0.0,0.0,0.0,0.0,0.0,0.0,0.0,0.0,0.0,0.0,0.0,0.0,0.0,0.0,0.0,0.0,0.0,0.0,0.0,0.0,0.0,0.0,0.0,0.0,0.0,0.0,0.0,0.0,0.0,0.0,0.0,0.0,0.0,0.0,0.0,0.0,0.0,0.0,0.0,0.0,0.0,0.0,0.0,0.0,0.0
Sr103,736844060.0641075,27571.72168254752,1.0316970411266144,3.8604726861984825e-05,1.4445373754886574e-09,5.405266139153749e-14,2.022578476046603e-18,7.568218819300285e-23,2.8319265123778174e-27,1.0596691193780593e-31,3.965140471179224e-36,1.483702664225146e-40,5.551817424450819e-45,2.077416011821525e-49,7.773413562135199e-54,2.9087076475840077e-58,1.0883995958128005e-62,4.072646080981759e-67,1.5239298291497032e-71,5.702342108775662e-76,2.1337403405023695e-80,7.984171685666719e-85,2.9875705256241988e-89,1.1179090326428899e-93,4.183066456660318e-98,1.5652476605783345e-102,5.856947921649753e-107,2.191591773038822e-111,8.200644028090561e-116,3.0685715881388357e-120,1.1482185495771775e-124,4.2964806253477794e-129,1.6076857294098329e-133,6.015745513431268e-138,2.251011713318691e-142,8.422985517231101e-147,3.151768807052872e-151,1.1793498389365604e-155,4.412969756814902e-160,1.6512744082895089e-164,6.178848534506825e-169,2.312042687800413e-173,8.651355281422222e-178,3.2372217260658665e-182,1.2113251811790227e-186,4.532617221562961e-191,1.6960448933466725e-195,6.346373716630349e-200,2.3747283759489477e-204,8.885916763394411e-209,3.324991503267036e-213,1.2441674608456219e-217,4.6555086504915053e-222,1.742029226521505e-226,6.518440956467193e-231,2.4391136414968965e-235,9.126837837249638e-240,3.415140954905676e-244,1.2779001829387962e-248,4.78173199618378e-253,1.7892603184972565e-257,6.695173401403349e-262,2.5052445645531523e-266,9.374290928607726e-271,3.507734600348345e-275,1.3125474897447406e-279,4.9113775958538415e-284,1.837771972254211e-288,6.876697537681322e-293,2.5731684745821707e-297,9.628453138010287e-302,3.602838708254962e-306,1.34813417811186e-310,5.044538237e-315,1.8876e-319,5e-324,0.0,0.0,0.0,0.0,0.0,0.0,0.0,0.0,0.0,0.0,0.0,0.0,0.0,0.0,0.0,0.0,0.0,0.0,0.0,0.0,0.0,0.0,0.0,0.0,0.0,0.0,0.0,0.0,0.0,0.0,0.0,0.0,0.0,0.0,0.0,0.0,0.0,0.0,0.0,0.0,0.0,0.0,0.0,0.0,0.0,0.0
Sr104,46566469.53472654,4.649173345972571,4.6417117331136097e-07,4.6342620956451795e-14,4.6268244143475786e-21,4.6193986700319475e-28,4.6119848435402265e-35,4.604582915745109e-42,4.597192867549978e-49,4.589814679888863e-56,4.5824483337264057e-63,4.57509381005779e-70,4.567751089908702e-77,4.5604201543352835e-84,4.5531009844240736e-91,4.5457935612919706e-98,4.538497866086177e-105,4.531213879984152e-112,4.523941584193574e-119,4.5166809599522746e-126,4.509431988528185e-133,4.502194651219316e-140,4.494968929353691e-147,4.4877548042893004e-154,4.480552257414051e-161,4.473361270145716e-168,4.4661818239319074e-175,4.4590139002499945e-182,4.451857480607087e-189,4.4447125465399715e-196,4.4375790796150704e-203,4.4304570614283764e-210,4.423346473605433e-217,4.41624729780127e-224,4.4091595157003575e-231,4.4020831090165653e-238,4.395018059493109e-245,4.3879643489025e-252,4.380921959046509e-259,4.373890871756112e-266,4.36687106889145e-273,4.359862532341771e-280,4.352865244025383e-287,4.345879185889637e-294,4.338904339910834e-301,4.331940688094211e-308,4.324988214e-315,4.3e-322,0.0,0.0,0.0,0.0,0.0,0.0,0.0,0.0,0.0,0.0,0.0,0.0,0.0,0.0,0.0,0.0,0.0,0.0,0.0,0.0,0.0,0.0,0.0,0.0,0.0,0.0,0.0,0.0,0.0,0.0,0.0,0.0,0.0,0.0,0.0,0.0,0.0,0.0,0.0,0.0,0.0,0.0,0.0,0.0,0.0,0.0,0.0,0.0,0.0,0.0,0.0,0.0,0.0,0.0,0.0,0.0,0.0,0.0,0.0,0.0,0.0,0.0,0.0,0.0,0.0,0.0,0.0,0.0,0.0,0.0,0.0,0.0,0.0,0.0
Sr105,3.26853266456073e-11,1.2593437014355958e-16,4.85216677055497e-22,1.8695072951442302e-27,7.203086150721379e-33,2.77530075595192e-38,1.069304756991685e-43,4.119959470601088e-49,1.5873927361128894e-54,6.116117686702229e-60,2.3564991011103854e-65,9.079432898434375e-71,3.498244566201129e-76,1.3478501556045363e-81,5.193176199044295e-87,2.0008959395211113e-92,7.709317780376586e-98,2.97034840567747e-103,1.144455307520052e-108,4.4095094986410674e-114,1.6989544188264548e-119,6.5459573636013e-125,2.5221134440842883e-130,9.717533847991843e-136,3.744100579946449e-141,1.442576827828828e-146,5.558151710279233e-152,2.141518554750114e-157,8.251127280058754e-163,3.1791039699711553e-168,1.224887425541493e-173,4.719409051800475e-179,1.818356637008494e-184,7.006006097503739e-190,2.6993671339969497e-195,1.0400480420219923e-200,4.0072353111601684e-206,1.5439608739409933e-211,5.948777636346188e-217,2.2920241026810488e-222,8.831015056225165e-228,3.4025308386614213e-233,1.3109722986918682e-238,5.0510882911308696e-244,1.9461504221147595e-249,7.498386975630336e-255,2.8890781821070955e-260,1.1131424357604027e-265,4.28886310507145e-271,1.6524701730086955e-276,6.366856683894786e-282,2.453107154088546e-287,9.451657243459711e-293,3.6416601084446498e-298,1.4031072016088848e-303,5.40607788915135e-309,2.082925532e-314,8.0256e-320,0.0,0.0,0.0,0.0,0.0,0.0,0.0,0.0,0.0,0.0,0.0,0.0,0.0,0.0,0.0,0.0,0.0,0.0,0.0,0.0,0.0,0.0,0.0,0.0,0.0,0.0,0.0,0.0,0.0,0.0,0.0,0.0,0.0,0.0,0.0,0.0,0.0,0.0,0.0,0.0,0.0,0.0,0.0,0.0,0.0,0.0,0.0,0.0,0.0,0.0,0.0,0.0,0.0,0.0,0.0,0.0,0.0,0.0,0.0,0.0,0.0,0.0,0.0,0.0
Sr96,1293361086747859.2,717927665479905.9,377074749077925.56,197331037583943.72,103244155705217.5,54016873220131.25,28261357736074.457,14786200112102.244,7736065444429.616,4047470485566.7236,2117616176981.1016,1107926120523.7168,579661367287.3462,303275908475.3809,158672428166.10492,83016615420.25029,43433875157.05724,22724384770.55356,11889283683.135977,6220413354.43557,3254488944.1004853,1702732227.5487838,890860927.3320451,466093951.24294376,243858008.2705632,127585281.97824658,66751977.07433115,34924298.27518624,18272216.995999705,9559931.922415134,5001708.242695463,2616868.566437202,1369132.4566977655,716323.2070670535,374776.6948863584,196081.27957355775,102588.73810406511,53673.91118965198,28081.92005902539,14692.319168153497,7686.947405489572,4021.772174868233,2104.170950225748,1100.8916455887975,575.9809654235477,301.3503407529338,157.66498082993198,82.48952404697357,43.15810360473163,22.580102483026575,11.81379591683645,6.180918535226889,3.2338254535669733,1.6919211933528198,0.8852046486797642,0.46313461473430556,0.24230969831100574,0.12677521400393296,0.06632815358927382,0.034702555961970714,0.018156202534310512,0.009499233740251078,0.004969951259433406,0.002600253472707034,0.0013604395233235765,0.0007117751080990113,0.00037239715240826657,0.000194836314931225,0.00010193737887222589,5.333312331947825e-05,2.7903621561390495e-05,1.4599034292014417e-05,7.63814122803033e-06,3.996237028585441e-06,2.090811090273021e-06,1.0939018341352103e-06,5.723239312682814e-07,2.9943699889792253e-07,1.5666393000603799e-07,8.196577929671159e-08,4.288408298871538e-08,2.2436736276559843e-08,1.1738787439534707e-08,6.1416744776083905e-09,3.2132931602347338e-09,1.6811788008719154e-09,8.79584283027156e-10,4.6019406772625625e-10,2.407712189235419e-10,1.2597028933543685e-10,6.590702105592116e-11,3.4482221541136816e-11,1.804092467482592e-11,9.438920944651307e-12,4.9383959084811605e-12,2.5837438719860356e-12,1.3518017833605737e-12,7.072558860457757e-13,3.700327181865918e-13,1.9359925485257173e-13,1.0129015526830023e-13,5.299449918900388e-14,2.772645512147076e-14,1.4506341702771406e-14,7.589644932092646e-15,3.970864010754325e-15,2.0775360551098123e-15,1.0869564025843636e-15,5.686901164546539e-16,2.9753580528553586e-16,1.556692350815126e-16,8.144535992099395e-17,4.261180219191576e-17,2.2294280334746368e-17,1.1664255208115917e-17,6.102679589437715e-18,3.1928912311029042e-18,1.6705046142842174e-18,8.73999602354423e-19,4.572721909199855e-19,2.392425076916347e-19,1.2517047531674043e-19
Sr97,622890745463502.8,126936473516071.38,25279554303770.152,5025061319960.316,998724911021.2576,198492806949.28003,39449653630.383095,7840460594.175666,1558260116.5969071,309697952.088912,61551226.59013928,12233059.563940575,2431271.5535523924,483205.47580238956,96035.15144339128,19086.601403761426,3793.385522600093,753.920167276934,149.83861124594742,29.77982337467714,5.918620526796647,1.176302105606373,0.2337853284205879,0.04646389692259175,0.009234513268297603,0.0018353224966135239,0.0003647629895275107,7.249518205903866e-05,1.4408126845820778e-05,2.8635574573245527e-06,5.691205664098892e-07,1.1311043132109309e-07,2.2480244835203012e-08,4.467858551578445e-09,8.879689782405505e-10,1.7648027510606894e-10,3.5074747276899326e-11,6.9709654282834275e-12,1.3854514365760699e-12,2.753529196003142e-13,5.4725289050760675e-14,1.087643183895222e-14,2.161647231093597e-15,4.2961872247109683e-16,8.538499901499676e-17,1.696992629850177e-17,3.3727048298730104e-18,6.703115658465184e-19,1.3322173684690024e-19,2.6477286194653694e-20,5.262254500098957e-21,1.045851988766249e-21,2.0785889059256794e-22,4.131112132735038e-23,8.210419773038479e-24,1.6317880193891322e-24,3.243113280231826e-25,6.445557648078221e-26,1.281028746295594e-26,2.5459932847314534e-27,5.060059600256567e-28,1.0056665628970541e-28,1.998721982796202e-29,3.972379824386902e-30,7.894945672794495e-31,1.5690888065064776e-31,3.1185011078517773e-32,6.197895950405289e-33,1.2318069766058938e-33,2.4481669904699365e-34,4.865633761663786e-35,9.670252068098528e-36,1.9219238364662122e-36,3.8197465869194425e-37,7.591593231451781e-38,1.5087987247422058e-38,2.9986769870023256e-39,5.959750313225999e-40,1.1844764857952941e-40,2.354099537170942e-41,4.678678468815288e-42,9.298685917445233e-43,1.848076553403096e-43,3.672978071913011e-44,7.299896690919851e-45,1.4508252065427707e-45,2.883456943381259e-46,5.730755094989098e-47,1.1389646040711165e-47,2.2636464965344065e-48,4.498906676253953e-49,8.941396685670505e-50,1.7770667507397427e-50,3.5318489354640424e-51,7.019408189223016e-52,1.3950792411357036e-52,2.772664071646188e-53,5.510558703417631e-54,1.0952014538776329e-54,2.176668989719274e-55,4.326042367849967e-56,8.597835801780133e-57,1.7087854021899378e-57,3.3961424921988726e-58,6.749697072866702e-59,1.341475237865181e-59,2.66612826379947e-60,5.298823055684874e-61,1.053119842608195e-61,2.0930334741131724e-62,4.159820133014144e-63,8.267475772866766e-64,1.643127670652738e-64,3.265650382581657e-65,6.490349235625263e-66,1.2899308947787562e-66,2.5636859480095844e-67,5.095223059332246e-68,1.012655159439756e-68,2.012611538295146e-69,3.999984759194554e-70,7.949809374213357e-71
Sr98,292715395551614.8,101791371022684.84,35215423520788.44,12182533979547.07,4214462879455.231,1457964111678.321,504372540871.051,174484171418.91104,60361585155.22256,20881670427.878674,7223868603.470815,2499047084.400934,864527952.1075712,299077430.2095543,103463756.19515094,35792566.62232642,12382189.401642038,4283532.276293941,1481858.1889579787,512638.53066649195,177343.733079274,61350.83061665878,21223.893012737313,7342.25812574096,2540.0031159531495,878.6964062776847,303.97890835483514,105.15938845822046,36.379158806631075,12.585116886676108,4.35373362790429,1.5061438581323263,0.5210399889534997,0.18025015912179296,0.062356288485049954,0.02157172416698669,0.00746258789357104,0.002581630361957866,0.0008930970624177688,0.00030896071515611705,0.00010688280986095881,3.6975364450465484e-05,1.2791370081150333e-05,4.4250854855573426e-06,1.5308275368676764e-06,5.295791358790435e-07,1.8320421759086564e-07,6.337822446001199e-08,2.1925255807560287e-08,7.584889704984725e-09,2.6239398227201338e-09,9.07733726006822e-10,3.14024167092384e-10,1.0863447583011184e-10,3.75813411055438e-11,1.3001003488984009e-11,4.4976067045047735e-12,1.5559157480071624e-12,5.382582279753263e-13,1.8620668911810818e-13,6.44169085956215e-14,2.2284581357787112e-14,7.709195879132705e-15,2.6669426788252782e-15,9.22610264890548e-16,3.1917060221794674e-16,1.1041484925625873e-16,3.8197248905641295e-17,1.3214072507342688e-17,4.571316449010589e-18,1.5814151212945858e-18,5.470795587560903e-19,1.8925836712864297e-19,6.547261537177927e-20,2.2649795772079176e-20,7.835539264833164e-21,2.710650294093416e-21,9.377306103034595e-22,3.244013805160343e-22,1.1222440061613574e-22,3.88232506089117e-23,1.3430633441277192e-23,4.6462341974153885e-24,1.6073323951263582e-24,5.5604545932269105e-25,1.9236005805076566e-25,6.654562376674363e-26,2.3020995561023996e-26,7.96395324925242e-27,2.7550742185824435e-27,9.53098757907724e-28,3.297178842581746e-28,1.1406360809696097e-28,3.94595116408962e-29,1.3650743518602652e-29,4.722379747283664e-30,1.633674418332178e-30,5.651582989801148e-31,1.955125815290519e-31,6.763621733085287e-32,2.3398278816888322e-32,8.094471766727664e-33,2.8002261916402222e-33,9.687187688490599e-34,3.351215183694732e-34,1.159329577228002e-34,4.010620013823889e-35,1.3874460905021243e-35,4.799773220635401e-36,1.6604481519848617e-36,5.744204858630704e-37,1.9871677064095074e-37,6.874468426145469e-38,2.3781745239539547e-38,8.2271293077344e-39,2.8461181450067874e-39,9.845947708299197e-40,3.4061371079987646e-40,1.1783294348300274e-40,4.0763486993118263e-41,1.4101844719493186e-41,4.8784350692635806e-42
Sr99,48209838390516.234,4075606322947.0693,312800164164.99963,24007175232.057335,1842532481.2310965,141412969.7299122,10853338.115630686,832985.4643260875,63931.00227654959,4906.655910725703,376.5821177355525,28.902391767108643,2.2182366355644025,0.1702479784721404,0.01306640315516909,0.0010028365267276949,7.69669424245048e-05,5.907154424766559e-06,4.5336961946054154e-07,3.47957742543558e-08,2.6705492692711553e-09,2.0496262987198567e-10,1.5730726306916577e-11,1.207321306804425e-12,9.266099412225151e-14,7.111660983147706e-15,5.458145837772769e-16,4.189085511386425e-17,3.215091341140935e-18,2.4675582066259436e-19,1.893832198536018e-20,1.4535018410430773e-21,1.1155516331112984e-22,8.561774130566123e-24,6.571096674242214e-25,5.043266832756538e-26,3.870669023343095e-27,2.970709102869126e-28,2.2799966932453553e-29,1.7498801603257375e-30,1.3430197440957935e-31,1.030757462096932e-32,7.910985302631007e-34,6.0716211873088e-35,4.659923186801631e-36,3.5764556840734674e-37,2.744902597615697e-38,2.1066919139945438e-39,1.6168700573729287e-40,1.240935499425812e-41,9.524085789783474e-43,7.309663570195768e-44,5.610111320790809e-45,4.305717866413692e-46,3.3046057885604977e-47,2.5362598657406593e-48,1.9465602005644673e-49,1.4939701824738116e-50,1.1466107780656411e-51,8.80015071116951e-53,6.754048890936185e-54,5.183681270737461e-55,3.978436038959405e-56,3.0534194695653467e-57,2.343476272037627e-58,1.7986002553344373e-59,1.3804120473028464e-60,1.0594557710570955e-61,8.131242646130953e-63,6.240667027023593e-64,4.789664585979474e-65,3.676031223400698e-66,2.8213260684210156e-67,2.1653463478986166e-68,1.6618868902955153e-69,1.2754855770839532e-70,9.789255013979319e-72,7.513178937531146e-73,5.766307820845675e-74,4.42559749490968e-75,3.3966124937253835e-76,2.6068743137624236e-77,2.0007562535638923e-78,1.535565241884475e-79,1.1785346705194877e-80,9.045164163210271e-82,6.942094856094484e-83,5.328005122010869e-84,4.089203499611144e-85,3.1384326550574052e-86,2.408723246780775e-87,1.8486768133235596e-88,1.4188454255538628e-89,1.0889530972133086e-90,8.357632385977216e-92,6.414419434398524e-93,4.923018240120727e-94,3.778379141000775e-95,2.8998773185125657e-96,2.225633836258232e-97,1.708157080120308e-98,1.3109975966534487e-99,1.0061807069347893e-100,7.722360571767024e-102,5.926853137748237e-103,4.548814807335296e-104,3.4911808459782715e-105,2.6794548064851902e-106,2.056461230952018e-107,1.5783183893130029e-108,1.2113473867389022e-109,9.296999270203448e-111,7.135376389662679e-112,5.476347232308796e-113,4.20305494357166e-114,3.2258127743361562e-115,2.4757868252437513e-116,1.9001476008823636e-117,1.4583488644195088e-118,1.1192716867711034e-119,8.590325260109094e-121,6.593009449506384e-122
Tb169,1475495.0078371868,1061194.0027734037,759308.214077985,541377.3564663979,385044.2845788409,273383.7670031233,193869.6866743827,137365.65569404294,97271.72943343206,68851.27089514179,48720.086240776145,34467.74620960095,24381.098501403107,17244.40079530798,12195.813095955296,8624.832320280857,6099.222509291083,4313.074140797145,3049.9402449739005,2156.701565562754,1525.0523700690424,1078.391906572423,762.5467469300431,539.206234233972,381.2785139389017,269.6056873539261,190.6405420879209,134.80348623619818,95.320592323578,67.40190375790779,47.66037648169334,33.700992038906094,23.830208320822763,16.850506059441084,11.915109180405409,8.425255539717552,5.957555845201206,4.212628397358028,2.97877823635023,2.1063143555538244,1.489389196612519,1.0531572169956154,0.7446946179156111,0.5265786183024836,0.3723473138601435,0.2632893116024108,0.18617365815565623,0.1316446564139976,0.0930868293842243,0.06582232836019691,0.04654341476871116,0.03291116421839795,0.023271707403505343,0.01645558211877387,0.01163585370654011,0.008227791061780653,0.005817926854466913,0.004113895531488748,0.002908963427532668,0.0020569477658939797,0.0014544817138411354,0.0010284738829843896,0.000727240856939267,0.000514236941501545,0.0003636204284743089,0.00025711847075311024,0.00018181021423832334,0.00012855923537713945,9.090510711945388e-05,6.427961768871581e-05,4.545255355979996e-05,3.213980884439443e-05,2.272627677991823e-05,1.606990442220632e-05,1.1363138389963663e-05,8.034952211105436e-06,5.681569194982968e-06,4.017476105553286e-06,2.840784597491769e-06,2.0087380527767876e-06,1.420392298745957e-06,1.004369026388428e-06,7.101961493729946e-07,5.021845131942224e-07,3.550980746865021e-07,2.5109225659711364e-07,1.7754903734325208e-07,1.2554612829855722e-07,8.87745186716261e-08,6.27730641492786e-08,4.438725933581305e-08,3.13865320746393e-08,2.2193629667906527e-08,1.569326603731965e-08,1.1096814833953263e-08,7.846633018659824e-09,5.548407416976632e-09,3.923316509329912e-09,2.774203708488316e-09,1.961658254664956e-09,1.387101854244158e-09,9.80829127332478e-10,6.93550927122079e-10,4.90414563666239e-10,3.467754635610395e-10,2.452072818331195e-10,1.7338773178051974e-10,1.2260364091655976e-10,8.669386589025987e-11,6.130182045827988e-11,4.3346932945129935e-11,3.065091022913994e-11,2.1673466472564967e-11,1.532545511456997e-11,1.0836733236282484e-11,7.662727557284985e-12,5.418366618141242e-12,3.831363778642492e-12,2.709183309070621e-12,1.915681889321246e-12,1.3545916545353105e-12,9.57840944660623e-13
Tb170,82187.9626198452,65232.62916093265,51775.172076357965,41093.98130992259,32616.31458046632,25887.586038178983,20546.990654961293,16308.15729023316,12943.793019089491,10273.495327480647,8154.07864511658,6471.896509544746,5136.747663740323,4077.03932255829,3235.948254772373,2568.3738318701617,2038.519661279145,1617.9741273861864,1284.1869159350808,1019.2598306395726,808.9870636930932,642.0934579675404,509.6299153197863,404.4935318465466,321.0467289837702,254.81495765989314,202.2467659232733,160.5233644918851,127.40747882994657,101.12338296163665,80.26168224594255,63.703739414973285,50.561691480818325,40.130841122971276,31.851869707486642,25.280845740409163,20.065420561485638,15.925934853743321,12.640422870204581,10.032710280742819,7.962967426871661,6.320211435102291,5.0163551403714095,3.9814837134358303,3.1601057175511453,2.5081775701857048,1.9907418567179151,1.5800528587755727,1.2540887850928524,0.9953709283589576,0.7900264293877863,0.6270443925464262,0.4976854641794788,0.39501321469389317,0.3135221962732131,0.2488427320897394,0.19750660734694658,0.15676109813660655,0.1244213660448697,0.09875330367347329,0.07838054906830327,0.06221068302243485,0.049376651836736646,0.03919027453415164,0.031105341511217424,0.024688325918368323,0.01959513726707582,0.015552670755608712,0.012344162959184161,0.00979756863353791,0.007776335377804356,0.006172081479592081,0.004898784316768955,0.003888167688902178,0.0030860407397960404,0.0024493921583844773,0.001944083844451089,0.0015430203698980202,0.0012246960791922386,0.0009720419222255445,0.0007715101849490101,0.0006123480395961193,0.00048602096111277225,0.00038575509247450505,0.00030617401979805966,0.00024301048055638613,0.00019287754623725252,0.00015308700989902983,0.00012150524027819306,9.643877311862626e-05,7.654350494951492e-05,6.075262013909653e-05,4.821938655931313e-05,3.827175247475746e-05,3.0376310069548266e-05,2.4109693279656565e-05,1.913587623737873e-05,1.5188155034774133e-05,1.2054846639828283e-05,9.567938118689364e-06,7.5940775173870665e-06,6.027423319914141e-06,4.783969059344682e-06,3.7970387586935332e-06,3.0137116599570707e-06,2.391984529672341e-06,1.8985193793467666e-06,1.5068558299785353e-06,1.1959922648361706e-06,9.492596896733833e-07,7.534279149892677e-07,5.979961324180853e-07,4.7462984483669165e-07,3.7671395749463383e-07,2.9899806620904264e-07,2.3731492241834583e-07,1.8835697874731692e-07,1.4949903310452132e-07,1.1865746120917291e-07,9.417848937365846e-08,7.474951655226066e-08,5.9328730604586457e-08
Tb171,10571.846446788455,2642.9616116971165,660.7404029242792,165.18510073107,41.29627518276754,10.324068795691895,2.5810171989229747,0.6452542997307442,0.1613135749326861,0.04032839373317153,0.010082098433292882,0.0025205246083232205,0.0006301311520808051,0.00015753278802020128,3.938319700505032e-05,9.84579925126258e-06,2.461449812815645e-06,6.153624532039112e-07,1.538406133009778e-07,3.846015332524445e-08,9.615038331311113e-09,2.4037595828277783e-09,6.009398957069446e-10,1.5023497392673614e-10,3.7558743481684036e-11,9.389685870421009e-12,2.3474214676052523e-12,5.868553669013131e-13,1.4671384172532827e-13,3.6678460431332067e-14,9.169615107833017e-15,2.292403776958254e-15,5.731009442395635e-16,1.4327523605989088e-16,3.581880901497272e-17,8.95470225374318e-18,2.238675563435795e-18,5.596688908589488e-19,1.399172227147372e-19,3.49793056786843e-20,8.744826419671075e-21,2.1862066049177686e-21,5.465516512294422e-22,1.3663791280736054e-22,3.4159478201840135e-23,8.539869550460034e-24,2.1349673876150084e-24,5.337418469037521e-25,1.3343546172593803e-25,3.3358865431484507e-26,8.339716357871127e-27,2.0849290894677817e-27,5.212322723669454e-28,1.3030806809173635e-28,3.257701702293409e-29,8.144254255733522e-30,2.0360635639333805e-30,5.090158909833451e-31,1.2725397274583628e-31,3.181349318645907e-32,7.953373296614768e-33,1.988343324153692e-33,4.97085831038423e-34,1.2427145775960575e-34,3.1067864439901436e-35,7.766966109975359e-36,1.9417415274938398e-36,4.8543538187345994e-37,1.2135884546836499e-37,3.0339711367091246e-38,7.584927841772812e-39,1.896231960443203e-39,4.740579901108007e-40,1.1851449752770018e-40,2.9628624381925045e-41,7.407156095481261e-42,1.8517890238703153e-42,4.629472559675788e-43,1.157368139918947e-43,2.8934203497973677e-44,7.233550874493419e-45,1.8083877186233548e-45,4.520969296558387e-46,1.1302423241395968e-46,2.825605810348992e-47,7.06401452587248e-48,1.76600363146812e-48,4.4150090786703e-49,1.103752269667575e-49,2.7593806741689374e-50,6.898451685422344e-51,1.724612921355586e-51,4.311532303388965e-52,1.0778830758472412e-52,2.694707689618103e-53,6.736769224045257e-54,1.6841923060113143e-54,4.210480765028286e-55,1.0526201912570715e-55,2.6315504781426786e-56,6.578876195356697e-57,1.6447190488391742e-57,4.1117976220979354e-58,1.0279494055244838e-58,2.5698735138112096e-59,6.424683784528024e-60,1.606170946132006e-60,4.015427365330015e-61,1.0038568413325038e-61,2.5096421033312594e-62,6.274105258328148e-63,1.568526314582037e-63,3.921315786455093e-64,9.803289466137732e-65,2.450822366534433e-65,6.127055916336083e-66,1.5317639790840206e-66,3.8294099477100516e-67,9.573524869275129e-68,2.3933812173187822e-68,5.983453043296956e-69,1.495863260824239e-69
Tc109,4880461850140.558,4812852763462.648,2870597345028.3223,1477328363866.8594,712630257050.66,332568277656.05615,152400556308.0438,69113051477.02298,31151408690.45125,13990020589.126883,6269246932.7666645,2805725015.6717744,1254679600.632555,560807806.1846185,250593860.5531845,111957011.21731186,50013411.33932357,22340557.667067636,9978949.045256209,4457234.352144616,1990856.6943148768,889223.2669118453,397172.6986244813,177397.13311082107,79234.25564358321,35389.861984252566,15806.818026695211,7060.083790792389,3153.371560679483,1408.4465510828916,629.0795308413776,280.9769624838071,125.49772623837102,56.05327506327804,25.036067983604553,11.182302811211285,4.994550089429965,2.2308044190460907,0.9963837099517351,0.4450325129212533,0.19877275737900216,0.08878139891829064,0.03965400941274135,0.01771137289397027,0.007910744320911748,0.0035333159141490013,0.001578147496917191,0.0007048759812296506,0.00031483124985432994,0.00014061865991129202,6.280700382924455e-05,2.805260505601083e-05,1.2529632086364896e-05,5.596331602931961e-06,2.499588750418297e-06,1.1164356161350908e-06,4.986534223944249e-07,2.2272241414730636e-07,9.947845845598905e-08,4.443182665142273e-08,1.9845374066139552e-08,8.863891077779658e-09,3.959036739589386e-09,1.7682947328527746e-09,7.898048105911642e-10,3.527645178395036e-10,1.5756146756486913e-10,7.037447023651659e-11,3.143259667235171e-11,1.4039297635153902e-11,6.27062027814615e-12,2.800758249774558e-12,1.2509522863341557e-12,5.587349864311255e-13,2.495577077340252e-13,1.1146438115011115e-13,4.978531169399465e-14,2.2236495954077505e-14,9.931880217099247e-15,4.43605165357536e-15,1.9813523565567224e-15,8.849665124320197e-16,3.9526827499128405e-16,1.7654567378512775e-16,7.885372265945709e-17,3.521983543376055e-17,1.5730859192763906e-17,7.026152390972223e-18,3.1382149453014656e-18,1.4016765499660233e-18,6.260556351202765e-19,2.796263219751761e-19,1.2489445914234612e-19,5.578382540769507e-20,2.4915718427264666e-20,1.1128548825930845e-20,4.970540959220609e-21,2.2200807862496098e-21,9.915940212365788e-22,4.4289320868055e-22,1.9781724182920834e-22,8.835462002566031e-23,3.94633895796547e-23,1.7626232976422793e-23,7.872716769856666e-24,3.516330994903315e-24,1.5705612213892536e-24,7.0148758854242255e-25,3.133178319809685e-25,1.399426952673984e-25,6.250508576190294e-26,2.791775403952081e-26,1.2469401187290721e-26,5.569429609183414e-27,2.4875730362468583e-27,1.1110688247965292e-27,4.962563572795679e-28,2.2165177047919224e-28,9.900025790275815e-29,4.4218239464650334e-29,1.9749975836160787e-29,8.821281675874146e-30
Tc110,4221662604374.0747,2764804695246.588,1378938241620.9524,656823103177.122,309964067441.0229,145992280073.42218,68733869018.86656,32357448339.83054,15232453301.563784,7170736800.747114,3375649593.2786417,1589098659.7650845,748073634.4874237,352158221.86440617,165779687.06828803,78041354.50747706,36738234.464289136,17294649.48489154,8141515.376713625,3832646.2000357956,1804231.3027696004,849348.0545799386,399833.50067773584,188222.98750454918,88606.6149161734,41711.86692440142,19636.003970640282,9243.716006138324,4351.510914842798,2048.4886413020176,964.333031828092,453.96307185950116,213.70466821139874,100.60220323268614,47.35883113820931,22.294331681681385,10.495132865131263,4.940619679901131,2.325813606659954,1.0948847074650436,0.5154207195314943,0.242636065981262,0.11422175765145211,0.053770282947113876,0.02531254454195426,0.01191596688859919,0.005609482154385964,0.0026406829034142823,0.0012431105054737102,0.0005851985207391122,0.00027548420447524543,0.00012968513115772565,6.104971889561732e-05,2.8739363903645702e-05,1.3529153819665954e-05,6.3688954177918554e-06,2.9981792936530913e-06,1.4114031534854001e-06,6.644228601957079e-07,3.1277933314835236e-07,1.4724194049541238e-07,6.931464691937154e-08,3.2630107029232185e-08,1.5360734448776193e-08,7.231118261256024e-09,3.4040736452179396e-09,1.6024793072675576e-09,7.543726128922533e-10,3.55123486775152e-10,1.6717559559304177e-10,7.869848321123141e-11,3.70475800476601e-11,1.7440274975870237e-11,8.21006907448942e-12,3.864918087653273e-12,1.8194234042054495e-12,8.564997882737842e-13,4.0320020376642334e-13,1.8980787449455737e-13,8.93527058855663e-14,4.2063091799183754e-14,1.9801344281308057e-14,9.321550522695998e-15,4.388151779634332e-15,2.065737453680477e-15,9.724529692302251e-16,4.577855601542261e-16,2.1550411764551247e-16,1.0144930020624669e-16,4.7757604934800546e-17,2.2482055809863982e-17,1.058350464031599e-17,4.98222099521902e-18,2.3453975680838433e-18,1.1041039242643606e-18,5.197606973609613e-19,2.4467912538319127e-19,1.1518353485028237e-19,5.422304285185104e-20,2.5525682815129068e-20,1.2016302459431849e-20,5.656715467410221e-21,2.6629181470146653e-21,1.253577822422543e-21,5.901260459813113e-22,2.7780385383058624e-22,1.3077711402280624e-22,6.156377356292478e-23,2.898135689587185e-23,1.3643072848148465e-23,6.422523189947637e-24,3.0234247507527704e-24,1.423287538731172e-24,6.700174751837526e-25,3.154130172823794e-25,1.4848175630626744e-25,6.989829445135415e-26,3.290486110044737e-26,1.549007586720535e-26,7.292006176209485e-27,3.4327368393625964e-27,1.6159726039127504e-27
Tc111,1624284393536.9275,164811077279.06485,15599342897.387907,1444773193.8820262,132852416.51284015,12186641.694346746,1116965.6296103194,102346.55901148576,9377.021168576708,859.0970402048048,78.70722346609995,7.21082907672223,0.6606252093123408,0.06052360513633623,0.005544907063265113,0.0005079999091794129,4.654069837881471e-05,4.263851419799666e-06,3.9063498770249936e-07,3.5788222373520824e-08,3.2787554855548256e-09,3.003847288520936e-10,2.751988334106237e-11,2.521246149844187e-12,2.309850277904668e-13,2.1161786927553897e-14,1.9387453574022765e-15,1.776188822782904e-16,1.6272617828759693e-17,1.4908215054156456e-18,1.3658210648134205e-19,1.2513013100417745e-20,1.1463835058703833e-21,1.050262591009623e-22,9.622010014473759e-24,8.815230115998762e-25,8.076095498687535e-26,7.398934488350056e-27,6.778550936542182e-28,6.210184352715504e-29,5.689473378731985e-30,5.212422325547088e-31,4.77537051535302e-32,4.374964193992556e-33,4.008130798169529e-34,3.672055380044575e-35,3.364159008353628e-36,3.0820789803481915e-37,2.823650692747073e-38,2.5868910326156094e-39,2.3699831607479314e-40,2.1712625708100342e-41,1.989204317288083e-42,1.8224113142528048e-43,1.6696036151654729e-44,1.5296085914771573e-45,1.401351934668065e-46,1.283849412690979e-47,1.1761993175704673e-48,1.0775755462119162e-49,9.872212613324094e-51,9.044430838761595e-52,8.286057723547669e-53,7.591273482883189e-54,6.954746303459462e-55,6.371591429200554e-56,5.837333677412493e-57,5.347873097728846e-58,4.899453510354927e-59,4.4886336822044044e-60,4.112260919761223e-61,3.7674468760425195e-62,3.451545386026116e-63,3.16213216046998e-64,2.896986182310054e-65,2.654072662886395e-66,2.4315274272157894e-67,2.2276426084941258e-68,2.0408535420572839e-69,1.8697267582327613e-70,1.7129489819461458e-71,1.5693170546713322e-72,1.4377287013907497e-73,1.3171740717156285e-74,1.2067279902567301e-75,1.105542856778112e-76,1.0128421416525124e-77,9.279144267048618e-79,8.501079457153402e-80,7.788255826875178e-81,7.13520289499712e-82,6.536908877757989e-83,5.988782227600324e-84,5.48661639681513e-85,5.026557555685881e-86,4.605075017406235e-87,4.21893414281641e-88,3.86517151703255e-89,3.5410722074769155e-90,3.244148928788811e-91,2.9721229547290862e-92,2.7229066305967964e-93,2.4945873519587154e-94,2.28541288674449e-95,2.093777928068899e-96,1.918211774587142e-97,1.757367043841523e-98,1.6100093319850168e-99,1.475007740529484e-100,1.3513261974198827e-101,1.2380155058313583e-102,1.134206059670619e-103,1.0391011698792859e-104,9.519709503241725e-106,8.721467163537458e-107,7.990158530342062e-108,7.320171136830035e-109,6.706363126196867e-110,6.144023790792879e-111,5.628837420049991e-112,5.1568501797611993e-113,4.724439768535589e-114
Tc112,248039347642.88257,21593528476.07766,1881517525.5563455,164087561.9983323,14322583.537397185,1251239.0365515857,109402.3810186816,9573.58620300542,838.4501646553877,73.48986850353107,6.446407976081211,0.5659008351106505,0.04971494094805197,0.004370681022141464,0.00038451935752201465,3.385207951079309e-05,2.9822327918877325e-06,2.62892181625323e-07,2.3189136264485416e-08,2.046694650402759e-09,1.8074817898450883e-10,1.5971218643612054e-11,1.4120053799541262e-12,1.2489925223267485e-13,1.1053495899313378e-14,9.786943486452777e-16,8.669490161466058e-17,7.68299775936163e-18,6.811618837704639e-19,6.041495674946319e-20,5.3605003866855085e-21,4.758010341481984e-22,4.224713906110762e-23,3.75244227176552e-24,3.3340237269431487e-25,2.96315726585842e-26,2.634302867031361e-27,2.342586156827499e-28,2.083715497092187e-29,1.853909812973731e-30,1.6498357136680478e-31,1.468552661151935e-32,1.3074651151019085e-33,1.1642807304470085e-34,1.0369738110495765e-35,9.237533319665158e-37,8.230349362649347e-38,7.334163927033751e-39,6.536560696590022e-40,5.82654040113275e-41,5.194354836922174e-42,4.631360958758383e-43,4.1298925255333976e-44,3.683147109671198e-45,3.285086564940175e-46,2.9303492928445006e-47,2.6141728605562618e-48,2.332325707729821e-49,2.0810468394738792e-50,1.8569925416125376e-51,1.6571892750317046e-52,1.478992010859414e-53,1.320047359596004e-54,1.1782609269219412e-55,1.0517683983410245e-56,9.389099154197109e-58,8.382073593270956e-59,7.483442036717585e-60,6.681476391408264e-61,5.96572707924376e-62,5.3268821700464e-63,4.756642266667057e-64,4.247609345329567e-65,3.793187964599586e-66,3.387497441307324e-67,3.0252937544608894e-68,2.701900081430582e-69,2.4131449968768246e-70,2.1553074761368218e-71,1.9250679429098153e-72,1.7194646876867628e-73,1.5358550598542671e-74,1.3718809039852772e-75,1.2254377705786018e-76,1.0946474843610745e-77,9.778337000397264e-79,8.735001168054425e-80,7.8031105957521445e-81,6.970741674713499e-82,6.2272495886005126e-83,5.563130678369386e-84,4.9698996973066995e-85,4.439980333298649e-86,3.9666075541596327e-87,3.543740490635741e-88,3.1659847127826295e-89,2.8285228808073285e-90,2.5270528629380863e-91,2.25773251201634e-92,2.017130380680719e-93,1.802181733464123e-94,1.6101492839405067e-95,1.4385881472023162e-96,1.285314553277217e-97,1.1483779163613475e-98,1.0260358986278355e-99,9.16732146459579e-101,8.190764117836585e-102,7.31826802220623e-103,6.538739314226517e-104,5.842267656307464e-105,5.219999844620766e-106,4.664026935371325e-107,4.167283440328523e-108,3.7234572983386814e-109,3.326909468555784e-110,2.9726021151312178e-111,2.656034463727877e-112,2.373185508921089e-113,2.1204628396131254e-114,1.8946569281705787e-115,1.692900299121562e-116
Tc113,50461199653.70624,664247743.4106593,8728762.976948848,114688.45245679693,1506.8934723666052,19.799084235068314,0.26014029732579175,0.0034179850555144035,4.490892782249762e-05,5.90058694045179e-07,7.752785009561608e-09,1.0186389254333049e-10,1.3383903450543151e-12,1.75851194275993e-14,2.310509982574484e-16,3.035780565241885e-18,3.988714054388742e-20,5.240773984074372e-22,6.88585633806729e-24,9.04733111036384e-26,1.1887294216122442e-27,1.5618723583443076e-29,2.052145105024364e-31,2.6963147849928837e-33,3.542689745462663e-35,4.654742355180699e-37,6.115869000626688e-39,8.035644248106717e-41,1.0558038191386041e-42,1.3872213230075516e-44,1.8226709963758836e-46,2.3948086047490584e-48,3.1465405796128633e-50,4.1342417091356266e-52,5.431982864069592e-54,7.137085809555824e-56,9.377421675958822e-58,1.2321000424431642e-59,1.618857045194385e-61,2.1270173220502805e-63,2.794689439522869e-65,3.6719442678784256e-67,4.82456995604749e-69,6.339005595595481e-71,8.328823565014807e-73,1.0943246686096268e-74,1.437833892121163e-76,1.8891708837734105e-78,2.4821828499480505e-80,3.2613416570711934e-82,4.285078919294962e-84,5.630167972366245e-86,7.397481351936014e-88,9.719555548045615e-90,1.277053034095455e-91,1.6779208100933567e-93,2.2046212410736126e-95,2.8966532790796803e-97,3.80591462282972e-99,5.00059369234251e-101,6.570283296923675e-103,8.63269948685074e-105,1.1342509456961513e-106,1.4902930534906715e-108,1.95809700993409e-110,2.5727449318321762e-112,3.380331235218499e-114,4.4414194032271847e-116,5.835583835643798e-118,7.667377387977172e-120,1.0074172124917802e-121,1.3236461291394188e-123,1.7391395079028005e-125,2.2850565278462087e-127,3.002337254559339e-129,3.944772866783794e-131,5.183039629169704e-133,6.809999131698038e-135,8.947662277696546e-137,1.1756339272212369e-138,1.5446661797671628e-140,2.029537895827901e-142,2.666611158161326e-144,3.503662130895963e-146,4.603463947079071e-148,6.048494266950789e-150,7.947120541814942e-152,1.0441726836252102e-153,1.3719391665098282e-155,1.8025917610379424e-157,2.3684264844104473e-159,3.1118770945823497e-161,4.08869733366319e-163,5.372142079585619e-165,7.058460963995598e-167,9.27411644036278e-169,1.2185267608354062e-170,1.6010231016831454e-172,2.1035852920995944e-174,2.7639020801671685e-176,3.631492736445088e-178,4.771420662650899e-180,6.269172704516633e-182,8.237070084116365e-184,1.0822691728011036e-185,1.421994168356329e-187,1.868359060441444e-189,2.4548381817687646e-191,3.2254134798082815e-193,4.2378728638778e-195,5.568143905524743e-197,7.315987890269651e-199,9.612481235886459e-201,1.2629845332735181e-202,1.6594361977352926e-204,2.18033429690291e-206,2.8647426473756013e-208,3.7639872231290285e-210,4.94550525467185e-212,6.4979025629249516e-214,8.537598393486742e-216,1.1217556068685736e-217
Tc114,2527758849.4447317,24912649.331695866,245223.97834056892,2413.77322470472,23.75909153356803,0.233863902758774,0.0023019535460701026,2.2658435379484244e-05,2.2302999759605443e-07,2.1953139744474412e-09,2.160876787136492e-11,2.1269798049550575e-13,2.093614553878261e-15,2.0607726928105392e-17,2.0284460115004228e-19,1.996626428488033e-21,1.965305989084763e-23,1.9344768633846558e-25,1.9041313443069857e-27,1.8742618456695296e-29,1.8448609002920773e-31,1.815921158129686e-33,1.787435384435211e-35,1.7593964579506718e-37,1.731797369126979e-39,1.7046312183715984e-41,1.677891214323689e-43,1.6515706721563204e-45,1.625663011905293e-47,1.6001617568242045e-49,1.5750605317652962e-51,1.550353061585712e-53,1.5260331695787541e-55,1.5020947759297406e-57,1.4785318961960984e-59,1.4553386398112879e-61,1.432509208612201e-63,1.4100378953896573e-65,1.3879190824616378e-67,1.3661472402689042e-69,1.3447169259926425e-71,1.3236227821937971e-73,1.3028595354737385e-75,1.2824219951559543e-77,1.2623050519884144e-79,1.2425036768662867e-81,1.223012919574698e-83,1.203827907551211e-85,1.1849438446677126e-87,1.1663560100314172e-89,1.1480597568046715e-91,1.130050511043279e-93,1.1123237705530365e-95,1.0948751037642241e-97,1.0777001486237354e-99,1.0607946115045937e-101,1.0441542661325733e-103,1.0277749525296593e-105,1.0116525759740806e-107,9.957831059766548e-110,9.801625752731922e-112,9.647870788327056e-114,9.496527728811812e-116,9.347558739406545e-118,9.200926578833676e-120,9.056594590007644e-122,8.91452669087084e-124,8.774687365373336e-126,8.637041654594115e-128,8.501555148001552e-130,8.368193974851007e-132,8.236924795717381e-134,8.107714794160446e-136,7.98053166852096e-138,7.855343623845486e-140,7.732119363937825e-142,7.610828083535184e-144,7.4914394606070705e-146,7.373923648774966e-148,7.258251269850932e-150,7.144393406493286e-152,7.03232159497738e-154,6.922007818079924e-156,6.813424498074832e-158,6.706544489838985e-160,6.601341074066107e-162,6.497787950587134e-164,6.395859231795324e-166,6.295529436174528e-168,6.196773481928984e-170,6.099566680713037e-172,6.003884731459195e-174,5.909703714303024e-176,5.81700008460336e-178,5.725750667056282e-180,5.63593264990143e-182,5.54752357921923e-184,5.4605013533175496e-186,5.37484421720643e-188,5.290530757159473e-190,5.207539895360541e-192,5.125850884634445e-194,5.045443303260318e-196,4.9662970498662574e-198,4.8883923384041514e-200,4.811709693203299e-202,4.7362299441016024e-204,4.661934221653153e-206,4.588803952411007e-208,4.516820854283928e-210,4.4459669319659974e-212,4.376224472437885e-214,4.3075760405387394e-216,4.240004474607483e-218,4.173492882192522e-220,4.108024635828742e-222,4.043583368880747e-224,3.9801529714513184e-226,3.917717586354027e-228,3.8562616051490477e-230,3.795769664241158e-232,3.7362266410389355e-234
Tc115,32330519.839245625,2433.14601775818,0.1837683379796363,1.4228534229256171e-05,1.2874569434181512e-09,2.1296020872510918e-13,7.808456078171417e-17,3.904684767121213e-20,2.066773617767505e-23,1.1031370139996108e-26,5.8949486734838446e-30,3.150670592446073e-33,1.6839770185303346e-36,9.00058536400961e-40,4.810669839567881e-43,2.5712267461032036e-46,1.3742799363055717e-49,7.345308416069751e-53,3.925950915215839e-56,2.098358532551095e-59,1.1215393738318802e-62,5.994450173996736e-66,3.203938597872046e-69,1.7124543938097587e-72,9.152797287769587e-76,4.8920250661174107e-79,2.614709852637075e-82,1.3975209695528806e-85,7.469528056316655e-89,3.992344343995948e-92,2.1338447678173794e-95,1.1405062040776283e-98,6.0958248751620664e-102,3.258121768719059e-105,1.7414144397510756e-108,9.307584142767619e-112,4.974756186533206e-115,2.6589283250993535e-118,1.4211550421614748e-121,7.595848428089977e-125,4.059860580360333e-128,2.1699311259306353e-131,1.1597937904716617e-134,6.1989139670953e-138,3.313221254256068e-141,1.7708642413693622e-144,9.464988664226151e-148,5.058886408178593e-151,2.7038945949912047e-154,1.4451888006425749e-157,7.724305057496215e-161,4.128518612566941e-164,2.2066277558225514e-167,1.179407557457759e-170,6.303746442589097e-174,3.3692525506712205e-177,1.8008120811315556e-180,9.62505512061811e-184,5.144439391850636e-187,2.7496213086336044e-190,1.469629004254285e-193,7.854934071698539e-197,4.198337750011832e-200,2.2439449780592445e-203,1.1993530212149107e-206,6.410351784745753e-210,3.4262314162153365e-213,1.8312663815729323e-216,9.787828529059461e-220,5.2314391984842355e-223,2.7961213262148565e-226,1.4944825265634006e-229,7.987772208821891e-233,4.2693376286404236e-236,2.281893287742282e-239,1.2196357912085482e-242,6.518759975268835e-246,3.4841738756337266e-249,1.8622357076658452e-252,9.953354667969724e-256,5.319910295918967e-259,2.8434077254073705e-262,1.5197563573785243e-265,8.122856828285291e-269,4.341538216469994e-272,2.3204833574603844e-275,1.2402615717681628e-278,6.629001502895263e-282,3.543096224672986e-285,1.893728769228537e-288,1.0121680089946828e-291,5.409877565780506e-295,2.89149380504566e-298,1.5454576047158987e-301,8.260225921308831e-305,4.414959819205477e-308,2.359726040291e-311,1.261236164e-314,6.741106e-318,3.6e-321,0.0,0.0,0.0,0.0,0.0,0.0,0.0,0.0,0.0,0.0,0.0,0.0,0.0,0.0,0.0,0.0,0.0,0.0,0.0,0.0,0.0,0.0
Tc116,2266608.445272195,1024.7048057296574,0.46325598983610916,0.00020943213198480065,9.468159909430721e-08,4.2804344882979655e-11,1.9351299073815807e-14,8.748475811696545e-18,3.95507447514984e-21,1.7880387899190262e-24,8.083495606322243e-28,3.6544453949117146e-31,1.6521282121989737e-34,7.469061196930867e-38,3.3766674251779945e-41,1.5265483304572965e-44,6.901330548119111e-48,3.1200036306832394e-51,1.410513898385813e-54,6.376753661353466e-58,2.8828491023108263e-61,1.3032993570164619e-64,5.892050376962054e-68,2.663720921656235e-71,1.204234297828176e-74,5.444189863418705e-78,2.4612488883936442e-81,1.1126992707074608e-84,5.030371665666746e-88,2.274166952464522e-91,1.0281219105499777e-94,4.648008193978131e-98,2.1013052975139043e-101,9.499733582829327e-105,4.2947085438515716e-108,1.941583026072435e-111,8.77764953929055e-115,3.968263545776032e-118,1.7940014007448874e-121,8.110451810340184e-125,3.6666319513762975e-128,1.6576375991425388e-131,7.493968433509252e-135,3.387927669563194e-138,1.5316389435092657e-141,6.924344561277592e-145,3.130407972876446e-148,1.4152175689593855e-151,6.398018356856403e-155,2.8924626002750156e-158,1.3076454969879787e-161,5.911698722155841e-165,2.672603688234956e-168,1.2082500834484834e-171,5.462344718671676e-175,2.469456467194405e-178,1.11640981253399e-181,5.0471465526104326e-185,2.281750665170888e-188,1.0315504104621242e-191,4.6635080053537924e-195,2.1083125647980592e-198,9.53141254562541e-202,4.309030199400588e-205,1.948057664114878e-208,8.806920553131914e-212,3.9814965982754115e-215,1.7999838952153701e-218,8.13749790578266e-222,3.67885914660886e-225,1.663165358355443e-228,7.518958728777027e-232,3.3992254637238516e-235,1.536746532336404e-238,6.947435319753222e-242,3.1408470106499423e-245,1.4199369249628499e-248,6.419353964189839e-252,2.902108156574489e-255,1.3120061301245152e-258,5.931412589102529e-262,2.681516076363538e-265,1.21227926059416e-268,5.480560115305024e-272,2.4776914159820528e-275,1.1201327279829476e-278,5.0639773791249515e-282,2.2893596674446606e-285,1.0349903434655543e-288,4.679059504278785e-292,2.1153431993648613e-295,9.563197148929787e-299,4.3233996136777373e-302,1.9545538932699517e-305,8.83628917764317e-309,3.994773779313e-312,1.80598634e-315,8.16463e-319,3.7e-322,0.0,0.0,0.0,0.0,0.0,0.0,0.0,0.0,0.0,0.0,0.0,0.0,0.0,0.0,0.0,0.0,0.0,0.0,0.0,0.0,0.0,0.0,0.0
Tc117,313951.49353627,0.009356483624466363,2.788449413915386e-10,8.310226839528645e-18,2.47664059386511e-25,7.380964141682118e-33,2.199698728824293e-40,6.555613067222515e-48,1.953724940783535e-55,5.822554054211184e-63,1.7352563304338408e-70,5.171466858487847e-78,1.541217225339367e-85,4.593185261903307e-93,1.3688758796165308e-100,4.079568027307185e-108,1.2158060155234292e-115,3.623384283552853e-123,1.0798526655295053e-130,3.2182117269322433e-138,9.591018339789639e-146,2.858346205887091e-153,8.51853551234928e-161,2.538721416100645e-168,7.56597940951778e-176,2.254837575411135e-183,6.719939635429189e-191,2.002698074409124e-198,5.968505365875733e-206,1.7787532108651795e-213,5.301097663835226e-221,1.5798502158627587e-228,4.708320545741197e-236,1.4031888680878868e-243,4.181828701758047e-251,1.2462820713991068e-258,3.714210007784089e-266,1.1069208406758573e-273,3.298881175148062e-281,9.83143203004617e-289,2.9299950689214975e-296,8.732065763835602e-304,2.602358390044e-311,7.75564e-319,0.0,0.0,0.0,0.0,0.0,0.0,0.0,0.0,0.0,0.0,0.0,0.0,0.0,0.0,0.0,0.0,0.0,0.0,0.0,0.0,0.0,0.0,0.0,0.0,0.0,0.0,0.0,0.0,0.0,0.0,0.0,0.0,0.0,0.0,0.0,0.0,0.0,0.0,0.0,0.0,0.0,0.0,0.0,0.0,0.0,0.0,0.0,0.0,0.0,0.0,0.0,0.0,0.0,0.0,0.0,0.0,0.0,0.0,0.0,0.0,0.0,0.0,0.0,0.0,0.0,0.0,0.0,0.0,0.0,0.0,0.0,0.0,0.0,0.0,0.0,0.0,0.0,0.0
Tc118,210.75325054357046,0.005790469005349625,1.5909378012171096e-07,4.371119308303258e-12,1.2009698929024396e-16,3.2996781417480206e-21,9.065902403944891e-26,2.4908667714576805e-30,6.843684165905261e-35,1.880309838299921e-39,5.166172199502441e-44,1.4194115592695605e-48,3.8998490502931473e-53,1.0714878652178184e-57,2.9439248301744833e-62,8.088466222579249e-67,2.2223150932127506e-71,6.10583544224327e-76,1.6775850806042758e-80,4.609183672385525e-85,1.2663783417847818e-89,3.479388582732604e-94,9.55965883985989e-99,2.6265269015379346e-103,7.216411882543265e-108,1.9827171931122707e-112,5.447537546148972e-117,1.4967170012845275e-121,4.112246612265732e-126,1.1298443316657606e-130,3.1042598709660264e-135,8.528988530909177e-140,2.3433490875151167e-144,6.4383776881132305e-149,1.7689514326160697e-153,4.860213741004456e-158,1.3353491324131424e-162,3.6688865972960446e-167,1.008030674307126e-171,2.76957549217509e-176,7.609439476759257e-181,2.090701961873138e-185,5.744226899668755e-190,1.5782327312361463e-194,4.336211987184455e-199,1.1913790675900473e-203,3.273327242502626e-208,8.993503015109839e-213,2.470974958829675e-217,6.78903118940995e-222,1.865293872205451e-226,5.1249156656026514e-231,1.4080762806819836e-235,3.868705246266837e-240,1.0629310704135678e-244,2.9204149412539766e-249,8.023872541218556e-254,2.2045679073973062e-258,6.057074851774822e-263,1.6641880541260655e-267,4.572375193092398e-272,1.2562651711489219e-276,3.451602533899801e-281,9.483316361567147e-286,2.6055517206946736e-290,7.158782339823868e-295,1.966883412136249e-299,5.404034056763786e-304,1.4847643691775607e-308,4.0794066226e-313,1.1208215e-317,3.06e-322,0.0,0.0,0.0,0.0,0.0,0.0,0.0,0.0,0.0,0.0,0.0,0.0,0.0,0.0,0.0,0.0,0.0,0.0,0.0,0.0,0.0,0.0,0.0,0.0,0.0,0.0,0.0,0.0,0.0,0.0,0.0,0.0,0.0,0.0,0.0,0.0,0.0,0.0,0.0,0.0,0.0,0.0,0.0,0.0,0.0,0.0,0.0,0.0,0.0,0.0
Te136,477829938392327.0,481015710352683.75,467285821407128.5,450336974838021.3,433169841909802.9,416447398418554.06,400310672476025.94,384779351954782.6,369843035838201.7,355483321984428.56,341679720904903.4,328411466077852.1,315658144686718.75,303399934438159.75,291617689862568.25,280292965648124.1,269408012452195.03,258945760639839.28,248889798949402.7,239224351309588.06,229934253296710.5,221004928912239.47,212422367982021.84,204173104301009.3,196244194564354.97,188623198087273.06,181298157298574.84,174257578985170.88,167490416261834.2,160986051239696.9,154734278367112.2,148725288417138.0,142949653096699.78,137398310253373.88,132062549656619.92,126933999331171.83,122004612421154.08,117266654564316.88,112712691756581.19,108335578687854.67,104128447530817.2,100084697165084.58,96197982819845.17,92462206118714.9,88871505511195.05,85420247075715.67,82103015679836.34,78914606483734.2,75850016773647.48,72904438112460.84,70073248795117.414,67352006597019.08,64736441804036.625,62222450513195.33,59806088193522.33,57483563496954.45,55251232309594.44,53105592033982.16,51043276093409.73,49061048649657.305,47155799525861.76,45324539326551.805,43564394747193.09,41872604065883.38,40246512810124.64,38683569591872.59,37181322104329.08,35737413274195.92,34349577563353.312,33015637414159.566,31733499832795.047,30501153105289.445,29316663641079.6,28178172939145.414,27083894671963.67,26032111882704.234,25021174291271.066,24049495704961.188,23115551529678.617,22217876377798.668,21355061768928.83,20525753919958.984,19728651620933.453,18962504193411.777,18226109528115.12,17518312198779.31,16838001649254.725,16184110451009.113,15555612628298.79,14951522048380.541,14370890874238.576,13812808077398.576,13276398008495.496,12760819023352.389,12265262162414.281,11788949881465.39,11331134831637.906,10891098686798.227,10468151016470.809,10061628202531.129,9670892397968.123,9295330526082.24,8934353318548.953,8587394390838.305,8253909353539.867,7933374958198.735,7625288276322.337,7329165910269.874,7044543234786.326,6770973667990.89,6508027970676.028,6255293572817.74,6012373926240.271,5778887882419.632,5554469094449.646,5338765442232.186,5131438479989.728,4932162905233.347,4740626048352.929,4556527382028.769,4379578049694.8115,4209500412313.665
Te137,142270160314127.6,107705120857049.98,81534911458948.48,61723248671606.16,46725440855547.375,35371859156711.555,26777024964047.69,20270606717022.695,15345151075050.094,11616507797424.162,8793869324698.358,6657089982162.013,5039516212035.795,3814988789254.257,2888003302244.917,2186261489748.2527,1655032491770.0981,1252884232585.507,948452014124.7998,717992293063.6681,543530853666.3517,411460947062.1101,311482061809.82294,235796557418.25018,178501503962.19284,135128295619.03792,102294131262.74588,77438180085.54546,58621855046.19732,44377616897.26003,33594516583.073063,25431549131.24802,19252061258.74007,14574096953.255142,11032808339.234497,8352000143.864508,6322588434.265571,4786293560.887332,3623295472.9169555,2742888608.283914,2076407506.2851217,1571871391.0349658,1189930041.417854,900794754.2937357,681915037.9599257,516219834.5176586,390786099.0229387,295830894.08460563,223948390.47168884,169532265.2153993,128338448.374327,97154115.82687737,73547111.88787036,55676258.499287285,42147756.46398563,31906479.04205311,24153679.58507718,18284694.99030732,13841786.288128471,10478438.264777472,7932333.74531449,6004894.723535525,4545794.692771739,3441234.249759693,2605065.5522453,1972073.401271363,1492888.920453467,1130139.135478376,855532.1484681227,647650.5715844106,490281.1234208609,371150.1086068175,280966.157044159,212695.56326006955,161013.7075100047,121889.77338665751,92272.37286817683,69851.55979997778,52878.67055787663,40029.94074828571,30303.261020101036,22940.019677438577,17365.936374048837,13146.272339256591,9951.923852270176,7533.754497511401,5703.164299817874,4317.380270549212,3268.3211320289042,2474.167748190469,1872.9818150965439,1417.8751146716045,1073.3525678685733,812.5438714797498,615.1078059936608,465.6457654468499,352.5007759059676,266.84833458126286,202.0081615020017,152.9231852897018,115.76512763280968,87.63592486288086,66.34169964319946,50.22165417247366,38.01853979298955,28.780600555832645,21.787343040122046,16.493343001202764,12.48570616684982,9.451865426769041,7.155202825687843,5.4165950492412005,4.10044308207906,3.1040964510953106,2.3498472201245697,1.7788693247526999,1.3466305585511114,1.0194193783603427,0.7717156441887939,0.5842002301777054,0.4422482704733015,0.3347885239229242
Te138,23989744224507.934,14629862984551.625,8917125775594.152,5435051030470.251,3312700740819.682,2019113718194.3071,1230663595943.5798,750097863593.9371,457189768855.31006,278660285398.6057,169845346392.7084,103521898177.90031,63097303694.01305,38458237373.244255,23440558237.31082,14287180276.728552,8708133918.706503,5307667074.772182,3235059318.0594096,1971790740.4379225,1201819917.9138906,732517444.9159675,446474383.64777005,272129184.95957965,165864596.0866315,101095603.68935703,61618460.63868528,37556872.43480921,22891170.15362408,13952324.48899287,8504037.029986909,5183268.627707261,3159237.615292424,1925576.8949589278,1173652.2635877964,715349.0673007574,436010.1402810301,265751.1571870926,161977.14461585289,98726.17547788893,60174.27796746687,36676.63323711883,22354.65835314878,13625.316883782247,8304.72366209667,5061.785769245424,3085.192983684041,1880.4461864833463,1146.1447886599678,698.5830735359021,425.79115261819726,259.5226144405224,158.18080528892034,96.41228074012676,58.76394332760492,35.81702464562422,21.83072104799708,13.30597351931875,8.110081701266381,4.943150165278795,3.0128837731289857,1.8363732289876682,1.1192820201757654,0.6822100327499143,0.41581167247871414,0.2534400531645763,0.15447344266496355,0.09415261791028141,0.05738666340586496,0.03497756313049287,0.021319063523434937,0.012994114764959892,0.007920001661393053,0.004827295083280135,0.0029422693096963107,0.001793333231433291,0.0010930488478279091,0.0006662207351073467,0.0004060660864049997,0.0002475000519185348,0.00015085297135250533,9.194591592801036e-05,5.604166348229074e-05,3.4157776494622424e-05,2.081939797210473e-05,1.2689565200156324e-05,7.734376622454268e-06,4.714155354765826e-06,2.8733098727503445e-06,1.7513019838215978e-06,1.0674305154569575e-06,6.506061866282769e-07,3.965489125048876e-07,2.4169926945169704e-07,1.473173548364329e-07,8.979093352344881e-08,5.472818699442533e-08,3.3357203608030174e-08,2.0331443332133802e-08,1.2392153515777825e-08,7.553102170365587e-09,4.6036673386385586e-09,2.805966672607793e-09,1.7102558435758029e-09,1.0424126127509496e-09,6.353576041291852e-10,3.872547973680596e-10,2.3603444282392615e-10,1.438646043324559e-10,8.768645851899411e-11,5.344549511174411e-11,3.2575394148467335e-11,1.985492512903715e-11,1.2101712417751921e-11,7.37607633824773e-12,4.495768885389268e-12,2.7402018287185798e-12,1.6701717222420128e-12,1.0179810671396095e-12,6.204664102824143e-13,3.781785130547498e-13,2.305023855702428e-13
Te139,2410859979033.069,327077286628.62683,44374021037.609795,6020148214.333081,816743303.2904598,110806179.46940532,15032886.537472628,2039486.233806327,276693.6401413716,37538.55712563395,5092.792412411461,690.9305136345913,93.73737156612603,12.717190303123514,1.7253196511038313,0.2340711924200679,0.031756041893975503,0.004308288373061108,0.0005844981804541214,7.929787734042493e-05,1.0758208598376712e-05,1.4595479239541314e-06,1.9801439271592594e-07,2.6864276999162884e-08,3.6446309219708943e-09,4.944608990519389e-10,6.708267199770086e-11,9.100992395919307e-12,1.2347162109675644e-12,1.6751185533455274e-13,2.2726049458470483e-14,3.083204606368613e-15,4.1829314250609845e-16,5.674912158155643e-17,7.699057127696805e-18,1.0445180295936702e-18,1.417079904786504e-19,1.9225282854436756e-20,2.6082615354621467e-21,3.5385842116759165e-22,4.800737216294306e-23,6.513078802495937e-24,8.836183606039188e-25,1.1987900513304791e-25,1.626378141561854e-26,2.2064796553946338e-27,2.993493545723027e-28,4.061221949804345e-29,5.5097909762116705e-30,7.4750400191760315e-31,1.0141260082193099e-31,1.3758475645729002e-32,1.866589068418626e-33,2.5323697479680386e-34,3.435623110048919e-35,4.661051635043924e-36,6.323569742269052e-37,8.579079876458792e-38,1.1639092241631629e-38,1.5790559146201486e-39,2.1422783922772085e-40,2.906392780348007e-41,3.9430538178933276e-42,5.349474274754251e-43,7.257541067889043e-44,9.84618294187717e-45,1.3358149491410513e-45,1.8122774976680598e-46,2.458686160583761e-47,3.335657836079008e-48,4.5254304423926684e-49,6.139574769157827e-50,8.329457015397145e-51,1.1300433137467216e-51,1.5331106080301718e-52,2.0799451736603526e-53,2.821826359281085e-54,3.8283239879446115e-55,5.1938222592853135e-56,7.046370617010035e-57,9.559691570788283e-58,1.2969471504662196e-58,1.7595462140665532e-59,2.387146521986656e-60,3.2386012210858864e-61,4.393755378069594e-62,5.960933441457353e-63,8.087097354312875e-64,1.0971627893591235e-64,1.4885021579619294e-65,2.019425645625044e-66,2.7397205414816945e-67,3.716932416738476e-68,5.042699202864527e-69,6.841344528099798e-70,9.281536151427367e-71,1.259210276231779e-71,1.7083492364826574e-72,2.3176884503551222e-73,3.1443686327096387e-74,4.265911622786647e-75,5.787489985785854e-76,7.85178955809952e-77,1.0652389795247209e-77,1.4451916663104309e-78,1.9606670357716203e-79,2.660003731529768e-80,3.6087819719821437e-81,4.8959733277568045e-82,6.642284020538957e-83,9.011474135158669e-84,1.2225714202754698e-84,1.6586419216838403e-85,2.250251378972352e-86,3.052877901112262e-87,4.141787698117491e-88,5.619093161252044e-89,7.623328440803577e-90,1.0342440470130155e-90,1.4031413667769352e-91,1.9036181072027654e-92,2.5826064171952584e-93
Te140,6116533673595.036,625568860204.9812,63980093912.921844,6543568066.615387,669243829.1932667,68446954.07056913,7000416.465828413,715968.0275110023,73225.6743466954,7489.160377969369,765.9543413884242,78.33802769367993,8.012026633091045,0.8194305200070678,0.08380730717316669,0.00857139753051538,0.0008766402131775968,8.965843208462806e-05,9.169821693138928e-06,9.378440814645674e-07,9.591806150344434e-08,9.810025679546962e-09,1.0033209838161188e-09,1.0261471574580351e-10,1.0494926406843564e-11,1.0733692481096872e-12,1.0977890631384304e-13,1.1227644440799168e-14,1.1483080304026716e-15,1.1744327491309533e-16,1.2011518213868276e-17,1.2284787690810714e-18,1.2564274217563078e-19,1.2850119235858158e-20,1.3142467405315733e-21,1.344146667665156e-22,1.374726836655174e-23,1.4060027234250698e-24,1.4379901559851274e-25,1.4707053224426626e-26,1.504164779194462e-27,1.5383854593055836e-28,1.5733846810788066e-29,1.60918015681902e-30,1.645790001797014e-31,1.6832327434172116e-32,1.721527330593954e-33,1.760693143341118e-34,1.8007500025798987e-35,1.841718180169717e-36,1.8836184091673532e-37,1.926471894319463e-38,1.9703003227938226e-39,2.0151258751547007e-40,2.0609712365879378e-41,2.1078596083813998e-42,2.1558147196666182e-43,2.2048608394275592e-44,2.255022788782601e-45,2.3063259535459365e-46,2.358796297074749e-47,2.4124603734086746e-48,2.467345340708195e-49,2.5234789749987544e-50,2.58088968422758e-51,2.6396065226402864e-52,2.6996592054845653e-53,2.7610781240484e-54,2.823894361040385e-55,2.888139706319986e-56,2.9538466729856547e-57,3.021048513828969e-58,3.0897792381631013e-59,3.160073629034153e-60,3.231967260824073e-61,3.3054965172540176e-62,3.380698609797332e-63,3.457611596511422e-64,3.536274401298068e-65,3.616726833601912e-66,3.6990096085571156e-67,3.783164367592355e-68,3.8692336995045847e-69,3.95726116201227e-70,4.047291303798939e-71,4.139369687058254e-72,4.233542910551998e-73,4.329858633192637e-74,4.428365598162406e-75,4.529113657581117e-76,4.632153797735173e-77,4.737538164880579e-78,4.845320091632937e-79,4.955554123957881e-80,5.068296048775547e-81,5.1836029221930274e-82,5.301533098379204e-83,5.422146259096424e-84,5.545503443904078e-85,5.671667081049334e-86,5.800701019060642e-87,5.932670559060001e-88,6.0676424878103786e-89,6.2056851115149516e-90,6.346868290385316e-91,6.491263473996125e-92,6.638943737444119e-93,6.789983818329729e-94,6.944460154580068e-95,7.102450923132426e-96,7.264036079497822e-97,7.429297398224656e-98,7.598318514282954e-99,7.771184965390085e-100,7.947984235299461e-101,8.12880579807404e-102,8.3137411633671345e-103,8.502883922733316e-104,8.696329796992981e-105,8.894176684674453e-106,9.096524711558212e-107,9.30347628134823e-108
Te141,11706764404.083471,452012571.5500876,17452761.30850085,673872.5789128895,26019.0490538322,1004.6274842609965,38.789902737968355,1.497725851615407,0.05782903715304812,0.0022328502472209193,8.621309418173035e-05,3.328793598065475e-06,1.285288148359935e-07,4.962655615759862e-09,1.9161423679241792e-10,7.398461344958546e-12,2.8566369174407684e-13,1.1029826470129668e-14,4.2587516536810884e-16,1.644356390995713e-17,6.349062261640221e-19,2.4514510250283737e-20,9.465353906547041e-22,3.654689555755999e-23,1.4111205857515076e-24,5.448510132401027e-26,2.103736772223963e-27,8.122786411809421e-29,3.1363077340767044e-30,1.210966988929875e-31,4.6756924785940734e-33,1.8053423713639448e-34,6.970648931176111e-36,2.6914532829026056e-37,1.0392032141582831e-38,4.0124914193280684e-40,1.5492722858081098e-41,5.981930837312615e-43,2.3096970668217133e-44,8.918024439883762e-46,3.443358917184924e-47,1.3295232270872196e-48,5.133452695107133e-50,1.982089220858262e-51,7.653090254804655e-53,2.9549522711608726e-54,1.1409434142445861e-55,4.4053228446789454e-57,1.7009493304888743e-58,6.567574561272378e-60,2.5358213113541207e-61,9.791117958578497e-63,3.780471062750327e-64,1.4596863725628668e-65,5.6360286082857775e-67,2.17613996201418e-68,8.402344032308642e-70,3.2442483695730516e-71,1.2526441958346584e-72,4.836613300247279e-74,1.8674758797362916e-75,7.210554048673966e-77,2.784083599312158e-78,1.0749689185651944e-79,4.1505872027934736e-81,1.6025927662157e-82,6.187807769942387e-84,2.38918868254806e-85,9.224951344713286e-87,3.561867169970393e-88,1.3752807209962797e-89,5.310128006709947e-91,2.0503057315613762e-92,7.916482592437533e-94,3.056651292129037e-95,1.1802106570157068e-96,4.5569384984155516e-98,1.7594899990862771e-99,6.793607282523213e-101,2.6230953249589508e-102,1.0128093658757924e-103,3.910581524984335e-105,1.5099236222331936e-106,5.830000807838778e-108,2.251035013885725e-109,8.691523038772846e-111,3.355903940521921e-112,1.2957557850068874e-113,5.003072448246818e-115,1.93174780402569e-116,7.4587158530269245e-118,2.8799019240637547e-119,1.1119655522016273e-120,4.293435755403514e-122,1.6577483492433632e-123,6.400770259483755e-125,2.4714161189417777e-126,9.542441589612481e-128,3.684454058273102e-129,1.4226130262408474e-130,5.4928838585619587e-132,2.1208700136380198e-133,8.188939964091171e-135,3.1618504342215997e-136,1.2208293396002273e-137,4.713772227482498e-139,1.8200454307447561e-140,7.02741925174441e-142,2.7133730018805078e-143,1.0476666872417603e-144,4.045169929808499e-146,1.5618898606108746e-147,6.030648845435633e-149,2.3285076889307592e-150,8.990654565326467e-152,3.471402301881306e-153,1.340351122818304e-154,5.175260532225442e-156,1.9982317409556186e-157,7.71541851023585e-159,2.979017977145227e-160,1.150235479304306e-161
Te142,747501643.0896187,23359426.34655061,729982.0733297078,22811.939791553417,712.873118486046,22.277284952688962,0.6961651547715313,0.021755161086610384,0.0006798487839565758,2.1245274498643014e-05,6.639148280825953e-07,2.0747338377581148e-08,6.483543242994127e-10,2.02610726343567e-11,6.331585198236478e-13,1.9786203744489028e-14,6.183188670152828e-16,1.932246459422763e-17,6.038270185696147e-19,1.8869594330300484e-20,5.896748228218914e-22,1.8427338213184151e-23,5.7585431916200565e-25,1.799544747381271e-26,5.623577335566486e-28,1.75736791736453e-29,5.491774741764164e-31,1.716179606801303e-32,5.3630612712540755e-34,1.6759566472669013e-35,5.2373645227090715e-37,1.6366764133465872e-38,5.114613791708097e-40,1.598316809908783e-41,4.994740030964952e-43,1.560856259676551e-44,4.877675811489226e-46,1.5242736910903855e-47,4.763355284657463e-49,1.4885485264554591e-50,4.651714145173316e-52,1.4536606703666642e-53,4.542689594895835e-55,1.4195904984049511e-56,4.436220307515477e-58,1.3863188460985882e-59,4.332246394058097e-61,1.3538269981431568e-62,4.230709369197369e-64,1.3220966778741804e-65,4.1315521183568184e-67,1.2911100369865082e-68,4.0347188655828427e-70,1.2608496454946397e-71,3.940155142170755e-73,1.2312984819283629e-74,3.8478077560261376e-76,1.20243992375817e-77,3.757624761744287e-79,1.1742577380450929e-80,3.6695554313909216e-82,1.1467360723096648e-83,3.5835502259677106e-85,1.1198594456149114e-86,3.4995607675466036e-88,1.0936127398583152e-89,3.4175398120572415e-91,1.0679811912678898e-92,3.337441222712159e-94,1.0429503820975512e-95,3.2592199440548536e-97,1.0185062325171439e-98,3.18283197661608e-100,9.946349926925263e-102,3.1082343521641497e-103,9.713232350512988e-105,3.0353851095353155e-106,9.485578467297873e-108,2.9642432710305915e-109,9.263260221970609e-111,2.89476881936582e-112,9.046152560518199e-114,2.8269226751619425e-115,8.834133359881084e-117,2.7606666749628437e-118,8.627083359258899e-120,2.695963549768409e-121,8.424886093026287e-123,2.632776904070718e-124,8.227427825221005e-126,2.571071195381567e-127,8.03459748556741e-129,2.5108117142398218e-130,7.846286606999456e-132,2.451964564687335e-133,7.662389264647934e-135,2.3944966452024824e-136,7.482802016257774e-138,2.3383756300805608e-139,7.307423844001762e-141,2.283569951250555e-142,7.136156097658e-144,2.230048780518129e-145,6.968902439119163e-147,2.177782012224743e-148,6.80556878820234e-150,2.1267402463132357e-151,6.646063269728875e-153,2.0768947717902765e-154,6.490296161844623e-156,2.0282175505764474e-157,6.33817984555141e-159,1.9806812017348186e-160,6.189628755421314e-162,1.9342589860691643e-163,6.044559331466157e-165,1.888924791083179e-166,5.902889972134945e-168,1.844653116292174e-169,5.764540988413051e-171,1.8014190588790812e-172,5.629434558997139e-174
Ti56,0.0,0.0,0.0,0.0,0.0,0.0,0.0,0.0,0.0,0.0,0.0,0.0,0.0,0.0,0.0,0.0,0.0,0.0,0.0,0.0,0.0,0.0,0.0,0.0,0.0,0.0,0.0,0.0,0.0,0.0,0.0,0.0,0.0,0.0,0.0,0.0,0.0,0.0,0.0,0.0,0.0,0.0,0.0,0.0,0.0,0.0,0.0,0.0,0.0,0.0,0.0,0.0,0.0,0.0,0.0,0.0,0.0,0.0,0.0,0.0,0.0,0.0,0.0,0.0,0.0,0.0,0.0,0.0,0.0,0.0,0.0,0.0,0.0,0.0,0.0,0.0,0.0,0.0,0.0,0.0,0.0,0.0,0.0,0.0,0.0,0.0,0.0,0.0,0.0,0.0,0.0,0.0,0.0,0.0,0.0,0.0,0.0,0.0,0.0,0.0,0.0,0.0,0.0,0.0,0.0,0.0,0.0,0.0,0.0,0.0,0.0,0.0,0.0,0.0,0.0,0.0,0.0,0.0,0.0,0.0,0.0,0.0
Ti57,0.0,0.0,0.0,0.0,0.0,0.0,0.0,0.0,0.0,0.0,0.0,0.0,0.0,0.0,0.0,0.0,0.0,0.0,0.0,0.0,0.0,0.0,0.0,0.0,0.0,0.0,0.0,0.0,0.0,0.0,0.0,0.0,0.0,0.0,0.0,0.0,0.0,0.0,0.0,0.0,0.0,0.0,0.0,0.0,0.0,0.0,0.0,0.0,0.0,0.0,0.0,0.0,0.0,0.0,0.0,0.0,0.0,0.0,0.0,0.0,0.0,0.0,0.0,0.0,0.0,0.0,0.0,0.0,0.0,0.0,0.0,0.0,0.0,0.0,0.0,0.0,0.0,0.0,0.0,0.0,0.0,0.0,0.0,0.0,0.0,0.0,0.0,0.0,0.0,0.0,0.0,0.0,0.0,0.0,0.0,0.0,0.0,0.0,0.0,0.0,0.0,0.0,0.0,0.0,0.0,0.0,0.0,0.0,0.0,0.0,0.0,0.0,0.0,0.0,0.0,0.0,0.0,0.0,0.0,0.0,0.0,0.0
Ti58,0.0,0.0,0.0,0.0,0.0,0.0,0.0,0.0,0.0,0.0,0.0,0.0,0.0,0.0,0.0,0.0,0.0,0.0,0.0,0.0,0.0,0.0,0.0,0.0,0.0,0.0,0.0,0.0,0.0,0.0,0.0,0.0,0.0,0.0,0.0,0.0,0.0,0.0,0.0,0.0,0.0,0.0,0.0,0.0,0.0,0.0,0.0,0.0,0.0,0.0,0.0,0.0,0.0,0.0,0.0,0.0,0.0,0.0,0.0,0.0,0.0,0.0,0.0,0.0,0.0,0.0,0.0,0.0,0.0,0.0,0.0,0.0,0.0,0.0,0.0,0.0,0.0,0.0,0.0,0.0,0.0,0.0,0.0,0.0,0.0,0.0,0.0,0.0,0.0,0.0,0.0,0.0,0.0,0.0,0.0,0.0,0.0,0.0,0.0,0.0,0.0,0.0,0.0,0.0,0.0,0.0,0.0,0.0,0.0,0.0,0.0,0.0,0.0,0.0,0.0,0.0,0.0,0.0,0.0,0.0,0.0,0.0
Ti59,0.0,0.0,0.0,0.0,0.0,0.0,0.0,0.0,0.0,0.0,0.0,0.0,0.0,0.0,0.0,0.0,0.0,0.0,0.0,0.0,0.0,0.0,0.0,0.0,0.0,0.0,0.0,0.0,0.0,0.0,0.0,0.0,0.0,0.0,0.0,0.0,0.0,0.0,0.0,0.0,0.0,0.0,0.0,0.0,0.0,0.0,0.0,0.0,0.0,0.0,0.0,0.0,0.0,0.0,0.0,0.0,0.0,0.0,0.0,0.0,0.0,0.0,0.0,0.0,0.0,0.0,0.0,0.0,0.0,0.0,0.0,0.0,0.0,0.0,0.0,0.0,0.0,0.0,0.0,0.0,0.0,0.0,0.0,0.0,0.0,0.0,0.0,0.0,0.0,0.0,0.0,0.0,0.0,0.0,0.0,0.0,0.0,0.0,0.0,0.0,0.0,0.0,0.0,0.0,0.0,0.0,0.0,0.0,0.0,0.0,0.0,0.0,0.0,0.0,0.0,0.0,0.0,0.0,0.0,0.0,0.0,0.0
Ti60,0.0,0.0,0.0,0.0,0.0,0.0,0.0,0.0,0.0,0.0,0.0,0.0,0.0,0.0,0.0,0.0,0.0,0.0,0.0,0.0,0.0,0.0,0.0,0.0,0.0,0.0,0.0,0.0,0.0,0.0,0.0,0.0,0.0,0.0,0.0,0.0,0.0,0.0,0.0,0.0,0.0,0.0,0.0,0.0,0.0,0.0,0.0,0.0,0.0,0.0,0.0,0.0,0.0,0.0,0.0,0.0,0.0,0.0,0.0,0.0,0.0,0.0,0.0,0.0,0.0,0.0,0.0,0.0,0.0,0.0,0.0,0.0,0.0,0.0,0.0,0.0,0.0,0.0,0.0,0.0,0.0,0.0,0.0,0.0,0.0,0.0,0.0,0.0,0.0,0.0,0.0,0.0,0.0,0.0,0.0,0.0,0.0,0.0,0.0,0.0,0.0,0.0,0.0,0.0,0.0,0.0,0.0,0.0,0.0,0.0,0.0,0.0,0.0,0.0,0.0,0.0,0.0,0.0,0.0,0.0,0.0,0.0
Ti61,0.0,0.0,0.0,0.0,0.0,0.0,0.0,0.0,0.0,0.0,0.0,0.0,0.0,0.0,0.0,0.0,0.0,0.0,0.0,0.0,0.0,0.0,0.0,0.0,0.0,0.0,0.0,0.0,0.0,0.0,0.0,0.0,0.0,0.0,0.0,0.0,0.0,0.0,0.0,0.0,0.0,0.0,0.0,0.0,0.0,0.0,0.0,0.0,0.0,0.0,0.0,0.0,0.0,0.0,0.0,0.0,0.0,0.0,0.0,0.0,0.0,0.0,0.0,0.0,0.0,0.0,0.0,0.0,0.0,0.0,0.0,0.0,0.0,0.0,0.0,0.0,0.0,0.0,0.0,0.0,0.0,0.0,0.0,0.0,0.0,0.0,0.0,0.0,0.0,0.0,0.0,0.0,0.0,0.0,0.0,0.0,0.0,0.0,0.0,0.0,0.0,0.0,0.0,0.0,0.0,0.0,0.0,0.0,0.0,0.0,0.0,0.0,0.0,0.0,0.0,0.0,0.0,0.0,0.0,0.0,0.0,0.0
Tl209,0.0,1.6939634167089825e-38,1.217964247540896e-36,1.4449263775848543e-35,8.284971965412449e-35,3.1982866328406027e-34,9.623159561508754e-34,2.4391640102805673e-33,5.45458209417749e-33,1.1086483991954981e-32,2.089963080193413e-32,3.7073451375559155e-32,6.254442360808372e-32,1.0116290049914278e-31,1.578642656040589e-31,2.38854303195562e-31,3.5180866915055327e-31,5.060863492676232e-31,7.129569924082846e-31,9.858420065383068e-31,1.340569306425148e-30,1.7956416024233456e-30,2.372518120451793e-30,3.0959096439351937e-30,3.994086769146584e-30,5.099201266048768e-30,6.44762043738977e-30,8.080274369460922e-30,1.004301596857625e-29,1.2386993677978103e-29,1.5169036770516696e-29,1.8452053113090374e-29,2.2305439299469053e-29,2.6805503048755233e-29,3.203589776736558e-29,3.8088069173041025e-29,4.506171388001505e-29,5.306524984508748e-29,6.221629857496596e-29,7.264217899584887e-29,8.44804128868303e-29,9.787924177931305e-29,1.1299815522521606e-28,1.30008430337359e-28,1.4909368250600616e-28,1.7045042719613446e-28,1.942886527305862e-28,2.2083240396484603e-28,2.503203767597667e-28,2.8300652315914175e-28,3.1916066717960175e-28,3.590691311208815e-28,4.0303537230507126e-28,4.513806301540332e-28,5.044445835147218e-28,5.625860181427162e-28,6.261835042548117e-28,6.9563608406208415e-28,7.713639691953877e-28,8.538092479357771e-28,9.434366021629243e-28,1.0407340339350948e-27,1.1462136016148287e-27,1.2604121654549666e-27,1.3838921425602283e-27,1.5172422711400427e-27,1.6610783839688958e-27,1.8160441909709577e-27,1.9828120708462432e-27,2.1620838716561664e-27,2.3545917202867426e-27,2.5610988407083123e-27,2.782400380951089e-27,3.0193242487163913e-27,3.2727319555438854e-27,3.543519469455683e-27,3.832618075998643e-27,4.140995247606692e-27,4.469655521205461e-27,4.819641383982136e-27,5.1920341672437e-27,5.587954948287427e-27,6.008565460207879e-27,6.4550690095650494e-27,6.928711401839048e-27,7.430781874596769e-27,7.962614038296918e-27,8.525586824659843e-27,9.121125442529394e-27,9.750702341154164e-27,1.0415838180816366e-26,1.1118102810736596e-26,1.185911625418338e-26,1.2640549700717157e-26,1.3464126505498055e-26,1.433162319558816e-26,1.5244870483178592e-26,1.6205754285672924e-26,1.7216216752558125e-26,1.827825729899524e-26,1.9393933646062445e-26,2.0565362867582806e-26,2.1794722443470703e-26,2.3084251319530162e-26,2.4436250973639576e-26,2.585308648825706e-26,2.7337187629181697e-26,2.8891049930506273e-26,3.0517235785696557e-26,3.2218375544734356e-26,3.399716861726023e-26,3.5856384581653463e-26,3.7798864299986114e-26,3.9827521038789835e-26,4.1945341595572974e-26,4.415538743102728e-26,4.6460795806862154e-26,4.886478092920787e-26,5.1370635097525164e-26,5.398172985896359e-26,5.670151716810771e-26,5.953353055205328e-26
Tl210,0.0,5.296882192455122e-46,5.213396632244365e-44,7.977336861860563e-43,5.608857051402074e-42,2.5629418792043856e-41,8.899644485823894e-41,2.5545903005914196e-40,6.375806375043238e-40,1.4296812834380685e-39,2.94565244110753e-39,5.6667569046961424e-39,1.0300507283677506e-38,1.7851699558594782e-38,2.9706661785651127e-38,4.773176231466497e-38,7.438720660916796e-38,1.1285713681873137e-37,1.6719703358220348e-37,2.4249940509193908e-37,3.4507873419476713e-37,4.826766402268971e-37,6.646881983650497e-37,9.024103455166895e-37,1.2093132881626787e-36,1.6013358141019587e-36,2.0972053967269616e-36,2.7187839672779684e-36,3.491440217482596e-36,4.444449282081297e-36,5.611420637969662e-36,7.030755044051874e-36,8.746131333395734e-36,1.0807023856906815e-35,1.3269251365496005e-35,1.6195558105600264e-35,1.9656227890929136e-35,2.3729731901448263e-35,2.8503410948875123e-35,3.4074192936349357e-35,4.0549346228450286e-35,4.804726963636583e-35,5.669831971176752e-35,6.664567603181939e-35,7.804624514673383e-35,9.107160385039684e-35,1.0590898242380296e-34,1.2276228849037883e-34,1.418531721117225e-34,1.63422132741847e-34,1.8772966864769255e-34,2.1505746939345165e-34,2.4570965197615026e-34,2.800140411899228e-34,3.183234947865315e-34,3.6101727398989612e-34,4.085024599127191e-34,4.612154164137126e-34,5.196232999244638e-34,5.842256167656098e-34,6.555558284627133e-34,7.341830055630749e-34,8.207135304456284e-34,9.157928496071258e-34,1.020107275898917e-33,1.1343858411798518e-33,1.2594021998421868e-33,1.3959765836587491e-33,1.5449778083911334e-33,1.70732533259032e-33,1.8839913690127733e-33,2.0760030490668975e-33,2.2844446406965257e-33,2.510459820100188e-33,2.755253997676873e-33,3.0200966985811694e-33,3.3063239982628564e-33,3.615341013358435e-33,3.948624448294342e-33,4.3077251979542026e-33,4.694271006754916e-33,5.109969184469169e-33,5.5566093791245365e-33,6.0360664073022314e-33,6.55030314215154e-33,7.1013734594287e-33,7.691425241862304e-33,8.322703442140278e-33,8.997553204806723e-33,9.718423047350171e-33,1.0487868100758293e-32,1.1308553409807285e-32,1.2183257293347908e-32,1.3114874764843615e-32,1.4106421013409832e-32,1.5161034945597306e-32,1.6281982788156001e-32,1.747266175201029e-32,1.8736603757669693e-32,2.0077479222293488e-32,2.1499100908622203e-32,2.300542783598207e-32,2.460056925356371e-32,2.6288788676170036e-32,2.807450798262306e-32,2.996231157701318e-32,3.195695061296979e-32,3.406334728112575e-32,3.628659915994357e-32,3.8631983630065107e-32,4.1104962352342413e-32,4.371118580970046e-32,4.645649791297914e-32,4.934694067089589e-32,5.238875892426514e-32,5.558840514460605e-32,5.895254429726554e-32,6.248805876917765e-32,6.620205336137749e-32,7.01018603463802e-32,7.419504459053362e-32,7.848940874144755e-32
Tl211,0.0,0.0,0.0,0.0,0.0,0.0,0.0,0.0,0.0,0.0,0.0,0.0,0.0,0.0,0.0,0.0,0.0,0.0,0.0,0.0,0.0,0.0,0.0,0.0,0.0,0.0,0.0,0.0,0.0,0.0,0.0,0.0,0.0,0.0,0.0,0.0,0.0,0.0,0.0,0.0,0.0,0.0,0.0,0.0,0.0,0.0,0.0,0.0,0.0,0.0,0.0,0.0,0.0,0.0,0.0,0.0,0.0,0.0,0.0,0.0,0.0,0.0,0.0,0.0,0.0,0.0,0.0,0.0,0.0,0.0,0.0,0.0,0.0,0.0,0.0,0.0,0.0,0.0,0.0,0.0,0.0,0.0,0.0,0.0,0.0,0.0,0.0,0.0,0.0,0.0,0.0,0.0,0.0,0.0,0.0,0.0,0.0,0.0,0.0,0.0,0.0,0.0,0.0,0.0,0.0,0.0,0.0,0.0,0.0,0.0,0.0,0.0,0.0,0.0,0.0,0.0,0.0,0.0,0.0,0.0,0.0,0.0
Tl212,0.0,0.0,0.0,0.0,0.0,0.0,0.0,0.0,0.0,0.0,0.0,0.0,0.0,0.0,0.0,0.0,0.0,0.0,0.0,0.0,0.0,0.0,0.0,0.0,0.0,0.0,0.0,0.0,0.0,0.0,0.0,0.0,0.0,0.0,0.0,0.0,0.0,0.0,0.0,0.0,0.0,0.0,0.0,0.0,0.0,0.0,0.0,0.0,0.0,0.0,0.0,0.0,0.0,0.0,0.0,0.0,0.0,0.0,0.0,0.0,0.0,0.0,0.0,0.0,0.0,0.0,0.0,0.0,0.0,0.0,0.0,0.0,0.0,0.0,0.0,0.0,0.0,0.0,0.0,0.0,0.0,0.0,0.0,0.0,0.0,0.0,0.0,0.0,0.0,0.0,0.0,0.0,0.0,0.0,0.0,0.0,0.0,0.0,0.0,0.0,0.0,0.0,0.0,0.0,0.0,0.0,0.0,0.0,0.0,0.0,0.0,0.0,0.0,0.0,0.0,0.0,0.0,0.0,0.0,0.0,0.0,0.0
V56,0.0,0.0,0.0,0.0,0.0,0.0,0.0,0.0,0.0,0.0,0.0,0.0,0.0,0.0,0.0,0.0,0.0,0.0,0.0,0.0,0.0,0.0,0.0,0.0,0.0,0.0,0.0,0.0,0.0,0.0,0.0,0.0,0.0,0.0,0.0,0.0,0.0,0.0,0.0,0.0,0.0,0.0,0.0,0.0,0.0,0.0,0.0,0.0,0.0,0.0,0.0,0.0,0.0,0.0,0.0,0.0,0.0,0.0,0.0,0.0,0.0,0.0,0.0,0.0,0.0,0.0,0.0,0.0,0.0,0.0,0.0,0.0,0.0,0.0,0.0,0.0,0.0,0.0,0.0,0.0,0.0,0.0,0.0,0.0,0.0,0.0,0.0,0.0,0.0,0.0,0.0,0.0,0.0,0.0,0.0,0.0,0.0,0.0,0.0,0.0,0.0,0.0,0.0,0.0,0.0,0.0,0.0,0.0,0.0,0.0,0.0,0.0,0.0,0.0,0.0,0.0,0.0,0.0,0.0,0.0,0.0,0.0
V57,0.0,0.0,0.0,0.0,0.0,0.0,0.0,0.0,0.0,0.0,0.0,0.0,0.0,0.0,0.0,0.0,0.0,0.0,0.0,0.0,0.0,0.0,0.0,0.0,0.0,0.0,0.0,0.0,0.0,0.0,0.0,0.0,0.0,0.0,0.0,0.0,0.0,0.0,0.0,0.0,0.0,0.0,0.0,0.0,0.0,0.0,0.0,0.0,0.0,0.0,0.0,0.0,0.0,0.0,0.0,0.0,0.0,0.0,0.0,0.0,0.0,0.0,0.0,0.0,0.0,0.0,0.0,0.0,0.0,0.0,0.0,0.0,0.0,0.0,0.0,0.0,0.0,0.0,0.0,0.0,0.0,0.0,0.0,0.0,0.0,0.0,0.0,0.0,0.0,0.0,0.0,0.0,0.0,0.0,0.0,0.0,0.0,0.0,0.0,0.0,0.0,0.0,0.0,0.0,0.0,0.0,0.0,0.0,0.0,0.0,0.0,0.0,0.0,0.0,0.0,0.0,0.0,0.0,0.0,0.0,0.0,0.0
V58,0.0,0.0,0.0,0.0,0.0,0.0,0.0,0.0,0.0,0.0,0.0,0.0,0.0,0.0,0.0,0.0,0.0,0.0,0.0,0.0,0.0,0.0,0.0,0.0,0.0,0.0,0.0,0.0,0.0,0.0,0.0,0.0,0.0,0.0,0.0,0.0,0.0,0.0,0.0,0.0,0.0,0.0,0.0,0.0,0.0,0.0,0.0,0.0,0.0,0.0,0.0,0.0,0.0,0.0,0.0,0.0,0.0,0.0,0.0,0.0,0.0,0.0,0.0,0.0,0.0,0.0,0.0,0.0,0.0,0.0,0.0,0.0,0.0,0.0,0.0,0.0,0.0,0.0,0.0,0.0,0.0,0.0,0.0,0.0,0.0,0.0,0.0,0.0,0.0,0.0,0.0,0.0,0.0,0.0,0.0,0.0,0.0,0.0,0.0,0.0,0.0,0.0,0.0,0.0,0.0,0.0,0.0,0.0,0.0,0.0,0.0,0.0,0.0,0.0,0.0,0.0,0.0,0.0,0.0,0.0,0.0,0.0
V59,0.0,0.0,0.0,0.0,0.0,0.0,0.0,0.0,0.0,0.0,0.0,0.0,0.0,0.0,0.0,0.0,0.0,0.0,0.0,0.0,0.0,0.0,0.0,0.0,0.0,0.0,0.0,0.0,0.0,0.0,0.0,0.0,0.0,0.0,0.0,0.0,0.0,0.0,0.0,0.0,0.0,0.0,0.0,0.0,0.0,0.0,0.0,0.0,0.0,0.0,0.0,0.0,0.0,0.0,0.0,0.0,0.0,0.0,0.0,0.0,0.0,0.0,0.0,0.0,0.0,0.0,0.0,0.0,0.0,0.0,0.0,0.0,0.0,0.0,0.0,0.0,0.0,0.0,0.0,0.0,0.0,0.0,0.0,0.0,0.0,0.0,0.0,0.0,0.0,0.0,0.0,0.0,0.0,0.0,0.0,0.0,0.0,0.0,0.0,0.0,0.0,0.0,0.0,0.0,0.0,0.0,0.0,0.0,0.0,0.0,0.0,0.0,0.0,0.0,0.0,0.0,0.0,0.0,0.0,0.0,0.0,0.0
V60,0.0,0.0,0.0,0.0,0.0,0.0,0.0,0.0,0.0,0.0,0.0,0.0,0.0,0.0,0.0,0.0,0.0,0.0,0.0,0.0,0.0,0.0,0.0,0.0,0.0,0.0,0.0,0.0,0.0,0.0,0.0,0.0,0.0,0.0,0.0,0.0,0.0,0.0,0.0,0.0,0.0,0.0,0.0,0.0,0.0,0.0,0.0,0.0,0.0,0.0,0.0,0.0,0.0,0.0,0.0,0.0,0.0,0.0,0.0,0.0,0.0,0.0,0.0,0.0,0.0,0.0,0.0,0.0,0.0,0.0,0.0,0.0,0.0,0.0,0.0,0.0,0.0,0.0,0.0,0.0,0.0,0.0,0.0,0.0,0.0,0.0,0.0,0.0,0.0,0.0,0.0,0.0,0.0,0.0,0.0,0.0,0.0,0.0,0.0,0.0,0.0,0.0,0.0,0.0,0.0,0.0,0.0,0.0,0.0,0.0,0.0,0.0,0.0,0.0,0.0,0.0,0.0,0.0,0.0,0.0,0.0,0.0
V61,0.0,0.0,0.0,0.0,0.0,0.0,0.0,0.0,0.0,0.0,0.0,0.0,0.0,0.0,0.0,0.0,0.0,0.0,0.0,0.0,0.0,0.0,0.0,0.0,0.0,0.0,0.0,0.0,0.0,0.0,0.0,0.0,0.0,0.0,0.0,0.0,0.0,0.0,0.0,0.0,0.0,0.0,0.0,0.0,0.0,0.0,0.0,0.0,0.0,0.0,0.0,0.0,0.0,0.0,0.0,0.0,0.0,0.0,0.0,0.0,0.0,0.0,0.0,0.0,0.0,0.0,0.0,0.0,0.0,0.0,0.0,0.0,0.0,0.0,0.0,0.0,0.0,0.0,0.0,0.0,0.0,0.0,0.0,0.0,0.0,0.0,0.0,0.0,0.0,0.0,0.0,0.0,0.0,0.0,0.0,0.0,0.0,0.0,0.0,0.0,0.0,0.0,0.0,0.0,0.0,0.0,0.0,0.0,0.0,0.0,0.0,0.0,0.0,0.0,0.0,0.0,0.0,0.0,0.0,0.0,0.0,0.0
V62,0.0,0.0,0.0,0.0,0.0,0.0,0.0,0.0,0.0,0.0,0.0,0.0,0.0,0.0,0.0,0.0,0.0,0.0,0.0,0.0,0.0,0.0,0.0,0.0,0.0,0.0,0.0,0.0,0.0,0.0,0.0,0.0,0.0,0.0,0.0,0.0,0.0,0.0,0.0,0.0,0.0,0.0,0.0,0.0,0.0,0.0,0.0,0.0,0.0,0.0,0.0,0.0,0.0,0.0,0.0,0.0,0.0,0.0,0.0,0.0,0.0,0.0,0.0,0.0,0.0,0.0,0.0,0.0,0.0,0.0,0.0,0.0,0.0,0.0,0.0,0.0,0.0,0.0,0.0,0.0,0.0,0.0,0.0,0.0,0.0,0.0,0.0,0.0,0.0,0.0,0.0,0.0,0.0,0.0,0.0,0.0,0.0,0.0,0.0,0.0,0.0,0.0,0.0,0.0,0.0,0.0,0.0,0.0,0.0,0.0,0.0,0.0,0.0,0.0,0.0,0.0,0.0,0.0,0.0,0.0,0.0,0.0
V63,0.0,0.0,0.0,0.0,0.0,0.0,0.0,0.0,0.0,0.0,0.0,0.0,0.0,0.0,0.0,0.0,0.0,0.0,0.0,0.0,0.0,0.0,0.0,0.0,0.0,0.0,0.0,0.0,0.0,0.0,0.0,0.0,0.0,0.0,0.0,0.0,0.0,0.0,0.0,0.0,0.0,0.0,0.0,0.0,0.0,0.0,0.0,0.0,0.0,0.0,0.0,0.0,0.0,0.0,0.0,0.0,0.0,0.0,0.0,0.0,0.0,0.0,0.0,0.0,0.0,0.0,0.0,0.0,0.0,0.0,0.0,0.0,0.0,0.0,0.0,0.0,0.0,0.0,0.0,0.0,0.0,0.0,0.0,0.0,0.0,0.0,0.0,0.0,0.0,0.0,0.0,0.0,0.0,0.0,0.0,0.0,0.0,0.0,0.0,0.0,0.0,0.0,0.0,0.0,0.0,0.0,0.0,0.0,0.0,0.0,0.0,0.0,0.0,0.0,0.0,0.0,0.0,0.0,0.0,0.0,0.0,0.0
V64,0.0,0.0,0.0,0.0,0.0,0.0,0.0,0.0,0.0,0.0,0.0,0.0,0.0,0.0,0.0,0.0,0.0,0.0,0.0,0.0,0.0,0.0,0.0,0.0,0.0,0.0,0.0,0.0,0.0,0.0,0.0,0.0,0.0,0.0,0.0,0.0,0.0,0.0,0.0,0.0,0.0,0.0,0.0,0.0,0.0,0.0,0.0,0.0,0.0,0.0,0.0,0.0,0.0,0.0,0.0,0.0,0.0,0.0,0.0,0.0,0.0,0.0,0.0,0.0,0.0,0.0,0.0,0.0,0.0,0.0,0.0,0.0,0.0,0.0,0.0,0.0,0.0,0.0,0.0,0.0,0.0,0.0,0.0,0.0,0.0,0.0,0.0,0.0,0.0,0.0,0.0,0.0,0.0,0.0,0.0,0.0,0.0,0.0,0.0,0.0,0.0,0.0,0.0,0.0,0.0,0.0,0.0,0.0,0.0,0.0,0.0,0.0,0.0,0.0,0.0,0.0,0.0,0.0,0.0,0.0,0.0,0.0
Xe141,441992286680167.25,304142256526793.5,205223511275003.9,137765289668108.69,92343443282994.0,61870153461112.72,41447610900999.664,27765205813895.35,18599328085452.043,12459256120953.178,8346156523160.516,5590888147446.761,3745200241475.87,2508818652384.606,1680596650061.0217,1125790854076.6318,754139933676.0525,505180014017.6686,338407814187.2771,226691170519.73282,151854905935.70517,101723911010.00468,68142375825.16689,45646921525.076996,30577763388.56236,20483300573.36355,13721265255.643013,9191542131.669245,6157190695.187948,4124552410.665412,2762937422.357448,1850824632.5403485,1239822441.398364,830526922.5238118,556349801.3948632,372685211.1807722,249652765.73232406,167236320.5406801,112027546.84469298,75044531.06517048,50270507.5797,33674991.32116718,22558058.294573754,15111095.03097418,10122555.321619144,6780853.80504912,4542329.171296093,3042795.9212221922,2038295.0396271213,1365404.3110783922,914651.1650504303,612702.5870215512,410434.57275015116,274940.14563818695,184175.72178931322,123374.8400688385,82645.80702674728,55362.41761522274,37085.93810706425,24842.968651405525,16641.700949642614,11147.871028757543,7467.687879373935,5002.42262579922,3351.0013449043527,2244.7543627437344,1503.7063941258612,1007.2963693770231,674.7633578761029,452.00757490451804,302.78888944734,202.83091846883383,135.8715029537624,91.0170177913527,60.970088263839486,40.84238039332411,27.359318047474673,18.327342256114548,12.277041174414986,8.224091518124743,5.509119040786656,3.69042495923958,2.4721259930941235,1.656017123564783,1.1093256254740422,0.7431102769543522,0.4977915149838891,0.3334584382355098,0.22337570385076574,0.14963395538842164,0.10023615021328744,0.0671457610239591,0.0449793134901241,0.030130548990590228,0.02018372251665621,0.01352058519599495,0.009057111436767965,0.006067138839695505,0.004064228861169608,0.0027225281425722254,0.0018237554380647492,0.0012216894458722792,0.0008183800695007032,0.0005482129197553815,0.0003672345119182574,0.0002460014747627935,0.00016479040945623237,0.00011038909045133867,7.394696894609217e-05,4.9535277389795784e-05,3.318247848499118e-05,2.2228135914985773e-05,1.4890088046875788e-05,9.974508114026673e-06,6.68168057862216e-06,4.475895437084727e-06,2.998293577189685e-06,2.008484000884569e-06,1.3454346207119508e-06,9.012739547903164e-07,6.037415189699395e-07,4.044317710400634e-07
Xe142,157369016373899.12,90223097852627.52,51383273641073.05,29248332070721.113,16648028239869.965,9475957340649.408,5393656372261.149,3070035811574.0786,1747445371492.3384,994635083432.6305,566140129644.4099,322243455646.2194,183418979276.32086,104400947076.79175,59424372513.33013,33823984815.057358,19252402682.293243,10958348375.208843,6237424029.307612,3550303128.6539617,2020810553.5402064,1150232852.0459988,654705415.9075329,372654268.09554756,212112501.5245657,120733122.23938666,68720545.46951121,39115308.88982952,22264191.57609257,12672639.96132823,7213188.183392301,4105702.0421794574,2336940.175492407,1330171.8750470814,757125.5934240825,430951.19884223974,245294.75346838313,139620.25454566922,79470.98420884115,45234.39204199465,25747.135810370826,14655.110249348401,8341.597993748393,4747.98591790881,2702.5241798460484,1538.2600262364203,875.5680803757574,498.36792889205907,283.6679386959492,161.46203392922817,91.90318976620921,52.3107264516808,29.77494153210228,16.94771232165947,9.646532895053792,5.490746782173564,3.125299063812629,1.7789008719141,1.0125393594289531,0.5763311326558854,0.32804411144643725,0.18672067663388872,0.10628025276506124,0.06049406167241385,0.034432845259743765,0.01959896227669102,0.011155607950070869,0.006349702957675955,0.0036142115993295205,0.0020571868592588545,0.0011709380199799032,0.0006664906692668759,0.00037936236132074026,0.00021593070664462847,0.00012290642094729988,6.995757363465598e-05,3.981941766042307e-05,2.2664965927716757e-05,1.2900758240247552e-05,7.343031694999814e-06,4.179608164855989e-06,2.379007082813812e-06,1.3541160981709605e-06,7.707544969378518e-07,4.3870868631747005e-07,2.4971026729659096e-07,1.421335376710818e-07,8.090152939887788e-08,4.604864950469144e-08,2.621060611538119e-08,1.491891467665445e-08,8.491753840010678e-09,4.833453695675046e-09,2.7511719096423285e-09,1.5659500127574785e-09,8.913290492174114e-10,5.073389747478833e-10,2.8877420243873444e-10,1.6436848762815285e-10,9.355752521175462e-11,5.325236394186361e-11,3.0310915759883784e-11,1.7252785532784706e-11,9.820178677485345e-12,5.589584886132441e-12,3.1815571004743408e-12,1.810922597971768e-12,1.0307659275880625e-12,5.867055823735665e-13,3.339491839760077e-13,1.900818073471699e-13,1.0819338755133007e-13,6.15830061445729e-14,3.505266570938311e-14,1.9951760238031888e-14,1.1356418364762252e-14,6.464003002084555e-15,3.679270476738276e-15,2.0942179693654828e-15,1.1920158985161942e-15,6.784880671928735e-16,3.8619120591944657e-16
Xe143,19147472464594.02,1899826555565.1018,188498955438.10257,18702568682.000004,1855633767.0526261,184112120.9833996,18267189.449587505,1812426.3809939243,179824.28312357637,17841.675825224218,1770.199914696204,175.63391062046009,17.425844358034848,1.7289351831598216,0.1715390629139475,0.017019500560008474,0.0016886127475566068,0.00016753779893211596,1.6622450686490428e-05,1.649213274865909e-06,1.636281899392761e-07,1.6234502358637945e-08,1.6107175802381585e-09,1.598083230905868e-10,1.58554648878811e-11,1.573106657432195e-12,1.5607630431013286e-13,1.548514954859459e-14,1.5363617046513642e-15,1.5243026073781955e-16,1.5123369809686613e-17,1.5004641464460169e-18,1.4886834279910457e-19,1.4769941530011912e-20,1.4653956521460092e-21,1.4538872594190645e-22,1.4424683121864615e-23,1.4311381512320995e-24,1.4198961207998502e-25,1.4087415686327148e-26,1.3976738460091585e-27,1.38669230777668e-28,1.3757963123827727e-29,1.3649852219033861e-30,1.3542584020689562e-31,1.3436152222881654e-32,1.3330550556694752e-33,1.3225772790405633e-34,1.31218127296575e-35,1.3018664217614795e-36,1.2916321135099622e-37,1.2814777400710626e-38,1.2714026970924813e-39,1.261406384018343e-40,1.2514882040962283e-41,1.241647564382741e-42,1.2318838757476675e-43,1.222196552876792e-44,1.2125850142734221e-45,1.2030486822587127e-46,1.1935869829707926e-47,1.1841993463628e-48,1.1748852061998451e-49,1.1656440000549627e-50,1.1564751693041044e-51,1.1473781591201994e-52,1.1383524184663602e-53,1.12939740008823e-54,1.1205125605055686e-55,1.1116973600030603e-56,1.1029512626204142e-57,1.0942737361417898e-58,1.0856642520845703e-59,1.0771222856875284e-60,1.0686473158984053e-61,1.0602388253609498e-62,1.0518963004014259e-63,1.0436192310146289e-64,1.0354071108494432e-65,1.0272594371939544e-66,1.0191757109601444e-67,1.0111554366681929e-68,1.0031981224304202e-69,9.953032799348712e-71,9.874704244285757e-72,9.796990747005098e-73,9.719887530642556e-74,9.643389853404135e-75,9.567493008387397e-76,9.492192323400637e-77,9.417483160779899e-78,9.343360917203847e-79,9.269821023506883e-80,9.196858944490488e-81,9.124470178732912e-82,9.052650258397531e-83,8.981394749039716e-84,8.910699249412569e-85,8.840559391271572e-86,8.770970839178135e-87,8.701929290302412e-88,8.633430474225179e-89,8.565470152739084e-90,8.49804411964932e-91,8.431148200573728e-92,8.364778252742524e-93,8.298930164797643e-94,8.23359985659179e-95,8.168783278987371e-96,8.104476413655188e-97,8.040675272873176e-98,7.977375899325057e-99,7.914574365899135e-100,7.852266775487102e-101,7.790449260783135e-102,7.72911798408316e-103,7.668269137084373e-104,7.607898940685174e-105,7.548003644785353e-106,7.4885795280868e-107,7.42962289789459e-108,7.371130089918617e-109
Xe144,2192344807514.537,1200119894359.0405,656846021344.5566,359499733677.5915,196758439861.78357,107688209771.37904,58939024510.03592,32258021721.70354,17655194907.70263,9662895943.156939,5288616664.749574,2894522138.2078853,1584206029.6068513,867054603.284729,474549188.06476676,259726355.2258399,142151290.7313045,77801074.28453025,42581443.5358764,23305325.154868178,12755278.719391426,6981114.150015382,3820845.9295721496,2091193.9418002358,1144535.0539721167,626417.5041762306,342845.6718529982,187643.47088753304,102699.47984589847,56208.63390946177,30763.64681406979,16837.305934622887,9215.255683095089,5043.617882489844,2760.4314214782107,1510.816602332,826.8877060744703,452.56537252881543,247.69435427269403,135.56603501444533,74.19688633397251,40.60882905566897,22.225690035694686,12.164381713287014,6.657709264770035,3.643842629978386,1.9943179529192647,1.0915136851998697,0.5973982850801872,0.3269631117372557,0.17895075882676761,0.09794185623731654,0.053604730519736174,0.029338499845571877,0.016057306227324673,0.00878835266408469,0.004809968836297936,0.00263255254886462,0.0014408269904442126,0.000788581567835319,0.00043159997227556633,0.00023621974398870368,0.00012928584577030943,7.075966485402491e-05,3.872759728972415e-05,2.1196069751448752e-05,1.1600858414923912e-05,6.349286331911252e-06,3.475039129236661e-06,1.9019298104470315e-06,1.040948567581073e-06,5.697234011461247e-07,3.118163220760936e-07,1.7066074259450052e-07,9.340463279468378e-08,5.1121454734551555e-08,2.797937378461113e-08,1.531344053966996e-08,8.38122621925817e-09,4.587143741891887e-09,2.510597752442045e-09,1.3740796951715854e-09,7.520499876359317e-10,4.1160580852086555e-10,2.2527670287009101e-10,1.2329659058600624e-10,6.748167500879889e-11,3.6933514871334914e-11,2.021414733071247e-11,1.106344071857846e-11,6.0551513022531185e-12,3.314055566059803e-12,1.8138216118307727e-12,9.92725913601962e-13,5.433305751286841e-13,2.973712178002353e-13,1.6275476703119643e-13,8.907759932964853e-14,4.875321839766745e-14,2.6683210167514483e-14,1.460403493849779e-14,7.99296018529732e-15,4.374641172306032e-15,2.394292595331278e-15,1.3104245139804924e-15,7.17210757862038e-16,3.925378880699848e-16,2.1484060561189132e-16,1.1758479174233266e-16,6.435554028396608e-17,3.522254454740097e-17,1.9277713137352743e-17,1.055091926439156e-17,5.774642278912753e-18,3.1605296764944612e-18,1.729795085745622e-18,9.46737207033136e-19,5.181604148184705e-19,2.8359529285453764e-19,1.5521504119033704e-19,8.495101864781369e-20,4.649469222800083e-20
Xe145,25848126458.45996,647457415.1463478,16217681.51269351,406223.9698898753,10175.182141354608,254.87005667163692,6.384037583866396,0.1599086857949865,0.004005425633888762,0.00010032872466028744,2.513054519529903e-06,6.29475062052842e-08,1.576722075335101e-09,3.949405866439617e-11,9.892553000853075e-13,2.4779070114389198e-14,6.206712419745106e-16,1.5546700858256867e-17,3.894169589801149e-19,9.754196039655668e-21,2.443251075382483e-22,6.11990551870064e-24,1.5329265148060691e-25,3.8397058461360055e-27,9.617774134930526e-29,2.4090798362490544e-30,6.03431269647267e-32,1.5114870487441509e-33,3.7860038308202887e-35,9.483260223033639e-37,2.375386515081444e-38,5.949916972989878e-40,1.490347434436759e-41,3.733052890343263e-43,9.350627618832279e-45,2.3421644277327465e-46,5.86670160566369e-48,1.4695034781658907e-49,3.6808425201938623e-51,9.219850010411216e-53,2.309406983540348e-54,5.784650086066915e-56,1.448951044866769e-57,3.629362362776829e-59,9.090901453852915e-61,2.2771076840184576e-62,5.7037461366587556e-64,1.4286860573075117e-65,3.578602205357933e-67,8.963756368090748e-69,2.2452601215689163e-70,5.623973707555626e-72,1.4087044952802867e-73,3.5285519780379566e-75,8.838389529834139e-77,2.2138579782100483e-78,5.545316973347134e-80,1.3890023948037656e-81,3.479201751754978e-83,8.714776068564699e-85,2.1828950243232848e-86,5.467760329956641e-88,1.3695758473367584e-89,3.4305417363146776e-91,8.592891461602417e-93,2.1523651174173258e-94,5.391288391545667e-96,1.3504209990028087e-97,3.3825622784480913e-99,8.472711529240763e-101,2.122262200909573e-102,5.315885987461612e-104,1.331534049825674e-105,3.335253859896604e-107,8.354212429949913e-109,2.0925803029246262e-110,5.241538159228227e-112,1.3129112529754714e-113,3.288607095523706e-115,8.237370655646987e-117,2.0633135351095627e-118,5.168230157578046e-120,1.2945489140253645e-121,3.24261273145311e-123,8.122163027032436e-125,2.0344560914657806e-126,5.095947439526434e-128,1.2764433902186667e-129,3.1972616432329896e-131,8.008566688991764e-133,2.0060022471972177e-134,5.024675665486523e-136,1.258591089746185e-137,3.152544834025841e-139,7.896559106061435e-141,1.977946357574644e-142,4.954400696424506e-144,1.2409884710336643e-145,3.1084534328236684e-147,7.7861180579582735e-149,1.950282856815853e-150,4.885108591054692e-152,1.2236320420392052e-153,3.0649786926881292e-155,7.677221635171302e-157,1.9230062569814942e-158,4.8167856030737946e-160,1.206518359560504e-161,3.0221119890153195e-163,7.569848234615387e-165,1.8961111468863947e-166,4.749418178433942e-168,1.189644028551787e-169,2.9798448178247934e-171,7.463976555345461e-173,1.8695921910260496e-174,4.682992952653776e-176,1.1730057014502901e-177,2.9381687940725218e-179,7.359585594330909e-181,1.843444128518171e-182,4.617496748167206e-184
Xe146,3835385301.077542,586151058.051537,89579803.82268517,13690227.361502448,2092238.620890653,319750.8946459172,48866.622385233124,7468.14730881459,1141.335772840494,174.4271092280016,26.657200411687427,4.073944336599661,0.6226093588746011,0.09515162253831627,0.01454175261361231,0.0022223748101651893,0.0003396392393743162,5.1906101704864874e-05,7.93266231298573e-06,1.2123262835198866e-06,1.8527638763939198e-07,2.83152648617299e-08,4.327341624073495e-09,6.613353476607732e-10,1.0107000557397344e-10,1.5446242307862873e-11,2.3606054049199662e-12,3.607646291357679e-13,5.513463510852245e-14,8.426069916643425e-15,1.2877323682366889e-15,1.968004857079382e-16,3.007646008612371e-17,4.596500095302889e-18,7.024700734601131e-19,1.0735650905594932e-19,1.6406990805900233e-20,2.5074338731022407e-21,3.8320400750876905e-22,5.856398166508828e-23,8.950167224935167e-24,1.3678286734738341e-24,2.090413768767033e-25,3.1947200767131586e-26,4.882400087985443e-27,7.46163358502616e-28,1.14034029890744e-28,1.742749737700704e-29,2.663394998112219e-30,4.070391039236778e-31,6.22066318516116e-32,9.506863122044229e-33,1.452906928587278e-33,2.2204364531578638e-34,3.39343005770249e-35,5.186082916330155e-36,7.925743438855776e-37,1.2112688916091811e-37,1.8511478943254136e-38,2.8290568266084596e-39,4.323567313402882e-40,6.607585304652822e-41,1.0098185223789421e-41,1.5432770083520994e-42,2.3585464830822884e-43,3.604499699506109e-44,5.50865466376578e-45,8.41872069202459e-46,1.2866092070812819e-46,1.9662883617394758e-47,3.0050227374658116e-48,4.5924910244080315e-49,7.018573785253527e-50,1.0726287262673018e-50,1.6392680615984355e-51,2.5052468873624356e-52,3.8286977668065136e-53,5.851290211553693e-54,8.942360882243622e-55,1.3666356522598052e-55,2.0885905082808314e-56,3.191933639421476e-57,4.8781416548985304e-58,7.455125542512584e-59,1.1393456932275076e-59,1.7412297100480108e-60,2.6610719829600176e-61,4.066840841062559e-62,6.215237517978451e-63,9.498571228765897e-64,1.4516397020541364e-64,2.218499786786996e-65,3.3904703054135666e-66,5.181559610848343e-67,7.918830599373105e-68,1.2102124219565055e-68,1.8495333217176996e-69,2.8265893210828837e-70,4.3197962946889125e-71,6.601822163701887e-72,1.0089377578922185e-72,1.5419309609663473e-73,2.356489357037805e-74,3.601355852114348e-75,5.5038500109594174e-76,8.411377877405082e-77,1.2854870255478933e-77,1.9645733635281182e-78,3.00240175433835e-79,4.588485450227869e-80,7.012452179835823e-81,1.0716931786727607e-81,1.6378382907427037e-82,2.5030618091132638e-83,3.825358373689174e-84,5.846186711760786e-85,8.93456134825016e-86,1.3654436715997932e-86,2.0867688380438233e-87,3.189149632462529e-88,4.873886936020221e-89,7.448623176318675e-90
Xe147,641141009.5371516,626114.2671261259,611.4397139903584,0.5971090956937105,0.0005831143512633903,5.694476086556556e-07,5.561011803277895e-10,5.430675589138579e-13,5.303394130018155e-16,5.179095830095864e-19,5.057710771578001e-22,4.939170675369149e-25,4.823408862665191e-28,4.710360217446486e-31,4.599961149850092e-34,4.492149560400487e-37,4.386864805078608e-40,4.2840476612095855e-43,4.183640294149995e-46,4.08558622475586e-49,3.989830297613149e-52,3.896318650012848e-55,3.8049986816531775e-58,3.71581902505194e-61,3.628729516652293e-64,3.543681168605763e-67,3.460626141216572e-70,3.379517716031817e-73,3.3003102695623266e-76,3.222959247619463e-79,3.1474211402533896e-82,3.0736534572787065e-85,3.0016147043737424e-88,2.931264359739988e-91,2.8625628513085866e-94,2.7954715344810473e-97,2.7299526703916523e-100,2.6659694046793524e-103,2.6034857467571845e-106,2.542466549567567e-109,2.4828774898120815e-112,2.4246850486446145e-115,2.3678564928170103e-118,2.3123598562666176e-121,2.2581639221353717e-124,2.205238205210329e-127,2.1535529347757146e-130,2.1030790378669134e-133,2.0537881229169122e-136,2.005652463786049e-139,1.9586449841660682e-142,1.91273924234968e-145,1.867909416357114e-148,1.8241302894112473e-151,1.7813772357531758e-154,1.7396262067902137e-157,1.698853717568571e-160,1.6590368335630618e-163,1.6201531577764312e-166,1.58218081814105e-169,1.5450984552158728e-172,1.508885210171755e-175,1.4735207130583567e-178,1.4389850713460552e-181,1.4052588587363851e-184,1.3723231042347534e-187,1.340159281479254e-190,1.3087492983195863e-193,1.2780754866402236e-196,1.248120592422095e-199,1.2188677660372062e-202,1.1903005527707107e-205,1.1624028835651494e-208,1.1351590659815946e-211,1.1085537753726534e-214,1.0825720462623593e-217,1.057199263928087e-220,1.0324211561797742e-223,1.0082237853318126e-226,9.845935403631e-230,9.615171292608419e-233,9.389815715437923e-236,9.169741909607362e-239,8.954826083600954e-242,8.74494734726657e-245,8.539987643815034e-248,8.339831683413137e-251,8.144366878333156e-254,7.953483279622237e-257,7.767073515256101e-260,7.585032729742299e-263,7.407258525138979e-266,7.233650903456051e-269,7.064112210406316e-272,6.898547080474936e-275,6.736862383276317e-278,6.578967171168287e-281,6.424772628094047e-284,6.274192019623097e-287,6.127140644163192e-290,5.98353578531563e-293,5.843296665347301e-296,5.706344399753235e-299,5.57260195288403e-302,5.441994094613318e-305,5.314447358020825e-308,5.1898899980673e-311,5.0682519514e-314,4.9494647e-317,4.8334e-320,5e-323,0.0,0.0,0.0,0.0,0.0,0.0,0.0,0.0,0.0,0.0,0.0
Y100,205565377993902.1,85882572443431.83,33671683366450.82,13120250832264.113,5109725885351.851,1989915572530.0247,774943730858.5293,301790497375.7879,117527890694.01373,45769516214.83722,17824267940.30829,6941400169.322562,2703226661.087898,1052732042.9545112,409971080.1968644,159657234.45262936,62176172.28225364,24213599.921897054,9429631.957981339,3672232.098894636,1430097.0226879346,556930.3462372395,216888.3688583239,84463.99960756699,32893.26793898877,12809.801580946854,4988.5896666633535,1942.7332035615293,756.5690009426751,294.63471985656435,114.7411776543746,44.684271615789456,17.401635320914114,6.7768120838089985,2.639130241056403,1.027770630662618,0.40025022366073554,0.15587158920583813,0.06070190816969422,0.023639469349196716,0.009206045212769885,0.0035851595146928804,0.001396187879673212,0.0005437249269823257,0.0002117457116811037,8.246126706785052e-05,3.2113333075081116e-05,1.2506067367877763e-05,4.870304824610673e-06,1.8966689037315785e-06,7.386299338399045e-07,2.8764861283430046e-07,1.1202054056399948e-07,4.362475933606971e-08,1.6989023776784146e-08,6.616126559338875e-09,2.576553616282892e-09,1.0034010803813618e-09,3.907598591187014e-10,1.521757056913207e-10,5.926260044949222e-11,2.307895203167418e-11,8.987759950464357e-12,3.5001515153853916e-12,1.363082759016243e-12,5.308326224622752e-13,2.0672499245280117e-13,8.050602147694455e-14,3.135189130809148e-14,1.2209535020630447e-14,4.754824643753717e-15,1.851696838138908e-15,7.211162213685266e-16,2.8082815394525856e-16,1.0936441271371455e-16,4.2590369235369266e-17,1.6586195697438397e-17,6.459251061981051e-18,2.5154607507824692e-18,9.796093584240458e-19,3.8149452135695776e-19,1.4856745556158194e-19,5.785742026787843e-20,2.253172518436491e-20,8.774650467186487e-21,3.4171591474373014e-21,1.3307625964796465e-21,5.182460083889732e-22,2.018233198931149e-22,7.859713686806901e-23,3.060850414674366e-23,1.1920033775197744e-23,4.6420826225502156e-24,1.8077911087315858e-24,7.040177779114115e-25,2.741694154935201e-25,1.0677126451985297e-25,4.158050563972498e-26,1.619291910637364e-26,6.3060952518829155e-27,2.4558164630222717e-27,9.563817638578218e-28,3.724488747478126e-28,1.4504476093454043e-28,5.64855584241003e-29,2.1997473675884053e-29,8.566594039632513e-30,3.336134618054859e-30,1.2992087798596647e-30,5.059578365121854e-31,1.9703787127711862e-31,7.673351397233149e-32,2.9882743496862714e-32,1.1637396916571303e-32,4.5320138362811806e-33,1.7649264315284248e-33,6.873247569922891e-34,2.6766856291307194e-34,1.0423960266682622e-34,4.0594586999245817e-35,1.580896752749979e-35,6.156570931247224e-36
Y100_m1,0.0,0.0,0.0,0.0,0.0,0.0,0.0,0.0,0.0,0.0,0.0,0.0,0.0,0.0,0.0,0.0,0.0,0.0,0.0,0.0,0.0,0.0,0.0,0.0,0.0,0.0,0.0,0.0,0.0,0.0,0.0,0.0,0.0,0.0,0.0,0.0,0.0,0.0,0.0,0.0,0.0,0.0,0.0,0.0,0.0,0.0,0.0,0.0,0.0,0.0,0.0,0.0,0.0,0.0,0.0,0.0,0.0,0.0,0.0,0.0,0.0,0.0,0.0,0.0,0.0,0.0,0.0,0.0,0.0,0.0,0.0,0.0,0.0,0.0,0.0,0.0,0.0,0.0,0.0,0.0,0.0,0.0,0.0,0.0,0.0,0.0,0.0,0.0,0.0,0.0,0.0,0.0,0.0,0.0,0.0,0.0,0.0,0.0,0.0,0.0,0.0,0.0,0.0,0.0,0.0,0.0,0.0,0.0,0.0,0.0,0.0,0.0,0.0,0.0,0.0,0.0,0.0,0.0,0.0,0.0,0.0,0.0
Y101,100649984364887.7,22023445641874.023,4721137892037.496,1011795336448.7883,216838876059.49527,46470955465.90126,9959236737.723661,2134373941.8059444,457419804.69288576,98030093.80270095,21008927.012721922,4502444.0669638105,964923.2711343117,206793.66702369813,44318.15668704677,9497.86828777763,2035.497609907098,436.22951955116775,93.48878269453134,20.035674107286372,4.293865267719088,0.9202225409834973,0.197213809035967,0.04226508778290441,0.009057873046662931,0.0019412017916747074,0.0004160208888541868,8.915785092785963e-05,1.9107507808004734e-05,4.094949023932541e-06,8.775926027140592e-07,1.8807774451824856e-07,4.030712869921151e-08,8.638260885870868e-09,1.8512742916819643e-09,3.967484367887371e-10,8.502755253587687e-11,1.8222339447026e-11,3.905247711117307e-12,8.369375254765121e-13,1.7936491443467002e-13,3.843987340851928e-14,8.238087545271748e-15,1.765512744600262e-15,3.7836879423974713e-16,8.108859304034889e-17,1.7378177115465163e-17,3.72433444129687e-18,7.981658224835511e-19,1.7105571216074946e-19,3.665911999561241e-20,7.856452508231876e-21,1.683724159813177e-21,3.608406011960479e-22,7.733210853609933e-23,1.6573121180977977e-23,3.5518021023720454e-24,7.611902451358329e-25,1.63131439362287e-25,3.4960861201870354e-26,7.492496975166203e-27,1.6057244871265193e-27,3.4412441367726126e-28,7.374964574441845e-29,1.5805360012987115e-29,3.387262441989942e-30,7.259275866850213e-31,1.5557426391819668e-31,3.33412754076675e-32,7.145401930967524e-33,1.5313382025971596e-33,3.2818261497236372e-34,7.033314299051137e-35,1.5073165905940166e-35,3.230345193853323e-36,6.922984949922765e-37,1.4836717979259175e-37,3.1796718032519815e-38,6.814386301963352e-39,1.4603979135486218e-39,3.129793309901845e-40,6.707491206217897e-41,1.4374891191425481e-41,3.080697244504283e-42,6.60227293960835e-43,1.4149396876582312e-43,3.0323713333625617e-44,6.498705198253014e-45,1.3927439818845957e-45,2.9848034953134968e-46,6.396762090890786e-47,1.370896453039692e-47,2.93798183870724e-48,6.296418132408476e-49,1.3493916393835366e-49,2.89189465843445e-50,6.197648237469687e-51,1.3282241648527104e-51,2.8465304330000847e-52,6.100427714243685e-53,1.3073887377163811e-53,2.8018778216431046e-54,6.0047322582325704e-55,1.2868801492534032e-55,2.75792566150136e-56,5.910537946195303e-57,1.2666932724501709e-57,2.7146629648209426e-58,5.817821230167088e-59,1.2468230607188998e-59,2.6720789162093206e-60,5.7265589315725044e-61,1.2272645466360123e-61,2.630162869931564e-62,5.636728235431007e-63,1.2080128407003125e-63,2.5889043472489763e-64,5.548306684653366e-65,1.1890631301106451e-65,2.548293033799477e-66,5.4612721744275135e-67,1.1704106775627254e-67
Y102,96964063274366.58,14149487053934.809,2063223901084.8718,300851324490.2498,43868975826.60251,6396804279.774309,932757244.1051891,136011051.5154612,19832605.16200858,2891913.7314912733,421687.66846668697,61488.86386219199,8966.06816322367,1307.3973604024118,190.63962339682175,27.798332098280866,4.053445205553187,0.5910576928260467,0.0861857453433054,0.012567271842559725,0.0018325109440741464,0.0002672096539504418,3.8963477623534384e-05,5.681503516340877e-06,8.284548550331809e-07,1.2080208079675325e-07,1.7614891911329115e-08,2.568535367944982e-09,3.745338869857683e-10,5.4613081934277174e-11,7.963468252135509e-12,1.161202121482316e-12,1.693219994408142e-13,2.4689878673350098e-14,3.600182557009242e-15,5.249646875658342e-16,7.654831909969349e-17,1.1161979645066426e-17,1.6275966743909364e-18,2.373298481743174e-19,3.460651998169148e-20,5.046188814664279e-21,7.358157239362571e-22,1.072938012185457e-22,1.5645166860992594e-23,2.2813176840452197e-24,3.3265291586715983e-25,4.850616080733904e-26,7.072980647513731e-27,1.0313546652105805e-27,1.5038814588380566e-28,2.19290174226836e-29,3.197604454116376e-30,4.662623066005854e-31,6.798856508866568e-32,9.913829441879926e-33,1.4455962421697015e-33,2.1079124949913304e-34,3.073676422865912e-35,4.481916006916902e-36,6.535356468761993e-37,9.529603880990603e-38,1.3895699578540996e-38,2.0262171354492077e-39,2.954551411235292e-40,4.3082125251582025e-41,6.282068774078243e-42,9.160269566970743e-43,1.3357150575270877e-43,1.947688004005539e-44,2.8400432708831296e-45,4.141241186422386e-46,6.03859762981295e-47,8.80524936686539e-48,1.2839473858947109e-48,1.872202388667527e-49,2.7299730679305494e-50,3.9807410762521045e-51,5.804562580601949e-52,8.463988515386314e-53,1.2341860492296083e-53,1.7996423333325696e-54,2.624168803353701e-55,3.826461392327247e-56,5.579597916208235e-57,8.135953748019099e-58,1.1863532889640522e-58,1.7298944534665014e-59,2.522465144212909e-60,3.6781610525536425e-61,5.363352100052095e-62,7.820632467727896e-63,1.1403743601820515e-63,1.6628497589254942e-64,2.4247031652984154e-65,3.53560831834091e-66,5.1554872198894345e-67,7.517531943955694e-68,1.0961774148206745e-68,1.598403483644738e-69,2.3307301007890172e-70,3.3985804324806986e-71,4.955678459779861e-72,7.226178542668806e-73,1.0536933893981222e-73,1.5364549219278666e-74,2.2403991055356386e-75,3.266863271059594e-76,4.763613592519546e-77,6.946116986241948e-78,1.0128558970930205e-78,1.4769072710811578e-79,2.1535690255966063e-80,3.140251008862596e-81,4.578992491745514e-82,6.676909642027673e-83,9.736011240063807e-84,1.4196674801467376e-84,2.0701041776662723e-85,3.0185457977444254e-86,4.401526662949158e-87,6.418135838498434e-88
Y102_m1,0.0,0.0,0.0,0.0,0.0,0.0,0.0,0.0,0.0,0.0,0.0,0.0,0.0,0.0,0.0,0.0,0.0,0.0,0.0,0.0,0.0,0.0,0.0,0.0,0.0,0.0,0.0,0.0,0.0,0.0,0.0,0.0,0.0,0.0,0.0,0.0,0.0,0.0,0.0,0.0,0.0,0.0,0.0,0.0,0.0,0.0,0.0,0.0,0.0,0.0,0.0,0.0,0.0,0.0,0.0,0.0,0.0,0.0,0.0,0.0,0.0,0.0,0.0,0.0,0.0,0.0,0.0,0.0,0.0,0.0,0.0,0.0,0.0,0.0,0.0,0.0,0.0,0.0,0.0,0.0,0.0,0.0,0.0,0.0,0.0,0.0,0.0,0.0,0.0,0.0,0.0,0.0,0.0,0.0,0.0,0.0,0.0,0.0,0.0,0.0,0.0,0.0,0.0,0.0,0.0,0.0,0.0,0.0,0.0,0.0,0.0,0.0,0.0,0.0,0.0,0.0,0.0,0.0,0.0,0.0,0.0,0.0
Y103,933265187304.9952,45883436033.24725,2253358161.6985145,110663438.06471206,5434731.470877532,266902.11940876645,13107.683742355905,643.724274165423,31.613590112094197,1.5525577019310486,0.07624681060514137,0.0037445153376428164,0.0001838948410111836,9.031158775227924e-06,4.435242901589404e-07,2.178167839331641e-08,1.0697080727187383e-09,5.2533847033144684e-11,2.5799609767248085e-12,1.2670304988750005e-13,6.222444058504335e-15,3.055870406876109e-16,1.5007517714616117e-17,7.370259793992884e-19,3.6195679034943904e-20,1.7775861603528486e-21,8.729805992664057e-23,4.287247187749584e-24,2.1054864752220654e-25,1.034013926234564e-26,5.078089136308756e-28,2.493872531311273e-29,1.2247520741531824e-30,6.0148128034187e-32,2.9539017588668823e-33,1.4506745074555663e-34,7.124328086620998e-36,3.498789730222889e-37,1.7182714534584558e-38,8.438508785671296e-40,4.144189812530881e-41,2.035230351534024e-42,9.99510826285165e-44,4.908642852678844e-45,2.410656695406394e-46,1.1838844009472457e-47,5.81410981280326e-49,2.8553356128595095e-50,1.402268227564293e-51,6.88660265777679e-53,3.382041697434377e-54,1.6609359667742774e-55,8.156931618605311e-57,4.005905992861511e-58,1.9673185425560269e-59,9.661590298877912e-61,4.744850672839808e-62,2.3302176154336677e-63,1.1443804051324435e-64,5.620103903503319e-66,2.760058433761608e-67,1.355477174190661e-68,6.65680967938012e-70,3.269189326920806e-71,1.6055136574444082e-72,7.884750152015168e-74,3.872236444170883e-75,1.901672822915381e-76,9.339201202082796e-78,4.5865239299823473e-79,2.252462636270145e-80,1.1061945833590318e-81,5.432571606511224e-83,2.66796047493329e-84,1.310247450263693e-85,6.434684460478879e-87,3.1601026277590076e-88,1.551940686338829e-89,7.621650869047376e-91,3.7430271969149376e-92,1.8382175774729507e-93,9.027569623099676e-95,4.4334802527537704e-96,2.17730219452007e-97,1.069282950638464e-98,5.251296909559794e-100,2.5789356517736172e-101,1.2665269571562933e-102,6.219971142360196e-104,3.0546559465784346e-105,1.5001553445192243e-106,7.367330714316196e-108,3.618129419223707e-109,1.7768797142245734e-110,8.726336603791859e-112,4.2855433551904106e-113,2.1046497153497556e-114,1.0336029896785394e-115,5.0760710083049464e-117,2.492881419525269e-118,1.224265334674567e-119,6.012422403835224e-121,2.952727822825184e-122,1.4500979821584873e-123,7.121496744824119e-125,3.4973992454668196e-126,1.717588580108798e-127,8.435155163780532e-129,4.142542833659641e-130,2.0344215127648757e-131,9.991136019091272e-133,4.906692065810835e-134,2.4096986551566106e-135,1.1834139030495741e-136,5.811799176358038e-138,2.8542008488555873e-139,1.4017109398320497e-140,6.883865792530495e-142,3.3806976105393994e-143,1.660275879623953e-144,8.153689900769567e-146,4.004313970577574e-147
Y104,205013555098.9373,4360260376.896596,92709355.10393837,1971218.1773133653,41912.71849765611,891.1626283083459,18.948206142673648,0.4028832725030158,0.008566242632181767,0.00018213839551469357,3.87268917600314e-06,8.23424485076348e-08,1.7507934456103599e-09,3.722597208058469e-11,7.915114149067229e-13,1.6829387787952212e-14,3.5783222829534616e-16,7.608351843819094e-18,1.61771392294958e-19,3.4396389523322715e-21,7.31347857897505e-23,1.5550169557435576e-24,3.3063305054334945e-26,7.030033576664678e-28,1.4947499050024072e-29,3.178188630451369e-31,6.757573917165822e-33,1.4368185956122588e-34,3.0550130890214906e-36,6.495673846784811e-38,1.3811325023592185e-39,2.936611403322252e-41,6.243924112560889e-43,1.3276046084719578e-44,2.822798555303219e-46,6.001931322755155e-48,1.2761512696466554e-49,2.71339669757032e-51,5.769317332124797e-53,1.2266920833418977e-54,2.6082348754761364e-56,5.5457186510218596e-58,1.1791497631392316e-59,2.5071487599810177e-61,5.330785877393373e-63,1.1334500179730781e-64,2.409980390867551e-66,5.124183150795158e-68,1.0895214360412632e-69,2.3165779299071534e-71,4.925587627566117e-73,1.0472953732147829e-74,2.2267954235930777e-76,4.734688976343011e-78,1.0067058457724105e-79,2.140492575069041e-81,4.551188893127276e-83,9.676894272925453e-85,2.057534524897134e-86,4.37480063514619e-88,9.301851495411643e-90,1.9777916403223827e-91,4.205248572779965e-93,8.941344072010225e-95,1.9011393127046804e-96,4.042267758854561e-98,8.594808662932158e-100,1.8274577628015937e-101,3.8856035146272695e-103,8.261703761480003e-105,1.7566318535976609e-106,3.735011031817938e-108,7.941508847873176e-110,1.6885509103878375e-111,3.5902549900642354e-113,7.633723575868082e-115,1.6231085478338562e-116,3.4511091892029156e-118,7.337866990901922e-120,1.5602025037232795e-121,3.3173561958026024e-123,7.053476778538585e-125,1.4997344791714835e-126,3.1887870033957527e-128,6.7801085420421236e-130,1.441609985016843e-131,3.065200705878838e-133,6.517335107949007e-135,1.3857381941691263e-136,2.946404183570385e-138,6.264745858553954e-140,1.3320317996803224e-141,2.8322118014363457e-143,6.021946090266312e-145,1.280406878316186e-146,2.722445119011183e-148,5.788556396834314e-150,1.2307827594152431e-151,2.6169326115613894e-153,5.564212076473373e-155,1.183081898830387e-156,2.5155094020557897e-158,5.3485625619720996e-160,1.1372297577560452e-161,2.4180170035236826e-163,5.141270872885374e-165,1.0931546862515959e-166,2.3243030713983283e-168,4.9420130889584975e-170,1.0507878112790015e-171,2.2342211654587287e-173,4.750477843959655e-175,1.0100629290797245e-176,2.1476305209977028e-178,4.566365839129633e-180,9.709164017227325e-182,2.0643958288587246e-183,4.3893893754885136e-185,9.33287057661941e-187,1.984387023997716e-188,4.219271904268569e-190,8.971160961477153e-192
Y105,167724.85335344804,63.65052872600248,0.02415497599847137,9.16666172559809e-06,3.47869056863739e-09,1.3201412285710986e-12,5.009853072548095e-16,1.901207784843288e-19,7.214964169219209e-23,2.7380336004361496e-26,1.0390665596234873e-29,3.943192352189573e-33,1.496416738885382e-36,5.6788075660903245e-40,2.1550718148679297e-43,8.178362223384211e-47,3.103637112945904e-50,1.1778107970460157e-53,4.4697180216453735e-57,1.6962299244605152e-60,6.437086059348734e-64,2.4428337419315673e-67,9.270400668409176e-71,3.5180588460714274e-74,1.3350812426692365e-77,5.066549487987278e-81,1.9227237185133488e-84,7.296615786540765e-88,2.7690198765302344e-91,1.0508256568425625e-94,3.98781738779818e-98,1.5133516597042975e-101,5.7430745272773666e-105,2.1794607231148705e-108,8.270916598834834e-112,3.1387609172930327e-115,1.191140060258142e-118,4.52030173860901e-122,1.7154261274399085e-125,6.509934444351954e-129,2.4704792466351517e-132,9.375313622935484e-136,3.557872653579937e-139,1.350190332633211e-142,5.123887535721269e-146,1.944483147610565e-149,7.379191453719622e-153,2.8003568237431836e-156,1.0627178315494312e-159,4.03294744411721e-163,1.5304782327118587e-166,5.8080687964867504e-170,2.2041256401896197e-173,8.364518410456794e-177,3.1742822170904686e-180,1.2046201704978402e-183,4.571457910570807e-187,1.734839573496737e-190,6.583607253193639e-194,2.498437615008983e-197,9.481413875446106e-201,3.5981370332186065e-204,1.3654704118915024e-207,5.1818744770910104e-211,1.9664888277682326e-214,7.462701628211139e-218,2.832048410613644e-221,1.0747445897795905e-224,4.078588236456807e-228,1.5477986268323843e-231,5.873798604650058e-235,2.2290696896790375e-238,8.459179512066055e-242,3.2102055107869535e-245,1.2182528348981618e-248,4.623193015993503e-252,1.7544727211669328e-255,6.658113815863286e-259,2.5267123877255034e-262,9.588714862570618e-266,3.638857084103993e-269,1.3809234155268228e-272,5.240517655613895e-276,1.9887435458050947e-279,7.547156885817423e-283,2.8640986505921063e-286,1.0869074546123027e-289,4.1247455448071497e-293,1.5653150355358551e-296,5.9402722758481567e-300,2.254296030519539e-303,8.554911891627994e-307,3.24653534774005e-310,1.2320397799e-313,4.6755137e-317,1.774e-320,5e-324,0.0,0.0,0.0,0.0,0.0,0.0,0.0,0.0,0.0,0.0,0.0,0.0,0.0,0.0,0.0,0.0,0.0,0.0,0.0,0.0,0.0,0.0,0.0,0.0,0.0
Y106,1.782491170447617,4.897414321328571e-05,1.3455700332434846e-09,3.696968636036711e-14,1.0157462456928792e-18,2.7907741103945204e-23,7.667682916155444e-28,2.1067044116440755e-32,5.7881938084444386e-37,1.5903126883362146e-41,4.36940180370851e-46,1.2004980066042812e-50,3.298381628894014e-55,9.06234022045457e-60,2.4898880575807253e-64,6.840995138639968e-69,1.8795710250671944e-73,5.164142301926099e-78,1.4188538426521653e-82,3.898316717682161e-87,1.0710668551282039e-91,2.9427681002694583e-96,8.085288094296365e-101,2.221441898931306e-105,6.10343633124057e-110,1.6769259221872317e-114,4.607372627301445e-119,1.2658807551331115e-123,3.4780214578714026e-128,9.555902649094246e-133,2.625494883946246e-137,7.213576402728728e-142,1.9819381418787062e-146,5.445397094217673e-151,1.4961289097351142e-155,4.1106308241911035e-160,1.1294003920946652e-164,3.1030401420555393e-169,8.525637312157904e-174,2.3424283364349117e-178,6.435847914276849e-183,1.7682563744401058e-187,4.858304060933356e-192,1.3348244456890545e-196,3.667445014684383e-201,1.0076345978807864e-205,2.768487267787305e-210,7.606449568147122e-215,2.0898804811556267e-219,5.741969872258277e-224,1.5776126104441368e-228,4.334508198409455e-233,1.1909109497286225e-237,3.2720410834704713e-242,8.989969278860257e-247,2.47000406086376e-251,6.786363636447196e-256,1.8645609590612354e-260,5.122901978585134e-265,1.407523017933658e-269,3.867185150710671e-274,1.0625134224683784e-278,2.919267448878164e-283,8.020719793149955e-288,2.203701686357972e-292,6.0546948998323896e-297,1.663534159682145e-301,4.570578610833037e-306,1.25577155817444e-310,3.450246327e-315,9.4796e-320,5e-324,0.0,0.0,0.0,0.0,0.0,0.0,0.0,0.0,0.0,0.0,0.0,0.0,0.0,0.0,0.0,0.0,0.0,0.0,0.0,0.0,0.0,0.0,0.0,0.0,0.0,0.0,0.0,0.0,0.0,0.0,0.0,0.0,0.0,0.0,0.0,0.0,0.0,0.0,0.0,0.0,0.0,0.0,0.0,0.0,0.0,0.0,0.0,0.0,0.0,0.0
Y107,0.22132246574440645,2.0449952859598363e-11,1.8895531935865586e-21,1.7459264067287863e-31,1.6132168324549773e-41,1.4905946427559464e-51,1.3772930856613388e-61,1.2726036907682067e-71,1.1758718392020466e-81,1.0864926703094443e-91,1.0039072994870082e-101,9.275993234968225e-112,8.570915914163025e-122,7.919432210313027e-132,7.317468420161016e-142,6.76126048661982e-152,6.2473304622639725e-162,5.772464761854386e-172,5.33369406790997e-182,4.9282747636763595e-192,4.553671777392843e-202,4.2075427305834e-212,3.887723291251601e-222,3.592213640393492e-232,3.3191659672041086e-242,3.0668729147855493e-252,2.8337569041080764e-262,2.6183602694674083e-272,2.4193361437555314e-282,2.235440036550989e-292,2.065522052366792e-302,1.9085197004e-312,1.8e-322,0.0,0.0,0.0,0.0,0.0,0.0,0.0,0.0,0.0,0.0,0.0,0.0,0.0,0.0,0.0,0.0,0.0,0.0,0.0,0.0,0.0,0.0,0.0,0.0,0.0,0.0,0.0,0.0,0.0,0.0,0.0,0.0,0.0,0.0,0.0,0.0,0.0,0.0,0.0,0.0,0.0,0.0,0.0,0.0,0.0,0.0,0.0,0.0,0.0,0.0,0.0,0.0,0.0,0.0,0.0,0.0,0.0,0.0,0.0,0.0,0.0,0.0,0.0,0.0,0.0,0.0,0.0,0.0,0.0,0.0,0.0,0.0,0.0,0.0,0.0,0.0,0.0,0.0,0.0,0.0,0.0,0.0,0.0,0.0,0.0,0.0,0.0,0.0,0.0
Y108,0.00032732539438740706,1.7519489891422402e-10,9.376984838896453e-17,5.018858723275027e-23,2.686251851416903e-29,1.437766912181981e-35,7.69538303966156e-42,4.118812279331082e-48,2.2045185411738256e-54,1.1799280153570016e-60,6.315347752453018e-67,3.380173766138274e-73,1.8091758581071746e-79,9.683281132902375e-86,5.182798182865675e-92,2.7739974328582343e-98,1.4847311212973592e-104,7.946750333786528e-111,4.253352001698126e-117,2.276528453830174e-123,1.2184699970821332e-129,6.5216366230408134e-136,3.4905860911501994e-142,1.8682720249522517e-148,9.999582500109712e-155,5.35209267392718e-161,2.864609196433018e-167,1.5332294017000558e-173,8.206328462411881e-180,4.3922864222614096e-186,2.3508905478920913e-192,1.2582709406557593e-198,6.734663855441216e-205,3.604605000426125e-211,1.9292985497114763e-217,1.0326215753123512e-223,5.526917116897364e-230,2.9581807650893965e-236,1.5833118633516478e-242,8.474385629893402e-249,4.535759092470972e-255,2.4276816566337747e-261,1.2993719696751792e-267,6.954649556147517e-274,3.7223483019195676e-280,1.9923184869258674e-286,1.0663518379780975e-292,5.707452145935823e-299,3.054808819940024e-305,1.63503025304e-311,8.751197e-318,5e-324,0.0,0.0,0.0,0.0,0.0,0.0,0.0,0.0,0.0,0.0,0.0,0.0,0.0,0.0,0.0,0.0,0.0,0.0,0.0,0.0,0.0,0.0,0.0,0.0,0.0,0.0,0.0,0.0,0.0,0.0,0.0,0.0,0.0,0.0,0.0,0.0,0.0,0.0,0.0,0.0,0.0,0.0,0.0,0.0,0.0,0.0,0.0,0.0,0.0,0.0,0.0,0.0,0.0,0.0,0.0,0.0,0.0,0.0,0.0,0.0,0.0,0.0,0.0,0.0,0.0,0.0,0.0,0.0,0.0,0.0
Y97,570475050014809.8,858812960379631.1,791277795556776.0,673159734635184.9,562628332705105.3,468291267316573.5,389384245319077.75,323695661650078.3,269073123001717.6,223664812549198.03,185918887153458.9,154542872637329.6,128461903422112.02,106782405082997.58,88761582479337.55,73781991288798.16,61330387276309.07,50980142109677.445,42376626079059.664,35225057509855.15,29280402696771.906,24338980336142.426,20231482808966.56,16817175206005.688,13979073337315.654,11619935510939.742,9658930747429.723,8028869273482.815,6673900403295.487,5547598930301.905,4611374463468.161,3833149207339.8594,3186258882710.58,2648539130230.6143,2201566094464.7476,1830025168582.1736,1521186271020.5974,1264467675564.4553,1051073450376.7596,873692083582.7191,726245969433.9095,603683171714.4227,501804329592.70264,417118775205.98065,346724933143.87604,288210903966.76483,239571825458.74487,199141180169.41428,165533695639.41592,137597880904.04883,114376573036.3875,95074141938.78868,79029229722.77959,65692090648.54841,54605755223.9207,45390373089.61993,37730198232.15188,31362770599.544285,26069923450.374077,21670308321.49248,18013181497.922974,14973239091.171705,12446323760.588524,10345855977.463606,8599867556.503136,7148535814.77429,5942133871.174355,4939326857.673775,4105755665.534319,3412859701.495081,2836898318.1012783,2358137389.5095205,1960173162.4715412,1629370215.6484005,1354394270.0932987,1125823843.6202013,935827443.1982436,777895235.036792,646615998.5914829,537491722.281452,446783488.42339826,371383366.9484014,308707928.6046143,256609729.09589767,213303731.3434448,177306144.88133162,147383586.8443464,122510822.65447237,101835638.4780258,84649641.88083175,70363990.22626302,58489215.19989059,48618452.18979985,40413499.91196793,33593232.64259098,27923968.026462574,23211460.434275236,19294245.53778851,16038108.068493703,13331483.208965393,11081634.055083303,9211474.177771725,7656926.415904587,6364727.404876672,5290602.617552034,4397749.389141481,3655575.949993199,3038653.261862522,2525843.744498025,2099577.0401619603,1745248.00165393,1450716.2771422188,1205890.3461117966,1002381.7542808687,833217.700560347,692602.1284427153,575717.1361107401,478557.9009940429,397795.46280479716,330662.66359700635,274859.3368213461,228473.4968745777
Y97_m1,569300202865822.5,367415246320867.8,213743043815647.72,120298211122017.69,66940414100092.125,37099767481324.05,20531936166167.04,11357030396395.852,6280862448340.082,3473320759219.8267,1920702586491.5508,1062115189317.2526,587329449389.2675,324781627095.9404,179597776582.38965,99313982193.00568,54918645089.09251,30368911365.544426,16793399944.49669,9286413912.791277,5135200946.239256,2839663297.129859,1570276942.3417518,868331706.1019136,480170046.1108513,265524420.63407505,146829687.78242835,81193877.2440894,44898588.29976769,24828020.285958342,13729398.064908179,7592082.214114658,4198269.44148417,2321558.935509389,1283775.6047258708,709902.2032484644,392561.70340192487,217078.76137395852,120040.20828135872,66379.8315092128,36706.717643006166,20298.07984577932,11224.431708459635,6206.885978137049,3432.2836599877432,1897.9841363470175,1049.5472223988022,580.378597981938,320.93774325429,177.47214560169252,98.13854283730242,54.268649074907024,30.009476269663736,16.59463947105917,9.176503338474317,5.074422597001176,2.806054086527178,1.551691721767345,0.8580544512529965,0.47448692996602376,0.2623817712032363,0.14509186557504794,0.080232896361316,0.044367185114151005,0.024534164965063176,0.013566901956575743,0.0075022251200088765,0.004148580267731076,0.002294081817393834,0.0012685813086064045,0.0007015000617431178,0.0003879154873929172,0.00021450949695623573,0.00011861945650499294,6.559418422584154e-05,3.6272270427006486e-05,2.005783923464916e-05,1.1091583461053116e-05,6.133423557458223e-06,3.3916604123548382e-06,1.8755202938409397e-06,1.037125167306163e-06,5.735094502534131e-07,3.171392421073856e-07,1.753716505281745e-07,9.697701112170218e-08,5.362634529454838e-08,2.965429514053736e-08,1.6398231418755563e-08,9.067893618401122e-09,5.014363596588379e-09,2.772842661912945e-09,1.5333264689771572e-09,8.478988342035871e-10,4.688710770925281e-10,2.592763170153414e-10,1.4337461159237513e-10,7.928328929498062e-11,4.3842071421282776e-11,2.4243787607719105e-11,1.3406329092444992e-11,7.413431541435875e-12,4.09947919677191e-12,2.2669299083472236e-12,1.2535668465901197e-12,6.93197364895854e-13,3.833242622885618e-13,2.1197064140765447e-13,1.17215520224359e-13,6.481783557489848e-14,3.584296516854493e-14,1.9820442023075643e-14,1.096030755666555e-14,6.060830610984475e-15,3.3515179665470924e-15,1.853322325116659e-15,1.0248501350910344e-15,5.667216032321835e-16,3.1338569862366056e-16,1.7329601614216782e-16,9.582922686848843e-17,5.299164358561202e-17
Y97_m2,0.0,0.0,0.0,0.0,0.0,0.0,0.0,0.0,0.0,0.0,0.0,0.0,0.0,0.0,0.0,0.0,0.0,0.0,0.0,0.0,0.0,0.0,0.0,0.0,0.0,0.0,0.0,0.0,0.0,0.0,0.0,0.0,0.0,0.0,0.0,0.0,0.0,0.0,0.0,0.0,0.0,0.0,0.0,0.0,0.0,0.0,0.0,0.0,0.0,0.0,0.0,0.0,0.0,0.0,0.0,0.0,0.0,0.0,0.0,0.0,0.0,0.0,0.0,0.0,0.0,0.0,0.0,0.0,0.0,0.0,0.0,0.0,0.0,0.0,0.0,0.0,0.0,0.0,0.0,0.0,0.0,0.0,0.0,0.0,0.0,0.0,0.0,0.0,0.0,0.0,0.0,0.0,0.0,0.0,0.0,0.0,0.0,0.0,0.0,0.0,0.0,0.0,0.0,0.0,0.0,0.0,0.0,0.0,0.0,0.0,0.0,0.0,0.0,0.0,0.0,0.0,0.0,0.0,0.0,0.0,0.0,0.0
Y98,401019373042530.8,210644506939687.25,93201201918974.12,37980693437087.65,14758936007795.98,5562974750157.796,2053535804265.7168,746838010886.8932,268647204461.8523,95839506758.1647,33974424968.408188,11984517621.089882,4211251587.957361,1475283349.9599676,515566418.1409026,179825134.27733707,62623782.916744724,21781273.87461052,7568109.893622957,2627458.492183527,911582.8010356674,316098.62837234035,109561.824870389,37961.34551405448,13149.17259319831,4553.581401271629,1576.611199035302,545.7934969482386,188.9195487348449,65.38534904957149,22.628059527441636,7.830405828959662,2.7095479489574954,0.9375393839323233,0.32438889418692424,0.11223523003588111,0.038831273176531456,0.01343461586626399,0.004647952618491019,0.001608023050794775,0.0005563115361874734,0.00019245976912025465,6.658228138229041e-05,2.3034287647549683e-05,7.968723923464975e-06,2.756773256006014e-06,9.537002625073284e-07,3.2992984749875107e-07,1.1413802966687743e-07,3.9485566178109384e-08,1.3659844103420548e-08,4.72555264552336e-09,1.6347790084316252e-09,5.655423855072404e-10,1.9564600721113417e-10,6.768253129143381e-11,2.3414344921897417e-11,8.10004217593289e-12,2.8021567508474906e-12,9.693876245494124e-13,3.353531844133012e-13,1.16013180035511e-13,4.0133974805039394e-14,1.3884075657010449e-14,4.80310115532436e-15,1.661599929762174e-15,5.74819077053673e-16,1.988547004837044e-16,6.879241142016742e-17,2.379825930473173e-17,8.232843133222201e-18,2.848095057097298e-18,9.85278741488186e-19,3.408503459225642e-19,1.179148114683911e-19,4.079181026517553e-20,1.4111643413463915e-20,4.881824987721971e-21,1.6888334262048006e-21,5.842401842283115e-22,2.0211382986047297e-22,6.991987407945838e-23,2.418829421107939e-23,8.367772160917724e-24,2.8947725799071328e-24,1.0014264392556177e-24,3.4643651084953255e-25,1.1984730106149923e-25,4.146034009926969e-26,1.4342916236189842e-26,4.9618320925256665e-27,1.7165112938346388e-27,5.938151404745803e-28,2.0542621667714613e-28,7.106577049663793e-29,2.4584708890625946e-29,8.504909001024262e-30,2.9422140986154335e-30,1.0178384977818567e-30,3.5211414695629635e-31,1.2181143938858013e-31,4.213981998028406e-32,1.4577977543150026e-32,5.043149907656123e-33,1.744642623792528e-33,6.035469776680815e-34,2.0879287785282396e-34,7.223044345267107e-35,2.498761938130149e-35,8.644293077729672e-36,2.9904330489787382e-36,1.0345195078369893e-36,3.5788482623131677e-37,1.2380776570749732e-37,4.283043517337081e-38,1.4816891062144757e-38,5.1258003767258746e-39,1.773234978363557e-39,6.13438303755406e-40,2.122147132813451e-40,7.341420360831857e-41,2.5397132970201473e-41
Y98_m1,401092004535950.75,283614876287076.25,200546002267975.22,141807438143538.06,100273001133987.61,70903719071769.03,50136500566993.805,35451859535884.516,25068250283496.902,17725929767942.258,12534125141748.451,8862964883971.129,6267062570874.226,4431482441985.564,3133531285437.113,2215741220992.782,1566765642718.5564,1107870610496.391,783382821359.2782,553935305248.1956,391691410679.6391,276967652624.0978,195845705339.81955,138483826312.0489,97922852669.90977,69241913156.02444,48961426334.95489,34620956578.01222,24480713167.477444,17310478289.00611,12240356583.738722,8655239144.503056,6120178291.869361,4327619572.251528,3060089145.9346805,2163809786.125764,1530044572.9673402,1081904893.062882,765022286.4836701,540952446.531441,382511143.24183506,270476223.2657205,191255571.62091753,135238111.63286024,95627785.81045876,67619055.81643012,47813892.90522938,33809527.90821506,23906946.45261469,16904763.95410753,11953473.226307346,8452381.977053765,5976736.613153673,4226190.988526883,2988368.3065768364,2113095.4942634413,1494184.1532884182,1056547.7471317207,747092.0766442091,528273.8735658603,373546.03832210455,264136.93678293016,186773.01916105227,132068.46839146508,93386.50958052614,66034.23419573254,46693.25479026307,33017.11709786627,23346.627395131534,16508.558548933135,11673.313697565767,8254.279274466568,5836.656848782884,4127.139637233284,2918.328424391442,2063.569818616642,1459.164212195721,1031.784909308321,729.5821060978604,515.8924546541605,364.7910530489302,257.94622732708024,182.3955265244651,128.97311366354012,91.19776326223256,64.48655683177006,45.59888163111628,32.24327841588503,22.79944081555814,16.121639207942515,11.39972040777907,8.060819603971257,5.699860203889535,4.030409801985629,2.8499301019447674,2.0152049009928144,1.4249650509723837,1.0076024504964072,0.7124825254861918,0.5038012252482036,0.3562412627430959,0.2519006126241018,0.17812063137154796,0.1259503063120509,0.08906031568577398,0.06297515315602545,0.04453015784288699,0.031487576578012724,0.022265078921443495,0.015743788289006362,0.011132539460721748,0.007871894144503181,0.005566269730360874,0.0039359470722515905,0.002783134865180437,0.0019679735361257953,0.0013915674325902184,0.0009839867680628976,0.0006957837162951092,0.0004919933840314488,0.0003478918581475546,0.0002459966920157244
Y99,706766311624541.4,476087769041272.5,299833607325182.8,187320015484048.47,116912680628666.53,72960307331625.48,45530796543666.2,28413389794479.715,17731307153712.883,11065179022199.227,6905197982098.512,4309171957942.5913,2689128249516.519,1678143924837.649,1047241622995.7234,653528580417.0303,407832916533.75916,254507136783.97174,158824557920.67847,99114077968.31409,61851898598.80002,38598526452.5113,24087316283.838684,15031630973.568705,9380452644.16404,5853848591.954461,3653079935.2040215,2279695623.0353484,1422638492.9614968,887794081.4576792,554025731.0418602,345738406.0867943,215757208.9993877,134642760.00485533,84023485.9627634,52434651.46644436,32721716.34994934,20419907.273947373,12742993.326425986,7952233.902869573,4962572.170135828,3096881.058153976,1932601.070482848,1206034.984068073,752623.1900682304,469672.6659767503,293098.0815854342,182907.14289367312,114142.75637889105,71230.50870323087,44451.22521203957,27739.678668921802,17310.87881120135,10802.811697737212,6741.468289943463,4206.996842667614,2625.3661180335666,1638.3533222117046,1022.4103944834302,638.0327128318229,398.1627581644594,248.4724980408911,155.0586563326444,96.76397626802276,60.38532336506016,37.68331375514063,23.516180032415328,14.675214788973536,9.158031993531555,5.715047527451812,3.5664614694622765,2.225641580767462,1.3889061997318966,0.8667435261469666,0.5408891833463562,0.3375405755398527,0.21064137284257367,0.13145023492965358,0.08203119847673508,0.051191369320341205,0.03194584915926575,0.019935729246082952,0.01244084320913578,0.0077636778591739005,0.004844904230990152,0.0030234506677436976,0.0018867770144574381,0.0011774385936786525,0.0007347776823975275,0.0004585362204432987,0.000286148409914107,0.0001785702172386991,0.00011143630850245788,6.95415565074631e-05,4.339723871393335e-05,2.708194096564403e-05,1.6900419201813162e-05,1.0546665379684417e-05,6.581620804950227e-06,4.1072444095547726e-06,2.5631158554638874e-06,1.599506197694849e-06,9.981679411839134e-07,6.229042689820273e-07,3.8872188968103e-07,2.425809470918087e-07,1.5138204833343755e-07,9.446959801403572e-08,5.895352221206689e-08,3.67898017380395e-08,2.2958586037582264e-08,1.4327249616571478e-08,8.940885176444618e-09,5.579537585909434e-09,3.4818968209762336e-09,2.1728692181483603e-09,1.3559737355608715e-09,8.461921022093296e-10,5.280641173667478e-10,3.295371243979547e-10,2.0564683867935016e-10,1.2833340806767443e-10
Zn78,1292190883112.442,807989743143.0582,504426198852.15094,314811471670.08606,196460555760.53506,122601137904.04985,76508992502.49623,47745256648.655594,29795311772.752132,18593691739.21822,11603347989.54047,7241041011.842318,4518753981.428335,2819917400.071002,1759762575.2244112,1098175542.6871023,685313768.7633525,427668385.79141146,266885412.99188066,166549190.99534923,103934616.3967725,64860143.84690644,40475814.56193289,25258833.34947487,15762713.340835022,9836682.812213263,6138557.91549693,3830752.094102699,2390571.5004212456,1491830.313797664,930973.0684790084,580971.4725710907,362553.830362529,226250.83350277084,141191.28078032596,88110.0743796585,54984.877000072694,34313.17837374458,21413.055268030443,13362.764909664304,8339.00084765343,5203.933138633025,3247.5017818211977,2026.5955656959422,1264.6920195360763,789.227969976822,492.51578959296796,307.3532771595873,191.80306292069957,119.69423357298447,74.69489450513873,46.61316672145089,29.088832994500002,18.152815277244784,11.328220095734913,7.069348119146942,4.411609450323295,2.7530541167535985,1.718036706358606,1.0721366159979857,0.6690642400766517,0.417527907050036,0.26055727196780276,0.16260013002476426,0.10147021453055931,0.06332223987342202,0.039516089338508434,0.024659919164741858,0.0153889624047134,0.009603444452173305,0.005993006085824921,0.0037399208298233583,0.002333888471501755,0.001456457407860707,0.0009088986928100245,0.0005671960122782924,0.0003539572879676702,0.00022088618218979526,0.00013784348321382742,8.602088947417436e-05,5.3681126255708636e-05,3.349957590181019e-05,2.0905328629944696e-05,1.3045919339604836e-05,8.141274142501994e-06,5.080542270574797e-06,3.1705000115823077e-06,1.978542798799733e-06,1.2347048075639655e-06,7.705145234899101e-07,4.808377089583219e-07,3.000655994245064e-07,1.8725520540609845e-07,1.1685615418405211e-07,7.292379798506918e-08,4.550791825812917e-08,2.8399105386866796e-08,1.77223924460728e-08,1.1059615777821878e-08,6.901726249728263e-09,4.307005431572903e-09,2.6877762340007107e-09,1.6773002028513375e-09,1.0467151003480428e-09,6.532000052430213e-10,4.0762786999787315e-10,2.5437917799339794e-10,1.5874470554953572e-10,9.906424629087703e-11,6.182080126204395e-11,3.8579120235360744e-11,2.407520588136119e-11,1.5024073506442114e-11,9.375736425237738e-12,5.850905447037214e-12,3.651243272797287e-12,2.2785494583403812e-12,1.4219232316793079e-12,8.873477243991818e-13,5.537471830082516e-13,3.455645788658507e-13,2.1564873254615412e-13
Zn79,593909788950.2603,295928033604.4266,147449628495.13306,73468467879.03197,36606505636.92685,18239610715.36753,9088094950.649755,4528247401.81366,2256251133.3099127,1124202969.6794693,560147005.968303,279099661.5003731,139064603.07676944,69290531.29243433,34524800.85199949,17202377.46250869,8571281.602207663,4270739.231507928,2127944.738024138,1060272.838640585,528293.0859392514,263228.0809994655,131156.40630327835,65350.18167163393,32561.476521706216,16224.128627538921,8083.857915578791,4027.874796822219,2006.9347517365482,999.9782269561972,498.2506050688611,248.25907080710923,123.69792552382621,61.63390819579222,30.709800697147855,15.301509939344216,7.624152586753678,3.7988213513910263,1.8928062490324582,0.9431123932859937,0.46991655211636113,0.23414130439272665,0.11666358670667193,0.05812896831067607,0.02896342425472801,0.014431357874371498,0.00719058935388784,0.003582793504696243,0.0017851679000905716,0.0008894803530643244,0.0004431937737886134,0.0002208263740152428,0.00011002927014037569,5.482334409379973e-05,2.731635912691791e-05,1.3610688809388791e-05,6.781681592532316e-06,3.3790505290787647e-06,1.6836506288706412e-06,8.388982099268365e-07,4.1799064161578045e-07,2.0826862474007334e-07,1.03772227730861e-07,5.17057010467389e-08,2.5762957770055318e-08,1.2836688791080916e-08,6.396027218217527e-09,3.186893819892522e-09,1.5879063476061238e-09,7.911925251569441e-10,3.94220737770799e-10,1.9642499789507654e-10,9.787100500155068e-11,4.8765349230805066e-11,2.4297893799748972e-11,1.2106703887417904e-11,6.03230387891209e-12,3.0056645000920038e-12,1.4976067632624936e-12,7.461997229900111e-13,3.718025587553875e-13,1.8525488342871402e-13,9.230536752912862e-14,4.5992206612821106e-14,2.291614372749138e-14,1.141823108771319e-14,5.689264420872621e-15,2.834741161039997e-15,1.412442251868803e-15,7.037655297361612e-16,3.5065923593655376e-16,1.7471998066416466e-16,8.705623156268287e-17,4.3376764495315e-17,2.1612969735856967e-17,1.0768909720168767e-17,5.3657326123372274e-18,2.6735377317888873e-18,1.3321207968627043e-18,6.637444447985265e-19,3.3071827197538355e-19,1.6478416697194846e-19,8.210559858833604e-20,4.091005491259706e-20,2.0383903433224145e-20,1.0156513357479388e-20,5.060599110400175e-21,2.5215014695297743e-21,1.2563669878086896e-21,6.259992417731341e-22,3.119112922443411e-22,1.5541337391075107e-22,7.743649361499225e-23,3.8583619880926625e-23,1.9224730532318625e-23,9.578942182741295e-24,4.772817657238407e-24,2.3781110643187496e-24,1.1849210760562626e-24,5.904004979197814e-25,2.941738103807471e-25,1.4657547041175735e-25
Zn80,87627395971.45012,24279019184.51454,6726226674.3325205,1863411395.0496416,516233048.99096715,143015414.86018223,39620494.84049464,10976324.564611372,3040842.913042377,842424.5809575288,233382.38603434278,64655.447315145415,17911.921026064058,4962.256517693295,1374.726346300803,380.8494221278313,105.5092038683935,29.229904140974956,8.097751331308515,2.2433729617260965,0.6214962697046018,0.172177172430366,0.04769936707778841,0.013214467327495344,0.003660890226586598,0.0010142003395953374,0.0002809705468263558,7.783910643867459e-05,2.1564276254606222e-05,5.974092351013011e-06,1.6550418385040248e-06,4.5850705450415576e-07,1.2702320517776187e-07,3.519006849541408e-08,9.748934605916655e-09,2.7008110530624557e-09,7.482233330314223e-10,2.072851988138338e-10,5.7425573021372395e-11,1.590898171072355e-11,4.407369152031625e-12,1.2210022737776151e-12,3.382622378892146e-13,9.37109979556512e-14,2.5961370067918144e-14,7.192247980566422e-15,1.992515451943939e-15,5.519995746757738e-16,1.5292404891764353e-16,4.236554847184771e-17,1.1736804708114154e-17,3.251523696145427e-18,9.007908548811465e-19,2.4955197626252063e-19,6.913501454757401e-20,1.915292480579369e-20,5.3060599034655145e-21,1.4699724446601447e-21,4.072360710908744e-22,1.1281926964003325e-22,3.1255059425397106e-23,8.658793332043207e-24,2.3988020930177234e-24,6.645558175146315e-25,1.8410624030970328e-25,5.100415469649839e-26,1.4130014234869097e-26,3.9145301684866574e-27,1.0844678699740975e-27,3.0043721989268034e-28,8.323208607277469e-29,2.3058328640174432e-29,6.387999445471112e-30,1.769709225335707e-30,4.902741099106865e-31,1.3582384010182183e-31,3.7628165891455977e-32,1.0424376657982153e-32,2.887933178060049e-33,8.000629979686872e-34,2.21646679909896e-34,6.140422796681149e-35,1.7011214486645722e-35,4.7127278998943554e-36,1.3055978029010183e-36,3.6169829006639204e-37,1.002036406206102e-37,2.7760069288083603e-38,7.690553378164362e-39,2.1305642521499026e-39,5.902441358026887e-40,1.6351918957520893e-40,4.5300789516478057e-41,1.254997371346669e-41,3.47680121891505e-42,9.632009589691845e-43,2.66841855183388e-43,7.392494267646412e-44,2.0479909892556902e-44,5.673683252523983e-45,1.5718175430874496e-45,4.354508841603724e-46,1.2063580365924223e-46,3.342052491768857e-47,9.258706386445747e-48,2.5649999262890155e-48,7.105986891963968e-49,1.9686179789415743e-49,5.453791015847064e-50,1.5108993599929373e-50,4.1857432186049956e-51,1.1596037933446202e-51,3.2125261567941627e-52,8.899871117461585e-53,2.4655894471056887e-53,6.830583546037714e-54,1.892321190544142e-54,5.242421037745158e-55,1.4523421538755899e-55,4.023518364391483e-56,1.1146615820105334e-56,3.088019812227543e-57
Zn81,115.06093773453883,13.188918139686631,1.511786407448509,0.17328928101151833,0.01986337141644909,0.00227684898756999,0.00026098496592101783,2.991553362065083e-05,3.4290831605952607e-06,3.930603903438632e-07,4.50547458961161e-08,5.164423019037189e-09,5.919745986595475e-10,6.785538755565843e-11,7.777958092719843e-12,8.91552377362574e-13,1.0219464184627714e-13,1.1714112470861172e-14,1.3427360622917444e-15,1.5391179975978102e-16,1.764221783457838e-17,2.022248135675741e-18,2.318012145972205e-19,2.6570331375675618e-20,3.0456376625978094e-21,3.4910775634232676e-22,4.00166530100031e-23,4.5869290757114e-24,5.257790635400528e-25,6.026769088732424e-26,6.90821452728571e-27,7.9185758160578065e-28,9.076707549684672e-29,1.0404221902559005e-29,1.1925891938806504e-30,1.3670113908384442e-31,1.566943715632119e-32,1.796117153386004e-33,2.058808364655289e-34,2.3599194932156225e-35,2.7050696461453055e-36,3.1006997533318415e-37,3.5541927632112814e-38,4.0740114177419074e-39,4.669856177664158e-40,5.352846245127929e-41,6.13572706179407e-42,7.033108154581852e-43,8.061735767559128e-44,9.240805367624287e-45,1.0592319855723624e-45,1.2141500168269597e-46,1.391725593109178e-47,1.5952724948906686e-48,1.828589159784934e-49,2.096029566103772e-50,2.4025844834921144e-51,2.753974606878843e-52,3.1567573117386173e-53,3.618449022850274e-54,4.147665480104619e-55,4.754282518895473e-56,5.44962036545555e-57,6.2466548863165735e-58,7.160259734070642e-59,8.207483908172974e-60,9.407869910414867e-61,1.0783818432242495e-61,1.2361006379439292e-62,1.41688660350307e-63,1.6241134302185624e-64,1.8616482276667874e-65,2.1339236897440678e-66,2.4460208142319245e-67,2.8037637205168207e-68,3.2138283348806187e-69,3.683866971564082e-70,4.222651134440512e-71,4.840235204155929e-72,5.54814406534072e-73,6.359588175249302e-74,7.28971008727528e-75,8.355867029776635e-76,9.577954813482221e-77,1.0978779111993557e-77,1.2584481043936347e-78,1.4425024998652723e-79,1.6534757808866262e-80,1.8953049705175465e-81,2.1725029013381243e-82,2.4902424305011734e-83,2.854452971661753e-84,3.2719311451892724e-85,3.750467611532315e-86,4.298992454604126e-87,4.927741828222949e-88,5.648448975436528e-89,6.47456318538822e-90,7.421500773731391e-91,8.506932770197847e-92,9.751114681927181e-93,1.1177264486349567e-93,1.2811995907438177e-94,1.4685815060803142e-95,1.6833689735640669e-96,1.9295701937044323e-97,2.211779586592731e-98,2.535263529478862e-99,2.906058633901829e-100,3.3310843963472745e-101,3.818272324633055e-102,4.3767139496812646e-103,5.016830484760007e-104,5.7505672982467184e-105,6.5916168290160035e-106,7.555674104329532e-107,8.660729628508773e-108,9.92740510805629e-109,1.1379338278272912e-109,1.3043624012712433e-110,1.4951319947123548e-111,1.7138026053448672e-112
Zn82,3852426141.719276,6261.7531522028685,0.010177885596431978,1.654318729853075e-08,2.688938123751473e-14,4.3706137776764666e-20,7.104017985718773e-26,1.154690716420278e-31,1.8768401956013272e-37,3.0506256521618363e-43,4.958502536038309e-49,8.059575380045358e-55,1.310007503969772e-60,2.1292928963801744e-66,3.4609635630603913e-72,5.625467874896355e-78,9.143664252711082e-84,1.4862158637399911e-89,2.4157028654868747e-95,3.926495791557784e-101,6.382146339845358e-107,1.0373573299321361e-112,1.6861259091561434e-118,2.74063767565379e-124,4.454646493731946e-130,7.24060519214183e-136,1.1768916708034945e-141,1.9129257403923223e-147,3.1092792812079526e-153,5.053838444646737e-159,8.214534853448928e-165,1.335194696023647e-170,2.1702322871527904e-176,3.527506658187789e-182,5.733627362020317e-188,9.319467236214067e-194,1.5147909705848738e-199,2.4621489902867224e-205,4.0019895603346904e-211,6.504854297693326e-217,1.0573023441540562e-222,1.718544637272005e-228,2.793331242123908e-234,4.540294886149365e-240,7.379818527186198e-246,1.19951947747583e-251,1.9497050930769925e-257,3.169060629152611e-263,5.151007353320053e-269,8.372473694531992e-275,1.360866156023806e-280,2.2119588095218645e-286,3.5953291610374864e-292,5.8438664049990586e-298,9.49865034043833e-304,1.5439154839804e-309,2.509488124e-315,4.08e-321,0.0,0.0,0.0,0.0,0.0,0.0,0.0,0.0,0.0,0.0,0.0,0.0,0.0,0.0,0.0,0.0,0.0,0.0,0.0,0.0,0.0,0.0,0.0,0.0,0.0,0.0,0.0,0.0,0.0,0.0,0.0,0.0,0.0,0.0,0.0,0.0,0.0,0.0,0.0,0.0,0.0,0.0,0.0,0.0,0.0,0.0,0.0,0.0,0.0,0.0,0.0,0.0,0.0,0.0,0.0,0.0,0.0,0.0,0.0,0.0,0.0,0.0,0.0,0.0
Zn83,22465610.582444705,2.242955477717957,2.2393556839074916e-07,2.235761667525783e-14,2.232173419300445e-21,2.2285909299739683e-28,2.2250141903037083e-35,2.2214431910618525e-42,2.2178779230353917e-49,2.214318377026109e-56,2.2107645438505506e-63,2.207216414339998e-70,2.203673979340448e-77,2.2001372297125934e-84,2.1966061563317915e-91,2.193080750088044e-98,2.1895610018859737e-105,2.1860469026448046e-112,2.1825384432983298e-119,2.1790356147948953e-126,2.1755384080973717e-133,2.172046814183136e-140,2.1685608240440488e-147,2.165080428686422e-154,2.1616056191310077e-161,2.158136386412966e-168,2.154672721581842e-175,2.15121461570155e-182,2.1477620598503464e-189,2.1443150451208056e-196,2.1408735626197938e-203,2.1374376034684552e-210,2.1340071588021834e-217,2.1305822197705986e-224,2.127162777537522e-231,2.1237488232809608e-238,2.1203403481930802e-245,2.1169373434801778e-252,2.1135398003626686e-259,2.1101477100750535e-266,2.1067610638659087e-273,2.1033798529978482e-280,2.1000040687475146e-287,2.0966337024055474e-294,2.0932687452765675e-301,2.089909188679147e-308,2.08655502e-315,2.08e-322,0.0,0.0,0.0,0.0,0.0,0.0,0.0,0.0,0.0,0.0,0.0,0.0,0.0,0.0,0.0,0.0,0.0,0.0,0.0,0.0,0.0,0.0,0.0,0.0,0.0,0.0,0.0,0.0,0.0,0.0,0.0,0.0,0.0,0.0,0.0,0.0,0.0,0.0,0.0,0.0,0.0,0.0,0.0,0.0,0.0,0.0,0.0,0.0,0.0,0.0,0.0,0.0,0.0,0.0,0.0,0.0,0.0,0.0,0.0,0.0,0.0,0.0,0.0,0.0,0.0,0.0,0.0,0.0,0.0,0.0,0.0,0.0,0.0,0.0
Zr103,180823768224313.5,106662826796328.22,62610021865347.125,36736549704206.67,21554510823463.883,12646686360309.176,7420193357369.844,4353651763108.6475,2554419100705.56,1498754906498.2747,879364811007.7617,515949917818.57117,302723413951.3674,177616978294.77145,104213250527.20715,61145064451.116936,35875657728.91016,21049332910.767735,12350279940.130032,7246282589.865445,4251613050.6135135,2494549903.067307,1463627838.3789308,858754698.2498591,503857341.61970747,295628333.9368857,173454080.3659898,101770752.46797697,59711977.00304464,35034822.000889264,20555989.170671873,12060820.254033362,7076447.841665557,4151965.8697398114,2436083.8897141977,1429324.0609169425,838627.6350096393,492048.185175502,288699.5448602431,169388.7503574136,99385.50045700982,58312.47754203643,34213.69336024378,20074.208174484465,11778.144779329588,6910.593595376599,4054.654169667827,2378.9881735490458,1395.8242782392156,818.9722998141082,480.51580583545496,281.9331492775835,165.41870152091326,97.05615279004951,56.94577884964543,33.411809922113335,19.603718920395142,11.502094511064149,6.748626557985019,3.959623212566271,2.3232306382315087,1.3631096467179948,0.7997776365372216,0.469253716636191,0.2753253410913929,0.16154170070401824,0.09478139920903358,0.05561111215785737,0.032628720627064095,0.019144256758198575,0.011232514170961203,0.0065904556230323135,0.0038668195435217914,0.0022687799201479815,0.0013311617643730548,0.0007810328481808892,0.0004582555826525352,0.0002688724034095663,0.00015775556709376977,9.255996016507297e-05,5.4307726716658266e-05,3.186398498736773e-05,1.8695563240428547e-05,1.096925212007944e-05,6.4359918193675775e-06,3.776190960470548e-06,2.2156053907695416e-06,1.299962660520578e-06,7.627273908016586e-07,4.475152174341215e-07,2.6257070645465766e-07,1.5405817099001136e-07,9.039058609870516e-08,5.303488937173722e-08,3.111717283922662e-08,1.8257385976981178e-08,1.0712160273515182e-08,6.285148261101211e-09,3.6876864848345557e-09,2.1636771394234024e-09,1.2694947856646411e-09,7.448509675797534e-10,4.3702657952551437e-10,2.564167055221296e-10,1.504474326074347e-10,8.82720567370177e-11,5.1791884152087713e-11,3.038786410080758e-11,1.782947849314588e-11,1.0461094017104787e-11,6.137840098731715e-12,3.6012563328462813e-12,2.1129659564681874e-12,1.2397410016256376e-12,7.273935230271093e-13,4.267837690678895e-13,2.50406938986457e-13,1.4692132090569937e-13,8.620318040724473e-14,5.057801186727367e-14,2.967564853594524e-14,1.7411600090962965e-14
Zr104,30006415079804.215,16964221979070.541,9523477791142.441,5344927116664.342,2999740108759.55,1683547238718.8298,944858941536.5151,530284151451.68036,297611917412.4686,167029041210.04474,93741879861.88882,52610851241.07341,29526841923.67749,16571379732.87904,9300372419.139917,5219657537.813894,2929433745.684023,1644089101.283544,922713810.1149216,517855616.65247,290636638.0981224,163114298.0566842,91544804.55262572,51377784.41511075,28834806.5660913,16182988.020389687,9082394.940566326,5097321.814271381,2860775.1422695536,1605555.762972211,901087.7051903531,505718.3756371777,283824.8418926977,159291.30669598066,89399.22319592355,50173.617592881594,28158.990787198534,15803.699238661804,8869.526309146802,4977.853334249396,2793.725724872611,1567.9255497775498,879.9684620999542,493.8656012081814,277.1726971608376,155.5579166952936,87.30392890226909,48.99767343054843,27.49901444062357,15.433300037755668,8.661646786276174,4.861184896727925,2.728247778195909,1.5311772947046385,0.8593442012694865,0.4822906261798646,0.27067646207113044,0.15191202802274767,0.08525774306862216,0.04784929045951995,0.026854506289671454,0.01507158206812077,0.008458639439722826,0.004747250875710865,0.0026643044708944425,0.0014952903268599985,0.0008392033215522329,0.00047098693962877405,0.0002643324824913383,0.00014835158986596452,8.325951471545133e-05,4.6727822714374954e-05,2.622510379850728e-05,1.4718341863399189e-05,8.260390077854323e-06,4.635987183311391e-06,2.601859834857854e-06,1.4602444598242173e-06,8.195344937033525e-07,4.5994818323122465e-07,2.581371899329476e-07,1.4487459947848098e-07,8.130811983930794e-08,4.563263936950679e-08,2.5610452928229765e-08,1.437338072597577e-08,8.066787185404612e-09,4.5273312337025305e-09,2.540878744978373e-09,1.4260199802970872e-09,8.003266540071801e-10,4.4916814768674283e-10,2.520870995438941e-10,1.4147910105320408e-10,7.940246078057416e-11,4.4563124384283975e-11,2.501020793772438e-11,1.4036504615210713e-11,7.877721860746691e-12,4.4212219079126275e-12,2.4813268993929424e-12,1.3925976370088742e-12,7.815689980538869e-13,4.386407692253348e-13,2.461788081483341e-13,1.381631846222696e-13,7.754146560602945e-14,4.351867615652732e-14,2.4424031189183964e-14,1.3707524038291712e-14,7.69308775463544e-15,4.317599519445925e-15,2.4231708001884204e-15,1.3599586298914787e-15,7.632509746619989e-16,4.28360126196616e-16,2.404089923323575e-16,1.3492498498268516e-16,7.572408750588814e-17,4.249870718410871e-17,2.3851592958187465e-17,1.338625394364425e-17
Zr105,41953845630995.54,13214633364322.744,4162348685609.4727,1311057681500.4175,412957292637.18646,130073396425.29718,40970552546.88817,12904915394.91211,4064793638.2905483,1280329767.0902588,403278606.09100467,127024801.19658,40010305.22157074,12602456.440343942,3969525.037393139,1250322.0381740872,393826.7637607486,124047.65741853577,39072.563692940326,12307.086367523425,3876.489294329254,1221.0176154043893,384.5964489851082,121.14029044778954,38.15680048138723,12.018639030784657,3.7856340764934324,1.192400015043355,0.37558246971202175,0.11830106489042008,0.037262500470104924,0.011736952178500704,0.003696908277825633,0.0011644531396907817,0.00036677975557814814,0.00011552838368205147,3.6389160615337016e-05,1.1461867361817161e-05,3.6102619900641203e-06,1.1371612692292856e-06,3.5818335505678704e-07,1.1282068718950387e-07,3.553628966341523e-08,1.1193229845524616e-08,3.525646474672007e-09,1.1105090519817283e-09,3.497884326726454e-10,1.1017645233350043e-10,3.47034078744291e-11,1.0930888521020191e-11,3.443014135421898e-12,1.0844814960759128e-12,3.41590266281882e-13,1.075941917319346e-13,3.389004675237237e-14,1.0674695821308847e-14,3.3623184916229705e-15,1.0590639610116411e-15,3.335842444159028e-16,1.0507245286321819e-16,3.309574878161388e-17,1.0424507637996995e-17,3.2835141519755764e-18,1.034242149425436e-18,3.257658636874064e-19,1.0260981724923696e-19,3.2320067169544946e-20,1.0180183240231478e-20,3.206556789038664e-21,1.0100020990482826e-21,3.1813072625723505e-22,1.0020489965745856e-22,3.156256559525892e-23,9.941585195538611e-24,3.131403114295584e-24,9.863301748518425e-25,3.1067453736058234e-25,9.785634732173733e-26,3.082281796412018e-26,9.70857929251822e-27,3.058010853804299e-27,9.632130613787582e-28,3.0339310289119517e-28,9.55628391813846e-29,3.010040816808626e-29,9.481034465349877e-30,2.9863387244182786e-30,9.40637755252699e-31,2.9628232704218467e-31,9.332308513807147e-32,2.939492985164696e-32,9.258822720068305e-33,2.9163464105647416e-33,9.18591557863969e-34,2.8933821000213475e-34,9.11358253301483e-35,2.8705986183249073e-35,9.041819062566727e-36,2.847994541567139e-36,8.97062068226535e-37,2.8255684570521063e-37,8.89998294239733e-38,2.8033189632079303e-38,8.829901428287861e-39,2.781244669499172e-39,8.760371760024799e-40,2.7593441963399602e-40,8.691389592184926e-41,2.737616175007752e-41,8.62295061356239e-42,2.7160592475577932e-42,8.555050546899246e-43,2.694672066738254e-43,8.487685148618132e-44,2.673453295906025e-44,8.420850208557077e-45,2.6524016089431758e-45,8.354541549706353e-46,2.6315156901740948e-46,8.288755027947448e-47,2.6107942342832425e-47,8.223486531794068e-48
Zr106,607347189.1981341,46613436.029785745,3577545.8427142208,274573.92860998167,21073.340660569014,1617.3629042078223,124.13137556316278,9.526988877459159,0.7311891667956796,0.05611821368914495,0.004307030315371926,0.00033056130831764295,2.5370329567145346e-05,1.947153542020319e-06,1.4944255675386112e-07,1.1469602826471868e-08,8.802833132310735e-10,6.756107628806539e-11,5.185261336430234e-12,3.9796487273882883e-13,3.054350198732038e-14,2.3441905996102276e-15,1.799148496325737e-16,1.3808328181033436e-17,1.059778709453461e-18,8.133721173816907e-20,6.24256927821427e-21,4.791124549333103e-22,3.6771517341956895e-23,2.822186051953181e-24,2.1660063787335736e-25,1.6623934589527058e-26,1.2758743646842555e-27,9.792238929308505e-29,7.51546906990287e-30,5.768065480062318e-31,4.426946485020463e-32,3.397647833398608e-33,2.607668929104953e-34,2.0013661148093486e-35,1.5360333057624343e-36,1.1788939059939217e-37,9.047921268215993e-39,6.944210913264107e-40,5.329629179830865e-41,4.0904499516638326e-42,3.139389297549148e-43,2.409457462633713e-44,1.8492403184190947e-45,1.4192779114385305e-46,1.0892850268478755e-47,8.360179920734054e-49,6.416374647992453e-50,4.92451885171694e-51,3.779530849013486e-52,2.900761245672594e-53,2.2263122436458763e-54,1.7086777526422352e-55,1.3113972088629055e-56,1.0064874062730921e-57,7.724714465914642e-59,5.928659733644023e-60,4.550201355975969e-61,3.492245011538169e-62,2.680271545476995e-63,2.0570880719304098e-64,1.5787994850071392e-65,1.2117166240333603e-66,9.29983313841887e-68,7.137551362013222e-69,5.4780165070830743e-70,4.204336099293637e-71,3.226796051630731e-72,2.476541483105745e-73,1.900726795064728e-74,1.4587933915592615e-75,1.1196128579775724e-76,8.592943723228983e-78,6.595019100080711e-79,5.061627113052411e-80,3.8847603991433113e-81,2.9815241268634787e-82,2.2882971420912816e-83,1.756250691827084e-84,1.3479090786803378e-85,1.0345099892878856e-86,7.939785664061296e-88,6.093725246155189e-89,4.676887884229728e-90,3.5894759606130347e-91,2.75489556105553e-92,2.1143614376030764e-93,1.6227563585423487e-94,1.2454531909051843e-95,9.558758729062927e-97,7.336274787977369e-98,5.630535228499134e-99,4.32139306059314e-100,3.316636381142112e-101,2.5454932542529725e-102,1.9536467561801588e-103,1.499409060132573e-104,1.150785075395853e-105,8.832188126412595e-107,6.778637364019529e-108,5.202552737239458e-109,3.992919746293686e-110,3.064535605034888e-111,2.352007821655777e-112,1.8051481549247573e-113,1.3854375105497217e-114,1.0633127759633773e-115,8.160844866098098e-117,6.26338650621212e-118,4.8071016138500497e-119,3.689414009970591e-120,2.831597255558219e-121,2.173229406083582e-122,1.667937077631941e-123,1.2801290499528532e-124,9.824893315878476e-126,7.540531063797724e-127
Zr107,56173613.84353722,552924.3652812672,5442.508178262751,53.57133295326756,0.5273097660839745,0.005190380266440174,5.108960433317918e-05,5.028817807044755e-07,4.949932352485839e-09,4.8722843487910637e-11,4.795854384465003e-13,4.720623352514128e-15,4.646572445670207e-17,4.573683151688597e-19,4.5019372487203115e-21,4.43131680075667e-23,4.361804153145423e-25,4.293381928177191e-27,4.226033020741165e-29,4.159740594048919e-31,4.0944880754253476e-33,4.030259152165584e-35,3.967037767456947e-37,3.9048081163648236e-39,3.843554641881558e-41,3.7832620310372905e-43,3.723915211071811e-45,3.6654993456664744e-47,3.607999831235219e-49,3.5514022932737574e-51,3.495692582766044e-53,3.440856772647126e-55,3.3868811543214505e-57,3.3337522342358194e-59,3.281456730506074e-61,3.229981569596736e-63,3.1793138830526684e-65,3.129441004282084e-67,3.080350465389964e-69,3.0320299940611655e-71,2.984467510492416e-73,2.93765112437246e-75,2.8915691319095417e-77,2.846210012905533e-79,2.8015624278759725e-81,2.7576152152152587e-83,2.7143573884063163e-85,2.6717781332740584e-87,2.6298668052818907e-89,2.5886129268706554e-91,2.548006184839313e-93,2.5080364277667043e-95,2.468693663473764e-97,2.4299680565255385e-99,2.3918499257723957e-101,2.354329741929794e-103,2.317398125196027e-105,2.2810458429073393e-107,2.245263807229808e-109,2.2100430728874567e-111,2.175374834925985e-113,2.1412504265115906e-115,2.1076613167643204e-117,2.0745991086254053e-119,2.04205553675804e-121,2.010022465481119e-123,1.978491886735356e-125,1.9474559180813292e-127,1.9169068007289192e-129,1.8868368975976608e-131,1.8572386914075255e-133,1.82810478279965e-135,1.799427888486545e-137,1.771200839431316e-139,1.743416579055461e-141,1.7160681614747567e-143,1.6891487497628462e-145,1.6626516142420465e-147,1.6365701308009742e-149,1.6108977792385603e-151,1.585628141634039e-153,1.560754900742514e-155,1.5362718384156867e-157,1.512172834047362e-159,1.4884518630433274e-161,1.46510299531526e-163,1.442120393798225e-165,1.4194983129914625e-167,1.397231097522036e-169,1.3753131807310407e-171,1.3537390832819638e-173,1.3325034117908884e-175,1.3116008574781865e-177,1.2910261948413552e-179,1.2707742803486767e-181,1.2508400511533658e-183,1.2312185238278959e-185,1.211904793118173e-187,1.1928940307172501e-189,1.1741814840582883e-191,1.1557624751264389e-193,1.1376323992893771e-195,1.1197867241461695e-197,1.1022209883942063e-199,1.084930800713902e-201,1.0679118386708957e-203,1.0511598476354696e-205,1.03467063971892e-207,1.018440092726612e-209,1.0024641491274589e-211,9.867388150395622e-214,9.712601592317732e-216,9.560243121409064e-218,9.41027464904372e-220,9.262658684079922e-222,9.117358323487385e-224,8.974337243121871e-226,8.833559688644353e-228,8.694990466582682e-230,8.55859493553342e-232,8.424338997501741e-234,8.292189089377131e-236
Zr108,111221.37871261984,19.200535003617652,0.0033146553963902562,5.722205342002474e-07,9.878442872733993e-11,1.705350083709505e-14,2.9440053918165044e-18,5.082339297859407e-22,8.773819779802905e-26,1.5146551423845956e-29,2.614802056492248e-33,4.51402408595264e-37,7.792717386759091e-41,1.3452840107538253e-44,2.3224107583639354e-48,4.009258779149741e-52,6.921323413741414e-56,1.194852226719186e-59,2.0627151172582606e-63,3.560937126634092e-67,6.147370091850364e-71,1.0612419625026303e-74,1.8320590531380148e-78,3.1627475097853925e-82,5.4599614534915064e-86,9.425722091750517e-90,1.6271953146134396e-93,2.809084085151714e-97,4.849419935385716e-101,8.371722951983585e-105,1.4452397630768223e-108,2.4949678635548365e-112,4.307150134673196e-116,7.435583661660087e-120,1.2836307688573622e-123,2.2159766142547463e-127,3.8255178000252416e-131,6.604124946161362e-135,1.1400931477621942e-138,1.9681826073412226e-142,3.397742354161135e-146,5.865641258183802e-150,1.012606130290372e-153,1.7480973178696095e-157,3.0178014346670357e-161,5.209735983221571e-165,8.993749125799668e-169,1.5526223132674656e-172,2.68034610921135e-176,4.627175072632635e-180,7.988053885732169e-184,1.3790056325890568e-187,2.38062557152873e-191,4.10975704368669e-195,7.094817076709084e-199,1.2248030435105263e-202,2.1144202580181058e-206,3.65019751641312e-210,6.3014634192529684e-214,1.08784363162909e-217,1.8779824433484656e-221,3.2420266617211516e-225,5.5968238215102865e-229,9.661992376211752e-233,1.6679834787578264e-236,2.8794981170331745e-240,4.9709781371290396e-244,8.58157311985845e-248,1.481466930249052e-251,2.5575080871160282e-255,4.4151155061991763e-259,7.621968052137006e-263,1.3158069569466078e-266,2.2715234911850185e-270,3.9214103130895275e-274,6.76966753955193e-278,1.1686713436512756e-281,2.01751814471243e-285,3.482912014875643e-289,6.012672617174495e-293,1.0379886671530165e-296,1.7919160774870243e-300,3.0934472893268435e-304,5.340326063296286e-308,9.219191340587e-312,1.59154119e-315,2.74755e-319,5e-323,0.0,0.0,0.0,0.0,0.0,0.0,0.0,0.0,0.0,0.0,0.0,0.0,0.0,0.0,0.0,0.0,0.0,0.0,0.0,0.0,0.0,0.0,0.0,0.0,0.0,0.0,0.0,0.0,0.0,0.0,0.0,0.0,0.0,0.0
Zr109,138698148.76218173,370821.3397376699,991.4225044244723,2.6506526916024855,0.007086746225897025,1.8947020946717603e-05,5.065647778433262e-08,1.3543441730131897e-10,3.6209547509086567e-13,9.680931604672904e-16,2.5882796991825456e-18,6.919986706616999e-21,1.8501175137632857e-23,4.9464470957156305e-26,1.322474853013261e-28,3.535749403581597e-31,9.45312783562037e-34,2.527374417034768e-36,6.757151236030693e-39,1.8065820607680498e-41,4.830051346025701e-44,1.2913554558006862e-46,3.452549038838573e-49,9.230684558647926e-52,2.4679023082007894e-54,6.598147476631899e-57,1.7640710484655785e-59,4.716394525972275e-62,1.260968334805438e-64,3.3713064770683386e-67,9.01347563503775e-70,2.409829648417702e-72,6.442885263725086e-75,1.7225603705549037e-77,4.605412185302043e-80,1.2312962587021562e-82,3.29197564885171e-85,8.801377894265233e-88,2.35312350699439e-90,6.291276554296659e-93,1.6820264879848152e-95,4.49704139035234e-98,1.2023224016389373e-100,3.2145115688373974e-103,8.594271064153847e-106,2.297751728137837e-108,6.143235377089228e-111,1.6424464156058177e-113,4.391220688364024e-116,1.1740303336960756e-118,3.138870310232641e-121,8.392037702673627e-124,2.2436829127188718e-126,5.99867778385078e-129,1.603797709136166e-131,4.2878900726340446e-134,1.1464040115693031e-136,3.0650089798940568e-139,8.194563131344464e-142,2.190886400466958e-144,5.857521801730929e-147,1.566058452434609e-149,4.186990948488047e-152,1.1194277694722793e-154,2.9928856940046485e-157,8.001735370206481e-160,2.1393322525839835e-162,5.719687386797398e-165,1.5292072450726058e-167,4.0884661000536266e-170,1.0930863102531328e-172,2.9224595543231615e-175,7.813445074320705e-178,2.088991234767168e-180,5.585096378646331e-183,1.4932231901990257e-185,3.992259657815565e-188,1.0673646967200744e-190,2.8536906249923333e-193,7.629585471763867e-196,2.0398348006314323e-198,5.453672456080532e-201,1.4580858826903352e-203,3.898317066934359e-206,1.0422483431710985e-208,2.7865399098928414e-211,7.450052303082348e-214,1.9918350755219224e-216,5.325341093830928e-219,1.4237753975797117e-221,3.8065850563104324e-224,1.0177230071230154e-226,2.720969330530167e-229,7.274743762170722e-232,1.944964840707346e-234,5.200029520296082e-237,1.3902722787583482e-239,3.717011608376166e-242,9.937747812351118e-245,2.656941704441804e-247,7.103560438541647e-250,1.8991975179453647e-252,5.077666676276409e-255,1.3575575279426839e-257,3.6295459295987976e-260,9.703900854228406e-263,2.594420724112553e-265,6.936405260954111e-268,1.854507154411112e-270,4.9581831746793436e-273,1.3256125939012466e-275,3.54413842167749e-278,9.475556591571086e-281,2.533370936385978e-283,6.773183442368153e-286,1.8108684079803662e-288,4.8415112611726406e-291,1.2944193619349753e-293,3.460740653418057e-296,9.252585539447525e-299,2.4737577223603538e-301,6.6138024261950125e-304
Zr110,3339666.1354632615,2831.1860071293145,2.4001244082001447,0.002034693997615179,1.7249021133182893e-06,1.4622775238031727e-09,1.2396387830416981e-12,1.0508978544813821e-15,8.908936342276597e-19,7.55250821117199e-22,6.402602744969688e-25,5.427775881031729e-28,4.6013710655180195e-31,3.900790332293871e-34,3.3068763635571508e-37,2.803388634687873e-40,2.3765593185477772e-43,2.014716805472505e-46,1.7079665441440285e-49,1.447920475965428e-52,1.2274676643450473e-55,1.0405798467682284e-58,8.821465924953335e-62,7.47835558287969e-65,6.339740208686879e-68,5.374484466298181e-71,4.556193523340495e-74,3.86249128680208e-77,3.2744085307605295e-80,2.775864184588056e-83,2.3532255975063127e-86,1.9949357549640882e-89,1.6911972531029112e-92,1.4337043896204676e-95,1.2154160450802933e-98,1.0303631441274147e-101,8.734854316539776e-105,7.404931005736629e-108,6.2774948742867144e-111,5.3217162815112364e-114,4.5114595468498486e-117,3.824568272001676e-120,3.2422594761856e-123,2.7486099772023384e-126,2.3301209734343206e-129,1.975348920316758e-132,1.6745926076299334e-135,1.4196278807691064e-138,1.203482751968741e-141,1.0202467519175354e-144,8.649093085010972e-148,7.33222733153392e-151,6.215860681909272e-154,5.269466189453595e-157,4.467164780994666e-160,3.787017595918648e-163,3.21042606997903e-166,2.721623359212512e-169,2.3072431969939693e-172,1.9559543946651172e-175,1.6581509911890674e-178,1.4056895790006535e-181,1.1916666232512774e-184,1.0102296852628536e-187,8.564173881129881e-191,7.260237482245775e-194,6.154831631191992e-197,5.21772910334658e-200,4.4233049134826404e-203,3.7498356028277754e-206,3.178905213017245e-209,2.694901703351379e-212,2.2845900409320461e-215,1.9367502898658976e-218,1.6418708031158787e-221,1.3918881273594857e-224,1.1799665085752556e-227,1.0003109689574071e-230,8.48008843763459e-234,7.188954449340424e-237,6.094401780685583e-240,5.166499986354941e-243,4.3798756743607476e-246,3.713018672896813e-249,3.147693836604754e-252,2.668442408147001e-255,2.262159299863149e-258,1.9177347363141687e-261,1.6257504584617265e-264,1.3782221822129627e-267,1.168381268882527e-270,9.904896373700994e-274,8.396828568433592e-277,7.118371293097898e-280,6.0345652472755935e-283,5.115773851096521e-286,4.336872835599601e-289,3.676563221834032e-292,3.1167889021753645e-295,2.6422428976694043e-298,2.2399487900549537e-301,1.8989058827612812e-304,1.6097883878394107e-307,1.3646904131206e-310,1.1569097763e-313,9.807647e-317,8.314e-320,7e-323,-0.0,0.0,0.0,0.0,0.0,0.0,0.0,0.0,0.0,0.0,0.0,0.0,0.0,0.0
