Ag120,5072357807.912577,475519825.07001585,28573341.41421685,1707270.9222519605,102000.884450528,6094.032682457286,364.08736672184307,21.75236291968586,1.2995927237104905,0.07764403590345482,0.004638835076088004,0.0002771467326853229,1.6558103527777283e-05,9.892622214236552e-07,5.9103371415351743e-08,3.531124950504941e-09,2.1096670320975658e-10,1.2604184356837658e-11,7.530357202539062e-13,4.499004298288391e-14,2.687925570010492e-15,1.605898414603626e-16,9.594423844170558e-18,5.732178826785217e-19,3.4246844454561723e-20,2.046074259955903e-21,1.2224249982530759e-22,7.303365794681556e-24,4.363388511127446e-25,2.6069020550639344e-26,1.5574909975047288e-27,9.305214220059308e-29,5.559390829219293e-30,3.3214524309802083e-31,1.9843983972635285e-32,1.1855768164350767e-33,7.083216704904794e-35,4.231860659986997e-36,2.528320873360361e-37,1.51054274993292e-38,9.02472238953703e-40,5.391811268620357e-41,3.221332191905002e-42,1.9245816616386732e-43,1.149839368204193e-44,6.869703681715938e-46,4.1042975201211593e-47,2.4521084043999183e-48,1.4650096873949864e-49,8.752685567693675e-51,5.2292831444095594e-52,3.1242299283934417e-53,1.8665680124634727e-54,1.11517917214993e-55,6.66262669076646e-57,3.980579581210613e-58,2.378193246863134e-59,1.420849151244784e-60,8.488848890879073e-62,5.071654188556734e-63,3.030054668064825e-64,1.8103030983810416e-65,1.081563756109065e-66,6.461791727445457e-68,3.860590935396692e-69,2.306506151717022e-70,1.3780197687175606e-71,8.232965177928449e-73,4.9187767229248676e-74,2.9387181807654843e-75,1.7557342063752622e-76,1.0489616267434005e-77,6.267010635122211e-79,3.744219168690575e-80,2.2369799573375967e-81,1.3364814141689618e-82,7.984794698585234e-84,4.7705075209145076e-85,2.8501348959083654e-86,1.702810212385402e-87,1.0173422400345371e-88,6.078100928867562e-90,3.6313552556558143e-91,2.1695495265880655e-92,1.2961951714824541e-93,7.744104948904607e-95
Ag120_m1,174332924.52462944,3449.734988426646,0.0682640500801883,1.3508227585550796e-06,2.673035254847745e-11,5.289455947056887e-16,1.0466881858409725e-20,2.071207642798586e-25,4.098547358820628e-30,8.110287981459077e-35,1.604880104670233e-39,3.175769043287373e-44,6.284275683244723e-49,1.2435451169377539e-53,2.460752099057002e-58,4.869385766979404e-63,9.635638533742584e-68,1.9067195411494214e-72,3.773054993573908e-77,7.466197139801265e-82,1.4774261129328188e-86,2.923560519905959e-91,5.785200382431218e-96,1.1447870922117543e-100,2.2653277325960054e-105,4.482676098447243e-110,8.870409660575946e-115,1.7552945119923908e-119,3.47341209901974e-124,6.8732577508731e-129,1.360094073584576e-133,2.6913815195783997e-138,5.325759904855365e-143,1.053872086058173e-147,2.08542328909731e-152,4.1266775657528725e-157,8.165952600951041e-162,1.6158951315793787e-166,3.1975658001711076e-171,6.327407544343873e-176,1.2520801363986752e-180,2.4776413673013824e-185,4.902806590814281e-190,9.70177233241521e-195,1.9198062303001166e-199,3.7989511973856215e-204,7.517441068967433e-209,1.4875663647453222e-213,2.94362625422691e-218,5.824906861252816e-223,1.152644290135303e-227,2.28087571394363e-232,4.5134427567824715e-237,8.931291343152793e-242,1.7673419018421475e-246,3.497251716462769e-251,6.920432065551851e-256,1.3694290218937437e-260,2.709853703123248e-265,5.362313033337011e-270,1.0611052926715208e-274,2.099736503884836e-279,4.155000843173955e-284,8.22199927221113e-289,1.6269857596611349e-293,3.2195121581763974e-298,6.37083543915252e-303,1.2606737356056874e-307,2.494646554326e-312,4.936457e-317,9.8e-322,0.0,0.0,0.0,0.0,0.0,0.0,0.0,0.0,0.0,0.0,0.0,0.0,0.0,0.0,0.0
Ag121,2549925231.9054465,30292125.541121315,356165.8478641544,4187.673511003155,49.23720088342457,0.5789137917420326,0.0068066659407107185,8.003039811681772e-05,9.409694376844317e-07,1.1063589629577154e-08,1.3008181837754532e-10,1.5294565361654154e-12,1.7982815163528724e-14,2.1143565283417995e-16,2.4859864755815874e-18,2.922935973159348e-20,3.4366859140656684e-22,4.0407351308387674e-24,4.7509550787778506e-26,5.586006860063522e-28,6.567831546136956e-30,7.7222266816087e-32,9.079524117396691e-34,1.0675386983228853e-35,1.2551746740044811e-37,1.4757904933444798e-39,1.7351828596871208e-41,2.0401673341374324e-43,2.3987574151302763e-45,2.8203750939259344e-47,3.316098418399556e-49,3.8989525698885006e-51,4.5842521011716475e-53,5.390003327918826e-55,6.337377446487036e-57,7.4512668092822685e-59,8.760938973879243e-61,1.030080571110693e-62,1.2111327177866449e-64,1.4240075011915135e-66,1.674298228154148e-68,1.9685813132687363e-70,2.314589074864667e-72,2.721412902465939e-74,3.1997421339859676e-76,3.762144919180717e-78,4.423398449076199e-80,5.2008772281825635e-82,6.115009591387136e-84,7.189814460554701e-86,8.453532444169941e-88,9.939367862229974e-90,1.1686361193167512e-91,1.3740414866437072e-93,1.6155499353570147e-95,1.8995071247865716e-97,2.233374059290589e-99,2.6259231269124977e-101,3.0874685947790574e-103,3.630137617529962e-105,4.268188879553327e-107,5.018387243384535e-109,5.900444248193672e-111,6.937536032504625e-113,8.156912289618557e-115,9.590612256108071e-117,1.1276306546053552e-118,1.3258286950302634e-120,1.5588630207830307e-122,1.8328566327411755e-124,2.155008741240063e-126,2.5337839260649284e-128,2.9791345441553478e-130,3.5027622288074546e-132,4.1184253512923466e-134,4.842300523476342e-136,5.69340763996157e-138,6.694109627772898e-140,7.870700034565655e-142,9.254093894294583e-144,1.0880640022910793e-145,1.279307608723939e-147,1.50416515415711e-149,1.7685447937242034e-151,2.079393129647179e-153,2.4448777339242094e-155
Ag122,223157912.2136095,320887.5533019163,458.2250400940175,0.6543419392928234,0.0009343954084847984,1.3343096735340925e-06,1.905384261009692e-09,2.720874512201974e-12,3.8853885080520635e-15,5.548305807858011e-18,7.922939308055009e-21,1.131389823362268e-23,1.6156162285710368e-26,2.3070879232986654e-29,3.294504345588477e-32,4.704527631345193e-35,6.718030365850678e-38,9.593297251734275e-41,1.3699156917770027e-43,1.956229389470443e-46,2.793480976383212e-49,3.9890699973214004e-52,5.696362201160313e-55,8.134362733317962e-58,1.1615809307862147e-60,1.6587289047728626e-63,2.3686525033315673e-66,3.3824181066569027e-69,4.830067826390228e-72,6.897300827953626e-75,9.849294134414568e-78,1.4064718556721971e-80,2.0084313188353918e-83,2.8680249421350796e-86,4.095518224381508e-89,5.848369475390374e-92,8.351427987075594e-95,1.1925776871108858e-97,1.7029920415954803e-100,2.4318599325495215e-103,3.472677844107345e-106,4.958958058209822e-109,7.081355117582273e-112,1.0112122287118346e-114,1.4440035198312111e-117,2.0620262553006846e-120,2.9445581116356124e-123,4.204807019556967e-126,6.004433059700975e-129,8.574285621371676e-132,1.2244015910558302e-134,1.7484363390500406e-137,2.496754050339447e-140,3.5653461602573267e-143,5.091287722446445e-146,7.27032089104724e-149,1.0381964002104964e-151,1.4825367154527031e-154,2.1170513712238393e-157,3.023133566734069e-160,4.317012183332574e-163,6.164661196618991e-166,8.803090205727181e-169,1.2570747150333522e-171,1.795093316376675e-174,2.563379865941155e-177,3.660487327965561e-180,5.227148600262923e-183,7.464329211164443e-186,1.0659006436097932e-188,1.5220981683771833e-191,2.173544830905749e-194,3.1038058057674486e-197,4.432211538927058e-200,6.329165017120276e-203,9.038000434346691e-206,1.2906197204574895e-208,1.8429953339055936e-211,2.631783589664799e-214,3.758167335210261e-217,5.3666349219999135e-220,7.66351463815745e-223,1.0943441740092802e-225,1.562715317623497e-228,2.2315458170606546e-231,3.1866307813594226e-234
Ag122_m1,83181616.87056942,2.479005362706477,7.38801170202044e-08,2.2017990654767987e-15,6.561872558226626e-23,1.9555904144724195e-30,5.828113599039406e-38,1.7369132039068436e-45,5.176404726227682e-53,1.5426888246022797e-60,4.597570969469214e-68,1.3701829223243117e-75,4.083463318122382e-83,1.2169669026501194e-90,3.6268439967934084e-98,1.080883740423151e-105,3.221284569570889e-113,9.600176124486055e-121,2.8610754384059057e-128,8.526669259089e-136,2.541145461526227e-143,7.573203627843392e-151,2.256990560246535e-158,6.726356030245269e-166,2.0046103090778906e-173,5.974204269283709e-181,1.780451616431396e-188,5.3061593068582e-196,1.581358703034589e-203,4.71281618784248e-211,1.4045286738403155e-218,4.185821634055149e-226,1.2474720579550188e-233,3.717756444081742e-241,1.1079777610545648e-248,3.3020310433345155e-256,9.84081936876337e-264,2.9327927138696414e-271,8.740403395502733e-279,2.6048431979128086e-286,7.763037675359328e-294,2.313565515088848e-301,6.89496253457326e-309,2.05485894e-316,5e-324,0.0,0.0,0.0,0.0,0.0,0.0,0.0,0.0,0.0,0.0,0.0,0.0,0.0,0.0,0.0,0.0,0.0,0.0,0.0,0.0,0.0,0.0,0.0,0.0,0.0,0.0,0.0,0.0,0.0,0.0,0.0,0.0,0.0,0.0,0.0,0.0,0.0,0.0,0.0,0.0,0.0
Ag123,102879915.03471443,994.6768123311032,0.009565165683977252,9.19471759327931e-08,8.838380243932101e-13,8.495836571285034e-18,8.166567566498019e-23,7.850059806635298e-28,7.545818781899153e-33,7.253369081146678e-38,6.972253713985926e-43,6.702033401076315e-48,6.44228588799637e-53,6.1926052854364914e-58,5.952601434945446e-63,5.721899299257052e-68,5.50013837624565e-73,5.286972135594568e-78,5.082067477297407e-83,4.885104211145897e-88,4.695774556391003e-93,4.513782660795443e-98,4.338844138326022e-103,4.170685624763451e-108,4.009044350535149e-113,3.8536677301035797e-118,3.704312967268448e-123,3.560746675766043e-128,3.422744514572786e-133,3.2900908373431925e-138,3.1625783554343778e-143,3.040007813990546e-148,2.9221876805813544e-153,2.8089338459075387e-158,2.7000693361061675e-163,2.5954240362059344e-168,2.494834424300368e-173,2.398143316023555e-178,2.30519961892912e-183,2.2158580963885827e-188,2.1299791406402308e-193,2.047428554633809e-198,1.9680773423301513e-203,1.8918015071280824e-208,1.8184818581035788e-213,1.748003823758427e-218,1.6802572729873473e-223,1.6151363429837937e-228,1.5525392738155442e-233,1.4923682494115505e-238,1.4345292447115923e-243,1.378931878739879e-248,1.3254892733730026e-253,1.274117917581564e-258,1.2247375369333168e-263,1.1772709681539069e-268,1.1316440385492157e-273,1.0877854501008641e-278,1.0456266680537797e-283,1.0051018138217147e-288,9.661475620433788e-294,9.28703041628318e-299,8.927097406379054e-304,8.581114148528226e-309,8.248539999e-314,7.92886e-319,1e-323,0.0,0.0,0.0,0.0,0.0,0.0,0.0,0.0,0.0,0.0,0.0,0.0,0.0,0.0,0.0,0.0,0.0,0.0,0.0
Ag124,118286010.68790717,0.20995306320151375,3.726063470104897e-10,6.612782297079979e-19,2.6924465750347594e-27,2.5490828004424843e-31,4.277955177506439e-35,7.179464717173449e-39,1.2048913906488518e-42,2.0221051574876815e-46,3.3935915715493115e-50,5.695284299061335e-54,9.558092823859206e-58,1.604083898754025e-61,2.6920487189859644e-65,4.5179222302668795e-69,7.582188663520269e-73,1.2724784093023058e-76,2.135532857327719e-80,3.5839512493000155e-84,6.014754824906912e-88,1.0094243221306872e-91,1.6940631692743452e-95,2.84305614454997e-99,4.771349963605961e-103,8.007502953764648e-107,1.3438566452604233e-110,2.2553231555931564e-114,3.7849889376920667e-118,6.352145688267671e-122,1.0660468368391388e-125,1.7890897251203665e-129,3.0025341607146108e-133,5.038993438773262e-137,8.456674767675823e-141,1.4192387625663473e-144,2.381832955040359e-148,3.997303607645148e-152,6.70846211019116e-156,1.1258455274149776e-159,1.8894466880490325e-163,3.1709579156711213e-167,5.321650071714756e-171,8.931042366037792e-175,1.4988493544119918e-178,2.5154391784818204e-182,4.221527828674682e-186,7.084765698461731e-190,1.1889985578481423e-193,1.995433061211768e-197,3.348829210510707e-201,5.6201620085213175e-205,9.432019077858372e-209,1.5829256122901467e-212,2.6565398917885446e-216,4.458329653567018e-220,7.482177610550694e-224,1.2556940860359055e-227,2.107364620003315e-231,3.536677994288756e-235,5.935418634515488e-239,9.961097511236236e-243,1.6717180326818937e-246,2.8055554898859614e-250,4.708414608773339e-254,7.901881893988596e-258,1.3261308243798012e-261,2.2255748528817342e-265,3.7350639429530116e-269,6.268359224082693e-273,1.0519854000431744e-276,1.7654911633848605e-280,2.962929949276962e-284,4.9725277964524474e-288,8.34512901411187e-292,1.4005186318285824e-295,2.3504159549626236e-299,3.944578126839968e-303,6.6199757391417676e-307,1.11099533023913e-310,1.8645243916e-314,3.12913e-318,5.24e-322,0.0,0.0,0.0
Ag125,343.1364722543026,2.939668392133677e-07,2.523961572068819e-16,9.305797357837652e-23,1.5581216059938512e-26,2.6149126158170523e-30,4.388468809604055e-34,7.364933870591799e-38,1.2360176925373706e-41,2.0743427749781658e-45,3.481259187537084e-49,5.842412197732813e-53,9.80500975348696e-57,1.6455226542091887e-60,2.7615931789896437e-64,4.63463499984888e-68,7.778061499153483e-72,1.3053507058611158e-75,2.190700684839739e-79,3.676536480969212e-83,6.1701356965095025e-87,1.0355010676598701e-90,1.7378263848091978e-94,2.916501622315079e-98,4.894609603881916e-102,8.214363054389868e-106,1.3785728760841345e-109,2.3135855599409503e-113,3.882767633127731e-117,6.516242473975799e-121,1.093586327890599e-124,1.8353077886918523e-128,3.080099479416627e-132,5.169167189043864e-136,8.67513845148549e-140,1.4559023610602653e-143,2.443363523008552e-147,4.1005670883183954e-151,6.881763719340389e-155,1.1549298150429986e-158,1.9382573015789415e-162,3.25287417312385e-166,5.459125771153568e-170,9.161760522895685e-174,1.5375695559612075e-177,2.5804212340092236e-181,4.33058375740478e-185,7.267788465203377e-189,1.2197142956680172e-192,2.0469816508553214e-196,3.4353404676982234e-200,5.765349251701314e-204,9.675679108558392e-208,1.623817779715029e-211,2.725167042162798e-215,4.5735029511708225e-219,7.675466832215811e-223,1.2881327883993889e-226,2.161804769431293e-230,3.628042002519763e-234,6.088749991753571e-238,1.0218425375541708e-241,1.7149039999496295e-245,2.8780322025763514e-249,4.830048422133122e-253,8.106013455744762e-257,1.3603891390326161e-260,2.2830687608670734e-264,3.831552911804115e-268,6.430291530238031e-272,1.0791616379997136e-275,1.811099598601114e-279,3.039472161124011e-283,5.100984520886405e-287,8.560711104753257e-291,1.4366986278623468e-294,2.411134918634826e-298,4.0464795351758256e-302,6.790991454707824e-306,1.13969598850105e-309,1.9126911805e-313,3.2099677e-317,5.385e-321,0.0,0.0,0.0
Ag126,63.28902280953117,5.426329515325543e-13,4.652473794311585e-27,3.988978617244446e-41,3.4201053272537254e-55,2.9323597772478415e-69,2.5141722375332848e-83,2.1556229522135024e-97,1.8482068343371153e-111,1.5846317181689117e-125,1.3586453829598466e-139,1.1648872450761757e-153,9.987612005017687e-168,8.563266014321427e-182,7.342047808344209e-196,6.294989076581155e-210,5.397252715957563e-224,4.6275436741078795e-238,3.9676038130403915e-252,3.401778810934166e-266,2.916646828618943e-280,2.5007001323983374e-294,2.1440721210453007e-308,1.83e-322,0.0,0.0,0.0,0.0,0.0,0.0,0.0,0.0,0.0,0.0,0.0,0.0,0.0,0.0,0.0,0.0,0.0,0.0,0.0,0.0,0.0,0.0,0.0,0.0,0.0,0.0,0.0,0.0,0.0,0.0,0.0,0.0,0.0,0.0,0.0,0.0,0.0,0.0,0.0,0.0,0.0,0.0,0.0,0.0,0.0,0.0,0.0,0.0,0.0,0.0,0.0,0.0,0.0,0.0,0.0,0.0,0.0,0.0,0.0,0.0,0.0,0.0
Ag127,21.445463383077634,3.331348267271641e-13,5.1749319096601944e-27,8.038763323761386e-41,1.2487452376874772e-54,1.9398066665775597e-68,3.013304707905897e-82,4.68088156368072e-96,7.271303215940914e-110,1.1295276271971718e-123,1.7546134753460085e-137,2.7256247423582414e-151,4.233998165715912e-165,6.577112464783133e-179,1.0216917126862122e-192,1.5871006636437437e-206,2.4654095606939965e-220,3.829778690915946e-234,5.949196050519543e-248,9.241508845267681e-262,1.4355802870154559e-275,2.2300371021369594e-289,3.464150017862335e-303,5.3812267e-317,0.0,0.0,0.0,0.0,0.0,0.0,0.0,0.0,0.0,0.0,0.0,0.0,0.0,0.0,0.0,0.0,0.0,0.0,0.0,0.0,0.0,0.0,0.0,0.0,0.0,0.0,0.0,0.0,0.0,0.0,0.0,0.0,0.0,0.0,0.0,0.0,0.0,0.0,0.0,0.0,0.0,0.0,0.0,0.0,0.0,0.0,0.0,0.0,0.0,0.0,0.0,0.0,0.0,0.0,0.0,0.0,0.0,0.0,0.0,0.0,0.0,0.0
Ag128,0.9056842000108323,1.0141801269501779e-26,1.1356732621463198e-52,1.271720598817675e-78,1.4240656493054024e-104,1.5946607890263215e-130,1.7856922771070188e-156,1.999608274350699e-182,2.239150217600537e-208,2.507387952577151e-234,2.807759075434503e-260,3.1441129872152203e-286,3.520760225787e-312,0.0,0.0,0.0,0.0,0.0,0.0,0.0,0.0,0.0,0.0,0.0,0.0,0.0,0.0,0.0,0.0,0.0,0.0,0.0,0.0,0.0,0.0,0.0,0.0,0.0,0.0,0.0,0.0,0.0,0.0,0.0,0.0,0.0,0.0,0.0,0.0,0.0,0.0,0.0,0.0,0.0,0.0,0.0,0.0,0.0,0.0,0.0,0.0,0.0,0.0,0.0,0.0,0.0,0.0,0.0,0.0,0.0,0.0,0.0,0.0,0.0,0.0,0.0,0.0,0.0,0.0,0.0,0.0,0.0,0.0,0.0,0.0,0.0
Ag129,0.00016721938993831368,3.1815220100424098e-37,6.053174996104379e-70,1.151679209441483e-102,2.1911889253381336e-135,4.168963776686486e-168,7.931885183584533e-201,1.509123272248062e-233,2.871263259778429e-266,5.462875603709015e-299,0.0,0.0,0.0,0.0,0.0,0.0,0.0,0.0,0.0,0.0,0.0,0.0,0.0,0.0,0.0,0.0,0.0,0.0,0.0,0.0,0.0,0.0,0.0,0.0,0.0,0.0,0.0,0.0,0.0,0.0,0.0,0.0,0.0,0.0,0.0,0.0,0.0,0.0,0.0,0.0,0.0,0.0,0.0,0.0,0.0,0.0,0.0,0.0,0.0,0.0,0.0,0.0,0.0,0.0,0.0,0.0,0.0,0.0,0.0,0.0,0.0,0.0,0.0,0.0,0.0,0.0,0.0,0.0,0.0,0.0,0.0,0.0,0.0,0.0,0.0,0.0
Ag130,414667.5937824519,3.2711505339705293e-25,2.5804827713422643e-55,2.0356419749083356e-85,1.6058383710321224e-115,1.266783111011074e-145,9.993156716709137e-176,7.883210653558842e-206,6.218756692214532e-236,4.905734033569697e-266,3.869941790495413e-296,0.0,0.0,0.0,0.0,0.0,0.0,0.0,0.0,0.0,0.0,0.0,0.0,0.0,0.0,0.0,0.0,0.0,0.0,0.0,0.0,0.0,0.0,0.0,0.0,0.0,0.0,0.0,0.0,0.0,0.0,0.0,0.0,0.0,0.0,0.0,0.0,0.0,0.0,0.0,0.0,0.0,0.0,0.0,0.0,0.0,0.0,0.0,0.0,0.0,0.0,0.0,0.0,0.0,0.0,0.0,0.0,0.0,0.0,0.0,0.0,0.0,0.0,0.0,0.0,0.0,0.0,0.0,0.0,0.0,0.0,0.0,0.0,0.0,0.0,0.0
Al31,0.0,0.0,0.0,0.0,0.0,0.0,0.0,0.0,0.0,0.0,0.0,0.0,0.0,0.0,0.0,0.0,0.0,0.0,0.0,0.0,0.0,0.0,0.0,0.0,0.0,0.0,0.0,0.0,0.0,0.0,0.0,0.0,0.0,0.0,0.0,0.0,0.0,0.0,0.0,0.0,0.0,0.0,0.0,0.0,0.0,0.0,0.0,0.0,0.0,0.0,0.0,0.0,0.0,0.0,0.0,0.0,0.0,0.0,0.0,0.0,0.0,0.0,0.0,0.0,0.0,0.0,0.0,0.0,0.0,0.0,0.0,0.0,0.0,0.0,0.0,0.0,0.0,0.0,0.0,0.0,0.0,0.0,0.0,0.0,0.0,0.0
Al32,0.0,0.0,0.0,0.0,0.0,0.0,0.0,0.0,0.0,0.0,0.0,0.0,0.0,0.0,0.0,0.0,0.0,0.0,0.0,0.0,0.0,0.0,0.0,0.0,0.0,0.0,0.0,0.0,0.0,0.0,0.0,0.0,0.0,0.0,0.0,0.0,0.0,0.0,0.0,0.0,0.0,0.0,0.0,0.0,0.0,0.0,0.0,0.0,0.0,0.0,0.0,0.0,0.0,0.0,0.0,0.0,0.0,0.0,0.0,0.0,0.0,0.0,0.0,0.0,0.0,0.0,0.0,0.0,0.0,0.0,0.0,0.0,0.0,0.0,0.0,0.0,0.0,0.0,0.0,0.0,0.0,0.0,0.0,0.0,0.0,0.0
Al33,0.0,0.0,0.0,0.0,0.0,0.0,0.0,0.0,0.0,0.0,0.0,0.0,0.0,0.0,0.0,0.0,0.0,0.0,0.0,0.0,0.0,0.0,0.0,0.0,0.0,0.0,0.0,0.0,0.0,0.0,0.0,0.0,0.0,0.0,0.0,0.0,0.0,0.0,0.0,0.0,0.0,0.0,0.0,0.0,0.0,0.0,0.0,0.0,0.0,0.0,0.0,0.0,0.0,0.0,0.0,0.0,0.0,0.0,0.0,0.0,0.0,0.0,0.0,0.0,0.0,0.0,0.0,0.0,0.0,0.0,0.0,0.0,0.0,0.0,0.0,0.0,0.0,0.0,0.0,0.0,0.0,0.0,0.0,0.0,0.0,0.0
Al34,0.0,0.0,0.0,0.0,0.0,0.0,0.0,0.0,0.0,0.0,0.0,0.0,0.0,0.0,0.0,0.0,0.0,0.0,0.0,0.0,0.0,0.0,0.0,0.0,0.0,0.0,0.0,0.0,0.0,0.0,0.0,0.0,0.0,0.0,0.0,0.0,0.0,0.0,0.0,0.0,0.0,0.0,0.0,0.0,0.0,0.0,0.0,0.0,0.0,0.0,0.0,0.0,0.0,0.0,0.0,0.0,0.0,0.0,0.0,0.0,0.0,0.0,0.0,0.0,0.0,0.0,0.0,0.0,0.0,0.0,0.0,0.0,0.0,0.0,0.0,0.0,0.0,0.0,0.0,0.0,0.0,0.0,0.0,0.0,0.0,0.0
Al35,0.0,0.0,0.0,0.0,0.0,0.0,0.0,0.0,0.0,0.0,0.0,0.0,0.0,0.0,0.0,0.0,0.0,0.0,0.0,0.0,0.0,0.0,0.0,0.0,0.0,0.0,0.0,0.0,0.0,0.0,0.0,0.0,0.0,0.0,0.0,0.0,0.0,0.0,0.0,0.0,0.0,0.0,0.0,0.0,0.0,0.0,0.0,0.0,0.0,0.0,0.0,0.0,0.0,0.0,0.0,0.0,0.0,0.0,0.0,0.0,0.0,0.0,0.0,0.0,0.0,0.0,0.0,0.0,0.0,0.0,0.0,0.0,0.0,0.0,0.0,0.0,0.0,0.0,0.0,0.0,0.0,0.0,0.0,0.0,0.0,0.0
Al36,0.0,0.0,0.0,0.0,0.0,0.0,0.0,0.0,0.0,0.0,0.0,0.0,0.0,0.0,0.0,0.0,0.0,0.0,0.0,0.0,0.0,0.0,0.0,0.0,0.0,0.0,0.0,0.0,0.0,0.0,0.0,0.0,0.0,0.0,0.0,0.0,0.0,0.0,0.0,0.0,0.0,0.0,0.0,0.0,0.0,0.0,0.0,0.0,0.0,0.0,0.0,0.0,0.0,0.0,0.0,0.0,0.0,0.0,0.0,0.0,0.0,0.0,0.0,0.0,0.0,0.0,0.0,0.0,0.0,0.0,0.0,0.0,0.0,0.0,0.0,0.0,0.0,0.0,0.0,0.0,0.0,0.0,0.0,0.0,0.0,0.0
Al37,0.0,0.0,0.0,0.0,0.0,0.0,0.0,0.0,0.0,0.0,0.0,0.0,0.0,0.0,0.0,0.0,0.0,0.0,0.0,0.0,0.0,0.0,0.0,0.0,0.0,0.0,0.0,0.0,0.0,0.0,0.0,0.0,0.0,0.0,0.0,0.0,0.0,0.0,0.0,0.0,0.0,0.0,0.0,0.0,0.0,0.0,0.0,0.0,0.0,0.0,0.0,0.0,0.0,0.0,0.0,0.0,0.0,0.0,0.0,0.0,0.0,0.0,0.0,0.0,0.0,0.0,0.0,0.0,0.0,0.0,0.0,0.0,0.0,0.0,0.0,0.0,0.0,0.0,0.0,0.0,0.0,0.0,0.0,0.0,0.0,0.0
Al38,0.0,0.0,0.0,0.0,0.0,0.0,0.0,0.0,0.0,0.0,0.0,0.0,0.0,0.0,0.0,0.0,0.0,0.0,0.0,0.0,0.0,0.0,0.0,0.0,0.0,0.0,0.0,0.0,0.0,0.0,0.0,0.0,0.0,0.0,0.0,0.0,0.0,0.0,0.0,0.0,0.0,0.0,0.0,0.0,0.0,0.0,0.0,0.0,0.0,0.0,0.0,0.0,0.0,0.0,0.0,0.0,0.0,0.0,0.0,0.0,0.0,0.0,0.0,0.0,0.0,0.0,0.0,0.0,0.0,0.0,0.0,0.0,0.0,0.0,0.0,0.0,0.0,0.0,0.0,0.0,0.0,0.0,0.0,0.0,0.0,0.0
Al39,0.0,0.0,0.0,0.0,0.0,0.0,0.0,0.0,0.0,0.0,0.0,0.0,0.0,0.0,0.0,0.0,0.0,0.0,0.0,0.0,0.0,0.0,0.0,0.0,0.0,0.0,0.0,0.0,0.0,0.0,0.0,0.0,0.0,0.0,0.0,0.0,0.0,0.0,0.0,0.0,0.0,0.0,0.0,0.0,0.0,0.0,0.0,0.0,0.0,0.0,0.0,0.0,0.0,0.0,0.0,0.0,0.0,0.0,0.0,0.0,0.0,0.0,0.0,0.0,0.0,0.0,0.0,0.0,0.0,0.0,0.0,0.0,0.0,0.0,0.0,0.0,0.0,0.0,0.0,0.0,0.0,0.0,0.0,0.0,0.0,0.0
Ar47,0.0,0.0,0.0,0.0,0.0,0.0,0.0,0.0,0.0,0.0,0.0,0.0,0.0,0.0,0.0,0.0,0.0,0.0,0.0,0.0,0.0,0.0,0.0,0.0,0.0,0.0,0.0,0.0,0.0,0.0,0.0,0.0,0.0,0.0,0.0,0.0,0.0,0.0,0.0,0.0,0.0,0.0,0.0,0.0,0.0,0.0,0.0,0.0,0.0,0.0,0.0,0.0,0.0,0.0,0.0,0.0,0.0,0.0,0.0,0.0,0.0,0.0,0.0,0.0,0.0,0.0,0.0,0.0,0.0,0.0,0.0,0.0,0.0,0.0,0.0,0.0,0.0,0.0,0.0,0.0,0.0,0.0,0.0,0.0,0.0,0.0
Ar48,0.0,0.0,0.0,0.0,0.0,0.0,0.0,0.0,0.0,0.0,0.0,0.0,0.0,0.0,0.0,0.0,0.0,0.0,0.0,0.0,0.0,0.0,0.0,0.0,0.0,0.0,0.0,0.0,0.0,0.0,0.0,0.0,0.0,0.0,0.0,0.0,0.0,0.0,0.0,0.0,0.0,0.0,0.0,0.0,0.0,0.0,0.0,0.0,0.0,0.0,0.0,0.0,0.0,0.0,0.0,0.0,0.0,0.0,0.0,0.0,0.0,0.0,0.0,0.0,0.0,0.0,0.0,0.0,0.0,0.0,0.0,0.0,0.0,0.0,0.0,0.0,0.0,0.0,0.0,0.0,0.0,0.0,0.0,0.0,0.0,0.0
Ar49,0.0,0.0,0.0,0.0,0.0,0.0,0.0,0.0,0.0,0.0,0.0,0.0,0.0,0.0,0.0,0.0,0.0,0.0,0.0,0.0,0.0,0.0,0.0,0.0,0.0,0.0,0.0,0.0,0.0,0.0,0.0,0.0,0.0,0.0,0.0,0.0,0.0,0.0,0.0,0.0,0.0,0.0,0.0,0.0,0.0,0.0,0.0,0.0,0.0,0.0,0.0,0.0,0.0,0.0,0.0,0.0,0.0,0.0,0.0,0.0,0.0,0.0,0.0,0.0,0.0,0.0,0.0,0.0,0.0,0.0,0.0,0.0,0.0,0.0,0.0,0.0,0.0,0.0,0.0,0.0,0.0,0.0,0.0,0.0,0.0,0.0
Ar50,0.0,0.0,0.0,0.0,0.0,0.0,0.0,0.0,0.0,0.0,0.0,0.0,0.0,0.0,0.0,0.0,0.0,0.0,0.0,0.0,0.0,0.0,0.0,0.0,0.0,0.0,0.0,0.0,0.0,0.0,0.0,0.0,0.0,0.0,0.0,0.0,0.0,0.0,0.0,0.0,0.0,0.0,0.0,0.0,0.0,0.0,0.0,0.0,0.0,0.0,0.0,0.0,0.0,0.0,0.0,0.0,0.0,0.0,0.0,0.0,0.0,0.0,0.0,0.0,0.0,0.0,0.0,0.0,0.0,0.0,0.0,0.0,0.0,0.0,0.0,0.0,0.0,0.0,0.0,0.0,0.0,0.0,0.0,0.0,0.0,0.0
As84,1165532409277.3262,527258195274.74457,231461419195.61838,101428326762.5436,44441961328.199036,19472618509.41397,8532087959.937568,3738404426.7647266,1638012606.4982393,717708677.960856,314469952.41315275,137787592.66457283,60372765.49511064,26452823.09562239,11590521.719349807,5078482.29435108,2225178.731254234,974980.3384238994,427195.643640445,187179.2801897806,82014.13908109273,35935.16869171109,15745.28932901319,6898.927849238712,3022.8219040281306,1324.4742463106872,580.3292700779435,254.27603643279767,111.41313395288417,48.816579774256084,21.38938540104334,9.371934903060051,4.106390257613988,1.7992486207219893,0.7883555619603986,0.3454244649216422,0.1513505665764512,0.06631549391908045,0.02905667836737287,0.012731422294391352,0.00557837725251251,0.0024442118132439712,0.0010709514824065733,0.0004692461886707828,0.00020560407189245831,9.008711290443194e-05,3.947240848275026e-05,1.729515999787851e-05,7.578016413235486e-06,3.320370136287289e-06,1.454847448297006e-06,6.374533593965487e-07,2.793054253774861e-07,1.2237996630710188e-07,5.362178745037229e-08,2.3494826613676297e-08,1.0294451264191849e-08,4.510598378671706e-09,1.9763557290756693e-09,8.659564962200122e-10,3.7942595167133983e-10,1.6624859727956262e-10,7.284318844210972e-11,3.1916841340260697e-11,1.3984626193963888e-11,6.127478834761897e-12,2.684805181754575e-12,1.1763694430217184e-12,5.154359340035451e-13,2.258424882064894e-13,9.895474124810916e-14,4.335783267906304e-14,1.899759052385527e-14,8.323950331732179e-15,3.647207209679521e-15,1.5980537966004624e-15,7.00200397183781e-16,3.067985553798613e-16,1.344263070425892e-16,5.889999059068139e-17,2.580751467406773e-17,1.1307774533967306e-17,4.9545942926276204e-18,2.1708961856993787e-18,9.511959952193637e-19,4.167743383039173e-19
As85,393012001070.25476,71811130073.0879,12925710824.756899,2326481085.5113835,418740016.96665424,75368419.01858413,13565454.351285579,2441626.800097766,439464.9288241995,79098.66637224238,14236.856257465206,2562.471472551327,461.2155892348981,83.01353674837195,14.941488198404281,2.689297171613792,0.4840427661029331,0.08712216778779486,0.01568099484505175,0.002822399919265867,0.0005079997400028282,9.143414938520322e-05,1.6457102268889173e-05,2.9620903886541397e-06,5.331424285515767e-07,9.595954607280602e-08,1.7271621970728536e-08,3.1086946292286658e-09,5.595295169251274e-10,1.007089205118055e-10,1.8126455108909548e-11,3.2625548277701645e-12,5.872225948345809e-13,1.0569335814654714e-13,1.902359693676492e-14,3.424030107083077e-15,6.162863002818164e-16,1.109244930788903e-16,1.9965141459711643e-17,3.5934973642187764e-18,6.467884704300922e-19,1.1641453522319306e-19,2.095328632283783e-20,3.771352150185399e-21,6.78800299941767e-22,1.221762988052922e-22,2.1990337940393673e-23,3.958009593197552e-24,7.123965071526953e-25,1.2822323227199667e-25,2.3078716879158402e-26,4.15390536762092e-27,7.4765550847119386e-28,1.345694496809087e-28,2.4220963508249633e-29,4.359496710873365e-30,7.846596014086111e-31,1.4122976364383498e-31,2.541974392856078e-32,4.57526349065592e-33,8.234951566687233e-34,1.4821971990068382e-34,2.6677856195667835e-35,4.801709325004929e-36,8.642528197443166e-37,1.5555563360454668e-37,2.799823685072924e-38,5.039362757779418e-39,9.070277224914872e-40,1.6325462740265486e-40,2.9383967774623155e-41,5.288778492327442e-42,9.519197051754889e-43,1.7133467140209498e-43,3.0838283381319535e-44,5.550538686210946e-45,9.990335495064147e-46,1.7981462511356965e-46,3.2364578167278003e-47,5.825254310011081e-48,1.0484792232086316e-48,1.88714281471101e-49,3.3966414634491494e-50,6.113566573385568e-51,1.1003721366948126e-51,1.9805441303042523e-52
As86,724946720888.3154,20519041398.528694,524089872.979588,13386112.422359623,341903.2021460748,8732.766911659759,223.04914798896084,5.697040001396945,0.14551171824751036,0.0037166072455434664,9.492822697709113e-05,2.424622157162164e-06,6.192881498166428e-08,1.5817632094569278e-09,4.040081909418518e-11,1.031902988843365e-12,2.63564898499082e-14,6.73187852655555e-16,1.719431864955174e-17,4.391710169101833e-19,1.1217145966929755e-20,2.865042518712963e-22,7.31778712538218e-24,1.8690825027080206e-25,4.773942370927917e-27,1.219342951845132e-28,3.1144013033517413e-30,7.954690240052295e-32,2.0317579737423044e-33,5.189442126961181e-35,1.3254683843802678e-36,3.3854630131898567e-38,8.647026174853188e-40,2.2085918935544735e-41,5.6411048765645135e-43,1.4408304368620132e-44,3.6801165608753554e-46,9.399619521589896e-48,2.4008165417901362e-49,6.132078063472731e-51,1.5662330178917295e-52,4.0004152604427147e-54,1.0217714780093625e-55,2.6097714494717183e-57,6.66578306897632e-59,1.7025500042023072e-60,4.34859113597651e-62,1.1107012904888796e-63,2.8369127336148933e-65,7.245939054058302e-67,1.8507313303298323e-68,4.72707047562875e-70,1.2073711032696846e-71,3.08382324428273e-73,7.876588876629982e-75,2.01180960829943e-76,5.138490739379028e-78,1.3124545667620734e-79,3.352223594788041e-81,8.562127264471482e-83,2.1869073234549916e-84,5.585718938360456e-86,1.4266839624948931e-87,3.643984151908606e-89,9.307331440202281e-91,2.3772446565774884e-92,6.071871613828979e-94,1.5508553060710352e-95,3.961138069670041e-97,1.0117394411694145e-98,2.5841479868008355e-100,6.6003365550010384e-102,1.6858338942583407e-103,4.3058954575230634e-105,1.0997961159912792e-106,2.809059134578456e-108,7.174796407101714e-110,1.8325603348711546e-111,4.6806587816471106e-113,1.1955167976366019e-114,3.053545409110816e-116,7.799254334137744e-118,1.9920571014622443e-119,5.088039606705399e-121,1.2995685224283964e-122,3.3193105302501907e-124
As87,36710274029.801575,76343840.39765911,156677.33813914916,321.5424866723176,0.6598884814062552,0.0013542621144695625,2.7792966938582845e-06,5.7038368200362155e-09,1.170575078993698e-11,2.4023233111223588e-14,4.930189779986728e-17,1.0118026642854135e-19,2.0764811845799115e-22,4.261477323702827e-25,8.74565544599787e-28,1.7948350623546802e-30,3.683466517688958e-33,7.559427532653387e-36,1.5513903641315422e-38,3.183854930183311e-41,6.534095125779103e-44,1.3409655919929773e-46,2.7520087851409544e-49,5.647834962146182e-52,1.1590820469712634e-54,2.3787366320289463e-57,4.881783804125043e-60,1.0018685040340172e-62,2.056093714201788e-65,4.219636952911501e-68,8.659788165973066e-71,1.7772128720169535e-73,3.6473012179136195e-76,7.485206968536551e-79,1.5361583816177994e-81,3.152594956069711e-84,6.469941560693185e-87,1.327799618475927e-89,2.7249887967085822e-92,5.592382946088272e-95,1.1477018567369744e-97,2.355381533517587e-100,4.833853091610957e-103,9.920318801337126e-106,2.035906413683859e-108,4.1782073825292725e-111,8.57476395480963e-114,1.7597637012501103e-116,3.61149099912015e-119,7.411715122581736e-122,1.5210759509490682e-124,3.1216419010849535e-127,6.406417873170072e-130,1.314762912152364e-132,2.6982340980451944e-135,5.537475373362258e-138,1.1364334003787337e-140,2.3322557418656423e-143,4.786392976176596e-146,9.822918349454503e-149,2.0159173177027097e-151,4.1371845792033525e-154,8.490574535022774e-157,1.742485851299838e-159,3.5760323750246364e-162,7.338944840031213e-165,1.5061416037837116e-167,3.0909927518116116e-170,6.343517878896562e-173,1.3018542038410087e-175,2.671742084462001e-178,5.483106898471961e-181,1.125275580862244e-183,2.309357005674535e-186,4.739398837368834e-189,9.72647420232551e-192,1.996124480231022e-194,4.0965645491815574e-197,8.407211710398362e-200,1.7253776400906614e-202,3.540921893572441e-205,7.266889036374566e-208,1.4913538861966574e-210,3.0606445244187874e-213,6.281235454278655e-216,1.2890722368217344e-218
As88,17343514315.443256,0.0006317509391503045,2.299888618619855e-17,8.372742057447717e-31,3.048095850946989e-44,1.1096589686882606e-57,4.0397122892567084e-71,1.4706568270486617e-84,5.353924606702104e-98,1.9490956807221075e-111,7.095680742037295e-125,2.583181815592839e-138,9.40407063818043e-152,3.4235509105111563e-165,1.2463433429855178e-178,4.5373116077668905e-192,1.6518078057576923e-205,6.013404551037447e-219,2.1891792839573484e-232,7.969704842959879e-246,2.9013701960983647e-259,1.0562435097259542e-272,3.845253368006884e-286,1.3998640775558012e-299,5.09620367785e-313,0.0,0.0,0.0,0.0,0.0,0.0,0.0,0.0,0.0,0.0,0.0,0.0,0.0,0.0,0.0,0.0,0.0,0.0,0.0,0.0,0.0,0.0,0.0,0.0,0.0,0.0,0.0,0.0,0.0,0.0,0.0,0.0,0.0,0.0,0.0,0.0,0.0,0.0,0.0,0.0,0.0,0.0,0.0,0.0,0.0,0.0,0.0,0.0,0.0,0.0,0.0,0.0,0.0,0.0,0.0,0.0,0.0,0.0,0.0,0.0,0.0
B13,0.0,0.0,0.0,0.0,0.0,0.0,0.0,0.0,0.0,0.0,0.0,0.0,0.0,0.0,0.0,0.0,0.0,0.0,0.0,0.0,0.0,0.0,0.0,0.0,0.0,0.0,0.0,0.0,0.0,0.0,0.0,0.0,0.0,0.0,0.0,0.0,0.0,0.0,0.0,0.0,0.0,0.0,0.0,0.0,0.0,0.0,0.0,0.0,0.0,0.0,0.0,0.0,0.0,0.0,0.0,0.0,0.0,0.0,0.0,0.0,0.0,0.0,0.0,0.0,0.0,0.0,0.0,0.0,0.0,0.0,0.0,0.0,0.0,0.0,0.0,0.0,0.0,0.0,0.0,0.0,0.0,0.0,0.0,0.0,0.0,0.0
B14,0.0,0.0,0.0,0.0,0.0,0.0,0.0,0.0,0.0,0.0,0.0,0.0,0.0,0.0,0.0,0.0,0.0,0.0,0.0,0.0,0.0,0.0,0.0,0.0,0.0,0.0,0.0,0.0,0.0,0.0,0.0,0.0,0.0,0.0,0.0,0.0,0.0,0.0,0.0,0.0,0.0,0.0,0.0,0.0,0.0,0.0,0.0,0.0,0.0,0.0,0.0,0.0,0.0,0.0,0.0,0.0,0.0,0.0,0.0,0.0,0.0,0.0,0.0,0.0,0.0,0.0,0.0,0.0,0.0,0.0,0.0,0.0,0.0,0.0,0.0,0.0,0.0,0.0,0.0,0.0,0.0,0.0,0.0,0.0,0.0,0.0
B15,0.0,0.0,0.0,0.0,0.0,0.0,0.0,0.0,0.0,0.0,0.0,0.0,0.0,0.0,0.0,0.0,0.0,0.0,0.0,0.0,0.0,0.0,0.0,0.0,0.0,0.0,0.0,0.0,0.0,0.0,0.0,0.0,0.0,0.0,0.0,0.0,0.0,0.0,0.0,0.0,0.0,0.0,0.0,0.0,0.0,0.0,0.0,0.0,0.0,0.0,0.0,0.0,0.0,0.0,0.0,0.0,0.0,0.0,0.0,0.0,0.0,0.0,0.0,0.0,0.0,0.0,0.0,0.0,0.0,0.0,0.0,0.0,0.0,0.0,0.0,0.0,0.0,0.0,0.0,0.0,0.0,0.0,0.0,0.0,0.0,0.0
B17,0.0,0.0,0.0,0.0,0.0,0.0,0.0,0.0,0.0,0.0,0.0,0.0,0.0,0.0,0.0,0.0,0.0,0.0,0.0,0.0,0.0,0.0,0.0,0.0,0.0,0.0,0.0,0.0,0.0,0.0,0.0,0.0,0.0,0.0,0.0,0.0,0.0,0.0,0.0,0.0,0.0,0.0,0.0,0.0,0.0,0.0,0.0,0.0,0.0,0.0,0.0,0.0,0.0,0.0,0.0,0.0,0.0,0.0,0.0,0.0,0.0,0.0,0.0,0.0,0.0,0.0,0.0,0.0,0.0,0.0,0.0,0.0,0.0,0.0,0.0,0.0,0.0,0.0,0.0,0.0,0.0,0.0,0.0,0.0,0.0,0.0
B19,0.0,0.0,0.0,0.0,0.0,0.0,0.0,0.0,0.0,0.0,0.0,0.0,0.0,0.0,0.0,0.0,0.0,0.0,0.0,0.0,0.0,0.0,0.0,0.0,0.0,0.0,0.0,0.0,0.0,0.0,0.0,0.0,0.0,0.0,0.0,0.0,0.0,0.0,0.0,0.0,0.0,0.0,0.0,0.0,0.0,0.0,0.0,0.0,0.0,0.0,0.0,0.0,0.0,0.0,0.0,0.0,0.0,0.0,0.0,0.0,0.0,0.0,0.0,0.0,0.0,0.0,0.0,0.0,0.0,0.0,0.0,0.0,0.0,0.0,0.0,0.0,0.0,0.0,0.0,0.0,0.0,0.0,0.0,0.0,0.0,0.0
Ba147,273032953378.02295,5670021284.225068,117482113.68164496,2434214.2495673066,50436.60542957824,1045.0399621607437,21.653093288321667,0.4486493013945077,0.009295955684555296,0.0001926110033396205,3.990875157584193e-06,8.269041875732979e-08,1.7133348161162829e-09,3.550007650500633e-11,7.355570084766029e-13,1.524064638685353e-14,3.1578422829547413e-16,6.543008499048024e-18,1.3557029256875085e-19,2.808998984160084e-21,5.820209681269915e-23,1.2059399424837086e-24,2.4986920137219123e-26,5.17725763903206e-28,1.072721108232546e-29,2.222664306624702e-31,4.605331788504815e-33,9.542188093361112e-35,1.9771290710553635e-36,4.096585945871181e-38,8.488073266229032e-40,1.7587178378494975e-41,3.644040686449171e-43,7.550405322967618e-45,1.564434248857089e-46,3.2414875947813274e-48,6.716320506788563e-50,1.3916129502556877e-51,2.883404092109547e-53,5.9743761057027355e-55,1.2378830268732151e-56,2.5648776727633708e-58,5.314393471293496e-60,1.1011354758801614e-61,2.281538510069549e-63,4.7273183790301305e-65,9.794942736265643e-67,2.029499507211245e-68,4.2050968144210096e-70,8.712906386930771e-72,1.8053029706016787e-73,3.7405644809312687e-75,7.75040138073963e-77,1.6058731741904321e-78,3.327348513837037e-80,6.894223224144008e-82,1.428474163937686e-83,2.95978005164001e-85,6.132626109202972e-87,1.2706722235808989e-88,2.632816465619927e-90,5.455161774218237e-92,1.1303024867661943e-93,2.341972180601241e-95,4.852536165254571e-97,1.0054392375001832e-98,2.0832571378721832e-100,4.316481932101456e-102,8.943694914776023e-104,1.8531220560362217e-105,3.839645009462973e-107,7.955694958500755e-109,1.6484097388359008e-110,3.4154837273965915e-112,7.076838250390982e-114,1.46631176194685e-115,3.0381790669087116e-117,6.295067858111387e-119,1.3043299445331145e-120,2.702554829514047e-122,5.599658765132534e-124,1.1602420769965984e-125,2.4040066255742977e-127,4.981070735484166e-129,1.0320714347436388e-130,2.138438707215541e-132
Ba148,16915562105.021793,58742743.813270226,203966.49769693756,708.2122740965974,2.459053966432864,0.008538324780579025,2.964676296405315e-05,1.0293946140886304e-07,3.5742629736660143e-10,1.2410552406309623e-12,4.3091907944250095e-15,1.4962368067771555e-17,5.195231979171209e-20,1.8038879404082885e-22,6.263457944893477e-25,2.174797255896605e-27,7.551328907878282e-30,2.6219716858824836e-32,9.104007526936142e-35,3.1610926043472438e-37,1.0975942653489563e-39,3.811065736163984e-42,1.323277872697837e-44,4.594684137183737e-47,1.5953657773667382e-49,5.5394274940366766e-52,1.923399473463544e-54,6.678425773245345e-57,2.318882344728534e-59,8.051621012597813e-62,2.7956830616214784e-64,9.707167996119452e-67,3.370521923548566e-69,1.170312293107834e-71,4.063557201127283e-74,1.4109479345024645e-76,4.8990920401575833e-79,1.7010622597068964e-81,5.906426716788225e-84,2.0508289077438495e-86,7.120886130497693e-89,2.472513386760184e-91,8.585058566694211e-94,2.98090319705591e-96,1.0350289169477085e-98,3.593826394550483e-101,1.2478480497197793e-103,4.332776779508911e-106,1.5044263302144293e-108,5.223667634451694e-111,1.813761365857571e-113,6.297740443095455e-116,2.186700821574048e-118,7.592660456997724e-121,2.6363228223310354e-123,9.153837528896564e-126,3.1783945727612223e-128,1.1036018531318367e-130,3.831925276596304e-133,1.3305207202894722e-135,4.619832745517588e-138,1.604097874696243e-140,5.569747073855856e-143,1.933927035007156e-145,6.71497956215518e-148,2.3315745477437282e-150,8.095690867511147e-153,2.8109849923403407e-155,9.760299345016642e-158,3.388970185323504e-160,1.1767178967595519e-162,4.085798731870659e-165,1.4186706366349288e-167,4.9259067989594436e-170,1.710372877639177e-172,5.938755035279356e-175,2.062053943332949e-177,7.159861688107074e-180,2.486046476066713e-182,8.63204814616706e-185,2.997218914251169e-187,1.040694058678748e-189,3.6134968941360565e-192,1.2546780386647352e-194,4.356491860452983e-197,1.512660678303665e-199
Ba149,442388722.97236323,18637.011036247866,0.7851276619922857,3.307533833759942e-05,1.3933759554091765e-09,5.869921974177901e-14,2.4728418664880967e-18,1.0417424496537264e-22,4.388583621611742e-27,1.8487934527656728e-31,7.788474655369381e-36,3.2810770379236924e-40,1.3822304116208937e-44,5.822968765215871e-49,2.4530617294780884e-53,1.0334096044918336e-57,4.353479563203578e-62,1.8340050474517314e-66,7.726175040553745e-71,3.254831868659112e-75,1.3711740204736147e-79,5.776391132597352e-84,2.4334398127835165e-88,1.0251434133369034e-92,4.318656300383007e-97,1.819334933843878e-101,7.664373757205823e-106,3.228796633175964e-110,1.3602060688398758e-114,5.730186072106195e-119,2.4139748508080775e-123,1.0169433430269038e-127,4.284111587080319e-132,1.8047821657327345e-136,7.603066819197378e-141,3.202969652224534e-145,1.3493258492964753e-149,5.684350603556769e-154,2.394665588078909e-158,1.0088088646645425e-162,4.2498431951920154e-167,1.7903458044776128e-171,7.542250272285084e-176,3.1773492599873734e-180,1.3385326600788677e-184,5.638881770601856e-189,2.375510779165626e-193,1.0007394535831489e-197,4.215848914437081e-202,1.7760249189459568e-206,7.481920193855338e-211,3.151933803971798e-215,1.327825805035873e-219,5.5937766405418545e-224,2.3565091885999547e-228,9.9273458931283e-233,4.1821265522144255e-237,1.7618185854532965e-241,7.422072692671372e-246,3.1267216449033406e-250,1.3172045935848013e-254,5.549032304135726e-259,2.3376595907960938e-263,9.847937555469134e-268,4.1486739334614597e-272,1.747725887703669e-276,7.362703908622207e-281,3.1017111566200067e-285,1.3066683406668911e-289,5.504645875413281e-294,2.3189607699716285e-298,9.769164401086324e-303,4.115488900513824e-307,1.7337459167305e-311,7.30381e-316,3.077e-320,0.0,0.0,0.0,0.0,0.0,0.0,0.0,0.0,0.0,0.0
Ba150,18753381.707240734,180.26589093276877,0.0017327941174640586,1.6656370420280307e-08,1.6010827413450256e-13,1.5390303409149088e-18,1.4793828757824556e-23,1.422047139016977e-28,1.3669335360643575e-33,1.3139559447438965e-38,1.2630315806711907e-43,1.2140808678967523e-48,1.1670273145582258e-53,1.1217973933518954e-58,1.0783204266366993e-63,1.036528475991211e-68,9.96356236051012e-74,9.577409324605547e-79,9.20622223780059e-84,8.84942107194158e-89,8.50644827874944e-94,8.17676791857792e-99,7.859864822938105e-104,7.555243789480569e-109,7.262428808177267e-114,6.980962317493807e-119,6.710404489390073e-124,6.450332542031578e-129,6.200340079137806e-134,5.960036454935136e-139,5.72904616372193e-144,5.507008253091991e-149,5.293575759899445e-154,5.088415168083625e-159,4.891205887506817e-164,4.701639752990402e-169,4.519420542766682e-174,4.344263515593767e-179,4.175894965810322e-184,4.0140517956348155e-189,3.8584811040410106e-194,3.708939791567144e-199,3.565194180441401e-204,3.4270196494299555e-209,3.2942002828370337e-214,3.166528533108545e-219,3.043804896511991e-224,2.9258376013859186e-229,2.812442308471718e-234,2.7034418228595374e-239,2.5986658170981635e-244,2.497950565036195e-249,2.4011386859786215e-254,2.308078898758989e-259,2.2186257853428894e-264,2.132639563593335e-269,2.0499858688429742e-274,1.9705355439318065e-279,1.8941644373823005e-284,1.820753209396549e-289,1.750187145372287e-294,1.682355976646397e-299,1.617153708185765e-304,1.55447845295624e-309,1.494232273e-314,1.4363e-319,0.0,0.0,0.0,0.0,0.0,0.0,0.0,0.0,0.0,0.0,0.0,0.0,0.0,0.0,0.0,0.0,0.0,0.0,0.0,0.0
Ba151,263909.9983991832,0.4074423196081812,6.2903709638321e-07,9.711501471097433e-13,1.4993274858573969e-18,2.314763496188232e-24,3.573688933089554e-30,5.517303435758095e-36,8.517987371640458e-42,1.3150646816556124e-47,2.0302860775489923e-53,3.13449339351108e-59,4.839243564052628e-65,7.471152537984132e-71,1.1534472176697346e-76,1.780770071533074e-82,2.7492736547359763e-88,4.2445151956749503e-94,6.552970532882698e-100,1.0116920502154189e-105,1.5619188264819249e-111,2.4113962544226917e-117,3.7228771414076274e-123,5.7476303135975425e-129,8.873581632429241e-135,1.3699637362045392e-140,2.115042962648337e-146,3.2653468231514992e-152,5.0412639666262974e-158,7.783045341773667e-164,1.2015993447897789e-169,1.8551105923150016e-175,2.864045594433473e-181,4.421707903008374e-187,6.82653265629806e-193,1.0539264268405836e-198,1.6271231225535678e-204,2.512063070555245e-210,3.878293402003874e-216,5.987572481093093e-222,9.244020629749011e-228,1.427154621894868e-233,2.20333813215558e-239,3.401662896319626e-245,5.251717968897103e-251,8.10795850896248e-257,1.2517616439494906e-262,1.9325545530740987e-268,2.983608835324025e-274,4.606297746194729e-280,7.111514979910007e-286,1.0979239314537e-291,1.6950494552343683e-297,2.6169323514845825e-303,4.04019771287424e-309,6.23753134e-315,9.63e-321,0.0,0.0,0.0,0.0,0.0,0.0,0.0,0.0,0.0,0.0,0.0,0.0,0.0,0.0,0.0,0.0,0.0,0.0,0.0,0.0,0.0,0.0,0.0,0.0,0.0,0.0,0.0,0.0,0.0
Ba152,4230.307698228977,0.0010588561538809273,2.650342326353452e-10,6.633870352563998e-17,1.660473645877193e-23,4.1562053252774885e-30,1.0403081523609166e-36,2.6039162340862667e-43,6.517664731118694e-50,1.6313871003678844e-56,4.0834010048717674e-63,1.0220850565036131e-69,2.5583033884784946e-76,6.4034946855496e-83,1.6028100643782056e-89,4.011871999002954e-96,1.0041811749309118e-102,2.5134895438743627e-109,6.291324558638938e-116,1.574733612821104e-122,3.941595967964311e-129,9.865909159606839e-136,2.4694607041595053e-142,6.181119317777074e-149,1.547148976950441e-155,3.872550963374114e-162,9.693087858603914e-169,2.4262031183897346e-175,6.072844544021181e-182,1.5200475416223453e-188,3.804715421320813e-195,9.523293871312963e-202,2.383703276496375e-208,5.96646642134564e-215,1.4934208426045765e-221,3.738068155628292e-228,9.356474168227515e-235,2.3419479050668765e-241,5.861951726080756e-248,1.4672605639329928e-254,3.6725883512390237e-261,9.192576648759806e-268,2.3009239631992788e-274,5.759267816536436e-281,1.4415585353143476e-287,3.608255557713219e-294,9.031550124968938e-301,2.260618638429309e-307,5.6583826227e-314,1.4165e-320,0.0,0.0,0.0,0.0,0.0,0.0,0.0,0.0,0.0,0.0,0.0,0.0,0.0,0.0,0.0,0.0,0.0,0.0,0.0,0.0,0.0,0.0,0.0,0.0,0.0,0.0,0.0,0.0,0.0,0.0,0.0,0.0,0.0,0.0,0.0,0.0
Ba153,7.335351751910321,2.1835103699613217e-09,6.499644048408437e-19,1.9347456891976908e-28,5.759147507140256e-38,1.7143224659543747e-47,5.10301483619269e-57,1.5190117924462737e-66,4.521634562427354e-76,1.3459526264251007e-85,4.006490236150594e-95,1.1926098807061772e-104,3.550035676424244e-114,1.0567372875044865e-123,3.14558442952642e-133,9.363444935917482e-143,2.7872118212753982e-152,8.296679042622167e-162,2.4696681684131134e-171,7.351448490100088e-181,2.1883018777101844e-190,6.513906904793836e-200,1.9389913062963735e-209,5.771785413644807e-219,1.7180843850607248e-228,5.114212921379993e-238,1.5223451206842578e-247,4.531556863388896e-257,1.3489061926310777e-266,4.015282101431541e-276,1.195226950706568e-285,3.557825895186804e-295,1.0590561979027344e-304,3.152487118e-314,1e-323,0.0,0.0,0.0,0.0,0.0,0.0,0.0,0.0,0.0,0.0,0.0,0.0,0.0,0.0,0.0,0.0,0.0,0.0,0.0,0.0,0.0,0.0,0.0,0.0,0.0,0.0,0.0,0.0,0.0,0.0,0.0,0.0,0.0,0.0,0.0,0.0,0.0,0.0,0.0,0.0,0.0,0.0,0.0,0.0,0.0,0.0,0.0,0.0,0.0,0.0,0.0
Be11,0.0,0.0,0.0,0.0,0.0,0.0,0.0,0.0,0.0,0.0,0.0,0.0,0.0,0.0,0.0,0.0,0.0,0.0,0.0,0.0,0.0,0.0,0.0,0.0,0.0,0.0,0.0,0.0,0.0,0.0,0.0,0.0,0.0,0.0,0.0,0.0,0.0,0.0,0.0,0.0,0.0,0.0,0.0,0.0,0.0,0.0,0.0,0.0,0.0,0.0,0.0,0.0,0.0,0.0,0.0,0.0,0.0,0.0,0.0,0.0,0.0,0.0,0.0,0.0,0.0,0.0,0.0,0.0,0.0,0.0,0.0,0.0,0.0,0.0,0.0,0.0,0.0,0.0,0.0,0.0,0.0,0.0,0.0,0.0,0.0,0.0
Be12,0.0,0.0,0.0,0.0,0.0,0.0,0.0,0.0,0.0,0.0,0.0,0.0,0.0,0.0,0.0,0.0,0.0,0.0,0.0,0.0,0.0,0.0,0.0,0.0,0.0,0.0,0.0,0.0,0.0,0.0,0.0,0.0,0.0,0.0,0.0,0.0,0.0,0.0,0.0,0.0,0.0,0.0,0.0,0.0,0.0,0.0,0.0,0.0,0.0,0.0,0.0,0.0,0.0,0.0,0.0,0.0,0.0,0.0,0.0,0.0,0.0,0.0,0.0,0.0,0.0,0.0,0.0,0.0,0.0,0.0,0.0,0.0,0.0,0.0,0.0,0.0,0.0,0.0,0.0,0.0,0.0,0.0,0.0,0.0,0.0,0.0
Be14,0.0,0.0,0.0,0.0,0.0,0.0,0.0,0.0,0.0,0.0,0.0,0.0,0.0,0.0,0.0,0.0,0.0,0.0,0.0,0.0,0.0,0.0,0.0,0.0,0.0,0.0,0.0,0.0,0.0,0.0,0.0,0.0,0.0,0.0,0.0,0.0,0.0,0.0,0.0,0.0,0.0,0.0,0.0,0.0,0.0,0.0,0.0,0.0,0.0,0.0,0.0,0.0,0.0,0.0,0.0,0.0,0.0,0.0,0.0,0.0,0.0,0.0,0.0,0.0,0.0,0.0,0.0,0.0,0.0,0.0,0.0,0.0,0.0,0.0,0.0,0.0,0.0,0.0,0.0,0.0,0.0,0.0,0.0,0.0,0.0,0.0
Br87,143824790286176.62,137668884171338.25,130702627314952.12,123527637367972.25,116450870115587.56,109623010514012.0,103112416872712.53,96944337095053.77,91121736694488.92,85636348220329.34,80474516970563.33,75620278044755.02,71056961208162.45,66768013822793.46,62737409296658.95,58949836610921.93,55390774955925.61,52046508772738.05,48904112550961.73,45951420922629.42,43176992242841.0,40570069939323.18,38120543836552.05,35818912558788.664,33656247534156.848,31624158815829.273,29714762777146.78,27920651656211.082,26234864885510.305,24650862123950.03,23162497901894.547,21763997788960.4,20449935996419.207,19215214329614.07,18055042409955.195,16964919090414.377,15940614992762.559,14978156098985.035,14073808333311.777,13224063075098.027,12425623546376.861,11675392021286.303,10970457807754.748,10308085954821.363,9685706641781.074,9100905207988.22,8551412784637.812,8035097492178.729,7549956169207.319,7094106600751.951,6665780215796.356,6263315225710.335,5885150176966.651,5529817893130.637,5195939782618.8955,4882220490142.98,4587442871086.92,4310463269320.6973,4050207080128.8574,3805664581039.5913,3575887014379.145,3359982906352.8213,3157114608371.725,2966495047206.5005,2787384671359.561,2619088581808.581,2460953835989.3013,2312366914557.872,2172751341104.4478,2041565445583.1912,1918300262781.398,1802477557674.372,1693647970004.9973,1591389270889.4685,1495304724685.2847,1405021549766.0188,1320189472231.0789,1240479366939.2642,1165581980593.688,1095206731924.0009,1029080584310.9354,966946986479.2834,908564877149.4675,853707749786.0453,802162773814.6174,753729968897.6991
Br88,35108168138877.707,28891858519026.8,23407963438409.562,18927481499008.03,15300720507045.05,12368493098607.12,9998155427139.861,8082072525953.15,6533194276254.292,5281148732106.969,4269049827629.094,3450913305531.3276,2789567496963.0337,2254964448866.5923,1822814709157.0552,1473483746313.2705,1191099863163.4985,962833073373.0924,778312176712.7775,629153548181.7102,508580231728.4204,411114032262.00995,332326616290.8632,268638312556.91278,217155471261.6309,175538992372.39532,141898049651.21478,114704181804.253,92721847521.67581,74952289206.89731,60588154868.690254,48976816441.97982,39590717921.51502,32003406089.038376,25870154800.68629,20912302507.7229,16904591392.81658,13664932881.13804,11046134526.821888,8929212389.551447,7217985052.0667715,5834703660.182126,4716519438.121403,3812628182.2996073,3081961994.8932,2491323382.1392503,2013876940.9480798,1627930104.2804983,1315947548.997255,1063754486.2389868,859892636.1889,695099626.2174879,561888159.0951906,454205830.9675998,367160143.0739845,296796213.2386736,239917087.55562317,193938488.20734307,156771397.9498422,126727146.5418034,102440686.76204519,82808574.09519416,66938832.220128395,54110426.46192042,43740503.90156751,35357911.712439686,28581790.540823575,23104270.330312047,18676482.382504918,15097252.11821071,12203958.79977524,9865146.930080082,7974553.630405621,6446280.633723854,5210891.535080139,4212256.979368272,3405004.449006218,2752456.7837480186,2224965.7701949934,1798565.0883856348,1453881.4126907343,1175254.1933663893,950024.1264306549,767957.9838086626,620783.6711592338,501814.3889418197
Br89,5940630464342.804,2713890838009.2505,1234564242499.8196,561609122872.0577,255478650476.63205,116218448367.69499,52868322718.1444,24050050454.870808,10940481882.988188,4976877036.353631,2264004940.5409594,1029906572.6062814,468509378.80205005,213127135.8624436,96952543.74004821,44104171.43564848,20063196.518500153,9126843.140615012,4151844.1807905086,1888693.5861595704,859175.6595550048,390843.0776602482,177796.36754846308,80880.40986338611,36792.88159746142,16737.25613571144,7613.857104678063,3463.579665651837,1575.5987977428847,716.7473570964113,326.05176815355986,148.3224939213312,67.47260512533778,30.69360770601922,13.962667548717782,6.351683612538795,2.889410964848095,1.3144067357673996,0.5979298507720372,0.2720011216585385,0.12373459877939749,0.05628745514630074,0.025605429993719373,0.011648031403429918,0.005298744665040536,0.0024104240495976008,0.0010965133189398638,0.0004988091032419113,0.00022691062404746332,0.00010322271781122342,4.695650332399923e-05,2.136073580671611e-05,9.71709990959061e-06,4.420354781190552e-06,2.0108403302830084e-06,9.147407920962471e-07,4.161199196791048e-07,1.89294922725525e-07,8.611115708494591e-08,3.917237328789889e-08,1.7819698177935073e-08,8.106265117482623e-09,3.687578403335791e-09,1.6774968846530208e-09,7.631012795483997e-10,3.4713838706702265e-10,1.5791489675762122e-10,7.18362346171629e-11,3.2678643433448123e-11,1.486566970473287e-11,6.76246357105574e-12,3.076276713944232e-12,1.399412850260738e-12,6.36599534950152e-13,2.895921441790695e-13,1.3173683825703363e-13,5.992771179327506e-14,2.7261399987228635e-14,1.2401339998218785e-14,5.641428313420063e-15,2.5663124646230732e-15,1.1674276974171252e-15,5.310683899502562e-16,2.415855263913496e-16,1.0989840040611758e-16,4.999330296078454e-17
Br90,1351303690599.7976,222693127122.85657,36624738578.69355,6023407606.81847,990626571.1609833,162921234.54824695,26794484.86387454,4406696.408305159,724737.6963440363,119192.40170758039,19602.71791641037,3223.9181710013086,530.2146578669791,87.20059520917776,14.341255361413571,2.3586032279700166,0.3879025264384008,0.06379554145984871,0.010491994335596505,0.001725542923833821,0.00028378764672900403,4.667251525511284e-05,7.675893243932766e-06,1.2623990108567857e-06,2.0761769503137064e-07,3.4145390577329376e-08,5.615647055046091e-09,9.235651229535395e-10,1.5189211999527723e-10,2.4980605637075716e-11,4.108380724520151e-12,6.75675859217662e-13,1.1112355386265936e-13,1.8275692485691462e-14,3.0056718330333503e-15,4.943212507522255e-16,8.129746443364739e-17,1.3370409856510531e-17,2.1989352432630767e-18,3.616430802014618e-19,5.947683901028545e-20,9.781728373413833e-21,1.6087305842649544e-21,2.6457636053190094e-22,4.3512973046565426e-23,7.156266038071975e-24,1.1769396578086646e-24,1.9356280925743359e-25,3.1833884497858097e-26,5.235490258230228e-27,8.610434659919648e-28,1.416096322903049e-28,2.328951876348423e-29,3.830259816809219e-30,6.29935311813568e-31,1.036009346750335e-31,1.7038501357607773e-32,2.8021998973640817e-33,4.608576834300732e-34,7.57939519505086e-35,1.246528670091636e-35,2.05007614113463e-36,3.371612932208364e-37,5.545049540620041e-38,9.119544569960842e-39,1.4998259718740525e-39,2.4666560140706723e-40,4.056731918136138e-41,6.67181551126204e-42,1.097265560421064e-42,1.8045938291516205e-43,2.9678858114916485e-44,4.881068552802509e-45,8.027542746054404e-46,1.3202322778837245e-46,2.171291169296794e-47,3.570966579777454e-48,5.872912161300483e-49,9.658756665401401e-50,1.5885063109947434e-50,2.6125021961770935e-51,4.296594654859209e-52,7.06630052031287e-53,1.162143675501317e-53,1.9112942035585997e-54,3.1433682509014034e-55
Br91,151157284723.5721,250340268.29485202,413399.67126471066,682.6647976433161,1.1273139647145523,0.0018615824038563907,3.0741116980886223e-06,5.0764138685178134e-09,8.382902215460453e-12,1.3843049714638355e-14,2.2859627904108062e-17,3.774909421597261e-20,6.233671519518885e-23,1.0293931926138461e-25,1.6998815893358298e-28,2.8070881355117697e-31,4.63546628774871e-34,7.654746366179685e-37,1.2640614404942374e-39,2.0873994367782298e-42,3.447013150688643e-45,5.692202197467012e-48,9.399780169209737e-51,1.5522264347669582e-53,2.5632587799038993e-56,4.232820306104921e-59,6.989839607394568e-62,1.154262505938064e-64,1.906083697836145e-67,3.147598613370938e-70,5.1977659963945196e-73,8.583296243208528e-76,1.4173969057049031e-78,2.340608935514085e-81,3.8651489691829277e-84,6.382687995119786e-87,1.0540009290161505e-89,1.740517410871906e-92,2.874191828631513e-95,4.746277524241397e-98,7.837733763179224e-101,1.2942789423654288e-103,2.1372989071410834e-106,3.5294143085708345e-109,5.828274800461618e-112,9.624482755454938e-115,1.589332546617618e-117,2.624533710454596e-120,4.334006254368753e-123,7.156932348814809e-126,1.1818552544514556e-128,1.9516487992314522e-131,3.222842239940324e-134,5.322019057749414e-137,8.788480708125648e-140,1.4512799055958087e-142,2.396561401607014e-145,3.957545701230277e-148,6.535266722907238e-151,1.0791969155596002e-153,1.7821246353588e-156,2.942899641541215e-159,4.859737713260294e-162,8.0250954902818235e-165,1.3252187963233846e-167,2.1883912288090756e-170,3.613785273507283e-173,5.967600231209607e-176,9.854556877135707e-179,1.627325683393147e-181,2.6872734237043483e-184,4.437611061782192e-187,7.328019457173852e-190,1.2101076100876698e-192,1.9983031384537875e-195,3.2998845721373116e-198,5.449242399656909e-201,8.998570126041057e-204,1.4859728816317077e-206,2.453851416409761e-209,4.0521511854269227e-212,6.691492858838566e-215,1.1049952144164644e-217,1.8247264842709835e-220,3.013249920868014e-223,4.97591017825261e-226
Br92,11452961550.28288,468785.862720789,19.17706540610788,0.0007844943007788161,3.209204823165639e-08,1.312819683559862e-12,5.370475293758647e-17,2.1969509782686674e-21,8.987274564925261e-26,3.676509166763707e-30,1.5039842786209545e-34,6.152490331827783e-39,2.516857245206242e-43,1.029594530198194e-47,4.211859447464105e-52,1.722985066925112e-56,7.048377510874276e-61,2.8833462628006352e-65,1.1795176490447607e-69,4.825164089229872e-74,1.9738753809108993e-78,8.074718180181107e-83,3.30320111998451e-87,1.3512716351943546e-91,5.527774318777745e-96,2.2612987739466477e-100,9.250508161453419e-105,3.7841926166955634e-109,1.548035363065206e-113,6.332694257495342e-118,2.5905749646124385e-122,1.0597509329198306e-126,4.3352230881782894e-131,1.7734505948951932e-135,7.254821605629835e-140,2.967798295651081e-144,1.2140652386041392e-148,4.966491172081387e-153,2.0316893835723248e-157,8.31122337340349e-162,3.3999505298960256e-166,1.3908498287667283e-170,5.689680567909894e-175,2.3275312902440538e-179,9.521451762370613e-184,3.89503007083718e-188,1.5933766857574866e-192,6.518176282448636e-197,2.6664518458720834e-201,1.0907906043442706e-205,4.46219999947758e-210,1.825394237540885e-214,7.467312363492397e-219,3.054723894005796e-223,1.2496247129329612e-227,5.1119576673917994e-232,2.091196734727805e-236,8.554655707013035e-241,3.49953369045674e-245,1.431587251442744e-249,5.856328984865142e-254,2.3957037298570325e-258,9.800331190552231e-263,4.009113908681967e-267,1.6400460372484125e-271,6.709091000057177e-276,2.744551129952847e-280,1.1227394150506014e-284,4.592896012579749e-289,1.8788592882365507e-293,7.686026888751511e-298,3.1441955075868194e-302,1.2862257097223038e-306,5.2616848168594e-311,2.15244703e-315,8.805e-320,5e-324,0.0,0.0,0.0,0.0,0.0,0.0,0.0,0.0,0.0
Br93,391991693.2036804,6.874936071324905e-07,1.2047483152147348e-21,2.1111738174063734e-36,3.6995734553135886e-51,6.483049211019277e-66,1.1360749443190868e-80,1.9908321487300476e-95,3.488689425144046e-110,6.113500785526163e-125,1.0713161104355372e-139,1.8773502265608158e-154,3.289826260276348e-169,5.765017453685668e-184,1.0102486761263986e-198,1.7703370298777726e-213,3.102298744279005e-228,5.436398457653892e-243,9.526622232911446e-258,1.6694238267400486e-272,2.925460719602456e-287,5.126511485492026e-302,8.9835833e-317,0.0,0.0,0.0,0.0,0.0,0.0,0.0,0.0,0.0,0.0,0.0,0.0,0.0,0.0,0.0,0.0,0.0,0.0,0.0,0.0,0.0,0.0,0.0,0.0,0.0,0.0,0.0,0.0,0.0,0.0,0.0,0.0,0.0,0.0,0.0,0.0,0.0,0.0,0.0,0.0,0.0,0.0,0.0,0.0,0.0,0.0,0.0,0.0,0.0,0.0,0.0,0.0,0.0,0.0,0.0,0.0,0.0,0.0,0.0,0.0,0.0,0.0,0.0
Br94,14470673.834226543,4.555304353338242e-15,1.4334246484843365e-36,4.5105792811522174e-58,1.4193508862147252e-79,4.4662931579907875e-101,1.4054153040559412e-122,4.422441848316141e-144,1.3916165453225666e-165,4.3790210830084216e-187,1.37795326664411e-208,4.336026634863131e-230,1.3644241378396769e-251,4.2934543181797316e-273,1.3510278417884593e-294,4.2513e-316,0.0,0.0,0.0,0.0,0.0,0.0,0.0,0.0,0.0,0.0,0.0,0.0,0.0,0.0,0.0,0.0,0.0,0.0,0.0,0.0,0.0,0.0,0.0,0.0,0.0,0.0,0.0,0.0,0.0,0.0,0.0,0.0,0.0,0.0,0.0,0.0,0.0,0.0,0.0,0.0,0.0,0.0,0.0,0.0,0.0,0.0,0.0,0.0,0.0,0.0,0.0,0.0,0.0,0.0,0.0,0.0,0.0,0.0,0.0,0.0,0.0,0.0,0.0,0.0,0.0,0.0,0.0,0.0,0.0,0.0
C16,0.0,0.0,0.0,0.0,0.0,0.0,0.0,0.0,0.0,0.0,0.0,0.0,0.0,0.0,0.0,0.0,0.0,0.0,0.0,0.0,0.0,0.0,0.0,0.0,0.0,0.0,0.0,0.0,0.0,0.0,0.0,0.0,0.0,0.0,0.0,0.0,0.0,0.0,0.0,0.0,0.0,0.0,0.0,0.0,0.0,0.0,0.0,0.0,0.0,0.0,0.0,0.0,0.0,0.0,0.0,0.0,0.0,0.0,0.0,0.0,0.0,0.0,0.0,0.0,0.0,0.0,0.0,0.0,0.0,0.0,0.0,0.0,0.0,0.0,0.0,0.0,0.0,0.0,0.0,0.0,0.0,0.0,0.0,0.0,0.0,0.0
C17,0.0,0.0,0.0,0.0,0.0,0.0,0.0,0.0,0.0,0.0,0.0,0.0,0.0,0.0,0.0,0.0,0.0,0.0,0.0,0.0,0.0,0.0,0.0,0.0,0.0,0.0,0.0,0.0,0.0,0.0,0.0,0.0,0.0,0.0,0.0,0.0,0.0,0.0,0.0,0.0,0.0,0.0,0.0,0.0,0.0,0.0,0.0,0.0,0.0,0.0,0.0,0.0,0.0,0.0,0.0,0.0,0.0,0.0,0.0,0.0,0.0,0.0,0.0,0.0,0.0,0.0,0.0,0.0,0.0,0.0,0.0,0.0,0.0,0.0,0.0,0.0,0.0,0.0,0.0,0.0,0.0,0.0,0.0,0.0,0.0,0.0
C18,0.0,0.0,0.0,0.0,0.0,0.0,0.0,0.0,0.0,0.0,0.0,0.0,0.0,0.0,0.0,0.0,0.0,0.0,0.0,0.0,0.0,0.0,0.0,0.0,0.0,0.0,0.0,0.0,0.0,0.0,0.0,0.0,0.0,0.0,0.0,0.0,0.0,0.0,0.0,0.0,0.0,0.0,0.0,0.0,0.0,0.0,0.0,0.0,0.0,0.0,0.0,0.0,0.0,0.0,0.0,0.0,0.0,0.0,0.0,0.0,0.0,0.0,0.0,0.0,0.0,0.0,0.0,0.0,0.0,0.0,0.0,0.0,0.0,0.0,0.0,0.0,0.0,0.0,0.0,0.0,0.0,0.0,0.0,0.0,0.0,0.0
C19,0.0,0.0,0.0,0.0,0.0,0.0,0.0,0.0,0.0,0.0,0.0,0.0,0.0,0.0,0.0,0.0,0.0,0.0,0.0,0.0,0.0,0.0,0.0,0.0,0.0,0.0,0.0,0.0,0.0,0.0,0.0,0.0,0.0,0.0,0.0,0.0,0.0,0.0,0.0,0.0,0.0,0.0,0.0,0.0,0.0,0.0,0.0,0.0,0.0,0.0,0.0,0.0,0.0,0.0,0.0,0.0,0.0,0.0,0.0,0.0,0.0,0.0,0.0,0.0,0.0,0.0,0.0,0.0,0.0,0.0,0.0,0.0,0.0,0.0,0.0,0.0,0.0,0.0,0.0,0.0,0.0,0.0,0.0,0.0,0.0,0.0
C20,0.0,0.0,0.0,0.0,0.0,0.0,0.0,0.0,0.0,0.0,0.0,0.0,0.0,0.0,0.0,0.0,0.0,0.0,0.0,0.0,0.0,0.0,0.0,0.0,0.0,0.0,0.0,0.0,0.0,0.0,0.0,0.0,0.0,0.0,0.0,0.0,0.0,0.0,0.0,0.0,0.0,0.0,0.0,0.0,0.0,0.0,0.0,0.0,0.0,0.0,0.0,0.0,0.0,0.0,0.0,0.0,0.0,0.0,0.0,0.0,0.0,0.0,0.0,0.0,0.0,0.0,0.0,0.0,0.0,0.0,0.0,0.0,0.0,0.0,0.0,0.0,0.0,0.0,0.0,0.0,0.0,0.0,0.0,0.0,0.0,0.0
C22,0.0,0.0,0.0,0.0,0.0,0.0,0.0,0.0,0.0,0.0,0.0,0.0,0.0,0.0,0.0,0.0,0.0,0.0,0.0,0.0,0.0,0.0,0.0,0.0,0.0,0.0,0.0,0.0,0.0,0.0,0.0,0.0,0.0,0.0,0.0,0.0,0.0,0.0,0.0,0.0,0.0,0.0,0.0,0.0,0.0,0.0,0.0,0.0,0.0,0.0,0.0,0.0,0.0,0.0,0.0,0.0,0.0,0.0,0.0,0.0,0.0,0.0,0.0,0.0,0.0,0.0,0.0,0.0,0.0,0.0,0.0,0.0,0.0,0.0,0.0,0.0,0.0,0.0,0.0,0.0,0.0,0.0,0.0,0.0,0.0,0.0
Ca51,0.0,0.0,0.0,0.0,0.0,0.0,0.0,0.0,0.0,0.0,0.0,0.0,0.0,0.0,0.0,0.0,0.0,0.0,0.0,0.0,0.0,0.0,0.0,0.0,0.0,0.0,0.0,0.0,0.0,0.0,0.0,0.0,0.0,0.0,0.0,0.0,0.0,0.0,0.0,0.0,0.0,0.0,0.0,0.0,0.0,0.0,0.0,0.0,0.0,0.0,0.0,0.0,0.0,0.0,0.0,0.0,0.0,0.0,0.0,0.0,0.0,0.0,0.0,0.0,0.0,0.0,0.0,0.0,0.0,0.0,0.0,0.0,0.0,0.0,0.0,0.0,0.0,0.0,0.0,0.0,0.0,0.0,0.0,0.0,0.0,0.0
Ca52,0.0,0.0,0.0,0.0,0.0,0.0,0.0,0.0,0.0,0.0,0.0,0.0,0.0,0.0,0.0,0.0,0.0,0.0,0.0,0.0,0.0,0.0,0.0,0.0,0.0,0.0,0.0,0.0,0.0,0.0,0.0,0.0,0.0,0.0,0.0,0.0,0.0,0.0,0.0,0.0,0.0,0.0,0.0,0.0,0.0,0.0,0.0,0.0,0.0,0.0,0.0,0.0,0.0,0.0,0.0,0.0,0.0,0.0,0.0,0.0,0.0,0.0,0.0,0.0,0.0,0.0,0.0,0.0,0.0,0.0,0.0,0.0,0.0,0.0,0.0,0.0,0.0,0.0,0.0,0.0,0.0,0.0,0.0,0.0,0.0,0.0
Ca53,0.0,0.0,0.0,0.0,0.0,0.0,0.0,0.0,0.0,0.0,0.0,0.0,0.0,0.0,0.0,0.0,0.0,0.0,0.0,0.0,0.0,0.0,0.0,0.0,0.0,0.0,0.0,0.0,0.0,0.0,0.0,0.0,0.0,0.0,0.0,0.0,0.0,0.0,0.0,0.0,0.0,0.0,0.0,0.0,0.0,0.0,0.0,0.0,0.0,0.0,0.0,0.0,0.0,0.0,0.0,0.0,0.0,0.0,0.0,0.0,0.0,0.0,0.0,0.0,0.0,0.0,0.0,0.0,0.0,0.0,0.0,0.0,0.0,0.0,0.0,0.0,0.0,0.0,0.0,0.0,0.0,0.0,0.0,0.0,0.0,0.0
Ca54,0.0,0.0,0.0,0.0,0.0,0.0,0.0,0.0,0.0,0.0,0.0,0.0,0.0,0.0,0.0,0.0,0.0,0.0,0.0,0.0,0.0,0.0,0.0,0.0,0.0,0.0,0.0,0.0,0.0,0.0,0.0,0.0,0.0,0.0,0.0,0.0,0.0,0.0,0.0,0.0,0.0,0.0,0.0,0.0,0.0,0.0,0.0,0.0,0.0,0.0,0.0,0.0,0.0,0.0,0.0,0.0,0.0,0.0,0.0,0.0,0.0,0.0,0.0,0.0,0.0,0.0,0.0,0.0,0.0,0.0,0.0,0.0,0.0,0.0,0.0,0.0,0.0,0.0,0.0,0.0,0.0,0.0,0.0,0.0,0.0,0.0
Ca55,0.0,0.0,0.0,0.0,0.0,0.0,0.0,0.0,0.0,0.0,0.0,0.0,0.0,0.0,0.0,0.0,0.0,0.0,0.0,0.0,0.0,0.0,0.0,0.0,0.0,0.0,0.0,0.0,0.0,0.0,0.0,0.0,0.0,0.0,0.0,0.0,0.0,0.0,0.0,0.0,0.0,0.0,0.0,0.0,0.0,0.0,0.0,0.0,0.0,0.0,0.0,0.0,0.0,0.0,0.0,0.0,0.0,0.0,0.0,0.0,0.0,0.0,0.0,0.0,0.0,0.0,0.0,0.0,0.0,0.0,0.0,0.0,0.0,0.0,0.0,0.0,0.0,0.0,0.0,0.0,0.0,0.0,0.0,0.0,0.0,0.0
Ca56,0.0,0.0,0.0,0.0,0.0,0.0,0.0,0.0,0.0,0.0,0.0,0.0,0.0,0.0,0.0,0.0,0.0,0.0,0.0,0.0,0.0,0.0,0.0,0.0,0.0,0.0,0.0,0.0,0.0,0.0,0.0,0.0,0.0,0.0,0.0,0.0,0.0,0.0,0.0,0.0,0.0,0.0,0.0,0.0,0.0,0.0,0.0,0.0,0.0,0.0,0.0,0.0,0.0,0.0,0.0,0.0,0.0,0.0,0.0,0.0,0.0,0.0,0.0,0.0,0.0,0.0,0.0,0.0,0.0,0.0,0.0,0.0,0.0,0.0,0.0,0.0,0.0,0.0,0.0,0.0,0.0,0.0,0.0,0.0,0.0,0.0
Cd126,5181032413.933462,6191487.4766330775,7399.011148509105,8.842037746563033,0.010566497325443168,1.2627277662549795e-05,1.5089971279620944e-08,1.8032963185336708e-11,2.1549925789645223e-14,2.5752800400371075e-17,3.0775360200081296e-20,3.6777468109103265e-23,4.3950165058101706e-26,5.25217506247056e-29,6.276504957460354e-32,7.500609559364853e-35,8.963450860524676e-38,1.0711589597238547e-40,1.280066723018247e-43,1.529717695496006e-46,1.8280580112231033e-49,2.184583536057874e-52,2.6106421113091695e-55,3.1197947438711456e-58,3.7282472391457436e-61,4.455366015185502e-64,5.324294515891131e-67,6.362689843062895e-70,7.603603053547449e-73,9.086531140434307e-76,1.0858674181783036e-78,1.2976437670634095e-81,1.5507227843924625e-84,1.8531597153785027e-87,2.2145808169363924e-90,2.646489751554389e-93,3.1626337370570528e-96,3.779441106430411e-99,4.51654420478923e-102,5.39740426675988e-105,6.450058163484133e-108,7.708010787434161e-111,9.211301478730865e-114,1.1007778436220045e-116,1.3154621676502353e-119,1.5720163015138502e-122,1.8786060998162845e-125,2.244990000974147e-128,2.6828296282902413e-131,3.206060967446972e-134,3.831337934618557e-137,4.578562453519529e-140,5.4715179131975525e-143,6.5386261688816405e-146,7.813852180445215e-149,9.337785082197398e-152,1.1158930093343545e-154,1.3335252389298445e-157,1.5936022073690317e-160,1.9044018974619915e-163,2.275816744157523e-166,2.7196685005881865e-169,3.250084512331731e-172,3.883947376312262e-175,4.6414322965221397e-178,5.54664924004541e-181,6.6284103325495e-184,7.92114691865558e-187,9.466005476277323e-190,1.1312157266756092e-192,1.3518363405611206e-195,1.6154845168500127e-198,1.930551906230635e-201,2.307066780137249e-204,2.7570132203308867e-207,3.294712559914321e-210,3.937279216656923e-213,4.705165427336002e-216,5.622812221429263e-219,6.719427353982495e-222,8.029914958456741e-225,9.595986509450296e-228,1.14674884560981e-230,1.3703988783356068e-233,1.6376672999786858e-236,1.9570609899190765e-239
Cd127,3757308855.8659544,321295.01330632594,27.47458054174415,0.0023494064479148997,2.0090245414730185e-07,1.717957151187266e-11,1.4690595920503378e-15,1.2562223007154934e-19,1.0742208671143232e-23,9.185877934873504e-28,7.855028329608483e-32,6.71699215865985e-36,5.743834619848753e-40,4.911668103950176e-44,4.2000658375496176e-48,3.591560477297735e-52,3.071215347808165e-56,2.626257798590453e-60,2.2457656802150054e-64,1.920399243797947e-68,1.6421718828772257e-72,1.4042540901959785e-76,1.2008058172188094e-80,1.0268331213942154e-84,8.780655823555682e-89,7.508514780576756e-93,6.420681477902375e-97,5.490453417941058e-101,4.694996759818867e-105,4.014785828558378e-109,3.433123828144034e-113,2.935732993658234e-117,2.5104041221585535e-121,2.1466968795065858e-125,1.8356835267307075e-129,1.5697297753025153e-133,1.3423073920915338e-137,1.1478339541061058e-141,9.81535819560631e-146,8.393309516887681e-150,7.177287190376013e-154,6.137442126909343e-158,5.248249772096421e-162,4.4878835679026855e-166,3.837679187095082e-170,3.2816763893777832e-174,2.806227253391511e-178,2.3996611680441705e-182,2.0519983598832715e-186,1.7547049246104757e-190,1.5004833496199318e-194,1.2830933856223393e-198,1.0971988703805392e-202,9.382367446157708e-207,8.023050448838794e-211,6.860671240388584e-215,5.866697482315779e-219,5.016730600118501e-223,4.289906883732964e-227,3.6683853565237745e-231,3.1369098417931436e-235,2.6824344770756105e-239,2.2938034839059287e-243,1.961477332529329e-247,1.677298579856965e-251,1.4342916328084181e-255,1.2264915219326482e-259,1.0487974822994703e-263,8.968477475852543e-268,7.669124839861858e-272,6.558022358616131e-276,5.607896357687111e-280,4.795424571439951e-284,4.10066366309495e-288,3.5065596856584527e-292,2.9985294672533067e-296,2.564102645324877e-300,2.192615562916069e-304,1.874949513237065e-308,1.60330690735e-312,1.37101986e-316,1.1724e-320,0.0,0.0,0.0,0.0
Cd128,1238833514.552129,5217.699787184895,0.021975737077823403,9.255668969298428e-08,3.898272343078053e-13,1.6418615781544224e-18,6.915138821961357e-24,2.9124955211357983e-29,1.2266753248245193e-34,5.166470958027544e-40,2.175997317298324e-45,9.164794234510166e-51,3.8599980199054374e-56,1.6257413240735178e-61,6.847244063780801e-67,2.883899829248682e-72,1.214631484969778e-77,5.1157451077773525e-83,2.1546327698231124e-88,9.074811733168287e-94,3.822099484693604e-99,1.609779343135185e-104,6.780015915238492e-110,2.8555848978257728e-115,1.2027058948878288e-120,5.065517298047385e-126,2.1334779854230635e-131,8.985712705076368e-137,3.78457304785171e-142,1.5939740813696386e-147,6.713447831375392e-153,2.8275479702826635e-158,1.1908973935694771e-163,5.015782638937141e-169,2.1125309045859053e-174,8.897488476048112e-180,3.747415056014377e-185,1.5783240000644074e-190,6.647533331492695e-196,2.7997863170998536e-201,1.1792048314046388e-206,4.966536288556522e-212,2.0917894880202205e-217,8.8101304570627e-223,3.71062189168595e-228,1.5628275756145298e-233,6.582265998520942e-239,2.7722972355570503e-244,1.1676270700704366e-249,4.917773452554511e-255,2.0712517164569508e-260,8.723630143428846e-266,3.674189972888408e-271,1.5474832993742254e-276,6.5176394783952304e-282,2.745078049470005e-287,1.1561629824203489e-292,4.869489383652306e-298,2.0509155904527568e-303,8.63797911395657e-309,3.638115753e-314,1.5323e-319,0.0,0.0,0.0,0.0,0.0,0.0,0.0,0.0,0.0,0.0,0.0,0.0,0.0,0.0,0.0,0.0,0.0,0.0,0.0,0.0,0.0,0.0,0.0,0.0
Cd129,2012825.014466913,6.43103540097205,1.7125819047261694e-05,4.5605980958403696e-11,1.2144852712961738e-16,3.2341689471401495e-22,8.612577711611293e-28,2.2935256645802318e-33,6.107648778595544e-39,1.6264641891202476e-44,4.331266997148602e-50,1.15341450036695e-55,3.0715377521925083e-61,8.179491553246767e-67,2.1781950106873373e-72,5.800523753459851e-78,1.5446769297224136e-83,4.1134678843327946e-89,1.0954146922151574e-94,2.9170845176428486e-100,7.768183267529369e-106,2.0686637947221647e-111,5.508842606072209e-117,1.4670023681906354e-122,3.9066208678838456e-128,1.0403314225190336e-133,2.770398012200081e-139,7.377557747335791e-145,1.9646403901384062e-150,5.231828736219735e-156,1.3932336962290724e-161,3.71017521821761e-167,9.880180322320323e-173,2.6310876834669265e-178,7.006574953346203e-184,1.86584783492167e-189,4.968744595273667e-195,1.3231745049615872e-200,3.523607899358959e-206,9.383352371035364e-212,2.4987826180953094e-217,6.654247144942607e-223,1.772023094178891e-228,4.7188897224682415e-234,1.256638261993688e-239,3.3464221763600397e-245,8.91150756834945e-251,2.3731305542306258e-256,6.31963625035225e-262,1.6829163598087057e-267,4.481598879925915e-273,1.1934478147705573e-278,3.1781462927448877e-284,8.463389628837638e-290,2.25379694361559e-295,6.001851369034287e-301,1.598290385388095e-306,4.256240281466e-312,1.133435e-317,3e-323,0.0,0.0,0.0,0.0,0.0,0.0,0.0,0.0,0.0,0.0,0.0,0.0,0.0,0.0,0.0,0.0,0.0,0.0,0.0,0.0,0.0,0.0,0.0,0.0,0.0,0.0
Cd130,17712803898.160072,9.062353590590881,4.636515909962893e-09,2.372151954615731e-18,1.2136494309651288e-27,6.209319510143211e-37,3.176835731582271e-46,1.6253448141896457e-55,8.315651132825218e-65,4.254485150422296e-74,2.176695920264537e-83,1.1136494691551548e-92,5.697695891297638e-102,2.9150769042558655e-111,1.491422764543272e-120,7.630474034322968e-130,3.9039322298602145e-139,1.997344697955401e-148,1.021889112709675e-157,5.228228055695789e-167,2.674885979544674e-176,1.3685353674979407e-185,7.001752846345729e-195,3.5822634975770464e-204,1.8327713142246028e-213,9.376894504037895e-223,4.797442531833567e-232,2.4544858467091304e-241,1.255773410878753e-250,6.424835822884815e-260,3.287099009536957e-269,1.6817581330268584e-278,8.60427510639663e-288,4.4021520486605184e-297,2.2522458219774038e-306,1.152302596e-315,0.0,0.0,0.0,0.0,0.0,0.0,0.0,0.0,0.0,0.0,0.0,0.0,0.0,0.0,0.0,0.0,0.0,0.0,0.0,0.0,0.0,0.0,0.0,0.0,0.0,0.0,0.0,0.0,0.0,0.0,0.0,0.0,0.0,0.0,0.0,0.0,0.0,0.0,0.0,0.0,0.0,0.0,0.0,0.0,0.0,0.0,0.0,0.0,0.0,0.0
Cd131,1166753338.0221696,8.558951143892145e-14,6.27858882389937e-36,4.605783694387078e-58,3.378664224472531e-80,2.4784863335293255e-102,1.818142939744374e-124,1.3337349109507216e-146,9.783877679820002e-169,7.17715804450566e-191,5.264947016054674e-213,3.8622065878963434e-235,2.83319845045047e-257,2.0783490672898135e-279,1.5246142905441873e-301,1e-323,0.0,0.0,0.0,0.0,0.0,0.0,0.0,0.0,0.0,0.0,0.0,0.0,0.0,0.0,0.0,0.0,0.0,0.0,0.0,0.0,0.0,0.0,0.0,0.0,0.0,0.0,0.0,0.0,0.0,0.0,0.0,0.0,0.0,0.0,0.0,0.0,0.0,0.0,0.0,0.0,0.0,0.0,0.0,0.0,0.0,0.0,0.0,0.0,0.0,0.0,0.0,0.0,0.0,0.0,0.0,0.0,0.0,0.0,0.0,0.0,0.0,0.0,0.0,0.0,0.0,0.0,0.0,0.0,0.0,0.0
Cd132,0.014274520567301994,4.340616779353791e-18,1.3199010037763245e-33,4.013573988047641e-49,1.2204533606266208e-64,3.711172162019526e-80,1.1284985776988063e-95,3.431554733303499e-111,1.0434721071310497e-126,3.1730050166278695e-142,9.648519367927087e-158,2.933935669985176e-173,8.921553854392815e-189,2.7128789492931676e-204,8.24936139335662e-220,2.508477697316108e-235,7.627815121543563e-251,2.319477011523795e-266,7.053099113260457e-282,2.1447165397338526e-297,6.52168495286e-313,0.0,0.0,0.0,0.0,0.0,0.0,0.0,0.0,0.0,0.0,0.0,0.0,0.0,0.0,0.0,0.0,0.0,0.0,0.0,0.0,0.0,0.0,0.0,0.0,0.0,0.0,0.0,0.0,0.0,0.0,0.0,0.0,0.0,0.0,0.0,0.0,0.0,0.0,0.0,0.0,0.0,0.0,0.0,0.0,0.0,0.0,0.0,0.0,0.0,0.0,0.0,0.0,0.0,0.0,0.0,0.0,0.0,0.0,0.0,0.0,0.0,0.0,0.0,0.0,0.0
Ce153,2079346863.7571468,60336603.37865031,1750430.386747921,50781.87204562518,1473.236837627711,42.74018842377685,1.2399389289243152,0.035971964658131406,0.0010435854631069797,3.0275538997062478e-05,8.783260154215922e-07,2.5481184313224695e-08,7.392366189823852e-10,2.1446051020512838e-11,6.221730533419359e-13,1.804991081736086e-14,5.236473658971314e-16,1.5191574439651293e-17,4.407239470403504e-19,1.2785876688847275e-20,3.70932062576216e-22,1.0761138903135353e-23,3.121922372746601e-25,9.057033264960518e-27,2.62754296130795e-28,7.622785311199854e-30,2.2114521724782607e-31,6.415661089094788e-33,1.8612524260019696e-34,5.399693882188847e-36,1.5665093898078717e-37,4.544612568595246e-39,1.3184410851930491e-40,3.824939681629083e-42,1.1096562244917166e-43,3.2192322991843095e-45,9.339339849022641e-47,2.709443143871382e-48,7.860386567515123e-50,2.2803828576557557e-51,6.615636435720665e-53,1.9192674292696222e-54,5.56800165916911e-56,1.6153372898277136e-57,4.686267568924043e-59,1.3595367274590397e-60,3.9441625688786895e-62,1.1442440689938943e-63,3.3195753637506157e-65,9.630445893688816e-67,2.793896144791227e-68,8.10539382500944e-70,2.3514621035926265e-71,6.82184498866818e-73,1.9790907528688556e-74,5.741555568320948e-76,1.6656871493301223e-77,4.832337937739203e-79,1.4019133157090556e-80,4.067101618480447e-82,1.1799100122449486e-83,3.423046108978277e-85,9.93062567703581e-87,2.8809815350935655e-88,8.358037927805118e-90,2.4247568806566542e-91,7.034481036191914e-93,2.0407787619162394e-94,5.920519130922219e-96,1.7176064076001327e-97,4.98296130151934e-99,1.445610776867796e-100,4.193872662745982e-102,1.21668765844685e-103,3.529742024278861e-105,1.0240162026353358e-106,2.9707813660232815e-108,8.618556915406578e-110,2.5003362466735096e-111,7.253744922486774e-113,2.1043895784219e-114,6.10506096518833e-116,1.7711439825993e-117,5.138279576542998e-119,1.4906702823771511e-120,4.3245951444654353e-122
Ce154,88024620.7381436,1005769.5493078112,11491.30836681956,131.29266830260607,1.5000698092647713,0.017138881110111318,0.00019581838384608385,2.2373012103730707e-06,2.556203665673811e-08,2.920562126417774e-10,3.3368558416559105e-12,3.812487605476954e-14,4.3559153981019367e-16,4.976802790955652e-18,5.686190790311662e-20,6.496694175341554e-22,7.42272582197396e-24,8.480753001629843e-26,9.68959021249781e-28,1.1070733750657484e-29,1.2648743970603125e-31,1.4451682032761999e-33,1.651160890452412e-35,1.8865155488330015e-37,2.155417401518967e-39,2.462648228711756e-41,2.813671400306627e-43,3.214729028938418e-45,3.672952971115645e-47,4.19649165033426e-49,4.794654957418641e-51,5.47807980479791e-53,6.2589192787068076e-55,7.151058752933398e-57,8.17036280718278e-59,9.334957340912977e-61,1.0665551899366923e-62,1.2185807943602656e-64,1.3922759613328967e-66,1.5907294464812929e-68,1.8174702732640577e-70,2.0765304882645086e-72,2.372516861553948e-74,2.710692807145916e-76,3.097071980301929e-78,3.538525216094316e-80,4.0429027108742423e-82,4.619173619351881e-84,5.2775855496909774e-86,6.029846792858818e-88,6.8893345267475115e-90,7.871332697481795e-92,8.993303808067027e-94,1.0275199447492284e-95,1.1739815082310495e-97,1.3413195419820438e-99,1.5325097551271097e-101,1.7509520110989282e-103,2.00053078612677e-105,2.2856842454118372e-107,2.611483165344711e-109,2.9837211052089223e-111,3.409017431860041e-113,3.894935029429265e-115,4.4501147872387814e-117,5.084429257476757e-119,5.809158215068432e-121,6.637189241658218e-123,7.583246900612204e-125,8.66415457837353e-127,9.89913364839681e-129,1.1310145277580845e-130,1.292228095341467e-132,1.4764208676433587e-134,1.6868682752457563e-136,1.9273126250054814e-138,2.20202964808521e-140,2.5159045336676953e-142,2.8745188004320276e-144,3.2842495505946575e-146,3.75238287151229e-148,4.2872434014246517e-150,4.898342363355773e-152,5.596546699604854e-154,6.394272314481554e-156,7.305704861648368e-158
Ce155,1495580.3318165333,953.1553550159637,0.6074578935450635,0.0003871405542396348,2.467295434458834e-07,1.5724384062159752e-10,1.0021347694364604e-13,6.386730902421952e-17,4.070343916206948e-20,2.5940813617057473e-23,1.6532406719626728e-26,1.0536310694720683e-29,6.714923298124125e-33,4.2795050569534845e-36,2.7273823868705513e-39,1.7381950915387267e-42,1.107773589355779e-45,7.059980385676083e-49,4.499414277886616e-52,2.8675332986936158e-55,1.8275150300182905e-58,1.1646983093323796e-61,7.422768784277116e-65,4.730623886319661e-68,3.0148860895708926e-71,1.921424816581552e-74,1.2245481972093073e-77,7.804199645742001e-81,4.973714570761742e-84,3.1698108395913124e-87,2.0201603079228852e-90,1.2874735674237454e-93,8.205230942880708e-97,5.229296859331023e-100,3.3326966460018687e-103,2.1239694806106302e-106,1.3536324585609642e-109,8.62686987547023e-113,5.498012653110739e-116,3.5039526004347114e-119,2.2331130538862154e-122,1.4231910302720247e-125,9.070175399861108e-129,5.780536838299294e-132,3.684008816350662e-135,2.347865144466829e-138,1.4963239805877648e-141,9.536260888571867e-145,6.077578981203228e-148,3.873317509279558e-151,2.4685139549961753e-154,1.5732149846771184e-157,1.0026296926550938e-160,6.389885110330082e-164,4.072354132570448e-167,2.5953624978723458e-170,1.6540571561517226e-173,1.0541514251129053e-176,6.718239590057061e-180,4.2816185715041725e-183,2.728729356270803e-186,1.7390535320754264e-189,1.108320684304566e-192,7.063467090580994e-196,4.501636398767264e-199,2.868949484273657e-202,1.8284175828967537e-205,1.1652735176312774e-208,7.426434659097495e-212,4.732960194440463e-215,3.0163750481149716e-218,1.9223737485851055e-221,1.2251529635078365e-224,7.808053897410893e-228,4.9761709338169144e-231,3.171376310654741e-234,2.0211580023171496e-237,1.288109410607054e-240,8.209283251444163e-244,5.2318794465356284e-247,3.3343425613029763e-250,2.1250184431291404e-253,1.3543009755645423e-256,8.631130418398957e-260,5.500727950694844e-263,3.5056830937294855e-266
Ce156,26328.901047381063,2.195004935378649,0.00018299459812873102,1.52560125968551e-08,1.271873174046765e-12,1.0603434944680499e-16,8.839940563282735e-21,7.369739105305193e-25,6.144051998025567e-29,5.122213203893157e-33,4.2703199964077236e-37,3.5601081301847387e-41,2.9680140854243714e-45,2.4743932737852974e-49,2.0628682671762008e-53,1.7197854248983765e-57,1.4337618910302738e-61,1.1953079322626415e-65,9.965120860502932e-70,8.307786728768312e-74,6.926089637734265e-78,5.774187426335382e-82,4.81386210377672e-86,4.013251847088843e-90,3.34579388460793e-94,2.7893431922046035e-98,2.325437762227816e-102,1.9386860681424702e-106,1.616256402067277e-110,1.347451142374171e-114,1.1233518263334809e-118,9.365232519698646e-123,7.807667917743163e-127,6.509147336762265e-131,5.426588258882585e-135,4.5240733705822175e-139,3.771658892474307e-143,3.1443810999355656e-147,2.621428072766615e-151,2.185449194065474e-155,1.8219794887603816e-159,1.5189597024162577e-163,1.2663361974147463e-167,1.0557273918010657e-171,8.801456738538164e-176,7.337655660160804e-180,6.117304462946477e-184,5.09991414499884e-188,4.251729572052657e-192,3.544609544377182e-196,2.955093123672967e-200,2.463621242410676e-204,2.053887770045386e-208,1.7122985056802853e-212,1.4275201475541914e-216,1.1901042749923606e-220,9.921738672352616e-225,8.271619584182183e-229,6.895937577561971e-233,5.749050060833146e-237,4.792905421520774e-241,3.995780544014633e-245,3.331228295103689e-249,2.777200056875496e-253,2.315314194240529e-257,1.9302461861831925e-261,1.6092201864191982e-265,1.3415851443797494e-269,1.118461422998566e-273,9.324461887317094e-278,7.77367799194452e-282,6.48081039449988e-286,5.402964132677113e-290,4.504378255498721e-294,3.7552393409201682e-298,3.1306923414745943e-302,2.6100159396407513e-306,2.17593505274624e-310,1.814047678e-314,1.512345e-318,1.3e-322,0.0,0.0,0.0,0.0,0.0
Ce157,138.77548741644875,8.773598577479002e-05,5.546803216604508e-11,3.50677383425202e-17,2.2170360556116026e-23,1.4016441048671896e-29,8.861408418398402e-36,5.602317941122616e-42,3.541871092213688e-48,2.23922507892246e-54,1.415672344794864e-60,8.950097096900129e-67,5.658388280202474e-73,3.5773196181996657e-79,2.261636179251078e-85,1.4298409852099276e-91,9.039673408757976e-98,5.715019794666798e-104,3.613122927847116e-110,2.284271579237046e-116,1.4441514312991275e-122,9.13014623777751e-129,5.772218100993349e-135,3.6492845719791863e-141,2.3071335237650704e-147,1.4586051023129118e-153,9.221524556677117e-160,5.82998887187194e-166,3.6858081369571427e-172,2.3302242801875977e-178,1.4732034317061768e-184,9.313817427977907e-191,5.888337836767028e-197,3.7226972450360567e-203,2.3535461385496858e-209,1.4879478672804305e-215,9.407034004902488e-222,5.947270782485938e-228,3.759955554724027e-234,2.3771014118161164e-240,1.502839871327394e-246,9.501183532282754e-253,6.006793553752815e-259,3.797586761145053e-265,2.4008924361007956e-271,1.517880920774004e-277,9.596275347476723e-284,6.066912053788206e-290,3.8355945964054584e-296,2.4249215708984355e-302,1.5330725073289097e-308,9.69231888e-315,6.126e-321,0.0,0.0,0.0,0.0,0.0,0.0,0.0,0.0,0.0,0.0,0.0,0.0,0.0,0.0,0.0,0.0,0.0,0.0,0.0,0.0,0.0,0.0,0.0,0.0,0.0,0.0,0.0,0.0,0.0,0.0,0.0,0.0,0.0
Cl43,0.0,0.0,0.0,0.0,0.0,0.0,0.0,0.0,0.0,0.0,0.0,0.0,0.0,0.0,0.0,0.0,0.0,0.0,0.0,0.0,0.0,0.0,0.0,0.0,0.0,0.0,0.0,0.0,0.0,0.0,0.0,0.0,0.0,0.0,0.0,0.0,0.0,0.0,0.0,0.0,0.0,0.0,0.0,0.0,0.0,0.0,0.0,0.0,0.0,0.0,0.0,0.0,0.0,0.0,0.0,0.0,0.0,0.0,0.0,0.0,0.0,0.0,0.0,0.0,0.0,0.0,0.0,0.0,0.0,0.0,0.0,0.0,0.0,0.0,0.0,0.0,0.0,0.0,0.0,0.0,0.0,0.0,0.0,0.0,0.0,0.0
Cl44,0.0,0.0,0.0,0.0,0.0,0.0,0.0,0.0,0.0,0.0,0.0,0.0,0.0,0.0,0.0,0.0,0.0,0.0,0.0,0.0,0.0,0.0,0.0,0.0,0.0,0.0,0.0,0.0,0.0,0.0,0.0,0.0,0.0,0.0,0.0,0.0,0.0,0.0,0.0,0.0,0.0,0.0,0.0,0.0,0.0,0.0,0.0,0.0,0.0,0.0,0.0,0.0,0.0,0.0,0.0,0.0,0.0,0.0,0.0,0.0,0.0,0.0,0.0,0.0,0.0,0.0,0.0,0.0,0.0,0.0,0.0,0.0,0.0,0.0,0.0,0.0,0.0,0.0,0.0,0.0,0.0,0.0,0.0,0.0,0.0,0.0
Cl45,0.0,0.0,0.0,0.0,0.0,0.0,0.0,0.0,0.0,0.0,0.0,0.0,0.0,0.0,0.0,0.0,0.0,0.0,0.0,0.0,0.0,0.0,0.0,0.0,0.0,0.0,0.0,0.0,0.0,0.0,0.0,0.0,0.0,0.0,0.0,0.0,0.0,0.0,0.0,0.0,0.0,0.0,0.0,0.0,0.0,0.0,0.0,0.0,0.0,0.0,0.0,0.0,0.0,0.0,0.0,0.0,0.0,0.0,0.0,0.0,0.0,0.0,0.0,0.0,0.0,0.0,0.0,0.0,0.0,0.0,0.0,0.0,0.0,0.0,0.0,0.0,0.0,0.0,0.0,0.0,0.0,0.0,0.0,0.0,0.0,0.0
Cl46,0.0,0.0,0.0,0.0,0.0,0.0,0.0,0.0,0.0,0.0,0.0,0.0,0.0,0.0,0.0,0.0,0.0,0.0,0.0,0.0,0.0,0.0,0.0,0.0,0.0,0.0,0.0,0.0,0.0,0.0,0.0,0.0,0.0,0.0,0.0,0.0,0.0,0.0,0.0,0.0,0.0,0.0,0.0,0.0,0.0,0.0,0.0,0.0,0.0,0.0,0.0,0.0,0.0,0.0,0.0,0.0,0.0,0.0,0.0,0.0,0.0,0.0,0.0,0.0,0.0,0.0,0.0,0.0,0.0,0.0,0.0,0.0,0.0,0.0,0.0,0.0,0.0,0.0,0.0,0.0,0.0,0.0,0.0,0.0,0.0,0.0
Cl47,0.0,0.0,0.0,0.0,0.0,0.0,0.0,0.0,0.0,0.0,0.0,0.0,0.0,0.0,0.0,0.0,0.0,0.0,0.0,0.0,0.0,0.0,0.0,0.0,0.0,0.0,0.0,0.0,0.0,0.0,0.0,0.0,0.0,0.0,0.0,0.0,0.0,0.0,0.0,0.0,0.0,0.0,0.0,0.0,0.0,0.0,0.0,0.0,0.0,0.0,0.0,0.0,0.0,0.0,0.0,0.0,0.0,0.0,0.0,0.0,0.0,0.0,0.0,0.0,0.0,0.0,0.0,0.0,0.0,0.0,0.0,0.0,0.0,0.0,0.0,0.0,0.0,0.0,0.0,0.0,0.0,0.0,0.0,0.0,0.0,0.0
Co66,16522.888342297472,6.645655213639156,0.0025219957572631163,9.570815549493566e-07,3.632064407178717e-10,1.3783456372839788e-13,5.2307351490375004e-17,1.985031145982385e-20,7.533068561586795e-24,2.8587522200052615e-27,1.084878517774108e-30,4.117045856900391e-34,1.562393052320536e-37,5.929183533013392e-41,2.2500879222384573e-44,8.538942384922707e-48,3.240475020215779e-51,1.229739923668254e-54,4.666785796617254e-58,1.771015907700483e-61,6.720894170033836e-65,2.5505371379438896e-68,9.679128293725617e-72,3.673168413533631e-75,1.393944349609181e-78,5.289931282889634e-82,2.007495707094766e-85,7.618320160488927e-89,2.8911046665053805e-92,1.097156068084275e-95,4.163638389436728e-99,1.5800746258698769e-102,5.9962839944310945e-106,2.2755521260317714e-109,8.635577439455471e-113,3.277147416652551e-116,1.2436568678549995e-119,4.7195997259798807e-123,1.791058462282091e-126,6.796954406226201e-130,2.5794015200069723e-133,9.788666811299568e-137,3.7147375931754388e-140,1.409719592276e-143,5.349797338304093e-147,2.0302144992337035e-150,7.704536550174007e-154,2.923823245049841e-157,1.109572563206376e-160,4.2107582088101934e-164,1.5979563014631453e-167,6.064143830541361e-171,2.3013045077529003e-174,8.733306111129998e-178,3.314234833927945e-181,1.2577313098441425e-184,4.7730113496135415e-188,1.8113278380867174e-191,6.873875414718103e-195,2.6085925597530606e-198,9.89944497427013e-202,3.7567772104616872e-205,1.4256733630750714e-208,5.410340896770919e-212,2.053190399527061e-215,7.791728649161652e-219,2.9569120991482747e-222,1.1221295755763004e-225,4.258411282316261e-229,1.6160403436515035e-232,6.132771635173677e-236,2.3273483287061746e-239,8.83214077639143e-243,3.35174196882518e-246,1.2719650320354247e-249,4.827027431613325e-253,1.831826602045974e-256,6.951666936853873e-260,2.638113953961153e-263,1.0011476811681503e-266,3.7992925893265775e-270,1.441807682405994e-273,5.471569625579718e-277,2.0764263176631097e-280,7.879907499536142e-284,2.9903754192023375e-287
Co67,142496.08568705549,119.77360313730532,0.05341075140989367,1.992430295925681e-05,6.828094798844347e-09,2.227817186986017e-12,7.0421087119066415e-16,2.177911544347471e-19,6.630287439157075e-23,1.9948993632988465e-26,5.94856098902169e-30,1.761452482839053e-33,5.187256536722623e-37,1.520882904567026e-40,4.443418387139371e-44,1.294472079272172e-47,3.762287852966734e-51,1.0913867911376567e-54,3.1609702684449962e-58,9.143171766483814e-62,2.6418347817793747e-65,7.62652351546649e-69,2.2000138439686497e-72,6.342437450344158e-76,1.8275266315211403e-79,5.263626594379898e-83,1.515482982348285e-86,4.362016431391164e-90,1.255206254182234e-93,3.6112057123178646e-97,1.0387559580425857e-100,2.987523789701755e-104,8.591245031844167e-108,2.4703379770545027e-111,7.102633590995858e-115,2.0419789637045467e-118,5.870255392951893e-122,1.6874885967511078e-125,4.850721761877814e-129,1.39430094037152e-132,4.007687078937787e-136,1.1519146500598408e-139,3.3108366885895654e-143,9.515851159262048e-147,2.734961216764621e-150,7.860485701725442e-154,2.2591399281897055e-157,6.492816694515278e-161,1.866036003981455e-164,5.362956435871826e-168,1.5412969450871773e-171,4.4296205018948506e-175,1.273049165580923e-178,3.6586640737013575e-182,1.0514746534523329e-185,3.0218588126247496e-189,8.684578933559262e-193,2.495874385507508e-196,7.172922600192881e-200,2.0614324836550726e-203,5.924363654445348e-207,1.702605321413346e-210,4.893121491056666e-214,1.4062346322944832e-217,4.041377261708348e-221,1.1614508650790973e-224,3.337891065985031e-228,9.592755311331423e-232,2.756858542252214e-235,7.922924568260208e-239,2.276965735275393e-242,6.543760789961075e-246,1.8806080450455874e-249,5.404669306743144e-253,1.5532448798578646e-256,4.4638614711546345e-260,1.282866498624084e-263,3.6868222563096466e-267,1.059553575626229e-270,3.0450443971710056e-274,8.751133833867496e-278,2.5149827639133424e-281,7.227792774739587e-285,2.07719068138416e-288,5.969624762373436e-292,1.7156065520147773e-295
Co68,70933.31458576438,0.004724448477486705,1.539559568928321e-10,4.4280623547218806e-18,1.2294869280414508e-25,3.376341224061382e-33,9.23900112857171e-41,2.5252311687408757e-48,6.899428796664464e-56,1.8848269349562377e-63,5.1488741439899465e-71,1.4065246085920402e-78,3.842204859132052e-86,1.0495740511225324e-93,2.867117241111129e-101,7.832091525718276e-109,2.1394888829198888e-116,5.844431964403688e-124,1.5965207895466416e-131,4.3612084845353476e-139,1.191349311537698e-146,3.254403422518051e-154,8.890038826803792e-162,2.4284878080469687e-169,6.633888949970891e-177,1.812176386252687e-184,4.9503138802225255e-192,1.3522749605733579e-199,3.694003275831355e-207,1.0090891719289665e-214,2.7565242390726187e-222,7.529984556339819e-230,2.05696240994391e-237,5.6189947326783175e-245,1.5349382007777025e-252,4.192983607022666e-260,1.1453953989713102e-267,3.1288713311145446e-275,8.547123391156304e-283,2.334813756551271e-290,6.377999975315166e-298,1.7422753130085463e-305,4.7593654407e-313,1.3e-320,0.0,0.0,0.0,0.0,0.0,0.0,0.0,0.0,0.0,0.0,0.0,0.0,0.0,0.0,0.0,0.0,0.0,0.0,0.0,0.0,0.0,0.0,0.0,0.0,0.0,0.0,0.0,0.0,0.0,0.0,0.0,0.0,0.0,0.0,0.0,0.0,0.0,0.0,0.0,0.0,0.0,0.0
Co68_m1,0.0,0.0,0.0,0.0,0.0,0.0,0.0,0.0,0.0,0.0,0.0,0.0,0.0,0.0,0.0,0.0,0.0,0.0,0.0,0.0,0.0,0.0,0.0,0.0,0.0,0.0,0.0,0.0,0.0,0.0,0.0,0.0,0.0,0.0,0.0,0.0,0.0,0.0,0.0,0.0,0.0,0.0,0.0,0.0,0.0,0.0,0.0,0.0,0.0,0.0,0.0,0.0,0.0,0.0,0.0,0.0,0.0,0.0,0.0,0.0,0.0,0.0,0.0,0.0,0.0,0.0,0.0,0.0,0.0,0.0,0.0,0.0,0.0,0.0,0.0,0.0,0.0,0.0,0.0,0.0,0.0,0.0,0.0,0.0,0.0,0.0
Co69,92378.71640717537,0.0137769754579566,1.9840978012340517e-09,2.857408059044996e-16,4.115110056982593e-23,5.926395681385109e-30,8.534927446896376e-37,1.2291617104236276e-43,1.7701831910954732e-50,2.5493378970916536e-57,3.671441321011377e-64,5.287444002227981e-71,7.614738091196104e-78,1.0966401946399802e-84,1.5793316882302763e-91,2.2744821807914413e-98,3.2756065298320683e-105,4.717380610361585e-112,6.793758536119511e-119,9.784064263485198e-126,1.409056754123122e-132,2.029259909657167e-139,2.922448488247332e-146,4.208778346141989e-153,6.061292521729649e-160,8.729199784933586e-167,1.2571399352879342e-173,1.8104761671550807e-180,2.6073660217355203e-187,3.7550108057946005e-194,5.407797000533461e-201,7.7880650446731e-208,1.1216019598012956e-214,1.6152804952374563e-221,2.3262540293321133e-228,3.350166008281044e-235,4.824757804402008e-242,6.948398322231832e-249,1.0006769500500983e-255,1.441129756706191e-262,2.0754499996827845e-269,2.9889693701338598e-276,4.304578716405542e-283,6.199259889003732e-290,8.927894157201417e-297,1.2857550015539153e-303,1.85168629344406e-310,2.666715e-317,5e-324,0.0,0.0,0.0,0.0,0.0,0.0,0.0,0.0,0.0,0.0,0.0,0.0,0.0,0.0,0.0,0.0,0.0,0.0,0.0,0.0,0.0,0.0,0.0,0.0,0.0,0.0,0.0,0.0,0.0,0.0,0.0,0.0,0.0,0.0,0.0,0.0,0.0
Co70,31450.326148133234,7.473685072298841e-09,1.6796772582162439e-21,3.7749108626086633e-34,8.483744008737853e-47,1.906638726715299e-59,4.2849845899008493e-72,9.630084964926568e-85,2.164267676721111e-97,4.8639805293093936e-110,1.0931321871120611e-122,2.4567079808398415e-135,5.521211592046418e-148,1.2408384586973461e-160,2.788663420906367e-173,6.267249069040994e-186,1.4085031057863915e-198,3.16547336344091e-211,7.114092665815912e-224,1.5988229451661432e-236,3.5931986411601925e-249,8.075363512808351e-262,1.8148591930598216e-274,4.078719038975249e-287,9.16652325564237e-300,2.06008670353e-312,0.0,0.0,0.0,0.0,0.0,0.0,0.0,0.0,0.0,0.0,0.0,0.0,0.0,0.0,0.0,0.0,0.0,0.0,0.0,0.0,0.0,0.0,0.0,0.0,0.0,0.0,0.0,0.0,0.0,0.0,0.0,0.0,0.0,0.0,0.0,0.0,0.0,0.0,0.0,0.0,0.0,0.0,0.0,0.0,0.0,0.0,0.0,0.0,0.0,0.0,0.0,0.0,0.0,0.0,0.0,0.0,0.0,0.0,0.0,0.0
Co70_m1,0.0,0.0,0.0,0.0,0.0,0.0,0.0,0.0,0.0,0.0,0.0,0.0,0.0,0.0,0.0,0.0,0.0,0.0,0.0,0.0,0.0,0.0,0.0,0.0,0.0,0.0,0.0,0.0,0.0,0.0,0.0,0.0,0.0,0.0,0.0,0.0,0.0,0.0,0.0,0.0,0.0,0.0,0.0,0.0,0.0,0.0,0.0,0.0,0.0,0.0,0.0,0.0,0.0,0.0,0.0,0.0,0.0,0.0,0.0,0.0,0.0,0.0,0.0,0.0,0.0,0.0,0.0,0.0,0.0,0.0,0.0,0.0,0.0,0.0,0.0,0.0,0.0,0.0,0.0,0.0,0.0,0.0,0.0,0.0,0.0,0.0
Co71,14609.677653502022,1.2968759917359738e-15,1.149124487317915e-34,1.018206132096009e-53,9.022031458555891e-73,7.994162387493552e-92,7.083397189555567e-111,6.276394362904e-130,5.561332386778758e-149,4.92773655190211e-168,4.3663255198844574e-187,3.868875363930586e-206,3.4280990992227013e-225,3.0375399382605606e-244,2.6914767074907616e-263,2.384840039704493e-282,2.113138114533456e-301,1.8725e-320,0.0,0.0,0.0,0.0,0.0,0.0,0.0,0.0,0.0,0.0,0.0,0.0,0.0,0.0,0.0,0.0,0.0,0.0,0.0,0.0,0.0,0.0,0.0,0.0,0.0,0.0,0.0,0.0,0.0,0.0,0.0,0.0,0.0,0.0,0.0,0.0,0.0,0.0,0.0,0.0,0.0,0.0,0.0,0.0,0.0,0.0,0.0,0.0,0.0,0.0,0.0,0.0,0.0,0.0,0.0,0.0,0.0,0.0,0.0,0.0,0.0,0.0,0.0,0.0,0.0,0.0,0.0,0.0
Co72,4330.057823491762,3.226868028362355e-22,2.4047432329249054e-47,1.792075153204484e-72,1.3354994873305717e-97,9.95247815065657e-123,7.416837091962026e-148,5.527213586002666e-173,4.119018612179184e-198,3.0695962917815754e-223,2.2875403783461463e-248,1.7047326375048867e-273,1.2704096473590729e-298,1e-323,0.0,0.0,0.0,0.0,0.0,0.0,0.0,0.0,0.0,0.0,0.0,0.0,0.0,0.0,0.0,0.0,0.0,0.0,0.0,0.0,0.0,0.0,0.0,0.0,0.0,0.0,0.0,0.0,0.0,0.0,0.0,0.0,0.0,0.0,0.0,0.0,0.0,0.0,0.0,0.0,0.0,0.0,0.0,0.0,0.0,0.0,0.0,0.0,0.0,0.0,0.0,0.0,0.0,0.0,0.0,0.0,0.0,0.0,0.0,0.0,0.0,0.0,0.0,0.0,0.0,0.0,0.0,0.0,0.0,0.0,0.0,0.0
Co73,1128.5886595965042,2.1956373052602987e-34,4.271550254611132e-71,8.31018016224919e-108,1.6167220379648088e-144,3.14528698176098e-181,6.119066831110113e-218,1.1904471388689733e-254,2.3159812264776665e-291,0.0,0.0,0.0,0.0,0.0,0.0,0.0,0.0,0.0,0.0,0.0,0.0,0.0,0.0,0.0,0.0,0.0,0.0,0.0,0.0,0.0,0.0,0.0,0.0,0.0,0.0,0.0,0.0,0.0,0.0,0.0,0.0,0.0,0.0,0.0,0.0,0.0,0.0,0.0,0.0,0.0,0.0,0.0,0.0,0.0,0.0,0.0,0.0,0.0,0.0,0.0,0.0,0.0,0.0,0.0,0.0,0.0,0.0,0.0,0.0,0.0,0.0,0.0,0.0,0.0,0.0,0.0,0.0,0.0,0.0,0.0,0.0,0.0,0.0,0.0,0.0,0.0
Co74,112.07126666905009,-1.9547033588585948e-45,3.409317423364358e-92,-5.9463985880921126e-139,1.0371476685080734e-185,-1.8089525455723965e-232,3.1551045347670805e-279,-0.0,-0.0,-0.0,-0.0,-0.0,-0.0,-0.0,-0.0,-0.0,-0.0,-0.0,-0.0,-0.0,-0.0,-0.0,-0.0,-0.0,-0.0,-0.0,-0.0,-0.0,-0.0,-0.0,-0.0,-0.0,-0.0,-0.0,-0.0,-0.0,-0.0,-0.0,-0.0,-0.0,-0.0,-0.0,-0.0,-0.0,-0.0,-0.0,-0.0,-0.0,-0.0,-0.0,-0.0,-0.0,-0.0,-0.0,-0.0,-0.0,-0.0,-0.0,-0.0,-0.0,-0.0,-0.0,-0.0,-0.0,-0.0,-0.0,-0.0,-0.0,-0.0,-0.0,-0.0,-0.0,-0.0,-0.0,-0.0,-0.0,-0.0,-0.0,-0.0,-0.0,-0.0,-0.0,-0.0,-0.0,-0.0,-0.0
Co75,16.13077676838708,8.654030896189934e-44,4.642817381180843e-88,2.490833866156453e-132,1.3363121655267786e-176,7.169206377022236e-221,3.846221070364799e-265,2.063466406760126e-309,0.0,0.0,0.0,0.0,0.0,0.0,0.0,0.0,0.0,0.0,0.0,0.0,0.0,0.0,0.0,0.0,0.0,0.0,0.0,0.0,0.0,0.0,0.0,0.0,0.0,0.0,0.0,0.0,0.0,0.0,0.0,0.0,0.0,0.0,0.0,0.0,0.0,0.0,0.0,0.0,0.0,0.0,0.0,0.0,0.0,0.0,0.0,0.0,0.0,0.0,0.0,0.0,0.0,0.0,0.0,0.0,0.0,0.0,0.0,0.0,0.0,0.0,0.0,0.0,0.0,0.0,0.0,0.0,0.0,0.0,0.0,0.0,0.0,0.0,0.0,0.0,0.0,0.0
Cr60,0.0,0.0,0.0,0.0,0.0,0.0,0.0,0.0,0.0,0.0,0.0,0.0,0.0,0.0,0.0,0.0,0.0,0.0,0.0,0.0,0.0,0.0,0.0,0.0,0.0,0.0,0.0,0.0,0.0,0.0,0.0,0.0,0.0,0.0,0.0,0.0,0.0,0.0,0.0,0.0,0.0,0.0,0.0,0.0,0.0,0.0,0.0,0.0,0.0,0.0,0.0,0.0,0.0,0.0,0.0,0.0,0.0,0.0,0.0,0.0,0.0,0.0,0.0,0.0,0.0,0.0,0.0,0.0,0.0,0.0,0.0,0.0,0.0,0.0,0.0,0.0,0.0,0.0,0.0,0.0,0.0,0.0,0.0,0.0,0.0,0.0
Cr61,0.0,0.0,0.0,0.0,0.0,0.0,0.0,0.0,0.0,0.0,0.0,0.0,0.0,0.0,0.0,0.0,0.0,0.0,0.0,0.0,0.0,0.0,0.0,0.0,0.0,0.0,0.0,0.0,0.0,0.0,0.0,0.0,0.0,0.0,0.0,0.0,0.0,0.0,0.0,0.0,0.0,0.0,0.0,0.0,0.0,0.0,0.0,0.0,0.0,0.0,0.0,0.0,0.0,0.0,0.0,0.0,0.0,0.0,0.0,0.0,0.0,0.0,0.0,0.0,0.0,0.0,0.0,0.0,0.0,0.0,0.0,0.0,0.0,0.0,0.0,0.0,0.0,0.0,0.0,0.0,0.0,0.0,0.0,0.0,0.0,0.0
Cr62,0.0,0.0,0.0,0.0,0.0,0.0,0.0,0.0,0.0,0.0,0.0,0.0,0.0,0.0,0.0,0.0,0.0,0.0,0.0,0.0,0.0,0.0,0.0,0.0,0.0,0.0,0.0,0.0,0.0,0.0,0.0,0.0,0.0,0.0,0.0,0.0,0.0,0.0,0.0,0.0,0.0,0.0,0.0,0.0,0.0,0.0,0.0,0.0,0.0,0.0,0.0,0.0,0.0,0.0,0.0,0.0,0.0,0.0,0.0,0.0,0.0,0.0,0.0,0.0,0.0,0.0,0.0,0.0,0.0,0.0,0.0,0.0,0.0,0.0,0.0,0.0,0.0,0.0,0.0,0.0,0.0,0.0,0.0,0.0,0.0,0.0
Cr63,0.0,0.0,0.0,0.0,0.0,0.0,0.0,0.0,0.0,0.0,0.0,0.0,0.0,0.0,0.0,0.0,0.0,0.0,0.0,0.0,0.0,0.0,0.0,0.0,0.0,0.0,0.0,0.0,0.0,0.0,0.0,0.0,0.0,0.0,0.0,0.0,0.0,0.0,0.0,0.0,0.0,0.0,0.0,0.0,0.0,0.0,0.0,0.0,0.0,0.0,0.0,0.0,0.0,0.0,0.0,0.0,0.0,0.0,0.0,0.0,0.0,0.0,0.0,0.0,0.0,0.0,0.0,0.0,0.0,0.0,0.0,0.0,0.0,0.0,0.0,0.0,0.0,0.0,0.0,0.0,0.0,0.0,0.0,0.0,0.0,0.0
Cr64,0.0,0.0,0.0,0.0,0.0,0.0,0.0,0.0,0.0,0.0,0.0,0.0,0.0,0.0,0.0,0.0,0.0,0.0,0.0,0.0,0.0,0.0,0.0,0.0,0.0,0.0,0.0,0.0,0.0,0.0,0.0,0.0,0.0,0.0,0.0,0.0,0.0,0.0,0.0,0.0,0.0,0.0,0.0,0.0,0.0,0.0,0.0,0.0,0.0,0.0,0.0,0.0,0.0,0.0,0.0,0.0,0.0,0.0,0.0,0.0,0.0,0.0,0.0,0.0,0.0,0.0,0.0,0.0,0.0,0.0,0.0,0.0,0.0,0.0,0.0,0.0,0.0,0.0,0.0,0.0,0.0,0.0,0.0,0.0,0.0,0.0
Cr65,0.0,0.0,0.0,0.0,0.0,0.0,0.0,0.0,0.0,0.0,0.0,0.0,0.0,0.0,0.0,0.0,0.0,0.0,0.0,0.0,0.0,0.0,0.0,0.0,0.0,0.0,0.0,0.0,0.0,0.0,0.0,0.0,0.0,0.0,0.0,0.0,0.0,0.0,0.0,0.0,0.0,0.0,0.0,0.0,0.0,0.0,0.0,0.0,0.0,0.0,0.0,0.0,0.0,0.0,0.0,0.0,0.0,0.0,0.0,0.0,0.0,0.0,0.0,0.0,0.0,0.0,0.0,0.0,0.0,0.0,0.0,0.0,0.0,0.0,0.0,0.0,0.0,0.0,0.0,0.0,0.0,0.0,0.0,0.0,0.0,0.0
Cr66,0.030010186221351112,-1.8033811437780927e-49,1.0836932252758258e-96,-6.512161949571875e-144,3.9133079609921296e-191,-2.3515967993657227e-238,1.4131286272151749e-285,-0.0,-0.0,-0.0,-0.0,-0.0,-0.0,-0.0,-0.0,-0.0,-0.0,-0.0,-0.0,-0.0,-0.0,-0.0,-0.0,-0.0,-0.0,-0.0,-0.0,-0.0,-0.0,-0.0,-0.0,-0.0,-0.0,-0.0,-0.0,-0.0,-0.0,-0.0,-0.0,-0.0,-0.0,-0.0,-0.0,-0.0,-0.0,-0.0,-0.0,-0.0,-0.0,-0.0,-0.0,-0.0,-0.0,-0.0,-0.0,-0.0,-0.0,-0.0,-0.0,-0.0,-0.0,-0.0,-0.0,-0.0,-0.0,-0.0,-0.0,-0.0,-0.0,-0.0,-0.0,-0.0,-0.0,-0.0,-0.0,-0.0,-0.0,-0.0,-0.0,-0.0,-0.0,-0.0,-0.0,-0.0,-0.0,-0.0
Cs141,129017780464018.53,114364697993134.03,99761789459065.75,86809332566235.61,75509744730198.73,65677091886304.336,57124294003257.57,49685213409352.336,43214886597174.555,37587165911306.43,32692323062706.055,28434918154762.63,24731939936299.38,21511187395423.3,18709861998348.25,16273343240529.242,14154123651336.29,12310882488999.822,10707680064929.594,9313256988305.93,8100424667553.751,7045535184641.022,6128020205761.05,5329989938036.0625,4635884312662.365,4032169593233.405,3507074493681.43,3050360660640.716,2653123045076.0054,2307616270803.482,2007103614421.477,1745725652047.469,1518386011723.159,1320652003877.335,1148668192330.0159,999081220637.1794,868974428033.1759,755810980106.2996,657384405364.1544,571775573246.1093,497315274736.1222,432551675969.21735,376222010238.9887,327227956454.2447,284614223971.6426,247549926249.36984,215312380143.63672,187273014965.14148,162885116548.9779,141673167370.71085,123223574861.20724,107176607140.03807,93219378929.62642,81079750888.83931,70521023414.65987,61337321451.18825,53349580318.545204,46402054292.99469,40359279862.25513,35103434445.266426,30532039076.48379,26555960261.422134,23097672043.443745,20089744395.4042,17473528462.676228,15198013022.29625,13218829861.367893,11497388681.496918,10000124661.543547,8697844007.600477,7565154729.6685705,6579971546.260861,5723085263.518386,4977788232.551546,4329548582.13935,3765726874.9451065,3275329662.5849977,2848795134.3432302,2477806680.092329,2155130732.250986,1874475725.0067637,1630369420.7774076,1418052212.0106246,1233384317.9108353,1072765066.6060088,933062688.9107169
Cs142,5692582397992.544,895569363965.4991,124441712719.7186,16493590309.499857,2142259663.1281576,275724018.20746076,35339487.62182703,4520672.232573189,577767.3574091619,73810.73949607203,9427.583134886672,1204.0404807969821,153.7669679877493,19.637049719586667,2.5077562649222283,0.32025247013204716,0.04089768767147562,0.005222814480002362,0.0006669760638340677,8.517571841930676e-05,1.0877305322851111e-05,1.389078575412612e-06,1.7739129219520923e-07,2.26536286603172e-08,2.8929655040719637e-09,3.6944409721982583e-10,4.717959499919754e-11,6.025036534504164e-12,7.694229938699665e-13,9.825861470590388e-14,1.2548046315697198e-14,1.6024393057900008e-15,2.04638368723625e-16,2.6133196934412224e-17,3.3373212768984505e-18,4.2619023356306286e-19,5.442631982775403e-20,6.95047435795811e-21,8.876053709586488e-22,1.1335101087777385e-22,1.4475410004714218e-23,1.8485719111100108e-24,2.360705575477315e-25,3.014722219133634e-26,3.849929509612978e-27,4.916525023406076e-28,6.278613217572419e-29,8.018058231821002e-30,1.0239404081930301e-30,1.3076157957665424e-31,1.669881426357216e-32,2.132510166304736e-33,2.723306899288935e-34,3.4777796537148666e-35,4.441273704021799e-36,5.6716969095399504e-37,7.24300008904092e-38,9.249621608236124e-39,1.181216330854381e-39,1.5084638911441484e-40,1.9263730541550266e-41,2.4600609703424107e-42,3.141603317565407e-43,4.011962111477357e-44,5.1234476020363265e-45,6.542862220886135e-46,8.355515536937382e-47,1.0670351526758361e-47,1.3626496318661298e-48,1.7401619942590552e-49,2.222261464318325e-50,2.837923154330796e-51,3.624149524798309e-52,4.628194304011383e-53,5.910402528680295e-54,7.547837397568453e-55,9.638911919059002e-56,1.2309303723647834e-56,1.5719508533054676e-57,2.0074486264081738e-58,2.5635979516752544e-59,3.2738244811736814e-60,4.18081420549123e-61,5.339078964480983e-62,6.818232714460938e-63,8.707175461875669e-64
Cs143,3246673429866.7173,472289300285.67456,68205168000.39903,9849693097.520243,1422416909.9267993,205414314.14405426,29664317.535921227,4283886.652656625,618645.082530526,89339.83653859005,12901.753499374174,1863.1693269689213,269.06419653726175,38.85612584862091,5.611294759048039,0.8103388638119065,0.11702273760272106,0.01689949936695002,0.0024404922043687015,0.0003524366059760837,5.0896110632756864e-05,7.350014253960713e-06,1.0614309985929624e-06,1.5328348025542107e-07,2.2135989386366333e-08,3.1967047283687516e-09,4.616428451428979e-10,6.666681304043351e-11,9.627494518175348e-12,1.3903267078520846e-12,2.0078000054090595e-13,2.8995061656756316e-14,4.187237763792199e-15,6.046878016016234e-16,8.732423569724718e-17,1.2610676319103556e-17,1.821134258495576e-18,2.6299382392696193e-19,3.797949058454547e-20,5.484698018848415e-21,7.920567626096753e-22,1.143825809624867e-22,1.6518228800335747e-23,2.3854321209077025e-24,3.4448526365868963e-25,4.974784058531105e-26,7.1841901642375e-27,1.0374839934492833e-27,1.4982524293713702e-28,2.1636578070512106e-29,3.1245836911326533e-30,4.512276946509349e-31,6.516273927877747e-32,9.41028806664612e-33,1.3589594679010504e-33,1.9625019152640106e-34,2.8340902421199656e-35,4.092769254392838e-36,5.910454057092186e-37,8.535410864783737e-38,1.2326166133251433e-38,1.780047544885987e-39,2.5706040530372213e-40,3.712263313682806e-41,5.360957434822697e-42,7.74187124928617e-43,1.1180198904620871e-43,1.6145560100655368e-44,2.3316142511215392e-45,3.367133120276448e-46,4.862547672372928e-47,7.022107241236173e-48,1.0140772580509885e-48,1.464450271077288e-49,2.1148434001766277e-50,3.0540897807205846e-51,4.410475209617361e-52,6.36925990108245e-53,9.197982022226652e-54,1.328299906035025e-54,1.918225797907718e-55,2.7701501709371315e-56,4.000432054408325e-57,5.7771079668665424e-58,8.342842974686928e-59,1.2048074797888038e-59
Cs144,524462738120.0765,17064330700.39055,572026211.1256212,19951726.42726981,730706.9084191712,28261.167834235916,1154.5956593595351,49.56231892740153,2.2155100481489023,0.10211738922420979,0.004810379090320859,0.0002299769160458204,1.1102604199099774e-05,5.393883450957275e-07,2.6310101293090203e-08,1.2866075945298768e-09,6.301776664467068e-11,3.089686209648976e-12,1.5157844001414224e-13,7.439267371249431e-15,3.6519832774544135e-16,1.7930542370640222e-17,8.804389423807965e-19,4.3234528221207923e-20,2.1231378895720296e-21,1.0426430347555492e-22,5.120345948866676e-24,2.514587973680658e-25,1.2349141772127759e-26,6.064684633821249e-28,2.978383415737497e-29,1.4626943083999138e-30,7.183347922105816e-32,3.5277715931358824e-33,1.7325036454585755e-34,8.508400872096557e-36,4.17851325937256e-37,2.0520864843518464e-38,1.0077888675751391e-39,4.949296437534714e-41,2.4306217781597655e-42,1.1936893199162618e-43,5.862262141416014e-45,2.8789834171824245e-46,1.413881764457195e-47,6.943637241921536e-49,3.4100516332551437e-50,1.6746917709556597e-51,8.224486988908023e-53,4.0390827388117586e-54,1.9836117919224267e-55,9.741607181395737e-57,4.7841473250593074e-58,2.349516378828584e-59,1.1538581150310455e-60,5.666649365125248e-62,2.7829171203364545e-63,1.3667031784907509e-64,6.711941093948333e-66,3.296264613834335e-67,1.6188104532426615e-68,7.950051317275234e-70,3.904306141632742e-71,1.9174223963149402e-72,9.416548069034031e-74,4.624509326002287e-75,2.2711174359754332e-76,1.1153560398267757e-77,5.477563933385106e-79,2.6900564100573477e-80,1.3210988638919762e-81,6.487976243366123e-83,3.1862744632505693e-84,1.5647937930634943e-85,7.684773057221374e-87,3.774026788883058e-88,1.8534416172280543e-89,9.102335570568728e-91,4.470198147549538e-92,2.1953345186445102e-93,1.0781387065345339e-94,5.29478792710672e-96,2.6002942871003456e-97,1.2770162795210294e-98,6.271484678683224e-100,3.079954477143431e-101
Cs144_m1,0.0,0.0,0.0,0.0,0.0,0.0,0.0,0.0,0.0,0.0,0.0,0.0,0.0,0.0,0.0,0.0,0.0,0.0,0.0,0.0,0.0,0.0,0.0,0.0,0.0,0.0,0.0,0.0,0.0,0.0,0.0,0.0,0.0,0.0,0.0,0.0,0.0,0.0,0.0,0.0,0.0,0.0,0.0,0.0,0.0,0.0,0.0,0.0,0.0,0.0,0.0,0.0,0.0,0.0,0.0,0.0,0.0,0.0,0.0,0.0,0.0,0.0,0.0,0.0,0.0,0.0,0.0,0.0,0.0,0.0,0.0,0.0,0.0,0.0,0.0,0.0,0.0,0.0,0.0,0.0,0.0,0.0,0.0,0.0,0.0,0.0
Cs145,55328601536.15794,151008087.1251072,411965.28688528197,1123.8826549750247,3.0660646809829712,0.008364532173298874,2.281928326945739e-05,6.225329500123121e-08,1.6983323677380596e-10,4.633221151185196e-13,1.2639892310584979e-15,3.448289481764025e-18,9.407279791527049e-21,2.5664003426650014e-23,7.001397709849438e-26,1.9100515643082412e-28,5.210812368484656e-31,1.4215619120935335e-33,3.8781635703046804e-36,1.0580019449092238e-38,2.886335491372169e-41,7.874212905600484e-44,2.1481643096606484e-46,5.860407835832959e-49,1.5987780752077495e-51,4.361627049462315e-54,1.1898956342724012e-56,3.2461547133771125e-59,8.855835856246286e-62,2.4159609025901193e-64,6.590983818571058e-67,1.7980865356758457e-69,4.905360533080035e-72,1.3382315857481732e-74,3.650830076641892e-77,9.959830862205628e-80,2.717141820388099e-82,7.41263559014596e-85,2.0222413854147e-87,5.516877460319677e-90,1.5050595409480173e-92,4.1059534820035614e-95,1.1201453190189407e-97,3.0558688529217885e-100,8.336716931010643e-103,2.274340049683354e-105,6.204627918158919e-108,1.692684768408177e-110,4.617813933395732e-113,1.259785987412018e-115,3.4368226112406835e-118,9.375997017874562e-121,2.5578660880451297e-123,6.978115406711649e-126,1.9036999183409698e-128,5.193484440807227e-131,1.4168346795125408e-133,3.865267205378185e-136,1.0544836871237679e-138,2.8767373310258497e-141,7.848028160862765e-144,2.141020848494753e-146,5.840919756823677e-149,1.593461531663212e-151,4.3471229850814735e-154,1.1859387799402326e-156,3.235360017631911e-159,8.826386842850935e-162,2.4079269161728075e-164,6.569066297298946e-167,1.79210721589907e-169,4.8890483486185474e-172,1.3337814581109262e-174,3.638689681813385e-177,9.92671064665083e-180,2.7081062931759167e-182,7.387985765066455e-185,2.0155166657366876e-187,5.498531750116052e-190,1.5000546470789692e-192,4.092299629215963e-195,1.1164204109425012e-197,3.0457069298413437e-200,8.308994184952553e-203,2.266777006321215e-205,6.183995176807205e-208
Cs146,3058457798.6926103,64598.85776745361,1.4889095084240715,4.437552701231312e-05,2.0672071774106784e-09,1.3893117597028946e-13,1.0898712639388176e-17,8.94615626161618e-22,7.429645116863462e-26,6.1881320760569224e-30,5.157762225772057e-34,4.2997111406032046e-38,3.584560863708407e-42,2.9883897110572087e-46,2.4913780520898216e-50,2.0770278165680273e-54,1.73158996185771e-58,1.4436031560737754e-62,1.2035124583736972e-66,1.0033520879487937e-70,8.364810899623894e-75,6.973629918813401e-79,5.8138211167957226e-83,4.846904176431488e-87,4.0407985769788166e-91,3.368759221426111e-95,2.808489083469691e-99,2.3413994332992354e-103,1.951993097826538e-107,1.6273502930653075e-111,1.356699969527801e-115,1.1310624486690463e-119,9.429514937149154e-124,7.861259301336422e-128,6.553825749761463e-132,5.463836048625744e-136,4.555126350032842e-140,3.797547342216157e-144,3.1659639509821786e-148,2.639421404308106e-152,2.200449991655317e-156,1.834485451194997e-160,1.5293857544631096e-164,1.2750282562508405e-168,1.0629738439068701e-172,8.861869431447763e-177,7.388020906646949e-181,6.159293288993445e-185,5.134919662410295e-189,4.2809131993318055e-193,3.568939540450587e-197,2.9753767129358665e-201,2.480531396943576e-205,2.0679855375864366e-209,1.724051624154444e-213,1.4373185637548672e-217,1.1982730822968032e-221,9.989840916032067e-226,8.328395505333516e-230,6.943270896530949e-234,5.7885112098411516e-238,4.825803648709371e-242,4.023207351884142e-246,3.3540936545529576e-250,2.79626259835796e-254,2.331206377723455e-258,1.9434952850028488e-262,1.6202657812376586e-266,1.350793707660491e-270,1.12613847788688e-274,9.388464457491578e-279,7.827036070641804e-283,6.525294304356999e-287,5.440049767776584e-291,4.535296048812044e-295,3.781015087804407e-299,3.1521812336703453e-303,2.6279309389567566e-307,2.190870545817e-311,1.826499196e-315,1.5227e-319,1.5e-323,0.0,0.0,0.0,0.0
Cs147,641541953.2758228,183.37465847939455,5.238524477009493e-05,1.4965066014976757e-11,4.2751198704040415e-18,1.2212876233243844e-24,3.4888927190347003e-31,9.966835143878513e-38,2.8472587375153356e-44,8.133858141856133e-51,2.3236261390692482e-57,6.637979590991193e-64,1.8962935693289027e-70,5.417204514997911e-77,1.5475507185155597e-83,4.420939286577677e-90,1.2629443378988954e-96,3.6078948323798837e-103,1.0306792414279408e-109,2.944375454563204e-116,8.411294677307604e-123,2.4028823511232168e-129,6.8643934315086895e-136,1.9609739594830225e-142,5.601979123340192e-149,1.6003358915899487e-155,4.571732435132584e-162,1.306021915041738e-168,3.730955970785769e-175,1.0658345235728398e-181,3.044804711004109e-188,8.698194253527797e-195,2.484841901310429e-201,7.0985299874210224e-208,2.0278605232687782e-214,5.793056180813483e-221,1.6549215061381823e-227,4.727668964353255e-234,1.350568818739052e-240,3.858214582923378e-247,1.1021889119119923e-253,3.1486594937424905e-260,8.994879643941044e-267,2.5695969973818342e-273,7.340652671657928e-280,2.0970285107284268e-286,5.990650656700641e-293,1.711368973145803e-299,4.888924309031817e-306,1.396635166027e-312,3.98983e-319,0.0,0.0,0.0,0.0,0.0,0.0,0.0,0.0,0.0,0.0,0.0,0.0,0.0,0.0,0.0,0.0,0.0,0.0,0.0,0.0,0.0,0.0,0.0,0.0,0.0,0.0,0.0,0.0,0.0,0.0,0.0,0.0,0.0,0.0,0.0
Cs148,2381841.616092862,0.00011686015344619415,5.733502753163601e-15,2.8130250432770773e-25,1.380152802706467e-35,6.7714354814256e-46,3.3222653599799603e-56,1.630001076197073e-66,7.997264578587548e-77,3.9236931603227074e-87,1.925079239917094e-97,9.445004816979559e-108,4.633997091808483e-118,2.2735752350581322e-128,1.1154828643736405e-138,5.472886938264904e-149,2.685159261128531e-159,1.3174180901150072e-169,6.463640534427111e-180,3.1712521083297107e-190,1.5559095344210683e-200,7.633749688155325e-211,3.745342065989368e-221,1.8375749486566176e-231,9.015683033582646e-242,4.423359200747303e-252,2.1702300919357675e-262,1.0647786983132233e-272,5.224117390107397e-283,2.5631056057804676e-293,1.2575349778363629e-303,6.1698363773e-314,5e-324,0.0,0.0,0.0,0.0,0.0,0.0,0.0,0.0,0.0,0.0,0.0,0.0,0.0,0.0,0.0,0.0,0.0,0.0,0.0,0.0,0.0,0.0,0.0,0.0,0.0,0.0,0.0,0.0,0.0,0.0,0.0,0.0,0.0,0.0,0.0,0.0,0.0,0.0,0.0,0.0,0.0,0.0,0.0,0.0,0.0,0.0,0.0,0.0,0.0,0.0,0.0,0.0,0.0
Cs149,22575.315301369254,1.7808783664288402e-26,1.40486532022961e-56,1.1082433282299699e-86,8.742498351126637e-117,6.896615163163176e-147,5.440470080574015e-177,4.291774152589571e-207,3.3856128430160377e-237,2.670777612069593e-267,2.1068720447012876e-297,0.0,0.0,0.0,0.0,0.0,0.0,0.0,0.0,0.0,0.0,0.0,0.0,0.0,0.0,0.0,0.0,0.0,0.0,0.0,0.0,0.0,0.0,0.0,0.0,0.0,0.0,0.0,0.0,0.0,0.0,0.0,0.0,0.0,0.0,0.0,0.0,0.0,0.0,0.0,0.0,0.0,0.0,0.0,0.0,0.0,0.0,0.0,0.0,0.0,0.0,0.0,0.0,0.0,0.0,0.0,0.0,0.0,0.0,0.0,0.0,0.0,0.0,0.0,0.0,0.0,0.0,0.0,0.0,0.0,0.0,0.0,0.0,0.0,0.0,0.0
Cs150,123.90095259451432,9.774061762145712e-29,7.7103752093725485e-59,6.0824135672594556e-89,4.7981782725969733e-119,3.785095255532745e-149,2.9859136696274042e-179,2.3554705603341343e-209,1.8581386384466755e-239,1.4658129283512245e-269,1.156322513543843e-299,0.0,0.0,0.0,0.0,0.0,0.0,0.0,0.0,0.0,0.0,0.0,0.0,0.0,0.0,0.0,0.0,0.0,0.0,0.0,0.0,0.0,0.0,0.0,0.0,0.0,0.0,0.0,0.0,0.0,0.0,0.0,0.0,0.0,0.0,0.0,0.0,0.0,0.0,0.0,0.0,0.0,0.0,0.0,0.0,0.0,0.0,0.0,0.0,0.0,0.0,0.0,0.0,0.0,0.0,0.0,0.0,0.0,0.0,0.0,0.0,0.0,0.0,0.0,0.0,0.0,0.0,0.0,0.0,0.0,0.0,0.0,0.0,0.0,0.0,0.0
Cs151,0.5896001808557467,4.651125323883511e-31,3.669090933295221e-61,2.8944023949775623e-91,2.283280893375925e-121,1.8011910324224273e-151,1.4208891883127677e-181,1.1208839313111926e-211,8.842215127018606e-242,6.97527782925899e-272,5.502523982557446e-302,0.0,0.0,0.0,0.0,0.0,0.0,0.0,0.0,0.0,0.0,0.0,0.0,0.0,0.0,0.0,0.0,0.0,0.0,0.0,0.0,0.0,0.0,0.0,0.0,0.0,0.0,0.0,0.0,0.0,0.0,0.0,0.0,0.0,0.0,0.0,0.0,0.0,0.0,0.0,0.0,0.0,0.0,0.0,0.0,0.0,0.0,0.0,0.0,0.0,0.0,0.0,0.0,0.0,0.0,0.0,0.0,0.0,0.0,0.0,0.0,0.0,0.0,0.0,0.0,0.0,0.0,0.0,0.0,0.0,0.0,0.0,0.0,0.0,0.0,0.0
Cu73,283865750.14502025,128330267.02071415,56292503.47090846,24666047.224267647,10807647.728593593,4735459.891819905,2074880.652354939,909126.0006951706,398341.0246468753,174536.3918697283,76474.55371664355,33507.953862853516,14681.785214926507,6432.944786168992,2818.6475974206633,1235.0135968097777,541.1313516811338,237.10114652069944,103.88781486561597,45.519299404190235,19.94465492347256,8.738914377486669,3.8290271147868404,1.677719681467973,0.7351066590035602,0.32209302071163215,0.14112770265442728,0.06183626212238865,0.027094066163832684,0.011871487636772224,0.005201589818886735,0.0022791193043185136,0.0009986148435727723,0.0004375512962021347,0.0001917166944196504,8.400224439563269e-05,3.6806273365311866e-05,1.612697099689036e-05,7.066164807102012e-06,3.096098150778267e-06,1.3565808357056952e-06,5.943970359406602e-07,2.6043994359632186e-07,1.1411390050610344e-07,4.99999428232897e-08,2.190788564096557e-08,9.599120042074622e-09,4.205933292342021e-09,1.8428642190214476e-09,8.074660946080837e-10,3.5379790177262247e-10,1.550194567110151e-10,6.792304826731974e-11,2.976104150929348e-11,1.3040044790569887e-11,5.7136027341976476e-12,2.5034619687685995e-12,1.0969124247226576e-12,4.806211887863345e-13,2.1058812162583917e-13,9.227091523344055e-14,4.042925941066993e-14,1.7714412091393924e-14,7.7617151616907e-15,3.400859251800253e-15,1.490114415385998e-15,6.529058707048111e-16,2.860760701320927e-16,1.2534657991951645e-16,5.492163357202502e-17,2.4064364868643165e-17,1.0543999128717752e-17,4.619939825266999e-18,2.0242645820176296e-18,8.869481536535365e-19,3.886236187985463e-19,1.702786306797738e-19,7.460898067857541e-20,3.269053771265288e-20,1.4323627614567556e-20,6.276015091712382e-21,2.7498875627946676e-21,1.2048858228525353e-21,5.279306200562036e-22,2.3131713753016625e-22,1.0135350381732634e-22
Cu74,158860534.20458648,22777698.366032135,3148712.15652012,434588.65953508456,59978.287461141954,8277.675937408432,1142.411907087156,157.6656259071443,21.75962052912661,3.0030711059678845,0.41445741461450514,0.05719976066752938,0.007894206992208878,0.0010894888948585406,0.00015036165800967323,2.0751591233386046e-05,2.8639517841033707e-06,3.952573915619922e-07,5.45499426532075e-08,7.52850245686429e-09,1.0390175770364257e-09,1.4339605141608637e-10,1.9790259583841503e-11,2.7312772599252615e-12,3.769468227024031e-13,5.202287926979815e-14,7.179739434112873e-15,9.908843775142993e-16,1.3675313130959265e-16,1.8873462280122406e-17,2.6047489737751755e-18,3.594845034622245e-19,4.961288382510996e-20,6.847133096802631e-21,9.449809813635861e-22,1.3041794901809055e-22,1.799913623821498e-23,2.484082196974936e-24,3.428311380979793e-25,4.731453306685474e-26,6.529934975435902e-27,9.012040914188314e-28,1.2437624837693348e-28,1.716531394788274e-29,2.3690053910970232e-30,3.2694925126836937e-31,4.5122654978613905e-32,6.227431273876134e-33,8.594551958263751e-34,1.186144336480468e-34,1.637011904514586e-35,2.2592595969171923e-36,3.1180310370289993e-37,4.3032317141165065e-38,5.938941263080775e-39,8.196403463615247e-40,1.1311953892521638e-40,1.561176208986852e-41,2.1545978516742757e-42,2.973586117772119e-43,4.1038815632977756e-44,5.663815749245462e-45,7.816699470153128e-46,1.0787919895669646e-46,1.4888536538952435e-47,2.054784633325848e-48,2.8358327081414512e-49,3.913766444490238e-50,5.401435612912647e-51,7.454585523751419e-52,1.0288162131948196e-52,1.419881490607504e-53,1.9595953305491104e-54,2.7044608193793046e-55,3.7324585385229774e-56,5.15121041575688e-57,7.109246753455618e-58,9.81155598826244e-59,1.3541045099330091e-59,1.8688157372943173e-60,2.5791748231690644e-61,3.5595498452405926e-62,4.912577071911727e-63,6.77990603776518e-64,9.357028949987882e-65,1.291374692852989e-65
Cu75,156181944.85269696,9316065.729213327,549294.7577488023,32368.4566858045,1907.326518799382,112.38992768918807,6.622617908231702,0.39024019911613217,0.022995047438970056,0.0013549916382563764,7.984338125921805e-05,4.704800642982584e-06,2.7723211042811097e-07,1.6336004197555287e-08,9.626050630658994e-10,5.672185781996625e-11,3.342356359835816e-12,1.969495793242968e-13,1.1605326488263185e-14,6.838481369762836e-16,4.0296003298044277e-17,2.3744568333192765e-18,1.3991574329581835e-19,8.244586697604973e-21,4.858153072210882e-22,2.862684587923397e-23,1.6868474352548005e-24,9.939810630306992e-26,5.857070017208758e-27,3.4513000762697908e-28,2.033691279336351e-29,1.1983600754063851e-30,7.06138087387887e-32,4.16094468343105e-33,2.451851977368658e-34,1.4447628065964923e-35,8.51331804118419e-37,5.016504006016694e-38,2.9559934587949517e-39,1.74183003102529e-40,1.0263797600615792e-41,6.047980532543534e-43,3.563794800457779e-44,2.099979209825354e-45,1.2374204825519846e-46,7.291545761381753e-48,4.29657019097311e-49,2.531769807128033e-50,1.4918546820791915e-51,8.79080865162184e-53,5.180016370074791e-54,3.0523437214496053e-55,1.798604778103879e-56,1.0598344888503452e-57,6.245113753899968e-59,3.6799562770841067e-60,2.168427787691444e-61,1.2777540591211051e-62,7.529212846597126e-64,4.436616396144061e-65,2.6142925492444316e-66,1.540481511760843e-67,9.077344036201407e-69,5.3488584006033513e-70,3.1518345096984488e-71,1.857230091453814e-72,1.0943796706292038e-73,6.448672509656397e-75,3.799904023517632e-76,2.2391074389843446e-77,1.319402303922892e-78,7.774626662786083e-80,4.581227391068496e-81,2.6995051105328823e-82,1.5906933272948713e-83,9.373219008283137e-85,5.523203817460534e-86,3.2545681886076257e-87,1.9177662900672796e-88,1.1300508485864205e-89,6.658866239358542e-91,3.9237614527819224e-92,2.3120908852826596e-93,1.3624080684153301e-94,8.02803971374279e-96,4.730551964536958e-97
Cu76,67662823.30400652,336145.9454441488,1665.5243637421686,8.252280740977973,0.04088810641789381,0.0002025909320000759,1.003790327416527e-06,4.973544528708725e-09,2.464274112175629e-11,1.2209897518532157e-13,6.049716493650883e-16,2.9974919607639257e-18,1.4851866305262385e-20,7.358749769362936e-23,3.646087101451483e-25,1.806550238563386e-27,8.951030717708855e-30,4.435024789185032e-32,2.1974502714834197e-34,1.0887848265059806e-36,5.3946722427051895e-39,2.6729329705674403e-41,1.3243752991310162e-43,6.561967517561865e-46,3.2513002718934966e-48,1.610942667686721e-50,7.981841299026659e-53,3.9548142712200585e-55,1.9595172760141358e-57,9.70894634152644e-60,4.810554120471029e-62,2.3835162057701214e-64,1.1809761122929689e-66,5.851458338861938e-69,2.8992597170282952e-71,1.436514868602454e-73,7.117592658553084e-76,3.5265994359233176e-78,1.747346916026369e-80,8.657692205827409e-83,4.2896824690829414e-85,2.125436576871114e-87,1.053103737831523e-89,5.2178808565877835e-92,2.585337004843195e-94,1.280973562317508e-96,6.346922139289648e-99,3.1447503545135834e-101,1.5581496944785493e-103,7.720264557467947e-106,3.825209159845346e-108,1.8953009974782186e-110,9.390769813975773e-113,4.6529051489137945e-115,2.3054048553685854e-117,1.1422737788664778e-119,5.659697396955877e-122,2.80424668916903e-124,1.389438152284445e-126,6.884338622846631e-129,3.411027557872568e-131,1.6900837739087041e-133,8.373966830719464e-136,4.149103231718129e-138,2.055782877512873e-140,1.0185919711920598e-142,5.046883185602504e-145,2.5006116884377646e-147,1.238994164594493e-149,6.138924116035984e-152,3.0416922354741254e-154,1.5070868250636872e-156,7.467260072505339e-159,3.699851399608393e-161,1.8331891813420424e-163,9.083020401698303e-166,4.500422567258993e-168,2.229853329417496e-170,1.1048397781328046e-172,5.474220744659567e-175,2.712347378721824e-177,1.3439042095692212e-179,6.65872866678668e-182,3.299243141153578e-184,1.6346972296292308e-186,8.099539555678639e-189
Cu77,26004398.640482347,16062.515504818279,9.920614017432785,0.006127221010517381,3.78432597475865e-06,2.3372950083978985e-09,1.4435722484583643e-12,8.915865686751923e-16,5.506663142706779e-19,3.4010538104339914e-22,2.1005764692157607e-25,1.2973689182706313e-28,8.012877106650213e-32,4.948954659085305e-35,3.056599008283191e-38,1.887832510303212e-41,1.165972892518696e-44,7.201342167108142e-48,4.447730246605045e-51,2.747030190694213e-54,1.6966350138580222e-57,1.0478845045097788e-60,6.471998549026727e-64,3.997269263772486e-67,2.4688141454393695e-70,1.5248017790448336e-73,9.41755972061846e-77,5.816522010288622e-80,3.59243044905801e-83,2.2187754999449845e-86,1.3703716158087318e-89,8.46376014815739e-93,5.227431378404703e-96,3.228593241962215e-99,1.9940604797045116e-102,1.2315819611586497e-105,7.606560294882087e-109,4.698003165395769e-112,2.9016050470169547e-115,1.792104337197698e-118,1.106848762447729e-121,6.836176652793393e-125,4.2221948303803997e-128,2.6077338388273776e-131,1.610602079571181e-134,9.947483980518035e-138,6.143816576283621e-141,3.7945758140393275e-144,2.3436255672206332e-147,1.4474821609858353e-150,8.940014291007176e-154,5.52157792873791e-157,3.410265557829542e-160,2.1062658763518958e-163,1.3008828393727578e-166,8.034579968154958e-170,4.9623588928118154e-173,3.064877800540872e-176,1.89294570085511e-179,1.1691309277497126e-182,7.220846987863622e-186,4.45977691501986e-189,2.754470516432953e-192,1.7012303463758868e-195,1.0507226975797143e-198,6.489527944061605e-202,4.008095859522574e-205,2.4755009235798886e-208,1.5289317015922944e-211,9.443067162153975e-215,5.832276048438517e-218,3.6021605396938226e-221,2.2247850489177813e-224,1.3740832645701049e-227,8.486684225471947e-231,5.241589865764623e-234,3.237337880255413e-237,1.9994613884975877e-240,1.2349176984199402e-243,7.62716264812053e-247,4.710727697507073e-250,2.90946403844273e-253,1.7969582481855507e-256,1.109846660091533e-259,6.854692423488855e-263,4.2336306365746345e-266
Cu78,4548359.523915446,146.19580462787027,0.004698399049416737,1.5099580787388516e-07,4.852660183965778e-12,1.5595340819471504e-16,5.011986128332394e-21,1.6107377992812354e-25,5.176543173906586e-30,1.6636226729934833e-34,5.3465030718739825e-39,1.7182438999898073e-43,5.522043212475628e-48,1.7746584894396566e-52,5.70334681015346e-57,1.8329253222775447e-61,5.890603094774532e-66,1.8931052126581428e-70,6.08400750913368e-75,1.955260971429123e-79,6.283761912940726e-84,2.0194574716879833e-88,6.490074793505141e-93,2.0857617164912855e-97,6.703161483338046e-102,2.15424290878696e-106,6.923244384898652e-111,2.2249725236426793e-115,7.150553202719769e-120,2.298024382845695e-124,7.385325183154636e-129,2.373474731951983e-133,7.627805361995238e-138,2.4514023198651143e-142,7.878246820220611e-147,2.5318884810279235e-151,8.136910948142111e-156,2.615017220312743e-160,8.404067718221219e-165,2.7008753006988304e-169,8.679995966844702e-174,2.789552333828446e-178,8.96498368535124e-183,2.8811408735361873e-187,9.259328320613258e-192,2.9757365124490806e-196,9.563337085487583e-201,3.0734379817583775e-205,9.877327279459176e-210,3.1743472542670706e-214,1.0201626619812297e-218,3.278569650820781e-223,1.05365735836751e-227,3.386213950233042e-232,1.0882517761294291e-236,3.4973925028197176e-241,1.1239820220908876e-245,3.612221347661083e-250,1.160885388560364e-254,3.730820333713924e-259,1.1990003922535815e-263,3.8533132449000873e-268,1.238366814494099e-272,3.979827929301986e-277,1.2790257427338068e-281,4.110496432599999e-286,1.321019613436645e-290,4.24545513589094e-295,1.3643922563703216e-299,4.384844898031489e-304,1.409188940352228e-308,4.52881120265e-313,1.4554566e-317,4.7e-322,0.0,0.0,0.0,0.0,0.0,0.0,0.0,0.0,0.0,0.0,0.0,0.0
Cu79,0.008908271970773308,8.783681135698696e-11,8.660832824453114e-19,8.539702666148499e-27,8.420266630747342e-35,8.302501024295551e-43,8.18638248422194e-51,8.07188797470363e-59,7.95899478209607e-67,7.847680510427081e-75,7.737923076953936e-83,7.629700707782479e-91,7.522991933547626e-99,7.417775585154208e-107,7.314030789577408e-115,7.211736965721943e-123,7.110873820339129e-131,7.011421344001087e-139,6.913359807131195e-147,6.816669756090141e-155,6.721332009316633e-163,6.627327653522163e-171,6.534638039938924e-179,6.443244780620234e-187,6.353129744792704e-195,6.264275055259432e-203,6.1766630848534564e-211,6.090276452940872e-219,6.005098021972823e-227,5.9211108940857176e-235,5.838298407748988e-243,5.756644134459769e-251,5.676131875483753e-259,5.596745658641656e-267,5.518469735140655e-275,5.441288576450072e-283,5.3651868712208165e-291,5.290149522247881e-299,5.2161616434753424e-307,5.143208556e-315,5e-323,0.0,0.0,0.0,0.0,0.0,0.0,0.0,0.0,0.0,0.0,0.0,0.0,0.0,0.0,0.0,0.0,0.0,0.0,0.0,0.0,0.0,0.0,0.0,0.0,0.0,0.0,0.0,0.0,0.0,0.0,0.0,0.0,0.0,0.0,0.0,0.0,0.0,0.0,0.0,0.0,0.0,0.0,0.0,0.0,0.0
Cu80,11114.057103902851,1.5561419912934054e-05,2.178842410496736e-14,3.050720484596272e-23,4.271486285698612e-32,5.980749524919495e-41,8.3739856544979105e-50,1.1724890910337987e-58,1.6416682871373858e-67,2.2985926142957257e-76,3.218389517475464e-85,4.5062491812493655e-94,6.309454332127893e-103,8.834223845155905e-112,1.2369296430108357e-120,1.7318951484321515e-129,2.4249243456254903e-138,3.3952737192724946e-147,4.753914755971049e-156,6.656224910161807e-165,9.319756943266556e-174,1.3049118780370917e-182,1.8270809204660083e-191,2.5581993283350464e-200,3.581879560005857e-209,5.015192147180266e-218,7.022054162283858e-227,9.831975168842052e-236,1.3766304486789445e-244,1.9274981473058235e-253,2.698799166786297e-262,3.778741345524507e-271,5.290829466714097e-280,7.407989562187042e-289,1.0372345149040428e-297,1.4522907056993785e-306,2.033434353e-315,5e-324,0.0,0.0,0.0,0.0,0.0,0.0,0.0,0.0,0.0,0.0,0.0,0.0,0.0,0.0,0.0,0.0,0.0,0.0,0.0,0.0,0.0,0.0,0.0,0.0,0.0,0.0,0.0,0.0,0.0,0.0,0.0,0.0,0.0,0.0,0.0,0.0,0.0,0.0,0.0,0.0,0.0,0.0,0.0,0.0,0.0,0.0,0.0,0.0
Cu81,3.0868033559916768e-06,4.919570132416609e-53,7.84052869476999e-100,1.2495784907799664e-146,1.9915065238667637e-193,3.173948866652114e-240,5.05845764871651e-287,0.0,0.0,0.0,0.0,0.0,0.0,0.0,0.0,0.0,0.0,0.0,0.0,0.0,0.0,0.0,0.0,0.0,0.0,0.0,0.0,0.0,0.0,0.0,0.0,0.0,0.0,0.0,0.0,0.0,0.0,0.0,0.0,0.0,0.0,0.0,0.0,0.0,0.0,0.0,0.0,0.0,0.0,0.0,0.0,0.0,0.0,0.0,0.0,0.0,0.0,0.0,0.0,0.0,0.0,0.0,0.0,0.0,0.0,0.0,0.0,0.0,0.0,0.0,0.0,0.0,0.0,0.0,0.0,0.0,0.0,0.0,0.0,0.0,0.0,0.0,0.0,0.0,0.0,0.0
Eu165,111568.26130291623,24801.032027263263,5496.946302668553,1218.1803550982258,269.95955831364904,59.82540979909182,13.257836183317597,2.9380529229590677,0.6510983284472003,0.1442891072496436,0.03197573325145721,0.007086103285671733,0.0015703427152188739,0.00034800173576742086,7.712024064776085e-05,1.7090522564357106e-05,3.787409881886564e-06,8.393232892321216e-07,1.860014114702906e-07,4.1219546166283535e-08,9.13461340279003e-09,2.0243105463078522e-09,4.486049936871523e-10,9.941480605735324e-11,2.20311940404158e-11,4.882306067834969e-12,1.0819618989460954e-12,2.397722581309113e-13,5.313563797874607e-14,1.1775323990429442e-14,2.609515202114365e-15,5.782914844296887e-16,1.2815447125693212e-16,2.8400156228032276e-17,6.293724018099854e-18,1.3947445111907196e-18,3.0908763172681206e-19,6.849653346542242e-20,1.5179433323060216e-20,3.363895723650689e-21,7.454688326477065e-22,1.652024397016777e-22,3.661031137472656e-23,8.113166496661734e-24,1.7979489420020278e-24,3.984412743626445e-25,8.829808533881557e-26,1.9567631106923587e-26,4.336358887822059e-27,9.609752095817034e-28,2.1296054531464636e-28,4.719392696972133e-29,1.0458588653276757e-29,2.3177150883974256e-30,5.1362601676680905e-31,1.1382403575848904e-31,2.522440587785083e-32,5.589949852424739e-33,1.2387819758348158e-33,2.745249642959783e-34,6.083714284825656e-35,1.3482045100819243e-35,2.9877395878681222e-36,6.62109329716747e-37,1.467292418248434e-37,3.2516488501534635e-38,7.205939397769131e-39,1.5968994500088973e-39,3.53886941406723e-40,7.842445389877714e-41,1.7379547673822635e-41,3.85146038423844e-42,8.535174430172858e-43,1.8914696059604214e-43,4.1916627475410775e-44,9.289092742361127e-45,2.0585445245279845e-45,4.5619154388881915e-46,1.0109605220386637e-46,2.240377295046431e-47,4.964872826129609e-48,1.1002594176499778e-48,2.4382714895663826e-49,5.403423739403589e-50,1.1974461511971596e-50,2.6536458256282422e-51
Eu166,1248.4374999275583,0.21552212453280242,3.720633685372962e-05,6.423059837007629e-09,1.108835245780046e-12,1.9142209997796017e-16,3.3045865469576505e-20,5.704823135672853e-24,9.848435363047335e-28,1.7001697825410623e-31,2.9350624570391793e-35,5.066900797310692e-39,8.74716775727032e-43,1.5100541106792463e-46,2.606859134814257e-50,4.500311942932772e-54,7.769045635504345e-58,1.3411974736847876e-61,2.3153560267401922e-65,3.997079949631681e-69,6.900298675120496e-73,1.1912226526831712e-76,2.0564492568732914e-80,3.5501201530789707e-84,6.128696372727471e-88,1.0580182531711441e-91,1.8264938511632425e-95,3.153140107307291e-99,5.443375859151054e-103,9.397089801154475e-107,1.6222524223181878e-110,2.800550997601314e-114,4.834688968414666e-118,8.346292369369664e-122,1.440849592809288e-125,2.487388959339176e-129,4.2940664077082205e-133,7.412996766982058e-137,1.2797315143669397e-140,2.2092451950854388e-144,3.813897116085736e-148,6.5840637537403545e-152,1.1366299140708932e-155,1.962203906101109e-159,3.387421113463942e-163,5.8478233400020624e-167,1.0095301608633876e-170,1.7427871644503147e-174,3.008634331415276e-178,5.193910492808597e-182,8.966429029152685e-186,1.5479059495951651e-189,2.672204085932e-193,4.613119213566707e-197,7.963788765466275e-201,1.3748166601558746e-204,2.3733940021593353e-208,4.0972729329940194e-212,7.073265320537543e-216,1.2210824885946658e-219,2.1079973341636617e-223,3.6391093987067726e-227,6.282321614514811e-231,1.08453911504352e-234,1.8722777409895817e-238,3.2321784348592987e-242,5.579822483627781e-246,9.632642373023388e-250,1.6629166852318707e-253,2.870751134462196e-257,4.955877915715817e-261,8.555505080408487e-265,1.4769667135822318e-268,2.5497392059590052e-272,4.40170381540728e-276,7.598814982053701e-280,1.311809961619169e-283,2.2646233385961473e-287,3.9094983387564965e-291,6.7491034823541725e-295,1.165121298657811e-298,2.0113895780903742e-302,3.472332056337054e-306,5.99440806535e-310,1.0348355938e-313,1.7864727e-317
Eu167,55.78655250916598,1.6625688227762663e-06,4.954841204810964e-14,1.4766577496561398e-21,4.40078303115412e-29,1.3115355465275488e-36,3.9086805180536412e-44,1.1648775690953927e-51,3.4716056856375923e-59,1.0346191184632829e-66,3.0834052516916078e-74,9.189263736282665e-82,2.7386140037425508e-89,8.161705743499299e-97,2.43237785801272e-104,7.249050909318731e-112,2.16038552204334e-119,6.438450580964539e-127,1.9188077989115056e-134,5.718492862318507e-142,1.7042436785455167e-149,5.079041953520555e-157,1.513672457194501e-164,4.5110954558685677e-172,1.3444112109746323e-179,4.006657633109809e-187,1.194077024790594e-194,3.5586268448549555e-202,1.0605534448787495e-209,3.1606955673657533e-217,9.419606826799423e-225,2.8072615941761366e-232,8.36629150562332e-240,2.4933491664002423e-247,7.430759568215181e-255,2.214538922374017e-262,6.599840290469021e-270,1.9669056804385957e-277,5.861835719462058e-285,1.7469631789511726e-292,5.206355985853621e-300,1.551614995555178e-307,4.62417303e-315,1.4e-322,0.0,0.0,0.0,0.0,0.0,0.0,0.0,0.0,0.0,0.0,0.0,0.0,0.0,0.0,0.0,0.0,0.0,0.0,0.0,0.0,0.0,0.0,0.0,0.0,0.0,0.0,0.0,0.0,0.0,0.0,0.0,0.0,0.0,0.0,0.0,0.0,0.0,0.0,0.0,0.0,0.0,0.0
F22,0.0,0.0,0.0,0.0,0.0,0.0,0.0,0.0,0.0,0.0,0.0,0.0,0.0,0.0,0.0,0.0,0.0,0.0,0.0,0.0,0.0,0.0,0.0,0.0,0.0,0.0,0.0,0.0,0.0,0.0,0.0,0.0,0.0,0.0,0.0,0.0,0.0,0.0,0.0,0.0,0.0,0.0,0.0,0.0,0.0,0.0,0.0,0.0,0.0,0.0,0.0,0.0,0.0,0.0,0.0,0.0,0.0,0.0,0.0,0.0,0.0,0.0,0.0,0.0,0.0,0.0,0.0,0.0,0.0,0.0,0.0,0.0,0.0,0.0,0.0,0.0,0.0,0.0,0.0,0.0,0.0,0.0,0.0,0.0,0.0,0.0
F23,0.0,0.0,0.0,0.0,0.0,0.0,0.0,0.0,0.0,0.0,0.0,0.0,0.0,0.0,0.0,0.0,0.0,0.0,0.0,0.0,0.0,0.0,0.0,0.0,0.0,0.0,0.0,0.0,0.0,0.0,0.0,0.0,0.0,0.0,0.0,0.0,0.0,0.0,0.0,0.0,0.0,0.0,0.0,0.0,0.0,0.0,0.0,0.0,0.0,0.0,0.0,0.0,0.0,0.0,0.0,0.0,0.0,0.0,0.0,0.0,0.0,0.0,0.0,0.0,0.0,0.0,0.0,0.0,0.0,0.0,0.0,0.0,0.0,0.0,0.0,0.0,0.0,0.0,0.0,0.0,0.0,0.0,0.0,0.0,0.0,0.0
F24,0.0,0.0,0.0,0.0,0.0,0.0,0.0,0.0,0.0,0.0,0.0,0.0,0.0,0.0,0.0,0.0,0.0,0.0,0.0,0.0,0.0,0.0,0.0,0.0,0.0,0.0,0.0,0.0,0.0,0.0,0.0,0.0,0.0,0.0,0.0,0.0,0.0,0.0,0.0,0.0,0.0,0.0,0.0,0.0,0.0,0.0,0.0,0.0,0.0,0.0,0.0,0.0,0.0,0.0,0.0,0.0,0.0,0.0,0.0,0.0,0.0,0.0,0.0,0.0,0.0,0.0,0.0,0.0,0.0,0.0,0.0,0.0,0.0,0.0,0.0,0.0,0.0,0.0,0.0,0.0,0.0,0.0,0.0,0.0,0.0,0.0
F25,0.0,0.0,0.0,0.0,0.0,0.0,0.0,0.0,0.0,0.0,0.0,0.0,0.0,0.0,0.0,0.0,0.0,0.0,0.0,0.0,0.0,0.0,0.0,0.0,0.0,0.0,0.0,0.0,0.0,0.0,0.0,0.0,0.0,0.0,0.0,0.0,0.0,0.0,0.0,0.0,0.0,0.0,0.0,0.0,0.0,0.0,0.0,0.0,0.0,0.0,0.0,0.0,0.0,0.0,0.0,0.0,0.0,0.0,0.0,0.0,0.0,0.0,0.0,0.0,0.0,0.0,0.0,0.0,0.0,0.0,0.0,0.0,0.0,0.0,0.0,0.0,0.0,0.0,0.0,0.0,0.0,0.0,0.0,0.0,0.0,0.0
F26,0.0,0.0,0.0,0.0,0.0,0.0,0.0,0.0,0.0,0.0,0.0,0.0,0.0,0.0,0.0,0.0,0.0,0.0,0.0,0.0,0.0,0.0,0.0,0.0,0.0,0.0,0.0,0.0,0.0,0.0,0.0,0.0,0.0,0.0,0.0,0.0,0.0,0.0,0.0,0.0,0.0,0.0,0.0,0.0,0.0,0.0,0.0,0.0,0.0,0.0,0.0,0.0,0.0,0.0,0.0,0.0,0.0,0.0,0.0,0.0,0.0,0.0,0.0,0.0,0.0,0.0,0.0,0.0,0.0,0.0,0.0,0.0,0.0,0.0,0.0,0.0,0.0,0.0,0.0,0.0,0.0,0.0,0.0,0.0,0.0,0.0
F27,0.0,0.0,0.0,0.0,0.0,0.0,0.0,0.0,0.0,0.0,0.0,0.0,0.0,0.0,0.0,0.0,0.0,0.0,0.0,0.0,0.0,0.0,0.0,0.0,0.0,0.0,0.0,0.0,0.0,0.0,0.0,0.0,0.0,0.0,0.0,0.0,0.0,0.0,0.0,0.0,0.0,0.0,0.0,0.0,0.0,0.0,0.0,0.0,0.0,0.0,0.0,0.0,0.0,0.0,0.0,0.0,0.0,0.0,0.0,0.0,0.0,0.0,0.0,0.0,0.0,0.0,0.0,0.0,0.0,0.0,0.0,0.0,0.0,0.0,0.0,0.0,0.0,0.0,0.0,0.0,0.0,0.0,0.0,0.0,0.0,0.0
F29,0.0,0.0,0.0,0.0,0.0,0.0,0.0,0.0,0.0,0.0,0.0,0.0,0.0,0.0,0.0,0.0,0.0,0.0,0.0,0.0,0.0,0.0,0.0,0.0,0.0,0.0,0.0,0.0,0.0,0.0,0.0,0.0,0.0,0.0,0.0,0.0,0.0,0.0,0.0,0.0,0.0,0.0,0.0,0.0,0.0,0.0,0.0,0.0,0.0,0.0,0.0,0.0,0.0,0.0,0.0,0.0,0.0,0.0,0.0,0.0,0.0,0.0,0.0,0.0,0.0,0.0,0.0,0.0,0.0,0.0,0.0,0.0,0.0,0.0,0.0,0.0,0.0,0.0,0.0,0.0,0.0,0.0,0.0,0.0,0.0,0.0
Fe65,79.27734005174656,1.1931732855725974,0.016538406847147257,0.00022923652779445754,3.1774152226956163e-06,4.404170484762482e-08,6.10455867407768e-10,8.461442792505068e-12,1.1728286671215125e-13,1.6256412956433753e-15,2.2532785019546843e-17,3.123237593051996e-19,4.3290756354313346e-21,6.000470761166708e-23,8.317168002547293e-25,1.152830941703419e-26,1.5979227301188996e-28,2.214858188710487e-30,3.069983738032738e-32,4.2552612170952005e-34,5.8981576356224405e-36,8.175353220359785e-38,1.1331741944973261e-39,1.5706767896912378e-41,2.17709297445583e-43,3.0176379064954966e-45,4.182705397317555e-47,5.79758903581214e-49,8.03595650071964e-51,1.1138526115349639e-52,1.5438954157008627e-54,2.1399716891962595e-56,2.966184615868297e-58,4.1113867159234477e-60,5.698735216089566e-62,7.898936613605606e-64,1.0948604779811637e-65,1.5175706868952415e-67,2.103483353395207e-69,2.9156086475701508e-71,4.0412840786521324e-73,5.601566937997036e-75,7.764253032003304e-77,1.0761921764435473e-78,1.4916948170859243e-80,2.0676171747265345e-82,2.865895042509816e-84,3.97237675091795e-86,5.506055461617417e-88,7.631865919918421e-90,1.0578421853110529e-91,1.4662601528455905e-93,2.0323625448824397e-95,2.81702909666127e-97,3.904644351677541e-99,5.41217253707358e-101,7.501736120594186e-103,1.0398050771207785e-104,1.4412591712443627e-106,1.9977090364357848e-108,2.7689963567146336e-110,3.838066847401668e-112,5.319890396172841e-114,7.373825144929844e-116,1.0220755169526825e-117,1.4166844776247151e-119,1.963646399755928e-121,2.7217826158012425e-123,3.772624546149775e-125,5.229181744193766e-127,7.248095160096477e-129,1.0046482608516378e-130,1.3925288034143088e-132,1.9301645599771282e-134,2.6753739092916056e-136,3.7082980917456364e-138,5.140019751813119e-140,7.12450897834705e-142,9.875181542764076e-144,1.368785003976142e-145,1.8972536140186778e-147,2.6297565106650412e-149,3.645068458052273e-151,5.05237804717044e-153,7.003030046017232e-155,9.706801305750683e-157
Fe65_m1,0.0,0.0,0.0,0.0,0.0,0.0,0.0,0.0,0.0,0.0,0.0,0.0,0.0,0.0,0.0,0.0,0.0,0.0,0.0,0.0,0.0,0.0,0.0,0.0,0.0,0.0,0.0,0.0,0.0,0.0,0.0,0.0,0.0,0.0,0.0,0.0,0.0,0.0,0.0,0.0,0.0,0.0,0.0,0.0,0.0,0.0,0.0,0.0,0.0,0.0,0.0,0.0,0.0,0.0,0.0,0.0,0.0,0.0,0.0,0.0,0.0,0.0,0.0,0.0,0.0,0.0,0.0,0.0,0.0,0.0,0.0,0.0,0.0,0.0,0.0,0.0,0.0,0.0,0.0,0.0,0.0,0.0,0.0,0.0,0.0,0.0
Fe66,20954.27212205209,7.974822088566782,0.0030263949097836212,1.1484978659392586e-06,4.358477288614458e-10,1.6540147647407738e-13,6.276882178844998e-17,2.3820373751788602e-20,9.039682273904148e-24,3.4305026640063116e-27,1.3018542213289292e-30,4.9404550282804646e-34,1.8748716627846414e-37,7.115020239616065e-41,2.700105506686146e-44,1.0246730861907241e-47,3.8885700242589336e-51,1.4756879084019036e-54,5.600142955940701e-58,2.1252190892405782e-61,8.065073004040601e-65,3.060644565532667e-68,1.161495395247073e-71,4.407802096240355e-75,1.6727332195310166e-78,6.347917539467559e-82,2.4089948485137184e-85,9.141984192586705e-89,3.469325599806455e-92,1.3165872817011294e-95,4.996366067324069e-99,1.8960895510438517e-102,7.1955407933173095e-106,2.730662551238123e-109,1.036269292734656e-112,3.93257689998306e-116,1.492388241425998e-119,5.6635196711758526e-123,2.1492701547385086e-126,8.156345287471436e-130,3.095281824008366e-133,1.1746400173559476e-136,4.457685111810525e-140,1.6916635107311985e-143,6.419756805964911e-147,2.436257399080442e-150,9.245443860208807e-154,3.508587894059807e-157,1.3314870758476503e-160,5.052909850572228e-164,1.9175475617557726e-167,7.276972596649628e-171,2.761565409303479e-174,1.0479967333355991e-177,3.9770818007135317e-181,1.50927757181297e-184,5.7276136195362474e-188,2.1735934057040593e-191,8.248650497661723e-195,3.13031107170367e-198,1.1879333969124148e-201,4.5081326525540235e-205,1.7108080356900845e-208,6.492409076125096e-212,2.463828479432472e-215,9.350074378993978e-219,3.548294518977928e-222,1.3465554906915596e-225,5.1100935387795106e-229,1.9392484123818034e-232,7.359325962208408e-236,2.792817994447407e-239,1.059856893166971e-242,4.0220903625902137e-246,1.526358038442509e-249,5.792432917935986e-253,2.198191922455168e-256,8.342000324224641e-260,3.165736744753383e-263,1.2013772174017799e-266,4.559151107191892e-270,1.7301692188871916e-273,6.565883550695657e-277,2.4917115811957304e-280,9.455888999443362e-284,3.5884505030428014e-287
Fe67,35874.875756390305,8.6512376918087,0.002084151369262915,5.02088497015085e-07,1.209570775677501e-10,2.913951365289123e-14,7.019938584837531e-18,1.6911585526754737e-21,4.074134290098771e-25,9.814910723479526e-29,2.3644893773871633e-32,5.6962413345260784e-36,1.3722694485952226e-39,3.305905296065746e-43,7.964186507062055e-47,1.9186353219117695e-50,4.622143762232703e-54,1.1135108748784502e-57,2.6825354905742706e-61,6.462439497033245e-65,1.5568526269106239e-68,3.7505807257943647e-72,9.03544467700456e-76,2.1767098612154016e-79,5.243865674891323e-83,1.2632885855053456e-86,3.043361804459594e-90,7.331698535959225e-94,1.766263982922387e-97,4.255069193131657e-101,1.02507971704101e-104,2.4694978591300302e-108,5.949215046271206e-112,1.433212810285578e-115,3.4527226593601336e-119,8.317881110819486e-123,2.0038431406057235e-126,4.827416115541245e-130,1.1629626032276652e-133,2.801668603110319e-137,6.749440557993171e-141,1.6259934453100402e-144,3.917146408616305e-148,9.436714539528692e-152,2.27337893484581e-155,5.476749094986176e-159,1.319392037538443e-162,3.1785194437946754e-166,7.657303945406321e-170,1.844704893242205e-173,4.444039530640783e-177,1.0706041612534984e-180,2.579169834540241e-184,6.21342348194669e-188,1.4968627055491482e-191,3.606060275424728e-195,8.687283517579297e-199,2.0928350928886255e-202,5.041804745019551e-206,1.2146105143820051e-209,2.926092493178449e-213,7.049187519170812e-217,1.6982048515649279e-220,4.091109379677681e-224,9.855805052649031e-228,2.3743411437089246e-231,5.719975016342035e-235,1.3779870796691223e-238,3.3196795201202915e-242,7.99736969881621e-246,1.9266294144329368e-249,4.6414021613976956e-253,1.1181503750770778e-256,2.6937124123467707e-260,6.489365582809804e-264,1.5633393332686313e-267,3.7662077128448376e-271,9.073091320894072e-275,2.1857792345473555e-278,5.265714510308301e-282,1.2685521422209604e-285,3.0560421275842565e-289,7.36224643412643e-293,1.7736232124409075e-296,4.2727981572685076e-300,1.029350764282773e-303
Fe68,9139.649524023105,8.16763075618242e-05,7.297359306310524e-13,6.519816386788609e-21,5.825121654716626e-29,5.204447530302621e-37,4.649907023614034e-45,4.1544535135313246e-53,3.7117912053816125e-61,3.316295129425427e-69,2.9629396636064548e-77,2.647234672293289e-85,2.3651684495194446e-93,2.1131567416938304e-101,1.8879972020062118e-109,1.6868286977737785e-117,1.5070949536416838e-125,1.3465120686468423e-133,1.2030394943799078e-141,1.074854105461015e-149,9.60327032839342e-158,8.580029655340642e-166,7.665816578011557e-174,6.849014067351012e-182,6.119242903531592e-190,5.467229785805411e-198,4.884689495418978e-206,4.364219614219405e-214,3.899206461127101e-222,3.483741051197009e-230,3.112544009348789e-238,2.780898484634576e-246,2.4845902125769068e-254,2.2198539639407726e-262,1.983325699457183e-270,1.771999822521783e-278,1.583190986672846e-286,1.4144999725310786e-294,1.2637832005949114e-302,1.12912549248623e-310,1.00882e-318,0.0,0.0,0.0,0.0,0.0,0.0,0.0,0.0,0.0,0.0,0.0,0.0,0.0,0.0,0.0,0.0,0.0,0.0,0.0,0.0,0.0,0.0,0.0,0.0,0.0,0.0,0.0,0.0,0.0,0.0,0.0,0.0,0.0,0.0,0.0,0.0,0.0,0.0,0.0,0.0,0.0,0.0,0.0,0.0,0.0
Fe69,1656.9987239889533,2.5742390399287526e-11,3.9988349106863506e-25,6.211808769463191e-39,9.64945266564078e-53,1.4989504700172603e-66,2.328476639473479e-80,3.617066453510817e-94,5.61876787051285e-108,8.728220171919807e-122,1.355845785502334e-135,2.1061771562301203e-149,3.2717454011793003e-163,5.08234453995205e-177,7.894937672555435e-191,1.2264032940616631e-204,1.9051005873216264e-218,2.9593921227927768e-232,4.597133502940538e-246,7.141208588443004e-260,1.1093186671875441e-273,1.7232207827709655e-287,2.6768591875428622e-301,4.158245525e-315,0.0,0.0,0.0,0.0,0.0,0.0,0.0,0.0,0.0,0.0,0.0,0.0,0.0,0.0,0.0,0.0,0.0,0.0,0.0,0.0,0.0,0.0,0.0,0.0,0.0,0.0,0.0,0.0,0.0,0.0,0.0,0.0,0.0,0.0,0.0,0.0,0.0,0.0,0.0,0.0,0.0,0.0,0.0,0.0,0.0,0.0,0.0,0.0,0.0,0.0,0.0,0.0,0.0,0.0,0.0,0.0,0.0,0.0,0.0,0.0,0.0,0.0
Fe70,379.2487539215635,3.6871461349329565e-14,3.5847307287825006e-30,3.4851600472600143e-46,3.388355074341312e-62,3.294238988777775e-78,3.202737103133505e-94,3.113776804515856e-110,3.027287496952201e-126,2.9432005453673032e-142,2.8614492211167628e-158,2.7819686490333594e-174,2.704695755944253e-190,2.629569220618177e-206,2.5565294251029247e-222,2.4855184074145067e-238,2.416479815540409e-254,2.349358862720496e-270,2.2841022839700404e-286,2.220658293810364e-302,2.15898e-318,0.0,0.0,0.0,0.0,0.0,0.0,0.0,0.0,0.0,0.0,0.0,0.0,0.0,0.0,0.0,0.0,0.0,0.0,0.0,0.0,0.0,0.0,0.0,0.0,0.0,0.0,0.0,0.0,0.0,0.0,0.0,0.0,0.0,0.0,0.0,0.0,0.0,0.0,0.0,0.0,0.0,0.0,0.0,0.0,0.0,0.0,0.0,0.0,0.0,0.0,0.0,0.0,0.0,0.0,0.0,0.0,0.0,0.0,0.0,0.0,0.0,0.0,0.0,0.0,0.0
Fe71,17.15435450773414,2.733962625553258e-46,4.357232814882021e-93,6.944307733264165e-140,1.1067439345808503e-186,1.7638650010628564e-233,2.811146864927541e-280,0.0,0.0,0.0,0.0,0.0,0.0,0.0,0.0,0.0,0.0,0.0,0.0,0.0,0.0,0.0,0.0,0.0,0.0,0.0,0.0,0.0,0.0,0.0,0.0,0.0,0.0,0.0,0.0,0.0,0.0,0.0,0.0,0.0,0.0,0.0,0.0,0.0,0.0,0.0,0.0,0.0,0.0,0.0,0.0,0.0,0.0,0.0,0.0,0.0,0.0,0.0,0.0,0.0,0.0,0.0,0.0,0.0,0.0,0.0,0.0,0.0,0.0,0.0,0.0,0.0,0.0,0.0,0.0,0.0,0.0,0.0,0.0,0.0,0.0,0.0,0.0,0.0,0.0,0.0
Fe72,1.3355142793830066e-05,2.971329606023954e-52,6.6107863943718196e-99,1.4708060884060418e-145,3.2723346673763504e-192,7.280479908073992e-239,1.6198033844248293e-285,0.0,0.0,0.0,0.0,0.0,0.0,0.0,0.0,0.0,0.0,0.0,0.0,0.0,0.0,0.0,0.0,0.0,0.0,0.0,0.0,0.0,0.0,0.0,0.0,0.0,0.0,0.0,0.0,0.0,0.0,0.0,0.0,0.0,0.0,0.0,0.0,0.0,0.0,0.0,0.0,0.0,0.0,0.0,0.0,0.0,0.0,0.0,0.0,0.0,0.0,0.0,0.0,0.0,0.0,0.0,0.0,0.0,0.0,0.0,0.0,0.0,0.0,0.0,0.0,0.0,0.0,0.0,0.0,0.0,0.0,0.0,0.0,0.0,0.0,0.0,0.0,0.0,0.0,0.0
Ga79,66398682955.15146,20473392711.14818,6085634867.871478,1802239141.4308662,533522068.122481,157933799.48170406,46751547.09035169,13839382.239984091,4096730.5725278095,1212713.1844125371,358987.0607569727,106267.262070683,31457.20897050961,9311.955318427086,2756.5227396260343,815.9851883136877,241.54773620247903,71.50290189104855,21.16627155865865,6.265634538546867,1.8547516061973512,0.5490431175849408,0.16252760960559387,0.04811138331047688,0.01424191994003191,0.004215889663145674,0.0012479866286749205,0.0003694286970948125,0.0001093581927092271,3.2372185503388686e-05,9.582806448276162e-06,2.8367000249492126e-06,8.397192487378679e-07,2.4857348697401097e-07,7.358266291893376e-08,2.178192191031022e-08,6.447879205317126e-09,1.9086996279553254e-09,5.650127978130467e-10,1.6725495044734146e-10,4.951076959215857e-11,1.4656165925442005e-11,4.338514658598784e-12,1.284286049887148e-12,3.8017404289869145e-13,1.1253902735036035e-13,3.331377539718074e-14,9.861535658724976e-15,2.919209377767921e-15,8.641436472126467e-16,2.5580359144671877e-16,7.57229166795432e-17,2.241547930593214e-17,6.63542471087106e-18,1.9642168027157165e-18,5.814469783297824e-19,1.721197925511105e-19,5.095085896384969e-20,1.5082460829618017e-20,4.4647063720429595e-21,1.3216412900881938e-21,3.9123193198183674e-22,1.158123809767072e-22,3.428275273838498e-23,1.0148372094669448e-23,3.004118629498284e-24,8.892784631772612e-25,2.6324399353130254e-25,7.792542268787095e-26,2.3067464596723223e-26,6.828425237453365e-27,2.0213487714689546e-27,5.983591697699909e-28,1.7712613533172822e-28,5.243283533135085e-29,1.5521155112066025e-29,4.594568546415604e-30,1.3600830592370542e-30,4.026114550988127e-31,1.1918094463121393e-31,3.527991412887735e-32,1.0443551566002395e-32,3.091497584527196e-33,9.151443601092758e-34,2.7090081002534506e-34,8.019199163684413e-35
Ga80,24932791304.530357,3182570742.5360427,402503321.2036597,50899005.42077953,6436480.511794479,813931.0427970984,102926.39603984686,13015.65175019061,1645.9061717914258,208.13457353769718,26.319848266058216,3.3283005363972418,0.4208832949416238,0.05322318282971766,0.0067303863673621135,0.0008510971769369862,0.00010762627359742702,1.360997907448802e-05,1.72106237832646e-06,2.1763852052080815e-07,2.7521678592814775e-08,3.4802790919256456e-09,4.401018824795453e-10,5.5653486931954856e-11,7.0377127001478475e-12,8.899604100346811e-13,1.1254075935956557e-13,1.4231444875996315e-14,1.7996504058714364e-15,2.2757644157522604e-16,2.877838750852488e-17,3.639197369720089e-18,4.601980389573425e-19,5.819476481883501e-20,7.359072324585544e-21,9.305982358906799e-22,1.1767965287548916e-22,1.4881288365694307e-23,1.8818269599865022e-24,2.3796815304619094e-25,3.0092480907288887e-26,3.8053722549158606e-27,4.812118363752433e-28,6.085208383187569e-29,7.695106035991371e-30,9.730916868640235e-31,1.230532011664318e-31,1.5560805340044222e-32,1.9677559018009744e-33,2.4883437614300007e-34,3.1466579108620926e-35,3.979135102418815e-36,5.031851765215772e-37,6.363074270012585e-38,8.046483890003866e-39,1.0175254954546323e-39,1.286721191583342e-40,1.6271350764826855e-41,2.05760857475458e-42,2.6019677825737214e-43,3.290342208240029e-44,4.1608323976314e-45,5.261618745254872e-46,6.65362821059009e-47,8.413906538683622e-48,1.063988263261023e-48,1.3454761104754606e-49,1.701434147696102e-50,2.1515641462585133e-51,2.7207801616850818e-52,3.4405874912407462e-53,4.3508264473491223e-54,5.5018774622488e-55,6.957449573297649e-56,8.798106627622792e-57,1.1125726376530727e-57,1.4069139264214277e-58,1.7791259009695191e-59,2.2498099649576347e-60,2.8450178122101326e-61,3.5976933509339023e-62,4.5494961022050777e-63,5.7531069952380326e-64,7.275144181926985e-65,9.199850256849992e-66,1.1633754965120809e-66
Ga81,12398942198.775896,718824111.4133394,41672725.58691873,2415912.3633570285,140058.81461359208,8119.695005702323,470.72686690601955,27.28966827837041,1.5820766714218188,0.09171846900905624,0.005317237596206421,0.0003082586959854221,1.7870825204129912e-05,1.0360336874054266e-06,6.006246433381442e-08,3.482029267682513e-09,2.0186530731759626e-10,1.1702831643787056e-11,6.784537189807923e-13,3.9332313991138783e-14,2.280230589967965e-15,1.3219287186096e-16,7.663679036554675e-18,4.442900403669397e-19,2.5757033799003966e-20,1.4932245376806327e-21,8.656740280465684e-23,5.018612431847464e-24,2.9094636000491237e-25,1.6867169073055223e-26,9.778482622509092e-28,5.668925353422829e-29,3.2864725441864195e-30,1.9052820614703824e-31,1.104558058816668e-32,6.4035059688500155e-34,3.7123343916413956e-35,2.1521689372046387e-36,1.2476869391662197e-37,7.233273704748904e-39,4.19337951255429e-40,2.431047469524792e-41,1.4093624918491994e-42,8.170562929483465e-44,4.736758567844195e-45,2.7460631444477244e-46,1.5919879988154312e-47,9.229306301629394e-49,5.350548802671693e-50,3.1018986209957375e-51,1.7982781598274186e-52,1.0425241876777412e-53,6.043874113432155e-55,3.503843338194734e-56,2.0312994460501565e-57,1.177614705128222e-58,6.827040673056859e-60,3.957872141762851e-61,2.2945156826681754e-62,1.3302102820494954e-63,7.711690130670996e-65,4.470734099262933e-66,2.591839538108259e-67,1.5025792279636442e-68,8.71097266289761e-70,5.050052823942373e-71,2.927690685247198e-72,1.6972837804480404e-73,9.839742449188257e-75,5.704439798558559e-76,3.307061499161831e-77,1.9172181923985001e-78,1.1114778476890662e-79,6.443622383730968e-81,3.735591268008242e-82,2.16565175464852e-83,1.2555033958286526e-84,7.278588413644127e-86,4.219650020163287e-87,2.44627739346914e-88,1.418191806714481e-89,8.221749528494158e-91,4.7664332137058395e-92,2.7632665653436917e-93,1.6019614182760617e-94,9.287125671590284e-96
Ga82,4676112982.611962,14360204.64558537,44095.00333116329,135.3998335513306,0.4157639991098825,0.0012766611185700638,3.920165322533875e-06,1.203741222510939e-08,3.696254651412368e-11,1.1349863403023424e-13,3.4851332339363407e-16,1.0701585760981104e-18,3.286070577860876e-21,1.0090336221062013e-23,3.0983779149489303e-26,9.5139998247084e-29,2.921405817793645e-31,8.970582414846888e-34,2.754541952762148e-36,8.45820373599034e-39,2.5972089612860025e-41,7.975090928445819e-44,2.448862462167327e-46,7.519572394118018e-49,2.3089891679885706e-51,7.090072012683755e-54,2.177105109108519e-56,6.685103688125023e-59,2.0527539590995074e-61,6.303266206751312e-64,1.9355054558317456e-66,5.943238388919672e-69,1.8249539127415954e-71,5.603774517677138e-74,1.7207168151327475e-76,5.283700028508493e-79,1.6224334966533643e-81,4.981907445275466e-84,1.5297638913697668e-86,4.697352548285603e-89,1.442387357118746e-91,4.429050761232123e-94,1.3600015660672426e-96,4.176073744503233e-99,1.282321458640657e-101,3.9375461830737054e-104,1.2090782572003309e-106,3.7126427578645696e-109,1.1400185360574598e-111,3.5005852900916294e-114,1.0749033446056415e-116,3.300640048722108e-119,1.0135073805380263e-121,3.112115211723091e-124,9.556182102883941e-127,2.934358472317535e-129,9.01035533998788e-132,2.7667547819652627e-134,8.4957049247049315e-137,2.6087242222596743e-139,8.010450137003433e-142,2.4597199983767058e-144,7.552911967413579e-147,2.3192265471332985e-149,7.12150730755804e-152,2.1867577531091286e-154,6.714743472505973e-157,2.0618552666593175e-159,6.33121303599731e-162,1.944086917998278e-164,5.969588960666982e-167,1.8330452218674222e-169,5.628620006419282e-172,1.7283459676127297e-174,5.3071264010652515e-177,1.6296268897937957e-179,5.0039957582430074e-182,1.5365464147245662e-184,4.718179228496983e-187,1.4487824786087466e-189,4.4486878701984956e-192,1.3660314131805499e-194,4.19458922775085e-197,1.2880068949950254e-199,3.955004105239322e-202,1.2144389547324833e-204
Ga83,73684247.47131436,959.6911537810495,0.012498763125339403,1.6278057690524974e-07,2.120011072446533e-12,2.7610462087943036e-17,3.595913373367374e-22,4.683222232057053e-27,6.099304459688584e-32,7.943572405624818e-37,1.0345498077763733e-41,1.3473702386249543e-46,1.7547792733481234e-51,2.285377997746685e-56,2.9764157076116106e-61,3.876404898118338e-66,5.0485269566775945e-71,6.57506764700261e-76,8.56319376595166e-81,1.1152476508232072e-85,1.452468969710924e-90,1.8916570740282566e-95,2.4636440160462276e-100,3.208584643132691e-105,4.1787755637962966e-110,5.442326494317417e-115,7.08794172325478e-120,9.231147364038661e-125,1.202240156363299e-129,1.565765702325537e-134,2.0392117345297977e-139,2.6558152934809055e-144,3.4588634194542945e-149,4.5047320059515566e-154,5.86684352186589e-159,7.64082144389167e-164,9.951203252625169e-169,1.2960183260691541e-173,1.687899904028178e-178,2.198276080446654e-183,2.8629764800219045e-188,3.7286646559394776e-193,4.856113982587066e-198,6.324474091365e-203,8.23682736356158e-208,1.072742555934385e-212,1.397111461147637e-217,1.819560922676285e-222,2.369747900150332e-227,3.0862968314394744e-232,4.019511160300669e-237,5.23490475809034e-242,6.817801153766908e-247,8.879323449097834e-252,1.1564195425403021e-256,1.5060901498131533e-261,1.961491877231187e-266,2.5545950120723157e-271,3.3270368087971356e-276,4.333044523605955e-281,5.643242297141761e-286,7.349609137583348e-291,9.571936066365169e-296,1.2466235733552051e-300,1.6235694877922882e-305,2.114493852058e-310,2.753860725e-315,3.5864e-320,0.0,0.0,0.0,0.0,0.0,0.0,0.0,0.0,0.0,0.0,0.0,0.0,0.0,0.0,0.0,0.0,0.0,0.0
Ga84,1171619625.5446894,2.29688808078073e-09,4.502907548326446e-27,8.827672779721703e-45,1.7306108524213907e-62,3.392755936081623e-80,6.651288951361718e-98,1.3039442137296775e-115,2.556302282087762e-133,5.0114731049083144e-151,9.824684215634996e-169,1.9260688008563787e-186,3.7759391998866005e-204,7.402496128331917e-222,1.45121375184258e-239,2.845015136821945e-257,5.57747686615363e-275,1.0934299712453807e-292,2.14360208156664e-310,0.0,0.0,0.0,0.0,0.0,0.0,0.0,0.0,0.0,0.0,0.0,0.0,0.0,0.0,0.0,0.0,0.0,0.0,0.0,0.0,0.0,0.0,0.0,0.0,0.0,0.0,0.0,0.0,0.0,0.0,0.0,0.0,0.0,0.0,0.0,0.0,0.0,0.0,0.0,0.0,0.0,0.0,0.0,0.0,0.0,0.0,0.0,0.0,0.0,0.0,0.0,0.0,0.0,0.0,0.0,0.0,0.0,0.0,0.0,0.0,0.0,0.0,0.0,0.0,0.0,0.0,0.0
Ga85,35145.51933415691,1.543756325557115e-27,6.780903050652771e-59,2.9784911919799527e-90,1.3082932633652923e-121,5.746638659116506e-153,2.52419368066652e-184,1.108744453143732e-215,4.8701265350303655e-247,2.1391883765421772e-278,9.3963203572176e-310,0.0,0.0,0.0,0.0,0.0,0.0,0.0,0.0,0.0,0.0,0.0,0.0,0.0,0.0,0.0,0.0,0.0,0.0,0.0,0.0,0.0,0.0,0.0,0.0,0.0,0.0,0.0,0.0,0.0,0.0,0.0,0.0,0.0,0.0,0.0,0.0,0.0,0.0,0.0,0.0,0.0,0.0,0.0,0.0,0.0,0.0,0.0,0.0,0.0,0.0,0.0,0.0,0.0,0.0,0.0,0.0,0.0,0.0,0.0,0.0,0.0,0.0,0.0,0.0,0.0,0.0,0.0,0.0,0.0,0.0,0.0,0.0,0.0,0.0,0.0
Ga86,1184476.6141166617,1.7749253403228133e-41,2.659706343015897e-88,3.9855410649512595e-135,5.972289994391232e-182,8.949411684845216e-229,1.3410596200127724e-275,2.03e-322,0.0,0.0,0.0,0.0,0.0,0.0,0.0,0.0,0.0,0.0,0.0,0.0,0.0,0.0,0.0,0.0,0.0,0.0,0.0,0.0,0.0,0.0,0.0,0.0,0.0,0.0,0.0,0.0,0.0,0.0,0.0,0.0,0.0,0.0,0.0,0.0,0.0,0.0,0.0,0.0,0.0,0.0,0.0,0.0,0.0,0.0,0.0,0.0,0.0,0.0,0.0,0.0,0.0,0.0,0.0,0.0,0.0,0.0,0.0,0.0,0.0,0.0,0.0,0.0,0.0,0.0,0.0,0.0,0.0,0.0,0.0,0.0,0.0,0.0,0.0,0.0,0.0,0.0
Gd169,148.1835809568055,4.630736904900181,0.14471052827813086,0.0045222040086916005,0.0001413188752716127,4.416214852237903e-06,1.3800671413243465e-07,4.312709816638588e-09,1.3477218176995623e-10,4.211630680311138e-12,1.3161345875972334e-13,4.112920586241362e-15,1.2852876832004284e-16,4.0165240100013496e-18,1.2551637531254242e-19,3.922386728516956e-21,1.22574585266155e-22,3.830455789567348e-24,1.1970174342397987e-25,3.740679481999377e-27,1.1689623381248079e-28,3.653007306640032e-30,1.141564783325012e-31,3.567389947890666e-33,1.1148093587158347e-34,3.483779245986988e-36,1.0886810143709352e-37,3.402128169909179e-39,1.06316505309662e-40,3.322390790926946e-42,1.0382471221646724e-43,3.244522256764607e-45,1.013913205238941e-46,3.168478766371695e-48,9.901496144911564e-50,3.0942175452848685e-51,9.669429829015236e-53,3.021696821567269e-54,9.442802567397732e-56,2.9508758023117945e-57,9.221486882224372e-59,2.88171465069512e-60,9.005358283422266e-62,2.8141744635694624e-63,8.794295198654587e-65,2.7482172495795616e-66,8.588178904936148e-68,2.6838059077925504e-69,8.38689346185174e-71,2.620904206828673e-72,8.190325646339611e-74,2.559476764481133e-75,7.998364889003556e-77,2.4994890278136154e-78,7.810903211917563e-80,2.4409072537242413e-81,7.627835167888273e-83,2.383698489965089e-84,7.449057781140922e-86,2.3278305566065425e-87,7.274470489395451e-89,2.2732720279360815e-90,7.103975087300271e-92,2.2199922147813376e-93,6.93747567119169e-95,2.1679611472474063e-96,6.774878585148155e-98,2.1171495578588025e-99,6.616092368308767e-101,2.0675288650964904e-102,6.461027703426539e-104,2.0190711573207945e-105,6.309597366627492e-107,1.9717491770710925e-108,6.161716178347171e-110,1.925536305733494e-111,6.017300955417178e-113,1.8804065485678706e-114,5.876270464274602e-116,1.8363345200858154e-117,5.738545375268182e-119,1.7932954297713103e-120,5.604048218035349e-122,1.751265068136049e-123,5.472703337925159e-125,1.7102197931016155e-126
Ge83,114293704263.47386,17588119236.932793,2701623501.835104,414982939.60207546,63743463.899969324,9791316.225825807,1503995.352128422,231021.24035761258,35486.02289285041,5450.831355604439,837.2750746668396,128.60965693564833,19.755089286142635,3.0344809402511754,0.4661115140191618,0.07159706973913361,0.010997669529827636,0.0016892972788967492,0.0002594845470440944,3.985812976544442e-05,6.1224089314615046e-06,9.40432763519597e-07,1.4445519608406572e-07,2.218904368834341e-08,3.4083485616999702e-09,5.235394585366897e-10,8.041829046621383e-11,1.2352653340751232e-11,1.8974295980698513e-12,2.9145471667648745e-13,4.4768908400808256e-14,6.876729195721565e-15,1.0563001449111865e-15,1.6225300784471525e-16,2.4922876969661613e-17,3.828279085213399e-18,5.880428961761763e-19,9.032634247562704e-20,1.3874579895579393e-20,2.131205161227022e-21,3.2736381738576793e-22,5.028472663405239e-23,7.72398658121008e-24,1.1864431349282143e-24,1.822436247937862e-25,2.799353614194737e-26,4.2999477573891644e-27,6.604935733206689e-28,1.0145513039041863e-28,1.5584017616988282e-29,2.3937833814024335e-30,3.676971508830898e-31,5.648012924558447e-32,8.675631540621304e-33,1.3326205806178726e-33,2.0469721467206717e-34,3.144252032718484e-35,4.8297290518059e-36,7.418706411295625e-37,1.1395505674675413e-37,1.7504069089975044e-38,2.6887129316913542e-39,4.129998111801687e-40,6.343884541350325e-41,9.74452529626631e-42,1.4968080303265136e-42,2.2991723162834582e-43,3.5316441606817907e-44,5.42478281829664e-45,8.332738884997197e-46,1.2799505464321338e-46,1.9660683286999078e-47,3.019979704600095e-48,4.638840513863223e-49,7.125492029062594e-50,1.0945113655987969e-50,1.6812244326972342e-51,2.5824451731954155e-52,3.966765497132949e-53,6.093151046368304e-54,9.35938605412722e-55,1.437648708255839e-55,2.2083006261273614e-56,3.3920606802970617e-57,5.210375581424012e-58,8.003398599910107e-59
Ge84,33617594278.02338,917453018.4323103,24258195.383985385,641406.1880717723,16959.2952643278,448.4174010345958,11.856516583773963,0.31349583039588874,0.008289081787319111,0.00021916998637620946,5.795030639175741e-06,1.53225268953299e-07,4.051399294957002e-09,1.0712225443820775e-10,2.8323985271478656e-12,7.489089413458035e-14,1.980175448659285e-15,5.235743080362634e-17,1.3843725626497244e-18,3.660392350811507e-20,9.678371648911015e-22,2.5590392722156628e-23,6.76630556698957e-25,1.7890655889088557e-26,4.730433247107784e-28,1.2507645803522677e-29,3.3071221043448297e-31,8.744296716465894e-33,2.3120623506807043e-34,6.113278731003177e-36,1.616400043533986e-37,4.2738916638730184e-39,1.130051315427301e-40,2.987946527268164e-42,7.900370830892789e-44,2.0889215618824195e-45,5.523276546253179e-47,1.460398722626023e-48,3.861411629831436e-50,1.0209882783371694e-51,2.699575089194527e-53,7.137893565309814e-55,1.8873164430070788e-56,4.990216404116818e-58,1.3194533355646268e-59,3.48874069528602e-61,9.224510871948627e-63,2.4390348340211712e-64,6.449004184773659e-66,1.7051685525401216e-67,4.508602738135488e-69,1.192110810397115e-70,3.152036821175708e-72,8.334238759849687e-74,2.203639730333875e-75,5.826600606284452e-77,1.540600042639941e-78,4.07347036764839e-80,1.0770583134397305e-81,2.847828769696771e-83,7.529888215255347e-85,1.9909629798521375e-86,5.264266180088683e-88,1.3919142995257312e-89,3.6803333094216167e-91,9.731097146608385e-93,2.5729803176879e-94,6.803166811993749e-96,1.7988119984300368e-97,4.756203537434052e-99,1.2575784522920532e-100,3.3251385295476412e-102,8.791933593113545e-104,2.3246579238379653e-105,6.146582439038734e-107,1.6252058116802188e-108,4.297174822782059e-110,1.136207569825341e-111,3.0042241588221315e-113,7.943410197344432e-115,2.100301516382661e-116,5.553366060831204e-118,1.4683546321819186e-119,3.8824476943041405e-121,1.0265503829009649e-122,2.7142817408207062e-124
Ge85,1434499890.834716,2205996.3617427675,3390.3173049292873,5.210458016813036,0.008007767504681238,1.2306852910456868e-05,1.891396428169023e-08,2.906819862493776e-11,4.467388003459448e-14,6.865769644332788e-17,1.055175703846149e-19,1.6216619893535826e-22,2.4922746023515884e-25,3.830288145313643e-28,5.886633544428568e-31,9.046957610431715e-34,1.390394720296683e-36,2.1368481665038317e-39,3.28404590440078e-42,5.047133283155616e-45,7.756759533659806e-48,1.1921087692260013e-50,1.8321095445832598e-53,2.8157039609166083e-56,4.327355216810937e-59,6.650558237793183e-62,1.0221006286346463e-64,1.5708300832833444e-67,2.414152854835957e-70,3.71022561162736e-73,5.702113708997523e-76,8.763375641751426e-79,1.3468120166958868e-81,2.069867460290588e-84,3.1811056406227675e-87,4.888928055026921e-90,7.513619548500784e-93,1.1547414501541942e-95,1.7746810416695573e-98,2.727444138461287e-101,4.191711836527272e-104,6.442092753692608e-107,9.900623102365021e-110,1.521591531865133e-112,2.338479877383295e-115,3.5939265055079807e-118,5.5233777514672725e-121,8.48868270918957e-124,1.304595437423268e-126,2.004986301941892e-129,3.081392097242457e-132,4.7356818586501495e-135,7.278100922767276e-138,1.118545430690831e-140,1.7190526674417517e-143,2.641950869723246e-146,4.060320274200051e-149,6.240161737302461e-152,9.590282509269642e-155,1.4738963905022476e-157,2.2651789119202842e-160,3.48127286020417e-163,5.350244372935704e-166,8.222600180915251e-169,1.263702160544285e-171,1.94213887995043e-174,2.9848041308962595e-177,4.587239250389116e-180,7.049964760666529e-183,1.0834839957916693e-185,1.6651679958549112e-188,2.5591374355220367e-191,3.9330472542068643e-194,6.044560362061474e-197,9.289669716407386e-200,1.4276962801394684e-202,2.1941756063985884e-205,3.3721504066987553e-208,5.182537957416741e-211,7.964858158969022e-214,1.224090706402019e-216,1.8812614457075893e-219,2.8912437686161763e-222,4.443449659075817e-225,6.828979654728699e-228,1.049521581266164e-230
Ge86,74375696451.66286,1.0659809114758599e-05,1.5277962704817253e-21,2.1896840918719646e-37,3.1383218527463424e-53,4.4979383500956325e-69,6.446582074925312e-85,9.239437540949142e-101,1.3242242956177555e-116,1.8979185446435756e-132,2.720154594672796e-148,3.898608314778388e-164,5.5876040361181845e-180,8.008324084800764e-196,1.1477773699181916e-211,1.6450294430474425e-227,2.357706241137911e-243,3.379136308468091e-259,4.8430809538411243e-275,6.941250954180064e-291,9.94841202699545e-307,1.43e-322,-0.0,0.0,0.0,0.0,0.0,0.0,0.0,0.0,0.0,0.0,0.0,0.0,0.0,0.0,0.0,0.0,0.0,0.0,0.0,0.0,0.0,0.0,0.0,0.0,0.0,0.0,0.0,0.0,0.0,0.0,0.0,0.0,0.0,0.0,0.0,0.0,0.0,0.0,0.0,0.0,0.0,0.0,0.0,0.0,0.0,0.0,0.0,0.0,0.0,0.0,0.0,0.0,0.0,0.0,0.0,0.0,0.0,0.0,0.0,0.0,0.0,0.0,0.0,0.0
Ge87,382835218.80322605,0.006791107575285316,1.2046734426176825e-13,2.1369682150666978e-24,3.790764360408189e-35,6.724430590415865e-46,1.1928456233679381e-56,2.1159868661831888e-67,3.7535455805404625e-78,6.658408258747243e-89,1.181133932940543e-99,2.0952115180243892e-110,3.716692225015473e-121,6.593034152712064e-132,1.169537231150385e-142,2.0746401480178225e-153,3.680200705995273e-164,6.528301907850558e-175,1.1580543890070104e-185,2.0542707534492004e-196,3.64406747086833e-207,6.464205222191075e-218,1.1466842886047141e-228,2.034101351267455e-239,3.608289001903633e-250,6.400737855636387e-261,1.1354258230136864e-271,2.0141299778916357e-282,3.572861815908218e-293,6.337893629356308e-304,1.124277896e-314,0.0,0.0,0.0,0.0,0.0,0.0,0.0,0.0,0.0,0.0,0.0,0.0,0.0,0.0,0.0,0.0,0.0,0.0,0.0,0.0,0.0,0.0,0.0,0.0,0.0,0.0,0.0,0.0,0.0,0.0,0.0,0.0,0.0,0.0,0.0,0.0,0.0,0.0,0.0,0.0,0.0,0.0,0.0,0.0,0.0,0.0,0.0,0.0,0.0,0.0,0.0,0.0,0.0,0.0,0.0
Ge88,4273648.660053027,6.691078326297228e-17,1.0475949880280759e-39,1.6401769721157418e-62,2.567958543714093e-85,4.020548510523079e-108,6.294809690381469e-131,9.855528153536751e-154,1.5430400593932704e-176,2.415875220282285e-199,3.7824378210043986e-222,5.922009443887097e-245,9.27184993200374e-268,1.4516559282142968e-290,2.2727987935e-313,0.0,0.0,0.0,0.0,0.0,0.0,0.0,0.0,0.0,0.0,0.0,0.0,0.0,0.0,0.0,0.0,0.0,0.0,0.0,0.0,0.0,0.0,0.0,0.0,0.0,0.0,0.0,0.0,0.0,0.0,0.0,0.0,0.0,0.0,0.0,0.0,0.0,0.0,0.0,0.0,0.0,0.0,0.0,0.0,0.0,0.0,0.0,0.0,0.0,0.0,0.0,0.0,0.0,0.0,0.0,0.0,0.0,0.0,0.0,0.0,0.0,0.0,0.0,0.0,0.0,0.0,0.0,0.0,0.0,0.0,0.0
He8,0.0,0.0,0.0,0.0,0.0,0.0,0.0,0.0,0.0,0.0,0.0,0.0,0.0,0.0,0.0,0.0,0.0,0.0,0.0,0.0,0.0,0.0,0.0,0.0,0.0,0.0,0.0,0.0,0.0,0.0,0.0,0.0,0.0,0.0,0.0,0.0,0.0,0.0,0.0,0.0,0.0,0.0,0.0,0.0,0.0,0.0,0.0,0.0,0.0,0.0,0.0,0.0,0.0,0.0,0.0,0.0,0.0,0.0,0.0,0.0,0.0,0.0,0.0,0.0,0.0,0.0,0.0,0.0,0.0,0.0,0.0,0.0,0.0,0.0,0.0,0.0,0.0,0.0,0.0,0.0,0.0,0.0,0.0,0.0,0.0,0.0
Hg209,0.0,0.0,0.0,0.0,0.0,0.0,0.0,0.0,0.0,0.0,0.0,0.0,0.0,0.0,0.0,0.0,0.0,0.0,0.0,0.0,0.0,0.0,0.0,0.0,0.0,0.0,0.0,0.0,0.0,0.0,0.0,0.0,0.0,0.0,0.0,0.0,0.0,0.0,0.0,0.0,0.0,0.0,0.0,0.0,0.0,0.0,0.0,0.0,0.0,0.0,0.0,0.0,0.0,0.0,0.0,0.0,0.0,0.0,0.0,0.0,0.0,0.0,0.0,0.0,0.0,0.0,0.0,0.0,0.0,0.0,0.0,0.0,0.0,0.0,0.0,0.0,0.0,0.0,0.0,0.0,0.0,0.0,0.0,0.0,0.0,0.0
Hg210,0.0,0.0,0.0,0.0,0.0,0.0,0.0,0.0,0.0,0.0,0.0,0.0,0.0,0.0,0.0,0.0,0.0,0.0,0.0,0.0,0.0,0.0,0.0,0.0,0.0,0.0,0.0,0.0,0.0,0.0,0.0,0.0,0.0,0.0,0.0,0.0,0.0,0.0,0.0,0.0,0.0,0.0,0.0,0.0,0.0,0.0,0.0,0.0,0.0,0.0,0.0,0.0,0.0,0.0,0.0,0.0,0.0,0.0,0.0,0.0,0.0,0.0,0.0,0.0,0.0,0.0,0.0,0.0,0.0,0.0,0.0,0.0,0.0,0.0,0.0,0.0,0.0,0.0,0.0,0.0,0.0,0.0,0.0,0.0,0.0,0.0
Ho174,0.0,0.0,0.0,0.0,0.0,0.0,0.0,0.0,0.0,0.0,0.0,0.0,0.0,0.0,0.0,0.0,0.0,0.0,0.0,0.0,0.0,0.0,0.0,0.0,0.0,0.0,0.0,0.0,0.0,0.0,0.0,0.0,0.0,0.0,0.0,0.0,0.0,0.0,0.0,0.0,0.0,0.0,0.0,0.0,0.0,0.0,0.0,0.0,0.0,0.0,0.0,0.0,0.0,0.0,0.0,0.0,0.0,0.0,0.0,0.0,0.0,0.0,0.0,0.0,0.0,0.0,0.0,0.0,0.0,0.0,0.0,0.0,0.0,0.0,0.0,0.0,0.0,0.0,0.0,0.0,0.0,0.0,0.0,0.0,0.0,0.0
I137,91772343742724.02,80486770255239.66,70072720471974.68,60879857946306.12,52861774449584.47,45891946121045.01,39839163387456.914,34584215628376.336,30022297798620.81,26062101598637.56,22624281571090.57,19639938359922.27,17049256007496.094,14800307560102.32,12848015379557.621,11153247891611.188,9682035305416.03,8404888742857.717,7296209169910.803,6333774292503.717,5498293134710.519,4773019371873.465,4143415668483.915,3596862292871.637,3122404168205.389,2710531289715.487,2352988106837.365,2042608049545.6055,1773169882136.1206,1539273005221.958,1336229206504.8455,1159968690582.6704,1006958504261.0688,874131722291.8823,758825974142.4928,658730079630.9858,571837723795.6316,496407242461.0546,430926712445.88275,374083646682.4626,324738686819.7998,281902766006.13525,244717284103.5965,212436897968.34793,184414581845.83945,160088658432.78772,138971540657.4178,120639958519.01535,104726475094.25812,90912121657.76346,78920004295.73453,68509753864.12488,59472708046.68026,51627728942.37215,44817572350.244316,38905735977.87806,33773723399.19041,29318668920.5316,25451275748.067226,22094026129.2193,19179627592.369118,16649664141.361513,14453425369.449389,12546890023.522152,10891843645.251883,9455112603.219542,8207899163.015712,7125204267.508586,6185326457.527944,5369426889.36729,4661151730.345876,4046304363.7542653,3512560832.882803,3049222820.5133643,2647003212.6130295,2297839948.08358,1994734423.3845685,1731611213.0237195,1503196294.1622097,1304911334.47751,1132781924.3972452,983357914.3175428,853644260.0507478,741040990.3735981,643291093.3896955,558435277.1442237
I138,11532037889498.217,6679932024714.147,3835531780637.0674,2199499460683.4526,1261074503509.0703,723012308704.9512,414523240741.7705,237657662749.3274,136255713089.0247,78119168968.10387,44787880159.367516,25678130414.300434,14721982357.751354,8440519657.92492,4839183362.982705,2774437661.3800597,1590661845.0885565,911970429.4101703,522857869.94046426,299768877.7425511,171865788.44698423,98535409.88291438,56493075.72221659,32389042.764914542,18569534.0148547,10646427.436329814,6103891.302084624,3499529.70144023,2006377.1658384223,1150311.5204140437,659505.4093153646,378112.6913861312,216782.46359750195,124287.38202656903,71257.39358557745,40853.83453908819,23422.63325338647,13428.843454039457,7699.127359517774,4414.122653298516,2530.738600430625,1450.942433356174,831.8654263839472,476.93145620690206,273.4379945424616,156.7695648637763,89.8803273798927,51.530877545883484,29.544077308767022,16.93843663440832,9.711274196155955,5.567742085556342,3.1921405270943737,1.830142450590933,1.0492712839631073,0.6015762472446315,0.3449003005991524,0.1977408813899064,0.11337031630570037,0.06499833786980683,0.037265344787832645,0.02136525283058245,0.012249290355787958,0.00702285694488126,0.004026398120684789,0.002308445402418504,0.001323495594876945,0.0007587966290316093,0.0004350390937895547,0.0002494199445334554,0.00014299935251604187,8.198548379223293e-05,4.700454536598297e-05,2.69490058833082e-05,1.5450610413182792e-05,8.858262274075674e-06,5.078686758508974e-06,2.911751582083945e-06,1.669387713578435e-06,9.571061471707272e-07,5.487354252706095e-07,3.1460519592003525e-07,1.803718599925884e-07,1.0341217595609982e-07,5.928906059079705e-08,3.3992058219831516e-08
I139,2210003077509.61,484090239737.7591,105870012919.63438,23153650149.875885,5063676677.116393,1107420269.5642617,242191540.1873897,52967011.48645198,11583824.536708618,2533369.1128028743,554044.9133501119,121168.98578174874,26499.517930056034,5795.414115211114,1267.4504062843223,277.18994716424623,60.621122868362235,13.257769899005503,2.8994590396594075,0.6341083596037721,0.13867876945991275,0.03032888749634649,0.006632892838236049,0.00145060604048938,0.00031724587386276564,6.938130800075534e-05,1.5173612319314263e-05,3.3184515750890565e-06,7.25741545551014e-07,1.5871884191187545e-07,3.47116283093871e-08,7.591393216931561e-09,1.6602289716985057e-09,3.6309016799701504e-10,7.940740243872898e-11,1.7366307649834535e-11,3.79799152379286e-12,8.30616381193722e-13,1.8165484793351081e-13,3.972770646579723e-14,8.688403744722695e-15,1.900143913324107e-15,4.1555928999451556e-16,9.088233911643205e-17,1.987586311301851e-17,4.346828419340527e-18,9.506463794676897e-19,2.0790527060466188e-19,4.5468643734172863e-20,9.943940127214743e-21,2.174728277177859e-21,4.756105747874885e-22,1.04015486083269e-22,2.2748067260642715e-23,4.9749761653804486e-24,1.0880215695917654e-24,2.379490667984742e-25,5.203918743220217e-26,1.138091048239923e-26,2.488992042336039e-27,5.443396990419104e-28,1.1904646656681969e-28,2.603532541717809e-29,5.693895746144595e-30,1.2452484556452883e-30,2.7233440607635514e-31,5.955922161294973e-32,1.3025533314897774e-32,2.8486691656262712e-33,6.230006725259037e-34,1.3624953106212983e-34,2.979761585069306e-35,6.516704339926076e-36,1.425195749445289e-36,3.1168867241565884e-37,6.816595443120586e-38,1.490781589046864e-38,3.260322201582321e-39,7.130287183736098e-40,1.559385612191237e-40,3.410358411727947e-41,7.45841465094731e-42,1.6311467121510008e-42,3.5672991125843178e-43,7.801642159989102e-44,1.7062101739045228e-44
I140,164147105783.73938,3089657686.065051,54922611.162063606,976285.3956554447,17354.112133593775,308.4807058278064,5.48344652468916,0.09747185227820922,0.0017326259942114792,3.079856148879651e-05,5.47464595907131e-07,9.731541646215704e-09,1.7298452451543677e-10,3.074913185360318e-12,5.46585951777379e-14,9.715923171514687e-16,1.727068959013863e-17,3.069978154967462e-19,5.4570871781280025e-21,9.700329763422915e-23,1.7242971286272764e-24,3.065051044968939e-26,5.448328917501727e-28,9.684761381710154e-30,1.7215297468434219e-31,3.060131842653048e-33,5.43958471329909e-35,9.669217986210773e-37,1.7187668065225927e-38,3.0552205353284906e-40,5.430854542960478e-42,9.653699536823558e-44,1.716008300536537e-45,3.050317110324326e-47,5.422138383962459e-49,9.638205993511646e-51,1.713254221768438e-52,3.045421554989959e-54,5.413436213817775e-56,9.622737316302462e-58,1.7105045631129107e-59,3.0405338566950907e-61,5.404748010075242e-63,9.607293465287545e-65,1.707759317475967e-66,3.0356540028297046e-68,5.396073750319731e-70,9.591874400622552e-72,1.7050184777750083e-73,3.0307819808040065e-75,5.387413412172063e-77,9.576480082527032e-79,1.7022820369388035e-80,3.0259177780484266e-82,5.378766973288989e-84,9.561110471284382e-86,1.6995499879074657e-87,3.0210613820135573e-89,5.370134411363125e-91,9.545765527241763e-93,1.6968223236324426e-94,3.0162127801701246e-96,5.361515704122873e-98,9.530445210809963e-100,1.6940990370764924e-101,3.0113719600089796e-103,5.35291082933239e-105,9.515149482463316e-107,1.6913801212136704e-108,3.006538909041044e-110,5.344319764791531e-112,9.499878302739591e-114,1.6886655690293032e-115,3.0017136147972698e-117,5.335742488335735e-119,9.484631632239857e-121,1.6859553735199777e-122,2.9968960648286363e-124,5.327178977836069e-126,9.469409431628463e-128,1.6832495276935195e-129,2.9920862467061035e-131,5.318629211199085e-133,9.454211661632878e-135,1.6805480245689813e-136,2.9872841480205684e-138
I141,21800870631.700115,6893711.150094813,2178.233254998125,0.6882648608464961,0.00021747373361548437,6.871602416908237e-08,2.1712470279076085e-11,6.860573953751457e-15,2.167762321372112e-18,6.849563190541838e-22,2.16428320755798e-25,6.83857009887213e-29,2.1608096774892673e-32,6.827594650380692e-36,2.157341722204436e-39,6.816636816751413e-43,2.15387933275633e-46,6.805696569713594e-50,2.150422500212146e-53,6.794773881041932e-57,2.1469712156534333e-60,6.78386872255644e-64,2.1435254701760427e-67,6.772981066122339e-71,2.1400852548901226e-74,6.762110883649999e-78,2.1366505609200807e-81,6.751258147094871e-85,2.1332213794045715e-88,6.740422828457421e-92,2.1297977014964746e-95,6.7296048997830585e-99,2.1263795183628695e-102,6.718804333162059e-106,2.1229668211850057e-109,6.70802110072947e-113,2.1195596011582933e-116,6.69725517466508e-120,2.11615784949227e-123,6.686506527193351e-127,2.1127615574105857e-130,6.675775130583263e-134,2.109370716150966e-137,6.665060957148353e-141,2.105985316965213e-144,6.654363979246571e-148,2.102605351119156e-151,6.643684169280227e-155,2.0992308098926443e-158,6.633021499695933e-162,2.0958616845795306e-165,6.622375942984523e-169,2.0924979664876362e-172,6.611747471680983e-176,2.0891396469387294e-179,6.601136058364367e-183,2.0857867172685087e-186,6.590541675657744e-190,2.082439168826582e-193,6.579964296228124e-197,2.0790969929764317e-200,6.569403892786382e-204,2.075760181095413e-207,6.558860438087188e-211,2.072428724574706e-214,6.548333904928941e-218,2.0691026148193208e-221,6.537824266153706e-225,2.0657818432480547e-228,6.527331494647121e-232,2.0624664012934773e-235,6.5168555633383424e-239,2.059156280401911e-242,6.506396445199983e-246,2.055851472033404e-249,6.495954113248024e-253,2.052551967661712e-256,6.485528540541758e-260,2.0492577587742753e-263,6.475119700183712e-267,2.0459688368721928e-270,6.464727565319585e-274,2.0426851934702065e-277,6.454352109138176e-281,2.0394068200966797e-284,6.443993304871313e-288
I142,1619619180.6533453,269.43186387751183,4.473750741437862e-05,7.425895325836758e-12,1.2325362270209433e-18,2.0457184597396962e-25,3.39540193197254e-32,5.6355507783792965e-39,9.353658630927605e-46,1.5524823081289354e-52,2.5767471395812223e-59,4.2767803434324633e-66,7.098426471039795e-73,1.1781680216882313e-79,1.9554754747252006e-86,3.2456188437120806e-93,5.386946456149528e-100,8.941035136532458e-107,1.483996731050652e-113,2.463077556613991e-120,4.088116181765681e-127,6.785289351013966e-134,1.1261947931503882e-140,1.869212418965616e-147,3.102442924142269e-154,5.1493088746365165e-161,8.546613921589256e-168,1.4185322982758428e-174,2.35442234750855e-181,3.9077746747009455e-188,6.4859658354812784e-195,1.0765142906365182e-201,1.7867547368273374e-208,2.965583009295011e-215,4.922154341471393e-222,8.169592044913005e-229,1.3559557370635866e-235,2.2505603104386506e-242,3.735388680083592e-249,6.19984655669017e-256,1.0290253737568958e-262,1.7079345595946736e-269,2.834760477487503e-276,4.705020411690861e-283,7.809201959118684e-290,1.2961396530134756e-296,2.1512800013479084e-303,3.5706072516488e-310,5.926349e-317,1e-323,0.0,0.0,0.0,0.0,0.0,0.0,0.0,0.0,0.0,0.0,0.0,0.0,0.0,0.0,0.0,0.0,0.0,0.0,0.0,0.0,0.0,0.0,0.0,0.0,0.0,0.0,0.0,0.0,0.0,0.0,0.0,0.0,0.0,0.0,0.0,0.0
I143,6852561.359140009,56.34907483727132,0.00046336224786681647,3.810259056927331e-09,3.133201754725102e-14,2.5764529626836037e-19,2.118634671039093e-24,1.742167597988528e-29,1.4325961813853044e-34,1.1780335148520366e-39,9.687049149975343e-45,7.965725936568488e-50,6.550270233395215e-55,5.386331449533484e-60,4.429216727016668e-65,3.642174826909954e-70,2.994984957241323e-75,2.4627963566790003e-80,2.0251740763526775e-85,1.6653143198008566e-90,1.3693992117104483e-95,1.1260662198938188e-100,9.259718573973228e-106,7.614329117986495e-111,6.261314256351024e-116,5.148720998173977e-121,4.23382804818469e-126,3.481505396767992e-131,2.8628653997702256e-136,2.3541535523139417e-141,1.935836364614681e-146,1.59185131610516e-151,1.308990087646231e-156,1.076391389208672e-161,8.85123908650792e-167,7.278433676817302e-172,5.985105166640421e-177,4.921592398353734e-182,4.0470586666616084e-187,3.3279236730127176e-192,2.736574111127035e-197,2.250303372766716e-202,1.8504396606309175e-207,1.5216290297009808e-212,1.2512458272966956e-217,1.028907893953005e-222,8.460779098268928e-228,6.957355791554843e-233,5.7210806532208534e-238,4.70448325790497e-243,3.868528354245135e-248,3.1811169914255595e-253,2.6158539854132794e-258,2.151034398120677e-263,1.768810112376117e-268,1.4545045008938489e-273,1.1960488739396171e-278,9.835190664402279e-284,8.087543704341061e-289,6.650441806519048e-294,5.46870321061218e-299,4.4969515824413556e-304,3.69787365596643e-309,3.0407864806e-314,2.50047e-319,0.0,0.0,0.0,0.0,0.0,0.0,0.0,0.0,0.0,0.0,0.0,0.0,0.0,0.0,0.0,0.0,0.0,0.0,0.0,0.0,0.0
I144,377262.92493862944,0.00657868488785582,1.1471865373662919e-10,2.000455978586011e-18,3.488381350297139e-26,6.083015360179126e-34,1.060752026696373e-41,1.8497320745008414e-49,3.2255500449932674e-57,5.624691941163256e-65,9.808299047194894e-73,1.710364428941654e-80,2.9825217050509266e-88,5.200900796682402e-96,9.06929496979798e-104,1.581497407173592e-111,2.7578042805156513e-119,4.8090401003077e-127,8.385970987775552e-135,1.4623398420677248e-142,2.5500181395999556e-150,4.446704059635177e-158,7.754131896911908e-166,1.3521601768038412e-173,2.3578875985619144e-181,4.111668146146425e-189,7.169898579705877e-197,1.2502819735451881e-204,2.1802330897631424e-212,3.801875437922034e-220,6.629684189888679e-228,1.1560797605111151e-235,2.0159639198226704e-243,3.5154239913602495e-251,6.130172131313885e-259,1.068975191951076e-266,1.8640715734060827e-274,3.2505551643706066e-282,5.668295696022946e-290,9.884334974445333e-298,1.723623521539157e-305,3.00564281933e-313,5.24e-321,0.0,0.0,0.0,0.0,0.0,0.0,0.0,0.0,0.0,0.0,0.0,0.0,0.0,0.0,0.0,0.0,0.0,0.0,0.0,0.0,0.0,0.0,0.0,0.0,0.0,0.0,0.0,0.0,0.0,0.0,0.0,0.0,0.0,0.0,0.0,0.0,0.0,0.0,0.0,0.0,0.0,0.0,0.0
I145,131.03860601626116,1.8442705527945215e-10,2.5956731190218264e-22,3.6532161350206998e-34,5.141628979154739e-46,7.236458939797714e-58,1.0184775719851161e-69,1.4334311481157847e-81,2.017447328156346e-93,2.8394065018297053e-105,3.996252675404677e-117,5.624427300348856e-129,7.915961533564974e-141,1.1141124892305673e-152,1.5680301545130597e-164,2.2068853811703513e-176,3.1060264189471916e-188,4.371500304234971e-200,6.15256032381203e-212,8.659269336313264e-224,1.2187275133022492e-235,1.715267990858289e-247,2.4141116437841234e-259,3.397681913097378e-271,4.781983638707538e-283,6.7302849724447506e-295,9.472373649224428e-307,1.333167e-318,0.0,0.0,0.0,0.0,0.0,0.0,0.0,0.0,0.0,0.0,0.0,0.0,0.0,0.0,0.0,0.0,0.0,0.0,0.0,0.0,0.0,0.0,0.0,0.0,0.0,0.0,0.0,0.0,0.0,0.0,0.0,0.0,0.0,0.0,0.0,0.0,0.0,0.0,0.0,0.0,0.0,0.0,0.0,0.0,0.0,0.0,0.0,0.0,0.0,0.0,0.0,0.0,0.0,0.0,0.0,0.0,0.0,0.0
In127,66993181939.864746,3023852981.562169,125822645.8137449,5234647.199695919,217778.93885497787,9060.33670797913,376.94049614460033,15.68199308846972,0.6524236842211595,0.027143020745601393,0.0011292410024563192,4.698022573022574e-05,1.9545354843315144e-06,8.13152533886871e-08,3.3829881763072063e-09,1.4074369228524815e-10,5.855411218051441e-12,2.436048108145042e-13,1.013477988856239e-14,4.2164094808382665e-16,1.7541682311390217e-17,7.297930139663857e-19,3.0361845219846067e-20,1.2631549323057096e-21,5.2551495847996156e-23,2.1863190692062924e-24,9.095823049834908e-26,3.7841684738149024e-27,1.5743414268018927e-28,6.549790119798594e-30,2.724933097934008e-31,1.1336638659262191e-32,4.716423173402644e-34,1.9621907532913435e-35,8.16337383382913e-37,3.396238221949842e-38,1.4129493877193497e-39,5.878344926906512e-41,2.4455893027748768e-42,1.0174474468946085e-43,4.2329237620469336e-45,1.7610387278467034e-46,7.326513717970315e-48,3.048076252430933e-49,1.2681022923420185e-50,5.2757322673951714e-52,2.194882157797385e-53,9.131448379953304e-55,3.7989898099781785e-56,1.58050760140111e-57,6.575443481121202e-59,2.735605759509822e-60,1.138104052289301e-61,4.734895842847708e-63,1.969876005407422e-64,8.195347068809244e-66,3.4095401636383205e-67,1.4184834430876511e-68,5.901368459513002e-70,2.4551678671079772e-71,1.0214324519870698e-72,4.249502724232394e-74,1.7679361340173223e-75,7.355209248697932e-77,3.0600145588517922e-78,1.2730690295510699e-79,5.296395565549989e-81,2.2034787851739388e-82,9.167213242705431e-84,3.813869196412528e-85,1.5866979268665554e-86,6.601197318174372e-88,2.7463202223706783e-89,1.1425616293936248e-90,4.753440863628518e-92,1.977591358113877e-93,8.227445532374513e-95,3.422894204632314e-96,1.4240391735202496e-97,5.924482167680879e-99,2.4647839475091253e-100,1.0254330650262992e-101,4.2661466207286644e-103,1.774860555046354e-104,7.384017170327359e-106,3.071999623669888e-107
In127_m1,28585924497.46323,11118075845.732292,4324212446.668479,1681838974.960778,654126588.9645073,254412937.71915364,98950178.71288817,38485219.95418698,14968261.545233957,5821685.674480716,2264259.21206899,880650.3933925612,342516.04730087874,133216.5903051179,51812.637896443804,20151.76517909173,7837.733346927827,3048.371369535441,1185.6193104918286,461.12923230391755,179.34944800872975,69.75533591814498,27.130314272371802,10.551937609208709,4.10402128743565,1.596198854798577,0.6208181209635691,0.24145809787927214,0.09391158386450747,0.03652553242736991,0.014206069839346627,0.005525242395348866,0.002148961948842887,0.0008358072148041995,0.00032507495104550424,0.00012643313185803584,4.91743112781207e-05,1.9125626757333364e-05,7.438631865975473e-06,2.8931467051812754e-06,1.1252469551541136e-06,4.3764829063663674e-07,1.7021688032111806e-07,6.620335773300135e-08,2.5748824481187418e-08,1.001462742776413e-08,3.895042377185078e-09,1.5149195743425428e-09,5.892057375726829e-10,2.2916292525907453e-10,8.91295569008576e-11,3.4665633214282974e-11,1.3482689333729154e-11,5.243894163022393e-12,2.039535682557673e-12,7.932474743213515e-13,3.0852196453268483e-13,1.199950906626482e-13,4.6670329630977554e-14,1.815173984065415e-14,7.0598528411527364e-15,2.745826161914415e-15,1.0679487917233384e-15,4.1536301079896494e-16,1.615493477562506e-16,6.283224813463585e-17,2.443768087265273e-17,9.504677361757714e-18,3.696704782334904e-18,1.437779077354243e-18,5.592030732765014e-19,2.17493829258748e-19,8.459103325107068e-20,3.290044104180457e-20,1.2796143741766591e-20,4.976872329823673e-21,1.9356814589787495e-21,7.528548980815113e-22,2.9281186474987325e-22,1.1388487789185525e-22,4.4293852038823164e-23,1.7227443755089364e-23,6.700361442365378e-24,2.606007257755446e-24,1.0135682807398804e-24,3.9421250906523872e-25
In128,17432749165.012997,311234088.73024553,5026350.347891163,81172.24306107455,1310.8781809383413,21.169817913795608,0.3418785948382043,0.005521113789664572,8.916234575273829e-05,1.439913068811037e-06,2.325364623629972e-08,3.755310476690576e-10,6.064578704361528e-12,9.793894563361784e-14,1.5816493674863749e-15,2.5542593964901367e-17,4.1249604360331543e-19,6.6615390050908334e-21,1.0757946071119586e-22,1.7373373267149262e-24,2.8056851808356833e-26,4.530996492687819e-28,7.317260452804751e-30,1.1816892955134194e-31,1.908350263240607e-33,3.081859792618503e-35,4.977000273120752e-37,8.037527137987594e-39,1.2980076139995758e-40,2.096196674768195e-42,3.3852193561251895e-44,5.466905957358178e-46,8.828692501867234e-48,1.4257756014188556e-49,2.302533546356226e-51,3.7184397929238323e-53,6.0050349822179254e-55,9.697735379845025e-57,1.5661202936533523e-58,2.529180966610431e-60,4.0844604260522685e-62,6.596134160516447e-64,1.0652321561500479e-65,1.7202796651535025e-67,2.778138182606447e-69,4.486509907659208e-71,7.245417552498944e-73,1.1700871410189084e-74,1.8896135490570872e-76,3.0516012351616997e-78,4.928134698805059e-80,7.958612458839014e-82,1.2852634138702763e-83,2.0756156322184503e-85,3.3519823300163026e-87,5.413230352641222e-89,8.742009940909725e-91,1.4117769396175106e-92,2.2799266309555044e-94,3.6819311157953997e-96,5.946075876915769e-98,9.602520313963506e-100,1.550743688590637e-101,2.504348763737315e-103,4.044358056444895e-105,6.531371478915314e-107,1.0547734102723526e-108,1.7033894804622744e-110,2.7508616484751287e-112,4.442460104307834e-114,7.174280025789975e-116,1.1585988997073587e-117,1.8710607971498766e-119,3.021639764646234e-121,4.879748900302565e-123,7.880472585980793e-125,1.2726443398459343e-126,2.055236660074388e-128,3.3190716342832134e-130,5.3600817499551147e-132,8.656178453468819e-134,1.3979157205750692e-135,2.257541676544128e-137,3.64578089102331e-139,5.887695648524129e-141,9.508240096107395e-143
In128_m1,11788120337.52607,95710256.3933405,777091.9295519717,6309.374666107608,51.22715493940563,0.415924167141719,0.0033769767814972053,2.7418392783330418e-05,2.2261576299250844e-07,1.8074647308600222e-09,1.4675190603698755e-11,1.1915099397398245e-13,9.674122638931714e-16,7.854625942401029e-18,6.377337873179174e-20,5.177896267362312e-22,4.204044115071976e-24,3.4133528384636164e-26,2.7713737727150765e-28,2.250137314122516e-30,1.8269343465158886e-32,1.4833268554461684e-34,1.204344624799401e-36,9.778330176911227e-39,7.939234259016083e-41,6.4460331650863745e-43,5.233671436033797e-45,4.249329160873009e-47,3.450120730377679e-49,2.801226406225568e-51,2.2743753022452715e-53,1.8466136846229402e-55,1.4993049286414444e-57,1.2173175622856538e-59,9.883660215749684e-62,8.02475395795449e-64,6.51546842768731e-66,5.29004740265096e-68,4.29510200730532e-70,3.487284677999963e-72,2.831400605789805e-74,2.29887437668688e-76,1.86650500426566e-78,1.5154551141544468e-80,1.2304302414235553e-82,9.9901248467814e-85,8.111194856427756e-87,6.585651631784832e-89,5.347030638878167e-91,4.341367908850844e-93,3.524848947556102e-95,2.8618998352471196e-97,2.3236373498121724e-99,1.886610588862877e-101,1.5317792659414977e-103,1.2436841674796773e-105,1.0097736291585842e-107,8.198566877396218e-110,6.656590834041491e-112,5.4046276860911066e-114,4.3881321765916565e-116,3.562817851226621e-118,2.8927275957486073e-120,2.3486670642802003e-122,1.9069327464299384e-124,1.5482792579293406e-126,1.257080861935004e-128,1.020650690339075e-130,8.286880050708227e-133,6.728294177904503e-135,5.462845156127815e-137,4.4354001788196876e-139,3.601195747641916e-141,2.9238874261589893e-143,2.3739663933704936e-145,1.927473809843615e-147,1.5649569842302537e-149,1.2706218626595794e-151,1.0316449168490111e-153,8.376144514251481e-156,6.800769894540521e-158,5.521689732047532e-160,4.483177341652891e-162,3.639987042382566e-164,2.9553829034628467e-166,2.399538241312924e-168
In129,23258148404.318874,82162844.09752867,280037.72854872985,954.4596330916604,3.2531087715325366,0.011087652439676023,3.7790324657708455e-05,1.2880171393402152e-07,4.3899812088429685e-10,1.4962483359395656e-12,5.099700833097575e-15,1.738143860374963e-17,5.924159432552691e-20,2.0191461582893332e-22,6.881906631567198e-25,2.3455775448040688e-27,7.99449093577166e-30,2.7247824512863825e-32,9.286944555302805e-35,3.165292668871624e-37,1.078834660845649e-39,3.6770193065807476e-42,1.253247737736706e-44,4.27147578292891e-47,1.4558578335915051e-49,4.962036868148679e-52,1.6912235049851245e-54,5.764239605259756e-57,1.9646402813646666e-59,6.696132880455964e-62,2.2822598100034006e-64,7.7786835078489e-67,2.651228262885212e-69,9.036247965133018e-72,3.079847119557729e-74,1.049712039382754e-76,3.5777599434329506e-79,1.2194169193639215e-81,4.156169353844912e-84,1.4165576533783088e-86,4.828089075552957e-89,1.6455697419643597e-91,5.608636736592343e-94,1.9116057643052207e-96,6.51537400217716e-99,2.2206513069223003e-101,7.56870169738207e-104,2.5796596343326133e-106,8.79231880853071e-109,2.9967081316463116e-111,1.0213755690435231e-113,3.4811800389311497e-116,1.1864993476201197e-118,4.043975566214067e-121,1.3783183625796928e-123,4.697757139029667e-126,1.6011483802624154e-128,5.457234292333997e-131,1.8600028884609185e-133,6.339494622656794e-136,2.160705895674679e-138,7.364388244636996e-141,2.510022966397886e-143,8.554974401889917e-146,2.915813440624513e-148,9.938040280574494e-151,3.3872072623812126e-153,1.1544703698529183e-155,3.9348103957812496e-158,1.341111322997465e-160,4.570943450287658e-163,1.5579261517999387e-165,5.309918884053187e-168,1.809793007367483e-170,6.168363022178763e-173,2.1023786818984233e-175,7.165590135030253e-178,2.442266106735742e-180,8.32403699306056e-183,2.8371024627799917e-185,9.669767675254888e-188,3.295771235621221e-190,1.1233059988963911e-192,3.828592086485577e-195,1.304908669507781e-197,4.447553035924555e-200
In129_m1,38816322618.64753,2319077270.9448824,138553037.11922184,8277837.196489305,494558.5465053342,29547.350366494324,1765.3034607318336,105.46787680852636,6.30116763827511,0.3764626235695273,0.022491721388902375,0.0013437656207126226,8.028314116944961e-05,4.796508153420144e-06,2.8656689475150554e-07,1.7120910158145885e-08,1.0228870466614249e-09,6.111228320007972e-11,3.651147182004476e-12,2.1813741929775979e-13,1.303259806463433e-14,7.786312539182722e-16,4.6519245554232585e-17,2.779287623050041e-18,1.6604825808350492e-19,9.920536393533885e-21,5.927014439738174e-22,3.541088785457396e-23,2.11561991521756e-24,1.26397497968609e-25,7.551605738728172e-27,4.511699214754624e-28,2.6955101350200674e-29,1.610429805301429e-30,9.62149659208717e-32,5.7483534126604075e-33,3.4343479354365666e-34,2.051847702275957e-35,1.225874335530873e-36,7.323973825378726e-38,4.375700758235e-39,2.6142579946520028e-40,1.5618857961755685e-41,9.331470900291633e-43,5.575077856281452e-44,3.330824629440624e-45,1.989997807759435e-46,1.188922178575463e-47,7.103203537194563e-49,4.243801772734022e-50,2.5354550790999086e-51,1.5148050739401086e-52,9.050187601230539e-54,5.4070254336040984e-55,3.230421879394679e-56,1.9300122862406973e-57,1.153083889382903e-58,6.889088040699575e-60,4.1158786858004634e-61,2.4590275601277233e-62,1.469143529990051e-63,8.77738316848925e-65,5.244038701038297e-66,3.133045620785022e-67,1.8718349389711187e-68,1.1183258920676371e-69,6.681426737104903e-71,3.9918116498907225e-72,2.3849038349416694e-73,1.4248583853086323e-74,8.512802019264559e-76,5.085964960896644e-77,3.038604624532677e-78,1.815411261229686e-79,1.0846156228391926e-80,6.480025074373566e-82,3.871484430086967e-83,2.3130144591075907e-84,1.381908150388868e-85,8.256196274916384e-87,4.932656118336203e-88,2.947010411523434e-89,1.7606883912590578e-90,1.0519214994940845e-91,6.284694364950087e-93,3.754784295199918e-94
In130,35124844772.81344,483320.13235925214,3.119466660573684,2.013297762267802e-05,1.2993784859484498e-10,8.3861636434912415e-16,5.412413812906886e-21,3.4931614177218466e-26,2.2544796299873056e-31,1.4550367973955518e-36,9.3907793781531e-42,6.060790867076057e-47,3.911622715776857e-52,2.524553743258125e-57,1.629342108300148e-62,1.0515742487041728e-67,6.786839884052387e-73,4.380213348560432e-78,2.8269812323096933e-83,1.8245282254248546e-88,1.177546991584447e-93,7.59986553272804e-99,4.904938531398355e-104,3.1656378515108115e-109,2.0430965531510944e-114,1.318610568011029e-119,8.510287129547045e-125,5.492522870992816e-130,3.5448636490347036e-135,2.287848150184617e-140,1.4765727758607878e-145,9.529772167078923e-151,6.15049654450586e-156,3.969518586672965e-161,2.5619196264759644e-166,1.6534579771356744e-171,1.0671385838572267e-176,6.88729180241733e-182,4.445044822593659e-187,2.8688233403921955e-192,1.8515330411396844e-197,1.1949758474717732e-202,7.712351031888254e-208,4.977536455227208e-213,3.212492411286138e-218,2.0733363955040975e-223,1.3381273038403563e-228,8.636247765513761e-234,5.5738176220817666e-239,3.5973311243208746e-244,2.3217105573638076e-249,1.4984275080299121e-254,9.670822186251104e-260,6.241529954361968e-265,4.028271373511755e-270,2.5998385615875886e-275,1.6779307845949182e-280,1.0829332865084e-285,6.989230508164282e-291,4.51083586633067e-296,2.911284752907579e-301,1.8789375547389592e-306,1.2126626676015e-311,7.8265013e-317,5.04e-322,0.0,0.0,0.0,0.0,0.0,0.0,0.0,0.0,0.0,0.0,0.0,0.0,0.0,0.0,0.0,0.0,0.0,0.0,0.0,0.0,0.0
In130_m1,2111644075.160243,3445925.973376975,5623.298904240274,9.176485743087834,0.014974820301584339,2.4436941258657193e-05,3.987788073930219e-08,6.507546731916126e-11,1.061946213865258e-13,1.7329568385760944e-16,2.8279581066887215e-19,4.614856455258041e-22,7.530840026330351e-25,1.228934248595349e-27,2.0054593937597505e-30,3.272646510271933e-33,5.340529563710588e-36,8.71504329335492e-39,1.4221806788815778e-41,2.320812204026872e-44,3.7872609059742155e-47,6.180312713382542e-50,1.0085459170490522e-52,1.6458145630621476e-55,2.685753350638679e-58,4.382796958027955e-61,7.15214938509941e-64,1.167136906332852e-66,1.9046142422055792e-69,3.1080804590526787e-72,5.071979367726691e-75,8.276804621231088e-78,1.3506658795565473e-80,2.2041094379812922e-83,3.596817309246922e-86,5.869533759606391e-89,9.578308708254168e-92,1.5630542640710513e-94,2.550699405131207e-97,4.162406645045913e-100,6.792501320958734e-103,1.108447062714057e-105,1.8088401205728448e-108,2.9517896630829246e-111,4.816933302167055e-114,7.860602917516951e-117,1.282747224236594e-119,2.093275106951284e-122,3.415950228221825e-125,5.574382422520392e-128,9.096660465301852e-131,1.4844555925456512e-133,2.4224366894262703e-136,3.953098727739839e-139,6.450938271975815e-142,1.0527084561997584e-144,1.71788203053919e-147,2.803357998569603e-150,4.574712307618427e-153,7.465330046377919e-156,1.218243879698006e-158,1.988014114850455e-161,3.244178104817861e-164,5.294072862541681e-167,8.639232054577288e-170,1.409809279749936e-172,2.300623704413602e-175,3.7543159243841727e-178,6.126550827518832e-181,9.997726829110296e-184,1.6314977964524938e-186,2.662390266634456e-189,4.3446714713820904e-192,7.089933594935694e-195,1.1569841059721638e-197,1.888046204591215e-200,3.081043596252352e-203,5.027858756276016e-206,8.204805574257403e-209,1.3389165800915703e-211,2.1849361233722572e-214,3.5655289763388325e-217,5.818475306953345e-220,9.494988015043027e-223,1.549457420538875e-225,2.528511141098164e-228
In130_m2,2111644075.160245,3445925.9733769805,5623.298904240283,9.176485743087841,0.014974820301584351,2.4436941258657213e-05,3.987788073930228e-08,6.50754673191614e-11,1.0619462138652605e-13,1.7329568385760984e-16,2.827958106688727e-19,4.6148564552580535e-22,7.530840026330363e-25,1.2289342485953502e-27,2.0054593937597547e-30,3.2726465102719414e-33,5.340529563710601e-36,8.71504329335494e-39,1.42218067888158e-41,2.320812204026875e-44,3.7872609059742238e-47,6.180312713382557e-50,1.0085459170490546e-52,1.6458145630621523e-55,2.685753350638687e-58,4.382796958027966e-61,7.152149385099429e-64,1.1671369063328553e-66,1.9046142422055836e-69,3.108080459052683e-72,5.071979367726703e-75,8.276804621231108e-78,1.35066587955655e-80,2.204109437981294e-83,3.596817309246925e-86,5.8695337596063925e-89,9.578308708254175e-92,1.563054264071052e-94,2.550699405131207e-97,4.162406645045913e-100,6.792501320958734e-103,1.108447062714057e-105,1.8088401205728448e-108,2.9517896630829246e-111,4.816933302167055e-114,7.860602917516951e-117,1.282747224236594e-119,2.093275106951284e-122,3.415950228221825e-125,5.574382422520392e-128,9.096660465301852e-131,1.4844555925456512e-133,2.4224366894262703e-136,3.953098727739839e-139,6.450938271975815e-142,1.0527084561997584e-144,1.71788203053919e-147,2.803357998569603e-150,4.574712307618427e-153,7.465330046377919e-156,1.218243879698006e-158,1.988014114850455e-161,3.244178104817861e-164,5.294072862541681e-167,8.639232054577288e-170,1.409809279749936e-172,2.300623704413602e-175,3.7543159243841727e-178,6.126550827518832e-181,9.997726829110296e-184,1.6314977964524938e-186,2.662390266634456e-189,4.3446714713820904e-192,7.089933594935694e-195,1.1569841059721638e-197,1.888046204591215e-200,3.081043596252352e-203,5.027858756276016e-206,8.204805574257403e-209,1.3389165800915703e-211,2.1849361233722572e-214,3.5655289763388325e-217,5.818475306953345e-220,9.494988015043027e-223,1.549457420538875e-225,2.528511141098164e-228
In131,3467352756.3201222,16668.965013352426,0.07020580091490979,2.9569049297036513e-07,1.2453795340790601e-12,5.245248733980834e-18,2.209176682967793e-23,9.304538000173352e-29,3.918854841450091e-34,1.6505304474086395e-39,6.951650081570543e-45,2.9278732138793013e-50,1.2331520510904645e-55,5.1937494215939995e-61,2.187486371243048e-66,9.21318345563445e-72,3.88037843357814e-77,1.634325079955921e-82,6.883396845678144e-88,2.8991265395235625e-93,1.2210446209340746e-98,5.1427557437939837e-104,2.166009021037565e-109,9.122725855447628e-115,3.842279797790799e-120,1.6182788213125487e-125,6.815813739057947e-131,2.8706621080199407e-136,1.2090560648977601e-141,5.09226273611963e-147,2.144742541435857e-152,9.033156393163517e-158,3.804555225016562e-163,1.6023901093039367e-168,6.748894182194195e-174,2.842477148229534e-179,1.1971852158423163e-184,5.042265482852262e-190,2.1236848620516273e-195,8.94446634879693e-201,3.767201042600634e-206,1.5866573970933635e-211,6.682631660170645e-217,2.814568916221255e-222,1.1854309180878291e-227,4.992759116537079e-233,2.1028339328262053e-238,8.856647087977914e-244,3.7302136139473525e-249,1.571079153031379e-254,6.617019722036308e-260,2.7869346950046954e-265,1.1737920273011845e-270,4.94373881750933e-276,2.0821877238289772e-281,8.76969006111116e-287,3.693589338166166e-292,1.5556538605066937e-297,6.552051980177415e-303,2.759571794265612e-308,1.1622674104e-313,4.8952e-319,0.0,0.0,0.0,0.0,0.0,0.0,0.0,0.0,0.0,0.0,0.0,0.0,0.0,0.0,0.0,0.0,0.0,0.0,0.0,0.0,0.0,0.0,0.0,0.0
In131_m1,2423229131.0783744,121329.37816963249,6.074876625669612,0.0003041647997693583,1.5229317584459773e-08,7.625212196289787e-13,3.8178901133283505e-17,1.911590725900426e-21,9.571200309279938e-26,4.792232674031731e-30,2.399437192824255e-34,1.2013813255575285e-38,6.015231795667507e-43,3.0117842508345768e-47,1.5079791904459105e-51,7.550345740030255e-56,3.780405005266404e-60,1.8928221959523162e-64,9.477227599949374e-69,4.745181199444519e-73,2.375878850443771e-77,1.1895858292296205e-81,5.9561725752119334e-86,2.9822137145565292e-90,1.493173430921381e-94,7.476214343481682e-99,3.743287936431557e-103,1.8742379406565447e-107,9.38417754084174e-112,4.698591689334287e-116,2.352551810427598e-120,1.1779061443686137e-124,5.897693214625318e-129,2.952933510036312e-133,1.4785130384658957e-137,7.402810789623135e-142,3.706535293312186e-146,1.8558361507532543e-150,9.292041073120214e-155,4.652459608005168e-159,2.3294538017847155e-163,1.166341133905281e-167,5.839788020682021e-172,2.9239407867159006e-176,1.4639965858250991e-180,7.330127932292483e-185,3.670143497875177e-189,1.837615034746432e-193,9.200809226890287e-198,4.606780464294073e-202,2.3065825758213577e-206,1.154889671934467e-210,5.782451356054114e-215,2.895232722024844e-219,1.4496226597578218e-223,7.258158695490554e-228,3.634109007217519e-232,1.8195728187294624e-236,9.11047312032627e-241,4.5615498111333475e-245,2.2839359059220284e-249,1.1435506436054549e-253,5.725677638762485e-258,2.866806521105465e-262,1.4353898608984805e-266,7.18689607269232e-271,3.5984283132214084e-275,1.8017077462124328e-279,9.021023958806734e-284,4.516763245117893e-288,2.26151158733277e-292,1.1323229450134446e-296,5.6694613416334424e-301,2.838659416540782e-305,1.42129680362086e-309,7.116333126e-314,3.5631e-318,1.8e-322,0.0,0.0,0.0,0.0,0.0,0.0,0.0,0.0
In131_m2,0.0,0.0,0.0,0.0,0.0,0.0,0.0,0.0,0.0,0.0,0.0,0.0,0.0,0.0,0.0,0.0,0.0,0.0,0.0,0.0,0.0,0.0,0.0,0.0,0.0,0.0,0.0,0.0,0.0,0.0,0.0,0.0,0.0,0.0,0.0,0.0,0.0,0.0,0.0,0.0,0.0,0.0,0.0,0.0,0.0,0.0,0.0,0.0,0.0,0.0,0.0,0.0,0.0,0.0,0.0,0.0,0.0,0.0,0.0,0.0,0.0,0.0,0.0,0.0,0.0,0.0,0.0,0.0,0.0,0.0,0.0,0.0,0.0,0.0,0.0,0.0,0.0,0.0,0.0,0.0,0.0,0.0,0.0,0.0,0.0,0.0
In132,1605094533.029329,85.94976263024601,4.602446487842254e-06,2.4645226496527067e-13,1.3197050539741927e-20,7.066769825509411e-28,3.784120975845481e-35,2.0263248858259687e-42,1.0850584770219261e-49,5.810281987812783e-57,3.111295611510115e-64,1.6660396866290625e-71,8.92132598122311e-79,4.777200561427379e-86,2.5581001358021483e-93,1.3698140198735392e-100,7.335093817403363e-108,3.9278033754594117e-115,2.10326408091284e-122,1.126257954177942e-129,6.030897360252352e-137,3.2294309518503326e-144,1.7292989168584603e-151,9.260067140108453e-159,4.9585900160680364e-166,2.6552307424373225e-173,1.4218256142851715e-180,7.613606023489032e-188,4.07694137020113e-195,2.183124643536586e-202,1.1690217681451751e-209,6.259889459098439e-217,3.3520518700268903e-224,1.794960088795088e-231,9.61167024047699e-239,5.146866796001369e-246,2.756049380910387e-253,1.4758120796749106e-260,7.90269328844512e-268,4.231742108046202e-275,2.2660174975023842e-282,1.2134093165137902e-289,6.497576347161089e-297,3.4793286826315096e-304,1.863114403738e-311,9.9766e-319,0.0,0.0,0.0,0.0,0.0,0.0,0.0,0.0,0.0,0.0,0.0,0.0,0.0,0.0,0.0,0.0,0.0,0.0,0.0,0.0,0.0,0.0,0.0,0.0,0.0,0.0,0.0,0.0,0.0,0.0,0.0,0.0,0.0,0.0,0.0,0.0,0.0,0.0,0.0,0.0
In133,35134225.947635606,0.026522185557010212,2.0021113536665797e-11,1.5113572989165405e-20,1.1408960249913741e-29,8.612415745596612e-39,6.50135536895759e-48,4.9077544421940477e-57,3.7047742044498153e-66,2.796666391446583e-75,2.111152387007179e-84,1.593670383710206e-93,1.2030326695248645e-102,9.081473927969389e-112,6.855438825028787e-121,5.175045577014668e-130,3.906547400934125e-139,2.94898129275005e-148,2.2261321244714117e-157,1.680466487795938e-166,1.268553463454357e-175,9.576078436129205e-185,7.228806735917144e-194,5.456894194609745e-203,4.119309775320419e-212,3.1095917237706125e-221,2.347374005828571e-230,1.7719897699490213e-239,1.337642717780567e-248,1.0097620600162143e-257,7.622509391296609e-267,5.754093139474063e-276,4.343659831439117e-285,3.278949484120135e-294,2.475219086355011e-303,1.86849768657e-312,1.41e-321,0.0,0.0,0.0,0.0,0.0,0.0,0.0,0.0,0.0,0.0,0.0,0.0,0.0,0.0,0.0,0.0,0.0,0.0,0.0,0.0,0.0,0.0,0.0,0.0,0.0,0.0,0.0,0.0,0.0,0.0,0.0,0.0,0.0,0.0,0.0,0.0,0.0,0.0,0.0,0.0,0.0,0.0,0.0,0.0,0.0,0.0,0.0,0.0,0.0
In133_m1,0.0,0.0,0.0,0.0,0.0,0.0,0.0,0.0,0.0,0.0,0.0,0.0,0.0,0.0,0.0,0.0,0.0,0.0,0.0,0.0,0.0,0.0,0.0,0.0,0.0,0.0,0.0,0.0,0.0,0.0,0.0,0.0,0.0,0.0,0.0,0.0,0.0,0.0,0.0,0.0,0.0,0.0,0.0,0.0,0.0,0.0,0.0,0.0,0.0,0.0,0.0,0.0,0.0,0.0,0.0,0.0,0.0,0.0,0.0,0.0,0.0,0.0,0.0,0.0,0.0,0.0,0.0,0.0,0.0,0.0,0.0,0.0,0.0,0.0,0.0,0.0,0.0,0.0,0.0,0.0,0.0,0.0,0.0,0.0,0.0,0.0
In134,604950.7472780221,1.0731211238498711e-05,1.9036077757311455e-16,3.376806665424506e-27,5.990111724184203e-38,1.0625849218909427e-48,1.8849176246103339e-59,3.343652237455064e-70,5.931299139584128e-81,1.0521521672962053e-91,1.8664109785967016e-102,3.3108233288898563e-113,5.873063993313515e-124,1.041821844390634e-134,1.8480860359860216e-145,3.278316743688766e-156,5.8154006159220915e-167,1.03159294747139e-177,1.8299410127636942e-188,3.2461293171912573e-199,5.758303393623808e-210,1.0214644807099004e-220,1.8119741424310766e-231,3.2142579158083226e-242,5.701766767750354e-253,1.0114354580549167e-263,1.7941836758334937e-274,3.1826994367173966e-285,5.645785234209933e-296,1.0015049031365142e-306,1.7765677e-317,0.0,0.0,0.0,0.0,0.0,0.0,0.0,0.0,0.0,0.0,0.0,0.0,0.0,0.0,0.0,0.0,0.0,0.0,0.0,0.0,0.0,0.0,0.0,0.0,0.0,0.0,0.0,0.0,0.0,0.0,0.0,0.0,0.0,0.0,0.0,0.0,0.0,0.0,0.0,0.0,0.0,0.0,0.0,0.0,0.0,0.0,0.0,0.0,0.0,0.0,0.0,0.0,0.0,0.0,0.0
In135,831.2572646477721,3.6258480709025e-14,1.5815530031894562e-30,6.898551326434894e-47,3.0090683212945606e-63,1.312520808176366e-79,5.725063999725998e-96,2.4972067183070847e-112,1.0892526955605196e-128,4.751194308776308e-145,2.072416019877929e-161,9.039639047203795e-178,3.942986027899207e-194,1.719884912995229e-210,7.501939121819833e-227,3.272259100725482e-243,1.4273215829140507e-259,6.225811704826803e-276,2.71562707717371e-292,1.1845251305241955e-308,0.0,0.0,0.0,0.0,0.0,0.0,0.0,0.0,0.0,0.0,0.0,0.0,0.0,0.0,0.0,0.0,0.0,0.0,0.0,0.0,0.0,0.0,0.0,0.0,0.0,0.0,0.0,0.0,0.0,0.0,0.0,0.0,0.0,0.0,0.0,0.0,0.0,0.0,0.0,0.0,0.0,0.0,0.0,0.0,0.0,0.0,0.0,0.0,0.0,0.0,0.0,0.0,0.0,0.0,0.0,0.0,0.0,0.0,0.0,0.0,0.0,0.0,0.0,0.0,0.0,0.0
K48,0.0,0.0,0.0,0.0,0.0,0.0,0.0,0.0,0.0,0.0,0.0,0.0,0.0,0.0,0.0,0.0,0.0,0.0,0.0,0.0,0.0,0.0,0.0,0.0,0.0,0.0,0.0,0.0,0.0,0.0,0.0,0.0,0.0,0.0,0.0,0.0,0.0,0.0,0.0,0.0,0.0,0.0,0.0,0.0,0.0,0.0,0.0,0.0,0.0,0.0,0.0,0.0,0.0,0.0,0.0,0.0,0.0,0.0,0.0,0.0,0.0,0.0,0.0,0.0,0.0,0.0,0.0,0.0,0.0,0.0,0.0,0.0,0.0,0.0,0.0,0.0,0.0,0.0,0.0,0.0,0.0,0.0,0.0,0.0,0.0,0.0
K49,0.0,0.0,0.0,0.0,0.0,0.0,0.0,0.0,0.0,0.0,0.0,0.0,0.0,0.0,0.0,0.0,0.0,0.0,0.0,0.0,0.0,0.0,0.0,0.0,0.0,0.0,0.0,0.0,0.0,0.0,0.0,0.0,0.0,0.0,0.0,0.0,0.0,0.0,0.0,0.0,0.0,0.0,0.0,0.0,0.0,0.0,0.0,0.0,0.0,0.0,0.0,0.0,0.0,0.0,0.0,0.0,0.0,0.0,0.0,0.0,0.0,0.0,0.0,0.0,0.0,0.0,0.0,0.0,0.0,0.0,0.0,0.0,0.0,0.0,0.0,0.0,0.0,0.0,0.0,0.0,0.0,0.0,0.0,0.0,0.0,0.0
K50,0.0,0.0,0.0,0.0,0.0,0.0,0.0,0.0,0.0,0.0,0.0,0.0,0.0,0.0,0.0,0.0,0.0,0.0,0.0,0.0,0.0,0.0,0.0,0.0,0.0,0.0,0.0,0.0,0.0,0.0,0.0,0.0,0.0,0.0,0.0,0.0,0.0,0.0,0.0,0.0,0.0,0.0,0.0,0.0,0.0,0.0,0.0,0.0,0.0,0.0,0.0,0.0,0.0,0.0,0.0,0.0,0.0,0.0,0.0,0.0,0.0,0.0,0.0,0.0,0.0,0.0,0.0,0.0,0.0,0.0,0.0,0.0,0.0,0.0,0.0,0.0,0.0,0.0,0.0,0.0,0.0,0.0,0.0,0.0,0.0,0.0
K51,0.0,0.0,0.0,0.0,0.0,0.0,0.0,0.0,0.0,0.0,0.0,0.0,0.0,0.0,0.0,0.0,0.0,0.0,0.0,0.0,0.0,0.0,0.0,0.0,0.0,0.0,0.0,0.0,0.0,0.0,0.0,0.0,0.0,0.0,0.0,0.0,0.0,0.0,0.0,0.0,0.0,0.0,0.0,0.0,0.0,0.0,0.0,0.0,0.0,0.0,0.0,0.0,0.0,0.0,0.0,0.0,0.0,0.0,0.0,0.0,0.0,0.0,0.0,0.0,0.0,0.0,0.0,0.0,0.0,0.0,0.0,0.0,0.0,0.0,0.0,0.0,0.0,0.0,0.0,0.0,0.0,0.0,0.0,0.0,0.0,0.0
K52,0.0,0.0,0.0,0.0,0.0,0.0,0.0,0.0,0.0,0.0,0.0,0.0,0.0,0.0,0.0,0.0,0.0,0.0,0.0,0.0,0.0,0.0,0.0,0.0,0.0,0.0,0.0,0.0,0.0,0.0,0.0,0.0,0.0,0.0,0.0,0.0,0.0,0.0,0.0,0.0,0.0,0.0,0.0,0.0,0.0,0.0,0.0,0.0,0.0,0.0,0.0,0.0,0.0,0.0,0.0,0.0,0.0,0.0,0.0,0.0,0.0,0.0,0.0,0.0,0.0,0.0,0.0,0.0,0.0,0.0,0.0,0.0,0.0,0.0,0.0,0.0,0.0,0.0,0.0,0.0,0.0,0.0,0.0,0.0,0.0,0.0
K53,0.0,0.0,0.0,0.0,0.0,0.0,0.0,0.0,0.0,0.0,0.0,0.0,0.0,0.0,0.0,0.0,0.0,0.0,0.0,0.0,0.0,0.0,0.0,0.0,0.0,0.0,0.0,0.0,0.0,0.0,0.0,0.0,0.0,0.0,0.0,0.0,0.0,0.0,0.0,0.0,0.0,0.0,0.0,0.0,0.0,0.0,0.0,0.0,0.0,0.0,0.0,0.0,0.0,0.0,0.0,0.0,0.0,0.0,0.0,0.0,0.0,0.0,0.0,0.0,0.0,0.0,0.0,0.0,0.0,0.0,0.0,0.0,0.0,0.0,0.0,0.0,0.0,0.0,0.0,0.0,0.0,0.0,0.0,0.0,0.0,0.0
K54,0.0,0.0,0.0,0.0,0.0,0.0,0.0,0.0,0.0,0.0,0.0,0.0,0.0,0.0,0.0,0.0,0.0,0.0,0.0,0.0,0.0,0.0,0.0,0.0,0.0,0.0,0.0,0.0,0.0,0.0,0.0,0.0,0.0,0.0,0.0,0.0,0.0,0.0,0.0,0.0,0.0,0.0,0.0,0.0,0.0,0.0,0.0,0.0,0.0,0.0,0.0,0.0,0.0,0.0,0.0,0.0,0.0,0.0,0.0,0.0,0.0,0.0,0.0,0.0,0.0,0.0,0.0,0.0,0.0,0.0,0.0,0.0,0.0,0.0,0.0,0.0,0.0,0.0,0.0,0.0,0.0,0.0,0.0,0.0,0.0,0.0
Kr100,10024.154508923904,2.1880361366928436e-43,4.775966024078821e-90,1.0424805642210192e-136,2.275488814827145e-183,4.96685456219756e-230,1.084147022884711e-276,2.5e-323,0.0,0.0,0.0,0.0,0.0,0.0,0.0,0.0,0.0,0.0,0.0,0.0,0.0,0.0,0.0,0.0,0.0,0.0,0.0,0.0,0.0,0.0,0.0,0.0,0.0,0.0,0.0,0.0,0.0,0.0,0.0,0.0,0.0,0.0,0.0,0.0,0.0,0.0,0.0,0.0,0.0,0.0,0.0,0.0,0.0,0.0,0.0,0.0,0.0,0.0,0.0,0.0,0.0,0.0,0.0,0.0,0.0,0.0,0.0,0.0,0.0,0.0,0.0,0.0,0.0,0.0,0.0,0.0,0.0,0.0,0.0,0.0,0.0,0.0,0.0,0.0,0.0,0.0
Kr91,36118954653807.72,24213536247206.316,16159685331835.615,10784569389340.096,7197351394223.674,4803331984645.925,3205623414918.365,2139352747451.2837,1427750420316.887,952844856998.726,635904783209.5276,424386919170.09204,283225196473.0682,189017399674.0406,126145476548.14072,84186330364.28848,56183847523.85786,37495692102.56414,25023685422.278683,16700180660.762938,11145282135.533003,7438082042.578117,4963989587.642431,3312842273.7431355,2210907927.36976,1475504554.517602,984714769.6431769,657173964.380228,438581437.76570076,292698262.5278458,195339486.60314173,130364678.95927085,87002120.33771373,58063035.20007042,38749814.87299698,25860655.53613563,17258753.543741465,11518059.682106523,7686864.436897669,5130020.724153393,3423647.294196927,2284856.421705065,1524855.9267935469,1017650.6389588559,679154.5383248408,453250.7220740577,302488.1753236465,201873.02910833285,134725.001523681,89912.09036555064,60005.076284834635,40045.88443345081,26725.619886639503,17836.00907883837,11903.305562593852,7943.967884866413,5301.605123378629,3538.1584230444314,2361.2782799225847,1575.8579601522108,1051.6881181224032,701.8702990801332,468.4106516391213,312.6055324702322,208.62509976883652,139.2311643035351,92.91939049902219,62.01207304340957,41.385303783085305,27.619514800276118,18.432572146889825,12.301436806808121,8.209670701732591,5.478928525941402,3.6564996189237173,2.440256228911477,1.6285658644466272,1.0868640528063995,0.7253458365247877,0.4840776371298025,0.3230612860368507,0.21560300772125535,0.14388804523346485,0.0960272761494808,0.06408619805576456,0.04276952284733619
Kr92,3854363090902.403,587919629577.3237,89392696126.4218,13592074413.736546,2066661985.0596561,314233988.9026774,47778979.095528156,7264748.321410704,1104598.0716314467,167953.0860354677,25537.106965228362,3882.8928217240245,590.390159916109,89.7682622027682,13.649178875288131,2.0753446641174578,0.3155541819939614,0.04797971319921564,0.0072952697509267705,0.0011092388259556574,0.0001686587083159163,2.5644396161742788e-05,3.899206041994497e-06,5.92870569540177e-07,9.014540612660193e-08,1.3706523250146443e-08,2.0840638217654574e-09,3.16879921620184e-10,4.818129064826429e-11,7.325919410302758e-12,1.1138990775080894e-12,1.6936729513136895e-13,2.575213611298454e-14,3.915587799092473e-15,5.953614001236718e-16,9.052413454740361e-17,1.3764108546261466e-17,2.092819611261359e-18,3.182112310840344e-19,4.838371498582607e-20,7.356697838271555e-21,1.118578908202564e-21,1.7007885893674454e-22,2.586032871271221e-23,3.932038380962155e-24,5.978626954482341e-25,9.090445412212978e-26,1.382193577581712e-26,2.1016121865067646e-27,3.1954813378610405e-28,4.8586989769938326e-29,7.387605575829378e-30,1.1232784002970455e-30,1.7079341223928798e-31,2.596897586264046e-32,3.9485580767574355e-33,6.003744994794381e-34,9.128637153570446e-35,1.3880005955249736e-35,2.110441702049859e-36,3.208906532252978e-37,4.87911185735874e-38,7.418643166245362e-39,1.1279976363950861e-39,1.7151096759879114e-40,2.60780794724737e-41,3.965147176847062e-42,6.028968563675771e-43,9.166989350113761e-44,1.3938320105266074e-44,2.1193083130881303e-45,3.2223881299924523e-46,4.899610498477037e-47,7.449811155071068e-48,1.1327366994472833e-48,1.722315376278131e-49,2.618764145993959e-50,3.9818059728196986e-51,6.0542981044842844e-52,9.205502675964204e-53,1.3996879250861143e-53,2.1282121754710918e-54,3.235926368047176e-55,4.920195260655872e-56,7.481110090150102e-57,1.1374956727527352e-57
Kr93,782673333931.7798,52887007404.98773,3572209157.887115,241281912.02002338,16297187.117249416,1100780.0199817666,74351.27569398412,5021.995400510999,339.20652426403853,22.911424031089737,1.547533179885972,0.10452684824820481,0.007060179482231387,0.0004768739817253325,3.2210058542973466e-05,2.1756017545518866e-06,1.4694922047702355e-07,9.925563515300918e-09,6.704139754975867e-10,4.528255729255213e-11,3.0585728667594704e-12,2.0658877370461343e-13,1.3953867793901511e-14,9.425024550854068e-16,6.366054852764573e-17,4.299899079279846e-18,2.9043312568949103e-19,1.9617065178165762e-20,1.3250184368288399e-21,8.94972740311047e-23,6.045019326801501e-24,4.083058289429401e-25,2.757867939472606e-26,1.8627790818616453e-27,1.2581987187119919e-28,8.498399145573379e-30,5.740173389416282e-31,3.877152623235576e-32,2.6187906608499047e-33,1.7688404847038162e-34,1.1947486704843398e-35,8.06983104450548e-37,5.450700611406788e-38,3.6816306303487174e-39,2.486726948450685e-40,1.6796391428232805e-41,1.1344983621389645e-42,7.662875321734569e-44,5.175825735503012e-45,3.4959686696600575e-46,2.3613231132204943e-47,1.5949361598745426e-48,1.077286433115864e-49,7.276442080708658e-51,4.914812600096418e-52,3.3196695069019237e-53,2.2422433023872083e-54,1.5145046868814202e-55,1.0229596601509613e-56,6.909496387567824e-58,4.666962167674086e-59,3.152260982969856e-60,2.129168599990247e-61,1.4381293146969675e-62,9.713725469181929e-64,6.561055499415631e-65,4.431610652677572e-66,2.993294749400384e-67,2.021796172769468e-68,1.3656054971011813e-69,9.22386934365616e-71,6.230186232366642e-72,4.2081277437723593e-73,2.842345067617644e-74,1.9198384591262488e-75,1.2967390029914788e-76,8.758716307020046e-78,5.916002462321489e-79,3.9959149157670995e-80,2.6990076687331614e-81,1.823022398984684e-82,1.2313453961988143e-83,8.317020600429566e-85,5.617662751776025e-86,3.7944038266614205e-87,2.5628986708451064e-88
Kr94,22926303234.08031,1822.3398172852635,0.00014483226271972923,1.1510687592704388e-11,9.148233022723467e-19,7.27064884387028e-26,5.778420212905209e-33,4.59245672207949e-40,3.649900486134656e-47,2.900794577908148e-54,2.305435234518576e-61,1.8322674969947564e-68,1.4562127490189435e-75,1.1573395117707421e-82,9.19807044958315e-90,7.310257632701826e-97,5.809899690309195e-104,4.617475348673761e-111,3.6697842875278923e-118,2.916597426092314e-125,2.3179947047020163e-132,1.842249260373763e-139,1.4641458543728518e-146,1.1636444258592233e-153,9.248179379049905e-161,7.350082200920639e-168,5.841550660519344e-175,4.642630270875035e-182,3.6897764112053385e-189,2.9324863644852115e-196,2.3306225959319073e-203,1.8522854020574155e-210,1.4721221774232046e-217,1.1699836876401956e-224,9.298561290206233e-232,7.390123724042191e-239,5.873374057788238e-246,4.667922231189829e-253,3.709877447281398e-260,2.9484618620861172e-267,2.34331928095007e-274,1.8623762182859695e-281,1.4801419536098862e-288,1.1763574842318386e-295,9.34921767019238e-303,7.4303833839859e-310,5.905371e-317,5e-324,0.0,0.0,0.0,0.0,0.0,0.0,0.0,0.0,0.0,0.0,0.0,0.0,0.0,0.0,0.0,0.0,0.0,0.0,0.0,0.0,0.0,0.0,0.0,0.0,0.0,0.0,0.0,0.0,0.0,0.0,0.0,0.0,0.0,0.0,0.0,0.0,0.0,0.0
Kr95,1020452058.4756961,6.393780340591937e-05,4.0057858366122415e-18,2.509676484650346e-31,1.5723446820446168e-44,9.850942200219207e-58,6.1717423247090615e-71,3.8666761562927038e-84,2.422522475992598e-97,1.5177415716955308e-110,9.508846672347066e-124,5.957415064884588e-137,3.732397364080498e-150,2.3383950810325037e-163,1.465034673858775e-176,9.17863116039736e-190,5.750530788238434e-203,3.60278169681312e-216,2.257189193985307e-229,1.414158138404777e-242,8.859883104816432e-256,5.550831020889901e-269,3.477667217271041e-282,2.178803359094651e-295,1.365048401993821e-308,8.55e-322,0.0,0.0,0.0,0.0,0.0,0.0,0.0,0.0,0.0,0.0,0.0,0.0,0.0,0.0,0.0,0.0,0.0,0.0,0.0,0.0,0.0,0.0,0.0,0.0,0.0,0.0,0.0,0.0,0.0,0.0,0.0,0.0,0.0,0.0,0.0,0.0,0.0,0.0,0.0,0.0,0.0,0.0,0.0,0.0,0.0,0.0,0.0,0.0,0.0,0.0,0.0,0.0,0.0,0.0,0.0,0.0,0.0,0.0,0.0,0.0
Kr96,3767063651.321776,5.776150254635123e-10,8.856533159206076e-29,1.3579663987648745e-47,2.0821609393034203e-66,3.1925636607092127e-85,4.8951368433080205e-104,7.505681095608452e-123,1.150841141162133e-141,1.764577145392284e-160,2.705614520259942e-179,4.1485009319975275e-198,6.3608691681366714e-217,9.75307881988824e-236,1.4954331546928755e-254,2.2929378111806465e-273,3.515746450747691e-292,5.3906708876595e-311,0.0,0.0,0.0,0.0,0.0,0.0,0.0,0.0,0.0,0.0,0.0,0.0,0.0,0.0,0.0,0.0,0.0,0.0,0.0,0.0,0.0,0.0,0.0,0.0,0.0,0.0,0.0,0.0,0.0,0.0,0.0,0.0,0.0,0.0,0.0,0.0,0.0,0.0,0.0,0.0,0.0,0.0,0.0,0.0,0.0,0.0,0.0,0.0,0.0,0.0,0.0,0.0,0.0,0.0,0.0,0.0,0.0,0.0,0.0,0.0,0.0,0.0,0.0,0.0,0.0,0.0,0.0,0.0
Kr97,2329936.1353329066,2.9927781180966425e-18,3.84419157604004e-42,4.937823082820357e-66,6.342581090183296e-90,8.146977769518094e-114,1.0464706061031029e-137,1.3441803333932175e-161,1.726585303154788e-185,2.2177804086336396e-209,2.848715283242659e-233,3.6591444010365256e-257,4.7001319599746264e-281,6.037269377758666e-305,0.0,0.0,0.0,0.0,0.0,0.0,0.0,0.0,0.0,0.0,0.0,0.0,0.0,0.0,0.0,0.0,0.0,0.0,0.0,0.0,0.0,0.0,0.0,0.0,0.0,0.0,0.0,0.0,0.0,0.0,0.0,0.0,0.0,0.0,0.0,0.0,0.0,0.0,0.0,0.0,0.0,0.0,0.0,0.0,0.0,0.0,0.0,0.0,0.0,0.0,0.0,0.0,0.0,0.0,0.0,0.0,0.0,0.0,0.0,0.0,0.0,0.0,0.0,0.0,0.0,0.0,0.0,0.0,0.0,0.0,0.0,0.0
Kr98,93539538.23753373,1.7796865532262633e-25,3.38603791232259e-58,6.442287673018263e-91,1.2257119245736618e-123,2.3320438302287124e-156,4.4369548154632286e-189,8.441765879045099e-222,1.606133353178396e-254,3.0558349818674126e-287,5.814e-320,0.0,0.0,0.0,0.0,0.0,0.0,0.0,0.0,0.0,0.0,0.0,0.0,0.0,0.0,0.0,0.0,0.0,0.0,0.0,0.0,0.0,0.0,0.0,0.0,0.0,0.0,0.0,0.0,0.0,0.0,0.0,0.0,0.0,0.0,0.0,0.0,0.0,0.0,0.0,0.0,0.0,0.0,0.0,0.0,0.0,0.0,0.0,0.0,0.0,0.0,0.0,0.0,0.0,0.0,0.0,0.0,0.0,0.0,0.0,0.0,0.0,0.0,0.0,0.0,0.0,0.0,0.0,0.0,0.0,0.0,0.0,0.0,0.0,0.0,0.0
Kr99,41.277662667308775,-7.142318396629658e-46,1.2358430391271795e-92,-2.1383925114285475e-139,3.700083577088685e-186,-6.402294435783969e-233,1.1077958967273288e-279,-0.0,0.0,0.0,0.0,0.0,0.0,0.0,0.0,0.0,0.0,0.0,0.0,0.0,0.0,0.0,0.0,0.0,0.0,0.0,0.0,0.0,0.0,0.0,0.0,0.0,0.0,0.0,0.0,0.0,0.0,0.0,0.0,0.0,0.0,0.0,0.0,0.0,0.0,0.0,0.0,0.0,0.0,0.0,0.0,0.0,0.0,0.0,0.0,0.0,0.0,0.0,0.0,0.0,0.0,0.0,0.0,0.0,0.0,0.0,0.0,0.0,0.0,0.0,0.0,0.0,0.0,0.0,0.0,0.0,0.0,0.0,0.0,0.0,0.0,0.0,0.0,0.0,0.0,0.0
La147,4492123885960.183,2055096891391.5208,878140979464.8276,374031763236.2842,159288834662.0366,67835793122.36759,28888987405.881752,12302849867.451723,5239370719.468268,2231272089.850039,950223873.3430923,404668446.1202323,172334705.409191,73391565.30046976,31255003.711898044,13310456.767495964,5668476.6699271025,2414013.907920356,1028047.4785314501,437810.9068250408,186448.96674302855,79402.3553493498,33814.797395546084,14400.586958295982,6132.726519625958,2611.7223328078794,1112.2448590946574,473.66774447745047,201.71919009001337,85.90543081091742,36.584238909130306,15.579999121431904,6.634998563909975,2.8256231338632722,1.2033380290467286,0.5124612673206312,0.2182400490674337,0.09294111000033115,0.03958049846948395,0.016856005475803335,0.007178406831317914,0.0030570424712949877,0.0013018917554977287,0.0005544319907060289,0.00023611397108873244,0.00010055301331421634,4.282215253907724e-05,1.8236517113115125e-05,7.766320390210517e-06,3.307415118209306e-06,1.408517060144483e-06,5.998401282607026e-07,2.554517724016122e-07,1.0878833367207415e-07,4.632929899793423e-08,1.973009304573041e-08,8.402384236604514e-09,3.578293356037559e-09,1.5238750075343889e-09,6.489672051816981e-10,2.7637334513594616e-10,1.1769812910692056e-10,5.012368174816281e-11,2.1345993271556477e-11,9.090541892725897e-12,3.871356598501297e-12,1.6486808035890818e-12,7.021178036596802e-13,2.9900840062110686e-13,1.2733763931918165e-13,5.422882552363108e-14,2.309423618495995e-14,9.835059856391332e-15,4.188421803782986e-15,1.7837082297983615e-15,7.596214512532544e-16,3.234972735811898e-16,1.377666281564411e-16,5.867018174059414e-17,2.4985660689652373e-17,1.0640554052800828e-17,4.5314547394564544e-18,1.9297944405758968e-18,8.218346639217102e-19,3.4999179219407003e-19,1.4904975414238095e-19
La148,562361080368.7987,37909256231.53842,2428916169.9245763,155208619.84630704,9916444.634514408,633567.2412347018,40478.951032189776,2586.2218432090785,165.23509733463496,10.556958777916012,0.6744897448300142,0.043093510683440486,0.0027532674547806435,0.0001759077308237787,1.1238839041896242e-05,7.180554397361187e-07,4.5876946240849164e-08,2.9311026418227927e-09,1.8726971607475364e-10,1.196476235881987e-11,7.644350688601917e-13,4.884016556104199e-14,3.120424309662665e-15,1.9936557872974529e-16,1.2737573495747786e-17,8.13810385891702e-19,5.199478098448612e-20,3.3219743769458874e-21,2.12242720367987e-22,1.356030096493948e-23,8.663748840993168e-25,5.535315489964531e-26,3.53654268328592e-27,2.2595160426498694e-28,1.443616889206754e-29,9.223345545973287e-31,5.892844818902751e-32,3.764970084507942e-33,2.405459531493166e-34,1.5368609651004826e-35,9.819086935889682e-37,6.273467180439163e-38,4.008151747816393e-39,2.5608295973262726e-40,1.6361277314699719e-41,1.0453307617500233e-42,6.678674167322722e-44,4.2670406597993625e-45,2.7262351083792837e-46,1.7418061974851847e-47,1.112849299120577e-48,7.11005371516767e-50,4.54265136101705e-51,2.9023242600444138e-52,1.8543104986503803e-53,1.184728899090139e-54,7.569296325296651e-56,4.8360639218095243e-57,3.0897871150408593e-58,1.974081519729039e-59,1.2612512452930522e-60,8.058201689521016e-62,5.148428174904341e-63,3.2893583076504466e-64,2.1015886224944874e-65,1.34271621547762e-66,8.57868574281964e-68,5.480968221410709e-69,3.50181992262141e-70,2.2373314850769177e-71,1.4294430566747513e-72,9.132788171554335e-74,5.834987227858563e-75,3.72800456002233e-76,2.3818420601149868e-77,1.5217716362715038e-78,9.722680406645651e-80,6.211872533081292e-81,3.9687985980568204e-82,2.5356866593855536e-83,1.6200637738921664e-84,1.035067413303235e-85,6.6131010849549555e-87,4.2251456666253227e-88,2.6994681730809074e-89,1.7247046593063604e-90
La149,105789393201.17796,3923242458.734118,144601244.4966113,5329615.32757745,196435.3723991865,7240.0826621745555,266.8500907697882,9.835380929539916,0.36250584644773665,0.013360996350848732,0.0004924506052432185,1.815041275638156e-05,6.689756895807062e-07,2.465665543019861e-08,9.087784002802666e-10,3.3495142240762085e-11,1.2345413946710035e-12,4.55018952957744e-14,1.6770782125611657e-15,6.181261929343305e-17,2.278247892851653e-18,8.397012649865854e-20,3.0949143709621054e-21,1.1407026954688212e-22,4.204325171831281e-24,1.5496018568825457e-25,5.7114181627581314e-27,2.105076041629701e-28,7.758747503270545e-30,2.8596669017667826e-31,1.0539967675985455e-32,3.884750302288114e-34,1.4318151037134557e-35,5.277287680535013e-37,1.94506715223896e-38,7.1689975149041445e-40,2.642300822855485e-41,9.738814421330039e-43,3.589466631229724e-44,1.3229814368874729e-45,4.876155880990071e-47,1.7972206950728675e-48,6.624075000125656e-50,2.4414569522587575e-51,8.998557609356096e-53,3.3166277608944103e-54,1.2224203235525638e-55,4.505514501969241e-57,1.6606121917591207e-58,6.120572578811458e-60,2.255879420758383e-61,8.314568441878352e-63,3.0645276400206954e-64,1.1295029588245481e-65,4.1630459367786736e-67,1.5343874344309291e-68,5.6553418691346406e-70,2.084407818984066e-71,7.682569960190097e-73,2.8315898959725847e-74,1.0436483338936809e-75,3.846608742276711e-77,1.4177571443971636e-78,5.22547380085116e-80,1.9259699414170353e-81,7.098610301400294e-83,2.6163579777403834e-84,9.643196029982672e-86,3.5542242485099643e-87,1.30999203681219e-88,4.828280424992261e-90,1.7795750819289656e-91,6.559037987582418e-93,2.4174860481816123e-94,8.910207265481722e-96,3.284064186163981e-97,1.2104182604849657e-98,4.461278106219983e-100,1.6443078389335785e-101,6.060479093219515e-103,2.2337305685516785e-104,8.232933694077968e-106,3.0344392544635625e-107,1.1184131843127403e-108,4.122171992748261e-110,1.5193223914147503e-111
La150,11215305435.114521,199866164.72684824,3552756.8104062662,63152.57852917631,1122.5784326829526,19.954566652289728,0.3547054875524516,0.006305122285649101,0.00011207767692376135,1.9922540904904673e-06,3.54136208923735e-08,6.2950029852869e-10,1.1189779973418316e-11,1.989056655670626e-13,3.5356784394921473e-15,6.284899925726258e-17,1.1171821123548645e-18,1.9858643525202226e-20,3.530003911625369e-22,6.2748130809017636e-24,1.1153891096434128e-25,1.9826771728032667e-27,3.5243384909970035e-29,6.26474242478985e-31,1.11359898458162e-32,1.979495108296993e-34,3.518682162990542e-36,6.254687931408716e-38,1.1118117325510496e-39,1.976318150791832e-41,3.5130349130129423e-43,6.244649574818271e-45,1.1100273489406787e-46,1.9731462920913846e-48,3.5073967264945657e-50,6.234627329120026e-52,1.108245829146883e-53,1.969979524012408e-55,3.501767588889161e-57,6.224621168457076e-59,1.1064671685734284e-60,1.966817838384797e-62,3.496147485673841e-64,6.214631067014018e-66,1.1046913626314575e-67,1.9636612270515546e-69,3.4905364023489995e-71,6.204656999016867e-73,1.1029184067394766e-74,1.9605096818687807e-76,3.4849343244383217e-78,6.19469893873303e-80,1.1011482963233475e-81,1.957363194705637e-83,3.479341237488709e-85,6.184756860471175e-87,1.0993810268162687e-88,1.9542217574443426e-90,3.4737571270702815e-92,6.174830738581232e-94,1.0976165936587717e-95,1.95108536198014e-97,3.4681819787762935e-99,6.164920547454287e-101,1.0958549922987056e-102,1.947954000221283e-104,3.462615778223145e-106,6.155026261522537e-108,1.0940962181912262e-109,1.9448276640890164e-111,3.4570585110503174e-113,6.145147855259224e-115,1.0923402667987828e-116,1.9417063455175412e-118,3.451510162920313e-120,6.135285303178505e-122,1.0905871335910998e-123,1.938590036454002e-125,3.445970719518671e-127,6.125438579835488e-129,1.088836814045184e-130,1.935478728858479e-132,3.440440166553902e-134,6.115607659826118e-136,1.0870893036452966e-137,1.9323724147039477e-139
La151,995894320.9387479,11580838.713233726,134617.01627831056,1564.8037760245281,18.189460182223375,0.21143639016595997,0.002457761068143337,2.8569299084891277e-05,3.3209283879598357e-07,3.860285590201937e-09,4.4872406438957915e-11,5.216020453858966e-13,6.063162538894793e-15,7.047890302243641e-17,8.192549250298421e-19,9.523114058287593e-21,1.1069777989293298e-22,1.2867638041739154e-24,1.495749137275906e-26,1.7386761069937863e-28,2.0210572279096333e-30,2.3493003107682117e-32,2.730853868934781e-34,3.1743761405443545e-36,3.689931561804101e-38,4.289219149833698e-40,4.9858379775220464e-42,5.795595764572897e-44,6.7368675873075504e-46,7.83101284709074e-48,9.10285995925433e-50,1.0581269761111358e-51,1.2299790423951682e-53,1.429741873032484e-55,1.661948499156368e-57,1.9318681686154596e-59,2.2456259160883345e-61,2.610341552768425e-63,3.0342912295822633e-65,3.527095240144091e-67,4.099936325083666e-69,4.765813431523286e-71,5.5398366860305465e-73,6.43957027459226e-75,7.485431010264193e-77,8.701151632819574e-79,1.0114319353622167e-80,1.1757001866419177e-82,1.366647502953145e-84,1.5886068732052668e-86,1.8466150138508235e-88,2.146526662382548e-90,2.495147433416991e-92,2.900388252143619e-94,3.3714448695532694e-96,3.9190065330171554e-98,4.555498547382814e-100,5.295364230799067e-102,6.155392663429996e-104,7.155099666352968e-106,8.317170655838633e-108,9.667975422291028e-110,1.1238166515244921e-111,1.306337481301165e-113,1.5185018060885005e-115,1.765124072530873e-117,2.0518006491237514e-119,2.385036819371244e-121,2.7723944001020814e-123,3.222663334708451e-125,3.746061155112633e-127,4.354464838665291e-129,5.061680321287291e-131,5.883755782664701e-133,6.839345812585036e-135,7.950134722100869e-137,9.241328605325297e-139,1.074222731775741e-140,1.2486889350507137e-142,1.4514904687788668e-144,1.6872293185414755e-146,1.96125488563551e-148,2.2797853760354777e-150,2.650048904327441e-152,3.080447514554888e-154,3.5807478399481304e-156
La152,25448479.92500928,11706.8234060746,5.383661822270735,0.002475804800391919,1.1385576604585584e-06,5.235927913152093e-10,2.4078658520187494e-13,1.1073143208779639e-16,5.092247992941253e-20,2.3417912269981413e-23,1.0769283346858256e-26,4.952510815987045e-30,2.277529766140295e-33,1.0473761751131594e-36,4.816608188852522e-40,2.2150317141226408e-43,1.0186349609927373e-46,4.684434887053834e-50,2.154248680966246e-53,9.90682439043042e-57,4.555888573588724e-60,2.095133604569174e-63,9.634969666383425e-67,4.430869719700675e-70,2.0376407142680308e-73,9.37057495051607e-77,4.309281527817424e-80,1.9817254953993792e-83,9.113435531572224e-87,4.191029856604077e-90,1.9273446548336523e-93,8.863352315809494e-97,4.076023148072905e-100,1.8744560874548517e-103,8.620131672848163e-107,3.964172356693303e-110,1.8230188435600847e-113,8.383585285750154e-117,3.855390880447032e-120,1.772993097153677e-123,8.153530005212078e-127,3.749594493775482e-130,1.7243401151113706e-133,7.92978770775934e-137,3.6467012823667813e-140,1.6770222271906398e-143,7.712185157831601e-147,3.546631579732588e-150,1.6310027968640126e-153,7.50055387365271e-157,3.449307905525153e-160,1.586246192952711e-163,7.294729996781434e-167,3.35465490554714e-170,1.542717762038737e-173,7.094554165241741e-177,3.26259929340757e-180,1.5003838016339764e-183,6.899871390134598e-187,3.1730697937788145e-190,1.4592115340855823e-193,6.710530935635716e-197,3.085997087210725e-200,1.4191690811974304e-203,6.526386202286236e-207,3.001313756459061e-210,1.3802254395479824e-213,6.347294613486054e-217,2.9189542342867745e-220,1.342350456485459e-223,6.173117505101964e-227,2.8388547526976693e-230,1.3055148067817366e-233,6.003720018105012e-237,2.760953293563142e-240,1.2696899699268798e-243,5.838970994154029e-247,2.685189540603795e-250,1.234848208046744e-253,5.678742874044478e-257,2.6115048326887326e-260,1.2009625444265511e-263,5.5229115989440185e-267,2.5398421184163657e-270,1.168006742623785e-273,5.371356514338194e-277
La153,604734.5408076282,24.018778023530345,0.000953954322433025,3.7888224298860494e-08,1.5048074176754359e-12,5.97664685056016e-17,2.3737461124088498e-21,9.427812529442026e-26,3.7444463258164555e-30,1.4871825508976408e-34,5.90664612935042e-39,2.345943910941674e-43,9.31739046620278e-48,3.700589971259757e-52,1.4697641131454376e-56,5.8374652827446786e-61,2.31846733924694e-65,9.208261707429655e-70,3.6572472787154534e-74,1.452549686644945e-78,5.769094708065225e-83,2.291312583427076e-87,9.100411105457456e-92,3.614412231982107e-96,1.435536881940146e-100,5.701524915104477e-105,2.2644758742543044e-109,8.993823690036143e-114,3.5720788853222935e-118,1.4187233375612317e-122,5.634746524807715e-127,2.237953486647446e-131,8.888484666252805e-136,3.5302413626372753e-140,1.402106719696807e-144,5.568750267971216e-149,2.2117417391548729e-153,8.784379412478088e-158,3.4888938566513867e-162,1.3856847218699476e-166,5.503526983955629e-171,2.1858369934434825e-175,8.681493478336625e-180,3.4480306281059423e-184,1.3694550646180495e-188,5.439067619414442e-193,2.160235653793701e-197,8.579812582701254e-202,3.4076460049625986e-206,1.3534154951764287e-210,5.375363227037316e-215,2.134934166600359e-219,8.479322611710706e-224,3.3677343816160516e-228,1.3375637871656209e-232,5.312404964308163e-237,2.109929019879446e-241,8.38000961681053e-246,3.3282902181159344e-250,1.3218977402823508e-254,5.250184092277728e-259,2.0852167427806094e-263,8.281859812816958e-268,3.289308039397846e-272,1.3064151799941146e-276,5.1886919743506134e-281,2.0607939051054023e-285,8.184859576003424e-290,3.2507824345233856e-294,1.2911139572373488e-298,5.1279200750864486e-303,2.0366571168311394e-307,8.08899544221e-312,3.21270806e-316,1.276e-320,0.0,0.0,0.0,0.0,0.0,0.0,0.0,0.0,0.0,0.0,0.0
La154,4145.148703668467,0.0010375406534773848,2.596989118063681e-10,6.500325993720866e-17,1.627047172848686e-23,4.0725380622942626e-30,1.0193660359457783e-36,2.5514976148668096e-43,6.386459671113964e-50,1.598546159444251e-56,4.001199342778036e-63,1.0015097835031112e-69,2.506802987116477e-76,6.2745879468451316e-83,1.5705443987834561e-89,3.931110264842661e-96,9.839663193426218e-103,2.4628912759317333e-109,6.164675881500873e-116,1.5430331454473808e-122,3.862248938494982e-129,9.667301643465764e-136,2.419748766949589e-142,6.056689147701973e-149,1.516003807210746e-155,3.794593857189262e-162,9.497959353750375e-169,2.3773619860417878e-175,5.95059401938254e-182,1.4894479423584458e-188,3.728123891110293e-195,9.331583435846261e-202,2.3357176951066093e-208,5.846357361256747e-215,1.4633572570490316e-221,3.662818280574185e-228,9.168121927767157e-235,2.294802887934387e-241,5.7439466184701256e-248,1.4377236027244247e-254,3.59865662954481e-261,9.007523777745919e-268,2.2546047861454613e-274,5.643329806432195e-281,1.4125389735649804e-287,3.535618899263744e-294,8.849738828290035e-301,2.2151108351992696e-307,5.544475501e-314,1.388e-320,0.0,0.0,0.0,0.0,0.0,0.0,0.0,0.0,0.0,0.0,0.0,0.0,0.0,0.0,0.0,0.0,0.0,0.0,0.0,0.0,0.0,0.0,0.0,0.0,0.0,0.0,0.0,0.0,0.0,0.0,0.0,0.0,0.0,0.0,0.0,0.0
La155,6.761462881248747,4.465578647691655e-08,2.9492719266450773e-16,1.9478337710596645e-24,1.2864383122503104e-32,8.496225683186063e-41,5.611295168390853e-49,3.705955401951977e-57,2.4475820695769173e-65,1.6164948947197444e-73,1.067606997589538e-81,7.050963816992149e-90,4.6567782770984475e-98,3.075548887344419e-106,2.0312328385836794e-114,1.3415188623788137e-122,8.860002772370535e-131,5.851550159139485e-139,3.8646307619341826e-147,2.5523785184957443e-155,1.6857072519958053e-163,1.1133179968565035e-171,7.3528601164709305e-180,4.8561643703813536e-188,3.207232562378717e-196,2.1182027469911506e-204,1.3989577587828964e-212,9.239355456595697e-221,6.102091983648845e-229,4.030100016373994e-237,2.66166196535531e-245,1.7578830274771166e-253,1.1609861727424875e-261,7.667682503503769e-270,5.064087441769937e-278,3.3445544473409613e-286,2.208896386536051e-294,1.4588559771634657e-302,9.634950625471e-311,6.36337e-319,0.0,0.0,0.0,0.0,0.0,0.0,0.0,0.0,0.0,0.0,0.0,0.0,0.0,0.0,0.0,0.0,0.0,0.0,0.0,0.0,0.0,0.0,0.0,0.0,0.0,0.0,0.0,0.0,0.0,0.0,0.0,0.0,0.0,0.0,0.0,0.0,0.0,0.0,0.0,0.0,0.0,0.0,0.0,0.0,0.0,0.0
Li11,0.0,0.0,0.0,0.0,0.0,0.0,0.0,0.0,0.0,0.0,0.0,0.0,0.0,0.0,0.0,0.0,0.0,0.0,0.0,0.0,0.0,0.0,0.0,0.0,0.0,0.0,0.0,0.0,0.0,0.0,0.0,0.0,0.0,0.0,0.0,0.0,0.0,0.0,0.0,0.0,0.0,0.0,0.0,0.0,0.0,0.0,0.0,0.0,0.0,0.0,0.0,0.0,0.0,0.0,0.0,0.0,0.0,0.0,0.0,0.0,0.0,0.0,0.0,0.0,0.0,0.0,0.0,0.0,0.0,0.0,0.0,0.0,0.0,0.0,0.0,0.0,0.0,0.0,0.0,0.0,0.0,0.0,0.0,0.0,0.0,0.0
Li9,0.0,0.0,0.0,0.0,0.0,0.0,0.0,0.0,0.0,0.0,0.0,0.0,0.0,0.0,0.0,0.0,0.0,0.0,0.0,0.0,0.0,0.0,0.0,0.0,0.0,0.0,0.0,0.0,0.0,0.0,0.0,0.0,0.0,0.0,0.0,0.0,0.0,0.0,0.0,0.0,0.0,0.0,0.0,0.0,0.0,0.0,0.0,0.0,0.0,0.0,0.0,0.0,0.0,0.0,0.0,0.0,0.0,0.0,0.0,0.0,0.0,0.0,0.0,0.0,0.0,0.0,0.0,0.0,0.0,0.0,0.0,0.0,0.0,0.0,0.0,0.0,0.0,0.0,0.0,0.0,0.0,0.0,0.0,0.0,0.0,0.0
Mg30,0.0,0.0,0.0,0.0,0.0,0.0,0.0,0.0,0.0,0.0,0.0,0.0,0.0,0.0,0.0,0.0,0.0,0.0,0.0,0.0,0.0,0.0,0.0,0.0,0.0,0.0,0.0,0.0,0.0,0.0,0.0,0.0,0.0,0.0,0.0,0.0,0.0,0.0,0.0,0.0,0.0,0.0,0.0,0.0,0.0,0.0,0.0,0.0,0.0,0.0,0.0,0.0,0.0,0.0,0.0,0.0,0.0,0.0,0.0,0.0,0.0,0.0,0.0,0.0,0.0,0.0,0.0,0.0,0.0,0.0,0.0,0.0,0.0,0.0,0.0,0.0,0.0,0.0,0.0,0.0,0.0,0.0,0.0,0.0,0.0,0.0
Mg31,0.0,0.0,0.0,0.0,0.0,0.0,0.0,0.0,0.0,0.0,0.0,0.0,0.0,0.0,0.0,0.0,0.0,0.0,0.0,0.0,0.0,0.0,0.0,0.0,0.0,0.0,0.0,0.0,0.0,0.0,0.0,0.0,0.0,0.0,0.0,0.0,0.0,0.0,0.0,0.0,0.0,0.0,0.0,0.0,0.0,0.0,0.0,0.0,0.0,0.0,0.0,0.0,0.0,0.0,0.0,0.0,0.0,0.0,0.0,0.0,0.0,0.0,0.0,0.0,0.0,0.0,0.0,0.0,0.0,0.0,0.0,0.0,0.0,0.0,0.0,0.0,0.0,0.0,0.0,0.0,0.0,0.0,0.0,0.0,0.0,0.0
Mg32,0.0,0.0,0.0,0.0,0.0,0.0,0.0,0.0,0.0,0.0,0.0,0.0,0.0,0.0,0.0,0.0,0.0,0.0,0.0,0.0,0.0,0.0,0.0,0.0,0.0,0.0,0.0,0.0,0.0,0.0,0.0,0.0,0.0,0.0,0.0,0.0,0.0,0.0,0.0,0.0,0.0,0.0,0.0,0.0,0.0,0.0,0.0,0.0,0.0,0.0,0.0,0.0,0.0,0.0,0.0,0.0,0.0,0.0,0.0,0.0,0.0,0.0,0.0,0.0,0.0,0.0,0.0,0.0,0.0,0.0,0.0,0.0,0.0,0.0,0.0,0.0,0.0,0.0,0.0,0.0,0.0,0.0,0.0,0.0,0.0,0.0
Mg33,0.0,0.0,0.0,0.0,0.0,0.0,0.0,0.0,0.0,0.0,0.0,0.0,0.0,0.0,0.0,0.0,0.0,0.0,0.0,0.0,0.0,0.0,0.0,0.0,0.0,0.0,0.0,0.0,0.0,0.0,0.0,0.0,0.0,0.0,0.0,0.0,0.0,0.0,0.0,0.0,0.0,0.0,0.0,0.0,0.0,0.0,0.0,0.0,0.0,0.0,0.0,0.0,0.0,0.0,0.0,0.0,0.0,0.0,0.0,0.0,0.0,0.0,0.0,0.0,0.0,0.0,0.0,0.0,0.0,0.0,0.0,0.0,0.0,0.0,0.0,0.0,0.0,0.0,0.0,0.0,0.0,0.0,0.0,0.0,0.0,0.0
Mg34,0.0,0.0,0.0,0.0,0.0,0.0,0.0,0.0,0.0,0.0,0.0,0.0,0.0,0.0,0.0,0.0,0.0,0.0,0.0,0.0,0.0,0.0,0.0,0.0,0.0,0.0,0.0,0.0,0.0,0.0,0.0,0.0,0.0,0.0,0.0,0.0,0.0,0.0,0.0,0.0,0.0,0.0,0.0,0.0,0.0,0.0,0.0,0.0,0.0,0.0,0.0,0.0,0.0,0.0,0.0,0.0,0.0,0.0,0.0,0.0,0.0,0.0,0.0,0.0,0.0,0.0,0.0,0.0,0.0,0.0,0.0,0.0,0.0,0.0,0.0,0.0,0.0,0.0,0.0,0.0,0.0,0.0,0.0,0.0,0.0,0.0
Mg35,0.0,0.0,0.0,0.0,0.0,0.0,0.0,0.0,0.0,0.0,0.0,0.0,0.0,0.0,0.0,0.0,0.0,0.0,0.0,0.0,0.0,0.0,0.0,0.0,0.0,0.0,0.0,0.0,0.0,0.0,0.0,0.0,0.0,0.0,0.0,0.0,0.0,0.0,0.0,0.0,0.0,0.0,0.0,0.0,0.0,0.0,0.0,0.0,0.0,0.0,0.0,0.0,0.0,0.0,0.0,0.0,0.0,0.0,0.0,0.0,0.0,0.0,0.0,0.0,0.0,0.0,0.0,0.0,0.0,0.0,0.0,0.0,0.0,0.0,0.0,0.0,0.0,0.0,0.0,0.0,0.0,0.0,0.0,0.0,0.0,0.0
Mg36,0.0,0.0,0.0,0.0,0.0,0.0,0.0,0.0,0.0,0.0,0.0,0.0,0.0,0.0,0.0,0.0,0.0,0.0,0.0,0.0,0.0,0.0,0.0,0.0,0.0,0.0,0.0,0.0,0.0,0.0,0.0,0.0,0.0,0.0,0.0,0.0,0.0,0.0,0.0,0.0,0.0,0.0,0.0,0.0,0.0,0.0,0.0,0.0,0.0,0.0,0.0,0.0,0.0,0.0,0.0,0.0,0.0,0.0,0.0,0.0,0.0,0.0,0.0,0.0,0.0,0.0,0.0,0.0,0.0,0.0,0.0,0.0,0.0,0.0,0.0,0.0,0.0,0.0,0.0,0.0,0.0,0.0,0.0,0.0,0.0,0.0
Mg37,0.0,0.0,0.0,0.0,0.0,0.0,0.0,0.0,0.0,0.0,0.0,0.0,0.0,0.0,0.0,0.0,0.0,0.0,0.0,0.0,0.0,0.0,0.0,0.0,0.0,0.0,0.0,0.0,0.0,0.0,0.0,0.0,0.0,0.0,0.0,0.0,0.0,0.0,0.0,0.0,0.0,0.0,0.0,0.0,0.0,0.0,0.0,0.0,0.0,0.0,0.0,0.0,0.0,0.0,0.0,0.0,0.0,0.0,0.0,0.0,0.0,0.0,0.0,0.0,0.0,0.0,0.0,0.0,0.0,0.0,0.0,0.0,0.0,0.0,0.0,0.0,0.0,0.0,0.0,0.0,0.0,0.0,0.0,0.0,0.0,0.0
Mn61,0.0,0.0,0.0,0.0,0.0,0.0,0.0,0.0,0.0,0.0,0.0,0.0,0.0,0.0,0.0,0.0,0.0,0.0,0.0,0.0,0.0,0.0,0.0,0.0,0.0,0.0,0.0,0.0,0.0,0.0,0.0,0.0,0.0,0.0,0.0,0.0,0.0,0.0,0.0,0.0,0.0,0.0,0.0,0.0,0.0,0.0,0.0,0.0,0.0,0.0,0.0,0.0,0.0,0.0,0.0,0.0,0.0,0.0,0.0,0.0,0.0,0.0,0.0,0.0,0.0,0.0,0.0,0.0,0.0,0.0,0.0,0.0,0.0,0.0,0.0,0.0,0.0,0.0,0.0,0.0,0.0,0.0,0.0,0.0,0.0,0.0
Mn62,0.0,0.0,0.0,0.0,0.0,0.0,0.0,0.0,0.0,0.0,0.0,0.0,0.0,0.0,0.0,0.0,0.0,0.0,0.0,0.0,0.0,0.0,0.0,0.0,0.0,0.0,0.0,0.0,0.0,0.0,0.0,0.0,0.0,0.0,0.0,0.0,0.0,0.0,0.0,0.0,0.0,0.0,0.0,0.0,0.0,0.0,0.0,0.0,0.0,0.0,0.0,0.0,0.0,0.0,0.0,0.0,0.0,0.0,0.0,0.0,0.0,0.0,0.0,0.0,0.0,0.0,0.0,0.0,0.0,0.0,0.0,0.0,0.0,0.0,0.0,0.0,0.0,0.0,0.0,0.0,0.0,0.0,0.0,0.0,0.0,0.0
Mn62_m1,0.0,0.0,0.0,0.0,0.0,0.0,0.0,0.0,0.0,0.0,0.0,0.0,0.0,0.0,0.0,0.0,0.0,0.0,0.0,0.0,0.0,0.0,0.0,0.0,0.0,0.0,0.0,0.0,0.0,0.0,0.0,0.0,0.0,0.0,0.0,0.0,0.0,0.0,0.0,0.0,0.0,0.0,0.0,0.0,0.0,0.0,0.0,0.0,0.0,0.0,0.0,0.0,0.0,0.0,0.0,0.0,0.0,0.0,0.0,0.0,0.0,0.0,0.0,0.0,0.0,0.0,0.0,0.0,0.0,0.0,0.0,0.0,0.0,0.0,0.0,0.0,0.0,0.0,0.0,0.0,0.0,0.0,0.0,0.0,0.0,0.0
Mn63,0.0,0.0,0.0,0.0,0.0,0.0,0.0,0.0,0.0,0.0,0.0,0.0,0.0,0.0,0.0,0.0,0.0,0.0,0.0,0.0,0.0,0.0,0.0,0.0,0.0,0.0,0.0,0.0,0.0,0.0,0.0,0.0,0.0,0.0,0.0,0.0,0.0,0.0,0.0,0.0,0.0,0.0,0.0,0.0,0.0,0.0,0.0,0.0,0.0,0.0,0.0,0.0,0.0,0.0,0.0,0.0,0.0,0.0,0.0,0.0,0.0,0.0,0.0,0.0,0.0,0.0,0.0,0.0,0.0,0.0,0.0,0.0,0.0,0.0,0.0,0.0,0.0,0.0,0.0,0.0,0.0,0.0,0.0,0.0,0.0,0.0
Mn64,0.0,0.0,0.0,0.0,0.0,0.0,0.0,0.0,0.0,0.0,0.0,0.0,0.0,0.0,0.0,0.0,0.0,0.0,0.0,0.0,0.0,0.0,0.0,0.0,0.0,0.0,0.0,0.0,0.0,0.0,0.0,0.0,0.0,0.0,0.0,0.0,0.0,0.0,0.0,0.0,0.0,0.0,0.0,0.0,0.0,0.0,0.0,0.0,0.0,0.0,0.0,0.0,0.0,0.0,0.0,0.0,0.0,0.0,0.0,0.0,0.0,0.0,0.0,0.0,0.0,0.0,0.0,0.0,0.0,0.0,0.0,0.0,0.0,0.0,0.0,0.0,0.0,0.0,0.0,0.0,0.0,0.0,0.0,0.0,0.0,0.0
Mn65,0.0,0.0,0.0,0.0,0.0,0.0,0.0,0.0,0.0,0.0,0.0,0.0,0.0,0.0,0.0,0.0,0.0,0.0,0.0,0.0,0.0,0.0,0.0,0.0,0.0,0.0,0.0,0.0,0.0,0.0,0.0,0.0,0.0,0.0,0.0,0.0,0.0,0.0,0.0,0.0,0.0,0.0,0.0,0.0,0.0,0.0,0.0,0.0,0.0,0.0,0.0,0.0,0.0,0.0,0.0,0.0,0.0,0.0,0.0,0.0,0.0,0.0,0.0,0.0,0.0,0.0,0.0,0.0,0.0,0.0,0.0,0.0,0.0,0.0,0.0,0.0,0.0,0.0,0.0,0.0,0.0,0.0,0.0,0.0,0.0,0.0
Mn66,57.57250461763177,1.74789335502541e-22,5.303303966689482e-46,1.609081748737209e-69,4.882134025094248e-93,1.4812940770528662e-116,4.494411934276102e-140,1.3636548574576214e-163,4.137481382349694e-187,1.2553581352107154e-210,3.8088970124736845e-234,1.1556619616915776e-257,3.50640766953542e-281,1.0638833112565542e-304,0.0,0.0,0.0,0.0,0.0,0.0,0.0,0.0,0.0,0.0,0.0,0.0,0.0,0.0,0.0,0.0,0.0,0.0,0.0,0.0,0.0,0.0,0.0,0.0,0.0,0.0,0.0,0.0,0.0,0.0,0.0,0.0,0.0,0.0,0.0,0.0,0.0,0.0,0.0,0.0,0.0,0.0,0.0,0.0,0.0,0.0,0.0,0.0,0.0,0.0,0.0,0.0,0.0,0.0,0.0,0.0,0.0,0.0,0.0,0.0,0.0,0.0,0.0,0.0,0.0,0.0,0.0,0.0,0.0,0.0,0.0,0.0
Mn67,31.487022083724522,2.9762131901313856e-31,2.813211834548724e-63,2.6621783125838297e-95,2.7591086565347342e-127,2.1758942127039744e-158,1.5313129517439113e-188,1.2062427074910635e-218,9.51541170796851e-249,7.506334729790131e-279,5.92145399505384e-309,0.0,0.0,0.0,0.0,0.0,0.0,0.0,0.0,0.0,0.0,0.0,0.0,0.0,0.0,0.0,0.0,0.0,0.0,0.0,0.0,0.0,0.0,0.0,0.0,0.0,0.0,0.0,0.0,0.0,0.0,0.0,0.0,0.0,0.0,0.0,0.0,0.0,0.0,0.0,0.0,0.0,0.0,0.0,0.0,0.0,0.0,0.0,0.0,0.0,0.0,0.0,0.0,0.0,0.0,0.0,0.0,0.0,0.0,0.0,0.0,0.0,0.0,0.0,0.0,0.0,0.0,0.0,0.0,0.0,0.0,0.0,0.0,0.0,0.0,0.0
Mn68,2.322115185764558,3.7008539885587247e-47,5.898208809190319e-94,9.400226883946513e-141,1.4981542418773644e-187,2.3876722978763834e-234,3.8053351535434905e-281,0.0,0.0,0.0,0.0,0.0,0.0,0.0,0.0,0.0,0.0,0.0,0.0,0.0,0.0,0.0,0.0,0.0,0.0,0.0,0.0,0.0,0.0,0.0,0.0,0.0,0.0,0.0,0.0,0.0,0.0,0.0,0.0,0.0,0.0,0.0,0.0,0.0,0.0,0.0,0.0,0.0,0.0,0.0,0.0,0.0,0.0,0.0,0.0,0.0,0.0,0.0,0.0,0.0,0.0,0.0,0.0,0.0,0.0,0.0,0.0,0.0,0.0,0.0,0.0,0.0,0.0,0.0,0.0,0.0,0.0,0.0,0.0,0.0,0.0,0.0,0.0,0.0,0.0,0.0
Mn69,0.1399893372599121,-1.546812036356048e-49,1.709149798582989e-97,-1.8885248920596072e-145,2.0867253829283385e-193,-2.305726994685038e-241,2.547712802802706e-289,-0.0,0.0,0.0,0.0,0.0,0.0,0.0,0.0,0.0,0.0,0.0,0.0,0.0,0.0,0.0,0.0,0.0,0.0,0.0,0.0,0.0,0.0,0.0,0.0,0.0,0.0,0.0,0.0,0.0,0.0,0.0,0.0,0.0,0.0,0.0,0.0,0.0,0.0,0.0,0.0,0.0,0.0,0.0,0.0,0.0,0.0,0.0,0.0,0.0,0.0,0.0,0.0,0.0,0.0,0.0,0.0,0.0,0.0,0.0,0.0,0.0,0.0,0.0,0.0,0.0,0.0,0.0,0.0,0.0,0.0,0.0,0.0,0.0,0.0,0.0,0.0,0.0,0.0,0.0
Mo109,10470453442.204733,15317213.145146143,22144.923186741322,32.01610965355856,0.046287416249046906,6.69202137985055e-05,9.675016187428474e-08,1.398769264378732e-10,2.0222761565122017e-13,2.9237136941339456e-16,4.2269705538185143e-19,6.111159276196297e-22,8.835232520203518e-25,1.2773572109324696e-27,1.8467442034944805e-30,2.6699376837985846e-33,3.860072890375834e-36,5.5807155385797714e-39,8.068341403655033e-42,1.166483626622919e-44,1.6864482836124836e-47,2.4381892281964165e-50,3.5250216506841005e-53,5.096313893152291e-56,7.3680158226819885e-59,1.0652337807574268e-61,1.540065921375449e-64,2.2265563531937146e-67,3.219052590631739e-70,4.6539579231352e-73,6.728477942033954e-76,9.727723405358835e-79,1.4063894311075174e-81,2.0332930424823932e-84,2.939641400285273e-87,4.249998097530001e-90,6.144451437939256e-93,8.88336479377148e-96,1.2843159532836207e-98,1.8568048325734962e-101,2.684482877794571e-104,3.8811016617100355e-107,5.611117967309716e-110,8.112295834372337e-113,1.1728383557034269e-115,1.695635658133695e-118,2.4514719109864527e-121,3.544225141484803e-124,5.124077415383606e-127,7.408155043966724e-130,1.0710369244361056e-132,1.548455839136058e-135,2.2386861097407423e-138,3.236589233789426e-141,4.679311593841434e-144,6.76513311101356e-147,9.780717759844677e-150,1.4140511107165587e-152,2.0443699458622246e-155,2.9556558768422552e-158,4.273151089896181e-161,6.177924967567343e-164,8.931759280671551e-167,1.2913126052302242e-169,1.8669202695989992e-172,2.699107310594398e-175,3.902244992856036e-178,5.641686021337402e-181,8.156489718514206e-184,1.1792277038568158e-186,1.7048730833154625e-189,2.4648269547155203e-192,3.563533248397251e-195,5.151992186769271e-198,7.448512934310268e-201,1.076871682279826e-203,1.5568914631999172e-206,2.2508819463551662e-209,3.2542214124640286e-212,4.704803385396382e-215,6.801987968752548e-218,9.834000815138506e-221,1.4217545293582822e-223,2.0555071936124513e-226,2.971757596509691e-229,4.296430214331877e-232
Mo110,1456698718.6723254,14060.35918142278,0.1351543664505244,1.2991625312125239e-06,1.2488115084147544e-11,1.2004119162008057e-16,1.1538881239059744e-21,1.109167432047151e-26,1.066179958720435e-31,1.0248585304015543e-36,9.851385769784892e-42,9.469580308522647e-47,9.102572299482493e-52,8.749788244863887e-57,8.410676873647105e-62,8.084708280160533e-67,7.771373096033976e-72,7.470181694244317e-77,7.180663424009539e-82,6.902365875335564e-87,6.634854172066754e-92,6.377710292335311e-97,6.130532415347636e-102,5.892934293487065e-107,5.664544648751639e-112,5.445006592583895e-117,5.233977068186049e-122,5.031126314449061e-127,4.8361373506579524e-132,4.648705481168205e-137,4.468537819279109e-142,4.295352829560158e-147,4.1288798879153124e-152,3.968858858697583e-157,3.815039688213223e-162,3.667182013980272e-167,3.5250547891308796e-172,3.388435921370495e-177,3.2571119259297366e-182,3.1308775919666397e-187,3.0095356618980033e-192,2.892896523158722e-197,2.78077791190748e-202,2.673004628215752e-207,2.5694082622951136e-212,2.4698269313350108e-217,2.374105026539797e-222,2.282092969969726e-227,2.193646980805949e-232,2.10862885067425e-237,2.026905727676489e-242,1.9483499087921917e-247,1.8728386403259598e-252,1.800253926088848e-257,1.73048234301394e-262,1.6634148639180526e-267,1.5989466871325475e-272,1.5369770727371011e-277,1.477409185140441e-282,1.4201499417621433e-287,1.3651098675789692e-292,1.3122029553084943e-297,1.2613465310115315e-302,1.2124611249033422e-307,1.16547034717e-312,1.120301e-317,1.1e-322,0.0,0.0,0.0,0.0,0.0,0.0,0.0,0.0,0.0,0.0,0.0,0.0,0.0,0.0,0.0,0.0,0.0,0.0,0.0
Mo111,56764326.75877149,1.691736485688921,5.041767614152819e-08,1.5025638384082461e-15,4.477989192033572e-23,1.3345447754960053e-30,3.9772533640146637e-38,1.1853138697191147e-45,3.5325106075975987e-53,1.0527701996557775e-60,3.1374996890300006e-68,9.35047772237665e-76,2.786659515612334e-83,8.304892526901814e-91,2.475050844818907e-98,7.376226320323115e-106,2.1982867480287423e-113,6.551405036535126e-121,1.9524708499119162e-128,5.818816572165276e-136,1.7341424739853466e-143,5.168147307590713e-151,1.5402279220791895e-158,4.590236908433434e-166,1.3679972018103194e-173,4.076949363381647e-181,1.215025592858097e-188,3.6210584427657846e-196,1.0791595109599249e-203,3.216145965337551e-211,9.584861890487585e-219,2.8565114410184747e-226,8.513067486937317e-234,2.5370918175391453e-241,7.561122827348597e-249,2.2533902011360644e-256,6.715626123953094e-264,2.0014125478127977e-271,5.964674198069596e-279,1.7776114338843914e-286,5.297694903267624e-294,1.5788361141883296e-301,4.7052982872377e-309,1.40228814e-316,5e-324,0.0,0.0,0.0,0.0,0.0,0.0,0.0,0.0,0.0,0.0,0.0,0.0,0.0,0.0,0.0,0.0,0.0,0.0,0.0,0.0,0.0,0.0,0.0,0.0,0.0,0.0,0.0,0.0,0.0,0.0,0.0,0.0,0.0,0.0,0.0,0.0,0.0,0.0,0.0,0.0,0.0
Mo112,3448063.104980669,19.640773234140003,0.00011187513435452609,6.372481132813857e-10,3.629807107930029e-15,2.0675619693771522e-20,1.1776968775766519e-25,6.70823876621998e-31,3.821056861186054e-36,2.176499084966861e-41,1.2397481741193405e-46,7.061687026878023e-52,4.022383311917429e-57,2.291175953622633e-62,1.3050688717073567e-67,7.433758010625666e-73,4.2343173880353363e-78,2.411894995369826e-83,1.3738312307734509e-88,7.825432924201965e-94,4.457417991342953e-99,2.53897456434642e-104,1.446216587925581e-109,8.23774467283611e-115,4.69227347144296e-120,2.672749788350403e-125,1.522415834158604e-130,8.671780584172576e-136,4.939503177303282e-141,2.813573452621813e-146,1.602629918262359e-151,9.128685275716703e-157,5.199759090572827e-162,2.9618169301900987e-167,1.6870703767536052e-172,9.609663673361731e-178,5.473727544954399e-183,3.1178711612402447e-188,1.7759598917294242e-193,1.0115984188958472e-198,5.762131036169178e-204,3.2821476840804124e-209,1.869532878113139e-214,1.0648982065306614e-219,6.06573012728581e-225,3.4550797204299056e-230,1.9680361018414842e-235,1.1210062897389517e-240,6.385325454438779e-246,3.637123317889543e-251,2.071729330623216e-256,1.1800706339137835e-261,6.72175983822543e-267,3.828758552607232e-272,2.1808860189853454e-277,1.2422470005498053e-282,7.07592050634975e-288,4.0304907953105186e-293,2.29579402941357e-298,1.3076993580095568e-303,7.44874143337426e-309,4.242852044e-314,2.41677e-319,0.0,0.0,0.0,0.0,0.0,0.0,0.0,0.0,0.0,0.0,0.0,0.0,0.0,0.0,0.0,0.0,0.0,0.0,0.0,0.0,0.0,0.0,0.0
Mo113,13876.90361263152,1.2325172769494236e-11,1.0946952472940517e-26,9.722846947948776e-42,8.635622837215419e-57,7.669973844684378e-72,6.812305248513132e-87,6.050542510139314e-102,5.3739612849840166e-117,4.773036441626807e-132,4.239307963895245e-147,3.765261847994673e-162,3.3442243179091134e-177,2.9702678698032736e-192,2.638127822687953e-207,2.343128200521944e-222,2.0811159022943954e-237,1.8484022333126536e-252,1.6417109745538327e-267,1.4581322589835894e-282,1.2950816054978307e-297,1.150263533754e-312,0.0,0.0,0.0,0.0,0.0,0.0,0.0,0.0,0.0,0.0,0.0,0.0,0.0,0.0,0.0,0.0,0.0,0.0,0.0,0.0,0.0,0.0,0.0,0.0,0.0,0.0,0.0,0.0,0.0,0.0,0.0,0.0,0.0,0.0,0.0,0.0,0.0,0.0,0.0,0.0,0.0,0.0,0.0,0.0,0.0,0.0,0.0,0.0,0.0,0.0,0.0,0.0,0.0,0.0,0.0,0.0,0.0,0.0,0.0,0.0,0.0,0.0,0.0,0.0
Mo114,438.32278421879386,6.720774394250065e-17,1.0304919133717851e-35,1.5800464667184192e-54,2.4226748454731887e-73,3.714671391328465e-92,5.695681189466027e-111,8.733150471335612e-130,1.3390482124604245e-148,2.0531538087872157e-167,3.1480872184518403e-186,4.826941407197303e-205,7.401117482372023e-224,1.1348084711821292e-242,1.7399943580600891e-261,2.6679218942797587e-280,4.0907070767246066e-299,6.27225e-318,0.0,0.0,0.0,0.0,0.0,0.0,0.0,0.0,0.0,0.0,0.0,0.0,0.0,0.0,0.0,0.0,0.0,0.0,0.0,0.0,0.0,0.0,0.0,0.0,0.0,0.0,0.0,0.0,0.0,0.0,0.0,0.0,0.0,0.0,0.0,0.0,0.0,0.0,0.0,0.0,0.0,0.0,0.0,0.0,0.0,0.0,0.0,0.0,0.0,0.0,0.0,0.0,0.0,0.0,0.0,0.0,0.0,0.0,0.0,0.0,0.0,0.0,0.0,0.0,0.0,0.0,0.0,0.0
Mo115,0.2713674758024836,1.1836735514859385e-17,5.163047164528749e-34,2.252061473341533e-50,9.823231742978217e-67,4.284780101187805e-83,1.8689715356311783e-99,8.152237731012714e-116,3.5559118347141184e-132,1.5510476256301684e-148,6.765490396829246e-165,2.951028682371521e-181,1.2872045887849913e-197,5.614637578031317e-214,2.4490399900141283e-230,1.0682429256264537e-246,4.6595521216637266e-263,2.032442757509361e-279,8.865280298822617e-296,3.86693275795e-312,0.0,0.0,0.0,0.0,0.0,0.0,0.0,0.0,0.0,0.0,0.0,0.0,0.0,0.0,0.0,0.0,0.0,0.0,0.0,0.0,0.0,0.0,0.0,0.0,0.0,0.0,0.0,0.0,0.0,0.0,0.0,0.0,0.0,0.0,0.0,0.0,0.0,0.0,0.0,0.0,0.0,0.0,0.0,0.0,0.0,0.0,0.0,0.0,0.0,0.0,0.0,0.0,0.0,0.0,0.0,0.0,0.0,0.0,0.0,0.0,0.0,0.0,0.0,0.0,0.0,0.0
N17,0.0,0.0,0.0,0.0,0.0,0.0,0.0,0.0,0.0,0.0,0.0,0.0,0.0,0.0,0.0,0.0,0.0,0.0,0.0,0.0,0.0,0.0,0.0,0.0,0.0,0.0,0.0,0.0,0.0,0.0,0.0,0.0,0.0,0.0,0.0,0.0,0.0,0.0,0.0,0.0,0.0,0.0,0.0,0.0,0.0,0.0,0.0,0.0,0.0,0.0,0.0,0.0,0.0,0.0,0.0,0.0,0.0,0.0,0.0,0.0,0.0,0.0,0.0,0.0,0.0,0.0,0.0,0.0,0.0,0.0,0.0,0.0,0.0,0.0,0.0,0.0,0.0,0.0,0.0,0.0,0.0,0.0,0.0,0.0,0.0,0.0
N18,0.0,0.0,0.0,0.0,0.0,0.0,0.0,0.0,0.0,0.0,0.0,0.0,0.0,0.0,0.0,0.0,0.0,0.0,0.0,0.0,0.0,0.0,0.0,0.0,0.0,0.0,0.0,0.0,0.0,0.0,0.0,0.0,0.0,0.0,0.0,0.0,0.0,0.0,0.0,0.0,0.0,0.0,0.0,0.0,0.0,0.0,0.0,0.0,0.0,0.0,0.0,0.0,0.0,0.0,0.0,0.0,0.0,0.0,0.0,0.0,0.0,0.0,0.0,0.0,0.0,0.0,0.0,0.0,0.0,0.0,0.0,0.0,0.0,0.0,0.0,0.0,0.0,0.0,0.0,0.0,0.0,0.0,0.0,0.0,0.0,0.0
N19,0.0,0.0,0.0,0.0,0.0,0.0,0.0,0.0,0.0,0.0,0.0,0.0,0.0,0.0,0.0,0.0,0.0,0.0,0.0,0.0,0.0,0.0,0.0,0.0,0.0,0.0,0.0,0.0,0.0,0.0,0.0,0.0,0.0,0.0,0.0,0.0,0.0,0.0,0.0,0.0,0.0,0.0,0.0,0.0,0.0,0.0,0.0,0.0,0.0,0.0,0.0,0.0,0.0,0.0,0.0,0.0,0.0,0.0,0.0,0.0,0.0,0.0,0.0,0.0,0.0,0.0,0.0,0.0,0.0,0.0,0.0,0.0,0.0,0.0,0.0,0.0,0.0,0.0,0.0,0.0,0.0,0.0,0.0,0.0,0.0,0.0
N20,0.0,0.0,0.0,0.0,0.0,0.0,0.0,0.0,0.0,0.0,0.0,0.0,0.0,0.0,0.0,0.0,0.0,0.0,0.0,0.0,0.0,0.0,0.0,0.0,0.0,0.0,0.0,0.0,0.0,0.0,0.0,0.0,0.0,0.0,0.0,0.0,0.0,0.0,0.0,0.0,0.0,0.0,0.0,0.0,0.0,0.0,0.0,0.0,0.0,0.0,0.0,0.0,0.0,0.0,0.0,0.0,0.0,0.0,0.0,0.0,0.0,0.0,0.0,0.0,0.0,0.0,0.0,0.0,0.0,0.0,0.0,0.0,0.0,0.0,0.0,0.0,0.0,0.0,0.0,0.0,0.0,0.0,0.0,0.0,0.0,0.0
N21,0.0,0.0,0.0,0.0,0.0,0.0,0.0,0.0,0.0,0.0,0.0,0.0,0.0,0.0,0.0,0.0,0.0,0.0,0.0,0.0,0.0,0.0,0.0,0.0,0.0,0.0,0.0,0.0,0.0,0.0,0.0,0.0,0.0,0.0,0.0,0.0,0.0,0.0,0.0,0.0,0.0,0.0,0.0,0.0,0.0,0.0,0.0,0.0,0.0,0.0,0.0,0.0,0.0,0.0,0.0,0.0,0.0,0.0,0.0,0.0,0.0,0.0,0.0,0.0,0.0,0.0,0.0,0.0,0.0,0.0,0.0,0.0,0.0,0.0,0.0,0.0,0.0,0.0,0.0,0.0,0.0,0.0,0.0,0.0,0.0,0.0
N22,0.0,0.0,0.0,0.0,0.0,0.0,0.0,0.0,0.0,0.0,0.0,0.0,0.0,0.0,0.0,0.0,0.0,0.0,0.0,0.0,0.0,0.0,0.0,0.0,0.0,0.0,0.0,0.0,0.0,0.0,0.0,0.0,0.0,0.0,0.0,0.0,0.0,0.0,0.0,0.0,0.0,0.0,0.0,0.0,0.0,0.0,0.0,0.0,0.0,0.0,0.0,0.0,0.0,0.0,0.0,0.0,0.0,0.0,0.0,0.0,0.0,0.0,0.0,0.0,0.0,0.0,0.0,0.0,0.0,0.0,0.0,0.0,0.0,0.0,0.0,0.0,0.0,0.0,0.0,0.0,0.0,0.0,0.0,0.0,0.0,0.0
N23,0.0,0.0,0.0,0.0,0.0,0.0,0.0,0.0,0.0,0.0,0.0,0.0,0.0,0.0,0.0,0.0,0.0,0.0,0.0,0.0,0.0,0.0,0.0,0.0,0.0,0.0,0.0,0.0,0.0,0.0,0.0,0.0,0.0,0.0,0.0,0.0,0.0,0.0,0.0,0.0,0.0,0.0,0.0,0.0,0.0,0.0,0.0,0.0,0.0,0.0,0.0,0.0,0.0,0.0,0.0,0.0,0.0,0.0,0.0,0.0,0.0,0.0,0.0,0.0,0.0,0.0,0.0,0.0,0.0,0.0,0.0,0.0,0.0,0.0,0.0,0.0,0.0,0.0,0.0,0.0,0.0,0.0,0.0,0.0,0.0,0.0
Na27,0.0,0.0,0.0,0.0,0.0,0.0,0.0,0.0,0.0,0.0,0.0,0.0,0.0,0.0,0.0,0.0,0.0,0.0,0.0,0.0,0.0,0.0,0.0,0.0,0.0,0.0,0.0,0.0,0.0,0.0,0.0,0.0,0.0,0.0,0.0,0.0,0.0,0.0,0.0,0.0,0.0,0.0,0.0,0.0,0.0,0.0,0.0,0.0,0.0,0.0,0.0,0.0,0.0,0.0,0.0,0.0,0.0,0.0,0.0,0.0,0.0,0.0,0.0,0.0,0.0,0.0,0.0,0.0,0.0,0.0,0.0,0.0,0.0,0.0,0.0,0.0,0.0,0.0,0.0,0.0,0.0,0.0,0.0,0.0,0.0,0.0
Na28,0.0,0.0,0.0,0.0,0.0,0.0,0.0,0.0,0.0,0.0,0.0,0.0,0.0,0.0,0.0,0.0,0.0,0.0,0.0,0.0,0.0,0.0,0.0,0.0,0.0,0.0,0.0,0.0,0.0,0.0,0.0,0.0,0.0,0.0,0.0,0.0,0.0,0.0,0.0,0.0,0.0,0.0,0.0,0.0,0.0,0.0,0.0,0.0,0.0,0.0,0.0,0.0,0.0,0.0,0.0,0.0,0.0,0.0,0.0,0.0,0.0,0.0,0.0,0.0,0.0,0.0,0.0,0.0,0.0,0.0,0.0,0.0,0.0,0.0,0.0,0.0,0.0,0.0,0.0,0.0,0.0,0.0,0.0,0.0,0.0,0.0
Na29,0.0,0.0,0.0,0.0,0.0,0.0,0.0,0.0,0.0,0.0,0.0,0.0,0.0,0.0,0.0,0.0,0.0,0.0,0.0,0.0,0.0,0.0,0.0,0.0,0.0,0.0,0.0,0.0,0.0,0.0,0.0,0.0,0.0,0.0,0.0,0.0,0.0,0.0,0.0,0.0,0.0,0.0,0.0,0.0,0.0,0.0,0.0,0.0,0.0,0.0,0.0,0.0,0.0,0.0,0.0,0.0,0.0,0.0,0.0,0.0,0.0,0.0,0.0,0.0,0.0,0.0,0.0,0.0,0.0,0.0,0.0,0.0,0.0,0.0,0.0,0.0,0.0,0.0,0.0,0.0,0.0,0.0,0.0,0.0,0.0,0.0
Na30,0.0,0.0,0.0,0.0,0.0,0.0,0.0,0.0,0.0,0.0,0.0,0.0,0.0,0.0,0.0,0.0,0.0,0.0,0.0,0.0,0.0,0.0,0.0,0.0,0.0,0.0,0.0,0.0,0.0,0.0,0.0,0.0,0.0,0.0,0.0,0.0,0.0,0.0,0.0,0.0,0.0,0.0,0.0,0.0,0.0,0.0,0.0,0.0,0.0,0.0,0.0,0.0,0.0,0.0,0.0,0.0,0.0,0.0,0.0,0.0,0.0,0.0,0.0,0.0,0.0,0.0,0.0,0.0,0.0,0.0,0.0,0.0,0.0,0.0,0.0,0.0,0.0,0.0,0.0,0.0,0.0,0.0,0.0,0.0,0.0,0.0
Na31,0.0,0.0,0.0,0.0,0.0,0.0,0.0,0.0,0.0,0.0,0.0,0.0,0.0,0.0,0.0,0.0,0.0,0.0,0.0,0.0,0.0,0.0,0.0,0.0,0.0,0.0,0.0,0.0,0.0,0.0,0.0,0.0,0.0,0.0,0.0,0.0,0.0,0.0,0.0,0.0,0.0,0.0,0.0,0.0,0.0,0.0,0.0,0.0,0.0,0.0,0.0,0.0,0.0,0.0,0.0,0.0,0.0,0.0,0.0,0.0,0.0,0.0,0.0,0.0,0.0,0.0,0.0,0.0,0.0,0.0,0.0,0.0,0.0,0.0,0.0,0.0,0.0,0.0,0.0,0.0,0.0,0.0,0.0,0.0,0.0,0.0
Na32,0.0,0.0,0.0,0.0,0.0,0.0,0.0,0.0,0.0,0.0,0.0,0.0,0.0,0.0,0.0,0.0,0.0,0.0,0.0,0.0,0.0,0.0,0.0,0.0,0.0,0.0,0.0,0.0,0.0,0.0,0.0,0.0,0.0,0.0,0.0,0.0,0.0,0.0,0.0,0.0,0.0,0.0,0.0,0.0,0.0,0.0,0.0,0.0,0.0,0.0,0.0,0.0,0.0,0.0,0.0,0.0,0.0,0.0,0.0,0.0,0.0,0.0,0.0,0.0,0.0,0.0,0.0,0.0,0.0,0.0,0.0,0.0,0.0,0.0,0.0,0.0,0.0,0.0,0.0,0.0,0.0,0.0,0.0,0.0,0.0,0.0
Na33,0.0,0.0,0.0,0.0,0.0,0.0,0.0,0.0,0.0,0.0,0.0,0.0,0.0,0.0,0.0,0.0,0.0,0.0,0.0,0.0,0.0,0.0,0.0,0.0,0.0,0.0,0.0,0.0,0.0,0.0,0.0,0.0,0.0,0.0,0.0,0.0,0.0,0.0,0.0,0.0,0.0,0.0,0.0,0.0,0.0,0.0,0.0,0.0,0.0,0.0,0.0,0.0,0.0,0.0,0.0,0.0,0.0,0.0,0.0,0.0,0.0,0.0,0.0,0.0,0.0,0.0,0.0,0.0,0.0,0.0,0.0,0.0,0.0,0.0,0.0,0.0,0.0,0.0,0.0,0.0,0.0,0.0,0.0,0.0,0.0,0.0
Na34,0.0,0.0,0.0,0.0,0.0,0.0,0.0,0.0,0.0,0.0,0.0,0.0,0.0,0.0,0.0,0.0,0.0,0.0,0.0,0.0,0.0,0.0,0.0,0.0,0.0,0.0,0.0,0.0,0.0,0.0,0.0,0.0,0.0,0.0,0.0,0.0,0.0,0.0,0.0,0.0,0.0,0.0,0.0,0.0,0.0,0.0,0.0,0.0,0.0,0.0,0.0,0.0,0.0,0.0,0.0,0.0,0.0,0.0,0.0,0.0,0.0,0.0,0.0,0.0,0.0,0.0,0.0,0.0,0.0,0.0,0.0,0.0,0.0,0.0,0.0,0.0,0.0,0.0,0.0,0.0,0.0,0.0,0.0,0.0,0.0,0.0
Na35,0.0,0.0,0.0,0.0,0.0,0.0,0.0,0.0,0.0,0.0,0.0,0.0,0.0,0.0,0.0,0.0,0.0,0.0,0.0,0.0,0.0,0.0,0.0,0.0,0.0,0.0,0.0,0.0,0.0,0.0,0.0,0.0,0.0,0.0,0.0,0.0,0.0,0.0,0.0,0.0,0.0,0.0,0.0,0.0,0.0,0.0,0.0,0.0,0.0,0.0,0.0,0.0,0.0,0.0,0.0,0.0,0.0,0.0,0.0,0.0,0.0,0.0,0.0,0.0,0.0,0.0,0.0,0.0,0.0,0.0,0.0,0.0,0.0,0.0,0.0,0.0,0.0,0.0,0.0,0.0,0.0,0.0,0.0,0.0,0.0,0.0
Nb103,3570787010327.6113,535078950291.39685,65660167269.19118,7388595647.866792,793833076.5924996,82985242.77383853,8527097.312735394,866432.2825148314,87382.02479543422,8768.205355878996,876.7867578278546,87.46599914332323,8.71094465340892,0.866544955252082,0.0861327551781805,0.008556619144386938,0.0008497006521344317,8.43549752370219e-05,8.372827862888888e-06,8.309507858909226e-07,8.245891119694663e-08,8.182222295969574e-09,8.118670286659559e-10,8.055351327598531e-11,7.992345045771073e-12,7.929705622267267e-13,7.867469554169102e-14,7.805661051565855e-15,7.744295790199114e-16,7.683383520725164e-17,7.622929882947058e-18,7.562937667237282e-19,7.503407691574783e-20,7.444339411306902e-21,7.385731343066795e-22,7.327581359467912e-23,7.269886893945962e-24,7.212645083124243e-25,7.155852865737336e-26,7.099507051349111e-27,7.043604368068177e-28,6.98814149566011e-29,6.933115088506173e-30,6.878521791502401e-31,6.824358251050498e-32,6.770621122636316e-33,6.717307076036156e-34,6.664412798874125e-35,6.61193499903329e-36,6.559870406270527e-37,6.508215773278003e-38,6.456967876360427e-39,6.406123515845623e-40,6.355679516310128e-41,6.305632726676651e-42,6.255980020222895e-43,6.206718294529206e-44,6.157844471384182e-45,6.109355496661445e-46,6.061248340176844e-47,6.013519995532592e-48,5.9661674799525485e-49,5.919187834112027e-50,5.872578121964053e-51,5.826335430563706e-52,5.7804568698915e-53,5.734939572676559e-54,5.6897806942200126e-55,5.644977412219075e-56,5.600526926591907e-57,5.556426459303499e-58,5.5126732541926905e-59,5.469264576800323e-60,5.4261977141986324e-61,5.3834699748219275e-62,5.341078688298513e-63,5.299021205283887e-64,5.257294897295239e-65,5.215897156547223e-66,5.1748253957890156e-67,5.134077048142643e-68,5.093649566942568e-69,5.0535404255765534e-70,5.013747117327746e-71,4.974267155218016e-72,4.935098071852564e-73
Nb104,2249426618225.6753,1181127987530.0137,586288494322.0149,289250479098.0462,142606255600.90082,70302278148.58505,34657435032.341774,17085315679.619167,8422665410.574924,4152179160.967943,2046928248.9320333,1009088262.6136106,497457164.0492583,245234871.152375,120895116.95755349,59598495.25273602,29380679.102510773,14483994.954303568,7140274.365488149,3519990.042477799,1735273.6414486184,855449.7525188215,421716.93363221164,207896.69011943764,102488.25768118545,50524.33954812153,24907.330308167588,12278.737508073535,6053.133472226549,2984.0547375898827,1471.069937213398,725.2034397736464,357.5085152346753,176.24342557613275,86.88393069021114,42.83176741205882,21.115070244484194,10.40924104626088,5.131514975067005,2.52971814393671,1.2470925094940466,0.6147877505499164,0.3030761353699162,0.14940952182049988,0.07365543705176283,0.0363104261440842,0.01790019989750968,0.008824384354492317,0.0043502172982237,0.002144556467798311,0.0010572167154623527,0.0005211833776522038,0.00025693134545471774,0.00012666120814241278,6.244104478456133e-05,3.0781990247589015e-05,1.5174808923712051e-05,7.480829667575091e-06,3.687875926254628e-06,1.8180374974179847e-06,8.96250418428432e-07,4.418307178339022e-07,2.1781232031548535e-07,1.0737643392882098e-07,5.293409733007996e-08,2.6095285134984227e-08,1.2864371749457784e-08,6.341837602164506e-09,3.126379193288075e-09,1.5412326006090995e-09,7.597920093250227e-10,3.7455987967423635e-10,1.8464935369116688e-10,9.10278587450936e-11,4.487462805624267e-11,2.212215327205709e-11,1.0905709675833306e-11,5.376262521596056e-12,2.6503730211312277e-12,1.3065725721025449e-12,6.441100450992459e-13,3.175313480904689e-13,1.5653560721074465e-13,7.716843225776618e-14,3.804225149300533e-14,1.8753949721602925e-14
Nb104_m1,333874954134.01373,8362968484.689218,209477353.75152507,5247031.818316399,131428.73159970046,3292.053886467303,82.4600424845702,2.065476095184403,0.051736469825085195,0.001295905731469133,3.2460113156778995e-05,8.130675870662228e-07,2.036588406037734e-08,5.101288504899523e-10,1.2777812312527653e-11,3.2006126949567447e-13,8.016960472235851e-15,2.008104739279012e-16,5.029942030873216e-18,1.2599102197741323e-19,3.1558490180367522e-21,7.904835494094953e-23,1.9800194442627698e-24,4.9595934065766617e-26,1.2422891517470533e-27,3.1117114046122123e-29,7.794278692667241e-31,1.952326949373296e-32,4.890228676112299e-34,1.2249145314696204e-35,3.0681910985771315e-37,7.685268135478413e-39,1.9250217609193373e-40,4.821834078769336e-42,1.2077829121307034e-43,3.0252794662881315e-45,7.577782196801077e-47,1.8980984620442445e-48,4.7543960462938885e-50,1.1908908951261799e-51,2.9829679948517476e-53,7.471799553364669e-55,1.8715517116513712e-56,4.68790120019729e-58,1.1742351293847077e-59,2.9412482904355857e-61,7.367299180125274e-63,1.8453762433445e-64,4.622336349102025e-66,1.1578123107029266e-67,2.9001120766031546e-69,7.264260346094626e-71,1.8195668643830713e-72,4.557688486124794e-74,1.141619181089973e-75,2.85955119267196e-77,7.162662610227455e-79,1.7941184546520462e-80,4.49394478629621e-82,1.1256525281211517e-83,2.819557592094593e-85,7.062485817366396e-87,1.7690259656461777e-88,4.431092604016535e-90,1.109909184300642e-91,2.7801233408624103e-93,6.963710094243515e-95,1.7442844194684596e-96,4.369119470547027e-98,1.0943860264331334e-99,2.7412406159315906e-101,6.866315845537826e-103,1.7198889078426083e-104,4.3080130915363496e-106,1.0790799750042318e-107,2.702901703671179e-109,6.770283749987955e-111,1.6958345911393602e-112,4.247761344581631e-114,1.0639879935695435e-115,2.665098998332834e-117,6.67559475655909e-119,1.6721166974163498e-120,4.1883522768235495e-122,1.0491070881522963e-123,2.6278250005419924e-125
Nb105,934484641263.2592,321836307919.2195,99509413549.56416,30736070548.959415,9493537232.631542,2932295452.1785884,905706313.5969852,279748047.1728925,86406563.27793005,26688637.3397583,8243394.205623631,2546160.2690399745,786439.6574914586,242909.82087646902,75028.23708871662,23174.181843818482,7157.874487912385,2210.8727518410124,682.8784624663964,210.92258435595534,65.14824970568515,20.122522453790847,6.215299900343777,1.919737097569294,0.5929545770719665,0.18314754187736024,0.05656929450035822,0.017472716518418287,0.005396846915442334,0.0016669392305436461,0.0005148721914595384,0.00015903001662027688,4.9120046888826735e-05,1.5171846533360062e-05,4.686170755349781e-06,1.4474306934234495e-06,4.470719744628494e-07,1.3808837359761381e-07,4.265174292292553e-08,1.3173963361059987e-08,4.069078981184267e-09,1.2568278278393016e-09,3.8819993323686384e-10,1.199044012449841e-10,3.703520842479345e-11,1.1439168611212846e-11,3.5332480653235812e-12,1.0913242312798842e-12,3.370803735710973e-13,1.041149595969069e-13,3.215827933565282e-14,9.932817856662725e-15,3.067977286466809e-15,9.476147419699795e-16,2.9269242088586963e-16,9.040472826112388e-17,2.792356176231353e-17,8.624828772689738e-18,2.6639750326769785e-18,8.228294336924106e-19,2.541496330279868e-19,7.849990936567073e-20,2.4246486988788727e-20,7.489080382997179e-21,2.3131732448056002e-21,7.144763024085818e-22,2.206822977266191e-22,6.816275972446476e-23,2.1053622610957114e-23,6.502891415141933e-24,2.0085662946726577e-24,6.203915001104165e-25,1.9162206118368564e-25,5.918684302694182e-26,1.8281206067071036e-26,5.6465673479929734e-27,1.7440710803457787e-27,5.3869612205717635e-28,1.6638858082659482e-28,5.139290723639147e-29,1.587387127822763e-29,4.903007105605275e-30,1.514405544574877e-30,4.677586844239352e-31,1.4447793567437811e-31,4.462530486726678e-32
Nb106,18227639262.06371,438842279.4081351,10564954.410987312,254347.10010311083,6123.305867136427,147.41616762018188,3.5489859476812913,0.08544043343530068,0.002056944652142537,4.9520129192482416e-05,1.1921775302441238e-06,2.8701202658306908e-08,6.909701056557585e-10,1.663483208679223e-11,4.004770051421487e-13,9.641325551759857e-15,2.321111005163034e-16,5.587982969111074e-18,1.3452848051479628e-19,3.238719976360077e-21,7.797090285369076e-23,1.8771186568133786e-24,4.5190889457426225e-26,1.0879527953870591e-27,2.619203337667455e-29,6.305628473161537e-31,1.518055122705931e-32,3.654657684610277e-34,8.798443871967555e-36,2.1181905734741458e-37,5.099460053214372e-39,1.2276748447462835e-40,2.955578646944744e-42,7.11543873009879e-44,1.7130137401055757e-45,4.124012847412645e-47,9.928397868295176e-49,2.390222530296232e-50,5.754366233226651e-52,1.3853409181108867e-53,3.335153484515314e-55,8.029250143309721e-57,1.933010224661615e-58,4.6536456854065853e-60,1.1203467984290866e-61,2.697190619144956e-63,6.493379769732095e-65,1.563255504994028e-66,3.7634758177634815e-68,9.060419224907584e-70,2.181260103854189e-71,5.251297453859828e-73,1.264229098592549e-74,3.043581567738767e-76,7.327302282309423e-78,1.764019052600105e-79,4.246806120513166e-81,1.0224017818086813e-82,2.4613918643388794e-84,5.9257035909267626e-86,1.4265897095159942e-87,3.434458318862074e-89,8.268322605525329e-91,1.9905659746568797e-92,4.7922088777883976e-94,1.1537053391215775e-95,2.777499986878512e-97,6.6867213971497244e-99,1.6098017373296087e-100,3.875534031691619e-102,9.330194944201742e-104,2.246207541591641e-105,5.4076558422165264e-107,1.3018717623544882e-108,3.134204792369472e-110,7.545474112401079e-112,1.8165430580518134e-113,4.373255586859578e-115,1.052843990855349e-116,2.5346802789457235e-118,6.1021425512975704e-120,1.4690666915925372e-121,3.5367199736881376e-123,8.514513496133347e-125,2.0498354581416348e-126,4.934897815785811e-128
Nb107,864441191.3328189,8309.935419868507,0.07987871219963524,7.678289103608367e-07,7.380705313731876e-12,7.094654836915395e-17,6.819690682043612e-22,6.555383181822737e-27,6.30131932136941e-32,6.0571020928212096e-37,5.82234987496014e-42,5.596695836879786e-47,5.3797873647642936e-52,5.171285510883343e-57,4.970864463942185e-62,4.778211039959075e-67,4.593024192874543e-72,4.415014544127697e-77,4.243903930464565e-82,4.07942496927178e-87,3.921320640756434e-92,3.769343886319192e-97,3.623257222493067e-102,3.4828323698445524e-107,3.347849896257327e-112,3.218098874040971e-117,3.0933765503289917e-122,2.9734880302510743e-127,2.858245972384475e-132,2.747470296008641e-137,2.640987899705652e-142,2.5386323908667045e-147,2.440243825682004e-152,2.345668459207729e-157,2.25475850511955e-162,2.167371904777242e-167,2.0833721052395617e-172,2.0026278458825123e-177,1.9250129532875105e-182,1.8504061440790058e-187,1.778690835403405e-192,1.7097549627531848e-197,1.6434908048515063e-202,1.5797948153237037e-207,1.5185674608925792e-212,1.4597130658447047e-217,1.4031396625246638e-222,1.348758847623608e-227,1.296485644037581e-232,1.2462383680797284e-237,1.1979385018389036e-242,1.1515105704852036e-247,1.1068820243307232e-252,1.0639831254612198e-257,1.0227468387615438e-262,9.831087271645425e-268,9.450068509597506e-273,9.083816710045314e-278,8.731759556864095e-283,8.393346914912279e-288,8.068049970373668e-293,7.755360404417046e-298,7.454789598881732e-303,7.165867872748155e-308,6.8881437482e-313,6.62118e-318,6.4e-323,0.0,0.0,0.0,0.0,0.0,0.0,0.0,0.0,0.0,0.0,0.0,0.0,0.0,0.0,0.0,0.0,0.0,0.0,0.0
Nb108,21634966.435369425,0.34404262997759655,5.468997305331302e-09,8.693670151650474e-17,1.3819699752278054e-24,2.196817890621902e-32,3.4921227892530293e-40,5.551175464875732e-48,8.82430283856937e-56,1.4027357102920653e-63,2.22982768035598e-71,3.5445960686681906e-79,5.634588448562172e-87,8.956898436272073e-95,1.4238134751113016e-102,2.263333481262828e-110,3.5978578212324207e-118,5.7192548110854887e-126,9.091486439817104e-134,1.4452079583020167e-141,2.297342746497567e-149,3.6519198946882916e-157,5.805193385946633e-165,9.228096787461169e-173,1.4669239189327161e-180,2.3318630412078037e-188,3.7067943148047573e-196,5.892423289642251e-204,9.366759867318728e-212,1.488966187582552e-219,2.3669020442164405e-227,3.762493288052163e-235,5.980963925916938e-243,9.507506524121605e-251,1.5113396674158481e-258,2.4024675497297954e-266,3.8190292043175444e-274,6.070834990079533e-282,9.650368066080262e-290,1.5340493352727704e-297,2.438567469071346e-305,3.87641463966e-313,6.16e-321,0.0,0.0,0.0,0.0,0.0,0.0,0.0,0.0,0.0,0.0,0.0,0.0,0.0,0.0,0.0,0.0,0.0,0.0,0.0,0.0,0.0,0.0,0.0,0.0,0.0,0.0,0.0,0.0,0.0,0.0,0.0,0.0,0.0,0.0,0.0,0.0,0.0,0.0,0.0,0.0,0.0,0.0,0.0
Nb109,114507004.48269229,1.3725037724530793,1.6431286252046835e-08,1.9671141865597169e-16,2.354981931181354e-24,2.8193278936643453e-32,3.3752317445622583e-40,4.0407465038392876e-48,4.837484814070738e-56,5.791320812659358e-64,6.933230396421257e-72,8.300297166197944e-80,9.936916719622541e-88,1.189623840153957e-95,1.4241891333033175e-103,1.705005077198819e-111,2.0411911910400905e-119,2.4436651445195777e-127,2.9254973099786393e-135,3.502335223746403e-143,4.192911741075687e-151,5.019653387046339e-159,6.0094086596780016e-167,7.194319936951359e-175,8.612867302985054e-183,1.0311118191702763e-190,1.2344223430264102e-198,1.4778208266383716e-206,1.7692116543287431e-214,2.11805776545508e-222,2.535687964087409e-230,3.035664822784602e-238,3.634225128172832e-246,4.350807171829853e-254,5.208682010286798e-262,6.23570919436425e-270,7.465241510210329e-278,8.937208113575159e-286,1.069941123218976e-293,1.280907854675815e-301,1.533472166425374e-309,1.8358363e-317,0.0,0.0,0.0,0.0,0.0,0.0,0.0,0.0,0.0,0.0,0.0,0.0,0.0,0.0,0.0,0.0,0.0,0.0,0.0,0.0,0.0,0.0,0.0,0.0,0.0,0.0,0.0,0.0,0.0,0.0,0.0,0.0,0.0,0.0,0.0,0.0,0.0,0.0,0.0,0.0,0.0,0.0,0.0,0.0
Nb110,3240683.0219914783,0.004540950824835152,6.358042067410247e-12,8.902254281231466e-21,1.2464549691157393e-29,1.74523209622181e-38,2.4435981605043875e-47,3.4214199835925563e-56,4.790523619362276e-65,6.7074830502307525e-74,9.391526364110076e-83,1.3149607205453964e-91,1.8411508731798313e-100,2.577899464863769e-109,3.6094628353120373e-118,5.053813050924121e-127,7.07612947384259e-136,9.90768907081514e-145,1.387231580298431e-153,1.942341391239237e-162,2.7195820320854896e-171,3.807840610616565e-180,5.331572993494814e-189,7.465036878305824e-198,1.0452220322681423e-206,1.4634744804993985e-215,2.0490933877707754e-224,2.869051539848593e-233,4.01712132176789e-242,5.624598753166278e-251,7.875318816658726e-260,1.1026679268295457e-268,1.5439077263597433e-277,2.1617125242473714e-286,3.026735962068167e-295,4.237904199248827e-304,5.9337293464e-313,8.3e-322,0.0,0.0,0.0,0.0,0.0,0.0,0.0,0.0,0.0,0.0,0.0,0.0,0.0,0.0,0.0,0.0,0.0,0.0,0.0,0.0,0.0,0.0,0.0,0.0,0.0,0.0,0.0,0.0,0.0,0.0,0.0,0.0,0.0,0.0,0.0,0.0,0.0,0.0,0.0,0.0,0.0,0.0,0.0,0.0,0.0,0.0,0.0,0.0
Nb111,7972.391379147054,1.2224015216869513e-15,1.8743002057463455e-34,2.873852166359172e-53,4.406458607199782e-72,6.756393973307232e-91,1.0359534399791234e-109,1.588420589510491e-128,2.4355148328207663e-147,3.734358859398803e-166,5.7258678546494375e-185,8.779435486332957e-204,1.346145063339078e-222,2.0640353635186378e-241,3.1647718346848137e-260,4.852523819427204e-279,7.440342826627021e-298,1.14082287e-316,0.0,0.0,0.0,0.0,0.0,0.0,0.0,0.0,0.0,0.0,0.0,0.0,0.0,0.0,0.0,0.0,0.0,0.0,0.0,0.0,0.0,0.0,0.0,0.0,0.0,0.0,0.0,0.0,0.0,0.0,0.0,0.0,0.0,0.0,0.0,0.0,0.0,0.0,0.0,0.0,0.0,0.0,0.0,0.0,0.0,0.0,0.0,0.0,0.0,0.0,0.0,0.0,0.0,0.0,0.0,0.0,0.0,0.0,0.0,0.0,0.0,0.0,0.0,0.0,0.0,0.0,0.0,0.0
Nb112,213.98905661655667,3.285668637933685e-20,5.044939479146109e-42,7.746190244020813e-64,1.189379249138566e-85,1.8262177324825564e-107,2.8040435452772803e-129,4.305434157143297e-151,6.61072589714835e-173,1.0150357732151319e-194,1.55852418771572e-216,2.3930167860006366e-238,3.674328177398399e-260,5.641701986464974e-282,8.662481892572603e-304,0.0,0.0,0.0,0.0,0.0,0.0,0.0,0.0,0.0,0.0,0.0,0.0,0.0,0.0,0.0,0.0,0.0,0.0,0.0,0.0,0.0,0.0,0.0,0.0,0.0,0.0,0.0,0.0,0.0,0.0,0.0,0.0,0.0,0.0,0.0,0.0,0.0,0.0,0.0,0.0,0.0,0.0,0.0,0.0,0.0,0.0,0.0,0.0,0.0,0.0,0.0,0.0,0.0,0.0,0.0,0.0,0.0,0.0,0.0,0.0,0.0,0.0,0.0,0.0,0.0,0.0,0.0,0.0,0.0,0.0,0.0
Nb113,0.048177579069345326,-8.402945592345078e-49,1.465609023780057e-95,-2.556258144218332e-142,4.458525837285681e-189,-7.776387015804828e-236,1.3563271185704412e-282,-0.0,0.0,0.0,0.0,0.0,0.0,0.0,0.0,0.0,0.0,0.0,0.0,0.0,0.0,0.0,0.0,0.0,0.0,0.0,0.0,0.0,0.0,0.0,0.0,0.0,0.0,0.0,0.0,0.0,0.0,0.0,0.0,0.0,0.0,0.0,0.0,0.0,0.0,0.0,0.0,0.0,0.0,0.0,0.0,0.0,0.0,0.0,0.0,0.0,0.0,0.0,0.0,0.0,0.0,0.0,0.0,0.0,0.0,0.0,0.0,0.0,0.0,0.0,0.0,0.0,0.0,0.0,0.0,0.0,0.0,0.0,0.0,0.0,0.0,0.0,0.0,0.0,0.0,0.0
Nd158,86071990.36057879,6368689.791307721,471203.642875606,34863.19483832942,2579.441760929226,190.84653110192372,14.120263921181392,1.0447234856856518,0.0772965128439229,0.005718978255676433,0.00042313308952166164,3.1306573210072386e-05,2.3162961026413596e-06,1.7137703315881863e-07,1.2679763809483157e-08,9.381444368644426e-10,6.941099200613398e-11,5.135548026462109e-12,3.799665264799579e-13,2.8112785724390263e-14,2.079995647267018e-15,1.538937455385732e-16,1.1386218498586484e-17,8.424382111426201e-19,6.232992452070734e-20,4.611637315795215e-21,3.4120366575078177e-22,2.524481730664811e-23,1.8678017407688988e-24,1.3819404198661405e-25,1.0224636171897094e-26,7.564956010027761e-28,5.597124286040669e-29,4.141174149837696e-30,3.063952569724903e-31,2.2669429031116113e-32,1.6772551170495147e-33,1.2409596747264332e-34,9.181554425698454e-36,6.793205564124945e-37,5.026125174109352e-38,3.7187059963597283e-39,2.751378807395567e-40,2.0356772891419417e-41,1.5061473957673397e-42,1.1143612938438424e-43,8.244884243780541e-45,6.1001864089212016e-46,4.513377401466577e-47,3.339336571465805e-48,2.47069273088165e-49,1.8280045870763862e-50,1.3524954878463923e-51,1.0006780385438998e-52,7.403769889233034e-54,5.477866652542613e-55,4.052938369502306e-56,2.9986690930783333e-57,2.218641269614826e-58,1.6415179302711748e-59,1.2145186120465345e-60,8.985923527279201e-62,6.64846308958961e-63,4.919033788730577e-64,3.6394717228048424e-65,2.69275532350313e-66,1.992303219948182e-67,1.4740559922288406e-68,1.0906176562231653e-69,8.06921092778309e-71,5.970210057165122e-72,4.4172111059771445e-73,3.268185502342732e-74,2.418049810494721e-75,1.7890553892495633e-76,1.3236779374483001e-77,9.793566440792714e-79,7.24601815265713e-80,5.361150035184396e-81,3.966582624309041e-82,2.934776608043435e-83,2.1713687964887058e-84,1.6065421938564896e-85,1.1886409277018684e-86,8.794460926148366e-88,6.506804635364974e-89
Nd159,1704090.2186831431,19246.546764827537,217.36964777898308,2.45496318653413,0.027726245631891445,0.00031313899167884405,3.5365779201226064e-06,3.994195458713855e-08,4.5110266824991364e-10,5.094733580407137e-12,5.753969568840625e-14,6.498507778005971e-16,7.33938593792619e-18,8.28907001206319e-20,9.36163900440689e-22,1.057299367978415e-23,1.1941092291652413e-25,1.3486216812027025e-27,1.5231273610383608e-29,1.7202133039080126e-31,1.94280129596306e-33,2.1941911895581898e-35,2.4781098233456813e-37,2.7987662724135203e-39,3.1609142475469754e-41,3.5699225686785873e-43,4.031854757290849e-45,4.553558927723742e-47,5.142769310019773e-49,5.808220909376097e-51,6.559779002022555e-53,7.40858538729344e-55,8.367223564070492e-57,9.44990528032683e-59,1.0672681221356775e-60,1.2053678960130465e-62,1.361337169737201e-64,1.5374881775414675e-66,1.7364323465406552e-68,1.9611190109664203e-70,2.2148791358534306e-72,2.5014746983771084e-74,2.825154458918039e-76,3.1907169486553895e-78,3.603581607476323e-80,4.069869126816158e-82,4.596492188506695e-84,5.191257944830088e-86,5.86298375903838e-88,6.621627922184258e-90,7.478437284131517e-92,8.446113987365209e-94,9.539003775419187e-96,1.077330866758133e-97,1.2167327152764717e-99,1.3741725463403275e-101,1.5519843950989508e-103,1.7528043105251564e-105,1.979609434668114e-107,2.2357621385885834e-109,2.525059869288928e-111,2.851791446615372e-113,3.220800644730386e-115,3.637558000746318e-117,4.1082419150786e-119,4.63983024582588e-121,5.24020375505778e-123,5.918262940594695e-125,6.684059985303065e-127,7.548947780045783e-129,8.525748229543209e-131,9.628942336267999e-133,1.087488488035516e-134,1.228204687814279e-136,1.3871289413775426e-138,1.5666172903405625e-140,1.7693306376815094e-142,1.998274195453263e-144,2.256842036854598e-146,2.5488674131423213e-148,2.878679581329244e-150,3.251167985134895e-152,3.671854740667348e-154,4.146976501431649e-156,4.6835769163081595e-158,5.2896110511843456e-160
Nd160,36923.67227577101,102.0543113713054,0.28207060207025086,0.0007796223744315491,2.1548188370332496e-06,5.955760599891558e-09,1.6461283757876003e-11,4.549777621388041e-14,1.257525033196704e-16,3.475706596477414e-19,9.606597106132484e-22,2.6551927039262884e-24,7.338757123979842e-27,2.028378431634168e-29,5.606288629548587e-32,1.5495368964500238e-34,4.282805884814577e-37,1.1837360109994617e-39,3.2717591724276436e-42,9.042901443309456e-45,2.4993913733794746e-47,6.908133718460086e-50,1.9093572931556903e-52,5.277322966671651e-55,1.4586132095020703e-57,4.031499509069752e-60,1.11427677918658e-62,3.079778970184998e-65,8.512282300379472e-68,2.3527321493789274e-70,6.502778422273925e-73,1.79732007404047e-75,4.967660342668167e-78,1.3730247403647678e-80,3.794939282505746e-83,1.0488932744270286e-85,2.89906377740996e-88,8.01279881414208e-91,2.214678591627183e-93,6.1212085539388585e-96,1.691856972044176e-98,4.6761680943097606e-101,1.2924584292619277e-103,3.5722599309526756e-106,9.873463413115228e-109,2.728952586160966e-111,7.542624007318751e-114,2.0847257370570333e-116,5.762028432719046e-119,1.5925822312882206e-121,4.401780020752351e-124,1.216619586130998e-126,3.3626469527765514e-129,9.29410857585843e-132,2.568823175103784e-134,7.100038105957668e-137,1.9623982528113973e-139,5.42392427359768e-142,1.4991327312677503e-144,4.14349248365816e-147,1.1452308127255024e-149,3.16533363964977e-152,8.748749107137382e-155,2.4180898335919493e-157,6.683422248959602e-160,1.8472486976026032e-162,5.105659381802045e-165,1.4111666586537321e-167,3.900360736154466e-170,1.0780309879662688e-172,2.9795982721366044e-175,8.235390227574075e-178,2.276201219293538e-180,6.291252566716078e-183,1.7388558850915657e-185,4.806069629304113e-188,1.3283622570310397e-190,3.6714954672017372e-193,1.014774312830233e-195,2.804761479836218e-198,7.75215420740465e-201,2.1426383415280943e-203,5.922094607201132e-206,1.636823343300603e-208,4.5240591967509755e-211,1.2504166499993693e-213
Nd161,374.6344727119822,0.3103202203070799,0.0002570469247913251,2.1291916291917398e-07,1.763669025607098e-10,1.460896421552566e-13,1.2101013985719028e-16,1.0023608609222571e-19,8.30283558629495e-23,6.877471124482837e-26,5.696801842754807e-29,4.7188204280617665e-32,3.908731047159829e-35,3.237711337387469e-38,2.6818869289726064e-41,2.2214820131549483e-44,1.8401157339849098e-47,1.5242193699556404e-50,1.2625535692349149e-53,1.0458084620944106e-56,8.66272422841471e-60,7.175576960553293e-63,5.943731251184679e-66,4.923358968974859e-69,4.0781560459271913e-72,3.3780508063167854e-75,2.798134039391102e-78,2.3177727486390327e-81,1.9198760455030768e-84,1.590287068592406e-87,1.3172792933460112e-90,1.0911393112276568e-93,9.038212340544497e-97,7.486604274284742e-100,6.201363881251978e-103,5.136763287968857e-106,4.254924816844896e-109,3.524473327281017e-112,2.9194199120835233e-115,2.418237231956842e-118,2.0030935891811445e-121,1.6592184894001373e-124,1.37437711869104e-127,1.1384350382115066e-130,9.42997608590851e-134,7.811113150602576e-137,6.47016366697798e-140,5.359417674579778e-143,4.4393556776924475e-146,3.6772425718070996e-149,3.0459629535561814e-152,2.5230563753310633e-155,2.0899182196771606e-158,1.7311377611867436e-161,1.433949864636132e-164,1.1877808112049887e-167,9.83872093620778e-171,8.149687951463917e-174,6.750614651728899e-177,5.5917230754768985e-180,4.631780743819079e-183,3.836633640335189e-186,3.1779910372041172e-189,2.632418932673316e-192,2.1805062871396144e-195,1.8061743931566806e-198,1.4961048072804876e-201,1.2392654900038865e-204,1.0265182942003915e-207,8.502938368152068e-211,7.043221859860842e-214,5.834097816470782e-217,4.832546526203224e-220,4.002933557608072e-223,3.3157419136560134e-226,2.7465218394843236e-229,2.275020918756261e-232,1.8844635081257394e-235,1.5609538726347118e-238,1.2929817860557513e-241,1.0710130058168272e-244,8.871500519183152e-248,7.348512206146573e-251,6.086978355816785e-254,5.0420145554348984e-257,4.176441789533209e-260
Ne26,0.0,0.0,0.0,0.0,0.0,0.0,0.0,0.0,0.0,0.0,0.0,0.0,0.0,0.0,0.0,0.0,0.0,0.0,0.0,0.0,0.0,0.0,0.0,0.0,0.0,0.0,0.0,0.0,0.0,0.0,0.0,0.0,0.0,0.0,0.0,0.0,0.0,0.0,0.0,0.0,0.0,0.0,0.0,0.0,0.0,0.0,0.0,0.0,0.0,0.0,0.0,0.0,0.0,0.0,0.0,0.0,0.0,0.0,0.0,0.0,0.0,0.0,0.0,0.0,0.0,0.0,0.0,0.0,0.0,0.0,0.0,0.0,0.0,0.0,0.0,0.0,0.0,0.0,0.0,0.0,0.0,0.0,0.0,0.0,0.0,0.0
Ne27,0.0,0.0,0.0,0.0,0.0,0.0,0.0,0.0,0.0,0.0,0.0,0.0,0.0,0.0,0.0,0.0,0.0,0.0,0.0,0.0,0.0,0.0,0.0,0.0,0.0,0.0,0.0,0.0,0.0,0.0,0.0,0.0,0.0,0.0,0.0,0.0,0.0,0.0,0.0,0.0,0.0,0.0,0.0,0.0,0.0,0.0,0.0,0.0,0.0,0.0,0.0,0.0,0.0,0.0,0.0,0.0,0.0,0.0,0.0,0.0,0.0,0.0,0.0,0.0,0.0,0.0,0.0,0.0,0.0,0.0,0.0,0.0,0.0,0.0,0.0,0.0,0.0,0.0,0.0,0.0,0.0,0.0,0.0,0.0,0.0,0.0
Ne28,0.0,0.0,0.0,0.0,0.0,0.0,0.0,0.0,0.0,0.0,0.0,0.0,0.0,0.0,0.0,0.0,0.0,0.0,0.0,0.0,0.0,0.0,0.0,0.0,0.0,0.0,0.0,0.0,0.0,0.0,0.0,0.0,0.0,0.0,0.0,0.0,0.0,0.0,0.0,0.0,0.0,0.0,0.0,0.0,0.0,0.0,0.0,0.0,0.0,0.0,0.0,0.0,0.0,0.0,0.0,0.0,0.0,0.0,0.0,0.0,0.0,0.0,0.0,0.0,0.0,0.0,0.0,0.0,0.0,0.0,0.0,0.0,0.0,0.0,0.0,0.0,0.0,0.0,0.0,0.0,0.0,0.0,0.0,0.0,0.0,0.0
Ne29,0.0,0.0,0.0,0.0,0.0,0.0,0.0,0.0,0.0,0.0,0.0,0.0,0.0,0.0,0.0,0.0,0.0,0.0,0.0,0.0,0.0,0.0,0.0,0.0,0.0,0.0,0.0,0.0,0.0,0.0,0.0,0.0,0.0,0.0,0.0,0.0,0.0,0.0,0.0,0.0,0.0,0.0,0.0,0.0,0.0,0.0,0.0,0.0,0.0,0.0,0.0,0.0,0.0,0.0,0.0,0.0,0.0,0.0,0.0,0.0,0.0,0.0,0.0,0.0,0.0,0.0,0.0,0.0,0.0,0.0,0.0,0.0,0.0,0.0,0.0,0.0,0.0,0.0,0.0,0.0,0.0,0.0,0.0,0.0,0.0,0.0
Ne30,0.0,0.0,0.0,0.0,0.0,0.0,0.0,0.0,0.0,0.0,0.0,0.0,0.0,0.0,0.0,0.0,0.0,0.0,0.0,0.0,0.0,0.0,0.0,0.0,0.0,0.0,0.0,0.0,0.0,0.0,0.0,0.0,0.0,0.0,0.0,0.0,0.0,0.0,0.0,0.0,0.0,0.0,0.0,0.0,0.0,0.0,0.0,0.0,0.0,0.0,0.0,0.0,0.0,0.0,0.0,0.0,0.0,0.0,0.0,0.0,0.0,0.0,0.0,0.0,0.0,0.0,0.0,0.0,0.0,0.0,0.0,0.0,0.0,0.0,0.0,0.0,0.0,0.0,0.0,0.0,0.0,0.0,0.0,0.0,0.0,0.0
Ne31,0.0,0.0,0.0,0.0,0.0,0.0,0.0,0.0,0.0,0.0,0.0,0.0,0.0,0.0,0.0,0.0,0.0,0.0,0.0,0.0,0.0,0.0,0.0,0.0,0.0,0.0,0.0,0.0,0.0,0.0,0.0,0.0,0.0,0.0,0.0,0.0,0.0,0.0,0.0,0.0,0.0,0.0,0.0,0.0,0.0,0.0,0.0,0.0,0.0,0.0,0.0,0.0,0.0,0.0,0.0,0.0,0.0,0.0,0.0,0.0,0.0,0.0,0.0,0.0,0.0,0.0,0.0,0.0,0.0,0.0,0.0,0.0,0.0,0.0,0.0,0.0,0.0,0.0,0.0,0.0,0.0,0.0,0.0,0.0,0.0,0.0
Ne32,0.0,0.0,0.0,0.0,0.0,0.0,0.0,0.0,0.0,0.0,0.0,0.0,0.0,0.0,0.0,0.0,0.0,0.0,0.0,0.0,0.0,0.0,0.0,0.0,0.0,0.0,0.0,0.0,0.0,0.0,0.0,0.0,0.0,0.0,0.0,0.0,0.0,0.0,0.0,0.0,0.0,0.0,0.0,0.0,0.0,0.0,0.0,0.0,0.0,0.0,0.0,0.0,0.0,0.0,0.0,0.0,0.0,0.0,0.0,0.0,0.0,0.0,0.0,0.0,0.0,0.0,0.0,0.0,0.0,0.0,0.0,0.0,0.0,0.0,0.0,0.0,0.0,0.0,0.0,0.0,0.0,0.0,0.0,0.0,0.0,0.0
Ni72,14967375.17027787,1646554.925583235,181084.78788393168,19915.339533148715,2190.2488516860644,240.87914867468297,26.491402664849655,2.913471004080162,0.32041766149584283,0.03523888779215037,0.0038755017655101257,0.0004262198632108292,4.687480042253211e-05,5.155195954735107e-06,5.669580476537341e-07,6.23529019307376e-08,6.857446323010271e-09,7.541681079286827e-10,8.294188656033869e-11,9.121781302954052e-12,1.0031950994795693e-12,1.1032937254195127e-13,1.2133801741870023e-14,1.3344510289408744e-15,1.4676023117276625e-16,1.6140394054758605e-17,1.7750879660049853e-18,1.9522059228329283e-19,2.1469966774217095e-20,2.3612236183418038e-21,2.5968260847569316e-22,2.8559369227425057e-23,3.1409017933703406e-24,3.454300407350586e-25,3.798969878462391e-26,4.1780304071856604e-27,4.594913527040952e-28,5.053393169344094e-29,5.557619827596359e-30,6.112158130791396e-31,6.722028165779879e-32,7.392750922772243e-33,8.13039827538555e-34,8.941647947690342e-35,9.833843965859531e-36,1.0815063141671887e-36,1.189418818972754e-37,1.3080988140285985e-38,1.4386206775682614e-39,1.582165989091491e-40,1.7400342258872342e-41,1.913654526853759e-42,2.1045986301106297e-43,2.3145951015232694e-44,2.5455449829471282e-45,2.7995390018508368e-46,3.078876498112454e-47,3.3860862393280207e-48,3.723949313067834e-49,4.095524303317953e-50,4.5041749790224534e-51,4.953600745383472e-52,5.447870133586427e-53,5.991457632124011e-54,6.589284193143028e-55,7.246761780507216e-56,7.96984236285773e-57,8.765071795192344e-58,9.639649076738933e-59,1.060149152156884e-59,1.1659306431922277e-60,1.2822669923085275e-61,1.4102113613398484e-62,1.5509219964179553e-63,1.705672713264566e-64,1.8758644287041744e-65,2.063037842789146e-66,2.268887386344958e-67,2.4952765601989964e-68,2.74425480495482e-69,3.018076054029473e-70,3.319219137909487e-71,3.650410224339899e-72,4.0146474975912387e-73,4.41522830021935e-74,4.855778983025103e-75
Ni73,7480138.31206347,120817.60800549042,1951.124673099482,31.509376429672123,0.5088556444779037,0.00821768299651867,0.0001327101596771313,2.1431815377875716e-06,3.46109681058956e-08,5.58944304113382e-10,9.026581809122401e-12,1.4577334191825203e-13,2.3541433139774085e-15,3.801786163242672e-17,6.139633872418585e-19,9.915103708830958e-21,1.6012238449350143e-22,2.5858708863578488e-24,4.1760109069475614e-26,6.743982148121714e-28,1.0891086308830718e-29,1.7588385968583258e-31,2.8404083138063817e-33,4.5870720619569655e-35,7.407818798202694e-37,1.1963138709356512e-38,1.931967987851264e-40,3.120000859943911e-42,5.038595580911954e-44,8.136999496994332e-46,1.314071743819184e-47,2.1221391847717744e-49,3.427114798507904e-51,5.53456433321314e-53,8.937956315852409e-55,1.4434209866290762e-56,2.3310296795096338e-58,3.7644591682461886e-60,6.079353237739085e-62,9.817754460178445e-64,1.5855025834327194e-65,2.5604820860697465e-67,4.135009669230407e-69,6.677767853816262e-71,1.0784154591290544e-72,1.7415698298405196e-74,2.8125203941904625e-76,4.54203491137742e-78,7.335086770849646e-80,1.1845681282880548e-81,1.912999388272167e-83,3.0893678228693494e-85,4.9891252467157735e-87,8.057108170531172e-89,1.3011698215909406e-90,2.1013034314362237e-92,3.393466431281698e-94,5.4802244397254485e-96,8.850200972349333e-98,1.4292490775231299e-99,2.3081429811400738e-101,3.727498660078703e-103,6.019664455113463e-105,9.721361013552007e-107,1.5699356776527775e-108,2.535342560091316e-110,4.094410993080228e-112,6.612203669886884e-114,1.06782727591238e-115,1.7244706123850533e-117,2.784906285933545e-119,4.497439948080958e-121,7.263068846790312e-123,1.172937708611877e-124,1.8942170276847455e-126,3.059035549481263e-128,4.9401406260336595e-130,7.9780012393536e-132,1.2883945740271294e-133,2.08067224932776e-135,3.360148433092887e-137,5.426418070440667e-139,8.763307235240531e-141,1.4152163121663527e-142,2.285480990746936e-144,3.6909010404704874e-146
Ni74,3880491.6343990974,23737.935196922976,145.20684503430294,0.8882418656003928,0.005433446416516262,3.323682558150784e-05,2.0331231598743942e-07,1.24367767104614e-09,7.607675619387006e-12,4.6536759224061235e-14,2.846690720565647e-16,1.7413434441229145e-18,1.0651936891083593e-20,6.515874850223897e-23,3.9858126740611297e-25,2.43815343877583e-27,1.491437926749697e-29,9.123244886770846e-32,5.580761744833864e-34,3.413796520771108e-36,2.0882465903542828e-38,1.277397113622131e-40,7.813940142065865e-43,4.779849577916764e-45,2.9238721531172026e-47,1.78855594269563e-49,1.094073951469253e-51,6.692537721126499e-54,4.093878762815953e-56,2.504258328156932e-58,1.5318748154206884e-60,9.370600563589758e-63,5.732071187438019e-65,3.5063537149928546e-67,2.144864565113556e-69,1.3120307808675105e-71,8.025797050046692e-74,4.90944414017088e-76,3.0031461816391166e-78,1.837048498932444e-80,1.1237372353243257e-82,6.873990397031956e-85,4.204874813536818e-87,2.5721554986679307e-89,1.5734080567699017e-91,9.624662717283268e-94,5.887483035496461e-96,3.601420383388018e-98,2.2030176052624454e-100,1.3476034598689572e-102,8.24339796791793e-105,5.042552359139927e-107,3.0845695420295177e-109,1.8868558186352715e-111,1.1542047704897265e-113,7.060362742420818e-116,4.31888026536343e-118,2.6418935438648785e-120,1.616067375863593e-122,9.885613178455218e-125,6.0471085162414654e-127,3.6990645645427036e-129,2.2627473305473467e-131,1.3841406097576736e-133,8.46689863121798e-136,5.179269499496271e-138,3.1682005084491663e-140,1.9380135485735564e-142,1.1854983623789565e-144,7.251788142748615e-147,4.435976711243995e-149,2.7135223748057056e-151,1.6598833036944218e-153,1.0153638707625503e-155,6.2110618725742965e-158,3.799356141751835e-160,2.3240964891377714e-162,1.4216683799302865e-164,8.696458997894004e-167,5.31969340879342e-169,3.2540989350278374e-171,1.990558301996405e-173,1.2176404076088489e-175,7.448403599908829e-178,4.5562479563306865e-180,2.787093255771163e-182
Ni75,1143388.9399069883,3545.0039199253442,10.990904202579854,0.03407611893214251,0.00010564934968725881,3.2755447037756034e-07,1.015547482137161e-09,3.148595979430053e-12,9.761883925722876e-15,3.0265673462663966e-17,9.383547244757586e-20,2.9092681186565434e-22,9.019873578150282e-25,2.7965150012843645e-27,8.670294638444639e-30,2.688131802722905e-32,8.334264163030302e-35,2.583949160112338e-37,8.011257060536473e-40,2.4838042745084517e-42,7.700768590308256e-45,2.387540656488085e-47,7.402313573683663e-50,2.2950078816140494e-52,7.115425635838772e-55,2.206061355377338e-57,6.839656477016368e-60,2.1205620872493947e-62,6.57457517199917e-65,2.038376473491305e-67,6.31976749673306e-70,1.9593760883805665e-72,6.074835281048134e-75,1.8834374835291684e-77,5.839395786465903e-80,1.8104419949794215e-82,5.613081108120586e-85,1.7402755577760645e-87,5.395537599859898e-90,1.6728285277249174e-92,5.1864253216268554e-95,1.6079955100595647e-97,4.985417508259169e-100,1.545675194748299e-102,4.792200058876171e-105,1.4857701981840043e-107,4.606471046055254e-110,1.428186911009601e-112,4.427940244030965e-115,1.3728353518412275e-117,4.2563286751794844e-120,1.3196290266606108e-122,4.0913681740797385e-125,1.2684847936569108e-127,3.9328009684700095e-130,1.2193227333068068e-132,3.780379276445242e-135,1.1720660234898357e-137,3.633864919265529e-140,1.1266408194438345e-142,3.493028949170815e-145,1.082976138372877e-147,3.357651291620238e-150,1.0410037485274121e-152,3.2275204013969807e-155,1.000658062583279e-157,3.1024329320413236e-160,9.61876035152966e-163,2.9821934180953473e-165,9.245970642689835e-168,2.866613969662684e-170,8.887628966854058e-173,2.755513978806089e-175,8.543175368495834e-178,2.6487198373240404e-180,8.212071594018009e-183,2.5460646654653056e-185,7.893800250661494e-188,2.4473880511575964e-190,7.587863998011665e-193,2.352535799342839e-195,7.293784770839203e-198,2.261359691027303e-200,7.011103032060978e-203,2.173717251670123e-205,6.739377054653475e-208
Ni76,148783.37395848968,0.07053340179813555,3.343761226039433e-08,1.5851694164367214e-14,7.51477724915967e-21,3.5625136669259014e-27,1.6888728975237474e-33,8.006402025824379e-40,3.795577126799349e-46,1.799360771419549e-52,8.530189421954304e-59,4.043887847850333e-65,1.917076880368393e-71,9.088243550564033e-78,4.308443322236339e-84,2.042494103249562e-90,9.682806177995229e-97,4.590306299120166e-103,2.176116255185113e-109,1.0316265729344785e-115,4.890609053853174e-122,2.318480111422033e-128,1.0991166883037676e-134,5.210557936452961e-141,2.470157563618888e-147,1.1710220793086998e-153,5.5514382176474134e-160,2.631757917199102e-166,1.2476315980105281e-172,5.91461925195205e-179,2.8039303389995294e-185,1.3292529934817424e-191,6.301559978521535e-198,2.9873664650468016e-204,1.4162141480687851e-210,6.713814781872682e-217,3.1828031789372296e-223,1.5088643945323891e-229,7.1530397360222485e-236,3.3910255719812425e-242,1.6075759193566646e-248,7.620999257123027e-255,3.61287009700373e-261,1.7127452578641574e-267,8.119573191322329e-274,3.8492279284692767e-280,1.8247948871429442e-286,8.650764366315971e-293,4.101048542430509e-299,1.9441749231847123e-305,9.216706636935e-312,4.369344e-318,0.0,0.0,0.0,0.0,0.0,0.0,0.0,0.0,0.0,0.0,0.0,0.0,0.0,0.0,0.0,0.0,0.0,0.0,0.0,0.0,0.0,0.0,0.0,0.0,0.0,0.0,0.0,0.0,0.0,0.0,0.0,0.0,0.0,0.0
Ni77,4284.110435219757,9.062976397378821e-22,1.917260127194456e-46,4.055937292734031e-71,8.580279268970676e-96,1.815146217014152e-120,3.839916727484369e-145,8.123290749694622e-170,1.7184709275532813e-194,3.635401489177097e-219,7.690641590502715e-244,1.626944596068767e-268,3.4417788002838606e-293,7.281036e-318,0.0,0.0,0.0,0.0,0.0,0.0,0.0,0.0,0.0,0.0,0.0,0.0,0.0,0.0,0.0,0.0,0.0,0.0,0.0,0.0,0.0,0.0,0.0,0.0,0.0,0.0,0.0,0.0,0.0,0.0,0.0,0.0,0.0,0.0,0.0,0.0,0.0,0.0,0.0,0.0,0.0,0.0,0.0,0.0,0.0,0.0,0.0,0.0,0.0,0.0,0.0,0.0,0.0,0.0,0.0,0.0,0.0,0.0,0.0,0.0,0.0,0.0,0.0,0.0,0.0,0.0,0.0,0.0,0.0,0.0,0.0,0.0
Ni78,688.9884275256783,1.4289936743501731e-11,2.963798577381334e-25,6.147054507629048e-39,1.2749273654469685e-52,2.644257969647462e-66,5.484312596579026e-80,1.1374716461951481e-93,2.359168488508417e-107,4.893023905948175e-121,1.0148356533584194e-134,2.104815801278692e-148,4.3654847389834284e-162,9.054216048130993e-176,1.87788603437709e-189,3.8948219695248494e-203,8.078039825949989e-217,1.6754225980088893e-230,3.4749034944114604e-244,7.207109603167059e-258,1.4947876657754586e-271,3.1002583404206473e-285,6.430078329795104e-299,1.33362780734e-312,0.0,0.0,0.0,0.0,0.0,0.0,0.0,0.0,0.0,0.0,0.0,0.0,0.0,0.0,0.0,0.0,0.0,0.0,0.0,0.0,0.0,0.0,0.0,0.0,0.0,0.0,0.0,0.0,0.0,0.0,0.0,0.0,0.0,0.0,0.0,0.0,0.0,0.0,0.0,0.0,0.0,0.0,0.0,0.0,0.0,0.0,0.0,0.0,0.0,0.0,0.0,0.0,0.0,0.0,0.0,0.0,0.0,0.0,0.0,0.0,0.0,0.0
O22,0.0,0.0,0.0,0.0,0.0,0.0,0.0,0.0,0.0,0.0,0.0,0.0,0.0,0.0,0.0,0.0,0.0,0.0,0.0,0.0,0.0,0.0,0.0,0.0,0.0,0.0,0.0,0.0,0.0,0.0,0.0,0.0,0.0,0.0,0.0,0.0,0.0,0.0,0.0,0.0,0.0,0.0,0.0,0.0,0.0,0.0,0.0,0.0,0.0,0.0,0.0,0.0,0.0,0.0,0.0,0.0,0.0,0.0,0.0,0.0,0.0,0.0,0.0,0.0,0.0,0.0,0.0,0.0,0.0,0.0,0.0,0.0,0.0,0.0,0.0,0.0,0.0,0.0,0.0,0.0,0.0,0.0,0.0,0.0,0.0,0.0
O23,0.0,0.0,0.0,0.0,0.0,0.0,0.0,0.0,0.0,0.0,0.0,0.0,0.0,0.0,0.0,0.0,0.0,0.0,0.0,0.0,0.0,0.0,0.0,0.0,0.0,0.0,0.0,0.0,0.0,0.0,0.0,0.0,0.0,0.0,0.0,0.0,0.0,0.0,0.0,0.0,0.0,0.0,0.0,0.0,0.0,0.0,0.0,0.0,0.0,0.0,0.0,0.0,0.0,0.0,0.0,0.0,0.0,0.0,0.0,0.0,0.0,0.0,0.0,0.0,0.0,0.0,0.0,0.0,0.0,0.0,0.0,0.0,0.0,0.0,0.0,0.0,0.0,0.0,0.0,0.0,0.0,0.0,0.0,0.0,0.0,0.0
O24,0.0,0.0,0.0,0.0,0.0,0.0,0.0,0.0,0.0,0.0,0.0,0.0,0.0,0.0,0.0,0.0,0.0,0.0,0.0,0.0,0.0,0.0,0.0,0.0,0.0,0.0,0.0,0.0,0.0,0.0,0.0,0.0,0.0,0.0,0.0,0.0,0.0,0.0,0.0,0.0,0.0,0.0,0.0,0.0,0.0,0.0,0.0,0.0,0.0,0.0,0.0,0.0,0.0,0.0,0.0,0.0,0.0,0.0,0.0,0.0,0.0,0.0,0.0,0.0,0.0,0.0,0.0,0.0,0.0,0.0,0.0,0.0,0.0,0.0,0.0,0.0,0.0,0.0,0.0,0.0,0.0,0.0,0.0,0.0,0.0,0.0
P36,0.0,0.0,0.0,0.0,0.0,0.0,0.0,0.0,0.0,0.0,0.0,0.0,0.0,0.0,0.0,0.0,0.0,0.0,0.0,0.0,0.0,0.0,0.0,0.0,0.0,0.0,0.0,0.0,0.0,0.0,0.0,0.0,0.0,0.0,0.0,0.0,0.0,0.0,0.0,0.0,0.0,0.0,0.0,0.0,0.0,0.0,0.0,0.0,0.0,0.0,0.0,0.0,0.0,0.0,0.0,0.0,0.0,0.0,0.0,0.0,0.0,0.0,0.0,0.0,0.0,0.0,0.0,0.0,0.0,0.0,0.0,0.0,0.0,0.0,0.0,0.0,0.0,0.0,0.0,0.0,0.0,0.0,0.0,0.0,0.0,0.0
P37,0.0,0.0,0.0,0.0,0.0,0.0,0.0,0.0,0.0,0.0,0.0,0.0,0.0,0.0,0.0,0.0,0.0,0.0,0.0,0.0,0.0,0.0,0.0,0.0,0.0,0.0,0.0,0.0,0.0,0.0,0.0,0.0,0.0,0.0,0.0,0.0,0.0,0.0,0.0,0.0,0.0,0.0,0.0,0.0,0.0,0.0,0.0,0.0,0.0,0.0,0.0,0.0,0.0,0.0,0.0,0.0,0.0,0.0,0.0,0.0,0.0,0.0,0.0,0.0,0.0,0.0,0.0,0.0,0.0,0.0,0.0,0.0,0.0,0.0,0.0,0.0,0.0,0.0,0.0,0.0,0.0,0.0,0.0,0.0,0.0,0.0
P38,0.0,0.0,0.0,0.0,0.0,0.0,0.0,0.0,0.0,0.0,0.0,0.0,0.0,0.0,0.0,0.0,0.0,0.0,0.0,0.0,0.0,0.0,0.0,0.0,0.0,0.0,0.0,0.0,0.0,0.0,0.0,0.0,0.0,0.0,0.0,0.0,0.0,0.0,0.0,0.0,0.0,0.0,0.0,0.0,0.0,0.0,0.0,0.0,0.0,0.0,0.0,0.0,0.0,0.0,0.0,0.0,0.0,0.0,0.0,0.0,0.0,0.0,0.0,0.0,0.0,0.0,0.0,0.0,0.0,0.0,0.0,0.0,0.0,0.0,0.0,0.0,0.0,0.0,0.0,0.0,0.0,0.0,0.0,0.0,0.0,0.0
P39,0.0,0.0,0.0,0.0,0.0,0.0,0.0,0.0,0.0,0.0,0.0,0.0,0.0,0.0,0.0,0.0,0.0,0.0,0.0,0.0,0.0,0.0,0.0,0.0,0.0,0.0,0.0,0.0,0.0,0.0,0.0,0.0,0.0,0.0,0.0,0.0,0.0,0.0,0.0,0.0,0.0,0.0,0.0,0.0,0.0,0.0,0.0,0.0,0.0,0.0,0.0,0.0,0.0,0.0,0.0,0.0,0.0,0.0,0.0,0.0,0.0,0.0,0.0,0.0,0.0,0.0,0.0,0.0,0.0,0.0,0.0,0.0,0.0,0.0,0.0,0.0,0.0,0.0,0.0,0.0,0.0,0.0,0.0,0.0,0.0,0.0
P40,0.0,0.0,0.0,0.0,0.0,0.0,0.0,0.0,0.0,0.0,0.0,0.0,0.0,0.0,0.0,0.0,0.0,0.0,0.0,0.0,0.0,0.0,0.0,0.0,0.0,0.0,0.0,0.0,0.0,0.0,0.0,0.0,0.0,0.0,0.0,0.0,0.0,0.0,0.0,0.0,0.0,0.0,0.0,0.0,0.0,0.0,0.0,0.0,0.0,0.0,0.0,0.0,0.0,0.0,0.0,0.0,0.0,0.0,0.0,0.0,0.0,0.0,0.0,0.0,0.0,0.0,0.0,0.0,0.0,0.0,0.0,0.0,0.0,0.0,0.0,0.0,0.0,0.0,0.0,0.0,0.0,0.0,0.0,0.0,0.0,0.0
P41,0.0,0.0,0.0,0.0,0.0,0.0,0.0,0.0,0.0,0.0,0.0,0.0,0.0,0.0,0.0,0.0,0.0,0.0,0.0,0.0,0.0,0.0,0.0,0.0,0.0,0.0,0.0,0.0,0.0,0.0,0.0,0.0,0.0,0.0,0.0,0.0,0.0,0.0,0.0,0.0,0.0,0.0,0.0,0.0,0.0,0.0,0.0,0.0,0.0,0.0,0.0,0.0,0.0,0.0,0.0,0.0,0.0,0.0,0.0,0.0,0.0,0.0,0.0,0.0,0.0,0.0,0.0,0.0,0.0,0.0,0.0,0.0,0.0,0.0,0.0,0.0,0.0,0.0,0.0,0.0,0.0,0.0,0.0,0.0,0.0,0.0
P42,0.0,0.0,0.0,0.0,0.0,0.0,0.0,0.0,0.0,0.0,0.0,0.0,0.0,0.0,0.0,0.0,0.0,0.0,0.0,0.0,0.0,0.0,0.0,0.0,0.0,0.0,0.0,0.0,0.0,0.0,0.0,0.0,0.0,0.0,0.0,0.0,0.0,0.0,0.0,0.0,0.0,0.0,0.0,0.0,0.0,0.0,0.0,0.0,0.0,0.0,0.0,0.0,0.0,0.0,0.0,0.0,0.0,0.0,0.0,0.0,0.0,0.0,0.0,0.0,0.0,0.0,0.0,0.0,0.0,0.0,0.0,0.0,0.0,0.0,0.0,0.0,0.0,0.0,0.0,0.0,0.0,0.0,0.0,0.0,0.0,0.0
P43,0.0,0.0,0.0,0.0,0.0,0.0,0.0,0.0,0.0,0.0,0.0,0.0,0.0,0.0,0.0,0.0,0.0,0.0,0.0,0.0,0.0,0.0,0.0,0.0,0.0,0.0,0.0,0.0,0.0,0.0,0.0,0.0,0.0,0.0,0.0,0.0,0.0,0.0,0.0,0.0,0.0,0.0,0.0,0.0,0.0,0.0,0.0,0.0,0.0,0.0,0.0,0.0,0.0,0.0,0.0,0.0,0.0,0.0,0.0,0.0,0.0,0.0,0.0,0.0,0.0,0.0,0.0,0.0,0.0,0.0,0.0,0.0,0.0,0.0,0.0,0.0,0.0,0.0,0.0,0.0,0.0,0.0,0.0,0.0,0.0,0.0
P44,0.0,0.0,0.0,0.0,0.0,0.0,0.0,0.0,0.0,0.0,0.0,0.0,0.0,0.0,0.0,0.0,0.0,0.0,0.0,0.0,0.0,0.0,0.0,0.0,0.0,0.0,0.0,0.0,0.0,0.0,0.0,0.0,0.0,0.0,0.0,0.0,0.0,0.0,0.0,0.0,0.0,0.0,0.0,0.0,0.0,0.0,0.0,0.0,0.0,0.0,0.0,0.0,0.0,0.0,0.0,0.0,0.0,0.0,0.0,0.0,0.0,0.0,0.0,0.0,0.0,0.0,0.0,0.0,0.0,0.0,0.0,0.0,0.0,0.0,0.0,0.0,0.0,0.0,0.0,0.0,0.0,0.0,0.0,0.0,0.0,0.0
Pd119,500399461.6011598,11579472.940837407,267704.83011328924,6189.044736982248,143.08398821253175,3.307946307201275,0.07647612362518823,0.0017680448657836111,4.0875275827842985e-05,9.449919548629434e-07,2.1847187001669026e-08,5.050832204757988e-10,1.1676975144979315e-11,2.699589750932896e-13,6.2411581191687514e-15,1.442887929731003e-16,3.335800083912485e-18,7.712007267192996e-20,1.7829322679157853e-21,4.121945638586461e-23,9.529490353171659e-25,2.203114605420503e-26,5.093361538481116e-28,1.1775298342560429e-29,2.7223210056605424e-31,6.293710309720419e-33,1.4550374250618508e-34,3.363888396739172e-36,7.776944393877315e-38,1.7979450258839663e-39,4.156653503458095e-41,9.609731164786742e-43,2.2216654090278686e-44,5.136248980364175e-46,1.1874449447288965e-47,2.745243663523176e-49,6.346705003518929e-51,1.4672892223343493e-52,3.392213220537028e-54,7.842428308223531e-56,1.8130841952172167e-57,4.191653617667686e-59,9.690647625110221e-61,2.240372415273827e-62,5.1794975457719136e-64,1.1974435430360525e-65,2.768359336185458e-67,6.400145926557853e-69,1.4796441829577175e-70,3.4207765467905444e-72,7.908463614327353e-74,1.8283508403324326e-75,4.226948442031414e-77,9.77224542328166e-79,2.2592369394256176e-80,5.223110275459283e-82,1.207526332167007e-83,2.7916696488827025e-85,6.4540368362045835e-87,1.4921031755944648e-88,3.4495803837530396e-90,7.975054955052202e-92,1.8437460346091777e-93,4.262540458086177e-95,9.854530296344688e-97,2.2782603078253732e-98,5.267090235785119e-100,1.2176940210306005e-101,2.815176240535107e-103,6.508381521464517e-105,1.504667076221459e-106,3.478626756587839e-108,8.042207012355601e-110,1.8592708604651503e-111,4.29843216826407e-113,9.93750802965035e-115,2.297443857983391e-116,5.311440518927886e-118,1.2279473245048884e-119,2.838880763863044e-121,6.563183803247536e-123,1.5173367681915387e-124,3.507917707510699e-126,8.109924507618428e-128,1.874926409432296e-129,4.334626096068311e-131
Pd120,1688750511.398904,1649701.7648219347,1611.036879713569,1.5732782028452823,0.001536404494966096,1.5003950146153281e-06,1.4652295064602814e-09,1.4308881899026185e-12,1.397351747951776e-15,1.3646013163591562e-18,1.3326184730069884e-21,1.3013852275458871e-24,1.2708840112752804e-27,1.241097667261016e-30,1.212009440684586e-33,1.183602969418541e-36,1.155862274822794e-39,1.1287717527566347e-42,1.102316164801401e-45,1.0764806296888682e-48,1.0512506149305354e-51,1.026611928643101e-54,1.0025507115655283e-57,9.790534292632112e-61,9.561068645148547e-64,9.336981098777878e-67,9.118145604275271e-70,8.90443906667507e-73,8.695741276049873e-76,8.491934839892454e-79,8.292905117082475e-82,8.098540153400854e-85,7.908730618555521e-88,7.723369744683126e-91,7.542353266292116e-94,7.365579361613394e-97,7.19294859532558e-100,7.024363862622637e-103,6.859730334592419e-106,6.698955404875409e-109,6.541948637573642e-112,6.3886217163805095e-115,6.238888394902841e-118,6.092664448147306e-121,5.9498676251438535e-124,5.8104176026795444e-127,5.6742359401167426e-130,5.5412460352702564e-133,5.41137308131861e-136,5.284544024725205e-139,5.160687524145708e-142,5.039733910298543e-145,4.921615146775921e-148,4.80626479177336e-151,4.693617960716172e-154,4.583611289761887e-157,4.4761829001580925e-160,4.371272363435637e-163,4.2688206674176145e-166,4.168770183025014e-169,4.0710646318603654e-172,3.975649054551138e-175,3.882469779835096e-178,3.7914743943702107e-181,3.702611713252159e-184,3.6158317512228114e-187,3.531085694553527e-190,3.4483258735874285e-193,3.367505735925223e-196,3.2885798202394757e-199,3.211503730702613e-202,3.1362341120142705e-205,3.062728625013936e-208,2.990945922865172e-211,2.9208456277980194e-214,2.8523883083965034e-217,2.7855354574184603e-220,2.720249470135215e-223,2.656493623178921e-226,2.594232053885665e-229,2.5334297401227198e-232,2.4740524805885936e-235,2.4160668755747984e-238,2.359440308178514e-241,2.30414092595558e-244,2.2501376230034962e-247
Pd121,16790986.863082767,87.89851050507716,0.00045999543777623317,2.4072740280168242e-09,1.2597882000696245e-14,6.592794549202736e-20,3.4501783685221917e-25,1.8055667722965793e-30,9.448993707006126e-36,4.944900595477721e-41,2.587793225116187e-46,1.3542585228268433e-51,7.087181962024031e-57,3.7089039733708956e-62,1.9409645127494142e-67,1.0157564786797538e-72,5.315714003026178e-78,2.781849385661399e-83,1.4558130855232524e-88,7.618643018219466e-94,3.987031166037495e-99,2.0865156013924183e-104,1.09192709400883e-109,5.714334356450031e-115,2.9904576337072887e-120,1.5649831285955466e-125,8.189957835157331e-131,4.286014853198448e-136,2.2429814281803127e-141,1.1738096715664496e-146,6.142846872257616e-152,3.214709216499157e-157,1.6823397296971135e-162,8.804115008571553e-168,4.60741904360246e-173,2.4111804789786426e-178,1.261832545984784e-183,6.603493135366189e-189,3.4557772128786293e-194,1.808496791053138e-199,9.464327246156778e-205,4.9529250295315444e-210,2.5919926171320463e-215,1.3564561723040001e-220,7.09868282502089e-226,3.714922669757526e-231,1.9441142508346643e-236,1.0174048173511838e-241,5.3243401817819775e-247,2.786363686103213e-252,1.4581755346511773e-257,7.63100632002884e-263,3.99350119876002e-268,2.0899015353505125e-273,1.0936990400344918e-278,5.72360740417251e-284,2.995310457259358e-289,1.5675227355438073e-294,8.203248249248107e-300,4.292970067540788e-305,2.2466212701158e-310,1.175714495e-315,6.15e-321,0.0,0.0,0.0,0.0,0.0,0.0,0.0,0.0,0.0,0.0,0.0,0.0,0.0,0.0,0.0,0.0,0.0,0.0,0.0,0.0,0.0,0.0,0.0
Pd122,1039517.1383307736,0.0026062333550603434,6.533656224721257e-12,1.6379447973232625e-20,4.106220264432105e-29,1.0294025102425476e-37,2.580644631444804e-46,6.4695069688879265e-55,1.6218629992869938e-63,4.065904250673309e-72,1.0192955498035854e-80,2.5553071439824066e-89,6.405987548307996e-98,1.605939096821138e-106,4.025984070761875e-115,1.0092878223160676e-123,2.5302184270260616e-132,6.343091779083595e-141,1.590171539663026e-149,3.986455838290895e-158,9.993783534832485e-167,2.505376038077679e-175,6.280813538032101e-184,1.5745587927708981e-192,3.94731570501127e-201,9.895661785743002e-210,2.4807775586203006e-218,6.219146762089972e-227,1.5590993361744642e-235,3.908559860457092e-244,9.798503423303908e-253,2.456420593882638e-261,6.15808544772254e-270,1.5437916648269217e-278,3.8701845315746585e-287,9.702298988716867e-296,2.432302772605932e-304,6.09762365035e-313,1.527e-321,0.0,0.0,0.0,0.0,0.0,0.0,0.0,0.0,0.0,0.0,0.0,0.0,0.0,0.0,0.0,0.0,0.0,0.0,0.0,0.0,0.0,0.0,0.0,0.0,0.0,0.0,0.0,0.0,0.0,0.0,0.0,0.0,0.0,0.0,0.0,0.0,0.0,0.0,0.0,0.0,0.0,0.0,0.0,0.0,0.0,0.0,0.0
Pd123,121233.43027667417,0.0822199020970608,5.576086512452928e-08,3.781656265858166e-14,2.564688349286984e-20,1.739350661865547e-26,1.1796133927044972e-32,8.000041548582098e-39,5.42556274579976e-45,3.679572278449918e-51,2.4954558239730314e-57,1.6923977294513886e-63,1.1477702979698875e-69,7.784084284543017e-76,5.279102295645854e-82,3.5802439990575503e-88,2.4280921972964765e-94,1.6467122688073694e-100,1.116786792223118e-106,7.573956682713581e-113,5.136595474721646e-119,3.483597038671981e-125,2.3625470192397864e-131,1.6022600651442257e-137,1.0866396712739506e-143,7.369501374173449e-150,4.997935556712474e-156,3.3895590163795145e-162,2.2987712016592956e-168,1.5590078272844148e-174,1.0573063573180698e-180,7.170565238100408e-187,4.8630186963291e-193,3.298059505154349e-199,2.236716981522138e-205,1.5169231627297053e-211,1.0287648820281093e-217,6.97699928709504e-224,4.731743851535808e-230,3.209029979114277e-236,2.176337885135463e-242,1.4759745534017124e-248,1.0009938701010964e-254,6.788658555600877e-261,4.604012707877869e-267,3.1224037622002218e-273,2.1175886933413577e-279,1.4361313320373898e-285,9.739725232500625e-292,6.6054019913368016e-298,4.479729604851904e-304,3.0381159782412e-310,2.06042543e-316,1.4e-322,0.0,0.0,0.0,0.0,0.0,0.0,0.0,0.0,0.0,0.0,0.0,0.0,0.0,0.0,0.0,0.0,0.0,0.0,0.0,0.0,0.0,0.0,0.0,0.0,0.0,0.0,0.0,0.0,0.0,0.0,0.0,0.0
Pd124,12918.133198246853,3.17679936571511e-36,7.81231626515311e-76,1.921187912760647e-115,4.724543747161404e-155,1.1618495760140041e-194,2.8571953389043425e-234,7.026352957552212e-274,1.7279055167e-313,0.0,0.0,0.0,0.0,0.0,0.0,0.0,0.0,0.0,0.0,0.0,0.0,0.0,0.0,0.0,0.0,0.0,0.0,0.0,0.0,0.0,0.0,0.0,0.0,0.0,0.0,0.0,0.0,0.0,0.0,0.0,0.0,0.0,0.0,0.0,0.0,0.0,0.0,0.0,0.0,0.0,0.0,0.0,0.0,0.0,0.0,0.0,0.0,0.0,0.0,0.0,0.0,0.0,0.0,0.0,0.0,0.0,0.0,0.0,0.0,0.0,0.0,0.0,0.0,0.0,0.0,0.0,0.0,0.0,0.0,0.0,0.0,0.0,0.0,0.0,0.0,0.0
Pd125,3.0057431026201044e-11,5.0443788353555116e-15,8.465712792421143e-19,1.420755566204653e-22,2.3843785259388802e-26,4.001575703937477e-30,6.715631742253478e-34,1.1270487686434426e-37,1.891466023827063e-41,3.1743468595403775e-45,5.327337556022172e-49,8.940587368550394e-53,1.5004512414334088e-56,2.5181275402983807e-60,4.226039563372636e-64,7.09233750291876e-68,1.1902692935312812e-71,1.9975656693444334e-75,3.352408253350115e-79,5.626168525822882e-83,9.442099496482245e-87,1.5846173553507406e-90,2.6593790542180535e-94,4.463094468915697e-98,7.490174146807672e-102,1.2570361021987531e-105,2.1096168543751318e-109,3.5404577994848643e-113,5.941762080605881e-117,9.971743379532072e-121,1.6735046721544647e-124,2.8085539119181013e-128,4.713446701045365e-132,7.910326986895052e-136,1.3275481194201765e-139,2.2279534237911666e-143,3.7390557720429547e-147,6.275058498600906e-151,1.0531097036658767e-154,1.7673780223762114e-158,2.966096564398853e-162,4.9778421582442593e-166,8.354047824945264e-170,1.4020154284299056e-173,2.3529279491147397e-177,3.948793873064062e-181,6.627050801880674e-185,1.1121827004008516e-188,1.866517091916513e-192,3.132476393636421e-196,5.257068579326102e-200,8.822658681125724e-204,1.4806598968435231e-207,2.484912778968504e-211,4.1702969954440034e-215,6.998787714967005e-219,1.1745693300186155e-222,1.971217255339889e-226,3.3081891110575345e-230,5.551957890421664e-234,9.317555732828626e-238,1.5637158376893594e-241,2.624301148449604e-245,4.4042250847382165e-249,7.39137678939664e-253,1.240455467004786e-256,2.081790455912706e-260,3.493758234460272e-264,5.863388683616286e-268,9.840213474436522e-272,1.6514307075198306e-275,2.7715083507328236e-279,4.651275105401019e-283,7.805987703556026e-287,1.3100374122638423e-290,2.1985661350057313e-294,3.689736647780967e-298,6.192288834623774e-302,1.0392189110425226e-305,1.744065843682536e-309,2.9269729744e-313,4.912183e-317,8.246e-321,0.0,0.0,0.0
Pd126,0.0,0.0,0.0,0.0,0.0,0.0,0.0,0.0,0.0,0.0,0.0,0.0,0.0,0.0,0.0,0.0,0.0,0.0,0.0,0.0,0.0,0.0,0.0,0.0,0.0,0.0,0.0,0.0,0.0,0.0,0.0,0.0,0.0,0.0,0.0,0.0,0.0,0.0,0.0,0.0,0.0,0.0,0.0,0.0,0.0,0.0,0.0,0.0,0.0,0.0,0.0,0.0,0.0,0.0,0.0,0.0,0.0,0.0,0.0,0.0,0.0,0.0,0.0,0.0,0.0,0.0,0.0,0.0,0.0,0.0,0.0,0.0,0.0,0.0,0.0,0.0,0.0,0.0,0.0,0.0,0.0,0.0,0.0,0.0,0.0,0.0
Pm159,197273059.1455042,18969977.027785484,1798757.4596698657,170277.98089159172,16116.048564115645,1525.275887851299,144.35672492211864,13.662352627924754,1.2930459038397613,0.12237773002775303,0.011582194223522501,0.0010961734867270705,0.00010374513583559802,9.818749805445798e-06,9.292758351071552e-07,8.794944313940405e-08,8.323798226862643e-09,7.877891484963781e-10,7.455872013881891e-11,7.056460170020069e-12,6.678444860422792e-13,6.32067987051088e-14,5.982080388540075e-15,5.661619716244759e-16,5.3583261556928224e-17,5.071280062912055e-18,4.799611059354037e-19,4.542495392740267e-20,4.299153439287985e-21,4.068847339742039e-22,3.8508787620447815e-23,3.644586783859945e-24,3.4493458885299797e-25,3.264564068390116e-26,3.0896810296881334e-27,2.9241664936667297e-28,2.767518588657118e-29,2.6192623283083178e-30,2.4789481713378663e-31,2.34615065843683e-32,2.2204671221959787e-33,2.101516466141317e-34,1.9889380091768373e-35,1.882390391930579e-36,1.781550541687856e-37,1.6861126927731061e-38,1.5957874594100012e-39,1.5103009582485278e-40,1.4293939778983846e-41,1.3528211929505739e-42,1.2803504201039237e-43,1.2117619141409954e-44,1.1468477016186433e-45,1.0854109502528301e-46,1.0272653720855644e-47,9.722346586242601e-49,9.201519462407221e-50,8.708593102087765e-51,8.242072858463544e-52,7.800544153100421e-53,7.382668186678987e-54,6.987177879499448e-55,6.6128740294540975e-56,6.258621675817597e-57,5.923346657829409e-58,5.606032357633336e-59,5.305716617698097e-60,5.021488823372032e-61,4.752487141725633e-62,4.497895908309606e-63,4.25694315390454e-64,4.02889826376288e-65,3.813069762245538e-66,3.608803216135755e-67,3.4154792502726633e-68,3.2325116694875743e-69,3.059345681148316e-70,2.895456212922057e-71,2.740346320655781e-72,2.593545681546738e-73,2.4546091680339314e-74,2.323115498086382e-75,2.1986659577955823e-76,2.080883192398819e-77,1.9694100620675015e-78,1.8639085589910224e-79
Pm160,14773713.711528031,1610502.2938225355,174897.14547350048,18991.6272249189,2062.2464570640223,223.93342778799186,24.316288593585774,2.6404360295077978,0.286717374614265,0.031133817288888744,0.0033807319151201564,0.00036710398136726385,3.986276833515398e-05,4.328583671100051e-06,4.700284847299633e-07,5.10390449265359e-08,5.542183488112527e-09,6.018098077681219e-10,6.534880079353855e-11,7.096038831588802e-12,7.705385024356088e-13,8.367056576588311e-14,9.08554673576224e-15,9.865734590428533e-16,1.0712918202892524e-16,1.1632850587041895e-17,1.2631778775637727e-18,1.371648624236534e-19,1.4894338966722377e-20,1.6173335454559483e-21,1.7562161053950624e-22,1.907024693523867e-23,2.0707834135775163e-24,2.248604310426611e-25,2.4416949216982222e-26,2.651366477864566e-27,2.8790428064840703e-28,3.1262700010613477e-29,3.394726920184886e-30,3.686236588239527e-31,4.0027785751131144e-32,4.3465024389648505e-33,4.719742323341858e-34,5.125032807769358e-35,5.5651261194518846e-36,6.043010822965909e-37,6.561932114861e-38,7.125413860985082e-39,7.737282526183808e-40,8.401693158874695e-41,9.123157606950856e-42,9.90657515662156e-43,1.0757265802250232e-43,1.1681006373117338e-44,1.2684069762435892e-45,1.3773267525014168e-46,1.495599613283573e-47,1.624028720266705e-48,1.763486203677585e-49,1.9149190847132676e-50,2.0793557065272723e-51,2.2579127174529944e-52,2.4518026538857094e-53,2.662342174316645e-54,2.8909610004343705e-55,3.1392116260103543e-56,3.408779859499282e-57,3.701496271946343e-58,4.019348627941389e-59,4.3644953840354686e-60,4.739280346284182e-61,5.146248586453539e-62,5.588163724971374e-63,6.06802669798856e-64,6.589096135992429e-65,7.154910492358579e-66,7.769312072110548e-67,8.436473124060637e-68,9.160924173517327e-69,9.947584787959418e-70,1.0801796984599228e-70,1.1729361506697114e-71,1.2736577214970915e-72,1.3830283861597531e-73,1.5017908537274283e-74,1.6307516106750693e-75
Pm161,584328.3167061202,22587.584919921486,872.1559288406748,33.67503086412613,1.300234372639146,0.050203648271288884,0.001938424604197583,7.484495799657334e-05,2.889855878520017e-06,1.1158088964388264e-07,4.308275380188329e-09,1.663478110882271e-10,6.422893573863155e-12,2.4799582027137545e-13,9.57542362562937e-15,3.697188828018492e-16,1.4275300774618514e-17,5.511869198064253e-19,2.1282004867166332e-20,8.217243822207486e-22,3.172778901943634e-23,1.2250489553946767e-24,4.730064683026723e-26,1.8263361482079363e-27,7.051708485552139e-29,2.7227513737819544e-30,1.0512877919755739e-31,4.059151460537966e-33,1.5672883015814878e-34,6.051492889966309e-36,2.336555830880666e-37,9.021729431219457e-39,3.483400689785967e-40,1.3449838479539951e-41,5.193148053743671e-43,2.0051383330087483e-44,7.742085711580525e-46,2.989314511558827e-47,1.1542110978763538e-48,4.456551002946281e-50,1.7207291524404616e-51,6.643946886507015e-53,2.5653096054147118e-54,9.904975888650986e-56,3.824433009866543e-57,1.4766606210233711e-58,5.701568269219648e-60,2.201445631159539e-61,8.500052333170993e-63,3.281974746230272e-64,1.2672108138509465e-65,4.8928568039265155e-67,1.8891921882341135e-68,7.294403386628114e-70,2.8164588599419915e-71,1.0874694048710362e-72,4.198853117829395e-74,1.6212288296236185e-75,6.2597639027714226e-77,2.4169718304070106e-78,9.332225495588825e-80,3.6032870389661273e-81,1.391273441829972e-82,5.371877868760619e-84,2.074148112747977e-85,8.008540958524343e-87,3.092196159482034e-88,1.1939349674597027e-89,4.6099297489644995e-91,1.779950572651701e-92,6.872608073463107e-94,2.653598501955299e-95,1.024587017666373e-96,3.956056487056903e-98,1.5274820643766043e-99,5.897796112431126e-101,2.277211614789318e-102,8.792594114267852e-104,3.3949287258228855e-105,1.310823734569386e-106,5.061251654683707e-108,1.9542115111650516e-109,7.545450989057075e-111,2.9133914268225673e-112,1.1248962610973016e-113,4.343362812770968e-115
Pm162,2269.6326328905516,0.005465475021771072,1.3161344607369326e-08,3.1693675514740143e-14,7.632115848339718e-20,1.8378806300136357e-25,4.4257782210081615e-31,1.0657663257164234e-36,2.5664590594246833e-42,6.180259166356517e-48,1.4882607701482674e-53,3.5838628451371013e-59,8.630256975378456e-65,2.0782417932687148e-70,5.00458904481157e-76,1.2051490634328502e-81,2.9021049522514006e-87,6.988524000418292e-93,1.6828980518617602e-98,4.052566540217356e-104,9.758936701317377e-110,2.3500377993845696e-115,5.659097735300149e-121,1.3627605133017904e-126,3.281647187378118e-132,7.902495087955202e-138,1.9029903292270192e-143,4.582568103903252e-149,1.1035227086751112e-154,2.6573797507219008e-160,6.399204188579883e-166,1.540984657387184e-171,3.7108266033149984e-177,8.935996873076229e-183,2.151866649988275e-188,5.181884175993109e-194,1.2478432905474922e-199,3.004916406619552e-205,7.236103026053573e-211,1.7425172589931245e-216,4.196134835223435e-222,1.01046617842682e-227,2.433291440431356e-233,5.859579826110239e-239,1.4110383642524755e-244,3.3979044990910286e-250,8.182452920803214e-256,1.970406637946166e-261,4.744912505382552e-267,1.1426166685676182e-272,2.751521444931899e-278,6.62590566914357e-284,1.5955763680219306e-289,3.8422882445278165e-295,9.252568068765561e-301,2.228099778538629e-306,5.365460255174e-312,1.29205e-317,3e-323,0.0,0.0,0.0,0.0,0.0,0.0,0.0,0.0,0.0,0.0,0.0,0.0,0.0,0.0,0.0,0.0,0.0,0.0,0.0,0.0,0.0,0.0,0.0,0.0,0.0,0.0,0.0
Pm163,45.32659534697339,1.3508378072671202e-06,4.025810382566235e-14,1.199784988929707e-21,3.5756379036000767e-29,1.0656231354475313e-36,3.175804422639424e-44,9.464634724376929e-52,2.820680953376587e-59,8.406284312536139e-67,2.505267951648292e-74,7.466280316258388e-82,2.2251249302203743e-89,6.631389052332601e-97,1.976307944158507e-104,5.88985664891755e-112,1.755314066683525e-119,5.231243570695923e-127,1.559032073824391e-134,4.646277647687197e-142,1.3846986435911719e-149,4.126723538610878e-157,1.229859453025729e-164,3.665266791062764e-172,1.092334625441666e-179,3.2554108662655123e-187,9.701880414085172e-195,2.8913856786743484e-202,8.617000814301864e-210,2.5680663628285874e-217,7.653434165801414e-225,2.2809011238221697e-232,6.797615062660522e-240,2.0258471556486378e-247,6.037495004083661e-255,1.799313725258021e-262,5.3623727716744935e-270,1.5981116210444348e-277,4.7627437741888896e-285,1.4194082540836701e-292,4.2301662387957505e-300,1.2606877800213628e-307,3.757142367e-315,1.14e-322,0.0,0.0,0.0,0.0,0.0,0.0,0.0,0.0,0.0,0.0,0.0,0.0,0.0,0.0,0.0,0.0,0.0,0.0,0.0,0.0,0.0,0.0,0.0,0.0,0.0,0.0,0.0,0.0,0.0,0.0,0.0,0.0,0.0,0.0,0.0,0.0,0.0,0.0,0.0,0.0,0.0,0.0
Pr153,204942662052.83643,92314574063.25317,41109632405.70554,18293442871.884075,8140036530.355141,3622062112.3558946,1611704223.5373812,717157903.1130636,319112806.2073489,141995204.4559532,63183418.829366095,28114642.535019495,12510135.404457416,5566618.449547018,2476970.868900136,1102174.4603097695,490433.1157913627,218227.37663257407,97104.3479294635,43208.39361361244,19226.381912630994,8555.137799288315,3806.768381976668,1693.8927056467492,753.729202918669,335.3858892234273,149.2362167402005,66.40544251428334,29.548342164117113,13.148086837309204,5.850486857139346,2.6032834197925867,1.1583795894690228,0.515442637976518,0.22935583073073154,0.10205616147063956,0.04541179555338728,0.020206826767396352,0.008991405053066854,0.004000893646436357,0.001780272368514304,0.000792165447566577,0.000352488814305446,0.00015684648275449665,6.979177254441613e-05,3.1055152970919074e-05,1.3818570454467496e-05,6.148831067871272e-06,2.7360372497138964e-06,1.2174508860614388e-06,5.417275149038171e-07,2.4105177774625645e-07,1.0726049158671077e-07,4.772755946041361e-08,2.1237269178519625e-08,9.449919653549182e-09,4.204918283413686e-09,1.871056942113362e-09,8.325617395324264e-10,3.704638990571477e-10,1.6484483250659776e-10,7.335078768346185e-11,3.26388032428554e-11,1.4523245227072254e-11,6.462389271942684e-12,2.8755608301836012e-12,1.279534509625799e-12,5.693527829904401e-13,2.533441568479157e-13,1.127302153014311e-13,5.016141520696598e-14,2.2320258759708917e-14,9.931816098983934e-15,4.41934710909789e-15,1.9664710538377696e-15,8.75018030971365e-16,3.8935561905716753e-16,1.732510562360641e-16,7.709129396821346e-17,3.430321139050228e-17,1.5263854725109045e-17,6.791937303390251e-18,3.022199383049649e-18,1.3447840730724245e-18,5.983867951704731e-19,2.662633829506288e-19
Pr154,14641597096.001827,3272607753.576942,725557398.3465153,160793533.2064556,35633300.59180805,7896652.802929074,1749967.6115728647,387808.1902501813,85941.7005250273,19045.435539437334,4220.635764370117,935.3299491940122,207.27733040707747,45.934476638652896,10.179483399960382,2.2558629132801156,0.49991903160158985,0.11078644747702295,0.02455124963988292,0.0054407725187222405,0.0012057229686751022,0.0002671987979993908,5.921360006168853e-05,1.3122253762060678e-05,2.908006667666297e-06,6.444398144197801e-07,1.428135220689452e-07,3.164873061745931e-08,7.01363663038119e-09,1.5542834680354623e-09,3.444428655661689e-10,7.633156375869462e-11,1.691574483991849e-11,3.748677603328094e-12,8.307398761733386e-13,1.8409925176061936e-13,4.079801087067117e-14,9.041197479540502e-15,2.003608757377262e-15,4.4401729546591876e-16,9.839813184433352e-17,2.1805890106814574e-17,4.832376737626612e-18,1.0708971209140012e-18,2.3732020615287307e-19,5.2592241727546007e-20,1.165490260929113e-20,2.582828766565292e-21,5.723775359632055e-22,1.268438883430054e-22,2.810971954533012e-23,6.229360698722912e-24,1.3804810344057756e-24,3.0592672001554444e-25,6.779604767243718e-26,1.5024199519969467e-26,3.329494549689226e-27,7.378452304015193e-28,1.6351298249672353e-28,3.623591282202152e-29,8.030196489575094e-30,1.77956205982468e-30,3.94366579806446e-31,8.73950972429453e-32,1.9367521015225281e-32,4.2920127342208796e-33,9.511477125148165e-34,2.10782685663768e-34,4.6711294146059064e-35,1.0351632981279137e-35,2.294012772244001e-36,5.0837337536365455e-37,1.1266000429711032e-37,2.4966446283985176e-38,5.5327837411338125e-39,1.2261134635645233e-39,2.7171751072745073e-40,6.021498648361997e-41,1.3344169786905933e-41,2.957185207543174e-42,6.553382107213003e-43,1.452287023943951e-43,3.218395578665475e-44,7.132247227992344e-45,1.5805686180533953e-45,3.50267885635035e-46
Pr155,716715135.3862884,12322059.776891833,210934.4884885107,3610.291991236548,61.792315898764016,1.05761236644686,0.01810166672255798,0.00030982082701484933,5.302768320855517e-06,9.076004391179655e-08,1.5534123070159193e-09,2.6587578537683777e-11,4.550622711721948e-13,7.78866230149128e-15,1.333076026944818e-16,2.2816391632164134e-18,3.905161570607401e-20,6.683917044556084e-22,1.1439922843335443e-23,1.9580110553296068e-25,3.351252753445292e-27,5.735869052886466e-29,9.817282136668812e-31,1.6802864162747167e-32,2.875910462195757e-34,4.9222923582896894e-36,8.424797078688702e-38,1.4419542898045903e-39,2.4679908067405756e-41,4.2241135278854305e-43,7.229822350930783e-45,1.2374272348732195e-46,2.1179305483333893e-48,3.624964507931931e-50,6.204343052753273e-52,1.0619103340741075e-53,1.8175228997258127e-55,3.1107988923641016e-57,5.324317922043005e-59,9.11288781945159e-61,1.5597251258438007e-62,2.6695626198708775e-64,4.56911571361424e-66,7.820314177685906e-68,1.3384934344186017e-69,2.2909113793582163e-71,3.9210315217964774e-73,6.711079412957769e-75,1.148641285760195e-76,1.965968098671843e-78,3.364871707913077e-80,5.759178706085295e-82,9.857177998978586e-84,1.6871148311630195e-85,2.8875977017206825e-87,4.94229576610063e-89,8.459034104737267e-91,1.4478141611011633e-92,2.4780203261163855e-94,4.241279648746921e-96,7.259203191067739e-98,1.2424559409747262e-99,2.126537478883177e-101,3.639695783133454e-103,6.229556509258785e-105,1.0662257676007956e-106,1.8249090217036524e-108,3.1234406808505056e-110,5.345955097358338e-112,9.149921136068938e-114,1.5660635989563631e-115,2.680411294812363e-117,4.5876838681044466e-119,7.852094682036137e-121,1.3439328573687275e-122,2.3002212763014144e-124,3.936965965925512e-126,6.738352164874415e-128,1.153309179984075e-129,1.973957478163847e-131,3.3785460076306493e-133,5.782583085981526e-135,9.897235991683188e-137,1.6939709956358096e-138,2.899332436315242e-140,4.962380464557218e-142
Pr156,37201188.1835793,329423.8895855428,2913.065267594226,25.759632188495505,0.22778705853949385,0.002014273480228839,1.781180054355574e-05,1.5750603963039616e-07,1.3927930789134869e-09,1.231617889206927e-11,1.0890940283806125e-13,9.630631489268888e-16,8.516166691319306e-18,7.530668699674463e-20,6.659213366744369e-22,5.888603579884457e-24,5.207169407455199e-26,4.604591372148264e-28,4.071744175272374e-30,3.60055850539666e-32,3.1838988386142947e-34,2.815455379862706e-36,2.4896485088853447e-38,2.201544283787327e-40,1.9467797225909004e-42,1.7214967312723003e-44,1.5222836777019285e-46,1.3461237266974274e-48,1.1903491537879956e-50,1.0526009458284255e-52,9.307930766641505e-55,8.230809168464637e-57,7.2783329900213425e-59,6.436078158220111e-61,5.691289765872125e-63,5.032688914405359e-65,4.450301908902607e-67,3.935309218833822e-69,3.479911917179859e-71,3.0772135753334714e-73,2.7211158252219614e-75,2.40622600706907e-77,2.1277755042357603e-79,1.881547528422079e-81,1.663813261626391e-83,1.471275387810907e-85,1.3010181591305327e-87,1.1504632405398092e-89,1.0173306640991819e-91,8.996043016818746e-94,7.955013332082494e-96,7.034452480418281e-98,6.220419706865404e-100,5.500587492384154e-102,4.864054868834539e-104,4.3011823373030857e-106,3.803445889820069e-108,3.363307923806764e-110,2.9741030944117127e-112,2.6299373761108904e-114,2.3255988049846522e-116,2.056478549973653e-118,1.8185011178356057e-120,1.6080626348432936e-122,1.4219762705765465e-124,1.2574239773190367e-126,1.1119138142127758e-128,9.832422098974437e-131,8.694605921489244e-133,7.688458791642076e-135,6.79874385619691e-137,6.011987483424248e-139,5.31627522162132e-141,4.701071369484485e-143,4.1570594259502594e-145,3.676001003315322e-147,3.250611067049238e-149,2.874447612961277e-151,2.5418141110185374e-153,2.247673238447709e-155,1.9875705957150414e-157,1.757567250157456e-159,1.5541800857215522e-161,1.3743290554811237e-163,1.2152905381378255e-165,1.0746560921469304e-167
Pr157,1229007.0206507586,3738.1973278582027,11.368130009276838,0.03457130899195414,0.00010513386145586135,3.1971970824687724e-07,9.722908530700542e-10,2.9568070987782992e-12,8.991865131488409e-15,2.7344914917271556e-17,8.315787224324696e-20,2.5288912900059524e-22,7.690542078759493e-25,2.338749700270081e-27,7.11230769495468e-30,2.1629044246107202e-32,6.577549440555307e-35,2.0002805556577505e-37,6.082998444181499e-40,1.8498840058837096e-42,5.625631613464631e-45,1.7107954309434782e-47,5.202653155481955e-50,1.5821646099042338e-52,4.811477486627739e-55,1.4632052480131523e-57,4.449713427452379e-60,1.3531901702331798e-62,4.115149585855662e-65,1.251446876165965e-67,3.805740839284482e-70,1.1573534291899877e-72,3.5195958333033953e-75,1.070334654685082e-77,3.2549654201192486e-80,9.89858624103815e-83,3.0102319663869185e-85,9.15433403397543e-88,2.7838994649367623e-90,8.46604045920923e-93,2.574584389978884e-95,7.829498114331091e-98,2.3810072398837537e-100,7.24081594195925e-103,2.2019847158419796e-105,6.696395444474857e-108,2.0364224885928584e-110,6.192908687118235e-113,1.8833085090061706e-115,5.727277954982269e-118,1.741706821626132e-120,5.296656939550255e-123,1.6107518433609243e-125,4.898413339775253e-128,1.4896430723445493e-130,4.5301127713446944e-133,1.377640194627352e-135,4.1895038857708775e-138,1.2740585587833435e-140,3.874504608343174e-143,1.1782649907715326e-145,3.583189410817378e-148,1.0896739234683203e-150,3.313777541042637e-153,1.0077438172115564e-155,3.0646221375759273e-158,9.31973849475753e-161,2.834200162743997e-163,8.619008534431075e-166,2.621103092615474e-168,7.9709648675639575e-171,2.4240283069728122e-173,7.371646131469201e-176,2.2417711266527027e-178,6.817388809318926e-181,2.0732174495807564e-183,6.304804835790994e-186,1.9173369404859973e-188,5.830760886496165e-191,1.7731767326652548e-193,5.392359224586245e-196,1.6398556032975932e-198,4.986919987462174e-201,1.5165585867035957e-203,4.611964805304302e-206,1.4025319926214426e-208
Pr158,6267.286435078897,3.813791123166454e-08,2.3207815506457127e-19,1.41225012903845e-30,8.593874018061731e-42,5.229574359366591e-53,3.18231893121383e-64,1.936515877592098e-75,1.1784154339099811e-86,7.170934929818078e-98,4.363682474614732e-109,2.6554033645014334e-120,1.6158753688484347e-131,9.832981469243955e-143,5.983600371568261e-154,3.6411614848069856e-165,2.2157323576352006e-176,1.348325225661308e-187,8.20487595394828e-199,4.992859893032152e-210,3.038272613914783e-221,1.8488603073655547e-232,1.1250749588752114e-243,6.846345600288699e-255,4.166162237354654e-266,2.5352076569473777e-277,1.5427334553168259e-288,9.3878957316639e-300,5.712755237456e-311,3.46e-322,0.0,0.0,0.0,0.0,0.0,0.0,0.0,0.0,0.0,0.0,0.0,0.0,0.0,0.0,0.0,0.0,0.0,0.0,0.0,0.0,0.0,0.0,0.0,0.0,0.0,0.0,0.0,0.0,0.0,0.0,0.0,0.0,0.0,0.0,0.0,0.0,0.0,0.0,0.0,0.0,0.0,0.0,0.0,0.0,0.0,0.0,0.0,0.0,0.0,0.0,0.0,0.0,0.0,0.0,0.0,0.0
Pr159,64.109761455172,3.4681647665350695e-13,1.876183372830952e-27,1.0149644799039103e-41,5.490683428838992e-56,2.97031128799515e-70,1.6068581009881634e-84,8.692667893586459e-99,4.7024983140527704e-113,2.543924450396264e-127,1.3761943497107887e-141,7.44483936180136e-156,4.02745681485139e-170,2.1787452498596547e-184,1.1786422752645123e-198,6.37613604954591e-213,3.4493172165570832e-227,1.865987357858282e-241,1.0094487114648079e-255,5.4608446128355335e-270,2.9541692952643404e-284,1.598125719338325e-298,8.6454280698e-313,0.0,0.0,0.0,0.0,0.0,0.0,0.0,0.0,0.0,0.0,0.0,0.0,0.0,0.0,0.0,0.0,0.0,0.0,0.0,0.0,0.0,0.0,0.0,0.0,0.0,0.0,0.0,0.0,0.0,0.0,0.0,0.0,0.0,0.0,0.0,0.0,0.0,0.0,0.0,0.0,0.0,0.0,0.0,0.0,0.0,0.0,0.0,0.0,0.0,0.0,0.0,0.0,0.0,0.0,0.0,0.0,0.0,0.0,0.0,0.0,0.0,0.0,0.0
Rb100,2207817435.26886,6.779855795204633e-21,2.0819763110706332e-50,6.3933887250598005e-80,1.9632989661012108e-109,6.028951149467344e-139,1.851386497434231e-168,5.685287337557249e-198,1.7458532918644128e-227,5.361213137950919e-257,1.646335717008796e-286,5.0556119e-316,0.0,0.0,0.0,0.0,0.0,0.0,0.0,0.0,0.0,0.0,0.0,0.0,0.0,0.0,0.0,0.0,0.0,0.0,0.0,0.0,0.0,0.0,0.0,0.0,0.0,0.0,0.0,0.0,0.0,0.0,0.0,0.0,0.0,0.0,0.0,0.0,0.0,0.0,0.0,0.0,0.0,0.0,0.0,0.0,0.0,0.0,0.0,0.0,0.0,0.0,0.0,0.0,0.0,0.0,0.0,0.0,0.0,0.0,0.0,0.0,0.0,0.0,0.0,0.0,0.0,0.0,0.0,0.0,0.0,0.0,0.0,0.0,0.0,0.0
Rb101,62772.31574894878,1.6795122954193192e-42,4.493639460021743e-89,1.2023011472879654e-135,3.216831393862747e-182,8.606832189989912e-229,2.302811409014598e-275,6.2e-322,0.0,0.0,0.0,0.0,0.0,0.0,0.0,0.0,0.0,0.0,0.0,0.0,0.0,0.0,0.0,0.0,0.0,0.0,0.0,0.0,0.0,0.0,0.0,0.0,0.0,0.0,0.0,0.0,0.0,0.0,0.0,0.0,0.0,0.0,0.0,0.0,0.0,0.0,0.0,0.0,0.0,0.0,0.0,0.0,0.0,0.0,0.0,0.0,0.0,0.0,0.0,0.0,0.0,0.0,0.0,0.0,0.0,0.0,0.0,0.0,0.0,0.0,0.0,0.0,0.0,0.0,0.0,0.0,0.0,0.0,0.0,0.0,0.0,0.0,0.0,0.0,0.0,0.0
Rb102,67.81607347035825,1.4177638641534013e-39,2.9639792922806013e-80,6.196499619712197e-121,1.2954411536238843e-161,2.708251247468552e-202,5.661874180001784e-243,1.183672277826349e-283,5e-324,0.0,0.0,0.0,0.0,0.0,0.0,0.0,0.0,0.0,0.0,0.0,0.0,0.0,0.0,0.0,0.0,0.0,0.0,0.0,0.0,0.0,0.0,0.0,0.0,0.0,0.0,0.0,0.0,0.0,0.0,0.0,0.0,0.0,0.0,0.0,0.0,0.0,0.0,0.0,0.0,0.0,0.0,0.0,0.0,0.0,0.0,0.0,0.0,0.0,0.0,0.0,0.0,0.0,0.0,0.0,0.0,0.0,0.0,0.0,0.0,0.0,0.0,0.0,0.0,0.0,0.0,0.0,0.0,0.0,0.0,0.0,0.0,0.0,0.0,0.0,0.0,0.0
Rb91,405093130398365.94,393437559457329.5,378572734965185.06,361968403073069.7,344588342038588.8,327053511865444.4,309757405190987.1,292942921625922.75,276753595437049.25,261267717145288.56,246521043613374.16,232521896065440.53,219261181371319.28,206719028402751.84,194869168346831.5,183681812194746.5,173125527923205.2,163168452583920.84,153779062872134.56,144926653244748.1,136581620946718.16,128715624135200.7,121301657161592.97,114314072309551.45,107728567441384.06,101522152440226.98,95673102959569.97,90160907076495.56,84966208504313.12,80070748729665.4,75457309582168.38,71109657176750.69,67012487793672.35,63151376014416.305,59512725270337.85,56083720856497.805,52852285396407.07,49807036701732.08,46937247945874.02,44232810056078.45,41684196221591.5,39282428412855.5,37019045807159.74,34886075018433.348,32876002032256.617,30981745751194.75,29196633059909.184,27514375323974.164,25929046240788.508,24435060965342.684,23027156437830.74,21700372844155.062,20450036144247.066,19271741606809.68,18161338292581.83,17114914431531.45,16128783642509.895,15199471946852.525,14323705530197.486,13498399209423.152,12720645564084.389,11987704694065.674,11296994567372.955,10646081924063.9,10032673704274.195,9454608970143.762,8909851293185.674,8396481580280.374,7912691313022.6875,7456776176605.138,7027130055793.388,6622239376842.62,6240677775422.517,5881101071766.787,5542242535345.486,5222908422378.489,4921973770469.405,4638378435545.186,4371123357140.1313,4119267038867.599,3881922231680.6313,3658252808237.162,3447470817358.707,3248833708205.914,3061641714392.132,2885235388819.678
Rb92,26979804805263.973,14511444531901.262,7018109047202.796,3291491528325.8384,1528808849529.487,707858512118.6234,327410076056.53253,151387701792.9404,69990777681.88135,32357514060.45686,14959058171.959463,6915628165.886074,3197116430.422898,1478036245.9957883,683300369.0580117,315891693.450896,146037621.2129563,67513604.01314759,31211729.426121112,14429270.477868723,6670692.406814722,3083879.8989856765,1425686.3682500015,659098.8258879762,304703.244668905,140865.16871974396,65122.364482856516,30106.252627114325,13918.2054344205,6434.425596371497,2974.6530865862537,1375.1905050432172,635.754446018888,293.9110720663978,135.87591691124845,62.815819311161185,29.039930293973907,13.425241614718894,6.206527033261547,2.86929493860085,1.3264831363111065,0.613236892187793,0.28350114347171324,0.13106337758485037,0.06059096881795466,0.028011375640930494,0.01294973789996251,0.005986700325873565,0.0027676684322636698,0.0012795009160294169,0.0005915168793471111,0.00027345992032451244,0.00012642129182590306,5.844491948934985e-05,2.7019250988358454e-05,1.2491075877090416e-05,5.774659580106643e-06,2.6696413979261644e-06,1.2341827417971443e-06,5.705661596846596e-07,2.6377434358161567e-07,1.2194362240194183e-07,5.63748802957643e-08,2.6062266035416255e-08,1.2048659036387271e-08,5.570129027838317e-09,2.575086347208155e-09,1.1904696753768484e-09,5.503574858871707e-10,2.5443181673331167e-10,1.1762454591102812e-10,5.437815906207036e-11,2.5139176181955287e-11,1.1621911995696874e-11,5.3728426682762296e-12,2.483880307193691e-12,1.1483048660429212e-12,5.308645757039812e-13,2.4542018942105047e-13,1.1345844520816199e-13,5.245215896630451e-14,2.4248780909863522e-14,1.121027975211274e-14,5.182543922012621e-15,2.3959046604994895e-15,1.1076334766447907e-15
Rb93,25796888753792.914,14728204568649.816,8168388192332.374,4514553128203.099,2494073359751.186,1377784183168.0647,761115238317.6627,420454788735.7493,232267341056.95264,128308961017.38478,70880345808.20996,39155670665.44699,21630347986.408043,11949021586.412792,6600870081.34278,3646447997.0736322,2014368231.991832,1112775878.6946335,614718866.4607749,339582562.8662073,187591959.99093363,103629418.29585312,57246890.20177581,31624286.72925706,17469866.181538723,9650691.160680614,5331228.007760028,2945073.2178150546,1626915.2708656632,898739.3870430131,496480.9786269109,274265.6722204369,151509.6493053255,83696.85366301636,46235.75689870037,25541.524232234493,14109.630810957033,7794.432306050805,4305.794799849032,2378.604127976643,1313.9868155876602,725.8716703762293,400.98551644837704,221.51213632298462,122.36757819328739,67.59821128291203,37.34255622376842,20.62874858462132,11.395718750947683,6.295214919023871,3.4775981877760045,1.9210923393697565,1.061248475846882,0.586254134903694,0.32385809592556464,0.1789054610484953,0.09883082867359044,0.05459605670539553,0.030159915157883063,0.016660919070384247,0.009203813167801273,0.005084363981958801,0.0028087007667079262,0.001551580497560377,0.0008571230046807082,0.00047349128601965917,0.0002615657224368471,0.00014449395199866286,7.982124710256268e-05,4.4094797054670686e-05,2.435881670445828e-05,1.3456280352208697e-05,7.433508906206319e-06,4.1064137497387135e-06,2.2684621888277244e-06,1.253142283207214e-06,6.922599766907761e-07,3.824177683171127e-07,2.1125495398958458e-07,1.1670131275943764e-07,6.446805692635995e-08,3.561339856071395e-08,1.9673528527360817e-08,1.0868036760295101e-08,6.003713205735264e-09,3.3165670168142936e-09
Rb94,5560823023985.726,1548849106307.717,429495665231.3352,119099094591.17754,33026164128.567234,9158151208.379198,2539554191.913841,704218061.8033885,195279581.01826802,54151003.547132805,15016066.553764662,4163953.3891709098,1154663.7573233838,320188.11640483304,88788.12488626706,24620.935996425258,6827.382491933101,1893.2323165099174,524.9930860783873,145.58051752370082,40.369459416660064,11.194446079146877,3.104218506508172,0.8607994060642437,0.23869956832196454,0.06619136063023703,0.018354856076540877,0.00508979930889393,0.0014114007157989847,0.0003913812430829971,0.00010852997006628151,3.0095347211338222e-05,8.34543604147182e-06,2.3141883771341915e-06,6.41724149373324e-07,1.7795002686811808e-07,4.934552033500317e-08,1.3683506656263762e-08,3.794434695203679e-09,1.0521962694098394e-09,2.9177389474100716e-10,8.090886475019111e-11,2.2436018139921295e-11,6.221505041864878e-12,1.7252225749040974e-12,4.784040056112463e-13,1.3266137130022663e-13,3.678698177447467e-14,1.0201025474197087e-14,2.828743096217331e-15,7.844101090265172e-16,2.1751682574702062e-16,6.031738874678401e-17,1.672600440327317e-17,4.638118942329534e-18,1.286149806285251e-18,3.5664918144094944e-19,9.889877368942213e-20,2.742461765299461e-20,7.604843066859844e-21,2.1088220373147555e-21,5.847760888642038e-22,1.6215833676641105e-22,4.4966486632381893e-23,1.246920115475065e-23,3.45770793054728e-24,9.588219794188272e-25,2.6588121573100204e-25,7.372882807864383e-26,2.0444994863232e-26,5.669394534682145e-27,1.5721223998783004e-27,4.359493461037941e-28,1.208886994950506e-28,3.352242134600017e-29,9.295763273098792e-30,2.577714000358234e-30,7.147997719425397e-31,1.9821388792476565e-31,5.496468648763066e-32,1.5241700732040667e-32,4.2265217187651646e-33,1.172013947343916e-33,3.2499932194125514e-34,9.012227158358311e-35,2.499089470978401e-35
Rb95,363122486092.2161,37748873.486902446,3907.1763666489246,0.4044101386326398,4.185824874067334e-05,4.3325149897581416e-09,4.48434578636341e-13,4.641497416445839e-17,4.80415634592357e-21,4.972515575318538e-25,5.146774868758367e-29,5.3271409910034966e-33,5.513827952780818e-37,5.707057264714915e-41,5.907058200158171e-45,6.114068067231658e-49,6.3283324903995145e-53,6.55010570191102e-57,6.779650843456017e-61,7.017240278391816e-65,7.263155914911825e-69,7.51768954053949e-73,7.781143168344468e-77,8.053829395291686e-81,8.336071773148602e-85,8.628205192390739e-89,8.930576279560948e-93,9.243543808553971e-97,9.567479126314248e-101,9.902766593452047e-105,1.0249804040300857e-108,1.0609003238956984e-112,1.0980790391861598e-116,1.1365606637504843e-120,1.1763908573852178e-124,1.2176168800113798e-128,1.2602876477500206e-132,1.3044537909629156e-136,1.3501677143272573e-140,1.3974836590156488e-144,1.4464577670551563e-148,1.497148147941785e-152,1.5496149475894413e-156,1.603920419695166e-160,1.6601289996053239e-164,1.718307380770408e-168,1.7785245938791508e-172,1.8408520887658598e-176,1.905363819188148e-180,1.9721363305756607e-184,2.0412488508539148e-188,2.1127833844510035e-192,2.18682480959873e-196,2.2634609790435985e-200,2.3427828242871915e-204,2.4248844634795635e-208,2.509863313093746e-212,2.5978202035137918e-216,2.688859498673571e-220,2.7830892198882325e-224,2.8806211740252843e-228,2.9815710861673466e-232,3.0860587369240503e-236,3.1942081045558964e-240,3.306147512078824e-244,3.4220097795239696e-248,3.541932381533281e-252,3.666057610478012e-256,3.7945327452935924e-260,3.9275102262312576e-264,4.065147835733752e-268,4.207608885649728e-272,4.355062411008975e-276,4.507683370588412e-280,4.6656528545067987e-284,4.8291582990945315e-288,4.998393709293404e-292,5.173559888850272e-296,5.354864678577744e-300,5.542523202964586e-304,5.736758125428478e-308,5.937799912515e-312,6.1458871e-316,6.361e-320,5e-324,0.0
Rb96,51782982824.88782,2224.200654378014,8.563317593290975e-05,3.296933127827119e-12,1.26934075852564e-19,4.8870447133283054e-27,1.8815440904781833e-34,7.244067472430249e-42,2.789013226460472e-49,1.0737882835817765e-56,4.1341549298451826e-64,1.591676613098527e-71,6.128058777854434e-79,2.3593425998597755e-86,9.083622898052606e-94,3.497254063862099e-101,1.346465625496415e-108,5.183980481650645e-116,1.9958662980517675e-123,7.684215428277364e-131,2.9584730603354495e-138,1.1390314249287955e-145,4.3853452795281344e-153,1.6883865361205376e-160,6.50039828941323e-168,2.502695740401813e-175,9.635541839376685e-183,3.70974645617419e-190,1.428276582522446e-197,5.4989580023368795e-205,2.1171346979631364e-212,8.151106677691753e-220,3.1382292366674856e-227,1.2082387252798789e-234,4.6517978999398e-242,1.7909725329215674e-249,6.895361068289328e-257,2.6547589864217307e-264,1.022099525490897e-271,3.935149839785718e-279,1.515058355410956e-286,5.8330734883161234e-294,2.2457713393400803e-301,8.64636613734362e-309,3.32890736e-316,1.5e-323,0.0,0.0,0.0,0.0,0.0,0.0,0.0,0.0,0.0,0.0,0.0,0.0,0.0,0.0,0.0,0.0,0.0,0.0,0.0,0.0,0.0,0.0,0.0,0.0,0.0,0.0,0.0,0.0,0.0,0.0,0.0,0.0,0.0,0.0,0.0,0.0,0.0,0.0,0.0,0.0
Rb97,8036589905.177256,10.11939502085671,1.2711842165464236e-08,1.5968437926044526e-17,2.0059327867576992e-26,2.51982464635865e-35,3.165368396345702e-44,3.9762914054607888e-53,4.994961521507068e-62,6.274600640957034e-71,7.882065364063028e-80,9.901340014826216e-89,1.243792452371432e-97,1.5624346424419743e-106,1.9627084946916591e-115,2.4655268966092844e-124,3.097160324288903e-133,3.8906093815246156e-142,4.887328964180347e-151,6.139394131300809e-160,7.712220842038648e-169,9.68798370724134e-178,1.2169909321082598e-186,1.5287669484071291e-195,1.9204156094189705e-204,2.412399167016711e-213,3.030422015151023e-222,3.8067736531631696e-231,4.782015697472115e-240,6.007101082006344e-249,7.54603616807809e-258,9.479224849488316e-267,1.1907669370479879e-275,1.495824733436072e-284,1.879034060776014e-293,2.3604162457227466e-302,2.965121798149e-311,3.725e-320,0.0,0.0,0.0,0.0,0.0,0.0,0.0,0.0,0.0,0.0,0.0,0.0,0.0,0.0,0.0,0.0,0.0,0.0,0.0,0.0,0.0,0.0,0.0,0.0,0.0,0.0,0.0,0.0,0.0,0.0,0.0,0.0,0.0,0.0,0.0,0.0,0.0,0.0,0.0,0.0,0.0,0.0,0.0,0.0,0.0,0.0,0.0,0.0
Rb98,538509315.6929142,4.23686521535886e-05,2.654450695400082e-18,1.6630475920658163e-31,1.0419207628413135e-44,6.527767943738198e-58,4.089730797867392e-71,2.562269085418311e-84,1.6052946246520327e-97,1.0057377839829795e-110,6.301076915088101e-124,3.9477059450446315e-137,2.4732886835936746e-150,1.5495472554309946e-163,9.708113382562954e-177,6.08225822854843e-190,3.810613216074596e-203,2.3873983209666967e-216,1.4957358356159718e-229,9.370977897981926e-243,5.871038499809813e-256,3.67828133216194e-269,2.3044906891633094e-282,1.443793135126776e-295,9.045550180964435e-309,5.7e-322,0.0,0.0,0.0,0.0,0.0,0.0,0.0,0.0,0.0,0.0,0.0,0.0,0.0,0.0,0.0,0.0,0.0,0.0,0.0,0.0,0.0,0.0,0.0,0.0,0.0,0.0,0.0,0.0,0.0,0.0,0.0,0.0,0.0,0.0,0.0,0.0,0.0,0.0,0.0,0.0,0.0,0.0,0.0,0.0,0.0,0.0,0.0,0.0,0.0,0.0,0.0,0.0,0.0,0.0,0.0,0.0,0.0,0.0,0.0,0.0
Rb98_m1,0.0,0.0,0.0,0.0,0.0,0.0,0.0,0.0,0.0,0.0,0.0,0.0,0.0,0.0,0.0,0.0,0.0,0.0,0.0,0.0,0.0,0.0,0.0,0.0,0.0,0.0,0.0,0.0,0.0,0.0,0.0,0.0,0.0,0.0,0.0,0.0,0.0,0.0,0.0,0.0,0.0,0.0,0.0,0.0,0.0,0.0,0.0,0.0,0.0,0.0,0.0,0.0,0.0,0.0,0.0,0.0,0.0,0.0,0.0,0.0,0.0,0.0,0.0,0.0,0.0,0.0,0.0,0.0,0.0,0.0,0.0,0.0,0.0,0.0,0.0,0.0,0.0,0.0,0.0,0.0,0.0,0.0,0.0,0.0,0.0,0.0
Rb99,3154799.879026923,4.2271914013130464e-22,5.6611435291059095e-50,7.581522342987076e-78,1.0153333993687008e-105,1.3597558184698756e-133,1.821013557726234e-161,2.4387396122006295e-189,3.2660113214876935e-217,4.373910973816693e-245,5.857633462874742e-273,7.84466579013365e-301,0.0,0.0,0.0,0.0,0.0,0.0,0.0,0.0,0.0,0.0,0.0,0.0,0.0,0.0,0.0,0.0,0.0,0.0,0.0,0.0,0.0,0.0,0.0,0.0,0.0,0.0,0.0,0.0,0.0,0.0,0.0,0.0,0.0,0.0,0.0,0.0,0.0,0.0,0.0,0.0,0.0,0.0,0.0,0.0,0.0,0.0,0.0,0.0,0.0,0.0,0.0,0.0,0.0,0.0,0.0,0.0,0.0,0.0,0.0,0.0,0.0,0.0,0.0,0.0,0.0,0.0,0.0,0.0,0.0,0.0,0.0,0.0,0.0,0.0
Rh115,4790514067.229023,164171965.02860674,5135292.883062639,156634.75393317157,4741.95805665702,143.23177604552762,4.32333750400149,0.13046873813729484,0.003937000427361011,0.00011879982015673064,3.584787734109952e-06,1.0817086225498246e-07,3.2640506438558673e-09,9.849255618212766e-11,2.9720075322954193e-12,8.968016435155671e-14,2.7060940290130548e-15,8.165623842714903e-17,2.463972500366819e-18,7.435023457630942e-20,2.2435142358455526e-21,6.769791857491255e-23,2.042780966633338e-24,6.164080322523344e-26,1.860007844361536e-27,5.612563432122488e-29,1.693587926260081e-30,5.110392245293901e-32,1.54205804704995e-33,4.653151668859319e-35,1.4040859547946007e-36,4.236821639933248e-38,1.278458597731119e-39,3.857741781498196e-41,1.1640714591092953e-42,3.512579220340118e-44,1.0599188462713405e-45,3.19829928439988e-47,9.650850485938164e-49,2.912138821911698e-50,8.787362865523502e-52,2.6515819077502356e-53,8.001133811252381e-55,2.414337723396335e-56,7.285250790852855e-58,2.198320416041873e-59,6.633419754957774e-61,2.001630759754813e-62,6.0399097997713434e-64,1.8225394574692965e-65,5.499502780916076e-67,1.6594719369916953e-68,5.0074474354647866e-70,1.510994507349018e-71,4.559417608798092e-73,1.3758017537661588e-74,4.151474219017655e-76,1.2527050604485265e-77,3.780030624505904e-79,1.140622160262248e-80,3.441821090143621e-82,1.038567619432696e-83,3.1338720749400965e-85,9.456441736026807e-87,2.8534760886364143e-88,8.610348390768846e-90,2.598167887428978e-91,7.839957298945458e-93,2.3657027995258186e-94,7.138495175779962e-96,2.1540369899738803e-97,6.499794760551585e-99,1.9613094912453712e-100,5.918240593988744e-102,1.7858258415960695e-103,5.388719647105272e-105,1.6260431873438215e-106,4.9065763674077486e-108,1.4805567180863397e-109,4.467571747239922e-111,1.3480873155966753e-112,4.067846054392766e-114,1.2274703078053048e-115,3.703884897307311e-117,1.1176452289937744e-118,3.372488326515365e-120
Rh116,756637344.3580517,4682941.081779056,28645.926804381827,175.2294215922078,1.0718923636580031,0.006556851177322111,4.0108782205362795e-05,2.453486233698907e-07,1.500817119833967e-09,9.18061815978034e-12,5.615857434049834e-14,3.435264834097772e-16,2.101378929037119e-18,1.285430270053967e-20,7.863079601393617e-23,4.809908577557973e-25,2.9422594832138517e-27,1.7998036193355294e-29,1.1009542450807116e-31,6.7346250265278195e-34,4.119623903590088e-36,2.5200068363391506e-38,1.541508303624975e-40,9.429529380153416e-43,5.768118415066827e-45,3.528404091964529e-47,2.15835295677573e-49,1.3202817377498297e-51,8.076268812121057e-54,4.940318120040414e-56,3.022032041648914e-58,1.8486011303008957e-60,1.1308040721782511e-62,6.91721880234262e-65,4.2313179742369894e-67,2.5883309912124734e-69,1.583302734718021e-71,9.68518925236553e-74,5.924507600300622e-76,3.624068605313729e-78,2.2168717034566958e-80,1.3560781223570563e-82,8.295238155045358e-85,5.074263415541063e-87,3.103967448437613e-89,1.8987216728741674e-91,1.1614632082745352e-93,7.10476318592471e-96,4.3460403711849337e-98,2.65850759746483e-100,1.6262303251111407e-102,9.947780750497084e-105,6.085136916457224e-107,3.722326840605145e-109,2.2769770505601553e-111,1.392845043111462e-113,8.520144345077661e-116,5.211840327822426e-118,3.18812434420893e-120,1.9502011179963235e-122,1.1929535959105838e-124,7.297392401549602e-127,4.463873200494993e-129,2.730586880029378e-131,1.6703217977969832e-133,1.0217491809547296e-135,6.250121324876278e-138,3.8232491206082035e-140,2.3387120150856823e-142,1.4306088138551722e-144,8.751148346091344e-147,5.353147319771103e-149,3.274562959496816e-151,2.0030763091659214e-153,1.2252977725486519e-155,7.495244312673483e-158,4.584900794344143e-160,2.8046204255721517e-162,1.7156087087510713e-164,1.0494515459938116e-166,6.419578903808207e-169,3.9269076747315e-171,2.4021207803392507e-173,1.4693964618692462e-175,8.988415486122745e-178,5.498285523867038e-180
Rh116_m1,0.0,0.0,0.0,0.0,0.0,0.0,0.0,0.0,0.0,0.0,0.0,0.0,0.0,0.0,0.0,0.0,0.0,0.0,0.0,0.0,0.0,0.0,0.0,0.0,0.0,0.0,0.0,0.0,0.0,0.0,0.0,0.0,0.0,0.0,0.0,0.0,0.0,0.0,0.0,0.0,0.0,0.0,0.0,0.0,0.0,0.0,0.0,0.0,0.0,0.0,0.0,0.0,0.0,0.0,0.0,0.0,0.0,0.0,0.0,0.0,0.0,0.0,0.0,0.0,0.0,0.0,0.0,0.0,0.0,0.0,0.0,0.0,0.0,0.0,0.0,0.0,0.0,0.0,0.0,0.0,0.0,0.0,0.0,0.0,0.0,0.0
Rh117,256148979.11803454,97455.37299219849,36.98370214769868,0.01403508274939638,5.326225779012803e-06,2.021269240485283e-09,7.670589854884437e-13,2.910940687334148e-16,1.1046837134411038e-19,4.192205330915236e-23,1.590915600793016e-26,6.0374248135742806e-30,2.2911648085789776e-33,8.69482658942293e-37,3.2996320970478116e-40,1.2521896628867383e-43,4.751981147362693e-47,1.8033470083783114e-50,6.843588667080189e-54,2.597098929190856e-57,9.85582736795606e-61,3.740224602734541e-64,1.4193917523742e-67,5.386502578574936e-71,2.044143907449256e-74,7.757397779743366e-78,2.9438837497629117e-81,1.1171853987877946e-84,4.2396484418420415e-88,1.6089199635008725e-91,6.105750239581048e-95,2.3170938787424562e-98,8.79322578264214e-102,3.3369739730392995e-105,1.266360670360927e-108,4.805759230948881e-112,1.823755453433969e-115,6.921037434647792e-119,2.6264902501924413e-122,9.967365585715846e-126,3.7825526560410174e-129,1.435454982831895e-132,5.447461529573414e-136,2.0672774466001847e-139,7.845188108297547e-143,2.977199628225642e-146,1.129828565478514e-149,4.287628465586013e-153,1.6271280812516407e-156,6.17484890318217e-160,2.3433163877179314e-163,8.892738557728265e-167,3.374738446357255e-170,1.28069205086708e-173,4.860145920121766e-177,1.8443948604884244e-180,6.999362688499053e-184,2.6562141922353357e-187,1.0080166079442574e-190,3.8253597351512964e-194,1.4517000005743975e-197,5.509110351903551e-201,2.090672787589867e-204,7.933971958391635e-208,3.010892541874587e-211,1.1426148146550477e-214,4.3361514783796956e-218,1.645542259937419e-221,6.244729555093367e-225,2.369835656347085e-228,8.993377517066953e-232,3.412930299527896e-235,1.2951856193438667e-238,4.915148102459643e-242,1.8652678433343997e-245,7.078574347813206e-249,2.6862745195857786e-252,1.0194243134290293e-255,3.8686512611916323e-259,1.4681288628850763e-262,5.571456852826568e-266,2.1143328932249192e-269,8.023760573690673e-273,3.04496675761002e-276,1.1555457655792615e-279,4.385223625220201e-283
Rh118,12046228.301259212,26.490472729042637,5.816090338703539e-05,1.2769461365960824e-10,2.803586844098211e-16,6.155388208740745e-22,1.3514403550602936e-27,2.967141911036561e-33,6.514479967439571e-39,1.430280401767022e-44,3.140238419495624e-50,6.894520346565335e-56,1.5137198027415461e-61,3.3234329961088497e-67,7.296731442384997e-73,1.6020268741577483e-78,3.51731473987861e-84,7.722406645563637e-90,1.6954855851627184e-95,3.7225071165424916e-101,8.172914800322299e-107,1.7943964710366696e-112,3.939669963452788e-118,8.649704606231865e-124,1.8990775996245547e-129,4.169501611416168e-135,9.154309276797822e-141,2.009865594147201e-146,4.412741130316849e-152,9.688351469816689e-158,2.1271167156809736e-163,4.6701707057444454e-169,1.0253548505358434e-174,2.25120800878689e-180,4.942618154269e-186,1.085171788815456e-191,2.3825385139732657e-197,5.230959585451666e-203,1.148478315215e-208,2.521530550890687e-214,5.536122219151188e-220,1.2154780046013476e-225,2.668631076385794e-231,5.859087367185836e-237,1.2863863079496657e-242,2.82431312178091e-248,6.2008935889388744e-254,1.3614312451693516e-259,2.989077314001368e-265,6.56264003105514e-271,1.440854138347914e-276,3.1634534854420807e-282,6.945489961968101e-288,1.5249103877706744e-293,3.348002377750162e-299,7.350674512623516e-305,1.61387029321176e-310,3.54331747e-316,7.76e-322,0.0,0.0,0.0,0.0,0.0,0.0,0.0,0.0,0.0,0.0,0.0,0.0,0.0,0.0,0.0,0.0,0.0,0.0,0.0,0.0,0.0,0.0,0.0,0.0,0.0,0.0,0.0
Rh119,396198.7214525225,0.0006276163584430171,9.913642502174057e-13,1.564501918813307e-21,2.4682598265095128e-30,3.893714816873524e-39,6.142199865439972e-48,9.68900952625372e-57,1.5283872487638902e-65,2.4109431472368872e-74,3.803123109276249e-83,5.9992056602457005e-92,9.463397902551258e-101,1.492795944762074e-109,2.3547987173190223e-118,3.714557915111119e-127,5.859498902273576e-136,9.243018460319905e-145,1.4580323621372644e-153,2.2999611849060803e-162,3.628054897421545e-171,5.7230454257527496e-180,9.027771042960766e-189,1.4240783348908826e-197,2.2464006832415038e-206,3.54356632358604e-215,5.589769618273862e-224,8.81753621412607e-233,1.3909150143370993e-241,2.1940874753754785e-250,3.4610452831252775e-259,5.4595974801751e-268,8.612197243088019e-277,1.3585239868539566e-285,2.1429925148762728e-294,3.380445956976263e-303,5.332456734547e-312,8.414e-321,0.0,0.0,0.0,0.0,0.0,0.0,0.0,0.0,0.0,0.0,0.0,0.0,0.0,0.0,0.0,0.0,0.0,0.0,0.0,0.0,0.0,0.0,0.0,0.0,0.0,0.0,0.0,0.0,0.0,0.0,0.0,0.0,0.0,0.0,0.0,0.0,0.0,0.0,0.0,0.0,0.0,0.0,0.0,0.0,0.0,0.0,0.0,0.0
Rh120,404800.0998026954,3.506708451275395e-06,3.317174503828661e-17,5.323510710950654e-28,2.4201847984845133e-38,1.761515743960325e-48,1.3806803392013801e-58,1.0913588962920503e-68,8.634583286898613e-79,6.832166249756696e-89,5.406051149804932e-99,4.277621777790982e-109,3.384734971630233e-119,2.6782243919503664e-129,2.1191868682110844e-139,1.676839698949682e-149,1.3268255943828105e-159,1.0498714689396368e-169,8.30727192752422e-180,6.57325862446132e-190,5.2011935230982914e-200,4.115525587879416e-210,3.25647388224861e-220,2.5767358067214713e-230,2.0388824408614343e-240,1.6132975669485973e-250,1.2765468902771088e-260,1.0100876592520622e-270,7.992476321428598e-281,6.324171685841364e-291,5.004099593609906e-301,3.959571938698e-311,3.13e-321,0.0,0.0,0.0,0.0,0.0,0.0,0.0,0.0,0.0,0.0,0.0,0.0,0.0,0.0,0.0,0.0,0.0,0.0,0.0,0.0,0.0,0.0,0.0,0.0,0.0,0.0,0.0,0.0,0.0,0.0,0.0,0.0,0.0,0.0,0.0,0.0,0.0,0.0,0.0,0.0,0.0,0.0,0.0,0.0,0.0,0.0,0.0,0.0,0.0,0.0,0.0,0.0,0.0
Rh121,2707.6390682780716,2.9154803638857177e-07,3.1392757815423346e-17,3.380249976866092e-27,3.6397216113614383e-37,3.919110568412354e-47,4.219945723182983e-57,4.543873308944293e-67,4.892665925608883e-77,5.268232239770773e-87,5.672627429330615e-97,6.108064429861614e-107,6.576926044258675e-117,7.081777981937258e-127,7.625382898935149e-137,8.210715515747689e-147,8.84097889562427e-157,9.519621972404447e-167,1.025035842380964e-176,1.1037186993469128e-186,1.1884413372886595e-196,1.2796673763090106e-206,1.3778960244899686e-216,1.4836648096644077e-226,1.5975525208814815e-236,1.720182375662101e-246,1.85222543037634e-256,1.99440425240511e-266,2.147496874180912e-276,2.3123410507450305e-286,2.489838844119401e-296,2.6809615595798174e-306,2.88675507e-316,0.0,0.0,0.0,0.0,0.0,0.0,0.0,0.0,0.0,0.0,0.0,0.0,0.0,0.0,0.0,0.0,0.0,0.0,0.0,0.0,0.0,0.0,0.0,0.0,0.0,0.0,0.0,0.0,0.0,0.0,0.0,0.0,0.0,0.0,0.0,0.0,0.0,0.0,0.0,0.0,0.0,0.0,0.0,0.0,0.0,0.0,0.0,0.0,0.0,0.0,0.0,0.0,0.0
Rh122,38.328367089020205,4.435539426896842e-13,5.1330154404601065e-27,5.940167581924792e-41,6.874242111803837e-55,7.955197216234975e-69,9.206129449605065e-83,1.065376723406957e-96,1.2329041960473803e-110,1.4267748893276705e-124,1.6511312000902235e-138,1.910766905349763e-152,2.2112295899807415e-166,2.5589391808685173e-180,2.9613251202201375e-194,3.4269851089897395e-208,3.965868812258064e-222,4.589490451762652e-236,5.311174828001326e-250,6.146342028614754e-264,7.112836906355871e-278,8.23131036653691e-292,9.525660610847713e-306,1.10236e-319,0.0,0.0,0.0,0.0,0.0,0.0,0.0,0.0,0.0,0.0,0.0,0.0,0.0,0.0,0.0,0.0,0.0,0.0,0.0,0.0,0.0,0.0,0.0,0.0,0.0,0.0,0.0,0.0,0.0,0.0,0.0,0.0,0.0,0.0,0.0,0.0,0.0,0.0,0.0,0.0,0.0,0.0,0.0,0.0,0.0,0.0,0.0,0.0,0.0,0.0,0.0,0.0,0.0,0.0,0.0,0.0,0.0,0.0,0.0,0.0,0.0,0.0
Rh123,0.5188000777210288,8.606704190078863e-32,1.4278208542473157e-62,2.3687027540386036e-93,3.9295915312483574e-124,6.519049119240875e-155,1.0814864873646169e-185,1.794146663046557e-216,2.97642391849492e-247,4.9377787920333206e-278,8.19159503710176e-309,0.0,0.0,0.0,0.0,0.0,0.0,0.0,0.0,0.0,0.0,0.0,0.0,0.0,0.0,0.0,0.0,0.0,0.0,0.0,0.0,0.0,0.0,0.0,0.0,0.0,0.0,0.0,0.0,0.0,0.0,0.0,0.0,0.0,0.0,0.0,0.0,0.0,0.0,0.0,0.0,0.0,0.0,0.0,0.0,0.0,0.0,0.0,0.0,0.0,0.0,0.0,0.0,0.0,0.0,0.0,0.0,0.0,0.0,0.0,0.0,0.0,0.0,0.0,0.0,0.0,0.0,0.0,0.0,0.0,0.0,0.0,0.0,0.0,0.0,0.0
Ru114,1121580336.5808535,1431959.8321024415,1825.625304348942,2.327514834436112,0.0029673807060053275,3.783154514890968e-06,4.823195774837736e-09,6.149158695698436e-12,7.83964707842608e-15,9.994873991017364e-18,1.2742602453524128e-20,1.62457192991616e-23,2.0711891194106918e-26,2.6405875230077527e-29,3.366521386829291e-32,4.2920244639608336e-35,5.47196107866948e-38,6.976278513296679e-41,8.894153521084394e-44,1.1339278772463452e-46,1.4456602618206608e-49,1.843092170626073e-52,2.349783582724319e-55,2.9957714397783828e-58,3.8193502522418374e-61,4.8693422187037426e-64,6.207991432294906e-67,7.914653744280548e-70,1.0090501021954104e-72,1.2864518671790892e-75,1.6401151964286416e-78,2.091005443876188e-81,2.6658516278859946e-84,3.398730941956938e-87,4.333088869231509e-90,5.524314654294832e-93,7.0430248076285475e-96,8.979249290643995e-99,1.1447768540613534e-101,1.459491771723177e-104,1.860726153023266e-107,2.3722653896547348e-110,3.0244338049476344e-113,3.855892296199344e-116,4.915930173630258e-119,6.26738705742082e-122,7.990378044470649e-125,1.0187042974785227e-127,1.2987601336576812e-130,1.65580717481373e-133,2.111011363155425e-136,2.691357449802482e-139,3.431248665464435e-142,4.374546162612295e-145,5.577169128380772e-148,7.110409704303828e-151,9.065159223123046e-154,1.1557296296278436e-156,1.4734556160829847e-159,1.8785288504419447e-162,2.394962293688791e-165,3.0533704003756203e-168,3.8927839600891206e-171,4.962963863821745e-174,6.327350956572619e-177,8.066826845039954e-180,1.0284508603124205e-182,1.3111861607984221e-185,1.6716492878882393e-188,2.13120869121716e-191,2.7171073014109554e-194,3.464077505785876e-197,4.416400103102429e-200,5.630529293327179e-203,7.178439313219128e-206,9.151891108112835e-209,1.1667871970515342e-211,1.4875530610242376e-214,1.896501877081228e-217,2.4178763527911693e-220,3.082583849789846e-223,3.930028588937481e-226,5.010447553898305e-229,6.387888566773176e-232,8.144007077723767e-235,1.0382906744335809e-237
Ru115,236803846.5088797,2189858.0359046776,20250.20873187363,187.25914966220233,1.7316359350418753,0.016012905200827137,0.00014807565942807503,1.3692956175077273e-06,1.2662246417593015e-08,1.170912126569647e-10,1.0827740694123024e-12,1.0012704273773207e-14,9.25901808199482e-17,8.562064103627076e-19,7.917571935319644e-21,7.321592619752207e-23,6.770474449430537e-25,6.2608405918032514e-27,5.789568398602883e-29,5.353770272634744e-31,4.950775974779796e-33,4.5781162628023414e-35,4.233507761713557e-37,3.914838972988034e-39,3.6201573369084043e-41,3.3476572687659865e-43,3.0956690956123775e-45,2.8626488257748318e-47,2.647168688450844e-49,2.4479083854156807e-51,2.263647001240088e-53,2.0932555224500836e-55,1.9356899197919726e-57,1.7899847512159667e-59,1.6552472463823236e-61,1.530651836444442e-63,1.415435095591506e-65,1.3088910633563626e-67,1.2103669190272634e-69,1.1192589816595664e-71,1.0350090111785288e-73,9.571007879091423e-76,8.850569495749953e-78,8.18436066385683e-80,7.568299362911349e-82,6.998610838302403e-84,6.471804472486177e-86,5.984652397139367e-88,5.534169715239719e-90,5.117596211889609e-92,4.732379441820647e-94,4.376159089952407e-96,4.046752509178628e-98,3.7421413467675407e-100,3.4604591774329987e-102,3.199980067301324e-104,2.9591079987025947e-106,2.736367090989489e-108,2.5303925574643514e-110,2.339922343005394e-112,2.1637893911537827e-114,2.0009144932802008e-116,1.8502996760160293e-118,1.711022086432353e-120,1.5822283374998326e-122,1.463129279182721e-124,1.3529951631282644e-126,1.2511511713243952e-128,1.1569732813287274e-130,1.0698844427341371e-132,9.893510414432017e-135,9.14879630087285e-137,8.460139045567464e-139,7.823319081167731e-141,7.234434459777576e-143,6.689876944787135e-145,6.186309902345898e-147,5.7206478570108695e-149,5.290037586302153e-151,4.891840638327965e-153,4.523617165360176e-155,4.183110974305074e-157,3.868235702469815e-159,3.577062033920325e-161,3.307805878102138e-163,3.058817438291812e-165
Ru116,6250452.37912936,0.26169597824953306,1.0954962120230428e-08,4.585901390553329e-16,1.9197228920620484e-23,8.036230325184573e-31,3.3640791650948725e-38,1.408250905099028e-45,5.895136571960847e-53,2.4677871731690096e-60,1.0330504573928539e-67,4.324494669243082e-75,1.8102943578873062e-82,7.578147073475799e-90,3.1723190660689675e-97,1.3279774276443164e-104,5.559100492744932e-112,2.3271177389857046e-119,9.741642516032164e-127,4.077988720567629e-134,1.7071034969419413e-141,7.146175600176191e-149,2.991489725141734e-156,1.2522797194359374e-163,5.242219227867311e-171,2.194466779786222e-178,9.186346923427837e-186,3.845534166882803e-193,1.609794747784782e-200,6.738827475029549e-208,2.8209680644506834e-215,1.1808969513076507e-222,4.943400909713082e-230,2.0693772244133503e-237,8.662704431895346e-245,3.626330046985661e-252,1.5180328167786548e-259,6.354699111660993e-267,2.660166522976638e-274,1.1135831619439123e-281,4.661615909583761e-289,1.9514180557966206e-296,8.16891074329006e-304,3.419621056268e-311,1.4315e-318,0.0,0.0,0.0,0.0,0.0,0.0,0.0,0.0,0.0,0.0,0.0,0.0,0.0,0.0,0.0,0.0,0.0,0.0,0.0,0.0,0.0,0.0,0.0,0.0,0.0,0.0,0.0,0.0,0.0,0.0,0.0,0.0,0.0,0.0,0.0,0.0,0.0,0.0,0.0,0.0,0.0
Ru117,445550.25332262035,1.1201894264644237e-05,2.816071869826393e-16,7.079392635455636e-27,1.779706001964828e-37,4.47404688018943e-48,1.1247416968888982e-58,2.8275159348955156e-69,7.108162153321317e-80,1.7869384421268212e-90,4.4922286901665815e-101,1.1293124670113059e-111,2.83900650681225e-122,7.13704858590002e-133,1.794200273767322e-143,4.510484388107582e-154,1.1339018120114589e-164,2.85054377457298e-175,7.166052408314398e-186,1.8014916163285832e-196,4.528814274281245e-207,1.1385098073746789e-217,2.8621279279421216e-228,7.195174097617928e-239,1.808812589738264e-249,4.547218650176682e-260,1.1431365288930605e-270,2.873759157455293e-281,7.224414132802798e-292,1.816163314411387e-302,4.56569781853e-313,1e-323,0.0,0.0,0.0,0.0,0.0,0.0,0.0,0.0,0.0,0.0,0.0,0.0,0.0,0.0,0.0,0.0,0.0,0.0,0.0,0.0,0.0,0.0,0.0,0.0,0.0,0.0,0.0,0.0,0.0,0.0,0.0,0.0,0.0,0.0,0.0,0.0,0.0,0.0,0.0,0.0,0.0,0.0,0.0,0.0,0.0,0.0,0.0,0.0,0.0,0.0,0.0,0.0,0.0,0.0
Ru118,10598.92183584294,6.141482522367775e-09,3.5586192737781725e-21,2.062005564549438e-33,1.1948080480434936e-45,6.923193109720996e-58,4.011573483537794e-70,2.3244652516231912e-82,1.3468876310446273e-94,7.80440270894222e-107,4.522181378717152e-119,2.620331777418987e-131,1.5183244652826214e-143,8.797775921896716e-156,5.097781333418625e-168,2.953857287802887e-180,1.7115824132171951e-192,9.91758934776908e-205,5.746645777114631e-217,3.329835157477865e-229,1.9294389468255678e-241,1.1179936764038145e-253,6.478100084666311e-266,3.7536688795899534e-278,2.1750250649805884e-290,1.260296042364448e-302,7.3026566e-315,0.0,0.0,0.0,0.0,0.0,0.0,0.0,0.0,0.0,0.0,0.0,0.0,0.0,0.0,0.0,0.0,0.0,0.0,0.0,0.0,0.0,0.0,0.0,0.0,0.0,0.0,0.0,0.0,0.0,0.0,0.0,0.0,0.0,0.0,0.0,0.0,0.0,0.0,0.0,0.0,0.0,0.0,0.0,0.0,0.0,0.0,0.0,0.0,0.0,0.0,0.0,0.0,0.0,0.0,0.0,0.0,0.0,0.0,0.0
Ru119,132.1320132638534,6.760188460858101e-08,3.4586734052905634e-17,1.7695396798073566e-26,9.053386404229353e-36,4.631928083873653e-45,2.3698047135329056e-54,1.212448526529404e-63,6.203175397063837e-73,3.1736922570135116e-82,1.6237365377408266e-91,8.307422807514327e-101,4.2502753432419713e-110,2.1745420826577456e-119,1.1125475145435263e-128,5.69205802908249e-138,2.91219243968522e-147,1.489947003777614e-156,7.622923690804734e-166,3.900069294310633e-175,1.9953683281353818e-184,1.0208779548440169e-193,5.223054731255574e-203,2.672239183562299e-212,1.3671812036419356e-221,6.994824621574655e-231,3.578718852793789e-240,1.8309577895404855e-249,9.36761607987693e-259,4.7926954690742457e-268,2.452057136353798e-277,1.2545308248230862e-286,6.418478456711655e-296,3.283846429606959e-305,1.6800940357e-314,1e-323,0.0,0.0,0.0,0.0,0.0,0.0,0.0,0.0,0.0,0.0,0.0,0.0,0.0,0.0,0.0,0.0,0.0,0.0,0.0,0.0,0.0,0.0,0.0,0.0,0.0,0.0,0.0,0.0,0.0,0.0,0.0,0.0,0.0,0.0,0.0,0.0,0.0,0.0,0.0,0.0,0.0,0.0,0.0,0.0,0.0,0.0,0.0,0.0,0.0,0.0
Ru120,56.21871344782367,4.4483934828549655e-09,3.519860801630025e-19,2.7851448192708153e-29,2.203789326191201e-39,1.7437827148628512e-49,1.3797953009917783e-59,1.0917845763763806e-69,8.63891593453438e-80,6.835677123380052e-90,5.408836257835378e-100,4.279826143925381e-110,3.3864792626496795e-120,2.679604593900127e-130,2.1202789749353465e-140,1.6777038454802858e-150,1.3275093638209409e-160,1.0504125121843432e-170,8.311553016678e-181,6.576646103100257e-191,5.2038739184642835e-201,4.117646492565116e-211,3.258152081197501e-221,2.5780637078435984e-231,2.0399331633584948e-241,1.6141289675306388e-251,1.2772047489693443e-261,1.0106082002142623e-271,7.99659518307056e-282,6.3274307994284985e-292,5.006678418124338e-302,3.96161247386e-312,3.1e-322,0.0,0.0,0.0,0.0,0.0,0.0,0.0,0.0,0.0,0.0,0.0,0.0,0.0,0.0,0.0,0.0,0.0,0.0,0.0,0.0,0.0,0.0,0.0,0.0,0.0,0.0,0.0,0.0,0.0,0.0,0.0,0.0,0.0,0.0,0.0,0.0,0.0,0.0,0.0,0.0,0.0,0.0,0.0,0.0,0.0,0.0,0.0,0.0,0.0,0.0,0.0,0.0,0.0
S41,0.0,0.0,0.0,0.0,0.0,0.0,0.0,0.0,0.0,0.0,0.0,0.0,0.0,0.0,0.0,0.0,0.0,0.0,0.0,0.0,0.0,0.0,0.0,0.0,0.0,0.0,0.0,0.0,0.0,0.0,0.0,0.0,0.0,0.0,0.0,0.0,0.0,0.0,0.0,0.0,0.0,0.0,0.0,0.0,0.0,0.0,0.0,0.0,0.0,0.0,0.0,0.0,0.0,0.0,0.0,0.0,0.0,0.0,0.0,0.0,0.0,0.0,0.0,0.0,0.0,0.0,0.0,0.0,0.0,0.0,0.0,0.0,0.0,0.0,0.0,0.0,0.0,0.0,0.0,0.0,0.0,0.0,0.0,0.0,0.0,0.0
S42,0.0,0.0,0.0,0.0,0.0,0.0,0.0,0.0,0.0,0.0,0.0,0.0,0.0,0.0,0.0,0.0,0.0,0.0,0.0,0.0,0.0,0.0,0.0,0.0,0.0,0.0,0.0,0.0,0.0,0.0,0.0,0.0,0.0,0.0,0.0,0.0,0.0,0.0,0.0,0.0,0.0,0.0,0.0,0.0,0.0,0.0,0.0,0.0,0.0,0.0,0.0,0.0,0.0,0.0,0.0,0.0,0.0,0.0,0.0,0.0,0.0,0.0,0.0,0.0,0.0,0.0,0.0,0.0,0.0,0.0,0.0,0.0,0.0,0.0,0.0,0.0,0.0,0.0,0.0,0.0,0.0,0.0,0.0,0.0,0.0,0.0
S43,0.0,0.0,0.0,0.0,0.0,0.0,0.0,0.0,0.0,0.0,0.0,0.0,0.0,0.0,0.0,0.0,0.0,0.0,0.0,0.0,0.0,0.0,0.0,0.0,0.0,0.0,0.0,0.0,0.0,0.0,0.0,0.0,0.0,0.0,0.0,0.0,0.0,0.0,0.0,0.0,0.0,0.0,0.0,0.0,0.0,0.0,0.0,0.0,0.0,0.0,0.0,0.0,0.0,0.0,0.0,0.0,0.0,0.0,0.0,0.0,0.0,0.0,0.0,0.0,0.0,0.0,0.0,0.0,0.0,0.0,0.0,0.0,0.0,0.0,0.0,0.0,0.0,0.0,0.0,0.0,0.0,0.0,0.0,0.0,0.0,0.0
S44,0.0,0.0,0.0,0.0,0.0,0.0,0.0,0.0,0.0,0.0,0.0,0.0,0.0,0.0,0.0,0.0,0.0,0.0,0.0,0.0,0.0,0.0,0.0,0.0,0.0,0.0,0.0,0.0,0.0,0.0,0.0,0.0,0.0,0.0,0.0,0.0,0.0,0.0,0.0,0.0,0.0,0.0,0.0,0.0,0.0,0.0,0.0,0.0,0.0,0.0,0.0,0.0,0.0,0.0,0.0,0.0,0.0,0.0,0.0,0.0,0.0,0.0,0.0,0.0,0.0,0.0,0.0,0.0,0.0,0.0,0.0,0.0,0.0,0.0,0.0,0.0,0.0,0.0,0.0,0.0,0.0,0.0,0.0,0.0,0.0,0.0
S45,0.0,0.0,0.0,0.0,0.0,0.0,0.0,0.0,0.0,0.0,0.0,0.0,0.0,0.0,0.0,0.0,0.0,0.0,0.0,0.0,0.0,0.0,0.0,0.0,0.0,0.0,0.0,0.0,0.0,0.0,0.0,0.0,0.0,0.0,0.0,0.0,0.0,0.0,0.0,0.0,0.0,0.0,0.0,0.0,0.0,0.0,0.0,0.0,0.0,0.0,0.0,0.0,0.0,0.0,0.0,0.0,0.0,0.0,0.0,0.0,0.0,0.0,0.0,0.0,0.0,0.0,0.0,0.0,0.0,0.0,0.0,0.0,0.0,0.0,0.0,0.0,0.0,0.0,0.0,0.0,0.0,0.0,0.0,0.0,0.0,0.0
S46,0.0,0.0,0.0,0.0,0.0,0.0,0.0,0.0,0.0,0.0,0.0,0.0,0.0,0.0,0.0,0.0,0.0,0.0,0.0,0.0,0.0,0.0,0.0,0.0,0.0,0.0,0.0,0.0,0.0,0.0,0.0,0.0,0.0,0.0,0.0,0.0,0.0,0.0,0.0,0.0,0.0,0.0,0.0,0.0,0.0,0.0,0.0,0.0,0.0,0.0,0.0,0.0,0.0,0.0,0.0,0.0,0.0,0.0,0.0,0.0,0.0,0.0,0.0,0.0,0.0,0.0,0.0,0.0,0.0,0.0,0.0,0.0,0.0,0.0,0.0,0.0,0.0,0.0,0.0,0.0,0.0,0.0,0.0,0.0,0.0,0.0
Sb134,362849047519.3496,5671696949.496786,118022415.5522961,3279124.2748737377,108267.9104662505,3842.4138304576177,139.88035672612594,5.135148914865281,0.18902721569380984,0.0069642083960737835,0.00025664883558601027,9.458998791219844e-06,3.4862880813002383e-07,1.2849471745527764e-08,4.735965400686671e-10,1.7455494844711232e-11,6.433627853098769e-13,2.37126312207748e-14,8.739841795930075e-16,3.221272014474581e-17,1.18727474305169e-18,4.3759772863405186e-20,1.6128682369873066e-21,5.944601125461956e-23,2.191021047569113e-24,8.075517817969151e-26,2.9764199709947226e-27,1.0970288275548762e-28,4.0433549707859774e-30,1.49027254427036e-31,5.492746177994876e-33,2.024479394180147e-34,7.461689808059164e-36,2.7501793770660454e-37,1.0136425931121227e-38,3.736015603706541e-40,1.3769954701967446e-41,5.075237167267706e-43,1.8705967348124426e-44,6.894519465727265e-46,2.5411355520225613e-47,9.365946279291353e-49,3.452037402599481e-50,1.2723286973462542e-51,4.689463424909005e-53,1.7284108469318456e-54,6.370460295997784e-56,2.3479813526352163e-57,8.654031539583153e-59,3.189644662383964e-60,1.1756177482991422e-61,4.3330127221223763e-63,1.5970326474942745e-64,5.886235376464095e-66,2.169508992912534e-67,7.996230135730234e-69,2.9471966510598436e-70,1.086257893104666e-71,4.0036561859822345e-73,1.4756406335276521e-74,5.438816866797646e-76,2.0046024918578673e-77,7.388428860133349e-79,2.723177350271491e-80,1.0036903679272636e-81,3.6993343623746485e-83,1.3634757453045091e-84,5.025407075775464e-86,1.8522306952819234e-87,6.826827154126941e-89,2.5161859757016504e-90,9.273988811171737e-92,3.418144338307711e-93,1.2598366199698778e-94,4.6434209674215436e-96,1.7114408280341569e-97,6.307913343227869e-99,2.3249282180194687e-100,8.569063848580399e-102,3.1583278430677383e-103,1.1640752059455638e-104,4.290469996873419e-106,1.5813525363353403e-107,5.8284426787660135e-109,2.1482081496125877e-110,7.917720922047354e-112
Sb134_m1,4493103552464.997,3184767341392.214,2257402461430.9033,1600074770500.082,1134152777333.3025,803901508884.3795,569815327266.6727,403892147980.4355,286283747372.60455,202921459155.654,143833238749.20087,101950777681.0119,72263971528.07536,51221596340.82995,36306500683.86576,25734496502.929302,18240929249.16842,12929396144.793184,9164515819.64302,6495922104.01181,4604389889.419484,3263648472.7388024,2313314382.451925,1639705831.2987046,1162243763.1435301,823812746.8853029,583928658.90294,413895851.9121566,293374496.384437,207947469.71054164,147395737.16166615,104475920.59510224,74053824.04120757,52490265.92815892,37205749.370561644,26371895.088503335,18692725.246096216,13249634.732483434,9391504.889362978,6656814.762650963,4718432.594805745,3344483.35210385,2370611.144220511,1680318.4843384982,1191030.513668671,844217.1515171471,598391.5531436924,424147.3301392023,300640.87087976275,213097.96577919845,151046.47244517156,107063.60689416325,75888.0080787636,53790.35824802243,38127.27087852346,27025.080925125607,19155.711441727824,13577.805071347324,9624.116082366527,6821.692451773789,4835.299939061481,3427.3203704175535,2429.3270468261962,1721.9370419469394,1220.530261786983,865.1269376570536,613.2126680448474,434.65271959863844,308.0872207954382,218.37603065064158,154.78763007308777,109.7153856687369,77.76762165526931,55.12265158669011,39.07161686668023,27.694445035464533,19.630164997764368,13.91410361702487,9.862488648839854,6.99065387363365,4.955061883564023,3.512209117169024,2.4894972399118815,1.7645864186254328,1.2507606672050564,0.8865546227233608
Sb135,303500785698.1025,38522286434.39733,4889403118.311897,620582656.5012506,78766840.08888088,9997403.299289318,1268910.5290482524,161055.2142918926,20441.77383417478,2594.551932545459,329.3109387318065,41.79746529954017,5.305101956813702,0.6733448205649492,0.08546362559522915,0.01084738617838225,0.0013767937655751272,0.00017474818742087365,2.2179740909942765e-05,2.8151416852603435e-06,3.5730907499184587e-07,4.535110106180019e-08,5.756143662358847e-09,7.305928430836364e-10,9.272977425068218e-11,1.1769634912229928e-11,1.4938492742654597e-12,1.8960534212531797e-13,2.406547058111731e-14,3.0544860593001675e-15,3.876876230203308e-16,4.92068682341902e-17,6.245533098408913e-18,7.927081133811803e-19,1.0061369351808186e-19,1.2770293570191729e-20,1.6208568850478807e-21,2.0572565754787712e-22,2.6111525677516012e-23,3.314179579418309e-24,4.206489662950327e-25,5.33904541395238e-26,6.776530603014242e-27,8.601044466410332e-28,1.09167906480437e-28,1.3856028592647525e-29,1.7586627292763047e-30,2.232165280740525e-31,2.8331537125334816e-32,3.5959523374449035e-33,4.564126950109014e-34,5.792973004618017e-35,7.352673709356745e-36,9.332308407646487e-37,1.1844940175245265e-37,1.5034073203172493e-38,1.9081848767013214e-39,2.421944787992169e-40,3.074029475709223e-41,3.901681518249244e-42,4.952170690014459e-43,6.285493684795329e-44,7.977800712981195e-45,1.0125744676190178e-45,1.2852001314166622e-46,1.6312275596651472e-47,2.070419451698956e-48,2.6278594182490105e-49,3.3353845842268123e-50,4.233403905643672e-51,5.373206050382214e-52,6.81988865304698e-53,8.656076242721137e-54,1.0986639186011526e-54,1.3944683158851034e-55,1.7699151224364208e-56,2.2464472695034244e-57,2.8512809855607482e-58,3.618960199505311e-59,4.5933294515439766e-60,5.830037990830995e-61,7.399718076635613e-62,9.392019005674285e-63,1.1920727261416559e-63,1.5130265212967148e-64,1.92039395243676e-65
Sb136,13226740620.025864,309680382.97758687,7247674.147249679,169622.56384695924,3969.7996324702262,92.9080940916534,2.1743953717815914,0.05088894868687177,0.0011909908989243328,2.787362203233177e-05,6.523465510131097e-07,1.5267338493902214e-08,3.5731257308771137e-10,8.362444766489818e-12,1.9571234750652554e-13,4.580397722924875e-15,1.0719836314607515e-16,2.508840881586099e-18,5.871621902044091e-20,1.3741781718244348e-21,3.216088636874504e-23,7.52684501348254e-25,1.7615620168990283e-26,4.122711087876678e-28,9.648679155799223e-30,2.2581502188042553e-31,5.284912399248825e-33,1.2368663003528489e-34,2.8947277256023944e-36,6.774740813118413e-38,1.5855416272485907e-39,3.7107578298348817e-41,8.684555129325523e-43,2.0325092946755363e-44,4.756828612893248e-46,1.113275029625489e-47,2.605478129332484e-49,6.097789047432056e-51,1.4271097058300206e-52,3.33996813702818e-54,7.816769173940562e-56,1.829415066607023e-57,4.281512491229954e-59,1.0020333573920384e-60,2.34513119226687e-62,5.488480267021026e-64,1.28450876184718e-65,3.006228826541311e-67,7.035694909960564e-69,1.646614603286745e-70,3.8536913360451004e-72,9.01907275926357e-74,2.1107988768080766e-75,4.94005538846328e-77,1.156156918085381e-78,2.7058377166343834e-80,6.332667853500226e-82,1.4820800928385388e-83,3.468619312434328e-85,8.117860831360024e-87,1.899881726457893e-88,4.446430715570547e-90,1.040630363092625e-91,2.435462558312536e-93,5.699889301052698e-95,1.333986348234627e-96,3.122024803091704e-98,7.306700615054151e-100,1.7100400299563077e-101,4.002130452735538e-103,9.366475567897911e-105,2.1921040705722757e-106,5.13033981820121e-108,1.2006905604326324e-109,2.810063023110818e-111,6.57659388194862e-113,1.5391678667834055e-114,3.6022259617415207e-116,8.430550143021303e-118,1.9730626692733948e-119,4.617701372789785e-121,1.0807140746379403e-122,2.5292733696525894e-124,5.91944153274487e-126,1.3853697461100412e-127,3.2422810882077214e-129
Sb137,41654586253.88078,18831507.84338772,8513.484817593988,3.848838040064484,0.0017400106508716263,7.866366507581012e-07,3.556284095191874e-10,1.6077507389881107e-13,7.268436293409663e-17,3.285967461884367e-20,1.4855440324011664e-23,6.715955339792651e-27,3.0361978603343894e-30,1.3726263771408173e-33,6.205469003970716e-37,2.8054134905562e-40,1.2682917033279346e-43,5.733785233960501e-47,2.592171266508939e-50,1.1718876101456785e-53,5.297954608772811e-57,2.395137792533526e-60,1.082811286401562e-63,4.89525189579336e-67,2.2130810256794443e-70,1.0005057411715928e-73,4.523159010005042e-77,2.0448625717861775e-80,9.244563209568264e-84,4.179349268496441e-87,1.8894305671470947e-90,8.541874915742828e-94,3.8616728418005015e-97,1.7458131012449662e-100,7.892598646594577e-104,3.568143311091226e-107,1.6131121394318427e-110,7.292674501873027e-114,3.296925247180937e-117,1.490497907551935e-120,6.738351178317672e-124,3.046322733650201e-127,1.3772037033948332e-130,6.226162512898853e-134,2.8147687623457737e-137,1.2725211025352293e-140,5.752905809029847e-144,2.6008154349372073e-147,1.1757955285814627e-150,5.315621810224839e-154,2.4031249092626855e-157,1.0864221601337961e-160,4.911576195978603e-164,2.2204610338519536e-167,1.0038421488587991e-170,4.538242484162588e-174,2.051681618317384e-177,9.275391250316085e-181,4.193286233026597e-184,1.895731291280159e-187,8.570359686953298e-191,3.874550444021724e-194,1.7516349011724674e-197,7.918918262477728e-201,3.580042074169018e-204,1.6184914186511934e-207,7.316993538003541e-211,3.307919573636231e-214,1.4954683024950916e-217,6.760821700719765e-221,3.056481370595503e-224,1.381796293755654e-227,6.246925028909488e-231,2.824155231358328e-234,1.276764605609639e-237,5.772090145885853e-241,2.609488429257021e-244,1.1797164788356256e-247,5.3333479268677356e-251,2.411138660799167e-254,1.090045075123143e-257,4.927954933153416e-261,2.2278656522940247e-264,1.0071896825353867e-267,4.553376257500883e-271,2.058523404467489e-274
Sb138,8201303.66517261,0.009008590195861478,9.895341110414e-12,1.0869378400233196e-20,1.1939294006057076e-29,1.3114525607095628e-38,1.440543987039034e-47,1.5823423894735056e-56,1.7380985655781148e-65,1.90918643383489e-74,2.0971151529181615e-83,2.303542433917848e-92,2.5302891629371758e-101,2.77935546305011e-110,3.0529383373003456e-119,3.3534510483699665e-128,3.683544405865047e-137,4.046130148992337e-146,4.444406630884669e-155,4.881887031135403e-164,5.3624303454033965e-173,5.8902754254465655e-182,6.47007836984962e-191,7.106953595267949e-200,7.806518950475396e-209,8.574945271164933e-218,9.419010812622965e-227,1.0346161040425602e-235,1.136457430656793e-244,1.2483233990352732e-253,1.3712007740390079e-262,1.5061734516698312e-271,1.6544320200700813e-280,1.817284261649022e-289,1.9961666889748288e-298,2.1926572161897196e-307,2.4084891e-316,0.0,0.0,0.0,0.0,0.0,0.0,0.0,0.0,0.0,0.0,0.0,0.0,0.0,0.0,0.0,0.0,0.0,0.0,0.0,0.0,0.0,0.0,0.0,0.0,0.0,0.0,0.0,0.0,0.0,0.0,0.0,0.0,0.0,0.0,0.0,0.0,0.0,0.0,0.0,0.0,0.0,0.0,0.0,0.0,0.0,0.0,0.0,0.0,0.0
Sb139,221402.15750302703,3.116070079052399e-07,4.385636006023511e-19,6.172455268778438e-31,8.687269986096177e-43,1.2226683957203154e-54,1.7208144886551014e-66,2.421917925359288e-78,3.4086686716363926e-90,4.79744668113464e-102,6.752048050267313e-114,9.503003556536893e-126,1.3374768059000633e-137,1.8823987549600917e-149,2.6493357171085575e-161,3.728742235645983e-173,5.247926327383036e-185,7.386064521799449e-197,1.0395334407712386e-208,1.4630657115061574e-220,2.059155763759674e-232,2.8981080111977164e-244,4.078870667478383e-256,5.740705956345575e-268,8.079615061096129e-280,1.1371455014750049e-291,1.600447399717346e-303,2.252510234e-315,0.0,0.0,0.0,0.0,0.0,0.0,0.0,0.0,0.0,0.0,0.0,0.0,0.0,0.0,0.0,0.0,0.0,0.0,0.0,0.0,0.0,0.0,0.0,0.0,0.0,0.0,0.0,0.0,0.0,0.0,0.0,0.0,0.0,0.0,0.0,0.0,0.0,0.0,0.0,0.0,0.0,0.0,0.0,0.0,0.0,0.0,0.0,0.0,0.0,0.0,0.0,0.0,0.0,0.0,0.0,0.0,0.0,0.0
Sc51,0.0,0.0,0.0,0.0,0.0,0.0,0.0,0.0,0.0,0.0,0.0,0.0,0.0,0.0,0.0,0.0,0.0,0.0,0.0,0.0,0.0,0.0,0.0,0.0,0.0,0.0,0.0,0.0,0.0,0.0,0.0,0.0,0.0,0.0,0.0,0.0,0.0,0.0,0.0,0.0,0.0,0.0,0.0,0.0,0.0,0.0,0.0,0.0,0.0,0.0,0.0,0.0,0.0,0.0,0.0,0.0,0.0,0.0,0.0,0.0,0.0,0.0,0.0,0.0,0.0,0.0,0.0,0.0,0.0,0.0,0.0,0.0,0.0,0.0,0.0,0.0,0.0,0.0,0.0,0.0,0.0,0.0,0.0,0.0,0.0,0.0
Sc52,0.0,0.0,0.0,0.0,0.0,0.0,0.0,0.0,0.0,0.0,0.0,0.0,0.0,0.0,0.0,0.0,0.0,0.0,0.0,0.0,0.0,0.0,0.0,0.0,0.0,0.0,0.0,0.0,0.0,0.0,0.0,0.0,0.0,0.0,0.0,0.0,0.0,0.0,0.0,0.0,0.0,0.0,0.0,0.0,0.0,0.0,0.0,0.0,0.0,0.0,0.0,0.0,0.0,0.0,0.0,0.0,0.0,0.0,0.0,0.0,0.0,0.0,0.0,0.0,0.0,0.0,0.0,0.0,0.0,0.0,0.0,0.0,0.0,0.0,0.0,0.0,0.0,0.0,0.0,0.0,0.0,0.0,0.0,0.0,0.0,0.0
Sc53,0.0,0.0,0.0,0.0,0.0,0.0,0.0,0.0,0.0,0.0,0.0,0.0,0.0,0.0,0.0,0.0,0.0,0.0,0.0,0.0,0.0,0.0,0.0,0.0,0.0,0.0,0.0,0.0,0.0,0.0,0.0,0.0,0.0,0.0,0.0,0.0,0.0,0.0,0.0,0.0,0.0,0.0,0.0,0.0,0.0,0.0,0.0,0.0,0.0,0.0,0.0,0.0,0.0,0.0,0.0,0.0,0.0,0.0,0.0,0.0,0.0,0.0,0.0,0.0,0.0,0.0,0.0,0.0,0.0,0.0,0.0,0.0,0.0,0.0,0.0,0.0,0.0,0.0,0.0,0.0,0.0,0.0,0.0,0.0,0.0,0.0
Sc54,0.0,0.0,0.0,0.0,0.0,0.0,0.0,0.0,0.0,0.0,0.0,0.0,0.0,0.0,0.0,0.0,0.0,0.0,0.0,0.0,0.0,0.0,0.0,0.0,0.0,0.0,0.0,0.0,0.0,0.0,0.0,0.0,0.0,0.0,0.0,0.0,0.0,0.0,0.0,0.0,0.0,0.0,0.0,0.0,0.0,0.0,0.0,0.0,0.0,0.0,0.0,0.0,0.0,0.0,0.0,0.0,0.0,0.0,0.0,0.0,0.0,0.0,0.0,0.0,0.0,0.0,0.0,0.0,0.0,0.0,0.0,0.0,0.0,0.0,0.0,0.0,0.0,0.0,0.0,0.0,0.0,0.0,0.0,0.0,0.0,0.0
Sc55,0.0,0.0,0.0,0.0,0.0,0.0,0.0,0.0,0.0,0.0,0.0,0.0,0.0,0.0,0.0,0.0,0.0,0.0,0.0,0.0,0.0,0.0,0.0,0.0,0.0,0.0,0.0,0.0,0.0,0.0,0.0,0.0,0.0,0.0,0.0,0.0,0.0,0.0,0.0,0.0,0.0,0.0,0.0,0.0,0.0,0.0,0.0,0.0,0.0,0.0,0.0,0.0,0.0,0.0,0.0,0.0,0.0,0.0,0.0,0.0,0.0,0.0,0.0,0.0,0.0,0.0,0.0,0.0,0.0,0.0,0.0,0.0,0.0,0.0,0.0,0.0,0.0,0.0,0.0,0.0,0.0,0.0,0.0,0.0,0.0,0.0
Sc56,0.0,0.0,0.0,0.0,0.0,0.0,0.0,0.0,0.0,0.0,0.0,0.0,0.0,0.0,0.0,0.0,0.0,0.0,0.0,0.0,0.0,0.0,0.0,0.0,0.0,0.0,0.0,0.0,0.0,0.0,0.0,0.0,0.0,0.0,0.0,0.0,0.0,0.0,0.0,0.0,0.0,0.0,0.0,0.0,0.0,0.0,0.0,0.0,0.0,0.0,0.0,0.0,0.0,0.0,0.0,0.0,0.0,0.0,0.0,0.0,0.0,0.0,0.0,0.0,0.0,0.0,0.0,0.0,0.0,0.0,0.0,0.0,0.0,0.0,0.0,0.0,0.0,0.0,0.0,0.0,0.0,0.0,0.0,0.0,0.0,0.0
Sc57,0.0,0.0,0.0,0.0,0.0,0.0,0.0,0.0,0.0,0.0,0.0,0.0,0.0,0.0,0.0,0.0,0.0,0.0,0.0,0.0,0.0,0.0,0.0,0.0,0.0,0.0,0.0,0.0,0.0,0.0,0.0,0.0,0.0,0.0,0.0,0.0,0.0,0.0,0.0,0.0,0.0,0.0,0.0,0.0,0.0,0.0,0.0,0.0,0.0,0.0,0.0,0.0,0.0,0.0,0.0,0.0,0.0,0.0,0.0,0.0,0.0,0.0,0.0,0.0,0.0,0.0,0.0,0.0,0.0,0.0,0.0,0.0,0.0,0.0,0.0,0.0,0.0,0.0,0.0,0.0,0.0,0.0,0.0,0.0,0.0,0.0
Sc58,0.0,0.0,0.0,0.0,0.0,0.0,0.0,0.0,0.0,0.0,0.0,0.0,0.0,0.0,0.0,0.0,0.0,0.0,0.0,0.0,0.0,0.0,0.0,0.0,0.0,0.0,0.0,0.0,0.0,0.0,0.0,0.0,0.0,0.0,0.0,0.0,0.0,0.0,0.0,0.0,0.0,0.0,0.0,0.0,0.0,0.0,0.0,0.0,0.0,0.0,0.0,0.0,0.0,0.0,0.0,0.0,0.0,0.0,0.0,0.0,0.0,0.0,0.0,0.0,0.0,0.0,0.0,0.0,0.0,0.0,0.0,0.0,0.0,0.0,0.0,0.0,0.0,0.0,0.0,0.0,0.0,0.0,0.0,0.0,0.0,0.0
Se86,22340154569958.52,17961214979739.9,14106283273420.846,11070523045570.756,8687868683756.3545,6818016001492.995,5350603549175.642,4199016005606.121,3295279729251.813,2586050750821.3003,2029466095535.8823,1592672777833.7673,1249888619884.9937,980880431850.4315,769769726902.2394,604095477098.3771,474078588306.2694,372044679046.42883,291971092179.6334,229131401333.46667,179816428691.97836,141115306934.64438,110743662278.88075,86908776952.30313,68203772170.04489,53524565657.808586,42004702052.46682,32964209477.132015,25869463497.08544,20301689385.006935,15932243509.098646,12503214802.44285,9812201295.238073,7700363128.965903,6043046869.280399,4742427707.980546,3721735252.4190764,2920722073.5890045,2292107539.2467194,1798787025.6397932,1411641778.6721363,1107820149.2941372,869388751.2570744,682273924.4216919,535431022.3967125,420192490.8500491,329756256.14003026,258784225.8758834,203087202.4873485,159377611.50062776,125075449.05114071,98155994.48409908,77030299.12147744,60451396.92110727,47440701.01493809,37230241.605929196,29217335.755629092,22929013.399719965,17994099.80026148,14121306.572472269,11082038.086220384,8696898.372268552,6825102.089444595,5356164.52411071,4203380.115545893,3298704.5704500806,2588738.4780795807,2031575.3547385458,1594328.070189164,1251187.6507382765,981899.8778427248,770569.7618887667,604723.323972567,474571.30637993856,372431.35151403275,292274.5427839304,229369.54156056556,180003.31501535288,141261.97051303237,110858.76008185075,86999.1027468468,68274.65752970791,53580.194664339215,42048.35826557337,32998.46974999446,25896.350077782314
Se87,5572123547402.388,2984328033758.7163,1589243191362.311,846304705780.6921,450674643035.9825,239993506401.23956,127801472758.04683,68056909889.13098,36241702726.11866,19299451277.29233,10277354306.980448,5472902313.833469,2914432921.3618426,1551995406.8334537,826469439.4498588,440111956.0902559,234368658.59495944,124806125.74027908,66461826.06360385,35392287.81847495,18847120.387980644,10036478.815410506,5344631.165852952,2846125.8997674016,1515620.5144857815,807099.0619627468,429796.8321193875,228875.6431591386,121880.98216824056,64904.12701523779,34562.78107272925,18405.391003887227,9801.248843174264,5219.3663729032405,2779.419823991587,1480.0981586775135,788.1826776979907,419.72346886658744,223.51137027259497,119.02439664867168,63.382936538317786,33.75271589133699,17.97401465223353,9.571532073412317,5.097037473538296,2.7142771718667693,1.4454083580835027,0.7697096461894407,0.40988620006502463,0.21827282253183,0.11623476235221795,0.061897398963200664,0.03296163661263362,0.017552748683821732,0.009347199290441678,0.0049775756577522265,0.0026506613006511324,0.0014115315996909147,0.000751669576356873,0.000400279492250999,0.00021315705325373948,0.00011351051010958736,6.0446678675000385e-05,3.218909825452489e-05,1.7141356136544596e-05,9.12812430707191e-06,4.860913728273631e-06,2.5885364264171075e-06,1.3784488278231521e-06,7.340523206610045e-07,3.908979416513643e-07,2.08161184818104e-07,1.108501075288934e-07,5.9029959643554785e-08,3.143466626418432e-08,1.673960560209424e-08,8.914183893624876e-09,4.746986062767201e-09,2.5278676039229495e-09,1.3461414334210433e-09,7.168479693955099e-10,3.817362711439091e-10,2.0328240704892868e-10,1.0825205813368448e-10,5.764644496440869e-11,3.069791627361735e-11
Se88,650542311222.4087,68681457101.0554,7129865619.316833,740155871.6891997,76836050.44557488,7976399.12603976,828035.0518921283,85958.8438752585,8923.442097634359,926.3481833863093,96.16479240568023,9.982928087171583,1.0363340958842717,0.10758249973496087,0.011168207526113607,0.001159378706142926,0.00012035583876058175,1.2494215951191887e-05,1.2970324817024538e-06,1.3464576450119254e-07,1.397766220496983e-08,1.4510299781060821e-09,1.506323422677878e-10,1.563723898157886e-11,1.6233116957864634e-12,1.6851701664094285e-13,1.7493858370684325e-14,1.816048532034171e-15,1.8852514984517134e-16,1.957091536773729e-17,2.0316691361640435e-18,2.1090886150609156e-19,2.1894582670966955e-20,2.272890512577927e-21,2.3595020557377884e-22,2.4494140479808865e-23,2.5427522573486776e-24,2.6396472444426224e-25,2.7402345450511066e-26,2.8446548597356224e-27,2.953054250641369e-28,3.065584345807609e-29,3.182402551263517e-30,3.303672271206248e-31,3.4295631365691726e-32,3.5602512423000225e-33,3.69591939368083e-34,3.8367573620342137e-35,3.982962150173716e-36,4.13473826796946e-37,4.292298018414625e-38,4.455861794592849e-39,4.625658387961983e-40,4.801925308385413e-41,4.984909116358608e-42,5.174865767895587e-43,5.372060972557788e-44,5.57677056512605e-45,5.78928089143571e-46,6.00988920891442e-47,6.23890410238304e-48,6.476645915701142e-49,6.72344719986095e-50,6.979653178156543e-51,7.245622229078887e-52,7.5217263876123e-53,7.80835186563344e-54,8.105899592140797e-55,8.414785774070385e-56,8.735442478482098e-57,9.068318236930932e-58,9.41387867286872e-59,9.772607152953795e-60,1.0145005463179661e-60,1.0531594510768509e-61,1.0932915052811254e-62,1.1349528452673456e-63,1.1782017465225093e-64,1.2230987051992453e-65,1.269706522737268e-66,1.3180903937094283e-67,1.3683179970152647e-68,1.4204595905496077e-69,1.4745881094786536e-70,1.5307792682609881e-71,1.5891116665562458e-72
Se89,24788742660.25411,5286379.999096119,1127.3554535604733,0.24041599712654915,5.12702994355563e-05,1.0933730016426284e-08,2.331690147867458e-12,4.972483258224069e-16,1.0604149001501103e-19,2.2614048194140684e-23,4.822595152656995e-27,1.028450271564238e-30,2.1932381375571467e-34,4.677225200902373e-38,9.974491691231684e-42,2.1271262388489543e-45,4.53623720993944e-49,9.67382548765614e-53,2.0630071849103093e-56,4.3994990920833124e-60,9.382222419202758e-64,2.0008209044022656e-67,4.266882741235716e-71,9.099409291155045e-75,1.9405091367469708e-78,4.1382639128660277e-82,8.825121143844568e-86,1.8820153775449603e-89,4.013522107610038e-93,8.55910100441765e-97,1.8252848256377708e-100,3.892540458377482e-104,8.301099646084771e-108,1.7702643317662893e-111,3.7752056208625635e-115,8.050875354626915e-119,1.7169023487766935e-122,3.661407667354856e-126,7.808193701940448e-130,1.6651488833273787e-133,3.551039983751118e-137,7.572827326407878e-141,1.6149554490516042e-144,3.443999169671545e-148,7.34455571988925e-152,1.5662750211319714e-155,3.340184941586839e-159,7.1231650211342e-163,1.5190619922441994e-166,3.2395000388654332e-170,6.908447815421421e-174,1.4732721298289058e-177,3.141850132652699e-181,6.700202940237615e-185,1.4288625346513681e-188,3.047143737496899e-192,6.498235296813944e-196,1.3857916006104258e-199,2.9552921256390626e-203,6.302355667343577e-207,1.3440189757589055e-210,2.8662092438864293e-214,6.11238053770877e-218,1.3035055244990123e-221,2.779811632991625e-225,5.928131925551666e-229,1.264213290917284e-232,2.696018349462051e-236,5.749437213527641e-240,1.2261054632247714e-243,2.6147508897261998e-247,5.576128987584974e-251,1.1891463392691028e-254,2.535933116585857e-258,5.40804488011927e-262,1.1533012930861358e-265,2.4594911878853e-269,5.245027417855901e-273,1.1185367424598826e-276,2.38535348733069e-280,5.0869238743176625e-284,1.0848201174602531e-287,2.3134505573947316e-291,4.933586126739659e-295,1.0521198299292194e-298,2.2437150342439017e-302
Se90,2546501529.958178,1.140809443242487,5.110406868406935e-10,2.289274384548519e-19,1.0255107553469023e-28,4.593911138090074e-38,2.0579032871799697e-47,9.218650104640069e-57,4.129616308074263e-66,1.8499162738945e-75,8.286944754960928e-85,3.712246567094682e-94,1.6629499752193307e-103,7.449404478125112e-113,3.3370593166154236e-122,1.4948798813797984e-131,6.69651225145307e-141,2.999791280385016e-150,1.3437962013615875e-159,6.019712913366638e-169,2.696610060560995e-178,1.207982161835678e-187,5.411315950551731e-197,2.4240705899330055e-206,1.0858944993553796e-215,4.864408110173309e-225,2.1790759854080306e-234,9.761459241570104e-244,4.3727748441499214e-253,1.9588423579336455e-262,8.774893562993357e-272,3.930829692854262e-281,1.760867178992179e-290,7.888037550160111e-300,3.533550805822143e-309,1.5829e-318,0.0,0.0,0.0,0.0,0.0,0.0,0.0,0.0,0.0,0.0,0.0,0.0,0.0,0.0,0.0,0.0,0.0,0.0,0.0,0.0,0.0,0.0,0.0,0.0,0.0,0.0,0.0,0.0,0.0,0.0,0.0,0.0,0.0,0.0,0.0,0.0,0.0,0.0,0.0,0.0,0.0,0.0,0.0,0.0,0.0,0.0,0.0,0.0,0.0,0.0
Se91,223839629.04774967,596.0839742638329,0.0015873690072786713,4.2271566994914956e-09,1.125689973794407e-14,2.997707459611535e-20,7.982881808141486e-26,2.1258379218569394e-31,5.661097055697426e-37,1.507547661302034e-42,4.014592805488027e-48,1.0690843021146266e-53,2.846966804368044e-59,7.581460104822071e-65,2.0189394984451703e-70,5.376427023324288e-76,1.4317401566214739e-81,3.8127177532394402e-87,1.0153250643028861e-92,2.7038061900222708e-98,7.200224017144816e-104,1.9174164956195307e-109,5.1060717123795285e-115,1.3597446559746205e-120,3.620994051001907e-126,9.64269126543706e-132,2.567844451851802e-137,6.838158505126844e-143,1.8209986086780805e-148,4.8493113026282393e-154,1.2913694715488478e-159,3.4389112349717025e-165,9.157805525501966e-171,2.4387195921212683e-176,6.49429957038767e-182,1.7294291252751883e-187,4.60546217022071e-193,1.2264325546130172e-198,3.2659845101768115e-204,8.697302416340845e-210,2.3160878162644196e-215,6.167731689506263e-221,1.6424642419256516e-226,4.3738750675458766e-232,1.1647610108132538e-237,3.10175345971169e-243,8.259955849754963e-249,2.1996226175320495e-254,5.857585376442512e-260,1.559872414878606e-265,4.153933394611432e-271,1.1061906398422276e-276,2.945780818878586e-282,7.844601391773352e-288,2.0890139076687635e-293,5.563034867533268e-299,1.4814337436329755e-304,3.94505155734815e-310,1.0505655e-315,2.796e-321,0.0,0.0,0.0,0.0,0.0,0.0,0.0,0.0,0.0,0.0,0.0,0.0,0.0,0.0,0.0,0.0,0.0,0.0,0.0,0.0,0.0,0.0,0.0,0.0,0.0,0.0
Si35,0.0,0.0,0.0,0.0,0.0,0.0,0.0,0.0,0.0,0.0,0.0,0.0,0.0,0.0,0.0,0.0,0.0,0.0,0.0,0.0,0.0,0.0,0.0,0.0,0.0,0.0,0.0,0.0,0.0,0.0,0.0,0.0,0.0,0.0,0.0,0.0,0.0,0.0,0.0,0.0,0.0,0.0,0.0,0.0,0.0,0.0,0.0,0.0,0.0,0.0,0.0,0.0,0.0,0.0,0.0,0.0,0.0,0.0,0.0,0.0,0.0,0.0,0.0,0.0,0.0,0.0,0.0,0.0,0.0,0.0,0.0,0.0,0.0,0.0,0.0,0.0,0.0,0.0,0.0,0.0,0.0,0.0,0.0,0.0,0.0,0.0
Si36,0.0,0.0,0.0,0.0,0.0,0.0,0.0,0.0,0.0,0.0,0.0,0.0,0.0,0.0,0.0,0.0,0.0,0.0,0.0,0.0,0.0,0.0,0.0,0.0,0.0,0.0,0.0,0.0,0.0,0.0,0.0,0.0,0.0,0.0,0.0,0.0,0.0,0.0,0.0,0.0,0.0,0.0,0.0,0.0,0.0,0.0,0.0,0.0,0.0,0.0,0.0,0.0,0.0,0.0,0.0,0.0,0.0,0.0,0.0,0.0,0.0,0.0,0.0,0.0,0.0,0.0,0.0,0.0,0.0,0.0,0.0,0.0,0.0,0.0,0.0,0.0,0.0,0.0,0.0,0.0,0.0,0.0,0.0,0.0,0.0,0.0
Si37,0.0,0.0,0.0,0.0,0.0,0.0,0.0,0.0,0.0,0.0,0.0,0.0,0.0,0.0,0.0,0.0,0.0,0.0,0.0,0.0,0.0,0.0,0.0,0.0,0.0,0.0,0.0,0.0,0.0,0.0,0.0,0.0,0.0,0.0,0.0,0.0,0.0,0.0,0.0,0.0,0.0,0.0,0.0,0.0,0.0,0.0,0.0,0.0,0.0,0.0,0.0,0.0,0.0,0.0,0.0,0.0,0.0,0.0,0.0,0.0,0.0,0.0,0.0,0.0,0.0,0.0,0.0,0.0,0.0,0.0,0.0,0.0,0.0,0.0,0.0,0.0,0.0,0.0,0.0,0.0,0.0,0.0,0.0,0.0,0.0,0.0
Si38,0.0,0.0,0.0,0.0,0.0,0.0,0.0,0.0,0.0,0.0,0.0,0.0,0.0,0.0,0.0,0.0,0.0,0.0,0.0,0.0,0.0,0.0,0.0,0.0,0.0,0.0,0.0,0.0,0.0,0.0,0.0,0.0,0.0,0.0,0.0,0.0,0.0,0.0,0.0,0.0,0.0,0.0,0.0,0.0,0.0,0.0,0.0,0.0,0.0,0.0,0.0,0.0,0.0,0.0,0.0,0.0,0.0,0.0,0.0,0.0,0.0,0.0,0.0,0.0,0.0,0.0,0.0,0.0,0.0,0.0,0.0,0.0,0.0,0.0,0.0,0.0,0.0,0.0,0.0,0.0,0.0,0.0,0.0,0.0,0.0,0.0
Si39,0.0,0.0,0.0,0.0,0.0,0.0,0.0,0.0,0.0,0.0,0.0,0.0,0.0,0.0,0.0,0.0,0.0,0.0,0.0,0.0,0.0,0.0,0.0,0.0,0.0,0.0,0.0,0.0,0.0,0.0,0.0,0.0,0.0,0.0,0.0,0.0,0.0,0.0,0.0,0.0,0.0,0.0,0.0,0.0,0.0,0.0,0.0,0.0,0.0,0.0,0.0,0.0,0.0,0.0,0.0,0.0,0.0,0.0,0.0,0.0,0.0,0.0,0.0,0.0,0.0,0.0,0.0,0.0,0.0,0.0,0.0,0.0,0.0,0.0,0.0,0.0,0.0,0.0,0.0,0.0,0.0,0.0,0.0,0.0,0.0,0.0
Si40,0.0,0.0,0.0,0.0,0.0,0.0,0.0,0.0,0.0,0.0,0.0,0.0,0.0,0.0,0.0,0.0,0.0,0.0,0.0,0.0,0.0,0.0,0.0,0.0,0.0,0.0,0.0,0.0,0.0,0.0,0.0,0.0,0.0,0.0,0.0,0.0,0.0,0.0,0.0,0.0,0.0,0.0,0.0,0.0,0.0,0.0,0.0,0.0,0.0,0.0,0.0,0.0,0.0,0.0,0.0,0.0,0.0,0.0,0.0,0.0,0.0,0.0,0.0,0.0,0.0,0.0,0.0,0.0,0.0,0.0,0.0,0.0,0.0,0.0,0.0,0.0,0.0,0.0,0.0,0.0,0.0,0.0,0.0,0.0,0.0,0.0
Si41,0.0,0.0,0.0,0.0,0.0,0.0,0.0,0.0,0.0,0.0,0.0,0.0,0.0,0.0,0.0,0.0,0.0,0.0,0.0,0.0,0.0,0.0,0.0,0.0,0.0,0.0,0.0,0.0,0.0,0.0,0.0,0.0,0.0,0.0,0.0,0.0,0.0,0.0,0.0,0.0,0.0,0.0,0.0,0.0,0.0,0.0,0.0,0.0,0.0,0.0,0.0,0.0,0.0,0.0,0.0,0.0,0.0,0.0,0.0,0.0,0.0,0.0,0.0,0.0,0.0,0.0,0.0,0.0,0.0,0.0,0.0,0.0,0.0,0.0,0.0,0.0,0.0,0.0,0.0,0.0,0.0,0.0,0.0,0.0,0.0,0.0
Si42,0.0,0.0,0.0,0.0,0.0,0.0,0.0,0.0,0.0,0.0,0.0,0.0,0.0,0.0,0.0,0.0,0.0,0.0,0.0,0.0,0.0,0.0,0.0,0.0,0.0,0.0,0.0,0.0,0.0,0.0,0.0,0.0,0.0,0.0,0.0,0.0,0.0,0.0,0.0,0.0,0.0,0.0,0.0,0.0,0.0,0.0,0.0,0.0,0.0,0.0,0.0,0.0,0.0,0.0,0.0,0.0,0.0,0.0,0.0,0.0,0.0,0.0,0.0,0.0,0.0,0.0,0.0,0.0,0.0,0.0,0.0,0.0,0.0,0.0,0.0,0.0,0.0,0.0,0.0,0.0,0.0,0.0,0.0,0.0,0.0,0.0
Sm163,298599.65319768153,41123.86767460123,5662.708049376823,779.748215926985,107.37040916460919,14.784778635845075,2.0358465708724447,0.2803336703387978,0.038601615588322015,0.005315396913355941,0.0007319238823532876,0.00010078505486825074,1.387798312050897e-05,1.9109818985057077e-06,2.63139952304723e-07,3.6234060905064635e-08,4.9893874273852314e-09,6.870327608537585e-10,9.460360041306815e-11,1.302680413666695e-11,1.793775556893517e-12,2.4700077737807393e-13,3.401171556325013e-14,4.683373096371959e-15,6.448949485959029e-16,8.880127339132705e-17,1.2227830553007537e-17,1.6837578372797074e-18,2.318514672174235e-19,3.1925673431589855e-20,4.396127556547664e-21,6.053415767360157e-22,8.335482076252916e-23,1.1477860453294676e-23,1.5804878395770978e-24,2.17631310401065e-25,2.996757461895944e-26,4.126499660769901e-27,5.682141336710334e-28,7.824241566598943e-29,1.077388830456955e-29,1.4835517054440474e-30,2.0428331912374266e-31,2.812957197182558e-32,3.873408865257416e-33,5.333638297974091e-34,7.344356994888373e-35,1.011309291236602e-35,1.3925609597318113e-36,1.917540008159073e-37,2.6404299626486996e-38,3.635840899270898e-39,5.0065100123126435e-40,6.893905205921716e-41,9.492826114669256e-42,1.3071509536560041e-42,1.7999314377026615e-43,2.478484349010359e-44,3.4128437003854765e-45,4.699445501002091e-46,6.471080997466813e-47,8.910602169308461e-48,1.2269794034530913e-48,1.6895361591650334e-49,2.326471353221267e-50,3.2035235990652164e-51,4.411214191637501e-52,6.074189885843866e-53,8.364087792252897e-54,1.1517250186655125e-54,1.5859117593776308e-55,2.183781777569164e-56,3.007041737249383e-57,4.1406609865684755e-58,5.701641315219405e-59,7.851092806889769e-60,1.0810862145582774e-60,1.4886429597193209e-61,2.049843788293391e-62,2.822610706597672e-63,3.886701633802489e-64,5.351942283394799e-65,7.369561366810256e-66,1.0147799035069656e-66,1.3973399518719562e-67,1.9241206239399254e-68
Sm164,9223.555279141041,546.0176636850731,32.32325063745592,1.9134775324308921,0.11327438283311214,0.006705637034536673,0.00039696149221309703,2.3499396923582005e-05,1.3911214730007394e-06,8.235185604706845e-08,4.875079801455612e-09,2.885958399890433e-10,1.7084347795519835e-11,1.0113622552887967e-12,5.987080242484133e-14,3.5442423960846965e-15,2.0981269088506756e-16,1.2420528941548428e-17,7.352726783926944e-19,4.352680261323624e-20,2.5767073922468944e-21,1.525363818761358e-22,9.029875827527761e-24,5.345521931074914e-25,3.1644515673729007e-26,1.8732976594925642e-27,1.108958075782357e-28,6.56482971412046e-30,3.8862595544916726e-31,2.3005948337688586e-32,1.3619102159676157e-33,8.062260286477328e-35,4.772711164423422e-36,2.825358032314877e-37,1.6725604663173773e-38,9.901253156208967e-40,5.86136142983158e-41,3.469819150071253e-42,2.0540697034864715e-43,1.2159718314697638e-44,7.198331645796899e-46,4.2612811532196664e-47,2.5226007858901413e-48,1.4933336938271548e-49,8.840263325029235e-51,5.233274785059691e-52,3.0980033025035446e-53,1.8339614976310496e-54,1.08567178481543e-55,6.426979115247734e-57,3.80465451212337e-58,2.252286135842335e-59,1.3333123471640752e-60,7.89296611478417e-62,4.672492099967391e-63,2.766030172530986e-64,1.6374394545054858e-65,9.693343166672142e-67,5.738282504939767e-68,3.3969586695033323e-69,2.0109376267864638e-70,1.1904384280945126e-71,7.047178550976591e-73,4.171801275672666e-74,2.4696303290473997e-75,1.4619761487002632e-76,8.654632372420255e-78,5.123384644020034e-79,3.0329503416260943e-80,1.795451330304974e-81,1.0628744675607074e-82,6.29202315164158e-84,3.724763041081561e-85,2.2049918409132824e-86,1.3053149864487395e-87,7.727226841537698e-89,4.574377470607977e-90,2.707948099973446e-91,1.603055926028592e-92,9.489798944080892e-94,5.617788034518798e-95,3.3256281388835253e-96,1.9687112525742074e-97,1.1654411840866526e-98,6.89919942190253e-100,4.084200328005669e-101
Sm165,242.59700407093206,2.5989255496553834,0.027842116346484806,0.0002982707383649315,3.1953545577361883e-06,3.423162059280931e-08,3.667210718676032e-10,3.928658422323528e-12,4.208745606215353e-14,4.508801141169385e-16,4.830248637643636e-18,5.174613200041702e-20,5.543528662555226e-22,5.938745340873728e-24,6.362138336539727e-26,6.815716433349099e-28,7.301631628005538e-30,7.822189340247171e-32,8.379859350887277e-34,8.9772875196644e-36,9.617308338497236e-38,1.0302958379702885e-39,1.1037490702983607e-41,1.1824390289535732e-43,1.2667390576507797e-45,1.3570491170255408e-47,1.4537976822433261e-49,1.5574437758956145e-51,1.6684791458279421e-53,1.7874305982326023e-55,1.9148624970753015e-57,2.0513794417143033e-59,2.1976291354159842e-61,2.3543054583764435e-63,2.5221517598290956e-65,2.7019643848576017e-67,2.894596452647092e-69,3.1009619040995234e-71,3.3220398380170716e-73,3.5588791564265227e-75,3.8126035410843486e-77,4.084416784773463e-79,4.375608502685938e-81,4.6875602509892716e-83,5.021752081605671e-85,5.379769564303487e-87,5.763311309416961e-89,6.174197026885828e-91,6.614376159850752e-93,7.08593713376666e-95,7.591117264916212e-97,8.13231337533436e-99,8.71209316450628e-101,9.333207391791684e-103,9.998602927374845e-105,1.071143673366048e-106,1.147509084344996e-108,1.229318840596187e-110,1.31696108768269e-112,1.4108516433614922e-114,1.5114359704266496e-116,1.6191912902030217e-118,1.734628846718029e-120,1.8582963322937867e-122,1.9907804860677964e-124,2.132709877770865e-126,2.2847578899698585e-128,2.4476459129244764e-130,2.6221467672160776e-132,2.809088370387126e-134,3.009357664987616e-136,3.2239048266650524e-138,3.4537477722632154e-140,3.699976989318372e-142,3.963760709866371e-144,4.246350453107761e-146,4.5490869632280044e-148,4.873406570544739e-150,5.220848006162476e-152,5.593059702466799e-154,5.991807614095188e-156,6.418983596490971e-158,6.876614381792393e-160,7.366871194642809e-162,7.892080053544055e-164,8.4547328066278e-166
Sn133,250402382023.6713,23319246304.093067,2171650173.101968,202239146.70458397,18833913.93622852,1753944.8713923143,163339.52795472063,15211.31127188281,1416.582951520779,131.92204292397852,12.28549686451649,1.1441107934859795,0.10654754318905883,0.009922447217751438,0.0009240471984826914,8.605369283256387e-05,8.013917538282502e-06,7.463116595745802e-07,6.95017250372572e-08,6.4724833401477696e-09,6.027626014467008e-10,5.6133439764790385e-11,5.227535769911191e-12,4.868244372731621e-13,4.533647270104801e-14,4.222047209638263e-15,3.9318635920262443e-16,3.661624453419142e-17,3.409958998849099e-18,3.1755906488373365e-19,2.95733056391198e-20,2.7540716141893186e-21,2.564782763429049e-22,2.3885038390764832e-23,2.2243406617626048e-24,2.0714605095562795e-25,1.9290878939608755e-26,1.7965006262289546e-27,1.6730261540413172e-28,1.5580381499680928e-29,1.4509533344067784e-30,1.3512285168814782e-31,1.2583578406952718e-32,1.171870216959136e-33,1.0913269349814536e-34,1.0163194368967769e-35,9.464672452455646e-37,8.814160329925003e-38,8.208358261935063e-39,7.644193301944502e-40,7.118803708711159e-41,6.629524430036145e-42,6.1738735842181586e-43,5.749539870644834e-44,5.3543708456610546e-45,4.986362004243251e-46,4.643646612096225e-47,4.324486236595515e-48,4.0272619285432685e-49,3.7504660100068766e-50,3.492694426583973e-51,3.2526396253004247e-52,3.0290839220143064e-53,2.8208933246818294e-54,2.6270117811535883e-55,2.4464558223229306e-56,2.2783095734536558e-57,2.1217201083819174e-58,1.9758931230263496e-59,1.840088906260233e-60,1.7136185877078055e-61,1.595840643431608e-62,1.486157641785837e-63,1.3840132129289854e-64,1.2888892266235427e-65,1.200303164007056e-66,1.1178056700028233e-67,1.0409782739547254e-68,9.694312669240818e-70,9.028017248810563e-71,8.407516677631965e-72,7.829663450628937e-73,7.291526392473496e-74,6.790375789123719e-75,6.323669541279129e-76,5.889040269516788e-77
Sn134,23134796250.969944,852686770.0237522,31427754.70890747,1158343.0173494334,42693.426821926296,1573.5655729768328,57.99742013649372,2.137629851754829,0.07878732144221923,0.0029038900326657344,0.00010702962313548942,3.944825768078086e-06,1.4539573143029072e-07,5.3588979491098204e-09,1.975146515407989e-10,7.279862005911794e-12,2.683162510309828e-13,9.889419677029205e-15,3.6449757020911613e-16,1.3434405963875552e-17,4.951562873208451e-19,1.8250136964197726e-20,6.726512572709374e-22,2.4792127028733395e-23,9.137715212227392e-25,3.367917532973279e-26,1.2413243623231606e-27,4.57518973493591e-29,1.6862926198828185e-30,6.215223771284963e-32,2.2907653198310284e-33,8.443148539212842e-35,3.111918826345342e-36,1.1469700831137366e-37,4.227425087121925e-39,1.5581158680889196e-40,5.742798531867798e-42,2.116642006738155e-43,7.80137655853197e-45,2.875378831860308e-46,1.059787764976973e-47,3.9060943704180844e-49,1.439681956598487e-50,5.30628279708818e-52,1.9557539770241468e-53,7.208386293969703e-55,2.6568184737710884e-56,9.792322601351706e-58,3.609188315859523e-59,1.3302503225883086e-60,4.902947050367137e-62,1.8070952038508524e-63,6.6604697995590735e-65,2.4548711023251584e-66,9.047998580265453e-68,3.334850380981104e-69,1.2291366941398807e-70,4.530269248351252e-72,1.6697361294643262e-73,6.1542009739336805e-75,2.2682739481547187e-76,8.360251356219109e-78,3.0813651409267946e-79,1.1357088115126715e-80,4.185919050669779e-82,1.5428178527049052e-83,5.686414137043831e-85,2.0958602262270253e-86,7.724780471518685e-88,2.8471475619621173e-89,1.0493824736475844e-90,3.8677432484034174e-92,1.4255467583303736e-93,5.254184235277531e-95,1.9365518399811833e-96,7.137612350466833e-98,2.630733090317461e-99,9.696178851795749e-101,3.573752300149379e-102,1.3171895545694929e-103,4.854808551209491e-105,1.7893526400306218e-106,6.5950754527423854e-108,2.4307684943880503e-109,8.95916281117391e-111,3.3021078914933405e-112
Sn135,413799058.1935023,598251.6132448763,864.9246189988469,1.250468164210517,0.0018078692586112016,2.6137340795836363e-06,3.778816308887807e-09,5.4632385168238585e-12,7.898498538155301e-15,1.1419285276512273e-17,1.6509476528538424e-20,2.386864051877056e-23,3.4508180754822026e-26,4.989033782929535e-29,7.212915182071451e-32,1.0428100447379082e-34,1.5076467169741154e-37,2.1796861611302452e-40,3.15128982641115e-43,4.5559896406797556e-46,6.586839912982686e-49,9.522949668688994e-52,1.376784187720128e-54,1.990491145604394e-57,2.8777603898040214e-60,4.160533383639035e-63,6.015107476530981e-66,8.696365253671519e-69,1.2572804213447014e-71,1.8177181061125873e-74,2.6279730895321584e-77,3.799402413433099e-80,5.493000958305517e-83,7.941527704795359e-86,1.1481494863144433e-88,1.6599416282689772e-91,2.399867127150064e-94,3.4696173226172335e-97,5.016212868293862e-100,7.252209451460833e-103,1.048491029164529e-105,1.515860022516382e-108,2.1915605798690997e-111,3.1684573139300387e-114,4.580809603171632e-117,6.622723471215671e-120,9.574828463908042e-123,1.3842845849101284e-125,2.0013348742935873e-128,2.893437753136407e-131,4.1831989932370185e-134,6.047876370608152e-137,8.74374101095696e-140,1.2641297900572465e-142,1.8276206078241144e-145,2.642289670265677e-148,3.8201006662453904e-151,5.522925538584557e-154,7.984791284238399e-157,1.1544043353006977e-159,1.668984600751721e-162,2.4129410401259596e-165,3.4885189836393717e-168,5.043540018937627e-171,7.291717786809377e-174,1.0542029622612525e-176,1.5241180722199745e-179,2.2034996876548913e-182,3.1857183258925514e-185,4.605764778995115e-188,6.658802514653778e-191,9.626989882629989e-194,1.3918258425040385e-196,2.0122376770721818e-199,2.909200523065518e-202,4.205988079757577e-205,6.080823781930978e-208,8.791374860251296e-211,1.2710164725233226e-213,1.8375770560413277e-216,2.6566842443716215e-219,3.8409116782821256e-222,5.553013140955113e-225,8.028290553510395e-228,1.1606932592365223e-230,1.6780768372266107e-233
Sn136,4887603.909460444,4.661182317219211,4.445249860018935e-06,4.2393206215085434e-12,4.042931195744087e-18,3.8556396443787485e-24,3.677024502161745e-30,3.506683828508135e-36,3.344234303005347e-42,3.1893103628209565e-48,3.041563380070645e-54,2.9006608772951554e-60,2.7662857792808107e-66,2.6381356995399577e-72,2.5159222598456933e-78,2.3993704412896093e-84,2.2882179654022305e-90,2.1822147039434724e-96,2.0811221160349583e-102,1.9847127113675673e-108,1.8927695382762597e-114,1.8050856955301854e-120,1.72146386673945e-126,1.6417158763308047e-132,1.565662266093068e-138,1.4931318913393668e-144,1.4239615357774418e-150,1.3579955442213457e-156,1.2950854723180253e-162,1.2350897525005582e-168,1.1778733754163343e-174,1.123307586113295e-180,1.0712695943005513e-186,1.021642298031379e-192,9.743140201867858e-199,9.291782571666582e-205,8.861334392229635e-211,8.45082701895679e-217,8.059336680371084e-223,7.68598239934071e-229,7.32992401060172e-235,6.990360270120354e-241,6.666527052040438e-247,6.357695629158438e-253,6.063171033056677e-259,5.782290490204503e-265,5.514421930508139e-271,5.258962564952983e-277,5.015337529137595e-283,4.782998589646907e-289,4.561422910353572e-295,4.35011187587125e-301,4.1485899695122244e-307,3.95640370324e-313,3.77313e-319,0.0,0.0,0.0,0.0,0.0,0.0,0.0,0.0,0.0,0.0,0.0,0.0,0.0,0.0,0.0,0.0,0.0,0.0,0.0,0.0,0.0,0.0,0.0,0.0,0.0,0.0,0.0,0.0,0.0,0.0,0.0
Sn137,4400668.278089719,0.0526837453099199,6.307171648678222e-10,7.550794646788342e-18,9.039630277053877e-26,1.0822028590141278e-33,1.295587310723562e-41,1.5510460591806653e-49,1.8568751467288662e-57,2.2230063963160018e-65,2.6613299482021846e-73,3.186080393171771e-81,3.8142990419549385e-89,4.566387343093634e-97,5.466769421539261e-105,6.544685253973625e-113,7.835140239282208e-121,9.380042001553317e-129,1.1229561343367204e-136,1.3443761546437066e-144,1.6094548931264538e-152,1.926800802038317e-160,2.3067197139794624e-168,2.7615495245967194e-176,3.3060608666858914e-184,3.957936787618548e-192,4.7383470076543424e-200,5.672635408221354e-208,6.791143076398782e-216,8.130193634034348e-224,9.733272850134722e-232,1.1652440844531225e-239,1.395002274424274e-247,1.670063269672995e-255,1.9993596970026013e-263,2.3935854830105017e-271,2.865543140170221e-279,3.430559529400597e-287,4.106983601043314e-295,4.916782278424953e-303,5.8862538353676e-311,7.04686e-319,0.0,0.0,0.0,0.0,0.0,0.0,0.0,0.0,0.0,0.0,0.0,0.0,0.0,0.0,0.0,0.0,0.0,0.0,0.0,0.0,0.0,0.0,0.0,0.0,0.0,0.0,0.0,0.0,0.0,0.0,0.0,0.0,0.0,0.0,0.0,0.0,0.0,0.0,0.0,0.0,0.0,0.0,0.0,0.0
Sr100,7962321580.428431,352.350453498449,1.2466292664180993e-05,4.410621619639746e-13,1.5604946551213976e-20,5.521089267370318e-28,1.9533823200375123e-35,6.9111407250485235e-43,2.4451877971592915e-50,8.651167153501603e-58,3.0608157461268957e-65,1.0829282182978461e-72,3.831441103469581e-80,1.3555783921145013e-87,4.7960877579553445e-95,1.6968740366338188e-102,6.003604690981468e-110,2.1240981067207386e-117,7.515139652269535e-125,2.6588849081131017e-132,9.407235635942728e-140,3.328315642400359e-147,1.1775706960206048e-154,4.1662897787133925e-162,1.4740491232390473e-169,5.215241697356928e-177,1.8451722899223582e-184,6.52828953492758e-192,2.309733594234623e-199,8.17192504681882e-207,2.8912580713861e-214,1.0229380699728042e-221,3.619193683731006e-229,1.2804844501199027e-236,4.53040254344325e-244,1.6028736001999224e-251,5.671027582165325e-259,2.006431064412601e-266,7.098829194378135e-274,2.5115926893660003e-281,8.886110180355364e-289,3.1439394799858137e-296,1.1123377105614729e-303,3.9354930023737e-311,1.39239e-318,0.0,0.0,0.0,0.0,0.0,0.0,0.0,0.0,0.0,0.0,0.0,0.0,0.0,0.0,0.0,0.0,0.0,0.0,0.0,0.0,0.0,0.0,0.0,0.0,0.0,0.0,0.0,0.0,0.0,0.0,0.0,0.0,0.0,0.0,0.0,0.0,0.0,0.0,0.0,0.0,0.0
Sr101,659382341.4197366,0.00011578904015614388,2.0331019784266548e-17,3.569857431332244e-30,6.2681961924507456e-43,1.1006121186299362e-55,1.9325289102054466e-68,3.393264462169328e-81,5.958122359472085e-94,1.0461672659532813e-106,1.8369309697243937e-119,3.225407157485358e-132,5.663387194739623e-145,9.944156799895841e-158,1.746062048393304e-170,3.0658533832364282e-183,5.383231928184602e-196,9.452241307780557e-209,1.659688212070831e-221,2.914192382096156e-234,5.116935324419135e-247,8.984659789500604e-260,1.5775870988213592e-272,2.7700337159966407e-285,4.863811825978313e-298,8.5402084970705e-311,1.5e-323,0.0,0.0,0.0,0.0,0.0,0.0,0.0,0.0,0.0,0.0,0.0,0.0,0.0,0.0,0.0,0.0,0.0,0.0,0.0,0.0,0.0,0.0,0.0,0.0,0.0,0.0,0.0,0.0,0.0,0.0,0.0,0.0,0.0,0.0,0.0,0.0,0.0,0.0,0.0,0.0,0.0,0.0,0.0,0.0,0.0,0.0,0.0,0.0,0.0,0.0,0.0,0.0,0.0,0.0,0.0,0.0,0.0,0.0,0.0
Sr102,14864317.871715656,2.2823406678066166e-15,3.5043918936145247e-37,5.380775410637237e-59,8.261845392484242e-81,1.2685548843829091e-102,1.9477869873426153e-124,2.9907055617122553e-146,4.592042053355872e-168,7.050794464606557e-190,1.0826055598901937e-211,1.6622733852029242e-233,2.552317214622706e-255,3.918924060294788e-277,6.017263725045105e-299,9.24e-321,0.0,0.0,0.0,0.0,0.0,0.0,0.0,0.0,0.0,0.0,0.0,0.0,0.0,0.0,0.0,0.0,0.0,0.0,0.0,0.0,0.0,0.0,0.0,0.0,0.0,0.0,0.0,0.0,0.0,0.0,0.0,0.0,0.0,0.0,0.0,0.0,0.0,0.0,0.0,0.0,0.0,0.0,0.0,0.0,0.0,0.0,0.0,0.0,0.0,0.0,0.0,0.0,0.0,0.0,0.0,0.0,0.0,0.0,0.0,0.0,0.0,0.0,0.0,0.0,0.0,0.0,0.0,0.0,0.0,0.0
Sr103,174235.19508146023,1.27813692376203e-17,9.376027587997321e-40,6.877971498713588e-62,5.0454727754508205e-84,3.701206894005987e-106,2.7150939231880877e-128,1.9917111425657443e-150,1.4610593178900273e-172,1.071789118799295e-194,7.862322228200117e-217,5.76756282889875e-239,4.230910412954386e-261,3.103668473753544e-283,2.2767577317349093e-305,0.0,0.0,0.0,0.0,0.0,0.0,0.0,0.0,0.0,0.0,0.0,0.0,0.0,0.0,0.0,0.0,0.0,0.0,0.0,0.0,0.0,0.0,0.0,0.0,0.0,0.0,0.0,0.0,0.0,0.0,0.0,0.0,0.0,0.0,0.0,0.0,0.0,0.0,0.0,0.0,0.0,0.0,0.0,0.0,0.0,0.0,0.0,0.0,0.0,0.0,0.0,0.0,0.0,0.0,0.0,0.0,0.0,0.0,0.0,0.0,0.0,0.0,0.0,0.0,0.0,0.0,0.0,0.0,0.0,0.0,0.0
Sr104,7014.423904692554,6.958315882665896e-32,6.902656665869532e-67,6.847442664333075e-102,6.792670316802276e-137,6.738336090508959e-172,6.684436480943536e-207,6.630968011628853e-242,6.577927233895793e-277,6.525310726663e-312,0.0,0.0,0.0,0.0,0.0,0.0,0.0,0.0,0.0,0.0,0.0,0.0,0.0,0.0,0.0,0.0,0.0,0.0,0.0,0.0,0.0,0.0,0.0,0.0,0.0,0.0,0.0,0.0,0.0,0.0,0.0,0.0,0.0,0.0,0.0,0.0,0.0,0.0,0.0,0.0,0.0,0.0,0.0,0.0,0.0,0.0,0.0,0.0,0.0,0.0,0.0,0.0,0.0,0.0,0.0,0.0,0.0,0.0,0.0,0.0,0.0,0.0,0.0,0.0,0.0,0.0,0.0,0.0,0.0,0.0,0.0,0.0,0.0,0.0,0.0,0.0
Sr105,1.8880191114511375e-14,1.603111060836298e-41,1.361196535452647e-68,1.1557876764705902e-95,9.81375663461464e-123,8.332829744087827e-150,7.075379401506955e-177,6.007682289535255e-204,5.101104045997648e-231,4.3313313244643085e-258,3.677719739319032e-285,3.12274020798e-312,0.0,0.0,0.0,0.0,0.0,0.0,0.0,0.0,0.0,0.0,0.0,0.0,0.0,0.0,0.0,0.0,0.0,0.0,0.0,0.0,0.0,0.0,0.0,0.0,0.0,0.0,0.0,0.0,0.0,0.0,0.0,0.0,0.0,0.0,0.0,0.0,0.0,0.0,0.0,0.0,0.0,0.0,0.0,0.0,0.0,0.0,0.0,0.0,0.0,0.0,0.0,0.0,0.0,0.0,0.0,0.0,0.0,0.0,0.0,0.0,0.0,0.0,0.0,0.0,0.0,0.0,0.0,0.0,0.0,0.0,0.0,0.0,0.0,0.0
Sr96,5004104986366.382,198607458971.95135,7785980962.044162,305232739.6350187,11965997.065659095,469101.33541564154,18390.11506364744,720.9451487801404,28.26311340362713,1.1079949433294416,0.04343657320803382,0.0017028379988697259,6.675612361286247e-05,2.6170311226163195e-06,1.0259511077157298e-07,4.0220220016751e-09,1.5767477475584346e-10,6.181302485155891e-12,2.4232475024720703e-13,9.499823819233517e-15,3.72420285193368e-16,1.459994116340361e-17,5.72359483222487e-19,2.2438130014925474e-20,8.796389215604047e-22,3.4484363528032714e-23,1.351885755377926e-24,5.299779113243812e-26,2.077665108715e-27,8.145041919170887e-29,3.193089568996138e-30,1.251782507298601e-31,4.907345728079283e-33,1.9238199890544917e-34,7.541925014796579e-36,2.9566504793813733e-37,1.1590916165402753e-38,4.543970905262533e-40,1.781366657581634e-41,6.983467180805421e-43,2.7377190236396637e-44,1.0732642193836558e-45,4.207502941911913e-47,1.6494615851783205e-48,6.466361541609916e-50,2.534998811887538e-51,9.937920938876715e-53,3.895949462549323e-54,1.5273237036291006e-55,5.987546086239251e-57,2.347289448180073e-58,9.202046504828117e-60,3.607465621364785e-61,1.4142297805711742e-62,5.544185536819417e-64,2.1734794224360954e-65,8.52066145402344e-67,3.3403431780691465e-68,1.3095101369159959e-69,5.133654559640141e-71,2.0125395286958838e-72,7.889731004509522e-74,3.0930003826486393e-75,1.2125446813835143e-76,4.75352221939401e-78,1.8635167707379275e-79,7.305519138320597e-81,2.8639726091241186e-82,1.1227592386677068e-83,4.4015375845344153e-85,1.7255287189672253e-86,6.76456647886518e-88,2.6519036828534886e-89,1.0396221494908992e-90,4.075616398515292e-92,1.5977582851597538e-93,6.263669806428814e-95,2.455537850022486e-96,9.62641122414277e-98,3.773828737987212e-99,1.4794488841220672e-100,5.799863090494719e-102,2.273712341771416e-103,8.913603187627468e-105,3.4943875848684696e-106,1.3698999536160664e-107
Sr97,934731496511.7034,292960784.310537,90845.07757763748,28.170418061099504,0.008735448027536622,2.7088008447828887e-06,8.399800437901155e-10,2.6047188936925933e-13,8.077049645782304e-17,2.5046361485843916e-20,7.766700109453224e-24,2.4083989454625653e-27,7.468275327697112e-31,2.3158595246593186e-34,7.181317108201828e-38,2.2268758039691044e-41,6.905384864065344e-45,2.1413111604999195e-48,6.640054937332055e-52,2.0590342209067045e-55,6.384919948521293e-59,1.979918659684691e-62,6.139588171149256e-66,1.9038430052130962e-69,5.903682930284145e-73,1.830690453251279e-76,5.676842024210928e-80,1.760348687601083e-83,5.458717168317871e-87,1.6927097076599625e-90,5.248973460350985e-94,1.6276696626001534e-97,5.047288866215274e-101,1.565128691919275e-104,4.8533537255334544e-108,1.5049907721175651e-111,4.6668702762028125e-115,1.4471635692663213e-118,4.4875521972203707e-122,1.3915582972411988e-125,4.3151241690743344e-129,1.3380895814027122e-132,4.149321451026921e-136,1.2866753275146043e-139,3.9898894746394805e-143,1.2372365956988658e-146,3.83658345291591e-150,1.1896974792338552e-153,3.689168004464128e-157,1.1439849880094252e-160,3.547416792098685e-164,1.100028936460139e-167,3.4111121753295283e-171,1.0577618358044883e-174,3.2800448762034434e-178,1.0171187904246767e-181,3.154013657985059e-185,9.780373982278697e-189,3.032825016184099e-192,9.404576548359217e-196,2.916292881454498e-199,9.043218614564818e-203,2.8042383339091823e-206,8.695745362940296e-210,2.6964893284119326e-213,8.361623293648141e-217,2.5928804304245404e-220,8.04033940584918e-224,2.4932525620036496e-227,7.731400410056726e-231,2.3974527575573316e-234,7.434331970754931e-238,2.3053339289863876e-241,7.148677978118512e-245,2.216754639849762e-248,6.873999847715596e-252,2.1315788882073347e-255,6.609875847118587e-259,2.0496758978066946e-262,6.35590044838902e-266,1.970919917293267e-269,6.111683705442363e-273,1.8951900271355253e-276,5.876850655336685e-280,1.8223699539688163e-283,5.651040742565951e-287
Sr98,659941068425.1344,3273156474.5016103,16217719.010366721,80354.97598361984,398.13997031276136,1.972689731037434,0.00977421275207196,4.842892088890452e-05,2.399538907076273e-07,1.1889149832144921e-09,5.8907935734796e-12,2.918749398844782e-14,1.4461715466672995e-16,7.165439222763876e-19,3.550306280983337e-21,1.759093099100744e-23,8.715891774967633e-26,4.318518984116475e-28,2.1397243905364616e-30,1.0601830128097337e-32,5.252956995870497e-35,2.6027164052869866e-37,1.2895846456910578e-39,6.389588028199941e-42,3.165890297045053e-44,1.5686240378392006e-46,7.772162460536264e-49,3.8509233478392834e-51,1.9080417716732221e-53,9.45389734774286e-56,4.684183354292229e-58,2.3209024690612895e-60,1.1499524812492516e-62,5.697743557772867e-65,2.823097665294365e-67,1.398778366730453e-69,6.930617184400878e-72,3.433957494566319e-74,1.7014450171954724e-76,8.43025911392333e-79,4.176994731515475e-81,2.0696024583980183e-83,1.025439247861606e-85,5.08080982793629e-88,2.5174215402313097e-90,1.2473230500332843e-92,6.180191780679607e-95,3.0621393908306735e-97,1.517217908704728e-99,7.51745720455231e-102,3.724722895640001e-104,1.8455124215277857e-106,9.144079152841597e-109,4.5306757395982905e-111,2.2448430633942595e-113,1.112266838084538e-115,5.5110200765304e-118,2.730580580485916e-120,1.3529383313771126e-122,6.703490611449932e-125,3.3214216299169904e-127,1.6456861481744213e-129,8.15398705752647e-132,4.0401084379342035e-134,2.001778525660136e-136,9.91834087463997e-139,4.914304177237234e-141,2.434921914023044e-143,1.2064464293544751e-145,5.97765775781008e-148,2.961788555222144e-150,1.467496434432635e-152,7.2710990164217594e-155,3.6026582188630477e-157,1.7850322506443793e-159,8.844414158293665e-162,4.382198796418797e-164,2.171276236914634e-166,1.0758162091694447e-168,5.330415799863143e-171,2.641095417345159e-173,1.308600541762744e-175,6.483807312130715e-178,3.212573731951103e-180,1.5917545797379138e-182,7.886768844921837e-185
Sr99,48514623616.20316,131515.3255549512,0.35022473473795046,9.326469314864589e-07,2.48363468520275e-12,6.61390826613333e-18,1.7612808684565356e-23,4.690283222516761e-29,1.2490203636118741e-34,3.3261357464038826e-40,8.857484894412443e-46,2.35874433987151e-51,6.281325824654375e-57,1.6727143102596364e-62,4.45443086675309e-68,1.1862129847865548e-73,3.1588799722508344e-79,8.412083501921e-85,2.2401341445357193e-90,5.9654673950500085e-96,1.5886013490848468e-101,4.230438420312646e-107,1.126563894608747e-112,3.0000347069045244e-118,7.989079257468547e-124,2.1274882998927016e-129,5.665492005163225e-135,1.508718034415854e-140,4.017709503953418e-146,1.0699142775480549e-151,2.8491770253045387e-157,7.587345913475402e-163,2.020506886706297e-168,5.38060097138447e-174,1.4328516771579712e-179,3.81567772754972e-185,1.0161133041625938e-190,2.705905269309121e-196,7.205813856072932e-202,1.918905067272731e-207,5.110035772158722e-213,1.3608002833540122e-218,3.6238051820801255e-224,9.650177295160445e-230,2.5698379782815533e-235,6.843467257259778e-241,1.8224123270410945e-246,4.853076028424208e-252,1.2923720163759935e-257,3.441581007446263e-263,9.164915117884219e-269,2.440612873452295e-274,6.499341370262671e-280,1.730771754369077e-285,4.609037585604995e-291,1.2273846861606185e-296,3.268520032309212e-302,8.704054500651141e-308,2.31788589333e-313,6.1725e-319,0.0,0.0,0.0,0.0,0.0,0.0,0.0,0.0,0.0,0.0,0.0,0.0,0.0,0.0,0.0,0.0,0.0,0.0,0.0,0.0,0.0,0.0,0.0,0.0,0.0,0.0
Tb169,10432.586453676882,1887.3674903451881,334.990379430646,59.26061072182596,10.477211127474524,1.8521678903778989,0.32742140414985493,0.05788051396231799,0.01023192723555824,0.0018087663224435379,0.0003197477342712288,5.65239478313615e-05,9.992116703944675e-06,1.7663733699790718e-06,3.1225364700605306e-07,5.519916781208921e-08,9.757926468946758e-09,1.7249739941280247e-09,3.049352021545937e-10,5.390543731650097e-11,9.529225067331053e-12,1.6845449161406553e-12,2.977882833540954e-13,5.264202862939548e-14,9.305883854815481e-15,1.6450633946686087e-15,2.908088704629838e-16,5.140823108339402e-17,9.087777201968243e-18,1.6065072213560632e-18,2.839930375615076e-19,5.0203350667376976e-20,8.874782423797113e-21,1.5688547083555305e-21,2.7733695074365977e-22,4.902670963611033e-23,8.666779710739368e-24,1.5320846761284477e-24,2.7083686596060525e-25,4.787764612901399e-26,8.463652061268914e-27,1.4961764415316872e-27,2.6448912691465356e-28,4.6755513797865226e-29,8.265285216082924e-30,1.4611098061832883e-30,2.5829016300259137e-31,4.565968144322776e-32,8.07156759383098e-33,1.4268650451008675e-33,2.5223648730721813e-34,4.458953265940211e-35,7.882390228350567e-36,1.393422895606316e-36,2.463246946359552e-37,4.3544465487697373e-38,7.6976467073736e-39,1.3607645464905429e-39,2.40551459605425e-40,4.2523892077829466e-41,7.517233112669531e-42,1.3288716274321708e-42,2.3491353477092286e-43,4.1527238357255337e-44,7.341047961591339e-45,1.2977261986642293e-45,2.2940774879972935e-46,4.0553943708257165e-47,7.168992149991542e-48,1.2673107408830364e-48,2.240310046872357e-49,3.960346065259489e-50,7.000968896476116e-51,1.2376081453935903e-51,2.187802780148786e-52,3.8675254543549695e-53,6.836883687964957e-54,1.208601704485928e-54,2.136526152489049e-55,3.776880326518525e-56,6.676644226528278e-57,1.180275102037039e-57,2.086451320790087e-58,3.688359693865747e-59,6.520160377469021e-60,1.152612404333046e-60
Tb170,846.8157875613435,266.7302590329607,84.01476699988497,26.46299336129206,8.335320594780038,2.6254614687464093,0.8269685425403783,0.26047876858687696,0.08204567089832551,0.02584276695438691,0.00813996151833993,0.00256392721557268,0.0008075864673245928,0.0002543737974481234,8.012272548664647e-05,2.5237077103893602e-05,7.949181170253878e-06,2.5038351714577077e-06,7.886586594966779e-07,2.484119115704347e-07,7.824484910805376e-08,2.4645583109271284e-08,7.762872236576112e-09,2.4451515346266867e-09,7.701744721647293e-10,2.4258975739300413e-10,7.641098545708416e-11,2.4067952255147868e-11,7.580929918531398e-12,2.3878432955338866e-12,7.521235079733727e-13,2.3690405995410665e-13,7.462010298543407e-14,2.3503859624167925e-14,7.403251873565846e-15,2.3318782182948182e-15,7.344956132552489e-16,2.3135162104893317e-16,7.287119432171326e-17,2.2952987914226606e-17,7.229738157779188e-18,2.2772248225535477e-18,7.172808723195839e-19,2.2592931743060034e-19,7.116327570479861e-20,2.2415027259987076e-20,7.060291169706292e-21,2.2238523657749655e-21,7.004696018745985e-22,2.206340990533222e-22,6.94953864304678e-23,2.188967505858124e-23,6.894815595416329e-24,2.1717308259521217e-24,6.840523455806648e-25,2.1546298735676064e-25,6.786658831100396e-26,2.137663579939584e-26,6.733218354898792e-27,2.1208308847188814e-27,6.680198687311223e-28,2.1041307359058804e-28,6.627596514746525e-29,2.0875620897847632e-29,6.575408549705893e-30,2.071123910858296e-30,6.523631530577411e-31,2.0548151717831e-31,6.472262221432194e-32,2.0386348533054454e-32,6.421297411822204e-33,2.0225819441975686e-33,6.370733916579542e-34,2.0066554411944442e-34,6.320568575617412e-35,1.9908543489311098e-35,6.270798253732649e-36,1.9751776798804455e-36,6.221419840409733e-37,1.959624454291459e-37,6.17243024962641e-38,1.9441937001280465e-38,6.12382641966082e-39,1.928884453008257e-39,6.07560531290016e-40,1.9136957561440103e-40
Tb171,18.18041899885268,0.01775431542856707,1.733819866071003e-05,1.693183462959964e-08,1.6534994755468397e-11,1.6147455815887106e-14,1.5768999820202252e-17,1.5399413886916262e-20,1.5038490123941662e-23,1.468602551166178e-26,1.4341821788732206e-29,1.4005685340558795e-32,1.3677427090389449e-35,1.3356862392958446e-38,1.3043810930623482e-41,1.2738096611936994e-44,1.243954747259472e-47,1.2147995578705782e-50,1.1863276932329866e-53,1.1585231379228384e-56,1.131370251877772e-59,1.1048537615993866e-62,1.078958751561901e-65,1.053670655822169e-68,1.0289752498263369e-71,1.004858642408532e-74,9.813072679770821e-78,9.583078788838693e-81,9.358475379725286e-84,9.139136113012974e-87,8.924937610364233e-90,8.715759385121321e-93,8.51148377453254e-96,8.311995873566934e-99,8.117183470280209e-102,7.926936982695516e-105,7.74114939716359e-108,7.559716208167568e-111,7.382535359538641e-114,7.209507187049454e-117,7.040534362352983e-120,6.875521838235335e-123,6.714376795151694e-126,6.557008589015326e-129,6.40332870021028e-132,6.253250683799101e-135,6.10669012089756e-138,5.963564571189023e-141,5.82379352655178e-144,5.687298365773223e-147,5.554002310325413e-150,5.423830381177161e-153,5.296709356618321e-156,5.17256773107258e-159,5.051335674875566e-162,4.93294499499567e-165,4.817329096675459e-168,4.704422945972128e-171,4.594163033175906e-174,4.486487337085846e-177,4.381335290122896e-180,4.278647744260641e-183,4.178366937754532e-186,4.08043646265091e-189,3.9848012330575295e-192,3.891407454157744e-195,3.8002025919509216e-198,3.711135343702072e-201,3.6241556090840545e-204,3.539214461996147e-207,3.456264123043112e-210,3.3752579326592894e-213,3.296150324862587e-216,3.2188968016236204e-219,3.143453907835567e-222,3.0697792068706707e-225,2.9978312567096393e-228,2.927569586630507e-231,2.8589546744438547e-234,2.791947924261577e-237,2.726511644786696e-240,2.662609028112008e-243,2.6002041290156327e-246,2.539261844741829e-249,2.479747895255692e-252,2.421628803960637e-255
Tc109,31388021514.713665,1007799949.9237447,18566154.237386543,330967.9629122315,5884.534743292601,104.60342781771934,1.859397266749402,0.033052007979369975,0.0005875210886801323,1.0443572040961969e-05,1.8564133099837462e-07,3.299896207691762e-09,5.865781570796474e-11,1.0426810805770494e-12,1.853433890559389e-14,3.294600094568666e-16,5.856367382953098e-18,1.0410076470481959e-19,1.850459252893322e-21,3.2893124813520035e-23,5.846968304252531e-25,1.0393368992684402e-26,1.8474893893221305e-28,3.2840333544015654e-30,5.837584310445823e-32,1.037668832927338e-33,1.8445242921837155e-35,3.2787627000974775e-37,5.828215377322745e-39,1.036003443721361e-40,1.8415639538282686e-42,3.273500504841693e-44,5.8188614807119e-46,1.0343407273538848e-47,1.838608366618264e-49,3.268246755058013e-51,5.809522596480681e-53,1.0326806795351812e-54,1.8356575229284264e-56,3.263001437192017e-58,5.800198700535223e-60,1.031023295982409e-61,1.8327114151457245e-63,3.2577645377110383e-65,5.79088976882033e-67,1.0293685724195979e-68,1.8297700356693415e-70,3.25253604310413e-72,5.78159577731942e-74,1.0277165045776414e-75,1.826833376910664e-77,3.247315939882027e-79,5.77231670205442e-81,1.0260670881942862e-82,1.8239014312932517e-84,3.242104214577127e-86,5.763052519085794e-88,1.0244203190141157e-89,1.8209741912528298e-91,3.236900853743418e-93,5.7538032045123804e-95,1.022776192788548e-96,1.8180516492372608e-98,3.231705843956494e-100,5.744568734471413e-102,1.0211347052758156e-103,1.815133797706529e-105,3.2265191718134755e-107,5.735349085138391e-109,1.0194958522409614e-110,1.8122206291327165e-112,3.221340823933002e-114,5.726144232727091e-116,1.0178596294558263e-117,1.809312135999998e-119,3.2161707869552004e-121,5.7169541534894374e-123,1.0162260326990335e-124,1.806408310804596e-126,3.2110090475416133e-128,5.707778823715462e-130,1.0145950577559822e-131,1.8035091460547838e-133,3.205855592375201e-135,5.698618219733253e-137,1.0129667004188355e-138
Tc110,17802357827.192398,461634009.28073764,10672958.748777004,246747.2117888203,5704.527377605801,131.8824734256814,3.048979458868927,0.07048909153075068,0.0016296311903241819,3.767530207590868e-05,8.710120393735252e-07,2.013685175516482e-08,4.6554212832825475e-10,1.0762828066845823e-11,2.4882488812012776e-13,5.7525609963719e-15,1.3299295848975984e-16,3.0746526667016874e-18,7.108262819481297e-20,1.643353112955785e-21,3.7992538014492495e-23,8.783461895091152e-25,2.0306409335719876e-26,4.694621153195453e-28,1.0853453905935902e-29,2.5092005902988553e-31,5.8009990708236275e-33,1.341127941297375e-34,3.100542049687254e-36,7.168116259347413e-38,1.657190577779894e-39,3.831244516299853e-41,8.857420951151021e-43,2.0477394635636137e-44,4.734151096308553e-46,1.0944842838393264e-47,2.5303287182898345e-49,5.849845006584111e-51,1.3524205907991951e-52,3.1266494280771935e-54,7.2284736808972115e-56,1.6711445576921157e-57,3.8635046013715844e-59,8.932002761887607e-61,2.064981967668548e-62,4.7740138919248604e-64,1.1037001289664419e-65,2.5516347506676133e-67,5.899102237952655e-69,1.3638083273757362e-70,3.1529766374500503e-72,7.289339327788811e-74,1.6852160337800927e-75,3.896036324832463e-77,9.007212571058886e-79,2.082369658186644e-80,4.814212342749882e-82,1.1129935739299938e-83,2.5731201854338696e-85,5.948774228146336e-87,1.3752919516851492e-88,3.1795255288404608e-90,7.350717479413122e-92,1.6994059953924915e-93,3.928841973949079e-95,9.083055666576647e-97,2.0999037576256406e-98,4.854749275088653e-100,1.1223652721409852e-101,2.5947865332038256e-103,5.998864469543376e-105,1.3868722711273263e-106,3.2062979688692203e-108,7.412612451194555e-110,1.7137154402085385e-111,3.961923855247376e-113,9.159537380878199e-115,2.1175854987870943e-116,4.8956275390443985e-118,1.1318158825123108e-119,2.616635317312493e-121,6.049376483928759e-123,1.3985500999006785e-124,3.233295839874579e-126,7.475028594894601e-128,1.728145374308197e-129
Tc111,1704052908.1575973,12173.02490212713,0.07860354422504558,5.073300229136481e-07,3.2744304829728236e-12,2.113386458336204e-17,1.3640184574042015e-22,8.803593247747427e-28,5.681961328906748e-33,3.667206184848155e-38,2.3668529682348885e-43,1.527588068643735e-48,9.859170474176188e-54,6.363173075894228e-59,4.1068271715062777e-64,2.650565413682412e-69,1.7106852286216689e-74,1.1040817313928598e-79,7.125772231226148e-85,4.598988149865011e-90,2.9681943111526076e-95,1.915676126803838e-100,1.2363789416724811e-105,7.979595823846136e-111,5.150032828306065e-116,3.3238309778587208e-121,2.1451996396015897e-126,1.3845108631101235e-131,8.935624362576585e-137,5.7670449532955415e-142,3.722045511238452e-147,2.4022043086138056e-152,1.5503799145857324e-157,1.0006132808556486e-162,6.457944930573819e-168,4.167948683210323e-173,2.689988022265725e-178,1.7361142086297997e-183,1.1204854032033754e-188,7.231594830486995e-194,4.667259431665338e-199,3.0122414159114946e-204,1.9440954713259902e-209,1.2547158491726794e-214,8.09791405926661e-220,5.2263793473460376e-225,3.3730958503171757e-230,2.1769899533020513e-235,1.4050253424868825e-240,9.068007739951474e-246,5.852475430424268e-251,3.777176765509497e-256,2.4377828316838427e-261,1.5733404691536297e-266,1.0154309784787053e-271,6.553572369057006e-277,4.229663202947399e-282,2.7298166060921064e-287,1.7618184470609816e-292,1.1370742694459363e-297,7.338655637469368e-303,4.736354324300525e-308,3.05683401805e-313,1.972873e-318,1.5e-323,0.0,0.0,0.0,0.0,0.0,0.0,0.0,0.0,0.0,0.0,0.0,0.0,0.0,0.0,0.0,0.0,0.0,0.0,0.0,0.0,0.0
Tc112,242541290.38187927,1225.6738800566854,0.006325059803757766,3.326310305366118e-08,1.7782390232559393e-13,9.638509454609297e-19,5.283589295441194e-24,2.9225651122972894e-29,1.6280690436558753e-34,9.119255407450026e-40,5.129386393539015e-45,2.894355110509565e-50,1.6371130968127313e-55,9.276539588042858e-61,5.263523793580201e-66,2.9895229395513626e-71,1.699223555030985e-76,9.663607223555991e-82,5.498017827401501e-87,3.128996238306342e-92,1.7811550713089908e-97,1.014076754093081e-102,5.774222470179489e-108,3.288182024116641e-113,1.8726108055803849e-118,1.0665000971218637e-123,6.074217288857614e-129,3.459645642235433e-134,1.9705238281418795e-139,1.1223756997924969e-144,6.392925159963498e-150,3.6413676955712256e-155,2.074111381546306e-160,1.1814124826213145e-165,6.7293399910828865e-171,3.833049678887955e-176,2.183319078422531e-181,1.2436281724168987e-186,7.083767894511966e-192,4.0349523556292e-197,2.2983318409546274e-202,1.3091434285282814e-207,7.456960705303342e-213,4.2475311635580825e-218,2.4194205402593187e-223,1.3781173637227652e-228,7.849845052741764e-234,4.471322471958426e-239,2.5468942990366043e-244,1.4507275739184979e-249,8.263438926610672e-255,4.706908826561471e-260,2.681086072996049e-265,1.5271641904193615e-270,8.698827338612669e-276,4.95490910427543e-281,2.8223487352749143e-286,1.607628362351794e-291,9.157156680284747e-297,5.215976563812604e-302,2.9710544985966244e-307,1.69233215181e-312,9.639636e-318,5.4e-323,0.0,0.0,0.0,0.0,0.0,0.0,0.0,0.0,0.0,0.0,0.0,0.0,0.0,0.0,0.0,0.0,0.0,0.0,0.0,0.0,0.0,0.0
Tc113,27892285.33799588,0.010935659957474593,4.282108174155677e-12,1.6767575467825675e-21,6.565728272958999e-31,2.5709613078558777e-40,1.006718793665995e-49,3.942038047883099e-59,1.5435952987795012e-68,6.044300987134543e-78,2.3667845096420165e-87,9.267686912026232e-97,3.6289751073422994e-106,1.4210083330092514e-115,5.564283641395799e-125,2.1788227220553024e-134,8.53167947591117e-144,3.340774535847545e-153,1.3081567973667271e-162,5.122387602438503e-172,2.005788205392011e-181,7.854123188519501e-191,3.075461850588735e-200,1.204267537877719e-209,4.7155854087685766e-219,1.8464954877534047e-228,7.230376063073038e-238,2.8312193753078524e-247,1.1086288017654953e-256,4.341090029345943e-266,1.6998532432926096e-275,6.656164763225973e-285,2.6063737872684428e-294,1.0205853611814229e-303,3.99633576945e-313,1.6e-322,0.0,0.0,0.0,0.0,0.0,0.0,0.0,0.0,0.0,0.0,0.0,0.0,0.0,0.0,0.0,0.0,0.0,0.0,0.0,0.0,0.0,0.0,0.0,0.0,0.0,0.0,0.0,0.0,0.0,0.0,0.0,0.0,0.0,0.0,0.0,0.0,0.0,0.0,0.0,0.0,0.0,0.0,0.0,0.0,0.0,0.0,0.0,0.0,0.0,0.0
Tc114,1310157.5985934234,0.00012114091122578807,1.1193287204743027e-14,1.0342474493542296e-24,9.556332888898542e-35,8.829946676732461e-45,8.158773791201099e-55,7.538617413329919e-65,6.965599728460514e-75,6.43613767842045e-85,5.946920556794408e-95,5.494889307200668e-105,5.077217395125878e-115,4.691293133710335e-125,4.334703352967633e-135,4.005218310322922e-145,3.7007777481158973e-155,3.419478010886642e-165,3.1595601418891493e-175,2.919398884400523e-185,2.697492519051414e-195,2.4924534736309316e-205,2.3029996466494314e-215,2.1279463904058295e-225,1.9661991034297754e-235,1.8167463859795646e-245,1.6786537157973485e-255,1.5510576045763734e-265,1.4331601986008609e-275,1.32422428979653e-285,1.2235687059960715e-295,1.1305640515950167e-305,1.04462877e-315,0.0,0.0,0.0,0.0,0.0,0.0,0.0,0.0,0.0,0.0,0.0,0.0,0.0,0.0,0.0,0.0,0.0,0.0,0.0,0.0,0.0,0.0,0.0,0.0,0.0,0.0,0.0,0.0,0.0,0.0,0.0,0.0,0.0,0.0,0.0,0.0,0.0,0.0,0.0,0.0,0.0,0.0,0.0,0.0,0.0,0.0,0.0,0.0,0.0,0.0,0.0,0.0,0.0
Tc115,8200.136943667389,6.283088175203648e-17,1.8797631453269494e-33,8.199102263927474e-50,3.57635359709322e-66,1.559964086013648e-82,6.804382966020096e-99,2.9679931713414733e-115,1.2946043027149015e-131,5.64691427457167e-148,2.463118711832643e-164,1.0743839012927619e-180,4.6863383474449665e-197,2.0441265994685443e-213,8.916243866456968e-230,3.8891624768642396e-246,1.6964077023904007e-262,7.399534243809219e-279,3.2275912770351713e-295,1.4078379947102e-311,0.0,0.0,0.0,0.0,0.0,0.0,0.0,0.0,0.0,0.0,0.0,0.0,0.0,0.0,0.0,0.0,0.0,0.0,0.0,0.0,0.0,0.0,0.0,0.0,0.0,0.0,0.0,0.0,0.0,0.0,0.0,0.0,0.0,0.0,0.0,0.0,0.0,0.0,0.0,0.0,0.0,0.0,0.0,0.0,0.0,0.0,0.0,0.0,0.0,0.0,0.0,0.0,0.0,0.0,0.0,0.0,0.0,0.0,0.0,0.0,0.0,0.0,0.0,0.0,0.0,0.0
Tc116,707.1689269410394,1.3354711839378015e-14,2.5220045949175743e-31,4.762743856464676e-48,8.994325025420234e-65,1.6985562335689046e-81,3.207681810966117e-98,6.057628471200966e-115,1.1439682879285463e-131,2.160356070049174e-148,4.079779482217449e-165,7.704563545926776e-182,1.4549879397148272e-198,2.747709058529078e-215,5.1889812033785745e-232,9.799263806856656e-249,1.850566949324235e-265,3.494750321483302e-282,6.59975031650032e-299,1.24634667e-315,0.0,0.0,0.0,0.0,0.0,0.0,0.0,0.0,0.0,0.0,0.0,0.0,0.0,0.0,0.0,0.0,0.0,0.0,0.0,0.0,0.0,0.0,0.0,0.0,0.0,0.0,0.0,0.0,0.0,0.0,0.0,0.0,0.0,0.0,0.0,0.0,0.0,0.0,0.0,0.0,0.0,0.0,0.0,0.0,0.0,0.0,0.0,0.0,0.0,0.0,0.0,0.0,0.0,0.0,0.0,0.0,0.0,0.0,0.0,0.0,0.0,0.0,0.0,0.0,0.0,0.0
Tc117,44.057964725418366,1.0357977729227479e-36,2.4351488614560083e-74,5.725007460402001e-112,1.345942785693251e-149,3.164296282388627e-187,7.43922480893664e-225,1.7489533475709142e-262,4.111769560055465e-300,0.0,0.0,0.0,0.0,0.0,0.0,0.0,0.0,0.0,0.0,0.0,0.0,0.0,0.0,0.0,0.0,0.0,0.0,0.0,0.0,0.0,0.0,0.0,0.0,0.0,0.0,0.0,0.0,0.0,0.0,0.0,0.0,0.0,0.0,0.0,0.0,0.0,0.0,0.0,0.0,0.0,0.0,0.0,0.0,0.0,0.0,0.0,0.0,0.0,0.0,0.0,0.0,0.0,0.0,0.0,0.0,0.0,0.0,0.0,0.0,0.0,0.0,0.0,0.0,0.0,0.0,0.0,0.0,0.0,0.0,0.0,0.0,0.0,0.0,0.0,0.0,0.0
Tc118,0.04838789733843117,7.5758967779128125e-25,1.186127423313465e-47,1.857071585819371e-70,2.9075416410351944e-93,4.552219989206094e-116,7.127226154790155e-139,1.1158808840954984e-161,1.7470894292485258e-184,2.7353470404379886e-207,4.282621888938525e-230,6.705127346721835e-253,1.0497945861594646e-275,1.643620793672962e-298,2.574e-321,0.0,0.0,0.0,0.0,0.0,0.0,0.0,0.0,0.0,0.0,0.0,0.0,0.0,0.0,0.0,0.0,0.0,0.0,0.0,0.0,0.0,0.0,0.0,0.0,0.0,0.0,0.0,0.0,0.0,0.0,0.0,0.0,0.0,0.0,0.0,0.0,0.0,0.0,0.0,0.0,0.0,0.0,0.0,0.0,0.0,0.0,0.0,0.0,0.0,0.0,0.0,0.0,0.0,0.0,0.0,0.0,0.0,0.0,0.0,0.0,0.0,0.0,0.0,0.0,0.0,0.0,0.0,0.0,0.0,0.0,0.0
Te136,30464168396689.395,25031691381442.438,20534533585453.312,16845207116036.475,13818719051207.998,11335983814189.305,9299308317950.695,7628551399631.83,6257970428239.565,5133634399135.178,4211301802427.614,3454679763350.066,2833995953560.16,2324827079487.9805,1907137849907.97,1564492607059.8965,1283408599783.7983,1052825450606.9066,863669940837.519,708498988390.0416,581206769871.9965,476784462476.9937,391123151764.97516,320852149945.9507,263206362651.72757,215917485209.38046,177124747097.51105,145301692467.9995,119196115619.24878,97780787941.24405,80213037486.48788,65801590662.93205,53979371302.34524,44281186774.37785,36325423117.00001,29799028904.81232,24445196985.31113,20053259371.622063,16450397665.7331,13494842825.586376,11070296693.594522,9081355779.250038,7449757226.203104,6111299246.327804,5013314842.905527,4112599416.433286,3373710706.3966064,2767574173.3986416,2270338944.81252,1862439306.5507846,1527824811.5819561,1253328710.7263865,1028149854.1083246,843427676.599154,691893543.3496616,567584736.2031307,465609826.63769674,381956202.8954896,313332177.68159735,257037463.52708164,210856919.149789,172973385.83741605,141896184.05078328,116402456.65942466,95489050.7238728,78333044.42039965,64259365.88177065,52714229.7874474,43243346.45935414,35474046.01269592,29100614.164856255,23872262.68096828,19583261.10509999,16064841.47044274,13178557.446861915,10810836.614838582,8868511.503174022,7275153.541214105,5968065.670242103,4895815.276275019,4016210.367610705,3294639.361715496,2702709.15370966,2217127.8757935152,1818788.3853035332,1492016.4175605306
Te137,1216789096979.988,302510441036.8825,75207728193.50467,18697544140.868145,4648433948.090571,1155656486.593373,287310076.88168555,71428734.4339589,17758040.922936592,4414862.168841211,1097587.738109693,272873.4888602319,67839.62533236096,16865.745310979637,4193.026767191494,1042.4367939991823,259.1623020358517,64.43085967721004,16.018285244935246,3.9823380205319125,0.9900570421411631,0.24614006687518317,0.06119337567691519,0.01521340785462192,0.003782235838288357,0.0009403092372947065,0.00023377216533961224,5.8118566871467466e-05,1.4448973470755977e-05,3.59218827298896e-06,8.930611309319735e-07,2.2202571885739956e-07,5.5198259253206744e-08,1.3722949936899522e-08,3.4116901061460593e-09,8.481871196714933e-10,2.1086950091997155e-10,5.242468953720934e-11,1.3033407207217847e-11,3.2402615051938475e-12,8.055679113767448e-13,2.002738540700186e-13,4.9790484523533626e-14,1.237851221568599e-14,3.077446747911519e-15,7.650902080324305e-16,1.9021061106073063e-16,4.728864149645861e-17,1.1756524003104157e-17,2.9228130109407945e-18,7.26646404555392e-19,1.8065301997657407e-19,4.4912509608610753e-20,1.1165789088968021e-20,2.7759492191773315e-21,6.901343027394973e-22,1.715756731165573e-22,4.2655772200489586e-23,1.0604737075890701e-23,2.6364649529772236e-24,6.554568395740608e-25,1.629544394509263e-25,4.0512430008391477e-26,1.0071876474890894e-26,2.503989410273552e-27,6.225218292135586e-28,1.5476640047174097e-28,3.847678521609282e-29,9.565790740449882e-30,2.378170420843926e-30,5.912417179126983e-31,1.4698978926678868e-31,3.6543426307893315e-32,9.085134504796235e-33,2.2586735101084573e-33,5.615333512753622e-34,1.3960393265487876e-34,3.47072136827557e-35,8.628630001408257e-36,2.1451810099695443e-36,5.333177531987011e-37,1.3258919622868958e-37,3.296326599129752e-38,8.195063668226079e-39,2.0373912143295945e-39,5.065199159246976e-40
Te138,115442710935.22797,9711544306.749523,816923084.5764283,68718558.55607717,5780520.074877635,486250.1926433134,40902.76424663474,3440.6898924213465,289.42657431238104,24.346205132497307,2.047972636105938,0.17227292284004858,0.014491385002235038,0.0012189973666261122,0.0001025405494100263,8.625584075223885e-06,7.255734542756507e-07,6.103434074240768e-08,5.134133185149713e-09,4.318769276808234e-10,3.6328952509943194e-11,3.0559465113290185e-12,2.570624373919943e-13,2.1623774000276766e-14,1.8189650995256892e-15,1.530090923651975e-16,1.2870935430551335e-17,1.0826871547086047e-18,9.107430313018058e-20,7.661057632922989e-21,6.444386839949152e-22,5.420938430803125e-23,4.5600262989162966e-24,3.8358376713250374e-25,3.2266591629642646e-26,2.714225743120353e-27,2.283173094070866e-28,1.9205769419518698e-29,1.6155655475864287e-30,1.3589937385667329e-31,1.1431687090769583e-32,9.61619366098726e-34,8.089023062945494e-35,6.804386061641198e-36,5.723765319442384e-37,4.814760528762443e-38,4.050116951962525e-39,3.4069082411437082e-40,2.8658490362725503e-41,2.4107167312340484e-42,2.02786507059372e-43,1.7058149932153228e-44,1.4349104549772904e-45,1.2070289111025727e-46,1.0153377774786103e-47,8.540895689346072e-49,7.184495720964838e-50,6.043508859258075e-51,5.0837248361567476e-52,4.276366397670791e-53,3.597226473994782e-54,3.0259423776823715e-55,2.545385268135697e-56,2.1411465766921254e-57,1.801105993765027e-58,1.5150680649747776e-59,1.2744565003129277e-60,1.0720570307954552e-61,9.018011026627977e-63,7.585839236187072e-64,6.381114055788919e-65,5.367714148059593e-66,4.515254691168018e-67,3.798176349141988e-68,3.194978924976163e-69,2.6875767191135833e-70,2.2607562649807557e-71,1.9017201828327535e-72,1.599703475254653e-73,1.345650759687429e-74,1.1319447604244913e-75,9.52177919440318e-77,8.009602782468746e-78,6.737578704895841e-79,5.667567797996859e-80,4.767487869425574e-81
Te139,2879492374.7959895,132345.11818906924,6.082749328245634,0.0002795708666595048,1.2849431279669249e-08,5.905761433004782e-13,2.7143627873049723e-17,1.2475555311006507e-21,5.733923300374795e-26,2.6353838041641803e-30,1.2112557896958428e-34,5.5670850892893326e-39,2.55870284831993e-43,1.1760122507551408e-47,5.405101318561729e-52,2.4842530547754173e-56,1.1417941822787537e-60,5.247830740026861e-65,2.411969504084181e-69,1.1085717464664864e-73,5.095136215374241e-78,2.3417891657410129e-82,1.076315973699477e-86,4.946884596564791e-91,2.273650843220025e-95,1.044998737278998e-99,4.8029466097271996e-104,2.207495120611913e-108,1.014592728900268e-112,4.6631967424324126e-117,2.1432643108138974e-121,9.850714348398849e-126,4.5275131342480934e-130,2.0809024052271704e-134,9.564091128361479e-139,4.395777470477612e-143,2.0203550249179773e-147,9.285807696420586e-152,4.267874878990856e-156,1.961569373199757e-160,9.015621392314793e-165,4.1436938300568974e-169,1.9044941895949663e-173,8.753296616394037e-178,4.023126039091267e-182,1.849079705136497e-186,8.49860462417919e-191,3.9060663722328996e-195,1.7952775989696372e-199,8.251323326899202e-204,3.792412754668496e-208,1.74304095621679e-212,8.011237097831983e-217,3.682066081624365e-221,1.6923242270682016e-225,7.778136584280237e-230,3.574930131948083e-234,1.6430831870629778e-238,7.551818525017934e-243,3.470911484204614e-247,1.595274898525833e-251,7.332085573048794e-256,3.369919435213864e-260,1.5488576731258722e-264,7.118746123521631e-269,3.2718659209583736e-273,1.503791035524806e-277,6.911614146652971e-282,3.1766654397924505e-286,1.4600356880828705e-290,6.710509025511024e-295,3.084234977885623e-299,1.4175534765916994e-303,6.515255398519557e-308,2.99449393684e-312,1.37630736e-316,6.324e-321,0.0,0.0,0.0,0.0,0.0,0.0,0.0,0.0,0.0
Te140,6402456436.167407,71646.56732243519,0.801759552800809,8.97207506975791e-06,1.0040183590724303e-10,1.1235448405378716e-15,1.2573007229325017e-20,1.4069799894500143e-25,1.5744782887705661e-30,1.761916942954476e-35,1.971669813430126e-40,2.2063933653267768e-45,2.469060310909171e-50,2.762997258199247e-55,3.091926841594834e-60,3.460014868058619e-65,3.871923075971504e-70,4.3328681748273443e-75,4.848687913491442e-80,5.425915013759866e-85,6.071859905568799e-90,6.79470331167366e-95,7.603599854358639e-100,8.508793996328568e-105,9.521749784144046e-110,1.0655296037366443e-114,1.1923788822195282e-119,1.3343293267283955e-124,1.4931787024383563e-129,1.670938795059046e-134,1.869860889573358e-139,2.0924642821717e-144,2.341568186477945e-149,2.6203274381510834e-154,2.932272450051963e-159,3.281353923996882e-164,3.671992885360603e-169,4.109136674204032e-174,4.59832160203938e-179,5.145743067764437e-184,5.758334020765825e-189,6.443852764905873e-194,7.210981215407633e-199,8.06943485303567e-204,9.03008576811358e-209,1.0105100352698387e-213,1.1308093384747208e-218,1.2654300455711685e-223,1.416077092531056e-228,1.5846583847201951e-233,1.7733089600197336e-238,1.9844180285213458e-243,2.2206592312468352e-248,2.4850245011109267e-253,2.780861954967459e-258,3.111918296631813e-263,3.4823862679027375e-268,3.896957748538335e-273,4.3608831776834716e-278,4.880038049305427e-283,5.460997323785061e-288,6.111118698066751e-293,6.838635788961783e-298,7.652762409747285e-303,8.563809260696444e-308,9.5833145114e-313,1.072419e-317,1.2e-322,0.0,0.0,0.0,0.0,0.0,0.0,0.0,0.0,0.0,0.0,0.0,0.0,0.0,0.0,0.0,0.0,0.0,0.0
Te141,8596313.574054059,0.7377010915849782,6.33065436524113e-08,5.432713215326718e-15,4.662136199069109e-22,4.0008579649208356e-29,3.4333755540360613e-36,2.9463849500305063e-43,2.528469180588535e-50,2.169830658794218e-57,1.8620614892159604e-64,1.5979463538172762e-71,1.3712933565652963e-78,1.176788861070329e-85,1.0098729180806477e-92,8.666323623637472e-100,7.437090727451219e-107,6.382212445595908e-114,5.476958288322361e-121,4.70010554298027e-128,4.033441730285754e-135,3.46133763228109e-142,2.9703808820851514e-149,2.549061525339357e-156,2.187502181674473e-163,1.877226480123319e-170,1.61096033969606e-177,1.3824614363543194e-184,1.186372858420236e-191,1.0180975195285453e-198,8.736903848680423e-206,7.49765984072281e-213,6.434190424984246e-220,5.521563701797373e-227,4.738384116612614e-234,4.06629086417278e-241,3.489527439129483e-248,2.994572241677237e-255,2.569821578150684e-262,2.205317624873871e-269,1.8925149776659545e-276,1.6240803140068378e-283,1.3937204711571462e-290,1.1960349097084844e-297,1.0263891037301772e-304,8.808058892804e-312,7.5587e-319,0.0,0.0,0.0,0.0,0.0,0.0,0.0,0.0,0.0,0.0,0.0,0.0,0.0,0.0,0.0,0.0,0.0,0.0,0.0,0.0,0.0,0.0,0.0,0.0,0.0,0.0,0.0,0.0,0.0,0.0,0.0,0.0,0.0,0.0,0.0,0.0,0.0,0.0,0.0
Te142,515528.35542826203,0.015363942248471521,4.5788116003488326e-10,1.3645921946611573e-17,4.0668016513024758e-25,1.212001338989287e-32,3.6120454638877347e-40,1.0764734339379534e-47,3.2081408320008516e-55,9.561004734041898e-63,2.8494014543419974e-70,8.491878075426855e-78,2.530776880808742e-85,7.542302849318845e-93,2.2477814106103456e-100,6.6989106256078476e-108,1.9964309411072396e-115,5.949827853164829e-123,1.7731868783130825e-130,5.284508700111781e-138,1.574906319413129e-145,4.693586586156895e-153,1.3987978059521076e-160,4.1687423168185843e-168,1.2423820247705599e-175,3.7025869630890133e-183,1.1034569034245711e-190,3.2885578376787218e-198,9.8006660869084e-206,2.920826103361981e-213,8.704740117079006e-221,2.5942147127029482e-228,7.731362321087608e-236,2.3041255238913468e-243,6.866829168472772e-251,2.0464745666005633e-258,6.098969479204935e-266,1.8176345465198082e-273,5.416973073839598e-281,1.6143837791203356e-288,4.8112385842810397e-296,1.4338608337286301e-303,4.273238282587e-311,1.273523e-318,0.0,0.0,0.0,0.0,0.0,0.0,0.0,0.0,0.0,0.0,0.0,0.0,0.0,0.0,0.0,0.0,0.0,0.0,0.0,0.0,0.0,0.0,0.0,0.0,0.0,0.0,0.0,0.0,0.0,0.0,0.0,0.0,0.0,0.0,0.0,0.0,0.0,0.0,0.0,0.0,0.0,0.0
Ti56,0.0,0.0,0.0,0.0,0.0,0.0,0.0,0.0,0.0,0.0,0.0,0.0,0.0,0.0,0.0,0.0,0.0,0.0,0.0,0.0,0.0,0.0,0.0,0.0,0.0,0.0,0.0,0.0,0.0,0.0,0.0,0.0,0.0,0.0,0.0,0.0,0.0,0.0,0.0,0.0,0.0,0.0,0.0,0.0,0.0,0.0,0.0,0.0,0.0,0.0,0.0,0.0,0.0,0.0,0.0,0.0,0.0,0.0,0.0,0.0,0.0,0.0,0.0,0.0,0.0,0.0,0.0,0.0,0.0,0.0,0.0,0.0,0.0,0.0,0.0,0.0,0.0,0.0,0.0,0.0,0.0,0.0,0.0,0.0,0.0,0.0
Ti57,0.0,0.0,0.0,0.0,0.0,0.0,0.0,0.0,0.0,0.0,0.0,0.0,0.0,0.0,0.0,0.0,0.0,0.0,0.0,0.0,0.0,0.0,0.0,0.0,0.0,0.0,0.0,0.0,0.0,0.0,0.0,0.0,0.0,0.0,0.0,0.0,0.0,0.0,0.0,0.0,0.0,0.0,0.0,0.0,0.0,0.0,0.0,0.0,0.0,0.0,0.0,0.0,0.0,0.0,0.0,0.0,0.0,0.0,0.0,0.0,0.0,0.0,0.0,0.0,0.0,0.0,0.0,0.0,0.0,0.0,0.0,0.0,0.0,0.0,0.0,0.0,0.0,0.0,0.0,0.0,0.0,0.0,0.0,0.0,0.0,0.0
Ti58,0.0,0.0,0.0,0.0,0.0,0.0,0.0,0.0,0.0,0.0,0.0,0.0,0.0,0.0,0.0,0.0,0.0,0.0,0.0,0.0,0.0,0.0,0.0,0.0,0.0,0.0,0.0,0.0,0.0,0.0,0.0,0.0,0.0,0.0,0.0,0.0,0.0,0.0,0.0,0.0,0.0,0.0,0.0,0.0,0.0,0.0,0.0,0.0,0.0,0.0,0.0,0.0,0.0,0.0,0.0,0.0,0.0,0.0,0.0,0.0,0.0,0.0,0.0,0.0,0.0,0.0,0.0,0.0,0.0,0.0,0.0,0.0,0.0,0.0,0.0,0.0,0.0,0.0,0.0,0.0,0.0,0.0,0.0,0.0,0.0,0.0
Ti59,0.0,0.0,0.0,0.0,0.0,0.0,0.0,0.0,0.0,0.0,0.0,0.0,0.0,0.0,0.0,0.0,0.0,0.0,0.0,0.0,0.0,0.0,0.0,0.0,0.0,0.0,0.0,0.0,0.0,0.0,0.0,0.0,0.0,0.0,0.0,0.0,0.0,0.0,0.0,0.0,0.0,0.0,0.0,0.0,0.0,0.0,0.0,0.0,0.0,0.0,0.0,0.0,0.0,0.0,0.0,0.0,0.0,0.0,0.0,0.0,0.0,0.0,0.0,0.0,0.0,0.0,0.0,0.0,0.0,0.0,0.0,0.0,0.0,0.0,0.0,0.0,0.0,0.0,0.0,0.0,0.0,0.0,0.0,0.0,0.0,0.0
Ti60,0.0,0.0,0.0,0.0,0.0,0.0,0.0,0.0,0.0,0.0,0.0,0.0,0.0,0.0,0.0,0.0,0.0,0.0,0.0,0.0,0.0,0.0,0.0,0.0,0.0,0.0,0.0,0.0,0.0,0.0,0.0,0.0,0.0,0.0,0.0,0.0,0.0,0.0,0.0,0.0,0.0,0.0,0.0,0.0,0.0,0.0,0.0,0.0,0.0,0.0,0.0,0.0,0.0,0.0,0.0,0.0,0.0,0.0,0.0,0.0,0.0,0.0,0.0,0.0,0.0,0.0,0.0,0.0,0.0,0.0,0.0,0.0,0.0,0.0,0.0,0.0,0.0,0.0,0.0,0.0,0.0,0.0,0.0,0.0,0.0,0.0
Ti61,0.0,0.0,0.0,0.0,0.0,0.0,0.0,0.0,0.0,0.0,0.0,0.0,0.0,0.0,0.0,0.0,0.0,0.0,0.0,0.0,0.0,0.0,0.0,0.0,0.0,0.0,0.0,0.0,0.0,0.0,0.0,0.0,0.0,0.0,0.0,0.0,0.0,0.0,0.0,0.0,0.0,0.0,0.0,0.0,0.0,0.0,0.0,0.0,0.0,0.0,0.0,0.0,0.0,0.0,0.0,0.0,0.0,0.0,0.0,0.0,0.0,0.0,0.0,0.0,0.0,0.0,0.0,0.0,0.0,0.0,0.0,0.0,0.0,0.0,0.0,0.0,0.0,0.0,0.0,0.0,0.0,0.0,0.0,0.0,0.0,0.0
Tl209,0.0,3.842985128350512e-26,3.1242609083777022e-25,1.0616154375802626e-24,2.5275118071394376e-24,4.953369149408726e-24,8.584039690226753e-24,1.3665837233852955e-23,2.044640537851223e-23,2.917459050130537e-23,4.010031937269801e-23,5.347448126461363e-23,6.954881441986816e-23,8.857579675429567e-23,1.1080854066643468e-22,1.3650069183306304e-22,1.659063318722128e-22,1.9927988475852773e-22,2.3687602687899725e-22,2.789496006201671e-22,3.257555313809242e-22,3.7754874790786455e-22,4.345841058530883e-22,4.971163144570316e-22,5.65399866261623e-22,6.396889697616813e-22,7.202374849049942e-22,8.072988613540287e-22,9.011260794246025e-22,1.0019715936192113e-21,1.1100872786750018e-21,1.2257243780485627e-21,1.3491334547619316e-21,1.4805643445362684e-21,1.6202661111417181e-21,1.7684870038939975e-21,1.9254744172301412e-21,2.0914748522977822e-21,2.2667338804941316e-21,2.4514961088926677e-21,2.646005147497226e-21,2.8505035782649278e-21,3.0652329258410067e-21,3.2904336299502193e-21,3.526345019391045e-21,3.773205287580483e-21,4.031251469598629e-21,4.3007194206837436e-21,4.581843796129888e-21,4.8748580325405165e-21,5.1799943303929114e-21,5.497483637869369e-21,5.827555635912565e-21,6.170438724463602e-21,6.526360009842417e-21,6.89554529323151e-21,7.278219060224963e-21,7.674604471405838e-21,8.084923353916138e-21,8.50939619398456e-21,8.948242130378193e-21,9.401678948745426e-21,9.86992307681814e-21,1.0353189580442354e-20,1.085169216040722e-20,1.1365643150043254e-20,1.1895253513561526e-20,1.2440732845106386e-20,1.3002289368494965e-20,1.35801299376177e-20,1.4174460037474845e-20,1.4785483785824363e-20,1.5413403935417856e-20,1.6058421876801445e-20,1.6720737641659426e-20,1.7400549906679084e-20,1.8098055997915696e-20,1.881345189563773e-20,1.9546932239632024e-20,2.0298690334950287e-20,2.1068918158078318e-20,2.1857806363509866e-20,2.2665544290707942e-20,2.349231997143637e-20,2.4338320137445635e-20,2.520373022849707e-20
Tl210,0.0,1.0843323382198751e-36,3.3447481728379545e-35,2.475205123090525e-34,1.0228813413917797e-33,3.0731624166485016e-33,7.547691781191791e-33,1.6130227630205798e-32,3.113497516432977e-32,5.560004978581506e-32,9.337854082218472e-32,1.492273219222159e-31,2.288937467378613e-31,3.392003613383447e-31,4.881277579707279e-31,6.84895688268542e-31,9.40042547802199e-31,1.2655033379482043e-30,1.6746862054155567e-30,2.182547654394766e-30,2.805666521175626e-30,3.5623167962029125e-30,4.4725393738935334e-30,5.558212806114116e-30,6.843123131004322e-30,8.353032844819108e-30,1.0115749080643487e-29,1.2161191054197036e-29,1.4521456833485218e-29,1.7230889485760726e-29,2.0326142652125265e-29,2.384624559712096e-29,2.783266777782535e-29,3.232938297426814e-29,3.7382933020423965e-29,4.304249117259824e-29,4.9359925149708465e-29,5.638985987775987e-29,6.418973996872697e-29,7.281989196206319e-29,8.234358635517819e-29,9.282709944742915e-29,1.0433977502047642e-28,1.1695408587623855e-28,1.30745695252156e-28,1.4579351813201732e-28,1.6217978246923346e-28,1.7999009033813578e-28,1.9931347902764483e-28,2.202424820904815e-28,2.4287319035999395e-28,2.6730531294561355e-28,2.936422382169747e-28,3.2199109478578798e-28,3.5246281249367114e-28,3.8517218341330926e-28,4.2023792286952e-28,4.577827304860572e-28,4.97933351263279e-28,5.408206366911476e-28,5.865796059013955e-28,6.353495068621131e-28,6.872738776174468e-28,7.425006075745892e-28,8.011819988397376e-28,8.63474827604254e-28,9.295404055818069e-28,9.995446414969003e-28,1.0736581026247769e-27,1.1520560763823745e-27,1.2349186319696325e-27,1.3224306820601954e-27,1.4147820445401912e-27,1.5121675042936025e-27,1.6147868750323806e-27,1.7228450611693165e-27,1.836552119731409e-27,1.9561233223113116e-27,2.08177921705421e-27,2.2137456906773854e-27,2.3522540305194556e-27,2.497540986616285e-27,2.6498488338002615e-27,2.8094254338197036e-27,2.976524297474876e-27,3.1514046467671142e-27
Tl211,0.0,0.0,0.0,0.0,0.0,0.0,0.0,0.0,0.0,0.0,0.0,0.0,0.0,0.0,0.0,0.0,0.0,0.0,0.0,0.0,0.0,0.0,0.0,0.0,0.0,0.0,0.0,0.0,0.0,0.0,0.0,0.0,0.0,0.0,0.0,0.0,0.0,0.0,0.0,0.0,0.0,0.0,0.0,0.0,0.0,0.0,0.0,0.0,0.0,0.0,0.0,0.0,0.0,0.0,0.0,0.0,0.0,0.0,0.0,0.0,0.0,0.0,0.0,0.0,0.0,0.0,0.0,0.0,0.0,0.0,0.0,0.0,0.0,0.0,0.0,0.0,0.0,0.0,0.0,0.0,0.0,0.0,0.0,0.0,0.0,0.0
Tl212,0.0,0.0,0.0,0.0,0.0,0.0,0.0,0.0,0.0,0.0,0.0,0.0,0.0,0.0,0.0,0.0,0.0,0.0,0.0,0.0,0.0,0.0,0.0,0.0,0.0,0.0,0.0,0.0,0.0,0.0,0.0,0.0,0.0,0.0,0.0,0.0,0.0,0.0,0.0,0.0,0.0,0.0,0.0,0.0,0.0,0.0,0.0,0.0,0.0,0.0,0.0,0.0,0.0,0.0,0.0,0.0,0.0,0.0,0.0,0.0,0.0,0.0,0.0,0.0,0.0,0.0,0.0,0.0,0.0,0.0,0.0,0.0,0.0,0.0,0.0,0.0,0.0,0.0,0.0,0.0,0.0,0.0,0.0,0.0,0.0,0.0
V56,0.0,0.0,0.0,0.0,0.0,0.0,0.0,0.0,0.0,0.0,0.0,0.0,0.0,0.0,0.0,0.0,0.0,0.0,0.0,0.0,0.0,0.0,0.0,0.0,0.0,0.0,0.0,0.0,0.0,0.0,0.0,0.0,0.0,0.0,0.0,0.0,0.0,0.0,0.0,0.0,0.0,0.0,0.0,0.0,0.0,0.0,0.0,0.0,0.0,0.0,0.0,0.0,0.0,0.0,0.0,0.0,0.0,0.0,0.0,0.0,0.0,0.0,0.0,0.0,0.0,0.0,0.0,0.0,0.0,0.0,0.0,0.0,0.0,0.0,0.0,0.0,0.0,0.0,0.0,0.0,0.0,0.0,0.0,0.0,0.0,0.0
V57,0.0,0.0,0.0,0.0,0.0,0.0,0.0,0.0,0.0,0.0,0.0,0.0,0.0,0.0,0.0,0.0,0.0,0.0,0.0,0.0,0.0,0.0,0.0,0.0,0.0,0.0,0.0,0.0,0.0,0.0,0.0,0.0,0.0,0.0,0.0,0.0,0.0,0.0,0.0,0.0,0.0,0.0,0.0,0.0,0.0,0.0,0.0,0.0,0.0,0.0,0.0,0.0,0.0,0.0,0.0,0.0,0.0,0.0,0.0,0.0,0.0,0.0,0.0,0.0,0.0,0.0,0.0,0.0,0.0,0.0,0.0,0.0,0.0,0.0,0.0,0.0,0.0,0.0,0.0,0.0,0.0,0.0,0.0,0.0,0.0,0.0
V58,0.0,0.0,0.0,0.0,0.0,0.0,0.0,0.0,0.0,0.0,0.0,0.0,0.0,0.0,0.0,0.0,0.0,0.0,0.0,0.0,0.0,0.0,0.0,0.0,0.0,0.0,0.0,0.0,0.0,0.0,0.0,0.0,0.0,0.0,0.0,0.0,0.0,0.0,0.0,0.0,0.0,0.0,0.0,0.0,0.0,0.0,0.0,0.0,0.0,0.0,0.0,0.0,0.0,0.0,0.0,0.0,0.0,0.0,0.0,0.0,0.0,0.0,0.0,0.0,0.0,0.0,0.0,0.0,0.0,0.0,0.0,0.0,0.0,0.0,0.0,0.0,0.0,0.0,0.0,0.0,0.0,0.0,0.0,0.0,0.0,0.0
V59,0.0,0.0,0.0,0.0,0.0,0.0,0.0,0.0,0.0,0.0,0.0,0.0,0.0,0.0,0.0,0.0,0.0,0.0,0.0,0.0,0.0,0.0,0.0,0.0,0.0,0.0,0.0,0.0,0.0,0.0,0.0,0.0,0.0,0.0,0.0,0.0,0.0,0.0,0.0,0.0,0.0,0.0,0.0,0.0,0.0,0.0,0.0,0.0,0.0,0.0,0.0,0.0,0.0,0.0,0.0,0.0,0.0,0.0,0.0,0.0,0.0,0.0,0.0,0.0,0.0,0.0,0.0,0.0,0.0,0.0,0.0,0.0,0.0,0.0,0.0,0.0,0.0,0.0,0.0,0.0,0.0,0.0,0.0,0.0,0.0,0.0
V60,0.0,0.0,0.0,0.0,0.0,0.0,0.0,0.0,0.0,0.0,0.0,0.0,0.0,0.0,0.0,0.0,0.0,0.0,0.0,0.0,0.0,0.0,0.0,0.0,0.0,0.0,0.0,0.0,0.0,0.0,0.0,0.0,0.0,0.0,0.0,0.0,0.0,0.0,0.0,0.0,0.0,0.0,0.0,0.0,0.0,0.0,0.0,0.0,0.0,0.0,0.0,0.0,0.0,0.0,0.0,0.0,0.0,0.0,0.0,0.0,0.0,0.0,0.0,0.0,0.0,0.0,0.0,0.0,0.0,0.0,0.0,0.0,0.0,0.0,0.0,0.0,0.0,0.0,0.0,0.0,0.0,0.0,0.0,0.0,0.0,0.0
V61,0.0,0.0,0.0,0.0,0.0,0.0,0.0,0.0,0.0,0.0,0.0,0.0,0.0,0.0,0.0,0.0,0.0,0.0,0.0,0.0,0.0,0.0,0.0,0.0,0.0,0.0,0.0,0.0,0.0,0.0,0.0,0.0,0.0,0.0,0.0,0.0,0.0,0.0,0.0,0.0,0.0,0.0,0.0,0.0,0.0,0.0,0.0,0.0,0.0,0.0,0.0,0.0,0.0,0.0,0.0,0.0,0.0,0.0,0.0,0.0,0.0,0.0,0.0,0.0,0.0,0.0,0.0,0.0,0.0,0.0,0.0,0.0,0.0,0.0,0.0,0.0,0.0,0.0,0.0,0.0,0.0,0.0,0.0,0.0,0.0,0.0
V62,0.0,0.0,0.0,0.0,0.0,0.0,0.0,0.0,0.0,0.0,0.0,0.0,0.0,0.0,0.0,0.0,0.0,0.0,0.0,0.0,0.0,0.0,0.0,0.0,0.0,0.0,0.0,0.0,0.0,0.0,0.0,0.0,0.0,0.0,0.0,0.0,0.0,0.0,0.0,0.0,0.0,0.0,0.0,0.0,0.0,0.0,0.0,0.0,0.0,0.0,0.0,0.0,0.0,0.0,0.0,0.0,0.0,0.0,0.0,0.0,0.0,0.0,0.0,0.0,0.0,0.0,0.0,0.0,0.0,0.0,0.0,0.0,0.0,0.0,0.0,0.0,0.0,0.0,0.0,0.0,0.0,0.0,0.0,0.0,0.0,0.0
V63,0.0,0.0,0.0,0.0,0.0,0.0,0.0,0.0,0.0,0.0,0.0,0.0,0.0,0.0,0.0,0.0,0.0,0.0,0.0,0.0,0.0,0.0,0.0,0.0,0.0,0.0,0.0,0.0,0.0,0.0,0.0,0.0,0.0,0.0,0.0,0.0,0.0,0.0,0.0,0.0,0.0,0.0,0.0,0.0,0.0,0.0,0.0,0.0,0.0,0.0,0.0,0.0,0.0,0.0,0.0,0.0,0.0,0.0,0.0,0.0,0.0,0.0,0.0,0.0,0.0,0.0,0.0,0.0,0.0,0.0,0.0,0.0,0.0,0.0,0.0,0.0,0.0,0.0,0.0,0.0,0.0,0.0,0.0,0.0,0.0,0.0
V64,0.0,0.0,0.0,0.0,0.0,0.0,0.0,0.0,0.0,0.0,0.0,0.0,0.0,0.0,0.0,0.0,0.0,0.0,0.0,0.0,0.0,0.0,0.0,0.0,0.0,0.0,0.0,0.0,0.0,0.0,0.0,0.0,0.0,0.0,0.0,0.0,0.0,0.0,0.0,0.0,0.0,0.0,0.0,0.0,0.0,0.0,0.0,0.0,0.0,0.0,0.0,0.0,0.0,0.0,0.0,0.0,0.0,0.0,0.0,0.0,0.0,0.0,0.0,0.0,0.0,0.0,0.0,0.0,0.0,0.0,0.0,0.0,0.0,0.0,0.0,0.0,0.0,0.0,0.0,0.0,0.0,0.0,0.0,0.0,0.0,0.0
Xe141,2702238724453.9023,367706565901.1879,49599924330.91966,6690400938.338594,902450220.797849,121729087.45479172,16419709.797923448,2214810.5722730467,298749.8519415265,40297.565467861124,5435.630418168016,733.197593945905,98.89905501508444,13.340228014439353,1.799427542053756,0.24271995018352796,0.03273984244447798,0.004416189449934993,0.0005956879386573382,8.035074678851287e-05,1.083829651482265e-05,1.4619487190629358e-06,1.9719833778737819e-07,2.659955436127086e-08,3.5879424753624377e-09,4.83967927870762e-10,6.528113447076894e-11,8.805596967013558e-12,1.1877633342937378e-12,1.602142073476079e-13,2.161086429838755e-14,2.915031466029936e-15,3.9320076840141234e-16,5.303779601460863e-17,7.154125912631683e-18,9.65000837510118e-19,1.3016637221201393e-19,1.7557792487054597e-20,2.3683234907734322e-21,3.1945679737841483e-22,4.3090669745434986e-23,5.812384755459288e-24,7.840169750221759e-25,1.0575394489251292e-25,1.4264865706526714e-26,1.92414943794355e-27,2.595433518763876e-28,3.500910593265813e-29,4.7222843095122404e-30,6.369762524858725e-31,8.592001659316747e-32,1.1589520366827024e-32,1.563279287632023e-33,2.108665461371771e-34,2.8443222290224984e-35,3.8366298925617846e-36,5.175127059200088e-37,6.980589952340226e-38,9.415930377223484e-39,1.2700895694209481e-39,1.7131897218079885e-40,2.3108756213521643e-41,3.1170780850378354e-42,4.204542944002288e-43,5.671395096842703e-44,7.649992584895326e-45,1.0318869616672121e-45,1.391884619288634e-46,1.8774757947150698e-47,2.5324766944709094e-48,3.4159898231932325e-49,4.607736962648588e-50,6.215252683953056e-51,8.383587483079972e-52,1.1308396079844085e-52,1.5253591873016692e-53,2.0575160560857257e-54,2.7753281694518857e-55,3.7435656579062148e-56,5.049595211589898e-57,6.811263413280944e-58,9.187530354634576e-59,1.239281303564673e-59,1.6716332791109893e-60,2.2548212514734615e-61,3.0414678504128876e-62
Xe142,669342300120.1498,40046522930.89212,2392575477.691537,142944180.05147007,8540185.587079894,510232.524580612,30483.790602133824,1821.2509879462373,108.8104561662671,6.500869704105077,0.3883938033048416,0.023204548516076794,0.001386353405366622,8.282754405844313e-05,4.948523246811727e-06,2.9564902113912037e-07,1.7663520881070163e-08,1.055305269450519e-09,6.304910664348584e-11,3.7668625028390795e-12,2.250508194434683e-13,1.3445638457470462e-14,8.033083104343956e-16,4.799357380120754e-17,2.8673712151270794e-18,1.713108033878585e-19,1.0234946630756663e-20,6.114858518132516e-22,3.6533160402042536e-23,2.1826699751165754e-24,1.3040339701924718e-25,7.790937772555922e-27,4.6546878964264715e-28,2.780938578338976e-29,1.6614689424034872e-30,9.9264294007535e-32,5.930535210944346e-33,3.5431922666554096e-34,2.1168766379329265e-35,1.264725807401978e-36,7.556091551326701e-38,4.514379258956949e-39,2.6971113247195177e-40,1.611386434468739e-41,9.627211963376794e-43,5.751768055459775e-44,3.436388010325217e-45,2.0530665429558882e-46,1.2266025306629832e-47,7.328324419834264e-49,4.378300016494486e-50,2.6158109188715687e-51,1.5628135891807118e-52,9.337013990221885e-54,5.5783895697568276e-55,3.3328032093087023e-56,1.9911799083014888e-57,1.1896284233493387e-58,7.107422989456726e-60,4.2463226802226385e-61,2.5369611927306223e-62,1.5157049000062638e-63,9.055563602966521e-65,5.410237320406706e-66,3.232340817918028e-67,1.931158754121638e-68,1.1537688454594179e-69,6.89318030385456e-71,4.118323604285577e-72,2.4604882742051098e-73,1.4700162321389629e-74,8.78259711865586e-76,5.247153770294606e-77,3.134906715763211e-78,1.8729468482844772e-79,1.1189902011628844e-80,6.685395645079019e-82,3.994182869947727e-83,2.386320517967683e-84,1.425704781150413e-85,8.517858802665137e-87,5.088986131027467e-88,3.040409619573264e-89,1.8164896536920339e-90,1.0852599073256848e-91,6.483874345525105e-93
Xe143,19780301914.55906,190194.34877960425,1.8286732689512353,1.7581640674229235e-05,1.690322909579089e-10,1.6250578788957283e-15,1.5622785798580093e-20,1.5018964418378023e-25,1.4438249466308571e-30,1.3879797941759064e-35,1.3342790182692968e-40,1.2826430619573907e-45,1.2329948205375468e-50,1.1852596586595908e-55,1.1393654068375779e-60,1.095242341710732e-65,1.0528231535950337e-70,1.0120429042123644e-75,9.728389769467169e-81,9.351510215361187e-86,8.989208947471984e-91,8.640925982828803e-96,8.306122149306323e-101,7.984278437597217e-106,7.674895350130586e-111,7.377492252060111e-116,7.091606728357747e-121,6.816793950161058e-126,6.552626052798786e-131,6.2986915273307425e-136,6.054594626960198e-141,5.819954789289975e-146,5.594406075080812e-151,5.377596623918818e-156,5.169188126997213e-161,4.968855317056713e-166,4.776285475401313e-171,4.591177955806287e-176,4.41324372505703e-181,4.2422049197978195e-186,4.077794419324422e-191,3.919755433921338e-196,3.767841108321187e-201,3.6218141398480184e-206,3.4814464107971557e-211,3.3465186345998053e-216,3.216820015320439e-221,3.0921479200378912e-226,2.9723075636664035e-231,2.8571117057802886e-236,2.7463803590145355e-241,2.6399405086237106e-246,2.537625842792085e-251,2.4392764932992043e-256,2.344738786156822e-261,2.2538650018448076e-266,2.1665131447856746e-271,2.082546721709252e-276,2.0018345285707425e-281,1.9242504456972057e-286,1.849673240848843e-291,1.777986379892699e-296,1.7090778447973732e-301,1.642839958667919e-306,1.5791692175507e-311,1.5179661e-316,1.457e-321,0.0,0.0,0.0,0.0,0.0,0.0,0.0,0.0,0.0,0.0,0.0,0.0,0.0,0.0,0.0,0.0,0.0,0.0,0.0
Xe144,8664339901.269972,425523808.22217405,20897666.588187587,1026293.8533344717,50401.75509295777,2475.25297768942,121.56079271962479,5.969905484334591,0.2931847571452576,0.014398435963162416,0.000707113699238378,3.472667343382506e-05,1.7054426311899122e-06,8.375505859559101e-08,4.113248790700439e-09,2.0200350758383032e-10,9.920483576978556e-12,4.871994332091441e-13,2.3926584412692953e-14,1.1750453769759767e-15,5.770700966495425e-17,2.834017332199764e-18,1.3917987235589384e-19,6.835186450312604e-21,3.356790965511944e-22,1.6485352181764224e-23,8.09603098164176e-25,3.9759974147357685e-26,1.9526303046310434e-27,9.589455698418514e-29,4.7094250444559765e-30,2.312819929186058e-31,1.1358363227666851e-32,5.578143528753549e-34,2.7394515040321166e-35,1.3453570178429514e-36,6.607109134055551e-38,3.244781164431118e-39,1.5935266985039685e-40,7.82588165476533e-42,3.843325859045217e-43,1.887474703864351e-44,9.269473597570148e-46,4.552280388189251e-47,2.235645478091095e-48,1.0979356009521301e-49,5.392011370547886e-51,2.6480411596914147e-52,1.3004649844993439e-53,6.3866423288751384e-55,3.136508919744795e-56,1.540353709673193e-57,7.564746702831066e-59,3.715081303639966e-60,1.8244932229508716e-61,8.960168697606132e-63,4.400379353545154e-64,2.1610461932797893e-65,1.0612995549410076e-66,5.2120900923849546e-68,2.5596810066171624e-69,1.257070913875663e-70,6.173532086330554e-72,3.031849516225669e-73,1.4889550034721626e-74,7.312325333101304e-76,3.5911160278467565e-77,1.7636133156001635e-78,8.661184720414527e-80,4.25354697073229e-81,2.0889361462966166e-82,1.0258859848803575e-83,5.038172448879154e-85,2.474269265663597e-86,1.2151248217733082e-87,5.967532931762828e-89,2.9306824001590072e-90,1.43927137542659e-91,7.0683267897263725e-93,3.471287240153396e-94,1.7047648562550756e-95,8.372177276214005e-97,4.111614108372167e-98,2.019232275956997e-99,9.91654099046937e-101,4.870058110033566e-102
Xe145,16761751.132746143,0.16527493144765074,1.6296340126033723e-09,1.6068419982644126e-17,1.5843687523808625e-25,1.5622098166666307e-33,1.540360795188748e-41,1.5188173534956333e-49,1.4975752177572246e-57,1.4766301739171216e-65,1.455978066856596e-73,1.4356147995702888e-81,1.4155363323534422e-89,1.3957386820004907e-97,1.3762179210148703e-105,1.356970176829866e-113,1.3379916310403737e-121,1.319278518645392e-129,1.3008271273011113e-137,1.2826337965844604e-145,1.2646949172669377e-153,1.247006930598607e-161,1.2295663276021075e-169,1.2123696483765328e-177,1.195413481411052e-185,1.178694462908128e-193,1.1622092761161947e-201,1.1459546506716817e-209,1.1299273619502282e-217,1.1141242304269761e-225,1.0985421210458108e-233,1.0831779425974239e-241,1.0680286471060697e-249,1.053091229224899e-257,1.0383627256397656e-265,1.0238402144813446e-273,1.009520814745492e-281,9.954016857217043e-290,9.81480026429575e-298,9.677530750631261e-306,9.5421810847e-314,9.4e-322,0.0,0.0,0.0,0.0,0.0,0.0,0.0,0.0,0.0,0.0,0.0,0.0,0.0,0.0,0.0,0.0,0.0,0.0,0.0,0.0,0.0,0.0,0.0,0.0,0.0,0.0,0.0,0.0,0.0,0.0,0.0,0.0,0.0,0.0,0.0,0.0,0.0,0.0,0.0,0.0,0.0,0.0,0.0,0.0
Xe146,4870631.263422256,406.0579529081723,0.03385250334145056,2.822237501507776e-06,2.3528613038091357e-10,1.961548704531369e-14,1.6353166733710778e-18,1.3633414332397894e-22,1.1365993473036358e-26,9.475675313564946e-31,7.89974258397297e-35,6.585908742957717e-39,5.490583206921783e-43,4.577425094808213e-47,3.816137504694495e-51,3.1814623184666404e-55,2.652342184046493e-59,2.2112218712881468e-63,1.8434658218207268e-67,1.5368725682156225e-71,1.2812699118016954e-75,1.0681774278750752e-79,8.905251008488575e-84,7.424187541759344e-88,6.18944492442437e-92,5.160056673811382e-96,4.301869586378404e-100,3.586410597412746e-104,2.9899420972598124e-108,2.4926743612166405e-112,2.0781089629666056e-116,1.7324913872240916e-120,1.4443546802862661e-124,1.2041389976589854e-128,1.0038744260487395e-132,8.369165563393592e-137,6.977260343525523e-141,5.81684775293105e-145,4.849427442130135e-149,4.042902189529522e-153,3.3705129748106836e-157,2.8099511639902356e-161,2.3426183500906344e-165,1.9530092922997274e-169,1.6281974806786242e-173,1.357406258403693e-177,1.1316512721697287e-181,9.434423879181091e-186,7.865351820036012e-190,6.55723762735087e-194,5.46668048491049e-198,4.557497718162546e-202,3.799524319811587e-206,3.167612130513594e-210,2.640795469332445e-214,2.2015955311157485e-218,1.835440471977972e-222,1.53018194239676e-226,1.2756920273823087e-230,1.063527220938032e-234,8.86648286104872e-239,7.39186706062235e-243,6.162499775638308e-247,5.137592867037422e-251,4.2831418139402365e-255,3.570797506362556e-259,2.9769256740334866e-263,2.481822744899142e-267,2.069062116943341e-271,1.7249491538300953e-275,1.438066822128492e-279,1.1988968952011427e-283,9.995041559998617e-288,8.332731211997904e-292,6.946885516643482e-296,5.7915246698303246e-300,4.8283159296195775e-304,4.025301806562306e-308,3.35583977314e-312,2.7977183e-316,2.3325e-320,0.0,0.0,0.0,0.0,0.0
Xe147,222044.9482468301,1.9721553123626763e-10,1.7516257887375045e-25,1.5557562249468777e-40,1.3817891053119629e-55,1.2272752639148416e-70,1.0900394044409487e-85,9.681494756472378e-101,8.598894713138771e-116,7.637352717483422e-131,6.783331867306946e-146,6.0248089782062385e-161,5.351105317258397e-176,4.752736264331548e-191,4.221277784505515e-206,3.7492478317573836e-221,3.330001014274424e-236,2.9576350384580962e-251,2.6269076145074555e-266,2.3331626537514808e-281,2.0722647187123608e-296,1.8405408030665e-311,0.0,0.0,0.0,0.0,0.0,0.0,0.0,0.0,0.0,0.0,0.0,0.0,0.0,0.0,0.0,0.0,0.0,0.0,0.0,0.0,0.0,0.0,0.0,0.0,0.0,0.0,0.0,0.0,0.0,0.0,0.0,0.0,0.0,0.0,0.0,0.0,0.0,0.0,0.0,0.0,0.0,0.0,0.0,0.0,0.0,0.0,0.0,0.0,0.0,0.0,0.0,0.0,0.0,0.0,0.0,0.0,0.0,0.0,0.0,0.0,0.0,0.0,0.0,0.0
Y100,548183301194.9938,5027645014.203051,45034106.2215962,403383.79559023236,3613.227844337435,32.364749397016816,0.2899006231155009,0.0025967255377698758,2.3259637892602047e-05,2.0834344909612597e-07,1.866193832496252e-09,1.67160495593034e-11,1.4973059497004256e-13,1.341181179832371e-15,1.2013356104652091e-17,1.0760718019859162e-19,9.638693075791004e-22,8.633662181077892e-24,7.73342631317861e-26,6.927058447160229e-28,6.204770923931042e-30,5.557796648048049e-32,4.9782826730828444e-34,4.459194882889605e-36,3.994232611800496e-38,3.5777521674119606e-40,3.204698327684759e-42,2.8705429808724233e-44,2.571230163492159e-46,2.3031268292114616e-48,2.062978751085195e-50,1.8478710218864294e-52,1.6551926730856464e-54,1.482604983025048e-56,1.3280130896138666e-58,1.1895405629808083e-60,1.0655066294475503e-62,9.54405770368838e-65,8.548894482107706e-67,7.657497380591893e-69,6.859046658780935e-71,6.143850755545072e-73,5.503228653225191e-75,4.929404507807237e-77,4.415413266056055e-79,3.955016123993485e-81,3.542624800559243e-83,3.173233707291473e-85,2.842359190705496e-87,2.5459851098972077e-89,2.2805140887944573e-91,2.0427238513582614e-93,1.8297281097323752e-95,1.6389415306032188e-97,1.4680483545333457e-99,1.3149742873712186e-101,1.177861322556434e-103,1.0550451887145834e-105,9.450351488016193e-108,8.464959056005916e-110,7.582313939404435e-112,6.791702629074901e-114,6.083528718332926e-116,5.449196422167626e-118,4.881006241966333e-120,4.372061509325686e-122,3.916184674581909e-124,3.507842323973985e-126,3.1420780153011777e-128,2.814452116836994e-130,2.5209879192668507e-132,2.258123366558417e-134,2.0226678198759573e-136,1.8117633297409687e-138,1.6228499463621188e-140,1.4536346470728432e-142,1.302063503719085e-144,1.1662967521661332e-146,1.0446864613192764e-148,9.357565306057995e-151,8.381847731285851e-153,7.507868670174189e-155,6.725019801801598e-157,6.023798939676222e-159,5.395694694597556e-161,4.833083163773898e-163
Y100_m1,0.0,0.0,0.0,0.0,0.0,0.0,0.0,0.0,0.0,0.0,0.0,0.0,0.0,0.0,0.0,0.0,0.0,0.0,0.0,0.0,0.0,0.0,0.0,0.0,0.0,0.0,0.0,0.0,0.0,0.0,0.0,0.0,0.0,0.0,0.0,0.0,0.0,0.0,0.0,0.0,0.0,0.0,0.0,0.0,0.0,0.0,0.0,0.0,0.0,0.0,0.0,0.0,0.0,0.0,0.0,0.0,0.0,0.0,0.0,0.0,0.0,0.0,0.0,0.0,0.0,0.0,0.0,0.0,0.0,0.0,0.0,0.0,0.0,0.0,0.0,0.0,0.0,0.0,0.0,0.0,0.0,0.0,0.0,0.0,0.0,0.0
Y101,158251388183.53928,71938373.71222256,32522.42239421954,14.702972889225489,0.00664702675467749,3.0050361250258558e-06,1.358538553550406e-09,6.141779748045292e-13,2.7766203892350383e-16,1.2552747089912204e-19,5.67493706068731e-23,2.5655667569884556e-26,1.1598600502834613e-29,5.243579542723264e-33,2.3705555178097826e-36,1.0716979531314378e-39,4.845009931711183e-43,2.1903672737071132e-46,9.902371432358766e-50,4.476735986766148e-53,2.0238753143228885e-56,9.149682491963172e-60,4.136454904671133e-63,1.8700385716561246e-66,8.454206174307876e-70,3.82203892053455e-73,1.7278951103031053e-76,7.811593691965373e-80,3.531522002955895e-83,1.5965561125112449e-86,7.2178268130950545e-90,3.263087560504827e-93,1.4752003204348875e-96,6.66919273558971e-100,3.01505708264288e-103,1.3630689008406938e-106,6.162260871062661e-110,2.785879644059756e-113,1.2594607001517829e-116,5.693861393506753e-120,2.5741222067953062e-123,1.1637278601606123e-126,5.261065418490784e-130,2.378460659506726e-133,1.075271766995818e-136,4.8611666889545965e-140,2.197671537849806e-143,9.935393080120413e-147,4.491664653084787e-150,2.0306243742020893e-153,9.180194131972277e-157,4.1502488284576753e-160,1.8762746288910757e-163,8.482398594709322e-167,3.834784354679017e-170,1.7336571587266827e-173,7.837643178910509e-177,3.5432986441817518e-180,1.6018801819969386e-183,7.241896253052395e-187,3.2739690477096223e-190,1.4801197021902565e-193,6.691432633867947e-197,3.025111457359514e-200,1.3676143555760404e-203,6.182810292914733e-207,2.795169775917645e-210,1.2636606504257246e-213,5.712848833699658e-217,2.582706186641829e-220,1.1676085681052809e-223,5.278609604778581e-227,2.3863921626471204e-230,1.0788574985329852e-233,4.8773773244785916e-237,2.205000159676846e-240,9.968524845870275e-244,4.506643102343192e-247,2.0373959403142152e-250,9.210807519793561e-254,4.164088751134032e-257,1.8825314816381712e-260,8.510685028972228e-264,3.8475722912926916e-267,1.7394384219751846e-270,7.863779533631523e-274
Y102,120212679750.70387,7925759.872413671,522.4788902784559,0.03444265221013734,2.270515255910607e-06,1.4967603237608674e-10,9.866885769442899e-15,6.504410441787533e-19,4.287812404422257e-23,2.8265951818478327e-27,1.8633371911992293e-31,1.2283419678924328e-35,8.097428620070561e-40,5.337955713557427e-44,3.5188666102316445e-48,2.3196936964377705e-52,1.5291795459501374e-56,1.0080598517568106e-60,6.645293336647193e-65,4.3806846838634893e-69,2.887818088270949e-73,1.9036963198159158e-77,1.2549473572452519e-81,8.272815643248866e-86,5.453573671601287e-90,3.595083835314719e-94,2.3699373220617443e-98,1.5623009553571373e-102,1.0298940197230402e-106,6.789227697929772e-111,4.475568539249536e-115,2.9503670580422795e-119,1.9449296108066434e-123,1.282129008552085e-127,8.452001478289885e-132,5.5716958677729214e-136,3.6729518946131306e-140,2.4212692042601673e-144,1.5961397610725197e-148,1.0522011069211501e-152,6.936279619161694e-157,4.572507540500366e-161,3.014270813156688e-165,1.9870559981742603e-169,1.309899403413379e-173,8.635068405919434e-178,5.692376542855554e-182,3.752506544527134e-186,2.473712914229518e-190,1.6307115016096544e-194,1.0749913565900903e-198,7.08651662542833e-203,4.671546201242737e-207,3.0795586977158033e-211,2.0300948260244485e-215,1.3382712937759913e-219,8.82210048903054e-224,5.815671112465823e-228,3.833784315926124e-232,2.52729253370885e-236,1.666032052039828e-240,1.09827523383322e-244,7.240007704381059e-249,4.7727299992505385e-253,3.1462606914025923e-257,2.0740658574483707e-261,1.367257707788777e-265,9.013183611284423e-270,5.941636192500156e-274,3.916822530923335e-278,2.5820326660379338e-282,1.702117631281944e-286,1.1220634304238067e-290,7.396823337915906e-295,4.876105397327859e-299,3.214407423247858e-303,2.118989283597758e-307,1.396871955785e-311,9.20840554e-316,6.07e-320,5e-324,0.0,0.0,0.0,0.0,0.0
Y102_m1,0.0,0.0,0.0,0.0,0.0,0.0,0.0,0.0,0.0,0.0,0.0,0.0,0.0,0.0,0.0,0.0,0.0,0.0,0.0,0.0,0.0,0.0,0.0,0.0,0.0,0.0,0.0,0.0,0.0,0.0,0.0,0.0,0.0,0.0,0.0,0.0,0.0,0.0,0.0,0.0,0.0,0.0,0.0,0.0,0.0,0.0,0.0,0.0,0.0,0.0,0.0,0.0,0.0,0.0,0.0,0.0,0.0,0.0,0.0,0.0,0.0,0.0,0.0,0.0,0.0,0.0,0.0,0.0,0.0,0.0,0.0,0.0,0.0,0.0,0.0,0.0,0.0,0.0,0.0,0.0,0.0,0.0,0.0,0.0,0.0,0.0
Y103,740343919.8339804,211.56569977728367,6.043867271341313e-05,1.7265715393395177e-11,4.9323539823462145e-18,1.4090418643453993e-24,4.025256464933501e-31,1.1499083184456144e-37,3.284981099588806e-44,9.384314081006498e-51,2.680848020160611e-57,7.658467145451989e-64,2.187819621884186e-70,6.2500166247288435e-77,1.7854629064778897e-83,5.100590897303061e-90,1.4571026598906833e-96,4.162553328052873e-103,1.1891303671207326e-109,3.397028022389647e-116,9.70440222869935e-123,2.772288659253891e-129,7.919688641407246e-136,2.2624436300120076e-142,6.4631974951888684e-149,1.8463629903386337e-155,5.274566179711957e-162,1.5068027538322053e-168,4.3045332290821834e-175,1.229690234713764e-181,3.512896736710312e-188,1.0035408214543125e-194,2.8668482332569195e-201,8.18982010180489e-208,2.3396129771309216e-214,6.683649719672216e-221,1.9093403059361975e-227,5.454475558679217e-234,1.5581980607506823e-240,4.4513559010522225e-247,1.2716335526875522e-253,3.632717599458904e-260,1.0377704433425685e-266,2.964633125448139e-273,8.469165435272607e-280,2.419414481823071e-286,6.911621315691987e-293,1.974465705253277e-299,5.6405214394055713e-306,1.61134640241e-312,4.6032e-319,0.0,0.0,0.0,0.0,0.0,0.0,0.0,0.0,0.0,0.0,0.0,0.0,0.0,0.0,0.0,0.0,0.0,0.0,0.0,0.0,0.0,0.0,0.0,0.0,0.0,0.0,0.0,0.0,0.0,0.0,0.0,0.0,0.0,0.0,0.0
Y104,127339779.82924525,0.5534119887774153,2.404939963513709e-09,1.0451049752070993e-17,4.5416701696237796e-26,1.973655127377333e-34,8.576832786924965e-43,3.727199328518106e-51,1.6197138477135331e-59,7.03872456834242e-68,3.058789897914712e-76,1.3292458809463595e-84,5.776449743139985e-93,2.5102482628169585e-101,1.0908683743780392e-109,4.740542311471595e-118,2.0600781849290797e-126,8.952397951919683e-135,3.890407154245691e-143,1.6906384085127234e-151,7.34693854657128e-160,3.1927291924344514e-168,1.3874513352204807e-176,6.029390817632319e-185,2.6201678364432163e-193,1.1386356762701026e-201,4.948122731843823e-210,2.1502855636486867e-218,9.344408487444701e-227,4.0607615777350134e-235,1.764668637224591e-243,7.668648699491083e-252,3.332533464679106e-260,1.4482055090022766e-268,6.293407758791982e-277,2.7349006043838274e-285,1.188494628432395e-293,5.164792751694524e-302,2.24444297263173e-310,9.7536e-319,0.0,0.0,0.0,0.0,0.0,0.0,0.0,0.0,0.0,0.0,0.0,0.0,0.0,0.0,0.0,0.0,0.0,0.0,0.0,0.0,0.0,0.0,0.0,0.0,0.0,0.0,0.0,0.0,0.0,0.0,0.0,0.0,0.0,0.0,0.0,0.0,0.0,0.0,0.0,0.0,0.0,0.0,0.0,0.0,0.0,0.0
Y105,51.17747424751992,4.0281146399880093e-16,3.17047837773511e-33,2.495443660887411e-50,1.964132324129492e-67,1.545943852452446e-84,1.2167929653083527e-101,9.577224412614544e-119,7.538112897154685e-136,5.933153866104031e-153,4.6699107958641094e-170,3.675628061142521e-187,2.8930406242071272e-204,2.277075893993245e-221,1.7922578008824798e-238,1.4106635766061235e-255,1.1103155614015747e-272,8.739154156488912e-290,6.878478337678215e-307,5e-324,0.0,0.0,0.0,0.0,0.0,0.0,0.0,0.0,0.0,0.0,0.0,0.0,0.0,0.0,0.0,0.0,0.0,0.0,0.0,0.0,0.0,0.0,0.0,0.0,0.0,0.0,0.0,0.0,0.0,0.0,0.0,0.0,0.0,0.0,0.0,0.0,0.0,0.0,0.0,0.0,0.0,0.0,0.0,0.0,0.0,0.0,0.0,0.0,0.0,0.0,0.0,0.0,0.0,0.0,0.0,0.0,0.0,0.0,0.0,0.0,0.0,0.0,0.0,0.0,0.0,0.0
Y106,0.0004092620094981859,6.407649246244266e-27,1.0032196468281456e-49,1.5707003006943652e-72,2.4591817379190445e-95,3.8502410787347956e-118,6.028166253756096e-141,9.438055342463119e-164,1.4776780350391566e-186,2.3135405504703548e-209,3.6222165801691976e-232,5.671157547242969e-255,8.879101294420299e-278,1.3901648673982516e-300,2e-323,0.0,0.0,0.0,0.0,0.0,0.0,0.0,0.0,0.0,0.0,0.0,0.0,0.0,0.0,0.0,0.0,0.0,0.0,0.0,0.0,0.0,0.0,0.0,0.0,0.0,0.0,0.0,0.0,0.0,0.0,0.0,0.0,0.0,0.0,0.0,0.0,0.0,0.0,0.0,0.0,0.0,0.0,0.0,0.0,0.0,0.0,0.0,0.0,0.0,0.0,0.0,0.0,0.0,0.0,0.0,0.0,0.0,0.0,0.0,0.0,0.0,0.0,0.0,0.0,0.0,0.0,0.0,0.0,0.0,0.0,0.0
Y107,2.3461597978063893e-05,-4.092080489045993e-52,7.137247319849234e-99,-1.2448508635412838e-145,2.1712203641168894e-192,-3.7869579462273626e-239,6.605064471347517e-286,-0.0,0.0,0.0,0.0,0.0,0.0,0.0,0.0,0.0,0.0,0.0,0.0,0.0,0.0,0.0,0.0,0.0,0.0,0.0,0.0,0.0,0.0,0.0,0.0,0.0,0.0,0.0,0.0,0.0,0.0,0.0,0.0,0.0,0.0,0.0,0.0,0.0,0.0,0.0,0.0,0.0,0.0,0.0,0.0,0.0,0.0,0.0,0.0,0.0,0.0,0.0,0.0,0.0,0.0,0.0,0.0,0.0,0.0,0.0,0.0,0.0,0.0,0.0,0.0,0.0,0.0,0.0,0.0,0.0,0.0,0.0,0.0,0.0,0.0,0.0,0.0,0.0,0.0,0.0
Y108,5.492918376392515e-08,2.4127478125166453e-39,1.0597921920381841e-70,4.655105206099332e-102,2.044740907005322e-133,8.98146269885125e-165,3.9450803734835434e-196,1.7328646429980407e-227,7.611555625421143e-259,3.3433528275264134e-290,1.467e-321,0.0,0.0,0.0,0.0,0.0,0.0,0.0,0.0,0.0,0.0,0.0,0.0,0.0,0.0,0.0,0.0,0.0,0.0,0.0,0.0,0.0,0.0,0.0,0.0,0.0,0.0,0.0,0.0,0.0,0.0,0.0,0.0,0.0,0.0,0.0,0.0,0.0,0.0,0.0,0.0,0.0,0.0,0.0,0.0,0.0,0.0,0.0,0.0,0.0,0.0,0.0,0.0,0.0,0.0,0.0,0.0,0.0,0.0,0.0,0.0,0.0,0.0,0.0,0.0,0.0,0.0,0.0,0.0,0.0,0.0,0.0,0.0,0.0,0.0,0.0
Y97,14296947010882.617,6033180005540.045,2394384601261.403,950212212574.7996,377091966564.6296,149649046103.8384,59388263302.82012,23568247910.3653,9353065381.490307,3711766456.42627,1473015494.3978376,584566586.3431466,231985403.52664295,92063468.3998652,36535411.64644681,14499087.720415236,5753966.774991597,2283463.2279029335,906192.9825259548,359622.9234369758,142716.45174393378,56637.061407872396,22476.432714811068,8919.778233995896,3539.8163379920397,1404.777044675698,557.4861396247459,221.23852112450334,87.79856529223149,34.84288372654679,13.827407570281528,5.4874103307644875,2.1776802329091796,0.8642129731425979,0.3429631456727818,0.1361050145568245,0.05401331082141269,0.02143519660454899,0.008506563409801578,0.00337583192633831,0.001339699787784319,0.0005316602131126014,0.00021098949539614557,8.373123673652048e-05,3.322876331953779e-05,1.318684346225917e-05,5.233202296032556e-06,2.0767977074711227e-06,8.241777163912028e-07,3.270751435020366e-07,1.297998567169458e-07,5.1511107274450396e-08,2.0442196468877353e-08,8.112491044809136e-09,3.219444204653161e-09,1.2776372793048387e-09,5.070306903005731e-10,2.0121526279082344e-10,7.98523299565528e-11,3.1689418143785946e-11,1.25759539244265e-11,4.990770622284567e-12,1.980588633986629e-12,7.85997120276659e-13,3.1192316389278677e-13,1.2378678962416494e-13,4.9124820017291484e-14,1.9495197743299255e-14,7.736674351510335e-15,3.070301251080728e-15,1.218449858956209e-15,4.83542146969398e-16,1.9189382819254634e-16,7.615311618476334e-17,3.02213841855875e-17,1.1993364262034192e-17,4.7595697615477306e-18,1.8888365115992276e-18,7.495852663771408e-19,2.9747311009673465e-19,1.1805228197495233e-19,4.684907914857152e-20,1.859206938104601e-20,7.378267623434557e-21,2.928067446785735e-21,1.1620043363153808e-21
Y97_m1,2666949437951.3013,149263775689.7639,7721475963.147622,399253326.5245929,20644082.098939933,1067437.8656836408,55193.715638338486,2853.886248463694,147.56510999438365,7.630108487812616,0.3945279174596616,0.02039974633436436,0.0010548040635146208,5.4540463110205874e-05,2.8201086999647246e-06,1.458185835999717e-07,7.539801328710453e-09,3.8985843006388184e-10,2.0158302436049708e-11,1.0423197903830431e-12,5.389494223884914e-14,2.786730930112576e-15,1.4409272844991055e-16,7.450563011944932e-18,3.852442090043335e-19,1.9919716178956516e-20,1.0299832765188137e-21,5.325706151522099e-23,2.7537482072741472e-24,1.4238729988695122e-25,7.362380887091105e-27,3.8068460016897826e-28,1.968395374109384e-29,1.017792773097565e-30,5.262673051334182e-32,2.7211558558182228e-33,1.407020561495185e-34,7.275242453449786e-36,3.761789571876082e-37,1.9450981700775408e-38,1.0057465519933733e-39,5.200385987748042e-41,2.6889492554526152e-42,1.3903675833743694e-43,7.189135358275446e-45,3.717266413402128e-46,1.922076703188161e-47,9.938429055337717e-49,5.138836130948703e-50,2.6571238405692344e-51,1.373911703780672e-52,7.104047395025146e-54,3.6732702146643945e-55,1.899327709917797e-56,9.820801462576794e-58,5.078014755627651e-59,2.6256750995968436e-60,1.3576505899283797e-61,7.019966501628061e-63,3.6297947387611544e-64,1.8768479653688586e-65,9.70456606676186e-67,5.0179132397459126e-68,2.5945985743615025e-69,1.341581936641778e-70,6.936880758775651e-72,3.5868338226083816e-73,1.8546342828124635e-74,9.589706390361665e-76,4.958523063311804e-77,2.563889859454582e-78,1.3257034660283632e-79,6.854778388231886e-81,3.5443813760660126e-82,1.8326835132366675e-83,9.476206150866939e-85,4.89983580717311e-86,2.5335446016082444e-87,1.3100129271559274e-88,6.773647751163623e-90,3.50243138107467e-91,1.8109925449000937e-92,9.364049258482242e-94,4.8418431518236375e-95,2.5035584990783405e-96,1.2945080957334762e-97
Y97_m2,0.0,0.0,0.0,0.0,0.0,0.0,0.0,0.0,0.0,0.0,0.0,0.0,0.0,0.0,0.0,0.0,0.0,0.0,0.0,0.0,0.0,0.0,0.0,0.0,0.0,0.0,0.0,0.0,0.0,0.0,0.0,0.0,0.0,0.0,0.0,0.0,0.0,0.0,0.0,0.0,0.0,0.0,0.0,0.0,0.0,0.0,0.0,0.0,0.0,0.0,0.0,0.0,0.0,0.0,0.0,0.0,0.0,0.0,0.0,0.0,0.0,0.0,0.0,0.0,0.0,0.0,0.0,0.0,0.0,0.0,0.0,0.0,0.0,0.0,0.0,0.0,0.0,0.0,0.0,0.0,0.0,0.0,0.0,0.0,0.0,0.0
Y98,1307532735244.2083,13219806867.79455,77582967.08104303,406058.0441945534,2050.7269944636987,10.230413770313394,0.050813924543205755,0.0002519943874256128,1.2489731133025254e-06,6.189084866730261e-09,3.066674276757319e-11,1.5194878798165328e-13,7.528745671363483e-16,3.7303234656193665e-18,1.8482886982939884e-20,9.157837326958792e-23,4.537493016651885e-25,2.248220939869047e-27,1.1139405099600567e-29,5.519312750792488e-32,2.7346894095599815e-34,1.3549741601461233e-36,6.713577664667844e-39,3.32641952733755e-41,1.6481624886159655e-43,8.166256740944845e-46,4.046187776946935e-48,2.004790694883656e-50,9.933265463328153e-53,4.921698959234465e-55,2.4385858542444534e-57,1.2082618253932935e-59,5.986652617383588e-62,2.9662452961765538e-64,1.469704644552245e-66,7.282040177198739e-69,3.608079306199101e-71,1.7877182716712274e-73,8.857722759519636e-76,4.388792894708486e-78,2.1745434572269558e-80,1.077435039842008e-82,5.338436724367525e-85,2.645069596423636e-87,1.3105696538444204e-89,6.493563798473283e-92,3.2174078410218087e-94,1.5941497668664508e-96,7.898636432716816e-99,3.9135882206899347e-101,1.9390907394701855e-103,9.607737666473663e-106,4.76040760696934e-108,2.3586697900348728e-110,1.168665298803052e-112,5.790461159068115e-115,2.8690370518417318e-117,1.4215402502009705e-119,7.043396953149255e-122,3.4898372123208374e-124,1.729132100534786e-126,8.567442087396042e-129,4.2449656621482846e-131,2.1032804527885494e-133,1.0421259004586675e-135,5.163488259337573e-138,2.558386754669707e-140,1.2676203484403975e-142,6.280760111219405e-145,3.1119686287159295e-147,1.5419071218486486e-149,7.639786437656304e-152,3.78533414794917e-154,1.8755438687401036e-156,9.292877896854644e-159,4.604402010807684e-161,2.28137269341563e-163,1.1303664089377602e-165,5.600699184936134e-168,2.7750144654087537e-170,1.37495427426989e-172,6.812574420416847e-175,3.375470086695254e-177,1.6724658848537454e-179,8.286674342115583e-182,4.105851860666308e-184
Y98_m1,2755454147342.988,487100078208.7056,86107942104.46837,15221877444.02205,2690873190.7646365,475683670.1256891,84089787.21139489,14865114.691427784,2627805.8503560903,464534.83410711825,82118.93282362782,14516.713565847445,2566.2166507383695,453.64729893273267,80.19427033557405,14.176478091647896,2.506070947986689,0.44301494036399675,0.07831471712458403,0.013844216886374898,0.002447334910143251,0.00043263177769921557,7.647921594197659e-05,1.3519743053100487e-05,2.3899754981867685e-06,4.224919704093902e-07,7.468673431833652e-08,1.3202874075293444e-08,2.333960447448016e-09,4.125898148529201e-10,7.29362639827505e-11,1.2893431714153754e-11,2.2792582494609532e-12,4.029197410673048e-13,7.122682029565479e-14,1.2591241908353275e-14,2.225838134239212e-15,3.9347630963603985e-16,6.955744169497538e-17,1.2296134676126245e-17,2.1736700529679806e-18,3.8425420862894517e-19,6.792718915524939e-20,1.2007944019654536e-20,2.1227246611015435e-21,3.7524825061420427e-22,6.633514565942324e-23,1.1726507831693883e-23,2.072973301856976e-24,3.6645336974043385e-25,6.47804156830305e-26,1.1451667804388558e-26,2.0243879900947032e-27,3.5786461888714243e-28,6.326212469045948e-29,1.1183269340223201e-29,1.9769413965768586e-30,3.4947716688197503e-31,6.177941864302683e-32,1.092116146506172e-32,1.9306068325945885e-33,3.4128629578317874e-34,6.033146351858089e-35,1.0665196743224336e-35,1.885358234955653e-36,3.332873982257605e-37,5.891744484236415e-38,1.0415231194555015e-38,1.8411701513238797e-39,3.2547597482984423e-40,5.753656722887124e-41,1.0171124213432632e-41,1.7980177259022263e-42,3.1784763166976976e-43,5.618805393444457e-44,9.932738489680305e-45,1.755876685451393e-45,3.1039807780250953e-46,5.487114642035603e-47,9.699939931328423e-48,1.714723325636126e-48,3.031231228540132e-49,5.358510392612893e-50,9.472597589187913e-51,1.6745344976915291e-51,2.9601867466212228e-52
Y99,3832815866648.4116,368460998467.83636,34872265655.13561,3300415473.584947,312361187.13556886,29562796.565961055,2797911.4460884957,264802.7037187212,25061.719517525784,2371.9160580864113,224.4852266690601,21.24595295894042,2.0107805036050626,0.19030627816469917,0.01801115509324289,0.0017046295630462512,0.0001613312379005268,1.5268870660675128e-05,1.445091566186168e-06,1.3676778597914045e-07,1.2944112137476957e-08,1.2250694695981456e-09,1.1594423699376385e-10,1.0973309208722456e-11,1.0385467886317592e-12,9.82911728505745e-14,9.302570443715562e-15,8.804230771754857e-16,8.332587208160371e-17,7.886209639613835e-18,7.463744564117042e-19,7.063910986915445e-20,6.685496536277541e-21,6.327353787352302e-22,5.98839678295803e-23,5.667597740752885e-24,5.363983936802593e-25,5.07663475609582e-26,4.804678901063709e-27,4.547291749639327e-28,4.303692854846141e-29,4.073143578333806e-30,3.854944850685686e-31,3.6484350517069406e-32,3.452988004265783e-33,3.268011075604897e-34,3.0929433803657723e-35,2.927254079877242e-36,2.7704407725512925e-37,2.6220279705055465e-38,2.481565657793229e-39,2.3486279258689224e-40,2.2228116821525477e-41,2.1037354277757106e-42,1.9910381008043143e-43,1.884377981429848e-44,1.7834316558096953e-45,1.6878930354146252e-46,1.5974724289099447e-47,1.5118956637560658e-48,1.4309032548650365e-49,1.3542496177922125e-50,1.2817023240773434e-51,1.213041396477115e-52,1.1480586419521505e-53,1.0865570203859744e-54,1.028350047121768e-55,9.732612275052893e-57,9.211235217193876e-58,8.717788382873975e-59,8.250775547095967e-60,7.80878063779228e-61,7.390463442024159e-62,6.994555542200195e-63,6.619856469992064e-64,6.265230066285397e-65,5.929601036128443e-66,5.611951688232519e-67,5.311318849137769e-68,5.026790942687341e-69,4.7575052259544805e-70,4.502645173241292e-71,4.261438000216938e-72,4.033152320688045e-73,3.8170959288961385e-74,3.6126137006176434e-75
Zn78,6538289677.536466,619154186.8623227,58598614.50462191,5545948.05982935,524885.1042013969,49676.695425269194,4701.550965386291,444.968838826601,42.113181157534406,3.9857173636790977,0.3772202067497091,0.03570124808070805,0.003378872848574526,0.00031978662765583905,3.0265562455431577e-05,2.864423310812894e-06,2.710975854359456e-07,2.565748594202821e-08,2.4283011735673293e-09,2.2982168256358544e-10,2.175101109833276e-11,2.0585807158073495e-12,1.948302331480456e-13,1.8439315717399408e-14,1.745151964518622e-15,1.6516639911910653e-16,1.5631841783759394e-17,1.4794442383906112e-18,1.400190255751672e-19,1.3251819172547294e-20,1.2541917832988918e-21,1.187004598246483e-22,1.1234166377268607e-23,1.0632350909052272e-24,1.0062774758433854e-25,9.523710861796539e-27,9.013524674502197e-28,8.530669214639956e-29,8.073680372281777e-30,7.6411724700216515e-31,7.231834061337171e-32,6.844423954033364e-33,6.477767446711002e-34,6.13075276684771e-35,5.8023276996914574e-36,5.491496397744569e-37,5.197316361164016e-38,4.918895579921971e-39,4.655389829061117e-40,4.4060001088434294e-41,4.1699702220304576e-42,3.946584480948926e-43,3.735165537389087e-44,3.535072328755669e-45,3.3456981342437014e-46,3.166468735145208e-47,2.996840673708477e-48,2.836299605270421e-49,2.6843587386653627e-50,2.5405573601813088e-51,2.404459436588006e-52,2.2756522930009797e-53,2.153745361572489e-54,2.0383689972152592e-55,1.929173356768014e-56,1.825827338204233e-57,1.728017576667595e-58,1.6354474942899229e-59,1.5478364009104602e-60,1.464918642969733e-61,1.3864427979972463e-62,1.3121709122505513e-63,1.2418777791940769e-64,1.1753502566299289e-65,1.1123866204100517e-66,1.0527959527701077e-67,9.96397563430368e-69,9.43020441708298e-70,8.92502737981515e-71,8.446912729288417e-72,7.994410730613625e-73,7.566149311351328e-74,7.160829901126197e-75,6.77722349411378e-76,6.414166922460225e-77,6.070559329335312e-78
Zn79,2030764295.0664744,62365937.22898331,1915287.2042254047,58819.36899625744,1806.3704291895444,55.47448371399622,1.7036474322241681,0.05231981226337613,0.0016067659913067834,4.9344537740768276e-05,1.5153939142499608e-06,4.6538458368179695e-08,1.4292178996632466e-09,4.3891952512859294e-11,1.3479424626888729e-12,4.139594569613692e-14,1.2712889218277041e-15,3.904187947837284e-17,1.1989944433814346e-18,3.682168211332917e-20,1.1308111402345627e-21,3.472774087134116e-23,1.0665052218859975e-24,3.275287593638894e-26,1.0058561928158617e-27,3.08903157875658e-29,9.486560964388493e-31,2.913367398053108e-32,8.947088020517308e-34,2.7476927249333176e-35,8.438293323300699e-37,2.591439485351812e-38,7.958432290682234e-40,2.4440719099707293e-41,7.505859549878622e-43,2.305084697085645e-44,7.079023295638867e-46,2.1740012800204634e-47,6.676459969332651e-49,2.0503721930504912e-50,6.2967892406234244e-52,1.9337735302506864e-53,5.938709274519041e-55,1.8238054919847003e-56,5.600992267571376e-58,1.7200910140508267e-59,5.282480237919199e-61,1.6222744747844103e-62,4.982081054738988e-64,1.5300204756835438e-65,4.698764693489201e-67,1.4430126913770214e-68,4.431559704107885e-70,1.3609527849912499e-71,4.17954988005358e-73,1.283559385197056e-74,3.941871116768019e-76,1.2105671214288576e-77,3.7177084487889285e-79,1.14172571396809e-80,3.506293255353531e-82,1.0767991157709237e-83,3.3069006249111704e-85,1.0155647030977245e-86,3.1188468695084366e-88,9.578125121690594e-90,2.941487180523862e-91,9.033445192308192e-93,2.774213417714197e-94,8.519739615599496e-96,2.616452023991087e-97,8.035246970825813e-99,2.4676620587783154e-100,7.578306004088153e-102,2.327333343206289e-103,7.147349932132355e-105,2.194984710783834e-106,6.74090107008011e-108,2.0701623575492016e-109,6.357565764665253e-111,1.9524382860431305e-112,5.996029615602017e-114,1.8414088377686266e-115,5.6550529687001214e-117,1.7366933091054433e-118,5.333466665273166e-120
Zn80,162742282.22313228,265585.1944644533,433.40017882178023,0.7072522072427693,0.0011541427740283888,1.8834095237891727e-06,3.073477141756555e-09,5.015511295650355e-12,8.184656139143916e-15,1.3356284567462011e-17,2.1795703376450318e-20,3.556772718301543e-23,5.804186243111939e-26,9.471670138320542e-29,1.5456522491093125e-31,2.5223016007610734e-34,4.11606515557947e-37,6.716878092557766e-40,1.0961063444082156e-42,1.7887016880403643e-45,2.918926384397331e-48,4.7633047447197385e-51,7.773088150612669e-54,1.2684659629257055e-56,2.06996996293451e-59,3.3779192920307444e-62,5.5123209262889645e-65,8.9953842491411e-68,1.4679286433377366e-70,2.3954668775123373e-73,3.909087534535196e-76,6.379117781218316e-79,1.0409882947656787e-81,1.6987562653721577e-84,2.7721472601099092e-87,4.523780478920749e-90,7.3822159868422875e-93,1.2046807560695653e-95,1.9658808772745047e-98,3.208059566123266e-101,5.235132148018715e-104,8.543048544556227e-107,1.394113393341286e-109,2.2750100779095053e-112,3.7125178477664824e-115,6.0583418525554835e-118,9.88641873452726e-121,1.6133337763563673e-123,2.6327489698996206e-126,4.296300765587179e-129,7.010998951825146e-132,1.1441030082486643e-134,1.8670259437749369e-137,3.046741289549235e-140,4.971881893979253e-143,8.113458682058287e-146,1.3240099662299354e-148,2.1606104860713737e-151,3.52583272904976e-154,5.753696241585221e-157,9.389277082737274e-160,1.532206783862584e-162,2.5003603662211955e-165,4.080259940638981e-168,6.658448681277171e-171,1.086571431384312e-173,1.773141961460747e-176,2.8935349528629797e-179,4.721869261129165e-182,7.705470879878565e-185,1.2574317118313866e-187,2.0519635134149388e-190,3.3485351297954104e-193,5.464369830247846e-196,8.917134354074178e-199,1.4551592875075097e-201,2.374628964799543e-204,3.87508279600343e-207,6.323626511120814e-210,1.031932847819198e-212,1.683978964500066e-215,2.748032644635385e-218,4.484428591555277e-221,7.317998871671595e-224,1.1942013657355077e-226,1.9487798876891526e-229
Zn81,0.25338304328595024,5.013994644333946e-06,9.921793489960617e-11,1.963344459664892e-15,3.8851055216954805e-20,7.687924979442983e-25,1.5213020639848648e-29,3.0103831346859666e-34,5.957006719535924e-39,1.178784475893561e-43,2.3326024394948282e-48,4.615800642108666e-53,9.133839186203085e-58,1.807422476576166e-62,3.57656396421701e-67,7.077376737268125e-72,1.4004855493249838e-76,2.771308984499801e-81,5.483921980680947e-86,1.0851695158641313e-90,2.1473552729402042e-95,4.249229821529042e-100,8.408461470583375e-105,1.6638832746599635e-109,3.292525703279559e-114,6.51531611132518e-119,1.289263861728133e-123,2.5512212711657034e-128,5.048407985099359e-133,9.989891301106049e-138,1.9768197915555374e-142,3.9117707795809735e-147,7.740690728284648e-152,1.5317434565368451e-156,3.031044772361514e-161,5.997892383905914e-166,1.1868750134260916e-170,2.3486121579557877e-175,4.647480995134478e-180,9.196528906218317e-185,1.819827644512223e-189,3.601111560136154e-194,7.125952014000821e-199,1.4100977228242947e-203,2.790329746829015e-208,5.521560647899181e-213,1.0926175310669122e-217,2.162093555286714e-222,4.278394231188723e-227,8.466172591241811e-232,1.6753032673377426e-236,3.3151238145746796e-241,6.560033708657817e-246,1.2981126698656348e-250,2.568731470757118e-255,5.083057520377655e-260,1.00584564987061e-264,1.9903876108182648e-269,3.9386190533393066e-274,7.793818632617995e-279,1.5422565131462198e-283,3.051848220315802e-288,6.039058665308877e-293,1.1950210800217424e-297,2.364731758444163e-302,4.67937878492711e-307,9.259648894483e-312,1.83231794e-316,3.626e-321,0.0,0.0,0.0,0.0,0.0,0.0,0.0,0.0,0.0,0.0,0.0,0.0,0.0,0.0,0.0,0.0,0.0
Zn82,699331.3000245705,7.933979530321984e-24,9.001174577107702e-53,1.0211917418985573e-81,1.15855165877351e-110,1.3143877794697166e-139,1.4911853275910418e-168,1.691763812746281e-197,1.9193219951683694e-226,2.177488898498837e-255,2.4703816842727053e-284,2.80267131107e-313,0.0,0.0,0.0,0.0,0.0,0.0,0.0,0.0,0.0,0.0,0.0,0.0,0.0,0.0,0.0,0.0,0.0,0.0,0.0,0.0,0.0,0.0,0.0,0.0,0.0,0.0,0.0,0.0,0.0,0.0,0.0,0.0,0.0,0.0,0.0,0.0,0.0,0.0,0.0,0.0,0.0,0.0,0.0,0.0,0.0,0.0,0.0,0.0,0.0,0.0,0.0,0.0,0.0,0.0,0.0,0.0,0.0,0.0,0.0,0.0,0.0,0.0,0.0,0.0,0.0,0.0,0.0,0.0,0.0,0.0,0.0,0.0,0.0,0.0
Zn83,3384.0511870709443,3.3569823327896596e-32,3.3301300009046017e-67,3.3034924594641357e-102,3.277067990370337e-137,3.250854889268276e-172,3.224851465436088e-207,3.199056041675864e-242,3.173466954205592e-277,3.14808255255e-312,0.0,0.0,0.0,0.0,0.0,0.0,0.0,0.0,0.0,0.0,0.0,0.0,0.0,0.0,0.0,0.0,0.0,0.0,0.0,0.0,0.0,0.0,0.0,0.0,0.0,0.0,0.0,0.0,0.0,0.0,0.0,0.0,0.0,0.0,0.0,0.0,0.0,0.0,0.0,0.0,0.0,0.0,0.0,0.0,0.0,0.0,0.0,0.0,0.0,0.0,0.0,0.0,0.0,0.0,0.0,0.0,0.0,0.0,0.0,0.0,0.0,0.0,0.0,0.0,0.0,0.0,0.0,0.0,0.0,0.0,0.0,0.0,0.0,0.0,0.0,0.0
Zr103,811523681124.4298,56485924856.81509,3927648101.4220676,273102008.741421,18989661.306875557,1320412.2452694126,91812.51151784102,6384.019310191836,443.90140166226234,30.86589260203851,2.1462048160988454,0.14923252575373996,0.010376617634900963,0.0007215196083903251,5.0169579684690495e-05,3.4884522838593174e-06,2.4256331054088555e-07,1.6866207370181373e-08,1.172761661356084e-09,8.15458913886158e-11,5.670148182261286e-12,3.9426364543106003e-13,2.741441971391245e-14,1.9062128019154763e-15,1.3254510889181532e-16,9.216287852798804e-18,6.408381455627738e-19,4.455953800136803e-20,3.098368036677468e-21,2.1543949783343502e-22,1.4980201408382332e-23,1.0416215990681412e-24,7.242730094657887e-26,5.03610325198637e-27,3.5017646154416944e-28,2.434889597849872e-29,1.6930570740174356e-30,1.1772370535451355e-31,8.185707980600302e-33,5.6917861140950326e-34,3.9576820044622735e-35,2.7519036264655732e-36,1.9134871272668887e-37,1.330509161368661e-38,9.25145825785859e-40,6.43283656978778e-41,4.472958227795916e-42,3.110191762304821e-43,2.1626163951625728e-44,1.503736756462924e-45,1.0455965458301502e-46,7.27036917833628e-48,5.055321596088043e-49,3.515127748398926e-50,2.4441814141212365e-51,1.6995179728124376e-52,1.1817295243409563e-53,8.216945575386517e-55,5.713506618743285e-56,3.9727849701484494e-57,2.7624052044082433e-58,1.9207892122730755e-59,1.3355865360002318e-60,9.286762877193323e-62,6.457385007451215e-63,4.4900275462893926e-64,3.1220606086170175e-65,2.1708691858546172e-66,1.5094751873445113e-67,1.0495866614421312e-68,7.298113735908733e-70,5.074613279581617e-71,3.528541876594859e-72,2.453508689022715e-73,1.7060035271337485e-74,1.1862391389174503e-75,8.248302376395354e-77,5.735310011313301e-78,3.9879455704733436e-79,2.772946857569474e-80,1.9281191628680514e-81,1.3406832864721985e-82,9.322202222980025e-84,6.482027124751195e-85,4.50716200324807e-86,3.133974747799736e-87
Zr104,124522138517.88885,6941459513.727462,386508586.4596017,21521250.26419335,1198328.3920717062,66724.32677549105,3715.2885745663802,206.87161428766464,11.518853499281436,0.6413832385597619,0.03571296906684946,0.001988539897665109,0.00011072422786254786,6.165254541863917e-06,3.4328858552221667e-07,1.9114710049622052e-08,1.0643294175520337e-09,5.926310711101003e-11,3.299839134888276e-12,1.8373890345883052e-13,1.0230797097748977e-14,5.696627512461535e-16,3.1719488428593564e-17,1.766178223818831e-18,9.834286972547351e-20,5.475846036041668e-21,3.049015133902113e-22,1.6977272964899293e-23,9.453144201217125e-25,5.263621282037578e-26,2.930845908089676e-27,1.6319292891149698e-28,9.086773198551258e-30,5.0596216216383134e-31,2.81725651062045e-32,1.5686813837401766e-33,8.734601462154606e-35,4.863528278812663e-36,2.7080694432709323e-37,1.5078847472781843e-38,8.3960786778344e-40,4.675034832180061e-41,2.6031140870316606e-42,1.4494443770684776e-43,8.070675859662681e-45,4.493846736187287e-46,2.5022264354927494e-47,1.3932689524233494e-48,7.757884523366847e-50,4.319680860842689e-51,2.4052488385625668e-52,1.339270691927455e-53,7.457215891756843e-55,4.152265049288708e-56,2.312029756118901e-57,1.2873652162679064e-58,7.168200130947117e-60,3.9913376925213705e-61,2.2224235212078185e-62,1.2374714163806156e-63,6.890385616179996e-65,3.8366473205921186e-66,2.1362901124200543e-67,1.1895113267068169e-68,6.623338226103234e-70,3.687952209653296e-71,2.0534949350893462e-72,1.1434100033617353e-73,6.366640664398818e-75,3.5450200042331654e-76,1.9739086109707407e-77,1.099095407025006e-78,6.1198918077032e-80,3.407627354150213e-81,1.8974067760702362e-82,1.0564982903698541e-83,5.882706078799769e-85,3.275559565499435e-86,1.8238698863098582e-87,1.0155520898551376e-88,5.654712844104279e-90,3.1486102651651326e-91,1.7531830307244566e-92,9.761928217111335e-94,5.435555834501559e-95,3.0265810783360528e-96
Zr105,86552704533.9399,268347371.70626804,831982.2268348275,2579.471605657132,7.997374883480932,0.024795002544964258,7.687424438170019e-05,2.3834034453275673e-07,7.389486594487528e-10,2.2910310143739106e-12,7.1030957857596e-15,2.202238617684704e-17,6.827804489057998e-20,2.1168875055788796e-22,6.563182525887215e-25,2.0348443058306013e-27,6.308816389974611e-30,1.9559808152577968e-32,6.064308601112976e-35,1.8801737993879975e-37,5.82927708404601e-40,1.8073047998884297e-42,5.6033545714259215e-45,1.7372599494594384e-47,5.386188029910425e-50,1.6699297939020199e-52,5.177438108502162e-55,1.6052091210813634e-57,4.976778608268571e-60,1.5429967965192136e-62,4.783895972613605e-65,1.4831956053580625e-67,4.598488797304691e-70,1.4257121004502844e-72,4.4202673594894006e-75,1.370456456334799e-77,4.248953164965766e-80,1.3173423288731007e-82,4.084278512998826e-85,1.2662867203252838e-87,3.9259860780033556e-90,1.2172098496552811e-92,3.7738285074391584e-95,1.170035027862598e-97,3.627568035290486e-100,1.1246885381457692e-102,3.4869761105257215e-105,1.0810995207102555e-107,3.351833039956597e-110,1.0391998620407943e-112,3.221927644938992e-115,9.989240884651533e-118,3.0970569313788245e-120,9.602092638429976e-123,2.977025772527317e-125,9.229948912199809e-128,2.86164660407006e-130,8.87222818293368e-133,2.7507391310333636e-135,8.528371465414942e-138,2.644130046049857e-140,8.197841438750516e-143,2.541652758543176e-145,7.880121606736949e-148,2.4431471344085086e-150,7.574715490767884e-153,2.3484592457821813e-155,7.281145854021634e-158,2.257441130509342e-160,6.998953955716435e-163,2.1699505609338386e-165,6.727698834268278e-168,2.0858508216489658e-170,6.466956618231054e-173,2.0050104958618516e-175,6.216319863942164e-178,1.927303260037617e-180,5.975396918838774e-183,1.8526076865023862e-185,5.7438113094497235e-188,1.7808070536967438e-190,5.521201153106648e-193,1.7117891637831102e-195,5.3072185924552196e-198,1.6454461673219944e-200,5.1015292518827624e-203
Zr106,564838.3521072568,1.5041620537288416,4.005576947379896e-06,1.0666833830574507e-11,2.840573167456309e-17,7.564433877787502e-23,2.0144054216585998e-28,5.364352796741511e-34,1.4285247953818027e-39,3.804155260370276e-45,1.0130448762098675e-50,2.6977340591382026e-56,7.184053959250844e-62,1.9131104162993304e-67,5.0946046420490244e-73,1.3566909801784532e-78,3.6128621257591587e-84,9.621035984206286e-90,2.5620776599644497e-95,6.822801563641015e-101,1.816909061900498e-106,4.838420857508374e-112,1.2884693507931957e-117,3.4311882261278987e-123,9.13723918684686e-129,2.4332427851638883e-134,6.479714857497625e-140,1.7255452226337338e-145,4.5951193545327916e-151,1.2236782673347404e-156,3.258649855243202e-162,8.677770262444112e-168,2.3108864122542915e-173,6.153880373456014e-179,1.6387756425407534e-184,4.3640523435729944e-190,1.1621452237304244e-195,3.0947876301906857e-201,8.24140587631324e-207,2.1946827677460197e-212,5.844430578143092e-218,1.5563692978650515e-223,4.144604609379361e-229,1.1037063884292901e-234,2.939165268269205e-240,7.826984209535928e-246,2.0843224597710375e-251,5.550541562372175e-257,1.478106781951833e-262,3.936191872993144e-268,1.0482061682010577e-273,2.791368425389404e-279,7.433401865620753e-285,1.9795116543279573e-290,5.271430847487194e-296,1.4037797210784077e-301,3.738259236105362e-307,9.9549679387e-313,2.651003e-318,5e-324,0.0,0.0,0.0,0.0,0.0,0.0,0.0,0.0,0.0,0.0,0.0,0.0,0.0,0.0,0.0,0.0,0.0,0.0,0.0,0.0,0.0,0.0,0.0,0.0,0.0,0.0
Zr107,29097.78966647967,2.68860382241603e-06,2.484240415522913e-16,2.2954108711233172e-26,2.1209344451318073e-36,1.959720142976052e-46,1.8107598976485134e-56,1.6731222663011227e-66,1.5459466059679577e-76,1.4284376919969305e-86,1.3198607455397507e-96,1.2195368390072494e-106,1.1268386507605251e-116,1.0411865424921805e-126,9.620449347696416e-137,8.889189580769821e-147,8.213513584143268e-157,7.589196381056785e-167,7.012334139367351e-177,6.479319761032412e-187,5.986820327060554e-197,5.531756256893606e-207,5.111282051904483e-217,4.7227685026006e-227,4.3637862482751413e-237,4.0320905863053345e-247,3.725607436110838e-257,3.442420370005371e-267,3.1807586298459815e-277,2.938986054548564e-287,2.7155908492337196e-297,2.5091761320298754e-307,2.318451e-317,0.0,0.0,0.0,0.0,0.0,0.0,0.0,0.0,0.0,0.0,0.0,0.0,0.0,0.0,0.0,0.0,0.0,0.0,0.0,0.0,0.0,0.0,0.0,0.0,0.0,0.0,0.0,0.0,0.0,0.0,0.0,0.0,0.0,0.0,0.0,0.0,0.0,0.0,0.0,0.0,0.0,0.0,0.0,0.0,0.0,0.0,0.0,0.0,0.0,0.0,0.0,0.0,0.0
Zr108,30.881838294733004,4.735091945248491e-18,7.260285307040006e-37,1.1132147664527516e-55,1.706884872756729e-74,2.6171553384343372e-93,4.012867050859125e-112,6.152902631107937e-131,9.434205097771631e-150,1.4465404568054013e-168,2.2179709593858865e-187,3.4008002704212964e-206,5.21442466609203e-225,7.995243012310344e-244,1.2259053475559249e-262,1.8796725988844498e-281,2.8820896213896665e-300,4.41907e-319,0.0,0.0,0.0,0.0,0.0,0.0,0.0,0.0,0.0,0.0,0.0,0.0,0.0,0.0,0.0,0.0,0.0,0.0,0.0,0.0,0.0,0.0,0.0,0.0,0.0,0.0,0.0,0.0,0.0,0.0,0.0,0.0,0.0,0.0,0.0,0.0,0.0,0.0,0.0,0.0,0.0,0.0,0.0,0.0,0.0,0.0,0.0,0.0,0.0,0.0,0.0,0.0,0.0,0.0,0.0,0.0,0.0,0.0,0.0,0.0,0.0,0.0,0.0,0.0,0.0,0.0,0.0,0.0
Zr109,56130.47412219643,7.667768304290664e-09,1.0474643531477776e-21,1.430900788305433e-34,1.954698563077733e-47,2.6702385684077033e-60,3.64771026433116e-73,4.982996774120193e-86,6.807080346729542e-99,9.298890797498615e-112,1.2702857269100497e-124,1.7352885017484619e-137,2.3705109177485446e-150,3.238263842296585e-163,4.4236677560992336e-176,6.043002475818573e-189,8.25511338920052e-202,1.1276993074428055e-214,1.5405066751362254e-227,2.1044269518269885e-240,2.874776764718794e-253,3.927122031863478e-266,5.364690449157754e-279,7.328497403893473e-292,1.0011178596018594e-304,1.3675885e-317,0.0,0.0,0.0,0.0,0.0,0.0,0.0,0.0,0.0,0.0,0.0,0.0,0.0,0.0,0.0,0.0,0.0,0.0,0.0,0.0,0.0,0.0,0.0,0.0,0.0,0.0,0.0,0.0,0.0,0.0,0.0,0.0,0.0,0.0,0.0,0.0,0.0,0.0,0.0,0.0,0.0,0.0,0.0,0.0,0.0,0.0,0.0,0.0,0.0,0.0,0.0,0.0,0.0,0.0,0.0,0.0,0.0,0.0,0.0,0.0
Zr110,1133.6867195524194,4.963863277925251e-13,2.1734345315134915e-28,9.516413725137262e-44,4.166775160460758e-59,1.824428375993328e-74,7.988285354858418e-90,3.497682000034782e-105,1.5314649927880717e-120,6.705541052937481e-136,2.936030599744314e-151,1.2855451356693574e-166,5.628777492942571e-182,2.464568157582429e-197,1.0791146409651174e-212,4.724918662779269e-228,2.0688122950415488e-243,9.058323788366627e-259,3.966199836087151e-274,1.7366061875576032e-289,7.603754665167327e-305,3.3295e-320,0.0,0.0,0.0,0.0,0.0,0.0,0.0,0.0,0.0,0.0,0.0,0.0,0.0,0.0,0.0,0.0,0.0,0.0,0.0,0.0,0.0,0.0,0.0,0.0,0.0,0.0,0.0,0.0,0.0,0.0,0.0,0.0,0.0,0.0,0.0,0.0,0.0,0.0,0.0,0.0,0.0,0.0,0.0,0.0,0.0,0.0,0.0,0.0,0.0,0.0,0.0,0.0,0.0,0.0,0.0,0.0,0.0,0.0,0.0,0.0,0.0,0.0,0.0,0.0
