Ag120,160459745887.71353,6761923779.02131,24142003.052024152,86173.7492865866,307.59314325334884,1.0979392513170674,0.0039190424950070815,1.3988837778817996e-05,4.993249821898958e-08,1.7823170286274287e-10,6.361896768319928e-13,2.2708491161041382e-15,8.105689067118846e-18,2.8932875718985866e-20,1.032745384678112e-22,3.6863360556795906e-25,1.315820309343607e-27,4.696758679430593e-30,1.6764859104364295e-32,5.984137571727668e-35,2.136009748393323e-37,7.624386288823352e-40,2.7214888099140484e-42,9.714226249717481e-45,3.4674473503964325e-47,1.237689015954402e-49,4.417872704077367e-52,1.5769388738076094e-54,5.628809108579654e-57,2.009176925439582e-59,7.1716624952973e-62,2.5598911820670576e-64,9.1374111209524e-67,3.261555904336774e-69,1.1641970330875616e-71,4.155546529335013e-74,1.4833027800861506e-76,5.2945794780052305e-79,1.8898752314942742e-81,6.74582071239616e-84,2.4078889614216815e-86,8.59484634669e-89,3.0678899611548025e-91,1.0950688859468782e-93
Ag120_m1,158283058290.85153,61.97935729854358,2.4269437124987352e-08,9.503254051612357e-18,3.7212168170354184e-27,1.4571276874406834e-36,5.705717247611867e-46,2.2342042904198683e-55,8.748538693220056e-65,3.4256907300265345e-74,1.3414076783914081e-83,5.252589043942945e-93,2.0567715623660747e-102,8.053760201620939e-112,3.1536342961974802e-121,1.2348777496691944e-130,4.835446704986502e-140,1.8934299239765561e-149,7.414158599479117e-159,2.903183637384554e-168,1.1368080570827755e-177,4.45143235862463e-187,1.743060309957637e-196,6.825351930290487e-206,2.6726228981401263e-215,1.0465267181261567e-224,4.0979150949954956e-234,1.6046325272860926e-243,6.283306237284017e-253,2.4603724902837713e-262,9.634152088633166e-272,3.772472941940984e-281,1.477198197282761e-290,5.784307926494273e-300,2.264978271030205e-309,8.869e-319,0.0,0.0,0.0,0.0,0.0,0.0,0.0,0.0
Ag121,934236719423.3938,132878808.46886428,18369.477725110686,2.53943961347827,0.0003510580783517512,4.853109076581665e-08,6.709051624671682e-12,9.274750060679435e-16,1.2821631655320994e-19,1.772492382319643e-23,2.4503349728326823e-27,3.387400441873486e-31,4.682821687983228e-35,6.473642351335887e-39,8.94931476903157e-43,1.237174228796857e-46,1.7102986227455373e-50,2.3643568633093322e-54,3.2685422900616275e-58,4.518509395814329e-62,6.246493191213208e-66,8.635298451302863e-70,1.1937638777541169e-73,1.6502871369958702e-77,2.2813955802195755e-81,3.1538546697515914e-85,4.359962544047966e-89,6.02731431090274e-93,8.332300435013393e-97,1.1518767225020658e-100,1.5923813527734008e-104,2.2013452682267362e-108,3.0431912440473167e-112,4.206978833132502e-116,5.815826046767406e-120,8.039934106602836e-124,1.1114593166768545e-127,1.5365073845732763e-131,2.1241037862788514e-135,2.9364108107669043e-139,4.0593630618653704e-143,5.611758548094066e-147,7.757826418126703e-151,1.072460089257135e-154
Ag122,120975449719.41164,251937.26345482274,0.5137410695641577,1.0476016248508305e-06,2.1362301544650864e-12,4.356120842687436e-18,8.882839125004041e-24,1.811355418506334e-29,3.6936483999993214e-35,7.53195003224036e-41,1.5358871539634366e-46,3.1319237908011473e-52,6.386502163309155e-58,1.3023116974222125e-63,2.6556254329426824e-69,5.41525231943426e-75,1.1042580523354652e-80,2.251761827923665e-86,4.5917087214988806e-92,9.363241139286089e-98,1.9093172052037529e-103,3.8934084211410416e-109,7.939293215657339e-115,1.6189510564039343e-120,3.301304602105449e-126,6.731897195268499e-132,1.3727433639041203e-137,2.7992470599035044e-143,5.70812018358131e-149,1.1639785747004242e-154,2.373541689361544e-160,4.8400376721600845e-166,9.869624272000941e-172,2.012576964654011e-177,4.103971870688825e-183,8.36866634727711e-189,1.7065072237031074e-194,3.479845872333541e-200,7.095971893350462e-206,1.4469841182205526e-211,2.950636036685188e-217,6.0168269377357786e-223,1.226928904431511e-228,2.5019076534981637e-234
Ag122_m1,120641762270.50743,0.00010715140976325838,9.516956979217232e-20,8.452755810155303e-35,7.507555297574862e-50,6.668048600011401e-65,5.922416868041817e-80,5.2601628546628085e-95,4.671963131619761e-110,4.1495368311393203e-125,3.685529065168822e-140,3.2734073808605555e-155,2.907369794567486e-170,2.5822631096228537e-185,2.29351036795478e-200,2.0370464141759468e-215,1.8092606649986134e-230,1.60694627826408e-245,1.4272550059716041e-260,1.2676570957129636e-275,1.1259056759919998e-290,1.0000051240339853e-305,8.883e-321,0.0,0.0,0.0,0.0,0.0,0.0,0.0,0.0,0.0,0.0,0.0,0.0,0.0,0.0,0.0,0.0,0.0,0.0,0.0,0.0,0.0
Ag123,99474947058.23958,9.261788740205493,8.558114916332109e-10,7.907605718147244e-20,7.306540878084972e-30,6.751163557739292e-40,6.238001010825983e-50,5.76384445114754e-60,5.325728995453513e-70,4.9209151241698384e-80,4.546871551285416e-90,4.201259396315314e-100,3.881917559368443e-110,3.586849207870729e-120,3.3142092904456216e-130,3.062292999876766e-140,2.829525113012205e-150,2.6144501409528503e-160,2.4157232279347846e-170,2.2321017419964243e-180,2.0624375048472936e-190,1.9056696123520826e-200,1.760817800736718e-210,1.6269763170356208e-220,1.5033082554522566e-230,1.389040324218455e-240,1.283458010229884e-250,1.1859011112223007e-260,1.0957596075514708e-270,1.0124698477631155e-280,9.355110241014385e-291,8.644019159176836e-301,7.986978806154e-311,7.38e-321,0.0,0.0,0.0,0.0,0.0,0.0,0.0,0.0,0.0,0.0
Ag124,199246096502.3487,6.279373530364647e-07,2.5319205852418296e-24,1.5608156307148005e-32,4.396056614007224e-40,1.238154807074747e-47,3.487278397183496e-55,9.821962932239813e-63,2.7663680628483155e-70,7.791510018865427e-78,2.1944884771252912e-85,6.180804060541959e-93,1.7408311427935048e-100,4.9030725420763606e-108,1.380956473141103e-115,3.889481063852911e-123,1.0954771739952312e-130,3.08542507096253e-138,8.690138046240637e-146,2.447588177507104e-153,6.893662511223417e-161,1.9416086110960677e-168,5.468564776045818e-176,1.5402280634162985e-183,4.338071476681815e-191,1.2218232211052688e-198,3.441280282393909e-206,9.692408670446102e-214,2.7298789440535766e-221,7.688737962432698e-229,2.165542599745165e-236,6.099277637272057e-244,1.7178691243896435e-251,4.838399731957659e-259,1.362741295820513e-266,3.838177790620836e-274,1.0810275433493095e-281,3.044727506723486e-289,8.57551285092753e-297,2.415303848834768e-304,6.80273329841e-312,1.916e-319,0.0,0.0
Ag125,599065.5754056268,4.398824108415905e-13,5.684820351593425e-24,1.6011366240599784e-31,4.5096211944736187e-39,1.2701404122577795e-46,3.577366251576405e-54,1.0075696493405107e-61,2.837832435593651e-69,7.992790312588856e-77,2.2511793219267407e-84,6.34047452926247e-92,1.7858025286860918e-99,5.029735009175398e-107,1.4166311143672694e-114,3.98995913409455e-122,1.1237769473145464e-129,3.165131734117844e-137,8.914632853307459e-145,2.510817418833851e-152,7.071748454991639e-160,1.9917667384155586e-167,5.609835764814739e-175,1.5800172129206767e-182,4.450138110608428e-190,1.2533869277842961e-197,3.5301798544085422e-205,9.942795419529553e-213,2.8004006830179203e-220,7.887363316400508e-228,2.2214856774659025e-235,6.256842010719349e-243,1.7622473259318778e-250,4.963391487964102e-258,1.3979453791917273e-265,3.937330528817707e-273,1.1089540352515998e-280,3.1233828181300333e-288,8.797046512731771e-296,2.477699079919329e-303,6.978470241971e-311,1.965497e-318,0.0,0.0
Ag126,170927.93658285277,1.256517655614241e-23,9.23685531127327e-52,6.79015496998244e-80,4.991547768438694e-108,3.6693638414367056e-136,2.6974060202281855e-164,1.9829048173959333e-192,1.457663950241861e-220,1.0715512783034652e-248,7.87713891012585e-277,5.790606447472876e-305,0.0,0.0,0.0,0.0,0.0,0.0,0.0,0.0,0.0,0.0,0.0,0.0,0.0,0.0,0.0,0.0,0.0,0.0,0.0,0.0,0.0,0.0,0.0,0.0,0.0,0.0,0.0,0.0,0.0,0.0,0.0,0.0
Ag127,56864.566168085694,1.372179526903655e-23,3.31115979762855e-51,7.990047213553384e-79,1.9280511475324984e-106,4.652514720057806e-134,1.1226825205366955e-161,2.7091070480330813e-189,6.537254177783056e-217,1.577482595823221e-244,3.8065696582246996e-272,9.185503916989483e-300,0.0,0.0,0.0,0.0,0.0,0.0,0.0,0.0,0.0,0.0,0.0,0.0,0.0,0.0,0.0,0.0,0.0,0.0,0.0,0.0,0.0,0.0,0.0,0.0,0.0,0.0,0.0,0.0,0.0,0.0,0.0,0.0
Ag128,4481.853297268785,6.716008483514406e-44,1.0063865762434419e-90,1.508059353005792e-137,2.2598105597525873e-184,3.386301577448449e-231,5.074336131381299e-278,0.0,0.0,0.0,0.0,0.0,0.0,0.0,0.0,0.0,0.0,0.0,0.0,0.0,0.0,0.0,0.0,0.0,0.0,0.0,0.0,0.0,0.0,0.0,0.0,0.0,0.0,0.0,0.0,0.0,0.0,0.0,0.0,0.0,0.0,0.0,0.0,0.0
Ag129,1.039246019153919,-2.335796707479789e-47,5.249908258600002e-94,-1.179962992303993e-140,2.6520704641384914e-187,-5.960761305761284e-234,1.3397334582436223e-280,-0.0,0.0,0.0,0.0,0.0,0.0,0.0,0.0,0.0,0.0,0.0,0.0,0.0,0.0,0.0,0.0,0.0,0.0,0.0,0.0,0.0,0.0,0.0,0.0,0.0,0.0,0.0,0.0,0.0,0.0,0.0,0.0,0.0,0.0,0.0,0.0,0.0
Ag130,2374687578.847043,4.827136966339698e-38,9.812343947626461e-85,1.9946004105106095e-131,4.054516248965646e-178,8.241802180777695e-225,1.675349141945125e-271,3.40556e-318,0.0,0.0,0.0,0.0,0.0,0.0,0.0,0.0,0.0,0.0,0.0,0.0,0.0,0.0,0.0,0.0,0.0,0.0,0.0,0.0,0.0,0.0,0.0,0.0,0.0,0.0,0.0,0.0,0.0,0.0,0.0,0.0,0.0,0.0,0.0,0.0
Al31,0.0,0.0,0.0,0.0,0.0,0.0,0.0,0.0,0.0,0.0,0.0,0.0,0.0,0.0,0.0,0.0,0.0,0.0,0.0,0.0,0.0,0.0,0.0,0.0,0.0,0.0,0.0,0.0,0.0,0.0,0.0,0.0,0.0,0.0,0.0,0.0,0.0,0.0,0.0,0.0,0.0,0.0,0.0,0.0
Al32,0.0,0.0,0.0,0.0,0.0,0.0,0.0,0.0,0.0,0.0,0.0,0.0,0.0,0.0,0.0,0.0,0.0,0.0,0.0,0.0,0.0,0.0,0.0,0.0,0.0,0.0,0.0,0.0,0.0,0.0,0.0,0.0,0.0,0.0,0.0,0.0,0.0,0.0,0.0,0.0,0.0,0.0,0.0,0.0
Al33,0.0,0.0,0.0,0.0,0.0,0.0,0.0,0.0,0.0,0.0,0.0,0.0,0.0,0.0,0.0,0.0,0.0,0.0,0.0,0.0,0.0,0.0,0.0,0.0,0.0,0.0,0.0,0.0,0.0,0.0,0.0,0.0,0.0,0.0,0.0,0.0,0.0,0.0,0.0,0.0,0.0,0.0,0.0,0.0
Al34,0.0,0.0,0.0,0.0,0.0,0.0,0.0,0.0,0.0,0.0,0.0,0.0,0.0,0.0,0.0,0.0,0.0,0.0,0.0,0.0,0.0,0.0,0.0,0.0,0.0,0.0,0.0,0.0,0.0,0.0,0.0,0.0,0.0,0.0,0.0,0.0,0.0,0.0,0.0,0.0,0.0,0.0,0.0,0.0
Al35,0.0,0.0,0.0,0.0,0.0,0.0,0.0,0.0,0.0,0.0,0.0,0.0,0.0,0.0,0.0,0.0,0.0,0.0,0.0,0.0,0.0,0.0,0.0,0.0,0.0,0.0,0.0,0.0,0.0,0.0,0.0,0.0,0.0,0.0,0.0,0.0,0.0,0.0,0.0,0.0,0.0,0.0,0.0,0.0
Al36,0.0,0.0,0.0,0.0,0.0,0.0,0.0,0.0,0.0,0.0,0.0,0.0,0.0,0.0,0.0,0.0,0.0,0.0,0.0,0.0,0.0,0.0,0.0,0.0,0.0,0.0,0.0,0.0,0.0,0.0,0.0,0.0,0.0,0.0,0.0,0.0,0.0,0.0,0.0,0.0,0.0,0.0,0.0,0.0
Al37,0.0,0.0,0.0,0.0,0.0,0.0,0.0,0.0,0.0,0.0,0.0,0.0,0.0,0.0,0.0,0.0,0.0,0.0,0.0,0.0,0.0,0.0,0.0,0.0,0.0,0.0,0.0,0.0,0.0,0.0,0.0,0.0,0.0,0.0,0.0,0.0,0.0,0.0,0.0,0.0,0.0,0.0,0.0,0.0
Al38,0.0,0.0,0.0,0.0,0.0,0.0,0.0,0.0,0.0,0.0,0.0,0.0,0.0,0.0,0.0,0.0,0.0,0.0,0.0,0.0,0.0,0.0,0.0,0.0,0.0,0.0,0.0,0.0,0.0,0.0,0.0,0.0,0.0,0.0,0.0,0.0,0.0,0.0,0.0,0.0,0.0,0.0,0.0,0.0
Al39,0.0,0.0,0.0,0.0,0.0,0.0,0.0,0.0,0.0,0.0,0.0,0.0,0.0,0.0,0.0,0.0,0.0,0.0,0.0,0.0,0.0,0.0,0.0,0.0,0.0,0.0,0.0,0.0,0.0,0.0,0.0,0.0,0.0,0.0,0.0,0.0,0.0,0.0,0.0,0.0,0.0,0.0,0.0,0.0
Ar47,0.0,0.0,0.0,0.0,0.0,0.0,0.0,0.0,0.0,0.0,0.0,0.0,0.0,0.0,0.0,0.0,0.0,0.0,0.0,0.0,0.0,0.0,0.0,0.0,0.0,0.0,0.0,0.0,0.0,0.0,0.0,0.0,0.0,0.0,0.0,0.0,0.0,0.0,0.0,0.0,0.0,0.0,0.0,0.0
Ar48,0.0,0.0,0.0,0.0,0.0,0.0,0.0,0.0,0.0,0.0,0.0,0.0,0.0,0.0,0.0,0.0,0.0,0.0,0.0,0.0,0.0,0.0,0.0,0.0,0.0,0.0,0.0,0.0,0.0,0.0,0.0,0.0,0.0,0.0,0.0,0.0,0.0,0.0,0.0,0.0,0.0,0.0,0.0,0.0
Ar49,0.0,0.0,0.0,0.0,0.0,0.0,0.0,0.0,0.0,0.0,0.0,0.0,0.0,0.0,0.0,0.0,0.0,0.0,0.0,0.0,0.0,0.0,0.0,0.0,0.0,0.0,0.0,0.0,0.0,0.0,0.0,0.0,0.0,0.0,0.0,0.0,0.0,0.0,0.0,0.0,0.0,0.0,0.0,0.0
Ar50,0.0,0.0,0.0,0.0,0.0,0.0,0.0,0.0,0.0,0.0,0.0,0.0,0.0,0.0,0.0,0.0,0.0,0.0,0.0,0.0,0.0,0.0,0.0,0.0,0.0,0.0,0.0,0.0,0.0,0.0,0.0,0.0,0.0,0.0,0.0,0.0,0.0,0.0,0.0,0.0,0.0,0.0,0.0,0.0
As84,71604271230448.86,16044597936287.71,3081928903134.1943,591677936655.0677,113591881504.16939,21807667065.64812,4186693067.642207,803772305.8535115,154310313.46678177,29624898.331040684,5687465.6100897975,1091894.5511472344,209624.77710809314,40244.314005824184,7726.208858241161,1483.2978222097433,284.76740271204994,54.6703921715191,10.495765146300657,2.0150044956818287,0.3868458431588531,0.07426767865281915,0.014258103557321832,0.0027373080825867,0.0005255155784828576,0.0001008898578077483,1.9369099271715906e-05,3.718530432587979e-06,7.138932164117074e-07,1.3705509035835888e-07,2.631219538344095e-08,5.051484217668436e-09,9.697971769171416e-10,1.8618420326185997e-10,3.574413121560911e-11,6.862251973985847e-12,1.317433115674909e-12,2.52924261722902e-13,4.8557062523286775e-14,9.322112101185137e-15,1.7896835086633676e-15,3.43588129644399e-16,6.596294946065892e-17,1.2663739885463082e-17
As85,44119422957971.3,1862436852095.2542,60335374213.3159,1954617976.676068,63321583.46889795,2051358.8746518942,66455.59068623086,2152.8878189123707,69.74471091085474,2.259441786658507,0.07319662122943939,0.0023712694839239947,7.681937869459533e-05,2.488631926076267e-06,8.062143913072026e-08,2.6118030470486086e-09,8.461167687061418e-11,2.741070338725272e-12,8.879940546892676e-14,2.8767355219720165e-15,9.319439944078749e-17,3.0191152508782936e-18,9.780691707635608e-20,3.1685418518548702e-21,1.0264772438454561e-22,3.325364099311963e-24,1.077281202218034e-25,3.4899480297283935e-27,1.1305996266460435e-28,3.662677796011916e-30,1.1865569668721117e-31,3.843956564144811e-33,1.2452838320930412e-34,4.034207454207615e-36,1.3069172958127929e-37,4.23387452797741e-39,1.3716012157837174e-40,4.4434238254058365e-42,1.4394865697828003e-43,4.663344452396001e-45,1.5107318080066485e-46,4.894149722417346e-48,1.5855032229077418e-49,5.136378354622951e-51
As86,9180333303649.838,161419583909.77945,105306123.00152196,68699.09631169496,44.81758229742567,0.029237876345173823,1.9074063556185584e-05,1.2443444805985746e-08,8.117793997252374e-12,5.295846962741949e-15,3.4548788824003016e-18,2.253877080669174e-21,1.4703733669634342e-24,9.592350252008826e-28,6.257810799935557e-31,4.082440171488649e-34,2.6632824619683114e-37,1.7374592582557124e-40,1.1334752198486149e-43,7.394510506684795e-47,4.823994797237358e-50,3.1470542617710357e-53,2.0530599519309417e-56,1.3393652652975289e-59,8.737685970632868e-63,5.700249073163368e-66,3.718700764173424e-69,2.4259879166630363e-72,1.5826541969970106e-75,1.032484246960972e-78,6.735670509990624e-82,4.3941839648108754e-85,2.8666563615250096e-88,1.8701353336319642e-91,1.2200297925622934e-94,7.959171018114768e-98,5.192365275158929e-101,3.3873700023928174e-104,2.2098359658950457e-107,1.4416420387243502e-110,9.404914210342836e-114,6.1355321867678374e-117,4.0026686445970146e-120,2.6112415012657713e-123
As87,18309331261833.387,81381704.70920525,342.76079854710576,0.0014436287054989706,6.08022810127227e-09,2.560850558227373e-14,1.0785706510256129e-19,4.542688543524621e-25,1.9132746829192013e-30,8.058267647509322e-36,3.3939547759979267e-41,1.4294547569513211e-46,6.020530728992868e-52,2.5357074144866902e-57,1.0679809440916804e-62,4.4980871626857214e-68,1.894489619412274e-73,7.979149332263902e-79,3.3606319831047074e-84,1.415419972176646e-89,5.9614194821346944e-95,2.510811133131296e-100,1.0574952098486836e-105,4.453923690621271e-111,1.875888992888761e-116,7.900807822664695e-122,3.327636362669426e-127,1.4015229848262742e-132,5.902888605955179e-138,2.4861592903975513e-143,1.047112427463787e-148,4.410193827820975e-154,1.8574709924950117e-159,7.823235491817613e-165,3.2949647024218125e-170,1.3877624419667368e-175,5.844932402213437e-181,2.4617494863190304e-186,1.0368315861269927e-191,4.366893316988381e-197,1.839233825156835e-202,7.746424787711491e-208,3.262613821630539e-213,1.3741370039480314e-218
As88,44747986993668.13,5.936272143642559e-14,7.867479470369946e-41,1.0426953434569424e-67,1.3819083778501023e-94,1.831475297895736e-121,2.427296787953999e-148,3.2169528595777985e-175,4.263502408153777e-202,5.650518853645467e-229,7.488763992332016e-256,9.925033007662163e-283,1.315387696875575e-309,0.0,0.0,0.0,0.0,0.0,0.0,0.0,0.0,0.0,0.0,0.0,0.0,0.0,0.0,0.0,0.0,0.0,0.0,0.0,0.0,0.0,0.0,0.0,0.0,0.0,0.0,0.0,0.0,0.0,0.0,0.0
B13,0.0,0.0,0.0,0.0,0.0,0.0,0.0,0.0,0.0,0.0,0.0,0.0,0.0,0.0,0.0,0.0,0.0,0.0,0.0,0.0,0.0,0.0,0.0,0.0,0.0,0.0,0.0,0.0,0.0,0.0,0.0,0.0,0.0,0.0,0.0,0.0,0.0,0.0,0.0,0.0,0.0,0.0,0.0,0.0
B14,0.0,0.0,0.0,0.0,0.0,0.0,0.0,0.0,0.0,0.0,0.0,0.0,0.0,0.0,0.0,0.0,0.0,0.0,0.0,0.0,0.0,0.0,0.0,0.0,0.0,0.0,0.0,0.0,0.0,0.0,0.0,0.0,0.0,0.0,0.0,0.0,0.0,0.0,0.0,0.0,0.0,0.0,0.0,0.0
B15,0.0,0.0,0.0,0.0,0.0,0.0,0.0,0.0,0.0,0.0,0.0,0.0,0.0,0.0,0.0,0.0,0.0,0.0,0.0,0.0,0.0,0.0,0.0,0.0,0.0,0.0,0.0,0.0,0.0,0.0,0.0,0.0,0.0,0.0,0.0,0.0,0.0,0.0,0.0,0.0,0.0,0.0,0.0,0.0
B17,0.0,0.0,0.0,0.0,0.0,0.0,0.0,0.0,0.0,0.0,0.0,0.0,0.0,0.0,0.0,0.0,0.0,0.0,0.0,0.0,0.0,0.0,0.0,0.0,0.0,0.0,0.0,0.0,0.0,0.0,0.0,0.0,0.0,0.0,0.0,0.0,0.0,0.0,0.0,0.0,0.0,0.0,0.0,0.0
B19,0.0,0.0,0.0,0.0,0.0,0.0,0.0,0.0,0.0,0.0,0.0,0.0,0.0,0.0,0.0,0.0,0.0,0.0,0.0,0.0,0.0,0.0,0.0,0.0,0.0,0.0,0.0,0.0,0.0,0.0,0.0,0.0,0.0,0.0,0.0,0.0,0.0,0.0,0.0,0.0,0.0,0.0,0.0,0.0
Ba147,88307467250199.95,38246683969.57685,16419800.835325705,7049.234900619725,3.026328588420389,0.0012992423793801188,5.577817183620469e-07,2.394629749434101e-10,1.028045819377826e-13,4.413534939963004e-17,1.894788179583584e-20,8.134573067455467e-24,3.4922784352768216e-27,1.499280732788906e-30,6.436607954869043e-34,2.763319841215927e-37,1.1863292899610792e-40,5.093066547085905e-44,2.1865199715246478e-47,9.387015743219791e-51,4.029968429788152e-54,1.7301180683349497e-57,7.42762277801866e-61,3.1887754449981776e-64,1.368982936063394e-67,5.877222499854705e-71,2.5231683611868554e-74,1.0832291237998471e-77,4.6504440714223395e-81,1.9964963631667713e-84,8.571219580152953e-88,3.6797364847020576e-91,1.5797589211459484e-94,6.782111325948062e-98,2.911648949840202e-101,1.2500089131050157e-104,5.366451484227652e-108,2.3038876947711587e-111,9.89089070444076e-115,4.24628853000189e-118,1.8229871119625416e-121,7.826321708713585e-125,3.359942101968085e-128,1.442467016914047e-131
Ba148,8037051281578.313,96955645.85820098,1168.913366693791,0.01409261365587448,1.6990289042161812e-07,2.048377460598814e-12,2.4695578813739675e-17,2.9773399906838503e-22,3.5895305337785475e-27,4.327597618426194e-32,5.21742355184643e-37,6.290212473418767e-42,7.583584611747777e-47,9.142895539151835e-52,1.1022826686781986e-56,1.3289302896060939e-61,1.6021804250540386e-66,1.9316153258777904e-71,2.3287875128296583e-76,2.8076248967670845e-81,3.384919198303419e-86,4.080914794649495e-91,4.92001864314408e-96,5.931656176850996e-101,7.151303186503852e-106,8.621729874513727e-111,1.039450070713939e-115,1.2531782661169873e-120,1.510852527615223e-125,1.8215088961558935e-130,2.1960413727553726e-135,2.647583945942235e-140,3.1919711703864604e-145,3.8482934481430823e-150,4.639566484940386e-155,5.59353839779782e-160,6.743662777372747e-165,8.13027182808417e-170,9.801990725326795e-175,1.1817442788014711e-179,1.4247305262915854e-184,1.7176787812383458e-189,2.0708620620322253e-194,2.496665690236109e-199
Ba149,373667403246.6524,663.2371229741743,1.1770552798279237e-06,2.08893483760067e-15,3.7072589796969155e-24,6.579319227750242e-33,1.1676400741817868e-41,2.0722255534961343e-50,3.6776048026369946e-59,6.5266915860392226e-68,1.1583001802893775e-76,2.0556499261099655e-85,3.648187827839417e-94,6.474484910172254e-103,1.1490349957357893e-111,2.0392068863288414e-120,3.619006157935291e-129,6.422695832864851e-138,1.1398439229247972e-146,2.022895373591215e-155,3.5900579107326846e-164,6.371321013767281e-173,1.130726369040322e-181,2.0067143358189144e-190,3.5613412190951964e-199,6.320357139249037e-208,1.1216817460081882e-216,1.9906627293492914e-225,3.5328542308215895e-234,6.269800922185259e-243,1.1127094704582015e-251,1.9747395188679113e-260,3.504595108526276e-269,6.219649101744553e-278,1.1038089636865065e-286,1.9589436773417528e-295,3.476562029520808e-304,6.1698984432e-313,1.097e-321,0.0,0.0,0.0,0.0,0.0
Ba150,18158596873.252136,1.6778472198049237,1.5503124111333537e-10,1.4324716480404903e-20,1.3235880766378853e-30,1.222980852022041e-40,1.1300208809766698e-50,1.0441268882763133e-60,9.647617819940845e-71,8.914292950859119e-81,8.23670882251261e-91,7.610628526664979e-101,7.03213720662009e-111,6.497617577769269e-121,6.003727308845876e-131,5.547378122452757e-141,5.1257164841790936e-151,4.736105759556324e-161,4.376109727281375e-171,4.0434773456158284e-181,3.736128676706095e-191,3.4521418808097e-201,3.189741199103192e-211,2.947285849928585e-221,2.7232597690469364e-231,2.5162621297453282e-241,2.3249985835197693e-251,2.148273166562354e-261,1.9849808214442743e-271,1.8341004872329956e-281,1.694688714836408e-291,1.5658737676508956e-301,1.446850170625e-311,1.34e-321,0.0,0.0,0.0,0.0,0.0,0.0,0.0,0.0,0.0,0.0
Ba151,295858287.61525774,0.0007051878948715286,1.6808350406582151e-15,4.006317258777114e-27,9.549169067590328e-39,2.2760711144792805e-50,5.425079063422854e-62,1.2930827449616989e-73,3.082098833528753e-85,7.346268641084266e-97,1.7510036459534786e-108,4.173566089042246e-120,9.947811325154809e-132,2.37108860982689e-143,5.651555917063316e-155,1.3470641354911354e-166,3.210764985351823e-178,7.652948007113762e-190,1.8241015292861356e-201,4.347796935313163e-213,1.0363095412850388e-224,2.47007273186059e-236,5.887487336182957e-248,1.4032990481055634e-259,3.344802469996827e-271,7.972430094925329e-283,1.9002509771087165e-294,4.529301270764481e-306,1.0795715e-317,0.0,0.0,0.0,0.0,0.0,0.0,0.0,0.0,0.0,0.0,0.0,0.0,0.0,0.0,0.0
Ba152,5384782.303935935,3.373635554760056e-07,2.1136261809548166e-20,1.3242140593741098e-33,8.29637185063589e-47,5.197783953189263e-60,3.2564786765146066e-73,2.0402258858965263e-86,1.2782278279609063e-99,8.008262180516807e-113,5.017279529440609e-126,3.143390327278122e-139,1.969374576729497e-152,1.233838569079915e-165,7.730157749255211e-179,4.843043516862225e-192,3.034229218476306e-205,1.9009837343398898e-218,1.19099082436479e-231,7.461711103034124e-245,4.67485823115706e-258,2.9288589680898247e-271,1.8349679136338277e-284,1.1496310613623303e-297,7.202586854131e-311,5e-324,0.0,0.0,0.0,0.0,0.0,0.0,0.0,0.0,0.0,0.0,0.0,0.0,0.0,0.0,0.0,0.0,0.0,0.0
Ba153,13451.31814314794,1.1918825827212868e-15,1.056092849694441e-34,9.357734757976054e-54,8.291619418308632e-73,7.346965302630849e-92,6.509934481420318e-111,5.768265563634795e-130,5.111094083600621e-149,4.528793351004461e-168,4.0128334326519587e-187,3.5556562002630906e-206,3.1505646139202487e-225,2.791624619318371e-244,2.4735782217421e-263,2.1917664634189917e-282,1.9420611759691643e-301,1.721e-320,0.0,0.0,0.0,0.0,0.0,0.0,0.0,0.0,0.0,0.0,0.0,0.0,0.0,0.0,0.0,0.0,0.0,0.0,0.0,0.0,0.0,0.0,0.0,0.0,0.0,0.0
Be11,0.0,0.0,0.0,0.0,0.0,0.0,0.0,0.0,0.0,0.0,0.0,0.0,0.0,0.0,0.0,0.0,0.0,0.0,0.0,0.0,0.0,0.0,0.0,0.0,0.0,0.0,0.0,0.0,0.0,0.0,0.0,0.0,0.0,0.0,0.0,0.0,0.0,0.0,0.0,0.0,0.0,0.0,0.0,0.0
Be12,0.0,0.0,0.0,0.0,0.0,0.0,0.0,0.0,0.0,0.0,0.0,0.0,0.0,0.0,0.0,0.0,0.0,0.0,0.0,0.0,0.0,0.0,0.0,0.0,0.0,0.0,0.0,0.0,0.0,0.0,0.0,0.0,0.0,0.0,0.0,0.0,0.0,0.0,0.0,0.0,0.0,0.0,0.0,0.0
Be14,0.0,0.0,0.0,0.0,0.0,0.0,0.0,0.0,0.0,0.0,0.0,0.0,0.0,0.0,0.0,0.0,0.0,0.0,0.0,0.0,0.0,0.0,0.0,0.0,0.0,0.0,0.0,0.0,0.0,0.0,0.0,0.0,0.0,0.0,0.0,0.0,0.0,0.0,0.0,0.0,0.0,0.0,0.0,0.0
Br87,461427959327677.1,603606288036861.0,588785196322958.1,535673034663073.25,477432324598021.4,422794020863689.25,373641811385165.8,329987027084336.6,291371269675706.1,257256995303093.8,227131944618660.8,200533167385651.34,177048900431400.38,156314743221208.44,138008726607591.6,121846518198790.05,107577064203043.72,94978706202780.16,83855742639687.34,74035390133445.03,65365099852147.625,57710187933520.984,50951743342676.375,44984780722368.445,39716609557874.41,35065394327617.85,30958883274244.844,27333286049298.57,24132282796979.586,21306149284174.242,18810984486570.555,16608028632223.684,14663061109091.785,12945868883667.283,11429777173143.459,10091235080600.0,8909449756484.238,7866063403469.68,6944868107300.651,6131554063818.918,5413487291142.69,4779513373989.699,4219784191517.8003,3725604937081.5923
Br88,503381269808919.2,417185723981117.6,273561721372398.56,178766445788510.94,116813239662307.12,76330432961342.6,49877350573394.68,32591851022890.996,21296815907067.766,13916189278753.996,9093393345144.963,5941986047557.583,3882730774889.422,2537131213303.695,1657862768943.3882,1083313683674.1279,707880386253.902,462557289540.9935,302253389502.4009,197504424925.06342,129057271877.74066,84331170964.11668,55105352009.270874,36008035763.641205,23529087325.992027,15374844493.82739,10046536864.532118,6564808054.541621,4289707525.497802,2803066060.9462924,1831635209.469711,1196863530.0149047,782078386.6097798,511041223.5508085,333934726.5437412,218206274.66613075,142584686.52386203,93170523.45178787,60881337.62406107,39782295.232170746,25995339.059602406,16986391.782574303,11099586.165410107,7252912.485496212
Br89,377003228681870.7,81722702599316.72,16911558947595.47,3499649596709.375,724211608030.9353,149867133469.5649,31013252819.091747,6417830435.225013,1328095048.1255176,274833758.0211683,56873636.15627267,11769334.716832517,2435526.3534800718,504003.73183475574,104297.68552510091,21583.187819449202,4466.388626979745,924.2669588056755,191.2662516601393,39.58031678573849,8.190684259568716,1.6949664400897253,0.3507535075197381,0.07258434157014126,0.015020481700740955,0.003108313248309527,0.0006432291215494051,0.0001331087537699865,2.754530187862151e-05,5.700178493861544e-06,1.1795853610556893e-06,2.441014128794888e-07,5.051393628387828e-08,1.045326910971815e-08,2.1631819477719445e-09,4.4764523806395994e-10,9.263495350806496e-11,1.9169721649569426e-11,3.966949992477492e-12,8.209139668530676e-13,1.6987855714146925e-13,3.515438321398763e-14,7.274789001926447e-15,1.5054326142036402e-15
Br90,200398083555631.97,5554659932287.356,150242539229.7076,4063762835.053496,109916728.40614937,2973029.5969282766,80414.55665921202,2175.054338301502,58.83090787421803,1.5912594275724987,0.0430404128940533,0.0011641578425188551,3.14881617338157e-05,8.516923506091278e-07,2.303658963067073e-08,6.230940801950168e-10,1.6853459604852525e-11,4.558526708575004e-13,1.2329911033108322e-14,3.33499649784634e-16,9.020504374104538e-18,2.439867604532286e-19,6.599358174178673e-21,1.7849955559144983e-22,4.828059108992138e-24,1.3058942742285762e-25,3.5321851223544275e-27,9.553860511374109e-29,2.5841298660459834e-30,6.98955899203346e-32,1.8905371415356897e-33,5.113528174809957e-35,1.3831079971978242e-36,3.741032935608438e-38,1.0118752442803896e-39,2.736921934692815e-41,7.402831247175942e-43,2.002319093559215e-44,5.415876194613072e-46,1.464887142600137e-47,3.9622293114632456e-49,1.0717044788005124e-50,2.898748153112118e-52,7.840539086461166e-54
Br91,81029840643218.34,222258252.7395935,606.0837765482157,0.0016527509512227227,4.506944109813512e-09,1.2290142803400158e-14,3.351441829488734e-20,9.139163406091036e-26,2.492190287425493e-31,6.796040460988446e-37,1.853235933886242e-42,5.053653588971841e-48,1.3780983915939794e-53,3.757984482866572e-59,1.024777872146791e-64,2.7945024574466587e-70,7.620426042490508e-76,2.078040508224388e-81,5.666681009360183e-87,1.5452669731294723e-92,4.213842307870324e-98,1.1490873295271133e-103,3.133486244640897e-109,8.544812733593053e-115,2.3301147332957727e-120,6.354070989732483e-126,1.732713740042045e-131,4.72499742256876e-137,1.2884759973531276e-142,3.513590055785854e-148,9.581331049610396e-154,2.6127665215541404e-159,7.124843991724614e-165,1.9428985134201387e-170,5.2981575987272315e-176,1.4447730412608025e-181,3.9398019063370875e-187,1.0743582983547255e-192,2.92970504782761e-198,7.989114693311228e-204,2.178579500015148e-209,5.940844286363737e-215,1.6200295116416561e-220,4.417714877015062e-226
Br92,9688096122722.99,16246.949699772273,2.7188617358332778e-05,4.549905843976332e-14,7.6140845693668e-23,1.2741864517091564e-31,2.1322998174345044e-40,3.568318047435214e-49,5.971436841828156e-58,9.992959562999848e-67,1.672281621204891e-75,2.798496084157228e-84,4.683170725395308e-93,7.837097992511385e-102,1.3115068517823791e-110,2.1947540070517068e-119,3.6728326237283076e-128,6.146337784818161e-137,1.0285649261831952e-145,1.7212620659857554e-154,2.880462889975953e-163,4.820338880690403e-172,8.066643387615245e-181,1.3499203511110152e-189,2.259037454341231e-198,3.7804083892182376e-207,6.326361504899991e-216,1.0586911722243037e-224,1.7716771279629698e-233,2.9648304700155687e-242,4.9615246351571466e-251,8.30291207346571e-260,1.389458966125222e-268,2.3252037375122057e-277,3.8911350048846796e-286,6.511658046119681e-295,1.089699803691387e-303,1.823568826487e-312,3.053e-321,0.0,0.0,0.0,0.0,0.0
Br93,1109535789613.3796,3.4118716139887564e-18,1.0477266908483698e-47,3.217387237595198e-77,9.88003906654183e-107,3.0339889092540146e-136,9.31685455844896e-166,2.8610446992251604e-195,8.785772837401771e-225,2.6979586991888537e-254,8.284963972140907e-284,2.54416896895e-313,0.0,0.0,0.0,0.0,0.0,0.0,0.0,0.0,0.0,0.0,0.0,0.0,0.0,0.0,0.0,0.0,0.0,0.0,0.0,0.0,0.0,0.0,0.0,0.0,0.0,0.0,0.0,0.0,0.0,0.0,0.0,0.0
Br94,59480581139.391304,5.891410710091147e-33,5.832580205657263e-76,5.774337221520745e-119,5.716675840221603e-162,5.659590253990578e-205,5.60307471305259e-248,5.5471235250489834e-291,0.0,0.0,0.0,0.0,0.0,0.0,0.0,0.0,0.0,0.0,0.0,0.0,0.0,0.0,0.0,0.0,0.0,0.0,0.0,0.0,0.0,0.0,0.0,0.0,0.0,0.0,0.0,0.0,0.0,0.0,0.0,0.0,0.0,0.0,0.0,0.0
C16,0.0,0.0,0.0,0.0,0.0,0.0,0.0,0.0,0.0,0.0,0.0,0.0,0.0,0.0,0.0,0.0,0.0,0.0,0.0,0.0,0.0,0.0,0.0,0.0,0.0,0.0,0.0,0.0,0.0,0.0,0.0,0.0,0.0,0.0,0.0,0.0,0.0,0.0,0.0,0.0,0.0,0.0,0.0,0.0
C17,0.0,0.0,0.0,0.0,0.0,0.0,0.0,0.0,0.0,0.0,0.0,0.0,0.0,0.0,0.0,0.0,0.0,0.0,0.0,0.0,0.0,0.0,0.0,0.0,0.0,0.0,0.0,0.0,0.0,0.0,0.0,0.0,0.0,0.0,0.0,0.0,0.0,0.0,0.0,0.0,0.0,0.0,0.0,0.0
C18,0.0,0.0,0.0,0.0,0.0,0.0,0.0,0.0,0.0,0.0,0.0,0.0,0.0,0.0,0.0,0.0,0.0,0.0,0.0,0.0,0.0,0.0,0.0,0.0,0.0,0.0,0.0,0.0,0.0,0.0,0.0,0.0,0.0,0.0,0.0,0.0,0.0,0.0,0.0,0.0,0.0,0.0,0.0,0.0
C19,0.0,0.0,0.0,0.0,0.0,0.0,0.0,0.0,0.0,0.0,0.0,0.0,0.0,0.0,0.0,0.0,0.0,0.0,0.0,0.0,0.0,0.0,0.0,0.0,0.0,0.0,0.0,0.0,0.0,0.0,0.0,0.0,0.0,0.0,0.0,0.0,0.0,0.0,0.0,0.0,0.0,0.0,0.0,0.0
C20,0.0,0.0,0.0,0.0,0.0,0.0,0.0,0.0,0.0,0.0,0.0,0.0,0.0,0.0,0.0,0.0,0.0,0.0,0.0,0.0,0.0,0.0,0.0,0.0,0.0,0.0,0.0,0.0,0.0,0.0,0.0,0.0,0.0,0.0,0.0,0.0,0.0,0.0,0.0,0.0,0.0,0.0,0.0,0.0
C22,0.0,0.0,0.0,0.0,0.0,0.0,0.0,0.0,0.0,0.0,0.0,0.0,0.0,0.0,0.0,0.0,0.0,0.0,0.0,0.0,0.0,0.0,0.0,0.0,0.0,0.0,0.0,0.0,0.0,0.0,0.0,0.0,0.0,0.0,0.0,0.0,0.0,0.0,0.0,0.0,0.0,0.0,0.0,0.0
Ca51,0.0,0.0,0.0,0.0,0.0,0.0,0.0,0.0,0.0,0.0,0.0,0.0,0.0,0.0,0.0,0.0,0.0,0.0,0.0,0.0,0.0,0.0,0.0,0.0,0.0,0.0,0.0,0.0,0.0,0.0,0.0,0.0,0.0,0.0,0.0,0.0,0.0,0.0,0.0,0.0,0.0,0.0,0.0,0.0
Ca52,0.0,0.0,0.0,0.0,0.0,0.0,0.0,0.0,0.0,0.0,0.0,0.0,0.0,0.0,0.0,0.0,0.0,0.0,0.0,0.0,0.0,0.0,0.0,0.0,0.0,0.0,0.0,0.0,0.0,0.0,0.0,0.0,0.0,0.0,0.0,0.0,0.0,0.0,0.0,0.0,0.0,0.0,0.0,0.0
Ca53,0.0,0.0,0.0,0.0,0.0,0.0,0.0,0.0,0.0,0.0,0.0,0.0,0.0,0.0,0.0,0.0,0.0,0.0,0.0,0.0,0.0,0.0,0.0,0.0,0.0,0.0,0.0,0.0,0.0,0.0,0.0,0.0,0.0,0.0,0.0,0.0,0.0,0.0,0.0,0.0,0.0,0.0,0.0,0.0
Ca54,0.0,0.0,0.0,0.0,0.0,0.0,0.0,0.0,0.0,0.0,0.0,0.0,0.0,0.0,0.0,0.0,0.0,0.0,0.0,0.0,0.0,0.0,0.0,0.0,0.0,0.0,0.0,0.0,0.0,0.0,0.0,0.0,0.0,0.0,0.0,0.0,0.0,0.0,0.0,0.0,0.0,0.0,0.0,0.0
Ca55,0.0,0.0,0.0,0.0,0.0,0.0,0.0,0.0,0.0,0.0,0.0,0.0,0.0,0.0,0.0,0.0,0.0,0.0,0.0,0.0,0.0,0.0,0.0,0.0,0.0,0.0,0.0,0.0,0.0,0.0,0.0,0.0,0.0,0.0,0.0,0.0,0.0,0.0,0.0,0.0,0.0,0.0,0.0,0.0
Ca56,0.0,0.0,0.0,0.0,0.0,0.0,0.0,0.0,0.0,0.0,0.0,0.0,0.0,0.0,0.0,0.0,0.0,0.0,0.0,0.0,0.0,0.0,0.0,0.0,0.0,0.0,0.0,0.0,0.0,0.0,0.0,0.0,0.0,0.0,0.0,0.0,0.0,0.0,0.0,0.0,0.0,0.0,0.0,0.0
Cd126,2925896772277.5537,4178461.4243164407,5.967243538131921,8.52179590223268e-06,1.2169941604569424e-11,1.7379843445889852e-17,2.4820082792363402e-23,3.544545793739355e-29,5.061951238849601e-35,7.228951700877696e-41,1.0323636129197265e-46,1.4743142206238156e-52,2.1054620619436898e-58,3.006801692795512e-64,4.294001104656215e-70,6.132245279417152e-76,8.757434208891421e-82,1.2506455699102619e-87,1.7860417837317244e-93,2.550638910002684e-99,3.642556914668965e-105,5.201920516686828e-111,7.428841249660067e-117,1.0609097569949178e-122,1.5150808513218918e-128,2.1636807192199886e-134,3.089943517297945e-140,4.412735601551033e-146,6.30180952505688e-152,8.999588209214027e-158,1.2852274828902118e-163,1.8354280711256778e-169,2.6211672634796127e-175,3.7432781655799074e-181,5.345760119980329e-187,7.634257994274632e-193,1.0902452376288186e-198,1.5569747303061344e-204,2.223509195127695e-210,3.1753843171528693e-216,4.5347532556712973e-222,6.476062433998424e-228,9.248438070273174e-234,1.3207656289821816e-239
Cd127,2951474015094.195,21582.07247330166,0.00015781465048696165,1.1539885216830516e-12,8.438313579044152e-21,6.170350460196152e-29,4.5119471378966695e-37,3.29927240057071e-45,2.4125279043588145e-53,1.7641134718985752e-61,1.289973200356062e-69,9.432674735180142e-78,6.897457453778617e-86,5.043629793493313e-94,3.688054861415291e-102,2.69681741478257e-110,1.971994572196681e-118,1.4419821569888155e-126,1.0544210265030762e-134,7.710245898281425e-143,5.6379653210369686e-151,4.122650999795033e-159,3.0146072737788574e-167,2.204372141996063e-175,1.6119036740454625e-183,1.178672786187797e-191,8.618812397225911e-200,6.3023366628182714e-208,4.608459446720011e-216,3.369845123850586e-224,2.4641328170570946e-232,1.801848547021521e-240,1.3175662301681613e-248,9.634443326267005e-257,7.04499675854654e-265,5.1515150016624644e-273,3.766943793147825e-281,2.754503390974431e-289,2.0141763051233028e-297,1.4728267176628842e-305,1.07697550347e-313,7.86e-322,0.0,0.0
Cd128,1284943647017.9973,22.794109244346902,4.043443245505841e-10,7.172657244187578e-21,1.272356474887543e-31,2.2570310333734904e-42,4.003743593996532e-53,7.102234098442564e-64,1.2598641247835105e-74,2.234870874313462e-85,3.964433724718429e-96,7.032502386748819e-107,1.2474944280507657e-117,2.2129282898646378e-128,3.925509810681058e-139,6.9634553204143e-150,1.235246180444355e-160,2.1912011438189095e-171,3.886968062468409e-182,6.895086177400266e-193,1.2231181895429492e-203,2.1696873209420593e-214,3.8488047278700264e-225,6.827388301666834e-236,1.2111092746327366e-246,2.1483847267678232e-257,3.811016091515689e-268,6.760355102524951e-279,1.199218266592485e-289,2.127291287393991e-300,3.7735984745137e-311,6.67e-322,0.0,0.0,0.0,0.0,0.0,0.0,0.0,0.0,0.0,0.0,0.0,0.0
Cd129,294439151.3761556,0.018419382694625997,1.3062189275302278e-13,9.26311112009209e-25,6.568977513242175e-36,4.658420374109936e-47,3.303540062083716e-58,2.342720507244313e-69,1.6613509362442153e-80,1.1781545962587553e-91,8.354937072016625e-103,5.9249417435559134e-114,4.201699469659577e-125,2.979654348929038e-136,2.1130354760501356e-147,1.4984687484476965e-158,1.062645949641939e-169,7.535802234515759e-181,5.3440485362850755e-192,3.789756401430541e-203,2.687523042627099e-214,1.905869227353293e-225,1.3515558579998511e-236,9.584620030989653e-248,6.796977024271697e-259,4.820107267591605e-270,3.41820106028369e-281,2.42403287725225e-292,1.719013974418505e-303,1.219046603e-314,0.0,0.0,0.0,0.0,0.0,0.0,0.0,0.0,0.0,0.0,0.0,0.0,0.0,0.0
Cd130,31682944676699.543,8.293473214997024e-06,2.170890652284261e-24,5.682500084106042e-43,1.4874451263534662e-61,3.893520406803023e-80,1.01916372507507e-98,2.6677520341077912e-117,6.983079107296556e-136,1.8278832963225592e-154,4.784647708607337e-173,1.2524242516761685e-191,3.278332286334981e-210,8.581327425784501e-229,2.2462390617165343e-247,5.87973127236771e-266,1.539072150621407e-284,4.0286587517196785e-303,1.05e-321,0.0,0.0,0.0,0.0,0.0,0.0,0.0,0.0,0.0,0.0,0.0,0.0,0.0,0.0,0.0,0.0,0.0,0.0,0.0,0.0,0.0,0.0,0.0,0.0,0.0
Cd131,4935471540977.688,2.647840449109502e-32,1.420544923768622e-76,7.621108292696836e-121,4.088662782654331e-165,2.1935344189090498e-209,1.1768134235355916e-253,6.3135085635098375e-298,0.0,0.0,0.0,0.0,0.0,0.0,0.0,0.0,0.0,0.0,0.0,0.0,0.0,0.0,0.0,0.0,0.0,0.0,0.0,0.0,0.0,0.0,0.0,0.0,0.0,0.0,0.0,0.0,0.0,0.0,0.0,0.0,0.0,0.0,0.0,0.0
Cd132,21.289038333304404,1.968502054627852e-30,1.820185711729422e-61,1.683044230202892e-92,1.5562356426410278e-123,1.4389814194807977e-154,1.3305616892933538e-185,1.2303108192001284e-216,1.137613328281516e-247,1.0519001088888553e-278,9.7264493266078e-310,0.0,0.0,0.0,0.0,0.0,0.0,0.0,0.0,0.0,0.0,0.0,0.0,0.0,0.0,0.0,0.0,0.0,0.0,0.0,0.0,0.0,0.0,0.0,0.0,0.0,0.0,0.0,0.0,0.0,0.0,0.0,0.0,0.0
Ce153,617977171738.6091,520425097.5556663,438011.94911977346,368.6495295095716,0.310271160137839,0.0002611374357139417,2.197843985917291e-07,1.8497991960541075e-10,1.5568698632147532e-13,1.3103280486642763e-16,1.1028279470777405e-19,9.281870155305807e-23,7.812017623260647e-26,6.574927070192816e-29,5.533738921637341e-32,4.657430588343537e-35,3.919892136656829e-38,3.299148333306444e-41,2.776703885133347e-44,2.3369923649317976e-47,1.966912403944447e-50,1.6554373316933927e-53,1.3932866322203235e-56,1.1726494276519032e-59,9.869517501800642e-63,8.306606682390696e-66,6.991194307457194e-69,5.884087174638534e-72,4.952298613960054e-75,4.168065637698052e-78,3.5080217318049205e-81,2.9525006419073805e-84,2.4849504099218796e-87,2.0914402022895905e-90,1.7602452355943111e-93,1.481497432267225e-96,1.2468913975349224e-99,1.0494369570842133e-102,8.83250882211118e-106,7.433815968271786e-109,6.256616434029637e-112,5.265835120165107e-115,4.431951327868941e-118,3.7301191785099786e-121
Ce154,33047729489.68843,4314820.320167023,563.2545475303872,0.0735269748848668,9.598175566311196e-06,1.2529411735759356e-09,1.6355833185130793e-13,2.1350825148185833e-17,2.7871263380383963e-21,3.6383011758434875e-25,4.74942067228304e-29,6.199870662735885e-33,8.093281030879035e-37,1.0564929723208451e-40,1.3791407913609831e-44,1.8003236862215227e-48,2.350133790163482e-52,3.06785322769373e-56,4.0047606932268055e-60,5.2277951452296674e-64,6.824338374752192e-68,8.908458147142908e-72,1.1629057968902174e-75,1.518051575372325e-79,1.9816571485436913e-83,2.586845610572331e-87,3.376855687602207e-91,4.4081310025952697e-95,5.75435278664198e-99,7.511704160706523e-103,9.805742103431852e-107,1.280036808451366e-110,1.6709538285908123e-114,2.1812550067683294e-118,2.847399684624695e-122,3.716981709540177e-126,4.8521298585720804e-130,6.333946735336292e-134,8.268303284422758e-138,1.0793402922351291e-141,1.4089655717358538e-145,1.8392568095701916e-149,2.4009569001622976e-153,3.134197468478616e-157
Ce155,923354076.8026536,375.0394657035353,0.00015232877394547666,6.187096957437182e-11,2.5129965776807306e-17,1.0206970802104462e-23,4.1457379560446445e-30,1.6838632669200536e-36,6.839302270778014e-43,2.777901060614452e-49,1.1282926235814785e-55,4.5827558888896815e-62,1.861365668640874e-68,7.56025901531124e-75,3.070730127967281e-81,1.2472302205135168e-87,5.065841536494573e-94,2.0575792705141249e-100,8.357214539677438e-107,3.3944274158994814e-113,1.3787054798110693e-119,5.599851071074892e-126,2.2744764909845598e-132,9.238180162974283e-139,3.7522468604029584e-145,1.524040043929056e-151,6.19015257234393e-158,2.5142376685923777e-164,1.0212011707774783e-170,4.147785407181267e-177,1.6846948746570404e-183,6.842679989619988e-190,2.779272979617601e-196,1.1288498522435626e-202,4.5850191696018414e-209,1.8622849392977134e-215,7.563992792283698e-222,3.0722466661463526e-228,1.247846188758423e-234,5.068343398194909e-241,2.0585954449710652e-247,8.36134190821585e-254,3.396103818109304e-260,1.3793863796005969e-266
Ce156,20738024.2184823,0.14413614913192668,1.0017940604035732e-09,6.962801112032617e-18,4.8393777964896495e-26,3.363528137646353e-34,2.3377636565066518e-42,1.624823307560499e-50,1.129306109898594e-58,7.849052164133909e-67,5.455351683240885e-75,3.791650426765014e-83,2.635322852411694e-91,1.831636821638283e-99,1.2730483641922607e-107,8.848108524718458e-116,6.149729002233882e-124,4.274265702693774e-132,2.970756482210517e-140,2.0647743239344654e-148,1.435086663719655e-156,9.974328470249686e-165,6.932489232013958e-173,4.818310034137697e-181,3.3488853437897877e-189,2.3275864289328877e-197,1.6177497967194113e-205,1.1243897851670947e-213,7.81488207602836e-222,5.4316023382543875e-230,3.775143844003341e-238,2.6238502297089266e-246,1.8236629682017237e-254,1.2675062714838162e-262,8.809589141545234e-271,6.122956752867052e-279,4.2556581010887245e-287,2.9578235817004345e-295,2.055785528970245e-303,1.4288391529743e-311,9.9307e-320,0.0,0.0,0.0
Ce157,165918.76098283744,6.631709491697691e-08,2.6506689491746206e-20,1.0594622528194983e-32,4.234630150622484e-45,1.6925654939417773e-57,6.76511961938695e-70,2.7039924675546163e-82,1.0807754594078651e-94,4.3198182231426325e-107,1.7266148410900302e-119,6.901213559175072e-132,2.758388695377748e-144,1.1025174238626603e-156,4.406720024475356e-169,1.761349159097833e-181,7.040045301321355e-194,2.813879212344404e-206,1.1246967715076833e-218,4.495370029710366e-231,1.7967822275268382e-243,7.181669922207293e-256,2.8704860322738555e-268,1.147322301182402e-280,4.585803407472898e-293,1.8329281031422018e-305,7.326144e-318,0.0,0.0,0.0,0.0,0.0,0.0,0.0,0.0,0.0,0.0,0.0,0.0,0.0,0.0,0.0,0.0,0.0
Cl43,0.0,0.0,0.0,0.0,0.0,0.0,0.0,0.0,0.0,0.0,0.0,0.0,0.0,0.0,0.0,0.0,0.0,0.0,0.0,0.0,0.0,0.0,0.0,0.0,0.0,0.0,0.0,0.0,0.0,0.0,0.0,0.0,0.0,0.0,0.0,0.0,0.0,0.0,0.0,0.0,0.0,0.0,0.0,0.0
Cl44,0.0,0.0,0.0,0.0,0.0,0.0,0.0,0.0,0.0,0.0,0.0,0.0,0.0,0.0,0.0,0.0,0.0,0.0,0.0,0.0,0.0,0.0,0.0,0.0,0.0,0.0,0.0,0.0,0.0,0.0,0.0,0.0,0.0,0.0,0.0,0.0,0.0,0.0,0.0,0.0,0.0,0.0,0.0,0.0
Cl45,0.0,0.0,0.0,0.0,0.0,0.0,0.0,0.0,0.0,0.0,0.0,0.0,0.0,0.0,0.0,0.0,0.0,0.0,0.0,0.0,0.0,0.0,0.0,0.0,0.0,0.0,0.0,0.0,0.0,0.0,0.0,0.0,0.0,0.0,0.0,0.0,0.0,0.0,0.0,0.0,0.0,0.0,0.0,0.0
Cl46,0.0,0.0,0.0,0.0,0.0,0.0,0.0,0.0,0.0,0.0,0.0,0.0,0.0,0.0,0.0,0.0,0.0,0.0,0.0,0.0,0.0,0.0,0.0,0.0,0.0,0.0,0.0,0.0,0.0,0.0,0.0,0.0,0.0,0.0,0.0,0.0,0.0,0.0,0.0,0.0,0.0,0.0,0.0,0.0
Cl47,0.0,0.0,0.0,0.0,0.0,0.0,0.0,0.0,0.0,0.0,0.0,0.0,0.0,0.0,0.0,0.0,0.0,0.0,0.0,0.0,0.0,0.0,0.0,0.0,0.0,0.0,0.0,0.0,0.0,0.0,0.0,0.0,0.0,0.0,0.0,0.0,0.0,0.0,0.0,0.0,0.0,0.0,0.0,0.0
Co66,10176559.54562384,1.666545317560796,2.400083313377017e-07,3.456491609313521e-14,4.977883133750209e-21,7.168922507003027e-28,1.0324358473377025e-34,1.486867486469078e-41,2.1413194127457957e-48,3.0838315244156453e-55,4.441194907388949e-62,6.396008358191709e-69,9.211242418115174e-76,1.326561538597995e-82,1.9104540254272962e-89,2.751349618600255e-96,3.962369480248895e-103,5.70642559995536e-110,8.218136468631501e-117,1.1835389042412002e-123,1.7044792857835296e-130,2.4547140995992603e-137,3.535168400712771e-144,5.091189895979472e-151,7.332101789464215e-158,1.0559361907423363e-164,1.5207116198545198e-171,2.1900602053754752e-178,3.154025813012543e-185,4.542285552119742e-192,6.541594539864892e-199,9.420909062843981e-206,1.3567567819972062e-212,1.953939851468768e-219,2.8139759416110684e-226,4.052561082683086e-233,5.836315473072168e-240,8.405197998562862e-247,1.2104786610833632e-253,1.743276707090902e-260,2.510588393822508e-267,3.615636036182986e-274,5.2070757509720396e-281,7.498995364861115e-288
Co67,72458179.2095511,35.08364478538882,4.5865990429785695e-06,4.768401156082719e-13,4.50722755697712e-20,4.052796169754865e-27,3.5389236316580173e-34,3.034095567664286e-41,2.5704791757209263e-48,2.1604830685477977e-55,1.8061383716683975e-62,1.5043535019660997e-69,1.2498071908510267e-76,1.0364980971901687e-83,8.58537275567023e-91,7.105198275002347e-98,5.8766769029535926e-105,4.858522927703552e-112,4.0155797147855603e-119,3.318196634364278e-126,2.741528199358628e-133,2.2648471121695783e-140,1.8709141583944926e-147,1.5454213770790306e-154,1.2765110301920806e-161,1.0543660436225486e-168,8.708646244619946e-176,7.19290869776966e-183,5.940933535502759e-190,4.906843460164218e-197,4.05273176186081e-204,3.347281329609988e-211,2.7646213366786277e-218,2.283381368554298e-225,1.885909286330636e-232,1.5576247078822591e-239,1.286484722432832e-246,1.0625424311094824e-253,8.775822300627554e-261,7.248185208989499e-268,5.98646832706559e-275,4.944382468845152e-282,4.08369595417166e-289,3.372832103263828e-296
Co68,89280940.83440499,2.2327922412881702e-07,1.7911984032038266e-22,1.3466032320894987e-37,1.0056536814657395e-52,7.504984458995333e-68,5.6003900359968004e-83,4.1791045383697675e-98,3.1185148719734704e-113,2.3270856271703323e-128,1.7365084615049289e-143,1.2958103468448096e-158,9.66954375416305e-174,7.215567975684417e-189,5.384372058840887e-204,4.017904420791287e-219,2.9982244462670296e-234,2.237322964597269e-249,1.6695261270871841e-264,1.2458270590041834e-279,9.296560477642407e-295,6.93724189804845e-310,0.0,0.0,0.0,0.0,0.0,0.0,0.0,0.0,0.0,0.0,0.0,0.0,0.0,0.0,0.0,0.0,0.0,0.0,0.0,0.0,0.0,0.0
Co68_m1,0.0,0.0,0.0,0.0,0.0,0.0,0.0,0.0,0.0,0.0,0.0,0.0,0.0,0.0,0.0,0.0,0.0,0.0,0.0,0.0,0.0,0.0,0.0,0.0,0.0,0.0,0.0,0.0,0.0,0.0,0.0,0.0,0.0,0.0,0.0,0.0,0.0,0.0,0.0,0.0,0.0,0.0,0.0,0.0
Co69,117472147.37493601,2.617046877241257e-06,5.427875539921541e-20,1.1257663411797767e-33,2.334891147765009e-47,4.842671585116082e-61,1.0043923505272941e-74,2.083155911084899e-88,4.320561130926323e-102,8.961042419695562e-116,1.858561395481678e-129,3.8547417800217944e-143,7.994911670267753e-157,1.6581814363457087e-170,3.4391445324741554e-184,7.132943872120974e-198,1.4794053521858037e-211,3.068354714846808e-225,6.3639087436126855e-239,1.3199039309590373e-252,2.7375414342791643e-266,5.677786790853801e-280,1.1775990835690273e-293,2.442394638446934e-307,5.064e-321,0.0,0.0,0.0,0.0,0.0,0.0,0.0,0.0,0.0,0.0,0.0,0.0,0.0,0.0,0.0,0.0,0.0,0.0,0.0
Co70,75280275.05255635,4.08226335339527e-18,2.061876898657727e-43,1.0414164698889031e-68,5.260004922999529e-94,2.6567326895579795e-119,1.3418672961509336e-144,6.777527327293874e-170,3.4232056183183562e-195,1.7289988131947872e-220,8.732858114136708e-246,4.410807587584607e-271,2.2278185813187386e-296,1.126e-321,0.0,0.0,0.0,0.0,0.0,0.0,0.0,0.0,0.0,0.0,0.0,0.0,0.0,0.0,0.0,0.0,0.0,0.0,0.0,0.0,0.0,0.0,0.0,0.0,0.0,0.0,0.0,0.0,0.0,0.0
Co70_m1,0.0,0.0,0.0,0.0,0.0,0.0,0.0,0.0,0.0,0.0,0.0,0.0,0.0,0.0,0.0,0.0,0.0,0.0,0.0,0.0,0.0,0.0,0.0,0.0,0.0,0.0,0.0,0.0,0.0,0.0,0.0,0.0,0.0,0.0,0.0,0.0,0.0,0.0,0.0,0.0,0.0,0.0,0.0,0.0
Co71,53118067.37568871,4.191465945411039e-31,3.2908129597182806e-69,2.5836903071380113e-107,2.0285126152445586e-145,1.5926302849989812e-183,1.2504093914102377e-221,9.817241709226501e-260,7.707734397986222e-298,0.0,0.0,0.0,0.0,0.0,0.0,0.0,0.0,0.0,0.0,0.0,0.0,0.0,0.0,0.0,0.0,0.0,0.0,0.0,0.0,0.0,0.0,0.0,0.0,0.0,0.0,0.0,0.0,0.0,0.0,0.0,0.0,0.0,0.0,0.0
Co72,20757757.380208444,-3.3717619857339414e-40,5.476879623153685e-87,-8.896306710678458e-134,1.4450601736659152e-180,-2.347267702232074e-227,3.8127525059071114e-274,-6.196e-321,0.0,0.0,0.0,0.0,0.0,0.0,0.0,0.0,0.0,0.0,0.0,0.0,0.0,0.0,0.0,0.0,0.0,0.0,0.0,0.0,0.0,0.0,0.0,0.0,0.0,0.0,0.0,0.0,0.0,0.0,0.0,0.0,0.0,0.0,0.0,0.0
Co73,7852117.391601984,4.781379925438638e-41,2.911519638746946e-88,1.7729079761487982e-135,1.079574614597453e-182,6.573840064809588e-230,4.0030001273987505e-277,0.0,0.0,0.0,0.0,0.0,0.0,0.0,0.0,0.0,0.0,0.0,0.0,0.0,0.0,0.0,0.0,0.0,0.0,0.0,0.0,0.0,0.0,0.0,0.0,0.0,0.0,0.0,0.0,0.0,0.0,0.0,0.0,0.0,0.0,0.0,0.0,0.0
Co74,1057476.805801408,2.1068137897244533e-41,4.1974105911564214e-88,8.362512034372328e-135,1.6660654469296267e-181,3.319306521824534e-228,6.613063013899875e-275,1.32e-321,-0.0,-0.0,-0.0,-0.0,-0.0,-0.0,-0.0,-0.0,-0.0,-0.0,-0.0,-0.0,-0.0,-0.0,-0.0,-0.0,-0.0,-0.0,-0.0,-0.0,-0.0,-0.0,-0.0,-0.0,-0.0,-0.0,-0.0,-0.0,-0.0,-0.0,-0.0,-0.0,-0.0,-0.0,-0.0,-0.0
Co75,134752.38433000128,-4.718408280383228e-43,1.6521694076942572e-90,-5.78513682902212e-138,2.0256886475833194e-185,-7.09302928906105e-233,2.4836523892998506e-280,-0.0,-0.0,-0.0,-0.0,-0.0,-0.0,-0.0,-0.0,-0.0,-0.0,-0.0,-0.0,-0.0,-0.0,-0.0,-0.0,-0.0,-0.0,-0.0,-0.0,-0.0,-0.0,-0.0,-0.0,-0.0,-0.0,-0.0,-0.0,-0.0,-0.0,-0.0,-0.0,-0.0,-0.0,-0.0,-0.0,-0.0
Cr60,0.0,0.0,0.0,0.0,0.0,0.0,0.0,0.0,0.0,0.0,0.0,0.0,0.0,0.0,0.0,0.0,0.0,0.0,0.0,0.0,0.0,0.0,0.0,0.0,0.0,0.0,0.0,0.0,0.0,0.0,0.0,0.0,0.0,0.0,0.0,0.0,0.0,0.0,0.0,0.0,0.0,0.0,0.0,0.0
Cr61,0.0,0.0,0.0,0.0,0.0,0.0,0.0,0.0,0.0,0.0,0.0,0.0,0.0,0.0,0.0,0.0,0.0,0.0,0.0,0.0,0.0,0.0,0.0,0.0,0.0,0.0,0.0,0.0,0.0,0.0,0.0,0.0,0.0,0.0,0.0,0.0,0.0,0.0,0.0,0.0,0.0,0.0,0.0,0.0
Cr62,0.0,0.0,0.0,0.0,0.0,0.0,0.0,0.0,0.0,0.0,0.0,0.0,0.0,0.0,0.0,0.0,0.0,0.0,0.0,0.0,0.0,0.0,0.0,0.0,0.0,0.0,0.0,0.0,0.0,0.0,0.0,0.0,0.0,0.0,0.0,0.0,0.0,0.0,0.0,0.0,0.0,0.0,0.0,0.0
Cr63,0.0,0.0,0.0,0.0,0.0,0.0,0.0,0.0,0.0,0.0,0.0,0.0,0.0,0.0,0.0,0.0,0.0,0.0,0.0,0.0,0.0,0.0,0.0,0.0,0.0,0.0,0.0,0.0,0.0,0.0,0.0,0.0,0.0,0.0,0.0,0.0,0.0,0.0,0.0,0.0,0.0,0.0,0.0,0.0
Cr64,0.0,0.0,0.0,0.0,0.0,0.0,0.0,0.0,0.0,0.0,0.0,0.0,0.0,0.0,0.0,0.0,0.0,0.0,0.0,0.0,0.0,0.0,0.0,0.0,0.0,0.0,0.0,0.0,0.0,0.0,0.0,0.0,0.0,0.0,0.0,0.0,0.0,0.0,0.0,0.0,0.0,0.0,0.0,0.0
Cr65,0.0,0.0,0.0,0.0,0.0,0.0,0.0,0.0,0.0,0.0,0.0,0.0,0.0,0.0,0.0,0.0,0.0,0.0,0.0,0.0,0.0,0.0,0.0,0.0,0.0,0.0,0.0,0.0,0.0,0.0,0.0,0.0,0.0,0.0,0.0,0.0,0.0,0.0,0.0,0.0,0.0,0.0,0.0,0.0
Cr66,802.719175631941,1.6315356312131116e-44,3.316114273490947e-91,6.740039055520935e-138,1.3699204165881925e-184,2.784378446958597e-231,5.659280088106095e-278,0.0,0.0,0.0,0.0,0.0,0.0,0.0,0.0,0.0,0.0,0.0,0.0,0.0,0.0,0.0,0.0,0.0,0.0,0.0,0.0,0.0,0.0,0.0,0.0,0.0,0.0,0.0,0.0,0.0,0.0,0.0,0.0,0.0,0.0,0.0,0.0,0.0
Cs141,1057782186004207.8,1161361777096163.2,885200275370693.0,669779847240745.2,506694693634693.4,383317637194922.5,289982109363043.94,219373217889518.16,165957164840556.94,125547597955861.62,94977516443050.95,71851065066664.33,54355764864724.984,41120464551054.37,31107879892825.277,23533299100377.758,17803082963412.535,13468139832424.184,10188729161039.729,7707835173132.149,5831023881108.887,4411204798538.209,3337103083677.6562,2524538646399.1143,1909828739883.866,1444796981376.756,1092997646229.9551,826859323533.357,625524074340.2284,473212741808.5703,357988298445.8673,270820310827.5779,204877201503.9383,154990840856.13202,117251507600.41515,88701473962.13895,67103201008.46331,50763977016.934395,38403255341.7359,29052294707.930042,21978236487.653656,16626668700.81628,12578175334.586021,9515465641.040937
Cs142,826182276100978.5,20952146978467.68,368397523775.19214,6103279590.113118,99874840.6220966,1630011.6967049427,26587.19268617366,433.6096431243522,7.071528171584239,0.11532540019078108,0.0018807717155617108,3.067235150679505e-05,5.002165222902273e-07,8.157723597217995e-09,1.3303929622316614e-10,2.1696560464148385e-12,3.53835858478765e-14,5.770491361903356e-16,9.410739403498159e-18,1.5347396012946264e-19,2.5029124097365188e-21,4.0818458880764745e-23,6.656831373400135e-25,1.0856216807040274e-26,1.7704736195122402e-28,2.88735651940554e-30,4.708812138330786e-32,7.679312064537287e-34,1.252371767064223e-35,2.0424160781048686e-37,3.330850747202568e-39,5.432079593906463e-41,8.858844467683517e-43,1.4447344510681014e-44,2.3561285466939006e-46,3.8424651149156003e-48,6.266439995415713e-50,1.0219551522722991e-51,1.666643794594593e-53,2.7180268448028195e-55,4.4326627879509263e-57,7.228957075701834e-59,1.1789261421913103e-60,1.922638126340164e-62
Cs143,508793562722534.25,11088947008068.932,231260413464.13187,4822907254.565517,100581042.47435857,2097603.0678518726,43745.20753714476,912.2999528056025,19.025883076414996,0.3967820295479223,0.008274831624871666,0.0001725704122688583,3.598930895600514e-06,7.505518136636699e-08,1.5652649115393134e-09,3.264337249865162e-11,6.807727945794187e-13,1.4197417802300157e-14,2.960850872097457e-16,6.174811510710038e-18,1.2877479765060653e-19,2.6855797106020144e-21,5.600737499557804e-23,1.1680256748708192e-24,2.4359005885656092e-26,5.080035315174494e-28,1.0594339902276736e-29,2.2094342066816467e-31,4.6077429633967994e-33,9.609381058972576e-35,2.004022469787861e-36,4.1793597680931575e-38,8.71599412406024e-40,1.8177079214530859e-41,3.7908034822930075e-43,7.905665630745114e-45,1.648715090536409e-46,3.4383713867067305e-48,7.170673611701554e-50,1.4954335719621492e-51,3.118705004927439e-53,6.504014013138414e-55,1.356402680480038e-56,2.8287580990706524e-58
Cs144,151402628584146.16,162260473365.74524,201320530.8506916,307584.8192593488,575.1696110115399,1.2311165167664364,0.0028230582494060898,6.671837959345175e-06,1.5963153252210103e-08,3.8380423249792104e-11,9.245483363427188e-14,2.228806072283307e-16,5.374529327656675e-19,1.2961562099557228e-21,3.1260303309915534e-24,7.539393021547171e-27,1.8183707399276882e-29,4.385605817470594e-32,1.0577357538833358e-34,2.5510850776798537e-37,6.1527995272490806e-40,1.4839545945092574e-42,3.579055807768151e-45,8.632097393436631e-48,2.0819207541081403e-50,5.021252465713048e-53,1.2110439980772495e-55,2.920840120239877e-58,7.044588819404725e-61,1.6990396458911862e-63,4.097805837002155e-66,9.883237697515376e-69,2.3836753441012084e-71,5.749035204838098e-74,1.386573296076903e-76,3.3441880887697705e-79,8.065634903479198e-82,1.945299267546716e-84,4.691743781615334e-87,1.1315718912538792e-89,2.7291663924474347e-92,6.582303126504078e-95,1.5875438950547581e-97,3.828896315299571e-100
Cs144_m1,0.0,0.0,0.0,0.0,0.0,0.0,0.0,0.0,0.0,0.0,0.0,0.0,0.0,0.0,0.0,0.0,0.0,0.0,0.0,0.0,0.0,0.0,0.0,0.0,0.0,0.0,0.0,0.0,0.0,0.0,0.0,0.0,0.0,0.0,0.0,0.0,0.0,0.0,0.0,0.0,0.0,0.0,0.0,0.0
Cs145,27393823626430.12,204155946.1085028,1519.437092496926,0.011308458571980418,8.416356024522937e-08,6.263899565148054e-13,4.6619270439532124e-18,3.469653933161144e-23,2.5823009031244325e-28,1.9218856066725668e-33,1.430369435516242e-38,1.0645569720464772e-43,7.922998902194424e-49,5.896716967951387e-54,4.388650235770599e-59,3.26626680517458e-64,2.4309293904603217e-69,1.809226880070481e-74,1.3465228222649991e-79,1.0021538651967556e-84,7.4585618076597715e-90,5.5510581928214177e-95,4.131392600171831e-100,3.0748019970007288e-105,2.2884311019888174e-110,1.70317207861125e-115,1.2675912011683285e-120,9.434087567884055e-126,7.021349482110017e-131,5.225661538032955e-136,3.889215111661221e-141,2.894560635947295e-146,2.1542858995003925e-151,1.6033340877888992e-156,1.1932864610319545e-161,8.881072191547181e-167,6.609766040860201e-172,4.919339261366557e-177,3.6612337893389417e-182,2.7248848164364034e-187,2.0280041346898723e-192,1.509348485305125e-197,1.1233373794088703e-202,8.360473941325012e-208
Cs146,2764469085183.662,1321.6739926972487,1.6906291832609916e-06,8.61053349043175e-15,5.853073578275927e-23,4.062570323779888e-31,2.8233903509589968e-39,1.9623403039651323e-47,1.3638912160614761e-55,9.479496316913412e-64,6.588564459956656e-72,4.579270905940608e-80,3.182745218434638e-88,2.212113529331616e-96,1.5374923001407545e-104,1.0686081621255593e-112,7.427181287716518e-121,5.162137426583211e-129,3.5878567896279163e-137,2.4936795127904072e-145,1.7331900009184836e-153,1.2046245573563788e-161,8.372540364397711e-170,5.819193351603794e-178,4.044532458433331e-186,2.811084254970211e-194,1.9537968281264306e-202,1.3579536219334512e-210,9.438228237326481e-219,6.559881782489372e-227,4.559335493716068e-235,3.1688894455001294e-243,2.2024833074123125e-251,1.5307989763790207e-259,1.0639560800287039e-267,7.394847773596664e-276,5.1396645614537285e-284,3.5722374027200856e-292,2.482823520642949e-300,1.7256447261774757e-308,1.1993803e-316,0.0,0.0,0.0
Cs147,808960243402.2909,0.06610381587702484,5.394681995009557e-15,4.402558829799e-28,3.592894681794266e-41,2.9321339460794616e-54,2.3928921494180932e-67,1.9528210320687585e-80,1.5936823497111938e-93,1.300592010262395e-106,1.0614032196973993e-119,8.662030720584844e-133,7.069017204012857e-146,5.768971023374037e-159,4.708013251069294e-172,3.842173705230437e-185,3.1355686558042977e-198,2.558913664386944e-211,2.0883099241552388e-224,1.7042538011418463e-237,1.3908285284241757e-250,1.135044553917095e-263,9.263012032378584e-277,7.559473468761978e-290,6.169228640226886e-303,5.03466045e-316,0.0,0.0,0.0,0.0,0.0,0.0,0.0,0.0,0.0,0.0,0.0,0.0,0.0,0.0,0.0,0.0,0.0,0.0
Cs148,4724606600.744272,1.1372941328239058e-11,2.737662738632932e-32,6.590025442133922e-53,1.586332557152694e-73,3.818575518378811e-94,9.191968559060758e-115,2.2126650522976402e-135,5.326265643971686e-156,1.2821238208057988e-176,3.086292726946826e-197,7.429237833221457e-218,1.7883454249386883e-238,4.30485526334583e-259,1.0362527607881811e-279,2.4944387640260232e-300,6.003e-321,0.0,0.0,0.0,0.0,0.0,0.0,0.0,0.0,0.0,0.0,0.0,0.0,0.0,0.0,0.0,0.0,0.0,0.0,0.0,0.0,0.0,0.0,0.0,0.0,0.0,0.0,0.0
Cs149,129282634.96431094,2.627987748371586e-39,5.342031903586858e-86,1.085899463443952e-132,2.2073579229583555e-179,4.486998257273252e-226,9.120928305904348e-273,1.85403e-319,0.0,0.0,0.0,0.0,0.0,0.0,0.0,0.0,0.0,0.0,0.0,0.0,0.0,0.0,0.0,0.0,0.0,0.0,0.0,0.0,0.0,0.0,0.0,0.0,0.0,0.0,0.0,0.0,0.0,0.0,0.0,0.0,0.0,0.0,0.0,0.0
Cs150,709546.7454409052,1.4423283950163915e-41,2.931887451302292e-88,5.959782846129258e-135,1.2114725467118336e-181,2.4626161209710758e-228,5.0058733693360815e-275,1.02e-321,-0.0,0.0,0.0,0.0,0.0,0.0,0.0,0.0,0.0,0.0,0.0,0.0,0.0,0.0,0.0,0.0,0.0,0.0,0.0,0.0,0.0,0.0,0.0,0.0,0.0,0.0,0.0,0.0,0.0,0.0,0.0,0.0,0.0,0.0,0.0,0.0
Cs151,3376.4784245112683,6.86352342269805e-44,1.3951800619233668e-90,2.836046860059061e-137,5.764963255970523e-184,1.1718706700776603e-230,2.3821155598277375e-277,5e-324,0.0,0.0,0.0,0.0,0.0,0.0,0.0,0.0,0.0,0.0,0.0,0.0,0.0,0.0,0.0,0.0,0.0,0.0,0.0,0.0,0.0,0.0,0.0,0.0,0.0,0.0,0.0,0.0,0.0,0.0,0.0,0.0,0.0,0.0,0.0,0.0
Cu73,17085650853.609825,3903064584.509797,749481848.6011577,143887531.23971343,27623905.298392717,5303309.724322402,1018143.2975631385,195465.81818869506,37526.03997062275,7204.347486051758,1383.1095085016243,265.53298771489324,50.977718778885,9.786836032174563,1.878902426688098,0.3607166113142717,0.06925132025477507,0.013295049927299183,0.0025524185231283027,0.0004900199963770967,9.407532294316435e-05,1.806082701174096e-05,3.4673648959472783e-06,6.656737985382298e-07,1.277978001618016e-07,2.4534956553886064e-08,4.710285250129074e-09,9.042929050579206e-10,1.736085215042306e-10,3.332981887871213e-11,6.398745965132152e-12,1.2284480175332146e-12,2.358406694068715e-13,4.527730970494841e-14,8.692456560921241e-15,1.6688005881066014e-15,3.203807097967011e-16,6.150752818603469e-17,1.1808376434263114e-17,2.2670030502854754e-18,4.352251860036807e-19,8.355567166444054e-20,1.6041236793765776e-20,3.0796386738062094e-21
Cu74,24730881151.200726,523852318.41571134,9979784.207502393,190085.9029239565,3620.5829891697035,68.96156406226117,1.3135170032373944,0.025018674405876996,0.00047653290173218935,9.076564279519033e-06,1.728821217187236e-07,3.2929010459838156e-09,6.272017714060111e-11,1.1946367551330644e-12,2.275435181752709e-14,4.3340414934590567e-16,8.255087122523976e-18,1.572353737344416e-19,2.994876054784814e-21,5.704366880363623e-23,1.0865157993367251e-24,2.069496242031809e-26,3.9417877755650413e-28,7.507958000609484e-30,1.4300473934276087e-31,2.723823904293398e-33,5.188091454659683e-35,9.881803628893296e-37,1.8821958674669158e-38,3.5850350973897014e-40,6.828448022687993e-42,1.3006205276065963e-43,2.4773034095172972e-45,4.718541690326386e-47,8.987448044438948e-49,1.7118471691600606e-50,3.2605704267459272e-52,6.210437297966558e-54,1.18290747887531e-55,2.2530943256399925e-57,4.291488667446525e-59,8.174036378876688e-61,1.5569159305960607e-62,2.9654715278829164e-64
Cu75,36614798621.56229,130641576.17583945,453645.4546966857,1575.1476113897138,5.469226000825256,0.01899024117849831,6.593789687289954e-05,2.2894950112291992e-07,7.949582341922959e-10,2.7602532043555004e-12,9.584148480323582e-15,3.3278070992887974e-17,1.1554808560001592e-19,4.0120594996873426e-22,1.3930669076380817e-24,4.837005556142822e-27,1.6795045967910517e-29,5.831574220666428e-32,2.0248386313510096e-34,7.030642718190234e-37,2.441179077952537e-39,8.476259610255387e-42,2.9431260340272194e-44,1.0219119340904436e-46,3.548281619484369e-49,1.2320339973695166e-51,4.277867242383341e-54,1.4853606460965034e-56,5.1574677846782e-59,1.7907754604847178e-61,6.217928804909342e-64,2.1589886323579773e-66,7.496438220667172e-69,2.6029125468300142e-71,9.037830402932525e-74,3.138114589813985e-76,1.0896158413868957e-78,3.7833630602751513e-81,1.3136589522813359e-83,4.561285331108012e-86,1.5837690471830645e-88,5.499161338819022e-91,1.9094182629815192e-93,6.629880227864592e-96
Cu76,29998209430.531013,742065.208442839,18.217470649854388,0.0004472332526584216,1.0979437602938065e-08,2.695417868869423e-13,6.6171672453208514e-18,1.6244940295996969e-22,3.988082444298417e-27,9.790618674320672e-32,2.403566510090535e-36,5.900681213927103e-41,1.448598931721708e-45,3.5562654359846187e-50,8.730521315618722e-55,2.143315897379562e-59,5.26177403374726e-64,1.2917492011357904e-68,3.171204213508615e-73,7.785207960595161e-78,1.911244401465272e-82,4.692045711073204e-87,1.1518826654467757e-91,2.827836207617176e-96,6.942250158794652e-101,1.7043008763189622e-105,4.1840057770633506e-110,1.0271604377925138e-114,2.521647008113427e-119,6.190565173239133e-124,1.519764544395638e-128,3.73097480725426e-133,9.159427401895062e-138,2.248611010920415e-142,5.520270270810172e-147,1.3552092253749595e-151,3.326996604229403e-156,8.167673446505243e-161,2.0051384916937186e-165,4.922552789609961e-170,1.2084714381014515e-174,2.96675988887202e-179,7.283303486301362e-184,1.7880284101366272e-188
Cu77,16113644130.170776,6150.975855384809,0.0023463565519979395,8.950431929080045e-10,3.4142394790289272e-16,1.3023987347790343e-22,4.9681414404957664e-29,1.8951515164792426e-35,7.22926131115778e-42,2.757680251449971e-48,1.0519470858661287e-54,4.012766421634278e-61,1.5307133382414946e-67,5.839072294958442e-74,2.227377550973703e-80,8.49657360616208e-87,3.241110291938213e-93,1.2363567258323133e-99,4.716217023878872e-106,1.7990522113551878e-112,6.862680073445921e-119,2.617843856515706e-125,9.986049741141297e-132,3.8092871423307497e-138,1.4530939569571928e-144,5.5429847340244895e-151,2.114431734749392e-157,8.06572952198855e-164,3.076760136197458e-170,1.1736635737519648e-176,4.4770671855319096e-183,1.7078259078698e-189,6.51468742979068e-196,2.4850982826938294e-202,9.47967733096021e-209,3.616125886244978e-215,1.3794104977037757e-221,5.2619111751975974e-228,2.0072131727110583e-234,7.656732671002387e-241,2.920743844860894e-247,1.1141494647711124e-253,4.250044152395968e-260,1.6212255059536325e-266
Cu78,3943986272.093522,4.075329439777837,4.209133515683081e-09,4.34733074090138e-18,4.49006535439375e-27,4.63748633087597e-36,4.789747536306238e-45,4.947007888477862e-54,5.109431522884648e-63,5.277187964032126e-72,5.450452302373338e-81,5.629405377053951e-90,5.814233964657346e-99,6.005130974146781e-108,6.202295648207948e-117,6.405933771202191e-126,6.616257883947444e-135,6.833487505550889e-144,7.057849362525099e-153,7.289577625426595e-162,7.528914153263928e-171,7.776108745930353e-180,8.031419404924487e-189,8.295112602631203e-198,8.567463560443702e-207,8.848756536017096e-216,9.139285119953306e-225,9.43935254222691e-234,9.74927198867178e-243,1.0069366927858894e-251,1.0399971448706267e-260,1.0741430609173765e-269,1.109410079640631e-278,1.1458350098701646e-287,1.18345586896908e-296,1.2223119225132254e-305,1.2624437254e-314,1.5e-323,0.0,0.0,0.0,0.0,0.0,0.0
Cu79,6.8768110636511155,6.685798455978433e-16,6.500091478481177e-32,6.319542760198313e-48,6.144009023594012e-64,5.973350970857274e-80,5.807433173359748e-96,5.646123964184037e-112,5.489295333637165e-128,5.336822827666237e-144,5.188585449095829e-160,5.044465561608606e-176,4.90434879639297e-192,4.768123961383758e-208,4.635682953023852e-224,4.506920670476748e-240,4.381734932221991e-256,4.260026394967255e-272,4.141698474812774e-288,4.0266572706055545e-304,3.915e-320,0.0,0.0,0.0,0.0,0.0,0.0,0.0,0.0,0.0,0.0,0.0,0.0,0.0,0.0,0.0,0.0,0.0,0.0,0.0,0.0,0.0,0.0,0.0
Cu80,18949271.42454677,3.714887897536348e-11,7.282808812050194e-29,1.4277497909977541e-46,2.7990154874329002e-64,5.487297388020796e-82,1.0757508402425995e-99,2.1089432346222114e-117,4.134453258577773e-135,8.105340848790767e-153,1.5890021283654706e-170,3.115140758487275e-188,6.107041502311132e-206,1.1972478549913647e-223,2.347130645401666e-241,4.6014050003233095e-259,9.020770964957096e-277,1.7684665617674456e-294,3.46696972159e-312,0.0,0.0,0.0,0.0,0.0,0.0,0.0,0.0,0.0,0.0,0.0,0.0,0.0,0.0,0.0,0.0,0.0,0.0,0.0,0.0,0.0,0.0,0.0,0.0,0.0
Cu81,0.01571381446521401,-1.7362977657885507e-50,1.9185220355990346e-98,-2.1198707235603626e-146,2.3423509353673664e-194,-2.588180422247979e-242,2.85980968819191e-290,-0.0,-0.0,-0.0,-0.0,-0.0,-0.0,-0.0,-0.0,-0.0,-0.0,-0.0,-0.0,-0.0,-0.0,-0.0,-0.0,-0.0,-0.0,-0.0,-0.0,-0.0,-0.0,-0.0,-0.0,-0.0,-0.0,-0.0,-0.0,-0.0,-0.0,-0.0,-0.0,-0.0,-0.0,-0.0,-0.0,-0.0
Eu165,14034045.732944237,695989.9225358926,34181.15688618518,1678.6521561158588,82.43936626379545,4.048634545503333,0.19883027279209917,0.009764644581835343,0.0004795461097076725,2.3550726235704877e-05,1.1565868119902382e-06,5.6800501193958445e-08,2.7894982913847226e-09,1.36993522135786e-10,6.727813802621816e-12,3.3040597728324755e-13,1.622638691070125e-14,7.968851966320851e-16,3.9135392253746835e-17,1.921956805481662e-18,9.438816757441896e-20,4.6354455795503045e-21,2.276488279532611e-22,1.1179936853777278e-23,5.490517529925944e-25,2.696417979877849e-26,1.3242230595895414e-27,6.50331930967218e-29,3.193809512474753e-30,1.5684942898011271e-31,7.702946363987916e-33,3.782951781992012e-34,1.8578247216909986e-35,9.12386119473284e-37,4.480769478887225e-38,2.200526147254171e-39,1.0806883388144848e-40,5.3073092864945414e-42,2.606443583300899e-43,1.2800362266841894e-44,6.286315775723973e-46,3.087238095946943e-47,1.5161565853679154e-48,7.445913531490705e-50
Eu166,907291.0431420648,0.027039380167188362,8.058363249060068e-10,2.4015793946564532e-17,7.157264335919827e-25,2.1330309915303786e-32,6.356927727253405e-40,1.8945120952288608e-47,5.646086022939892e-55,1.682664758843162e-62,5.014731761345781e-70,1.4945065263944298e-77,4.453976531012177e-85,1.3273884448445438e-92,3.9559258366958887e-100,1.1789577712702484e-107,3.513567958087489e-115,1.0471248501800021e-122,3.120675236523171e-130,9.300336946616131e-138,2.7717163999724926e-145,8.26035857192429e-153,2.461778691984514e-160,7.336672222568185e-168,2.186498708298277e-175,6.516273940498493e-183,1.94200096741275e-190,5.787613890805131e-198,1.7248433502927912e-205,5.1404337593698556e-213,1.5319686410933381e-220,4.565622332970344e-228,1.3606614866764463e-235,4.0550872286452493e-243,1.2085101689831226e-250,3.6016409664843354e-258,1.0733726520789731e-265,3.198899781939324e-273,9.533464258728451e-281,2.841193753101976e-288,8.467417219585157e-296,2.523486977692008e-303,7.5205772450327e-311,2.24131e-318
Eu167,80909.51992428368,7.186208954504688e-11,6.382635712846924e-26,5.668919300958024e-41,5.035011786132491e-56,4.471988811378705e-71,3.971923955407019e-86,3.5277771418825115e-101,3.1332955269314696e-116,2.782925469563491e-131,2.471734345700153e-146,2.1953411050825066e-161,1.949854593414926e-176,1.7318187714243165e-191,1.5381640596106793e-206,1.366164123704558e-221,1.2133974924429317e-236,1.0777134673060676e-251,9.572018442814554e-267,8.501660213879568e-282,7.550991133591065e-297,6.7066273722e-312,0.0,0.0,0.0,0.0,0.0,0.0,0.0,0.0,0.0,0.0,0.0,0.0,0.0,0.0,0.0,0.0,0.0,0.0,0.0,0.0,0.0,0.0
F22,0.0,0.0,0.0,0.0,0.0,0.0,0.0,0.0,0.0,0.0,0.0,0.0,0.0,0.0,0.0,0.0,0.0,0.0,0.0,0.0,0.0,0.0,0.0,0.0,0.0,0.0,0.0,0.0,0.0,0.0,0.0,0.0,0.0,0.0,0.0,0.0,0.0,0.0,0.0,0.0,0.0,0.0,0.0,0.0
F23,0.0,0.0,0.0,0.0,0.0,0.0,0.0,0.0,0.0,0.0,0.0,0.0,0.0,0.0,0.0,0.0,0.0,0.0,0.0,0.0,0.0,0.0,0.0,0.0,0.0,0.0,0.0,0.0,0.0,0.0,0.0,0.0,0.0,0.0,0.0,0.0,0.0,0.0,0.0,0.0,0.0,0.0,0.0,0.0
F24,0.0,0.0,0.0,0.0,0.0,0.0,0.0,0.0,0.0,0.0,0.0,0.0,0.0,0.0,0.0,0.0,0.0,0.0,0.0,0.0,0.0,0.0,0.0,0.0,0.0,0.0,0.0,0.0,0.0,0.0,0.0,0.0,0.0,0.0,0.0,0.0,0.0,0.0,0.0,0.0,0.0,0.0,0.0,0.0
F25,0.0,0.0,0.0,0.0,0.0,0.0,0.0,0.0,0.0,0.0,0.0,0.0,0.0,0.0,0.0,0.0,0.0,0.0,0.0,0.0,0.0,0.0,0.0,0.0,0.0,0.0,0.0,0.0,0.0,0.0,0.0,0.0,0.0,0.0,0.0,0.0,0.0,0.0,0.0,0.0,0.0,0.0,0.0,0.0
F26,0.0,0.0,0.0,0.0,0.0,0.0,0.0,0.0,0.0,0.0,0.0,0.0,0.0,0.0,0.0,0.0,0.0,0.0,0.0,0.0,0.0,0.0,0.0,0.0,0.0,0.0,0.0,0.0,0.0,0.0,0.0,0.0,0.0,0.0,0.0,0.0,0.0,0.0,0.0,0.0,0.0,0.0,0.0,0.0
F27,0.0,0.0,0.0,0.0,0.0,0.0,0.0,0.0,0.0,0.0,0.0,0.0,0.0,0.0,0.0,0.0,0.0,0.0,0.0,0.0,0.0,0.0,0.0,0.0,0.0,0.0,0.0,0.0,0.0,0.0,0.0,0.0,0.0,0.0,0.0,0.0,0.0,0.0,0.0,0.0,0.0,0.0,0.0,0.0
F29,0.0,0.0,0.0,0.0,0.0,0.0,0.0,0.0,0.0,0.0,0.0,0.0,0.0,0.0,0.0,0.0,0.0,0.0,0.0,0.0,0.0,0.0,0.0,0.0,0.0,0.0,0.0,0.0,0.0,0.0,0.0,0.0,0.0,0.0,0.0,0.0,0.0,0.0,0.0,0.0,0.0,0.0,0.0,0.0
Fe65,381.07274872303213,5.941889028204582,0.0011415760190372837,2.193234846788765e-07,4.213717713889214e-11,8.095538422773299e-15,1.555342498112152e-18,2.988177141657051e-22,5.740988007953104e-26,1.102978228699804e-29,2.1190794533979697e-33,4.071247838778158e-37,7.821820431592361e-41,1.502754862559216e-44,2.887143979711166e-48,5.546879645684038e-52,1.0656854670192774e-55,2.047431325645869e-59,3.933595008066454e-63,7.557357110673427e-67,1.4519452658732207e-70,2.7895268467785893e-74,5.3593342750552e-78,1.0296536097134478e-81,1.9782056904539954e-85,3.8005963528196974e-89,7.301835550655701e-93,1.4028535908387973e-96,2.695210243611392e-100,5.1781299949657405e-104,9.948400243847513e-108,1.9113206410037257e-111,3.6720945108598145e-115,7.054953421946799e-119,1.355421752861823e-122,2.6040825761030363e-126,5.003052407005853e-130,9.612035200782608e-134,1.8466970398252685e-137,3.547937440576315e-141,6.816418617010537e-145,1.3095936312445361e-148,2.5160360232517693e-152,4.833894361783525e-156
Fe65_m1,0.0,0.0,0.0,0.0,0.0,0.0,0.0,0.0,0.0,0.0,0.0,0.0,0.0,0.0,0.0,0.0,0.0,0.0,0.0,0.0,0.0,0.0,0.0,0.0,0.0,0.0,0.0,0.0,0.0,0.0,0.0,0.0,0.0,0.0,0.0,0.0,0.0,0.0,0.0,0.0,0.0,0.0,0.0,0.0
Fe66,13616453.176924875,1.9998543826217494,2.88009997605242e-07,4.147789931176224e-14,5.97345976050025e-21,8.60270700840363e-28,1.2389230168052423e-34,1.7842409837628936e-41,2.5695832952949545e-48,3.700597829298774e-55,5.32943388886674e-62,7.67521002983005e-69,1.1053490901738205e-75,1.5918738463175933e-82,2.2925448305127547e-89,3.3016195423203046e-96,4.754843376298673e-103,6.847710719946431e-110,9.861763762357798e-117,1.4202466850894399e-123,2.0453751429402353e-130,2.9456569195191123e-137,4.242202080855325e-144,6.109427875175365e-151,8.798522147357057e-158,1.2671234288908035e-164,1.824853943825424e-171,2.62807224645057e-178,3.784830975615051e-185,5.4507426625436896e-192,7.84991344783787e-199,1.1305090875412778e-205,1.6281081383966475e-212,2.3447278217625214e-219,3.3767711299332815e-226,4.8630732992197015e-233,7.003578567686602e-240,1.0086237598275431e-246,1.4525743933000355e-253,2.0919320485090825e-260,3.0127060725870096e-267,4.3387632434195807e-274,6.248490901166446e-281,8.99879443783334e-288
Fe67,24874199.187094245,1.4565053542319706,8.453063136771372e-08,4.905871179026434e-15,2.8472012613400126e-22,1.6524190560146103e-29,9.590079822439868e-37,5.565757104168566e-44,3.230176673828943e-51,1.874684997721849e-58,1.0880035971894573e-65,6.314403907513614e-73,3.664665889912516e-80,2.1268478040671375e-87,1.2343503384897086e-94,7.163750763999492e-102,4.1575980018359385e-109,2.4129288852058953e-116,1.400382096222376e-123,8.12734278015341e-131,4.7168341300775045e-138,2.7374905688725014e-145,1.5887466906839816e-152,9.220547007031039e-160,5.351292789932876e-167,3.1057088588942965e-174,1.802448098964044e-181,1.046079750893247e-188,6.071092121086958e-196,3.523455980411723e-203,2.0448943613915094e-210,1.1867873396170989e-217,6.887711248404048e-225,3.997394028208767e-232,2.3199519318498827e-239,1.346421425587048e-246,7.814173347265555e-254,4.535081211626758e-261,2.632007338722155e-268,1.5275278011178918e-275,8.865253332921569e-283,5.145092390420681e-290,2.98603713981413e-297,1.7329946915919817e-304
Fe68,14155447.375795504,1.1316023136192533e-09,9.033022583786773e-26,7.21061595731732e-42,5.7558787218400764e-58,4.594633808906566e-74,3.667669326986521e-90,2.9277193464345014e-106,2.3370538091910047e-122,1.865554672686032e-138,1.489180190500376e-154,1.188739023437863e-170,9.489116729179632e-187,7.574693395661338e-203,6.046503765923831e-219,4.8266254330864626e-235,3.8528567868604805e-251,3.075545352721585e-267,2.455056011660123e-283,1.9597500050047633e-299,1.564371675e-315,0.0,0.0,0.0,0.0,0.0,0.0,0.0,0.0,0.0,0.0,0.0,0.0,0.0,0.0,0.0,0.0,0.0,0.0,0.0,0.0,0.0,0.0,0.0
Fe69,4390962.3987025805,1.0603268291614738e-21,2.5586386476621357e-49,6.174163992895969e-77,1.4898665368790536e-104,3.595146323074656e-132,8.675325449883889e-160,2.0934133105613896e-187,5.051544537610684e-215,1.2189710501373105e-242,2.9414576274836947e-270,7.097931467123343e-298,0.0,0.0,0.0,0.0,0.0,0.0,0.0,0.0,0.0,0.0,0.0,0.0,0.0,0.0,0.0,0.0,0.0,0.0,0.0,0.0,0.0,0.0,0.0,0.0,0.0,0.0,0.0,0.0,0.0,0.0,0.0,0.0
Fe70,1164608.0235254855,1.1008094623250692e-26,1.0405058593672731e-58,9.835057568372589e-91,9.296281851985191e-123,8.787020886330167e-155,8.305657819563024e-187,7.850664372834868e-219,7.420595988162359e-251,7.014087242102687e-283,6.62984751e-315,0.0,0.0,0.0,0.0,0.0,0.0,0.0,0.0,0.0,0.0,0.0,0.0,0.0,0.0,0.0,0.0,0.0,0.0,0.0,0.0,0.0,0.0,0.0,0.0,0.0,0.0,0.0,0.0,0.0,0.0,0.0,0.0,0.0
Fe71,173072.15482901086,-1.91236059465427e-43,2.1130626400292256e-91,-2.3348283441781203e-139,2.579868335895877e-187,-2.8506252492413636e-235,3.149798072463817e-283,-0.0,0.0,0.0,0.0,0.0,0.0,0.0,0.0,0.0,0.0,0.0,0.0,0.0,0.0,0.0,0.0,0.0,0.0,0.0,0.0,0.0,0.0,0.0,0.0,0.0,0.0,0.0,0.0,0.0,0.0,0.0,0.0,0.0,0.0,0.0,0.0,0.0
Fe72,2.2470405788414523,5.036579010694768e-47,1.1289127739762533e-93,2.530376369636177e-140,5.671655702380985e-187,1.2712606232161385e-233,2.849438782860951e-280,0.0,0.0,0.0,0.0,0.0,0.0,0.0,0.0,0.0,0.0,0.0,0.0,0.0,0.0,0.0,0.0,0.0,0.0,0.0,0.0,0.0,0.0,0.0,0.0,0.0,0.0,0.0,0.0,0.0,0.0,0.0,0.0,0.0,0.0,0.0,0.0,0.0
Ga79,6205264909692.846,621982664458.6794,54576599676.845665,4782491177.490188,419078747.80469984,36722905.10722919,3217943.5591355935,281980.9794285078,24709.343497871694,2165.2228364240063,189.73348813479527,16.625908388833853,1.4568900433513041,0.1276639175903119,0.011186894940276528,0.0009802818272144406,8.589983779208786e-05,7.527204858703212e-06,6.595916178796795e-07,5.779849366981166e-08,5.064748823276667e-09,4.438122693893027e-10,3.8890246551862135e-11,3.4078626959678196e-12,2.9862315578487837e-13,2.616765906573418e-14,2.293011669442595e-15,2.009313291262266e-16,1.760714939328952e-17,1.5428739316349422e-18,1.3519848759992396e-19,1.1847131949359873e-20,1.0381368750283441e-21,9.096954232470145e-23,7.971451385482962e-24,6.985199174060678e-25,6.120969086025706e-26,5.3636641731294086e-27,4.700055327479416e-28,4.1185501866495566e-29,3.608990630552393e-30,3.1624753326147207e-31,2.7712042654612813e-32,2.4283424448282937e-33
Ga80,4244906987653.713,69927792843.35631,1118227698.1621513,17881689.65573039,285947.86661950254,4572.620596735994,73.12122789682041,1.1692887822259546,0.018698212483093543,0.00029900496385276487,4.7814179290897506e-06,7.646012667494894e-08,1.222681442586673e-09,1.9552019791979045e-11,3.1265828091509744e-13,4.999749471657489e-15,7.995148795092171e-17,1.278512145819032e-18,2.0444814085388655e-20,3.269350427002287e-22,5.228050580405582e-24,8.360227354502556e-26,1.336892219079307e-27,2.1378375606881335e-29,3.4186371725886087e-31,5.466776490746454e-33,8.741976317173359e-35,1.3979380730011314e-36,2.2354565890404968e-38,3.5747407256433826e-40,5.7164032252839574e-42,9.14115689555515e-44,1.4617714338198153e-45,2.33753314722192e-47,3.737972358703747e-49,5.977428543008697e-51,9.55856506096942e-53,1.5285195860960764e-54,2.4442707772314598e-56,3.908657557792103e-58,6.250372931836029e-60,9.995033130785827e-62,1.598315626523119e-63,2.5558823153066848e-65
Ga81,2964646116759.4697,9968562929.857443,33503570.68545334,112602.91544261949,378.44970869576275,1.2719402641478874,0.004274893066072298,1.4367585681074292e-05,4.828834665861548e-08,1.6229340647636717e-10,5.454556142067448e-13,1.8332342239238285e-15,6.1613587471331246e-18,2.0707851247518074e-20,6.959748991873965e-23,2.3391179244488833e-25,7.861594823127116e-28,2.6422213483563792e-30,8.880302038935694e-33,2.98460098173762e-35,1.0031013563652125e-37,3.371346244602243e-40,1.133083454515387e-42,3.808206045143242e-45,1.2799086620206738e-47,4.301674236363266e-50,1.4457595127590903e-52,4.859086146189725e-55,1.6331013538367917e-57,5.488727615983762e-60,1.8447189925894526e-62,6.1999581682836295e-65,2.0837580923102524e-67,7.003350134651792e-70,2.353771932045586e-72,7.910845811739596e-75,2.6587742255355387e-77,8.935934981669954e-80,3.0032987844445106e-82,1.0093855435550895e-84,3.3924669127665634e-87,1.1401819480870915e-89,3.83206353421296e-92,1.287926979977325e-94
Ga82,2268428693421.5044,21414843.727855,201.91677958926007,0.0019038376556848944,1.7950949032452502e-08,1.6925632823970207e-13,1.5958880278360336e-18,1.5047346376222375e-23,1.4187877157837541e-28,1.3377498810286787e-33,1.261340737788715e-38,1.1892959060343746e-43,1.1213661065048788e-48,1.0573162981875833e-53,9.969248650625504e-59,9.399828492983836e-64,8.862932282461132e-69,8.35670232729498e-74,7.879387042729958e-79,7.4293348904336585e-84,7.004988664079082e-89,6.604880101321174e-94,6.227624803524723e-99,5.871917445665448e-104,5.536527259830344e-109,5.2202937766899496e-114,4.9221228102077277e-119,4.640982671693451e-124,4.375900600101012e-129,4.1259593962192726e-134,3.890294249110029e-139,3.66808974381246e-144,3.4585770399604602e-149,3.26103121155076e-154,3.074768738657268e-159,2.899145142412829e-164,2.733552755075273e-169,2.5774186174620953e-174,2.43020249647872e-179,2.2913950158809466e-184,2.1605158938038403e-189,2.0371122809588625e-194,1.920757193749299e-199,1.8110480368824512e-204
Ga83,69456663612.96756,11.785146568162029,1.9989690951303847e-09,3.3906047923760094e-19,5.751064829410639e-29,9.754822132751862e-39,1.6545901961494152e-48,2.8064773298141727e-58,4.7602814407402834e-68,8.074278439497246e-78,1.36954029147469e-87,2.3229823247083483e-97,3.9401884811266395e-107,6.68325587399906e-117,1.1335982857492984e-126,1.9227829933209132e-136,3.261379702034736e-146,5.531876242816823e-156,9.383039560450186e-166,1.5915293026899443e-175,2.6995149119878675e-185,4.578854280425757e-195,7.766545918405174e-205,1.317343418430154e-214,2.234447205119466e-224,3.7900172746267914e-234,6.42853897333479e-244,1.0903937986866759e-253,1.8495005492633564e-263,3.137079728301338e-273,5.32104152423145e-283,9.025426624374156e-293,1.5308718299041548e-302,2.596629120295e-312,4.4e-322,0.0,0.0,0.0,0.0,0.0,0.0,0.0,0.0,0.0
Ga84,3974923010713.305,1.527689570802855e-23,5.871397806824435e-59,2.256565264621537e-94,8.67269934865907e-130,3.3331947084121114e-165,1.2810529360624523e-200,4.9234946306992654e-236,1.8922558698497654e-271,7.272542260236701e-307,0.0,0.0,0.0,0.0,0.0,0.0,0.0,0.0,0.0,0.0,0.0,0.0,0.0,0.0,0.0,0.0,0.0,0.0,0.0,0.0,0.0,0.0,0.0,0.0,0.0,0.0,0.0,0.0,0.0,0.0,0.0,0.0,0.0,0.0
Ga85,209504513.9244479,1.340481479621257e-39,8.576858624896302e-87,5.48776726794037e-134,3.511261046049895e-181,2.2466248168966254e-228,1.437467337717287e-275,9.4e-323,0.0,0.0,0.0,0.0,0.0,0.0,0.0,0.0,0.0,0.0,0.0,0.0,0.0,0.0,0.0,0.0,0.0,0.0,0.0,0.0,0.0,0.0,0.0,0.0,0.0,0.0,0.0,0.0,0.0,0.0,0.0,0.0,0.0,0.0,0.0,0.0
Ga86,11550428150.186491,2.2126114665762232e-37,4.238500459349181e-84,8.119313496870689e-131,1.5553437422674884e-177,2.9794318910620023e-224,5.707429266109159e-271,1.093321e-317,0.0,0.0,0.0,0.0,0.0,0.0,0.0,0.0,0.0,0.0,0.0,0.0,0.0,0.0,0.0,0.0,0.0,0.0,0.0,0.0,0.0,0.0,0.0,0.0,0.0,0.0,0.0,0.0,0.0,0.0,0.0,0.0,0.0,0.0,0.0,0.0
Gd169,43132.4501644818,42.12153336375173,0.0411343099255388,4.0170224536658984e-05,3.922873489908104e-08,3.830931142488383e-11,3.741143693836311e-14,3.6534606385120227e-17,3.567832654796897e-20,3.484211576950095e-23,3.402550368115327e-26,3.322803093862624e-29,3.244924896350219e-32,3.1688719690920105e-35,3.0946015323164165e-38,3.0220718089027505e-41,2.9512420008815923e-44,2.88207226648593e-47,2.814523697740166e-50,2.748558298574381e-53,2.684138963451544e-56,2.6212294564956483e-59,2.5597943911090315e-62,2.4997992100674136e-65,2.4412101660814586e-68,2.3839943028139244e-71,2.328119436341723e-74,2.273554137052464e-77,2.2202677119652968e-80,2.16823018746611e-83,2.117412292447373e-86,2.067785441843138e-89,2.0193217205499393e-92,1.97199386772455e-95,1.925775261449756e-98,1.8806399037595273e-101,1.8365624060151634e-104,1.793517974624183e-107,1.7514823970939287e-110,1.7104320284120398e-113,1.6703437777461326e-116,1.6311950954552076e-119,1.5929639604054762e-122,1.5556288675834728e-125
Ge83,17370770830543.727,425235889860.7396,10033229491.855616,236729063.64594233,5585504.609475456,131787.20543216364,3109.453617880081,73.36601280861366,1.7310346115094382,0.04084290138623731,0.0009636679605102222,2.273726661414064e-05,5.364745060205102e-07,1.2657849357801017e-08,2.9865566502550286e-10,7.046631993361059e-12,1.662617799184204e-13,3.922864070052888e-15,9.255802818701188e-17,2.1838606765062313e-18,5.152710734885221e-20,1.2157564904679324e-21,2.8685170198047763e-23,6.768123351529595e-25,1.5969050692485585e-26,3.7678181494954893e-28,8.889979674463623e-30,2.097546523654775e-31,4.94905678078695e-33,1.1677053520975662e-34,2.75514274681748e-36,6.500622388777683e-38,1.5337895464868685e-39,3.6189002101916253e-41,8.53861519745148e-43,2.0146438214799176e-44,4.753451975021241e-46,1.1215533702744167e-47,2.6462494393209495e-49,6.243694041410685e-51,1.473168579782518e-52,3.4758680519330915e-54,8.20113792831011e-56,1.9350177369869102e-57
Ge84,6919106601770.117,7401097624.98769,5174226.603234666,3617.3851904386743,2.528972273426268,0.0017680452655867798,1.2360689336181312e-06,8.641557082243553e-10,6.041451797278495e-13,4.223676297161431e-16,2.952840155281791e-19,2.064378131559104e-22,1.4432400150196302e-25,1.0089923493719334e-28,7.054028093014359e-32,4.931584701113881e-35,3.447750326986258e-38,2.4103778070665535e-41,1.6851339632465578e-44,1.178104306205407e-47,8.236317032182745e-51,5.758141948663406e-54,4.025609817033756e-57,2.81436868758684e-60,1.9675704973080493e-63,1.3755602380569718e-66,9.616763267756548e-70,6.723234155030972e-73,4.700321328999501e-76,3.286070377203133e-79,2.297344749030261e-82,1.6061107310760018e-85,1.122857891296623e-88,7.850080443721517e-92,5.488117726254641e-95,3.836831532257718e-98,2.682390746922558e-101,1.8753025924340886e-104,1.31105425905033e-107,9.165791574697146e-111,6.40795257792333e-114,4.479902898323433e-117,3.1319723007236705e-120,2.189612300786998e-123
Ge85,771697838136.1415,1843163.254328316,4.353463551147075,1.0282672924744697e-05,2.42871822021844e-11,5.736516406182862e-17,1.3549377694150694e-22,3.2002982803444714e-28,7.558951646611232e-34,1.7853882666729544e-39,4.2170017904566173e-45,9.960356765339843e-51,2.3525886832053934e-56,5.556702076782736e-62,1.3124664838586177e-67,3.0999831328901254e-73,7.32201206079597e-79,1.7294242684623613e-84,4.084817500316211e-90,9.648143787021641e-96,2.2788454692979167e-101,5.382524128553385e-107,1.2713264846073616e-112,3.0028124200875705e-118,7.092499479405528e-124,1.6752144932150186e-129,3.956776601008468e-135,9.345717299903181e-141,2.2074137778576743e-146,5.213805885960592e-152,1.231476041744177e-157,2.908687577866168e-163,6.870181098813859e-169,1.6227039538266586e-174,3.832749215620081e-180,9.05277054091997e-186,2.1382211529143776e-191,5.050376211464063e-197,1.192874733399641e-202,2.817513131701456e-208,6.65483141275539e-214,1.5718393867946863e-219,3.7126095383025285e-225,8.769006362668084e-231
Ge86,226010031638999.28,4.642664917702374e-18,9.536727538685693e-50,1.958986352866831e-81,4.0240507188143696e-113,8.266001528746365e-145,1.697960240753844e-176,3.4878640769113194e-208,7.164594038790594e-240,1.4717146829336966e-271,3.0231218911158986e-303,0.0,0.0,0.0,0.0,0.0,0.0,0.0,0.0,0.0,0.0,0.0,0.0,0.0,0.0,0.0,0.0,0.0,0.0,0.0,0.0,0.0,0.0,0.0,0.0,0.0,0.0,0.0,0.0,0.0,0.0,0.0,0.0,0.0
Ge87,791733919184.7245,2.4913612416408605e-10,7.839604551415088e-32,2.4669003633567773e-53,7.762633131324619e-75,2.4426796487857883e-96,7.686417438066023e-118,2.4186967399336888e-139,7.610950051702868e-161,2.39494930195772e-182,7.536223625149722e-204,2.3714350229392636e-225,7.462230883456853e-247,2.348151613658761e-268,7.388964623102066e-290,2.325096807373e-311,0.0,0.0,0.0,0.0,0.0,0.0,0.0,0.0,0.0,0.0,0.0,0.0,0.0,0.0,0.0,0.0,0.0,0.0,0.0,0.0,0.0,0.0,0.0,0.0,0.0,0.0,0.0,0.0
Ge88,18618574624.98321,4.8381738455304146e-36,1.257235133787987e-81,3.2670181603557e-127,8.489587487057514e-173,2.2060818814838058e-218,5.732666369514428e-264,1.489675609051515e-309,0.0,0.0,0.0,0.0,0.0,0.0,0.0,0.0,0.0,0.0,0.0,0.0,0.0,0.0,0.0,0.0,0.0,0.0,0.0,0.0,0.0,0.0,0.0,0.0,0.0,0.0,0.0,0.0,0.0,0.0,0.0,0.0,0.0,0.0,0.0,0.0
He8,0.0,0.0,0.0,0.0,0.0,0.0,0.0,0.0,0.0,0.0,0.0,0.0,0.0,0.0,0.0,0.0,0.0,0.0,0.0,0.0,0.0,0.0,0.0,0.0,0.0,0.0,0.0,0.0,0.0,0.0,0.0,0.0,0.0,0.0,0.0,0.0,0.0,0.0,0.0,0.0,0.0,0.0,0.0,0.0
Hg209,0.0,0.0,0.0,0.0,0.0,0.0,0.0,0.0,0.0,0.0,0.0,0.0,0.0,0.0,0.0,0.0,0.0,0.0,0.0,0.0,0.0,0.0,0.0,0.0,0.0,0.0,0.0,0.0,0.0,0.0,0.0,0.0,0.0,0.0,0.0,0.0,0.0,0.0,0.0,0.0,0.0,0.0,0.0,0.0
Hg210,0.0,0.0,0.0,0.0,0.0,0.0,0.0,0.0,0.0,0.0,0.0,0.0,0.0,0.0,0.0,0.0,0.0,0.0,0.0,0.0,0.0,0.0,0.0,0.0,0.0,0.0,0.0,0.0,0.0,0.0,0.0,0.0,0.0,0.0,0.0,0.0,0.0,0.0,0.0,0.0,0.0,0.0,0.0,0.0
Ho174,0.0,0.0,0.0,0.0,0.0,0.0,0.0,0.0,0.0,0.0,0.0,0.0,0.0,0.0,0.0,0.0,0.0,0.0,0.0,0.0,0.0,0.0,0.0,0.0,0.0,0.0,0.0,0.0,0.0,0.0,0.0,0.0,0.0,0.0,0.0,0.0,0.0,0.0,0.0,0.0,0.0,0.0,0.0,0.0
I137,951397043332820.4,824462577499973.1,627879569040867.5,473565035095086.75,356895268817637.9,268951462425148.94,202677122413929.94,152733871524633.0,115097522611590.66,86735440805497.12,65362281647958.445,49255850001655.92,37118330300170.83,27971711872317.234,21078983314729.65,15884745975178.756,11970461332432.346,9020726219680.408,6797858434240.88,5122744906187.507,3860409219716.3486,2909135554587.288,2192272682320.8962,1652057603872.0493,1244961153108.9434,938180526585.555,706996116518.4467,532779667247.3166,401493257459.43536,302558159958.00885,228002434552.52777,171818569259.85596,129479410167.01135,97573374807.01604,73529555463.29846,55410561921.463005,41756411460.76028,31466887135.193264,23712885071.780613,17869607375.258472,13466217492.273867,10147901391.51559,7647277545.532591,5762852002.809311
I138,516607226571859.3,179160629078058.56,58956962334706.95,19379892174262.477,6370263065501.179,2093934813919.785,688286011413.486,226242779978.98416,74367043123.89406,24444789369.650784,8035114779.689274,2641179211.9157605,868167763.7124833,285370739.9138705,93802675.70722634,30833371.257651467,10135071.051485246,3331444.504083014,1095061.1423842444,359951.63782263163,118317.76012898843,38891.59234452208,12783.845412924666,4202.108828402694,1381.2525132608096,454.02405870447626,149.23979786711357,49.05580847625096,16.12487003903205,5.300319000991504,1.7422392518059617,0.5726820612052943,0.18824322944531544,0.06187641596005708,0.02033906272934104,0.006685543535280221,0.0021975689321046335,0.0007223510228999027,0.00023744010604700885,7.804765574122698e-05,2.5654623678002775e-05,8.432792885440653e-06,2.7718978356994027e-06,9.11135577018685e-07
I139,279771332781228.84,13522366901464.102,646763819474.3754,30934187856.79258,1479557064.7984383,70766011.9647941,3384680.840332175,161886.5338435502,7742.901347622161,370.33667875641964,17.712902370176007,0.8471937249881378,0.04052058734698173,0.0019380667614923197,9.269615812420132e-05,4.4335819083810134e-06,2.1205461948041003e-07,1.014240011174215e-08,4.851027545578662e-10,2.320207050471094e-11,1.109736175784509e-12,5.307777939881612e-14,2.538667052029534e-15,1.214223819092944e-16,5.807533846055135e-18,2.7776962404074083e-19,1.3285495372901522e-20,6.354344464875674e-22,3.0392313154280025e-23,1.4536396381619428e-24,6.952640251201181e-26,3.325391327643312e-27,1.5905076463656892e-28,7.607268811098148e-30,3.638494847638164e-31,1.740262515368956e-32,8.323534178876649e-34,3.9810787519168815e-35,1.9041176125864216e-36,9.107239792270028e-38,4.3559187775824525e-39,2.0834005505158704e-40,9.964735513959358e-42,4.766052012349534e-43
I140,49579078164691.26,18586414885.144207,5872822.3991342615,1855.6586085617982,0.5863396911231368,0.00018526804003718566,5.8539865506071984e-08,1.8497069720072432e-11,5.844591292983619e-15,1.846738315796659e-18,5.8352111141213345e-22,1.843774424081119e-25,5.82584598981995e-29,1.840815289213922e-32,5.816495895917879e-36,1.837860903560647e-39,5.807160808292346e-43,1.834911259499123e-46,5.797840702859282e-50,1.8319663494194103e-53,5.788535555573259e-57,1.8290261657237838e-60,5.7792453424274574e-64,1.826090700826717e-67,5.769970039453581e-71,1.823159947154849e-74,5.760709622721788e-78,1.8202338971469748e-81,5.751464068340654e-85,1.8173125432540307e-88,5.742233352457102e-92,1.8143958779390658e-95,5.733017451256334e-99,1.8114838936772273e-102,5.723816340961782e-106,1.8085765829557347e-109,5.714629997835011e-113,1.805673938273868e-116,5.705458398175715e-120,1.8027759521429477e-123,5.696301518321624e-127,1.7998826170863116e-130,5.687159334648404e-134,1.7969939256392892e-137
I141,14729142726877.982,1472792.3813306047,0.14704286480405654,1.4680687082207547e-08,1.4657125559468114e-15,1.4633601851399814e-22,1.46101158973126e-29,1.4586667636613854e-36,1.4563257008808223e-43,1.4539883953497414e-50,1.4516548410380086e-57,1.449325031925168e-64,1.446998962000425e-71,1.4446766252626303e-78,1.442358015720268e-85,1.4400431273914407e-92,1.4377319543038463e-99,1.435424490494774e-106,1.433120730011077e-113,1.4308206669091654e-120,1.4285242952549898e-127,1.4262316091240213e-134,1.4239426026012422e-141,1.4216572697811268e-148,1.4193756047676265e-155,1.4170976016741582e-162,1.414823254623583e-169,1.4125525577481978e-176,1.4102855051897142e-183,1.4080220910992467e-190,1.4057623096372983e-197,1.4035061549737434e-204,1.4012536212878103e-211,1.3990047027680705e-218,1.3967593936124266e-225,1.3945176880280882e-232,1.3922795802315645e-239,1.3900450644486489e-246,1.387814134914396e-253,1.3855867858731163e-260,1.3833630115783588e-267,1.3811428062928938e-274,1.3789261642886982e-281,1.3767130798469468e-288
I142,2116479158683.0327,0.05847915125731129,1.6111393002671707e-15,4.4383824558754793e-29,1.2226863154044437e-42,3.3682579096997566e-56,9.278881400692214e-70,2.5561474907107977e-83,7.041678530084995e-97,1.939842544346547e-110,5.343880838609451e-124,1.4721330089642375e-137,4.0554339842765414e-151,1.1171914970099441e-164,3.0776406318791884e-178,8.478288533652746e-192,2.335600060491051e-205,6.434114174002497e-219,1.7724706341802425e-232,4.882804476372804e-246,1.3451156309572948e-259,3.705526341267113e-273,1.0207988926611752e-286,2.8120981563497822e-300,7.7467717665e-314,0.0,0.0,0.0,0.0,0.0,0.0,0.0,0.0,0.0,0.0,0.0,0.0,0.0,0.0,0.0,0.0,0.0,0.0,0.0
I143,6724670136.454287,0.4547143917849382,3.074725955336854e-11,2.0790940140054928e-21,1.4058592479016234e-31,9.50625710812756e-42,6.428020752483571e-52,4.346553046522652e-62,2.9390887356634473e-72,1.987377699902817e-82,1.3438417405180654e-92,9.08690191928255e-103,6.144457639694136e-113,4.154810959924668e-123,2.8094349615484393e-133,1.899707322258964e-143,1.2845600484217142e-153,8.686045995964537e-164,5.8734035156013675e-174,3.9715273063377123e-184,2.6855006816896867e-194,1.8159044002661373e-204,1.2278934849613108e-214,8.302873269041369e-225,5.614306563727215e-235,3.796328953862223e-245,2.567033588626263e-255,1.7357983265468588e-265,1.1737266874078042e-275,7.93660366912508e-286,5.366639310202912e-296,3.6288592307885966e-306,2.4537925e-316,0.0,0.0,0.0,0.0,0.0,0.0,0.0,0.0,0.0,0.0,0.0
I144,564007133.7883393,1.715041018053346e-07,5.2151214362286704e-23,1.5858216397344401e-38,4.8221892889777783e-54,1.466338266302506e-69,4.458862525653431e-85,1.3558573406673242e-100,4.12291053528739e-116,1.2537005754320392e-131,3.812270771791235e-147,1.1592407886105775e-162,3.5250360911458975e-178,1.0718980531020088e-193,3.259443042667907e-209,9.91136136281906e-225,3.01386104246741e-240,9.16459207851866e-256,2.786782362629621e-271,8.474087957353835e-287,2.5768128746591047e-302,7.83561e-318,0.0,0.0,0.0,0.0,0.0,0.0,0.0,0.0,0.0,0.0,0.0,0.0,0.0,0.0,0.0,0.0,0.0,0.0,0.0,0.0,0.0,0.0
I145,298548.29603712197,5.913782283803916e-19,1.171429258329599e-42,2.3204210798033758e-66,4.5963970502782895e-90,9.104755179002786e-114,1.8035118803446072e-137,3.57247947758699e-161,7.076532046654231e-185,1.4017520918314316e-208,2.7766551666826725e-232,5.500126562745106e-256,1.0894904260782321e-279,2.158112863358734e-303,0.0,0.0,0.0,0.0,0.0,0.0,0.0,0.0,0.0,0.0,0.0,0.0,0.0,0.0,0.0,0.0,0.0,0.0,0.0,0.0,0.0,0.0,0.0,0.0,0.0,0.0,0.0,0.0,0.0,0.0
In127,14931066974089.232,33602164407.084747,58160026.39497643,100665.69944931002,174.23621813301827,0.30157501388627,0.0005219780937340547,9.034605580453971e-07,1.5637456623985655e-09,2.7065935251901252e-12,4.684680307515351e-15,8.10843201218421e-18,1.4034398375218953e-20,2.4291297930152015e-23,4.20443498435465e-26,7.277204202301219e-29,1.2595676041859196e-31,2.180109978242697e-34,3.7734215308794335e-37,6.531188881205781e-40,1.1304442891659789e-42,1.9566181810868894e-45,3.3865929911364784e-48,5.861650575711079e-51,1.0145579218305706e-53,1.7560374223164913e-56,3.0394197928217577e-59,5.260749320939976e-62,9.105515297074792e-65,1.5760189997125502e-67,2.7278367082123254e-70,4.72144885818498e-73,8.172072490022787e-76,1.4144549859184513e-78,2.448195252345331e-81,4.237434243772936e-84,7.334320640111567e-87,1.2694535456453695e-89,2.197220961050164e-92,3.8030379041746216e-95,6.582450084435864e-98,1.1393167832097477e-100,1.9719750485804917e-103,3.4131732715010214e-106
In127_m1,2268593759902.2925,343171737330.8837,51911824577.9576,7852737384.414321,1187888981.5551229,179692782.71048543,27182250.74869034,4111877.7539058113,622006.5740464893,94091.3619792193,14233.264998325865,2153.075779233702,325.6972529962788,49.26844732194067,7.4528718900265805,1.127401053379908,0.1705427322403086,0.025798116324970897,0.0039024987882739334,0.0005903336740031038,8.930018061995107e-05,1.3508499700991079e-05,2.0434400345536054e-06,3.0911257854268467e-07,4.6759672218216464e-08,7.073367755732138e-09,1.0699932021409597e-09,1.6185860712530724e-10,2.448446274997289e-11,3.703781509071677e-12,5.602735745940136e-13,8.475296872115756e-14,1.282063983162961e-14,1.939386999329205e-15,2.9337240438561283e-16,4.437864525479669e-17,6.713188170426551e-18,1.0155085887098796e-18,1.5361668220272833e-19,2.3237701102019714e-20,3.515183017650265e-21,5.317441511674687e-22,8.043730323032171e-23,1.2167806146548469e-23
In128,4768737191988.629,1741429793.0185678,454166.9781967262,118.44729021019037,0.030891194718388238,8.056460468078132e-06,2.1011345098630844e-09,5.479783890245691e-13,1.429134181692772e-16,3.7271990103812154e-20,9.720579523562987e-24,2.5351387465690434e-27,6.61167212178717e-31,1.7243319840059543e-34,4.497078403612979e-38,1.172843417382926e-41,3.0587896368302755e-45,7.977359896223512e-49,2.0805049862736397e-52,5.425981846398325e-56,1.415102544415237e-59,3.690604332817131e-63,9.625140167518407e-67,2.51024804855359e-70,6.5467568841563596e-74,1.707402012520028e-77,4.4529248358259565e-81,1.1613281141826593e-84,3.028757588585907e-88,7.899035955805585e-92,2.060078009090217e-95,5.372708045996353e-99,1.4012086736590088e-102,3.6543689519856166e-106,9.530637861642518e-110,2.4856017343410086e-113,6.482479002401501e-117,1.690638264207582e-120,4.409204780060144e-124,1.1499258714351573e-127,2.999020403352342e-131,7.821481021640633e-135,2.039851589655801e-138,5.3199573025985426e-142
In128_m1,4763980082572.436,314049260.5024001,20702.634417574678,1.364751093959262,8.996659608121519e-05,5.930743302765302e-09,3.9096417620983744e-13,2.5772989872646633e-17,1.6989971137893516e-21,1.120006334898746e-25,7.383262632009692e-30,4.867165960999576e-34,3.2085144024552705e-38,2.11510450912356e-42,1.3943110497155334e-46,9.191523610170993e-51,6.0592007998191774e-55,3.994323018645472e-59,2.6331222391172796e-63,1.7357967029129216e-67,1.1442652183338954e-71,7.543181109236171e-76,4.9725868037469365e-80,3.278009524459373e-84,2.1609168158411137e-88,1.4245112621370509e-92,9.390608287554272e-97,6.190440634213734e-101,4.0808384369001465e-105,2.690154599987827e-109,1.7733933562272857e-113,1.1690495393555854e-117,7.706563355887226e-122,5.080291019236181e-126,3.3490098826496304e-130,2.2077213985609804e-134,1.4553655989237843e-138,9.594005058389081e-143,6.324523070248518e-147,4.169227744061871e-151,2.748422258687756e-155,1.8118043378198839e-159,1.1943706787290586e-163,7.873484395805246e-168
In129,9982471849813.434,133551996.8764226,1551.4308547123464,0.018022476283799632,2.093613456336366e-07,2.4320838244036287e-12,2.8252740308980204e-17,3.2820305244306505e-22,3.8126299415532126e-27,4.429010322428286e-32,5.145039706682089e-37,5.976828152620304e-42,6.943090199976559e-47,8.065565931300247e-52,9.369510105510481e-57,1.0884260368709292e-61,1.2643897326518872e-66,1.4688011329015005e-71,1.7062593220271764e-76,1.982106909363255e-81,2.302550233382979e-86,2.67479899908889e-91,3.107228490305391e-96,3.6095680065134767e-101,4.193119763897739e-106,4.871013185694971e-111,5.658500303163026e-116,6.573298913443158e-121,7.635991215078702e-126,8.870486890153702e-131,1.0304561052009769e-135,1.197047916191178e-140,1.3905722974761447e-145,1.6153833847025882e-150,1.8765392380599733e-155,2.179915644376294e-160,2.532338317374763e-165,2.9417364704858713e-170,3.417321217473792e-175,3.969792814741069e-180,4.6115814080888884e-185,5.357126700532402e-190,6.223202833461516e-195,7.229295790699621e-200
In129_m1,9187212725101.297,32793323526.006397,117054225.2649829,417819.54919937847,1491.3872207344903,5.323436508493213,0.019001756127427317,6.782587438587123e-05,2.421012671332941e-07,8.641690811693572e-10,3.084610872515305e-12,1.101037336578229e-14,3.930100964569115e-17,1.4028310465573092e-19,5.007339411700923e-22,1.787346241409909e-24,6.379848306701791e-27,2.2772568332601585e-29,8.12856111199775e-32,2.901451640695709e-34,1.035659510619935e-36,3.696737891107291e-39,1.3195331955546008e-41,4.710011652054133e-44,1.6812164966537019e-46,6.0010231766366365e-49,2.142036985611848e-51,7.645900228468519e-54,2.729168109438437e-56,9.741637148027086e-59,3.477231541568471e-61,1.2411814369546082e-63,4.43033873650479e-66,1.5813885654247556e-68,5.64469207343072e-71,2.0148462750072708e-73,7.191898971812891e-76,2.567114497138332e-78,9.163194404212556e-81,3.2707591259755067e-83,1.1674820797465535e-85,4.1672723488092963e-88,1.4874882561726813e-90,5.309519337952199e-93
In130,1342280181545.8425,3124.394390506849,1.3014310793320504e-07,5.42096365800732e-18,2.2580409710607703e-28,9.405613740755651e-39,3.9178018013877116e-49,1.6319159363781884e-59,6.797560873196278e-70,2.8314469388269226e-80,1.179407131020312e-90,4.912686731392036e-101,2.046323978041113e-111,8.523730602133195e-122,3.550463375173437e-132,1.478905278317122e-142,6.160212319124136e-153,2.5659666222755536e-163,1.0688243140892845e-173,4.452066540816259e-184,1.854457858281831e-194,7.724534026197905e-205,3.2175670994849366e-215,1.3402411076935396e-225,5.58262243245571e-236,2.3253781013322023e-246,9.68609892497554e-257,4.034634725882331e-267,1.6805813669032613e-277,7.00027120835525e-288,2.9158836314378936e-298,1.214578278330035e-308,5.0592e-319,0.0,0.0,0.0,0.0,0.0,0.0,0.0,0.0,0.0,0.0,0.0
In130_m1,1137393408664.9248,3028873.655305871,8.06587725048847,2.1479395717276115e-05,5.719953652299869e-11,1.5232211471453682e-16,4.056331229498595e-22,1.0801992261098322e-27,2.8765657981843687e-33,7.660282095446278e-39,2.039929759953776e-44,5.432323997596378e-50,1.4466254963371978e-55,3.8523573475713265e-61,1.0258810708758249e-66,2.731916789196164e-72,7.275082419368731e-78,1.937351255276741e-83,5.1591578898539084e-89,1.3738814817367608e-94,3.6586403559605923e-100,9.742943210314093e-106,2.594541500772423e-111,6.909252629230301e-117,1.8399309427239388e-122,4.899728025099194e-128,1.3047954226151895e-133,3.474664483735469e-139,9.253016270040471e-145,2.464074171604303e-150,6.561818704270878e-156,1.747409440994441e-161,4.653343672066282e-167,1.2391833775395158e-172,3.299939895667285e-178,8.787725458873301e-184,2.3401674328045446e-189,6.231855602668255e-195,1.6595404118569915e-200,4.4193488331264924e-206,1.1768706546291383e-211,3.1340013880447023e-217,8.34583194137105e-223,2.222491383038781e-228
In130_m2,1137393408664.9268,3028873.655305878,8.065877250488478,2.1479395717276135e-05,5.719953652299874e-11,1.5232211471453682e-16,4.056331229498595e-22,1.0801992261098322e-27,2.8765657981843687e-33,7.660282095446278e-39,2.039929759953776e-44,5.432323997596378e-50,1.4466254963371978e-55,3.8523573475713265e-61,1.0258810708758249e-66,2.731916789196164e-72,7.275082419368731e-78,1.937351255276741e-83,5.1591578898539084e-89,1.3738814817367608e-94,3.6586403559605923e-100,9.742943210314093e-106,2.594541500772423e-111,6.909252629230301e-117,1.8399309427239388e-122,4.899728025099194e-128,1.3047954226151895e-133,3.474664483735469e-139,9.253016270040471e-145,2.464074171604303e-150,6.561818704270878e-156,1.747409440994441e-161,4.653343672066282e-167,1.2391833775395158e-172,3.299939895667285e-178,8.787725458873301e-184,2.3401674328045446e-189,6.231855602668255e-195,1.6595404118569915e-200,4.4193488331264924e-206,1.1768706546291383e-211,3.1340013880447023e-217,8.34583194137105e-223,2.222491383038781e-228
In131,2030830226138.7788,72.82025035262237,1.2917572091455128e-09,2.291445963587401e-20,4.064792181430369e-31,7.210528086095652e-42,1.2790743772312282e-52,2.2689479091611583e-63,4.02488292012446e-74,7.139733113881267e-85,1.2665160688916708e-95,2.2466707468968946e-106,3.9853654990570735e-117,7.069633226413909e-128,1.2540810615197178e-138,2.2246123080138756e-149,3.946236071031688e-160,7.000221599158066e-171,1.2417681445121451e-181,2.2027704450250407e-192,3.90749082662457e-203,6.931491474583319e-214,1.2295761191517553e-224,2.1811430315279705e-235,3.8691259938140166e-246,6.863436161506652e-257,1.21750379849071e-267,2.1597279619978448e-278,3.831137837613049e-289,6.796049034440865e-300,1.20555000723496e-310,2.14e-321,0.0,0.0,0.0,0.0,0.0,0.0,0.0,0.0,0.0,0.0,0.0,0.0
In131_m1,2012019376324.224,5044.000719068216,1.2644979244902102e-05,3.1700134280223223e-14,7.947015917715429e-23,1.992264809926152e-31,4.994477315720682e-40,1.2520827318218352e-48,3.1388893536304197e-57,7.868989902926299e-66,1.97270419936079e-74,4.9454401469348794e-83,1.2397894349715567e-91,3.1080708640660707e-100,7.791729969273395e-109,1.9533356403157785e-117,4.896884438724542e-126,1.2276168371323027e-134,3.0775549590123604e-143,7.71522859515883e-152,1.9341572471758238e-160,4.848805463975686e-169,1.2155637532475766e-177,3.0473386676103308e-186,7.639478332833892e-195,1.915167152839124e-203,4.801198541986455e-212,1.2036290098961e-220,3.0174190481697277e-229,7.5644718076739e-238,1.8963635085356104e-246,4.754059038011448e-255,1.1918114451775692e-263,2.987793187882635e-272,7.49020171746031e-281,1.877744483646944e-289,4.707382362810457e-298,1.1801099085995461e-306,2.958458205e-315,1e-323,0.0,0.0,0.0,0.0
In131_m2,0.0,0.0,0.0,0.0,0.0,0.0,0.0,0.0,0.0,0.0,0.0,0.0,0.0,0.0,0.0,0.0,0.0,0.0,0.0,0.0,0.0,0.0,0.0,0.0,0.0,0.0,0.0,0.0,0.0,0.0,0.0,0.0,0.0,0.0,0.0,0.0,0.0,0.0,0.0,0.0,0.0,0.0,0.0,0.0
In132,2249542066047.2183,0.006450334711185057,1.8495683416771243e-17,5.303450446691279e-32,1.5207108602975834e-46,4.3604848275140905e-61,1.2503249912517776e-75,3.5851806521248764e-90,1.0280143481337657e-104,2.9477273323522414e-119,8.452310458186159e-134,2.4236146707827885e-148,6.949470327068531e-163,1.992690439161577e-177,5.713838608475579e-192,1.638385521508436e-206,4.697905035516271e-221,1.3470768285604308e-235,3.86260677541562e-250,1.1075634874835454e-264,3.1758264564083645e-279,9.106361662516562e-294,2.6111572488861626e-308,7.4e-323,0.0,0.0,0.0,0.0,0.0,0.0,0.0,0.0,0.0,0.0,0.0,0.0,0.0,0.0,0.0,0.0,0.0,0.0,0.0,0.0
In133,61708970001.769875,3.516463679824672e-08,2.0038443051587857e-26,1.1418835412278434e-44,6.506982695063817e-63,3.7079809161914918e-81,2.1129797202734736e-99,1.2040739688791871e-117,6.8613726323167775e-136,3.909928759885797e-154,2.2280589798283776e-172,1.269651475117635e-190,7.235063716278079e-209,4.122875293296822e-227,2.3494058035499455e-245,1.3388005304764816e-263,7.629107145712405e-282,4.3474195382971336e-300,2.477364e-318,0.0,0.0,0.0,0.0,0.0,0.0,0.0,0.0,0.0,0.0,0.0,0.0,0.0,0.0,0.0,0.0,0.0,0.0,0.0,0.0,0.0,0.0,0.0,0.0,0.0
In133_m1,0.0,0.0,0.0,0.0,0.0,0.0,0.0,0.0,0.0,0.0,0.0,0.0,0.0,0.0,0.0,0.0,0.0,0.0,0.0,0.0,0.0,0.0,0.0,0.0,0.0,0.0,0.0,0.0,0.0,0.0,0.0,0.0,0.0,0.0,0.0,0.0,0.0,0.0,0.0,0.0,0.0,0.0,0.0,0.0
In134,1251086586.1604238,3.936813309585683e-13,1.2388030697456163e-34,3.8981605804738297e-56,1.2266401563147932e-77,3.859887354617618e-99,1.2145966617542817e-120,3.821989905948409e-142,1.2026714135763612e-163,3.7844645449811623e-185,1.1908632508051278e-206,3.7473076184552314e-228,1.1791710238634686e-249,3.7105155089787027e-271,1.1675935944611222e-292,3.6740846347e-314,0.0,0.0,0.0,0.0,0.0,0.0,0.0,0.0,0.0,0.0,0.0,0.0,0.0,0.0,0.0,0.0,0.0,0.0,0.0,0.0,0.0,0.0,0.0,0.0,0.0,0.0,0.0,0.0
In135,2607616.8107711193,4.9612609400652105e-27,9.43931256070476e-60,1.795926936620831e-92,3.4169369230416424e-125,6.501076239779262e-158,1.2368970580177027e-190,2.353324704564273e-223,4.477443882022126e-256,8.51880051986676e-289,1.62e-321,0.0,0.0,0.0,0.0,0.0,0.0,0.0,0.0,0.0,0.0,0.0,0.0,0.0,0.0,0.0,0.0,0.0,0.0,0.0,0.0,0.0,0.0,0.0,0.0,0.0,0.0,0.0,0.0,0.0,0.0,0.0,0.0,0.0
K48,0.0,0.0,0.0,0.0,0.0,0.0,0.0,0.0,0.0,0.0,0.0,0.0,0.0,0.0,0.0,0.0,0.0,0.0,0.0,0.0,0.0,0.0,0.0,0.0,0.0,0.0,0.0,0.0,0.0,0.0,0.0,0.0,0.0,0.0,0.0,0.0,0.0,0.0,0.0,0.0,0.0,0.0,0.0,0.0
K49,0.0,0.0,0.0,0.0,0.0,0.0,0.0,0.0,0.0,0.0,0.0,0.0,0.0,0.0,0.0,0.0,0.0,0.0,0.0,0.0,0.0,0.0,0.0,0.0,0.0,0.0,0.0,0.0,0.0,0.0,0.0,0.0,0.0,0.0,0.0,0.0,0.0,0.0,0.0,0.0,0.0,0.0,0.0,0.0
K50,0.0,0.0,0.0,0.0,0.0,0.0,0.0,0.0,0.0,0.0,0.0,0.0,0.0,0.0,0.0,0.0,0.0,0.0,0.0,0.0,0.0,0.0,0.0,0.0,0.0,0.0,0.0,0.0,0.0,0.0,0.0,0.0,0.0,0.0,0.0,0.0,0.0,0.0,0.0,0.0,0.0,0.0,0.0,0.0
K51,0.0,0.0,0.0,0.0,0.0,0.0,0.0,0.0,0.0,0.0,0.0,0.0,0.0,0.0,0.0,0.0,0.0,0.0,0.0,0.0,0.0,0.0,0.0,0.0,0.0,0.0,0.0,0.0,0.0,0.0,0.0,0.0,0.0,0.0,0.0,0.0,0.0,0.0,0.0,0.0,0.0,0.0,0.0,0.0
K52,0.0,0.0,0.0,0.0,0.0,0.0,0.0,0.0,0.0,0.0,0.0,0.0,0.0,0.0,0.0,0.0,0.0,0.0,0.0,0.0,0.0,0.0,0.0,0.0,0.0,0.0,0.0,0.0,0.0,0.0,0.0,0.0,0.0,0.0,0.0,0.0,0.0,0.0,0.0,0.0,0.0,0.0,0.0,0.0
K53,0.0,0.0,0.0,0.0,0.0,0.0,0.0,0.0,0.0,0.0,0.0,0.0,0.0,0.0,0.0,0.0,0.0,0.0,0.0,0.0,0.0,0.0,0.0,0.0,0.0,0.0,0.0,0.0,0.0,0.0,0.0,0.0,0.0,0.0,0.0,0.0,0.0,0.0,0.0,0.0,0.0,0.0,0.0,0.0
K54,0.0,0.0,0.0,0.0,0.0,0.0,0.0,0.0,0.0,0.0,0.0,0.0,0.0,0.0,0.0,0.0,0.0,0.0,0.0,0.0,0.0,0.0,0.0,0.0,0.0,0.0,0.0,0.0,0.0,0.0,0.0,0.0,0.0,0.0,0.0,0.0,0.0,0.0,0.0,0.0,0.0,0.0,0.0,0.0
Kr100,369558626.6846413,1.4579767401491907e-39,5.751986346215292e-87,2.2692643864579617e-134,8.952665298023381e-182,3.5319910900085234e-229,1.3934354345463472e-276,5e-324,0.0,0.0,0.0,0.0,0.0,0.0,0.0,0.0,0.0,0.0,0.0,0.0,0.0,0.0,0.0,0.0,0.0,0.0,0.0,0.0,0.0,0.0,0.0,0.0,0.0,0.0,0.0,0.0,0.0,0.0,0.0,0.0,0.0,0.0,0.0,0.0
Kr91,1144994311559260.2,549216626949261.6,244615323507737.47,108949051635231.08,48524743593217.29,21612402360977.08,9625933105972.295,4287287762509.731,1909512164297.2498,850476316864.8842,378793065093.8043,168710384190.4565,75141802626.83212,33467356079.49136,14906002834.586096,6638974407.686921,2956928270.7805037,1316984260.1618435,586570718.8954626,261252331.3097591,116358997.16117272,51825054.163059376,23082325.428465113,10280621.135661835,4578878.816285925,2039383.7043078872,908319.7132458999,404555.89584654075,180184.87375919108,80252.41768799016,35743.56942622722,15919.803940295733,7090.510588779957,3158.0376616539415,1406.556234216236,626.4651191577061,279.0208709571896,124.27291488212941,55.34982856415255,24.652222288234345,10.979836424319425,4.890301835479925,2.178088189832088,0.9700972091879984
Kr92,601292565781307.1,14146855871606.684,327059933684.41315,7561270225.832948,174808350.21276242,4041379.0793651436,93432.29224033855,2160.053056605456,49.93807917447351,1.1545141189980928,0.02669111173277311,0.0006170694959968307,1.4265976131007021e-05,3.2981386422560596e-07,7.624938107039162e-09,1.7628028243351247e-10,4.0754085526479856e-12,9.421901668021632e-14,2.1782412706620368e-15,5.0358570916943565e-17,1.1642354311035834e-18,2.691585790376145e-20,6.222653832212919e-22,1.4386099396870006e-23,3.3259098358525266e-25,7.689142088526984e-27,1.777646087101521e-28,4.1097245630334285e-30,9.501236554650446e-32,2.1965826342579525e-33,5.078260331032376e-35,1.174038599210223e-36,2.7142496496537233e-38,6.275050211808403e-40,1.4507234132180961e-41,3.353914870192949e-43,7.753886684401569e-45,1.79261433403887e-46,4.14432952323913e-48,9.581239461861323e-50,2.2150784369525587e-51,5.121020616782499e-53,1.1839243125670428e-54,2.737104344578894e-56
Kr93,176320788625763.66,808693065262.6448,3689431839.6525993,16831982.224333193,76791.12609028324,350.3376469640605,1.5983157576829072,0.007291860533388663,3.3267037369057805e-05,1.5177138540251075e-07,6.924137298869382e-10,3.1589404818598304e-12,1.4411766458707053e-14,6.574958080186129e-17,2.999637406009093e-19,1.3684991535754766e-21,6.2433877160789045e-24,2.8483678686568577e-26,1.2994867344698925e-28,5.928538204791337e-31,2.7047267442871185e-33,1.2339545615729857e-35,5.629566325851149e-38,2.568329337569592e-40,1.1717271285942871e-42,5.3456713817824915e-45,2.4388103530803265e-47,1.1126377798981946e-49,5.07609305370211e-52,2.3158229169784665e-54,1.0565282641718454e-56,4.820109365056222e-59,2.199037648019205e-61,1.003248310601233e-63,4.577034748044651e-66,2.0881417754148594e-68,9.526552264204454e-71,4.3462182075538576e-73,1.9828383011815773e-75,9.04613514756189e-78,4.1270415776813706e-80,1.8828452047282675e-82,8.589945117441536e-85,3.918917866182563e-87
Kr94,31367834476563.348,0.1982148169765652,1.2520106364471595e-15,7.90824146089014e-30,4.995187834922298e-44,3.15517699219912e-58,1.9929464478801834e-72,1.2588312966081549e-86,7.951323704687113e-101,5.02240044611786e-115,3.17236565608512e-129,2.0038035524800508e-143,1.2656891141252294e-157,7.994640650438976e-172,5.049761305233727e-186,3.1896479597786117e-200,2.0147198040381333e-214,1.2725842914229321e-228,8.038193576746868e-243,5.077271219889768e-257,3.2070244134073e-271,2.0256955247731925e-285,1.2795170320285907e-299,8.0819837693e-314,0.0,0.0,0.0,0.0,0.0,0.0,0.0,0.0,0.0,0.0,0.0,0.0,0.0,0.0,0.0,0.0,0.0,0.0,0.0,0.0
Kr95,2587694238071.5664,1.0159367677657103e-14,3.9877388338887543e-41,1.565260901254406e-67,6.143937181077959e-94,2.4116084452617995e-120,9.466007092601214e-147,3.7155820404107536e-173,1.458434349770726e-199,5.7246233011612505e-226,2.247020028385238e-252,8.819967257828425e-279,3.461999512530759e-305,0.0,0.0,0.0,0.0,0.0,0.0,0.0,0.0,0.0,0.0,0.0,0.0,0.0,0.0,0.0,0.0,0.0,0.0,0.0,0.0,0.0,0.0,0.0,0.0,0.0,0.0,0.0,0.0,0.0,0.0,0.0
Kr96,13570291632788.818,3.190502305240628e-25,7.500834872580175e-63,1.76343780392503e-100,4.145822353295222e-138,9.746781512126963e-176,2.2914573213594678e-213,5.38719027309565e-251,1.266522346631294e-288,0.0,0.0,0.0,0.0,0.0,0.0,0.0,0.0,0.0,0.0,0.0,0.0,0.0,0.0,0.0,0.0,0.0,0.0,0.0,0.0,0.0,0.0,0.0,0.0,0.0,0.0,0.0,0.0,0.0,0.0,0.0,0.0,0.0,0.0,0.0
Kr97,10627343732.248087,4.423854928502797e-38,1.841522484028918e-85,7.665723930806286e-133,3.1910185128327493e-180,1.3283284450567124e-227,5.529446008698568e-275,2.3e-322,0.0,0.0,0.0,0.0,0.0,0.0,0.0,0.0,0.0,0.0,0.0,0.0,0.0,0.0,0.0,0.0,0.0,0.0,0.0,0.0,0.0,0.0,0.0,0.0,0.0,0.0,0.0,0.0,0.0,0.0,0.0,0.0,0.0,0.0,0.0,0.0
Kr98,581384314287.9818,-1.3067123107191184e-35,2.936950689968403e-82,-6.601054635016656e-129,1.4836450078412202e-175,-3.334622467166816e-222,7.494856882721162e-269,-1.68453491e-315,0.0,0.0,0.0,0.0,0.0,0.0,0.0,0.0,0.0,0.0,0.0,0.0,0.0,0.0,0.0,0.0,0.0,0.0,0.0,0.0,0.0,0.0,0.0,0.0,0.0,0.0,0.0,0.0,0.0,0.0,0.0,0.0,0.0,0.0,0.0,0.0
Kr99,431383.55279705295,-8.79048319136152e-42,1.791273548483244e-88,-3.650153075372391e-135,7.438069682283972e-182,-1.5156865878253041e-228,3.0885779921976803e-275,-6.27e-322,0.0,0.0,0.0,0.0,0.0,0.0,0.0,0.0,0.0,0.0,0.0,0.0,0.0,0.0,0.0,0.0,0.0,0.0,0.0,0.0,0.0,0.0,0.0,0.0,0.0,0.0,0.0,0.0,0.0,0.0,0.0,0.0,0.0,0.0,0.0,0.0
La147,233409764405696.03,62958167925767.44,11427101622713.334,2072448256726.1038,375863805752.827,68167491952.3617,12363007259.29268,2242182367.5152025,406647158.23225224,73750428.90985769,13375541.066197429,2425817.740425656,439951.67602119135,79790.60999030048,14471.001679551686,2624.4929025488586,475.9838432789624,86.32548361726573,15.6561808283634,2.8394396168941793,0.5149670552719947,0.09339556525085739,0.01693842648617588,0.0030719905282114105,0.0005571430034025078,0.00010104468857887217,1.8325688427653156e-05,3.3235874252339584e-06,6.02773173667228e-07,1.0932027728059111e-07,1.9826567516262846e-08,3.595790179602109e-09,6.52140467840301e-10,1.182736390481012e-10,2.1450369028634063e-11,3.890286416886657e-12,7.0555095743155e-13,1.2796028368804814e-13,2.3207160346195524e-14,4.2089019796721035e-15,7.633357812944081e-16,1.3844026727601247e-16,2.5107833371775118e-17,4.5536122475693516e-18
La148,121930332594158.1,561111371354.6652,2291221097.6529675,9352774.808889717,38178.03126809571,155.8427415459652,0.636150144092168,0.0025967651865846796,1.0599996709709436e-05,4.32691915411994e-08,1.766248601675577e-10,7.209827620538111e-13,2.9430519728967446e-15,1.201353953386884e-17,4.9039274012471944e-20,2.0017833952187845e-22,8.171280758264342e-25,3.335517188815699e-27,1.3615582729344614e-29,5.557881508787819e-32,2.2687274925920483e-34,9.260946688958105e-37,3.7803188728381115e-39,1.5431263412168269e-41,6.299042448684999e-44,2.5712694230238863e-46,1.0495922990894922e-48,4.284436257218045e-51,1.7489070811674703e-53,7.139039525689579e-56,2.9141562692590994e-58,1.1895587258065809e-60,4.855779276731581e-63,1.9821293285330174e-65,8.09105284883386e-68,3.302768152422906e-70,1.3481901147427542e-72,5.503312680778643e-75,2.2464524944390283e-77,9.170020136048891e-80,3.7432026496754576e-82,1.5279754971808118e-84,6.2371966962231485e-87,2.5460239839679466e-89
La149,28955514207181.45,40087113940.041466,54456843.10845793,73977.58025472901,100.49577000718044,0.1365197368521729,0.0001854569455894001,2.5193630943335875e-07,3.422460334886957e-10,4.649284087005682e-13,6.315878171426125e-16,8.579883769156353e-19,1.1655450516014395e-21,1.5833492665672566e-24,2.1509206327927855e-27,2.9219450605513e-30,3.969352846736421e-33,5.392217066162702e-36,7.32512477758746e-39,9.950907455847339e-42,1.3517934806763917e-44,1.8363607766499806e-47,2.494627286063832e-50,3.388857666480403e-53,4.603636121443894e-56,6.253867121151201e-59,8.495644081606778e-62,1.1541014057883318e-64,1.5678035026517878e-67,2.1298022951875896e-70,2.893256590455387e-73,3.930380635389554e-76,5.3392747777734305e-79,7.253204663151417e-82,9.853206676038546e-85,1.3385211959336631e-87,1.8183308752882146e-90,2.4701343408463045e-93,3.3555849184275005e-96,4.5584363403167235e-99,6.192464912632209e-102,8.4122314827625e-105,1.1427701168758097e-107,1.5524103713744913e-110
La150,3777413801379.1816,1202291969.8279185,379892.88572364114,120.03623740237074,0.0379283183002277,1.1984358725450829e-05,3.786744588130795e-09,1.1965124629727256e-12,3.780667115855689e-16,1.1945921403443325e-19,3.7745993975178773e-23,1.1926748997055637e-26,3.768541417462936e-30,1.190760736110032e-33,3.762493160061575e-37,1.1888496446192889e-40,3.7564546097095903e-44,1.1869416203028132e-47,3.7504257508278085e-51,1.1850366582379913e-54,3.744406567862066e-58,1.183134753510117e-61,3.7383970452831694e-65,1.1812359012123657e-68,3.732397167586834e-72,1.179340096445791e-75,3.72640691929367e-79,1.17744733431931e-82,3.720426284949128e-86,1.1755576099496867e-89,3.7144552491234673e-93,1.1736709184615275e-96,3.708493796411704e-100,1.171787254987259e-103,3.7025419114335793e-107,1.1699066146671204e-110,3.6965995788335225e-114,1.1680289926491517e-117,3.6906667832806e-121,1.166154384089178e-124,3.684743509468485e-128,1.1642827841508025e-131,3.6788297421154275e-135,1.1624141880053868e-138
La151,372217676896.81494,50352052.7622569,6803.572714248549,0.9192991971089043,0.00012421576858217195,1.678404290244566e-08,2.2678609919382482e-12,3.06433527884137e-16,4.1405318644007545e-20,5.594689405723309e-24,7.559548041551579e-28,1.021446633553343e-31,1.3801793698017324e-35,1.8648992813258174e-39,2.519853147775396e-43,3.4048272472062864e-47,4.600604838243398e-51,6.21634031360482e-55,8.399523161242225e-59,1.1349441275252807e-62,1.5335372590527182e-66,2.0721165631570162e-70,2.7998452766396335e-74,3.7831527977257177e-78,5.111798573425975e-82,6.907065628168243e-86,9.33283166512743e-90,1.2610528345697025e-93,1.7039354277848411e-97,2.3023586819429397e-101,3.110948580492437e-105,4.203515788556775e-109,5.679793325882989e-113,7.674540515005662e-117,1.0369844242053804e-120,1.4011740428524814e-124,1.893267297498703e-128,2.5581840300729993e-132,3.456619960829919e-136,4.670587187297423e-140,6.310900510135718e-144,8.52729296161088e-148,1.1522083914388105e-151,1.5568647439212866e-155
La152,16401986768.542198,3470.9434858455097,0.000734048576165107,1.5523943684671017e-10,3.2830637555876353e-17,6.943150427617384e-24,1.4683643526104754e-30,3.1053538224391686e-37,6.567322575894547e-44,1.3888828224404057e-50,2.937263203044778e-57,6.211838021584463e-64,1.3137035716241923e-70,2.7782712107131746e-77,5.87559559629921e-84,1.242593720804846e-90,2.6278853431576465e-97,5.557553737121579e-104,1.1753329962212587e-110,2.4856397568940316e-117,5.256727260202881e-124,1.111713047376164e-130,2.351093824218492e-137,4.972184309003587e-144,1.0515368016382465e-150,2.223830768295028e-157,4.7030434677235354e-164,9.946178537791782e-171,2.1034563721248007e-177,4.4484710309802496e-184,9.407798885546074e-191,1.9895977573979826e-197,4.207678421277513e-204,8.89856134540412e-211,1.8819022294455407e-217,3.9799197462646247e-224,8.416888475324184e-231,1.7800361847129246e-237,3.764489488219465e-244,7.961288219093336e-251,1.683684077371482e-257,3.5607203185982547e-264,7.530349284452535e-271,1.5925474418664323e-277
La153,513816795.58725154,0.8105541999308782,1.2786020711904686e-09,2.0169203448602994e-18,3.1815744469456633e-27,5.018748503009781e-36,7.916783641710295e-45,1.2488265389681268e-53,1.969951175897225e-62,3.1074833167986554e-71,4.9018740577587554e-80,7.732421007132697e-89,1.2197444064665433e-97,1.9240758046335495e-106,3.03511758885675e-115,4.787721334057353e-124,7.552351729878817e-133,1.1913395260928182e-141,1.8792687591813667e-150,2.964437082699391e-159,4.67622694963087e-168,7.376475828099572e-177,1.1635961262922101e-185,1.835505160831068e-194,2.8954025536102667e-203,4.5673289982236233e-212,7.204695648279907e-221,1.1364988027911263e-229,1.7927607102376834e-238,2.8279756707870575e-247,4.4609670152260434e-256,7.036915811017664e-265,1.1100325100440413e-273,1.7510116739288945e-282,2.762118996058613e-291,4.3570819441022477e-300,6.87304315806492e-309,1.0841826e-317,0.0,0.0,0.0,0.0,0.0,0.0
La154,5276382.736225198,3.3057218276847287e-07,2.071077355136896e-20,1.2975566712959143e-33,8.129359876629261e-47,5.09314879771276e-60,3.190923402249324e-73,1.99915466117835e-86,1.2524961760266196e-99,7.847050062833289e-113,4.9162780587446124e-126,3.08011160338728e-139,1.9297296401789635e-152,1.2090005050758557e-165,7.574544075190334e-179,4.745549543289996e-192,2.9731479867656583e-205,1.862715554978773e-218,1.1670153164943552e-231,7.311501454380354e-245,4.580749949194397e-258,2.8698989158339414e-271,1.7980286805555348e-284,1.1264881554759744e-297,7.0575935642783e-311,5e-324,0.0,0.0,0.0,0.0,0.0,0.0,0.0,0.0,0.0,0.0,0.0,0.0,0.0,0.0,0.0,0.0,0.0,0.0
La155,10655.107738173805,4.647634791388683e-13,2.0272445558423485e-29,8.842606344214246e-46,3.8570426411256715e-62,1.6823974014398612e-78,7.338422931060806e-95,3.2009352290386343e-111,1.396210934795431e-127,6.090110655028197e-144,2.6564358483499594e-160,1.1587066009338556e-176,5.054144213125426e-193,2.2045592651739296e-209,9.616032603586514e-226,4.194402232409186e-242,1.8295497543006927e-258,7.980284479152414e-275,3.480907814531841e-291,1.518331739291048e-307,5e-324,0.0,0.0,0.0,0.0,0.0,0.0,0.0,0.0,0.0,0.0,0.0,0.0,0.0,0.0,0.0,0.0,0.0,0.0,0.0,0.0,0.0,0.0,0.0
Li11,0.0,0.0,0.0,0.0,0.0,0.0,0.0,0.0,0.0,0.0,0.0,0.0,0.0,0.0,0.0,0.0,0.0,0.0,0.0,0.0,0.0,0.0,0.0,0.0,0.0,0.0,0.0,0.0,0.0,0.0,0.0,0.0,0.0,0.0,0.0,0.0,0.0,0.0,0.0,0.0,0.0,0.0,0.0,0.0
Li9,0.0,0.0,0.0,0.0,0.0,0.0,0.0,0.0,0.0,0.0,0.0,0.0,0.0,0.0,0.0,0.0,0.0,0.0,0.0,0.0,0.0,0.0,0.0,0.0,0.0,0.0,0.0,0.0,0.0,0.0,0.0,0.0,0.0,0.0,0.0,0.0,0.0,0.0,0.0,0.0,0.0,0.0,0.0,0.0
Mg30,0.0,0.0,0.0,0.0,0.0,0.0,0.0,0.0,0.0,0.0,0.0,0.0,0.0,0.0,0.0,0.0,0.0,0.0,0.0,0.0,0.0,0.0,0.0,0.0,0.0,0.0,0.0,0.0,0.0,0.0,0.0,0.0,0.0,0.0,0.0,0.0,0.0,0.0,0.0,0.0,0.0,0.0,0.0,0.0
Mg31,0.0,0.0,0.0,0.0,0.0,0.0,0.0,0.0,0.0,0.0,0.0,0.0,0.0,0.0,0.0,0.0,0.0,0.0,0.0,0.0,0.0,0.0,0.0,0.0,0.0,0.0,0.0,0.0,0.0,0.0,0.0,0.0,0.0,0.0,0.0,0.0,0.0,0.0,0.0,0.0,0.0,0.0,0.0,0.0
Mg32,0.0,0.0,0.0,0.0,0.0,0.0,0.0,0.0,0.0,0.0,0.0,0.0,0.0,0.0,0.0,0.0,0.0,0.0,0.0,0.0,0.0,0.0,0.0,0.0,0.0,0.0,0.0,0.0,0.0,0.0,0.0,0.0,0.0,0.0,0.0,0.0,0.0,0.0,0.0,0.0,0.0,0.0,0.0,0.0
Mg33,0.0,0.0,0.0,0.0,0.0,0.0,0.0,0.0,0.0,0.0,0.0,0.0,0.0,0.0,0.0,0.0,0.0,0.0,0.0,0.0,0.0,0.0,0.0,0.0,0.0,0.0,0.0,0.0,0.0,0.0,0.0,0.0,0.0,0.0,0.0,0.0,0.0,0.0,0.0,0.0,0.0,0.0,0.0,0.0
Mg34,0.0,0.0,0.0,0.0,0.0,0.0,0.0,0.0,0.0,0.0,0.0,0.0,0.0,0.0,0.0,0.0,0.0,0.0,0.0,0.0,0.0,0.0,0.0,0.0,0.0,0.0,0.0,0.0,0.0,0.0,0.0,0.0,0.0,0.0,0.0,0.0,0.0,0.0,0.0,0.0,0.0,0.0,0.0,0.0
Mg35,0.0,0.0,0.0,0.0,0.0,0.0,0.0,0.0,0.0,0.0,0.0,0.0,0.0,0.0,0.0,0.0,0.0,0.0,0.0,0.0,0.0,0.0,0.0,0.0,0.0,0.0,0.0,0.0,0.0,0.0,0.0,0.0,0.0,0.0,0.0,0.0,0.0,0.0,0.0,0.0,0.0,0.0,0.0,0.0
Mg36,0.0,0.0,0.0,0.0,0.0,0.0,0.0,0.0,0.0,0.0,0.0,0.0,0.0,0.0,0.0,0.0,0.0,0.0,0.0,0.0,0.0,0.0,0.0,0.0,0.0,0.0,0.0,0.0,0.0,0.0,0.0,0.0,0.0,0.0,0.0,0.0,0.0,0.0,0.0,0.0,0.0,0.0,0.0,0.0
Mg37,0.0,0.0,0.0,0.0,0.0,0.0,0.0,0.0,0.0,0.0,0.0,0.0,0.0,0.0,0.0,0.0,0.0,0.0,0.0,0.0,0.0,0.0,0.0,0.0,0.0,0.0,0.0,0.0,0.0,0.0,0.0,0.0,0.0,0.0,0.0,0.0,0.0,0.0,0.0,0.0,0.0,0.0,0.0,0.0
Mn61,0.0,0.0,0.0,0.0,0.0,0.0,0.0,0.0,0.0,0.0,0.0,0.0,0.0,0.0,0.0,0.0,0.0,0.0,0.0,0.0,0.0,0.0,0.0,0.0,0.0,0.0,0.0,0.0,0.0,0.0,0.0,0.0,0.0,0.0,0.0,0.0,0.0,0.0,0.0,0.0,0.0,0.0,0.0,0.0
Mn62,0.0,0.0,0.0,0.0,0.0,0.0,0.0,0.0,0.0,0.0,0.0,0.0,0.0,0.0,0.0,0.0,0.0,0.0,0.0,0.0,0.0,0.0,0.0,0.0,0.0,0.0,0.0,0.0,0.0,0.0,0.0,0.0,0.0,0.0,0.0,0.0,0.0,0.0,0.0,0.0,0.0,0.0,0.0,0.0
Mn62_m1,0.0,0.0,0.0,0.0,0.0,0.0,0.0,0.0,0.0,0.0,0.0,0.0,0.0,0.0,0.0,0.0,0.0,0.0,0.0,0.0,0.0,0.0,0.0,0.0,0.0,0.0,0.0,0.0,0.0,0.0,0.0,0.0,0.0,0.0,0.0,0.0,0.0,0.0,0.0,0.0,0.0,0.0,0.0,0.0
Mn63,0.0,0.0,0.0,0.0,0.0,0.0,0.0,0.0,0.0,0.0,0.0,0.0,0.0,0.0,0.0,0.0,0.0,0.0,0.0,0.0,0.0,0.0,0.0,0.0,0.0,0.0,0.0,0.0,0.0,0.0,0.0,0.0,0.0,0.0,0.0,0.0,0.0,0.0,0.0,0.0,0.0,0.0,0.0,0.0
Mn64,0.0,0.0,0.0,0.0,0.0,0.0,0.0,0.0,0.0,0.0,0.0,0.0,0.0,0.0,0.0,0.0,0.0,0.0,0.0,0.0,0.0,0.0,0.0,0.0,0.0,0.0,0.0,0.0,0.0,0.0,0.0,0.0,0.0,0.0,0.0,0.0,0.0,0.0,0.0,0.0,0.0,0.0,0.0,0.0
Mn65,0.0,0.0,0.0,0.0,0.0,0.0,0.0,0.0,0.0,0.0,0.0,0.0,0.0,0.0,0.0,0.0,0.0,0.0,0.0,0.0,0.0,0.0,0.0,0.0,0.0,0.0,0.0,0.0,0.0,0.0,0.0,0.0,0.0,0.0,0.0,0.0,0.0,0.0,0.0,0.0,0.0,0.0,0.0,0.0
Mn66,257761.1841414997,6.902678375880651e-42,1.848097921289559e-88,4.9472280980123304e-135,1.3241752862501528e-181,3.543957285853489e-228,9.484199902600414e-275,2.54e-321,0.0,0.0,0.0,0.0,0.0,0.0,0.0,0.0,0.0,0.0,0.0,0.0,0.0,0.0,0.0,0.0,0.0,0.0,0.0,0.0,0.0,0.0,0.0,0.0,0.0,0.0,0.0,0.0,0.0,0.0,0.0,0.0,0.0,0.0,0.0,0.0
Mn67,191616.36302881144,-2.4075028023349096e-42,3.0248302856148587e-89,-3.800451717547471e-136,4.774956655555789e-183,-5.999342216823121e-230,7.537682798144936e-277,-1e-323,-0.0,0.0,0.0,0.0,0.0,0.0,0.0,0.0,0.0,0.0,0.0,0.0,0.0,0.0,0.0,0.0,0.0,0.0,0.0,0.0,0.0,0.0,0.0,0.0,0.0,0.0,0.0,0.0,0.0,0.0,0.0,0.0,0.0,0.0,0.0,0.0
Mn68,23428.07341316068,-2.588684727954497e-44,2.860366920730025e-92,-3.1605621313606827e-140,3.49226279810487e-188,-3.858775415301026e-236,4.263753493525465e-284,-0.0,-0.0,-0.0,-0.0,-0.0,-0.0,-0.0,-0.0,-0.0,-0.0,-0.0,-0.0,-0.0,-0.0,-0.0,-0.0,-0.0,-0.0,-0.0,-0.0,-0.0,-0.0,-0.0,-0.0,-0.0,-0.0,-0.0,-0.0,-0.0,-0.0,-0.0,-0.0,-0.0,-0.0,-0.0,-0.0,-0.0
Mn69,2739.9766315207958,5.980721743788323e-44,1.3054502788503157e-90,2.849489582625013e-137,6.219762646677954e-184,1.357627261278604e-230,2.963379609913619e-277,5e-324,0.0,0.0,0.0,0.0,0.0,0.0,0.0,0.0,0.0,0.0,0.0,0.0,0.0,0.0,0.0,0.0,0.0,0.0,0.0,0.0,0.0,0.0,0.0,0.0,0.0,0.0,0.0,0.0,0.0,0.0,0.0,0.0,0.0,0.0,0.0,0.0
Mo109,5624453656032.64,12152591.827485947,25.401401110354644,5.3094120787332986e-05,1.1097756576233774e-10,2.319657980940202e-16,4.8485593566385935e-22,1.013448018113393e-27,2.1183135234009316e-33,4.4277082822428454e-39,9.254815406723604e-45,1.9344456037456456e-50,4.043386744518144e-56,8.451504831197479e-62,1.7665372724633232e-67,3.692424008896881e-73,7.717920971158666e-79,1.6132032500472854e-84,3.3719245580360355e-90,7.048011603468594e-96,1.4731784981441186e-101,3.0792442031822056e-107,6.43624983311672e-113,1.3453077827177375e-118,2.8119682690510194e-124,5.8775884951591105e-130,1.2285361431224594e-135,2.567891672241594e-141,5.367418514532409e-147,1.1219001884529198e-152,2.3450007288286644e-158,4.901530880202482e-164,1.0245201493638377e-169,2.1414565410411945e-175,4.476081919926741e-181,9.355926197854901e-187,1.955579825963958e-192,4.087561589139141e-198,8.543839286524545e-204,1.7858370610957268e-209,3.7327645123347473e-215,7.802240869610204e-221,1.6308278324618997e-226,3.4087635380388525e-232
Mo110,1406048374639.948,130.86862002659385,1.2092116820380442e-08,1.1172983190739962e-18,1.0323713807507712e-28,9.53899822096366e-39,8.813929633866382e-49,8.143974219433284e-59,7.524942771491097e-69,6.952964509526221e-79,6.424462874838807e-89,5.936133166454851e-99,5.484921876954495e-109,5.068007599004191e-119,4.682783383202108e-129,4.3268404369209146e-139,3.997953062217469e-149,3.6940647386267827e-159,3.413275263816357e-169,3.1538288716920315e-179,2.9141032536581776e-189,2.6925994143826893e-199,2.4879322986351663e-209,2.2988221305883144e-219,2.124086411427521e-229,1.9626325252299517e-239,1.8134509068780136e-249,1.6756087292863834e-259,1.5482440704691168e-269,1.4305605239736694e-279,1.321822218981102e-289,1.2213492189333474e-299,1.12851326991533e-309,1.04273e-319,0.0,0.0,0.0,0.0,0.0,0.0,0.0,0.0,0.0,0.0
Mo111,82325523197.03293,7.312285336724653e-05,6.49461403476856e-20,5.768376029963055e-35,5.123347106528719e-50,4.5504463366519325e-65,4.0416082362177764e-80,3.589669216290953e-95,3.188266731771514e-110,2.831749707407332e-125,2.515098980111357e-140,2.233856637544725e-155,1.984063258171128e-170,1.7622021692275322e-185,1.5651499378566567e-200,1.3901323983992877e-215,1.234685596784236e-230,1.0966211021783386e-245,9.739951975425767e-261,8.650815153488855e-276,7.683467332143698e-291,6.82428987288099e-306,6.06e-321,0.0,0.0,0.0,0.0,0.0,0.0,0.0,0.0,0.0,0.0,0.0,0.0,0.0,0.0,0.0,0.0,0.0,0.0,0.0,0.0,0.0
Mo112,3489289678.5808897,0.11321959371145157,3.673428312572581e-12,1.1918498490641545e-22,3.866976409618393e-33,1.2546468470241208e-43,4.07072230084514e-54,1.3207525360544246e-64,4.285203294589852e-75,1.390341246727464e-85,4.510985009257762e-96,1.4635964948637594e-106,4.7486628649425396e-117,1.5407114654905872e-127,4.998863653637957e-138,1.6218895222997403e-148,5.262247192181963e-159,1.7073447439479393e-169,5.539508062292213e-180,1.7973024886142216e-190,5.831377442281752e-201,1.891999988303104e-211,6.138625035285428e-222,1.9916869744608117e-232,6.462061099081964e-243,2.0966263365543767e-253,6.8025385828647235e-264,2.2070948153504234e-274,7.160955376596053e-285,2.323383732721889e-295,7.538256678877226e-306,2.44579975e-316,0.0,0.0,0.0,0.0,0.0,0.0,0.0,0.0,0.0,0.0,0.0,0.0
Mo113,40078826.74422645,3.1616673588122874e-23,2.494115774680455e-53,1.9675104277404912e-83,1.5520920570591902e-113,1.224384745118089e-143,9.658692583726817e-174,7.61936497485045e-204,6.010619151269995e-234,4.741542464609747e-264,3.740417480776027e-294,5e-324,0.0,0.0,0.0,0.0,0.0,0.0,0.0,0.0,0.0,0.0,0.0,0.0,0.0,0.0,0.0,0.0,0.0,0.0,0.0,0.0,0.0,0.0,0.0,0.0,0.0,0.0,0.0,0.0,0.0,0.0,0.0,0.0
Mo114,1579026.0006437858,3.712272287308707e-32,8.727510205342648e-70,2.051827788731013e-107,4.823823949276651e-145,1.134075560405883e-182,2.666198829463459e-220,6.268203324730969e-258,1.4736475196816115e-295,0.0,0.0,0.0,0.0,0.0,0.0,0.0,0.0,0.0,0.0,0.0,0.0,0.0,0.0,0.0,0.0,0.0,0.0,0.0,0.0,0.0,0.0,0.0,0.0,0.0,0.0,0.0,0.0,0.0,0.0,0.0,0.0,0.0,0.0,0.0
Mo115,851.2205385534369,1.6195351985238948e-30,3.081333380084044e-63,5.86255575542536e-96,1.1154119254870581e-128,2.1221866629880312e-161,4.037679828999234e-194,7.682103881735334e-227,1.46159979367161e-259,2.780844921844931e-292,0.0,0.0,0.0,0.0,0.0,0.0,0.0,0.0,0.0,0.0,0.0,0.0,0.0,0.0,0.0,0.0,0.0,0.0,0.0,0.0,0.0,0.0,0.0,0.0,0.0,0.0,0.0,0.0,0.0,0.0,0.0,0.0,0.0,0.0
N17,0.0,0.0,0.0,0.0,0.0,0.0,0.0,0.0,0.0,0.0,0.0,0.0,0.0,0.0,0.0,0.0,0.0,0.0,0.0,0.0,0.0,0.0,0.0,0.0,0.0,0.0,0.0,0.0,0.0,0.0,0.0,0.0,0.0,0.0,0.0,0.0,0.0,0.0,0.0,0.0,0.0,0.0,0.0,0.0
N18,0.0,0.0,0.0,0.0,0.0,0.0,0.0,0.0,0.0,0.0,0.0,0.0,0.0,0.0,0.0,0.0,0.0,0.0,0.0,0.0,0.0,0.0,0.0,0.0,0.0,0.0,0.0,0.0,0.0,0.0,0.0,0.0,0.0,0.0,0.0,0.0,0.0,0.0,0.0,0.0,0.0,0.0,0.0,0.0
N19,0.0,0.0,0.0,0.0,0.0,0.0,0.0,0.0,0.0,0.0,0.0,0.0,0.0,0.0,0.0,0.0,0.0,0.0,0.0,0.0,0.0,0.0,0.0,0.0,0.0,0.0,0.0,0.0,0.0,0.0,0.0,0.0,0.0,0.0,0.0,0.0,0.0,0.0,0.0,0.0,0.0,0.0,0.0,0.0
N20,0.0,0.0,0.0,0.0,0.0,0.0,0.0,0.0,0.0,0.0,0.0,0.0,0.0,0.0,0.0,0.0,0.0,0.0,0.0,0.0,0.0,0.0,0.0,0.0,0.0,0.0,0.0,0.0,0.0,0.0,0.0,0.0,0.0,0.0,0.0,0.0,0.0,0.0,0.0,0.0,0.0,0.0,0.0,0.0
N21,0.0,0.0,0.0,0.0,0.0,0.0,0.0,0.0,0.0,0.0,0.0,0.0,0.0,0.0,0.0,0.0,0.0,0.0,0.0,0.0,0.0,0.0,0.0,0.0,0.0,0.0,0.0,0.0,0.0,0.0,0.0,0.0,0.0,0.0,0.0,0.0,0.0,0.0,0.0,0.0,0.0,0.0,0.0,0.0
N22,0.0,0.0,0.0,0.0,0.0,0.0,0.0,0.0,0.0,0.0,0.0,0.0,0.0,0.0,0.0,0.0,0.0,0.0,0.0,0.0,0.0,0.0,0.0,0.0,0.0,0.0,0.0,0.0,0.0,0.0,0.0,0.0,0.0,0.0,0.0,0.0,0.0,0.0,0.0,0.0,0.0,0.0,0.0,0.0
N23,0.0,0.0,0.0,0.0,0.0,0.0,0.0,0.0,0.0,0.0,0.0,0.0,0.0,0.0,0.0,0.0,0.0,0.0,0.0,0.0,0.0,0.0,0.0,0.0,0.0,0.0,0.0,0.0,0.0,0.0,0.0,0.0,0.0,0.0,0.0,0.0,0.0,0.0,0.0,0.0,0.0,0.0,0.0,0.0
Na27,0.0,0.0,0.0,0.0,0.0,0.0,0.0,0.0,0.0,0.0,0.0,0.0,0.0,0.0,0.0,0.0,0.0,0.0,0.0,0.0,0.0,0.0,0.0,0.0,0.0,0.0,0.0,0.0,0.0,0.0,0.0,0.0,0.0,0.0,0.0,0.0,0.0,0.0,0.0,0.0,0.0,0.0,0.0,0.0
Na28,0.0,0.0,0.0,0.0,0.0,0.0,0.0,0.0,0.0,0.0,0.0,0.0,0.0,0.0,0.0,0.0,0.0,0.0,0.0,0.0,0.0,0.0,0.0,0.0,0.0,0.0,0.0,0.0,0.0,0.0,0.0,0.0,0.0,0.0,0.0,0.0,0.0,0.0,0.0,0.0,0.0,0.0,0.0,0.0
Na29,0.0,0.0,0.0,0.0,0.0,0.0,0.0,0.0,0.0,0.0,0.0,0.0,0.0,0.0,0.0,0.0,0.0,0.0,0.0,0.0,0.0,0.0,0.0,0.0,0.0,0.0,0.0,0.0,0.0,0.0,0.0,0.0,0.0,0.0,0.0,0.0,0.0,0.0,0.0,0.0,0.0,0.0,0.0,0.0
Na30,0.0,0.0,0.0,0.0,0.0,0.0,0.0,0.0,0.0,0.0,0.0,0.0,0.0,0.0,0.0,0.0,0.0,0.0,0.0,0.0,0.0,0.0,0.0,0.0,0.0,0.0,0.0,0.0,0.0,0.0,0.0,0.0,0.0,0.0,0.0,0.0,0.0,0.0,0.0,0.0,0.0,0.0,0.0,0.0
Na31,0.0,0.0,0.0,0.0,0.0,0.0,0.0,0.0,0.0,0.0,0.0,0.0,0.0,0.0,0.0,0.0,0.0,0.0,0.0,0.0,0.0,0.0,0.0,0.0,0.0,0.0,0.0,0.0,0.0,0.0,0.0,0.0,0.0,0.0,0.0,0.0,0.0,0.0,0.0,0.0,0.0,0.0,0.0,0.0
Na32,0.0,0.0,0.0,0.0,0.0,0.0,0.0,0.0,0.0,0.0,0.0,0.0,0.0,0.0,0.0,0.0,0.0,0.0,0.0,0.0,0.0,0.0,0.0,0.0,0.0,0.0,0.0,0.0,0.0,0.0,0.0,0.0,0.0,0.0,0.0,0.0,0.0,0.0,0.0,0.0,0.0,0.0,0.0,0.0
Na33,0.0,0.0,0.0,0.0,0.0,0.0,0.0,0.0,0.0,0.0,0.0,0.0,0.0,0.0,0.0,0.0,0.0,0.0,0.0,0.0,0.0,0.0,0.0,0.0,0.0,0.0,0.0,0.0,0.0,0.0,0.0,0.0,0.0,0.0,0.0,0.0,0.0,0.0,0.0,0.0,0.0,0.0,0.0,0.0
Na34,0.0,0.0,0.0,0.0,0.0,0.0,0.0,0.0,0.0,0.0,0.0,0.0,0.0,0.0,0.0,0.0,0.0,0.0,0.0,0.0,0.0,0.0,0.0,0.0,0.0,0.0,0.0,0.0,0.0,0.0,0.0,0.0,0.0,0.0,0.0,0.0,0.0,0.0,0.0,0.0,0.0,0.0,0.0,0.0
Na35,0.0,0.0,0.0,0.0,0.0,0.0,0.0,0.0,0.0,0.0,0.0,0.0,0.0,0.0,0.0,0.0,0.0,0.0,0.0,0.0,0.0,0.0,0.0,0.0,0.0,0.0,0.0,0.0,0.0,0.0,0.0,0.0,0.0,0.0,0.0,0.0,0.0,0.0,0.0,0.0,0.0,0.0,0.0,0.0
Nb103,511472670985448.25,11865922200452.576,149837244585.56973,1634608622.2166653,16861994.10675621,169708.93318913167,1688.5214026686558,16.707628629498235,0.16487743776727593,0.0016249510104812115,1.6004474445161314e-05,1.5758187074416918e-07,1.5513299524512968e-09,1.527106232414176e-11,1.5032049128882142e-13,1.4796506820752556e-15,1.4564524769089158e-17,1.433611665844423e-19,1.4111260043913825e-21,1.3889915468351932e-23,1.367203569814033e-25,1.3457570181522648e-27,1.3246467197221502e-29,1.303867488644683e-31,1.283414174514535e-33,1.2632816855389188e-35,1.243464999074527e-37,1.223959166081809e-39,1.2047593126484114e-41,1.185860640105482e-43,1.1672584244733566e-45,1.148948015592613e-47,1.1309248361124098e-49,1.113184380419113e-51,1.095722213545188e-53,1.0785339700775331e-55,1.0616153530743987e-57,1.0449621329951667e-59,1.0285701466449174e-61,1.0124352961345926e-63,9.965535478569945e-66,9.80920931478636e-68,9.655335389472831e-70,9.503875235150179e-72
Nb104,103478642938451.89,34756135584202.145,8476441842980.812,2060089689421.7886,500656025075.26166,121672524837.98842,29569609576.912098,7186189417.988179,1746432201.5082066,424428755.91757363,103147301.50656398,25067495.215032574,6092057.738570054,1480529.553180691,359807.4496181515,87442.63194381408,21250.849278901638,5164.512835852963,1255.1118537258108,305.0250460076288,74.12907336964841,18.015305925092065,4.378191077018677,1.064015076212924,0.2585835251346123,0.06284256770969097,0.015272389508539801,0.0037115905635502476,0.0009020136962675188,0.00021921294774387298,5.3274486471107814e-05,1.2947095223938841e-05,3.1464831637307047e-06,7.646778005722306e-07,1.8583672890042796e-07,4.5163191323937226e-08,1.0975838106015348e-08,2.6674160660034628e-09,6.482519512814187e-10,1.5754219887030595e-10,3.828687962424099e-11,9.304714304310852e-12,2.2612892232155435e-12,5.495524939074936e-13
Nb104_m1,103379905185755.61,64861855318.15385,40695145.4226406,25532.64708273539,16.019504544854758,0.010050839030949752,6.306023069765228e-06,3.956478343147198e-09,2.48234437245336e-12,1.5574541420462454e-15,9.771663559233183e-19,6.130864860611124e-22,3.8465818753614465e-25,2.413393943637552e-28,1.514193774086537e-31,9.500242558936188e-35,5.960571904548341e-38,3.7397379286776257e-41,2.346358705029292e-44,1.4721350205984756e-47,9.23636063926304e-51,5.795009062677267e-54,3.635861715247093e-57,2.281185459663835e-60,1.4312445051359853e-63,8.979808392184923e-67,5.634044949761626e-70,3.53487080231687e-73,2.217822488193138e-76,1.3914897783283337e-79,8.730382226260566e-83,5.4775518299654936e-86,3.436685046813761e-89,2.156219507843105e-92,1.3528392921293824e-95,8.487884205072781e-99,5.325405515486305e-102,3.3412265317454068e-105,2.0963276325108134e-108,1.3152623747820905e-111,8.252121890152598e-115,5.177485268003505e-118,3.248419504367935e-121,2.038099333970114e-124
Nb105,50334049367789.16,9823679710447.66,937250970680.2341,89415999987.89096,8530501714.548313,813830405.2040838,77641380.37802537,7407174.650219091,706662.2982707426,67417.28491342072,6431.7713230485515,613.606472065959,58.53953501300353,5.584812604731289,0.5328045708432282,0.05083083906359563,0.004849384448447995,0.00046264295380659006,4.413725184757993e-05,4.2108001097345324e-06,4.017204701681613e-07,3.832510020579028e-08,3.6563068473185207e-09,3.4882047770167444e-10,3.3278313540139436e-11,3.1748312466418915e-12,3.028865459932644e-13,2.8896105845236985e-14,2.7567580800954685e-15,2.630013591753343e-16,2.509096297839738e-17,2.393738287731067e-18,2.2836839682410807e-19,2.1786894973153613e-20,2.0785222437622196e-21,1.9829602718229754e-22,1.8917918494395872e-23,1.804814979130126e-24,1.7218369504326883e-25,1.6426739129261102e-26,1.5671504688814425e-27,1.4950992846416488e-28,1.4263607198684856e-29,1.360782473835097e-30
Nb106,5703970609790.66,3306438988.601579,1916367.6879857802,1110.7010074008617,0.6437474058738367,0.000373107361754404,2.1624802232230532e-07,1.2533445316763795e-10,7.264216792428216e-14,4.210242616754108e-17,2.440200147992436e-20,1.4143072749695834e-23,8.19713526235754e-27,4.75094964853592e-30,2.753586691020626e-33,1.5959419118033613e-36,9.24986525449286e-40,5.3610978315366346e-43,3.1072203938696804e-46,1.8009032626275224e-49,1.043779375206586e-52,6.04960525484919e-56,3.5062700613580743e-59,2.0321870973848256e-62,1.1778283835837177e-65,6.826535327188578e-69,3.956568310194854e-72,2.293173922485982e-75,1.3290928467530404e-78,7.703243866366186e-82,4.464696820066042e-85,2.5876783911958587e-88,1.4997836865803e-91,8.692545078961259e-95,5.038082533225905e-98,2.920005059626228e-101,1.6923957660501555e-104,9.808898856192817e-108,5.6851062086720765e-111,3.295011303279614e-114,1.9097443548510957e-117,1.1068622123558565e-120,6.415224917561421e-124,3.71817831374928e-127
Nb107,836974578696.6973,77.34575725336872,7.146663057459316e-09,6.603438206641726e-19,6.101504408189867e-29,5.637723088817002e-39,5.20919424126248e-49,4.813238290654719e-59,4.4473793392296366e-69,4.109329684634449e-79,3.796975515010358e-89,3.5083636914059493e-99,3.2416895348723384e-109,2.9952855418731225e-119,2.7676109574470597e-129,2.557242140924906e-139,2.362863663957468e-149,2.183260085191306e-159,2.017308350159363e-169,1.8639707688633472e-179,1.7222885271369393e-189,1.591375691216643e-199,1.4704136680310651e-209,1.3586460865690266e-219,1.2553740683198898e-229,1.159951857212348e-239,1.0717827817258396e-249,9.903155239258246e-260,9.150406720933378e-270,8.454875353925499e-280,7.812212006585542e-290,7.218398129016017e-300,6.6697206252286e-310,6.163e-320,0.0,0.0,0.0,0.0,0.0,0.0,0.0,0.0,0.0,0.0
Nb108,32503243857.92401,8.21831054310974e-06,2.0766984848583628e-21,5.2476437515841705e-37,1.3260357795955432e-52,3.350781745115109e-68,8.46714581624732e-84,2.1395770816201443e-99,5.406532717802034e-115,1.3661856952837462e-130,3.452237231178219e-146,8.72351536213223e-162,2.2043595262248175e-177,5.570232548625218e-193,1.407551276306612e-208,3.556764602083529e-224,8.987647304636226e-240,2.2711034636707695e-255,5.73888890815362e-271,1.4501693307664785e-286,3.6644568688336773e-302,9.25978e-318,0.0,0.0,0.0,0.0,0.0,0.0,0.0,0.0,0.0,0.0,0.0,0.0,0.0,0.0,0.0,0.0,0.0,0.0,0.0,0.0,0.0,0.0
Nb109,174644605017.0195,2.5079530552636382e-05,3.594474613125167e-21,5.15171036287195e-37,7.383588012003599e-53,1.0582382954582696e-68,1.5166993176675613e-84,2.1737796015188333e-100,3.115527053342486e-116,4.465268150150506e-132,6.399758150505364e-148,9.172328068042084e-164,1.31460596180731e-179,1.8841332560275715e-195,2.700397099666732e-211,3.8702912718938728e-227,5.547019188824695e-243,7.950156647030017e-259,1.1394406357860005e-274,1.633080982077793e-290,2.3405813433926485e-306,3.36e-322,0.0,0.0,0.0,0.0,0.0,0.0,0.0,0.0,0.0,0.0,0.0,0.0,0.0,0.0,0.0,0.0,0.0,0.0,0.0,0.0,0.0,0.0
Nb110,5522214844.477491,1.0840349238326109e-08,2.125183670035916e-26,4.1662916314721265e-44,8.167758016972389e-62,1.6012386295734296e-79,3.139129665093335e-97,6.154070275517986e-115,1.2064675561876761e-132,2.365205301479842e-150,4.636839249805841e-168,9.090237627612224e-186,1.7820850729280134e-203,3.493667973547849e-221,6.849120782623267e-239,1.3427279252104744e-256,2.632335358596922e-274,5.160531266252939e-292,1.01169035560002e-309,0.0,0.0,0.0,0.0,0.0,0.0,0.0,0.0,0.0,0.0,0.0,0.0,0.0,0.0,0.0,0.0,0.0,0.0,0.0,0.0,0.0,0.0,0.0,0.0,0.0
Nb111,28719963.45075728,6.752030958787e-31,1.5873948498084111e-68,3.731947357141492e-106,8.773766072226027e-144,2.0627024907743306e-181,4.8493902509155333e-219,1.1400861690357843e-256,2.6803297024430963e-294,0.0,0.0,0.0,0.0,0.0,0.0,0.0,0.0,0.0,0.0,0.0,0.0,0.0,0.0,0.0,0.0,0.0,0.0,0.0,0.0,0.0,0.0,0.0,0.0,0.0,0.0,0.0,0.0,0.0,0.0,0.0,0.0,0.0,0.0,0.0
Nb112,892238.0765305321,2.1014981699094332e-38,4.9496817881898634e-82,1.1658040037881106e-125,2.74583101178601e-169,6.467286028171644e-213,1.5232470021153986e-256,3.587720443082766e-300,0.0,0.0,0.0,0.0,0.0,0.0,0.0,0.0,0.0,0.0,0.0,0.0,0.0,0.0,0.0,0.0,0.0,0.0,0.0,0.0,0.0,0.0,0.0,0.0,0.0,0.0,0.0,0.0,0.0,0.0,0.0,0.0,0.0,0.0,0.0,0.0
Nb113,454.59174698980763,9.056843195035788e-45,1.8043972246003913e-91,3.59490528215195e-138,7.162139140679516e-185,1.4269148432124302e-231,2.8428461522275854e-278,0.0,0.0,0.0,0.0,0.0,0.0,0.0,0.0,0.0,0.0,0.0,0.0,0.0,0.0,0.0,0.0,0.0,0.0,0.0,0.0,0.0,0.0,0.0,0.0,0.0,0.0,0.0,0.0,0.0,0.0,0.0,0.0,0.0,0.0,0.0,0.0,0.0
Nd158,18815593770.57971,103069047.33863518,564215.9371731582,3088.605473515972,16.9075049861719,0.09255430235704705,0.0005066565937319423,2.773516707864951e-06,1.518266025543104e-08,8.311223501130231e-11,4.549692538962661e-13,2.490572199902648e-15,1.363377817249645e-17,7.463341446760962e-20,4.0855487632406314e-22,2.236492704492456e-24,1.2242907641323824e-26,6.701957364444018e-29,3.6687553178313926e-31,2.0083335136574278e-33,1.099392887412219e-35,6.018247032543148e-38,3.2944816870671574e-40,1.8034503282651758e-42,9.872366567668433e-45,5.404286445758238e-47,2.958390147652702e-49,1.619468611364592e-51,8.865222138723288e-54,4.852959978192256e-56,2.656585495705071e-58,1.4542560679883206e-60,7.960823074205469e-63,4.357877915301997e-65,2.3855699024654305e-67,1.3058979324698565e-69,7.148687650135865e-72,3.913302398951817e-74,2.1422023754739092e-76,1.1726747768624364e-78,6.419403451483624e-81,3.514080927294814e-83,1.923662355374033e-85,1.0530425832656754e-87
Nd159,641383705.2900933,81830.09716591639,10.437710127821772,0.0013313657992063447,1.698202833370174e-07,2.166116077929624e-11,2.762955502643684e-15,3.5242447010898537e-19,4.4952952377538374e-23,5.7339035704084895e-27,7.313791067296217e-31,9.328991867271871e-35,1.1899449746217344e-38,1.5178157112506942e-42,1.9360261041076986e-46,2.469467833283852e-50,3.149891092214526e-54,4.017794343819649e-58,5.124834769407887e-62,6.536902879096418e-66,8.338044283069849e-70,1.0635462045604663e-73,1.3565897359548693e-77,1.7303768315911192e-81,2.2071551184188887e-85,2.8153022092206474e-89,3.5910147243844176e-93,4.580462697223361e-97,5.842537592003683e-101,7.452357495383315e-105,9.505738108558644e-109,1.2124895651407077e-112,1.546572111271871e-116,1.972705880636885e-120,2.5162541488602145e-124,3.2095686456878784e-128,4.09391511427767e-132,5.221929428251598e-136,6.660750453408292e-140,8.49601612050763e-144,1.0836960553444846e-147,1.382291563141509e-151,1.7631603954900584e-155,2.2489716808800407e-159
Nd160,18257735.205670234,139.47611503642275,0.0010654983461262928,8.13964975509532e-09,6.218113653249184e-14,4.75019669986662e-19,3.628812521886451e-24,2.772154744532925e-29,2.1177291142176213e-34,1.6177944647749388e-39,1.2358799398304354e-44,9.441243983287853e-50,7.212439095354109e-55,5.509790637364396e-60,4.2090882801552286e-65,3.215444164066232e-70,2.456370711199786e-75,1.876492566180931e-80,1.4335068948987728e-85,1.0950973399828462e-90,8.365765022163974e-96,6.3908496396456e-101,4.882154711296615e-106,3.729619059909144e-111,2.84916377185911e-116,2.1765585354639874e-121,1.6627359596145398e-126,1.270212046378951e-131,9.703516865902363e-137,7.412796929085385e-142,5.662849776141217e-147,4.32601457910156e-152,3.3047675425625755e-157,2.5246074211435737e-162,1.9286205606918346e-167,1.4733289762090705e-172,1.12551857860449e-177,8.59816165459104e-183,6.56838414254718e-188,5.017778448144022e-193,3.833225951503916e-198,2.9283120701987124e-203,2.2370222076544075e-208,1.708925905974022e-213
Nd161,223070.50437594924,0.15305475426862294,1.0501503939197732e-07,7.205368138478905e-14,4.943799508299122e-20,3.3920756175850724e-26,2.3273955539863226e-32,1.5968895376724158e-38,1.0956694452560621e-44,7.517686758832011e-51,5.158089827969071e-57,3.5391060477667013e-63,2.4282771403906473e-69,1.666107144278625e-75,1.1431615321180749e-81,7.843542913804381e-88,5.381668619193573e-94,3.692509551498731e-100,2.5335314662968717e-106,1.7383250066641245e-112,1.1927121762614603e-118,8.183523391475969e-125,5.614938493270945e-131,3.852562371368689e-137,2.643348069275056e-143,1.8136731717227995e-149,1.244410606405372e-155,8.538240414413896e-162,5.858319512794551e-168,4.019552723773379e-174,2.75792470245223e-180,1.892287323266134e-186,1.2983499189118015e-192,8.90833274213718e-199,6.112249948083852e-205,4.193781317926858e-211,2.8774676906179178e-217,1.9743090263569202e-223,1.3546272454295955e-229,9.294466821367992e-236,6.377187066403222e-242,4.375561897364953e-248,3.0021923017651418e-254,2.0598859822336846e-260
Ne26,0.0,0.0,0.0,0.0,0.0,0.0,0.0,0.0,0.0,0.0,0.0,0.0,0.0,0.0,0.0,0.0,0.0,0.0,0.0,0.0,0.0,0.0,0.0,0.0,0.0,0.0,0.0,0.0,0.0,0.0,0.0,0.0,0.0,0.0,0.0,0.0,0.0,0.0,0.0,0.0,0.0,0.0,0.0,0.0
Ne27,0.0,0.0,0.0,0.0,0.0,0.0,0.0,0.0,0.0,0.0,0.0,0.0,0.0,0.0,0.0,0.0,0.0,0.0,0.0,0.0,0.0,0.0,0.0,0.0,0.0,0.0,0.0,0.0,0.0,0.0,0.0,0.0,0.0,0.0,0.0,0.0,0.0,0.0,0.0,0.0,0.0,0.0,0.0,0.0
Ne28,0.0,0.0,0.0,0.0,0.0,0.0,0.0,0.0,0.0,0.0,0.0,0.0,0.0,0.0,0.0,0.0,0.0,0.0,0.0,0.0,0.0,0.0,0.0,0.0,0.0,0.0,0.0,0.0,0.0,0.0,0.0,0.0,0.0,0.0,0.0,0.0,0.0,0.0,0.0,0.0,0.0,0.0,0.0,0.0
Ne29,0.0,0.0,0.0,0.0,0.0,0.0,0.0,0.0,0.0,0.0,0.0,0.0,0.0,0.0,0.0,0.0,0.0,0.0,0.0,0.0,0.0,0.0,0.0,0.0,0.0,0.0,0.0,0.0,0.0,0.0,0.0,0.0,0.0,0.0,0.0,0.0,0.0,0.0,0.0,0.0,0.0,0.0,0.0,0.0
Ne30,0.0,0.0,0.0,0.0,0.0,0.0,0.0,0.0,0.0,0.0,0.0,0.0,0.0,0.0,0.0,0.0,0.0,0.0,0.0,0.0,0.0,0.0,0.0,0.0,0.0,0.0,0.0,0.0,0.0,0.0,0.0,0.0,0.0,0.0,0.0,0.0,0.0,0.0,0.0,0.0,0.0,0.0,0.0,0.0
Ne31,0.0,0.0,0.0,0.0,0.0,0.0,0.0,0.0,0.0,0.0,0.0,0.0,0.0,0.0,0.0,0.0,0.0,0.0,0.0,0.0,0.0,0.0,0.0,0.0,0.0,0.0,0.0,0.0,0.0,0.0,0.0,0.0,0.0,0.0,0.0,0.0,0.0,0.0,0.0,0.0,0.0,0.0,0.0,0.0
Ne32,0.0,0.0,0.0,0.0,0.0,0.0,0.0,0.0,0.0,0.0,0.0,0.0,0.0,0.0,0.0,0.0,0.0,0.0,0.0,0.0,0.0,0.0,0.0,0.0,0.0,0.0,0.0,0.0,0.0,0.0,0.0,0.0,0.0,0.0,0.0,0.0,0.0,0.0,0.0,0.0,0.0,0.0,0.0,0.0
Ni72,2755825884.546251,33583270.435759746,406194.912158672,4912.991037582329,59.42339554941406,0.7187352697390205,0.008693215579329441,0.00010514580303835243,1.271754944495785e-06,1.5382075100606132e-08,1.8604860584559834e-10,2.250287006837383e-12,2.7217573548191968e-14,3.292008119854786e-16,3.981735345364671e-18,4.815971219787162e-20,5.824992566826175e-22,7.045419678625019e-24,8.521545371688357e-26,1.0306942500821342e-27,1.2466408272398776e-29,1.5078315921695316e-31,1.8237459103423287e-33,2.2058492226606757e-35,2.668009159345763e-37,3.226998836197376e-39,3.9031055992974123e-41,4.7208673112564514e-43,5.70996290095289e-45,6.906289497380702e-47,8.353265239896954e-49,1.0103405047606915e-50,1.2220226537098221e-52,1.4780555259770624e-54,1.7877312922466419e-56,2.1622889783962327e-58,2.615322362130906e-60,3.163273330346035e-62,3.8260286025794545e-64,4.6276414773663493e-66,5.597204795751834e-68,6.769906804322459e-70,8.188308238068553e-72,9.903886972094243e-74
Ni73,2584048874.690037,675986.8146157673,176.29816841147232,0.04597877282992036,1.1991318854835331e-05,3.127350275533187e-09,8.1561668606066e-13,2.127138056088576e-16,5.547601449296202e-20,1.4468210820704624e-23,3.773326657756046e-27,9.840880978702101e-31,2.566513509714855e-34,6.693497878700697e-38,1.7456722391127578e-41,4.552734043744088e-45,1.1873584747845422e-48,3.0966450798502228e-52,8.076087343631117e-56,2.1062532224427034e-59,5.493133553773147e-63,1.4326157898808515e-66,3.736279086107751e-70,9.744260469478126e-74,2.54131476553986e-77,6.627779253007592e-81,1.7285327430609042e-84,4.508034033387309e-88,1.175700658709604e-91,3.0662413563270395e-95,7.996794069648064e-99,2.085573441908067e-102,5.439200439212624e-106,1.41854996920482e-109,3.699595257832222e-113,9.648588607313574e-117,2.5163634296506936e-120,6.562705871078103e-124,1.71156152735305e-127,4.463772900177014e-131,1.1641573023185083e-134,3.0361361450260234e-138,7.918279319104802e-142,2.0650967012161238e-145
Ni74,1659402633.3458965,62130.56444074208,2.324842831182872,8.699251710255093e-05,3.2551439307349656e-09,1.2180314310608633e-13,4.5577111139205435e-18,1.705434693081976e-22,6.381509094519416e-27,2.3878755656037593e-31,8.935111793077965e-36,3.3433996270494452e-40,1.2510555351768763e-44,4.681282905681061e-49,1.7516736089516133e-53,6.554528948835594e-58,2.4526172867807718e-62,9.177366676341373e-67,3.434048172373891e-71,1.2849750114687261e-75,4.808205060669371e-80,1.799166186042923e-84,6.7322398361887e-89,2.5191143299357634e-93,9.426189740263787e-98,3.5271544432729266e-102,1.3198141358813547e-106,4.938568416232692e-111,1.8479464144793501e-115,6.914768943085912e-120,2.587414286562895e-124,9.68175906586703e-129,3.622785075289098e-133,1.3555978425457837e-137,5.0724662725627956e-142,1.8980492059478992e-146,7.102246904402372e-151,2.6575660384896084e-155,9.94425756242791e-160,3.72100851063353e-164,1.3923517416243054e-168,5.209994459470251e-173,1.9495104186852017e-177,7.294807896875572e-182
Ni75,554240471.2263153,5328.87518528179,0.05122346510466754,4.923822169031237e-07,4.732991940842817e-12,4.549557628822836e-17,4.373232592974629e-22,4.203741302471224e-27,4.0408189051025346e-32,3.884210813409304e-37,3.733672306857055e-42,3.5889681494283775e-47,3.4498722220360315e-52,3.316167169182437e-57,3.187644059313396e-62,3.064102058335339e-67,2.9453481157859095e-72,2.8311966631674748e-77,2.7214693239721953e-82,2.6159946349454813e-87,2.51460777815237e-92,2.417150323428004e-97,2.3234699808098974e-102,2.2334203625650255e-107,2.146860754439943e-112,2.063655895776426e-117,1.9836757681490956e-122,1.9067953921946956e-127,1.8328946323155614e-132,1.761858008952107e-137,1.6935745181309765e-142,1.6279374580068877e-147,1.5648442621271005e-152,1.5041963391579812e-157,1.4458989188232056e-162,1.389860903812864e-167,1.3359947274320557e-172,1.28421621676652e-177,1.2344444611515028e-182,1.1866016857383079e-187,1.140613129960967e-192,1.0964069307131204e-197,1.0539140100525599e-202,1.0130679672579497e-207
Ni76,181458679.02314034,4.078106840184961e-05,9.165147398566972e-18,2.0597774930695353e-30,4.6291490321467065e-43,1.0403560983614146e-55,2.338098868456316e-68,5.254649179532747e-81,1.1809311561830586e-93,2.654027601073582e-106,5.964668194568756e-119,1.3405010052234862e-131,3.012645274453684e-144,6.77062644065303e-157,1.5216322607772962e-169,3.419720106157427e-182,7.685487424197651e-195,1.727238344481666e-207,3.881799727177652e-220,8.723966307289466e-233,1.9606263455033405e-245,4.406316497886762e-258,9.902766595011041e-271,2.2255502137056598e-283,5.001707054491852e-296,1.1240848804439607e-308,2.525e-321,0.0,0.0,0.0,0.0,0.0,0.0,0.0,0.0,0.0,0.0,0.0,0.0,0.0,0.0,0.0,0.0,0.0
Ni77,20172381.115526404,-4.519427883193212e-40,1.012534329705972e-86,-2.2684857360945386e-133,5.082324010049756e-180,-1.1386457905438375e-226,2.551026329213627e-273,-5.7154e-320,0.0,0.0,0.0,0.0,0.0,0.0,0.0,0.0,0.0,0.0,0.0,0.0,0.0,0.0,0.0,0.0,0.0,0.0,0.0,0.0,0.0,0.0,0.0,0.0,0.0,0.0,0.0,0.0,0.0,0.0,0.0,0.0,0.0,0.0,0.0,0.0
Ni78,1810436.6370457476,7.787894999318095e-22,3.3500928604369146e-49,1.441098290941658e-76,6.199124533772231e-104,2.6666567594154793e-131,1.147106859008228e-158,4.934471380081723e-186,2.122645123218726e-213,9.130911848656034e-241,3.9278139466620673e-268,1.689614646960349e-295,7.4e-323,0.0,0.0,0.0,0.0,0.0,0.0,0.0,0.0,0.0,0.0,0.0,0.0,0.0,0.0,0.0,0.0,0.0,0.0,0.0,0.0,0.0,0.0,0.0,0.0,0.0,0.0,0.0,0.0,0.0,0.0,0.0
O22,0.0,0.0,0.0,0.0,0.0,0.0,0.0,0.0,0.0,0.0,0.0,0.0,0.0,0.0,0.0,0.0,0.0,0.0,0.0,0.0,0.0,0.0,0.0,0.0,0.0,0.0,0.0,0.0,0.0,0.0,0.0,0.0,0.0,0.0,0.0,0.0,0.0,0.0,0.0,0.0,0.0,0.0,0.0,0.0
O23,0.0,0.0,0.0,0.0,0.0,0.0,0.0,0.0,0.0,0.0,0.0,0.0,0.0,0.0,0.0,0.0,0.0,0.0,0.0,0.0,0.0,0.0,0.0,0.0,0.0,0.0,0.0,0.0,0.0,0.0,0.0,0.0,0.0,0.0,0.0,0.0,0.0,0.0,0.0,0.0,0.0,0.0,0.0,0.0
O24,0.0,0.0,0.0,0.0,0.0,0.0,0.0,0.0,0.0,0.0,0.0,0.0,0.0,0.0,0.0,0.0,0.0,0.0,0.0,0.0,0.0,0.0,0.0,0.0,0.0,0.0,0.0,0.0,0.0,0.0,0.0,0.0,0.0,0.0,0.0,0.0,0.0,0.0,0.0,0.0,0.0,0.0,0.0,0.0
P36,0.0,0.0,0.0,0.0,0.0,0.0,0.0,0.0,0.0,0.0,0.0,0.0,0.0,0.0,0.0,0.0,0.0,0.0,0.0,0.0,0.0,0.0,0.0,0.0,0.0,0.0,0.0,0.0,0.0,0.0,0.0,0.0,0.0,0.0,0.0,0.0,0.0,0.0,0.0,0.0,0.0,0.0,0.0,0.0
P37,0.0,0.0,0.0,0.0,0.0,0.0,0.0,0.0,0.0,0.0,0.0,0.0,0.0,0.0,0.0,0.0,0.0,0.0,0.0,0.0,0.0,0.0,0.0,0.0,0.0,0.0,0.0,0.0,0.0,0.0,0.0,0.0,0.0,0.0,0.0,0.0,0.0,0.0,0.0,0.0,0.0,0.0,0.0,0.0
P38,0.0,0.0,0.0,0.0,0.0,0.0,0.0,0.0,0.0,0.0,0.0,0.0,0.0,0.0,0.0,0.0,0.0,0.0,0.0,0.0,0.0,0.0,0.0,0.0,0.0,0.0,0.0,0.0,0.0,0.0,0.0,0.0,0.0,0.0,0.0,0.0,0.0,0.0,0.0,0.0,0.0,0.0,0.0,0.0
P39,0.0,0.0,0.0,0.0,0.0,0.0,0.0,0.0,0.0,0.0,0.0,0.0,0.0,0.0,0.0,0.0,0.0,0.0,0.0,0.0,0.0,0.0,0.0,0.0,0.0,0.0,0.0,0.0,0.0,0.0,0.0,0.0,0.0,0.0,0.0,0.0,0.0,0.0,0.0,0.0,0.0,0.0,0.0,0.0
P40,0.0,0.0,0.0,0.0,0.0,0.0,0.0,0.0,0.0,0.0,0.0,0.0,0.0,0.0,0.0,0.0,0.0,0.0,0.0,0.0,0.0,0.0,0.0,0.0,0.0,0.0,0.0,0.0,0.0,0.0,0.0,0.0,0.0,0.0,0.0,0.0,0.0,0.0,0.0,0.0,0.0,0.0,0.0,0.0
P41,0.0,0.0,0.0,0.0,0.0,0.0,0.0,0.0,0.0,0.0,0.0,0.0,0.0,0.0,0.0,0.0,0.0,0.0,0.0,0.0,0.0,0.0,0.0,0.0,0.0,0.0,0.0,0.0,0.0,0.0,0.0,0.0,0.0,0.0,0.0,0.0,0.0,0.0,0.0,0.0,0.0,0.0,0.0,0.0
P42,0.0,0.0,0.0,0.0,0.0,0.0,0.0,0.0,0.0,0.0,0.0,0.0,0.0,0.0,0.0,0.0,0.0,0.0,0.0,0.0,0.0,0.0,0.0,0.0,0.0,0.0,0.0,0.0,0.0,0.0,0.0,0.0,0.0,0.0,0.0,0.0,0.0,0.0,0.0,0.0,0.0,0.0,0.0,0.0
P43,0.0,0.0,0.0,0.0,0.0,0.0,0.0,0.0,0.0,0.0,0.0,0.0,0.0,0.0,0.0,0.0,0.0,0.0,0.0,0.0,0.0,0.0,0.0,0.0,0.0,0.0,0.0,0.0,0.0,0.0,0.0,0.0,0.0,0.0,0.0,0.0,0.0,0.0,0.0,0.0,0.0,0.0,0.0,0.0
P44,0.0,0.0,0.0,0.0,0.0,0.0,0.0,0.0,0.0,0.0,0.0,0.0,0.0,0.0,0.0,0.0,0.0,0.0,0.0,0.0,0.0,0.0,0.0,0.0,0.0,0.0,0.0,0.0,0.0,0.0,0.0,0.0,0.0,0.0,0.0,0.0,0.0,0.0,0.0,0.0,0.0,0.0,0.0,0.0
Pd119,157659809790.13052,84691494.0173709,45266.26107775121,24.19409901469987,0.012931362414219985,6.91160823084595e-06,3.6941450410644106e-09,1.9744619672620646e-12,1.0553186236134066e-15,5.640510760962542e-19,3.0147635920229056e-22,1.6113433518626715e-25,8.61237479602779e-29,4.60317781070761e-32,2.4603255732395467e-35,1.3150050194141857e-38,7.028493382717587e-42,3.756618301952319e-45,2.007852934921111e-48,1.0731655665352428e-51,5.735899841898321e-55,3.0657475437373474e-58,1.638593465889566e-61,8.758022335990523e-65,4.681024112107525e-68,2.5019331873688138e-71,1.3372436296294144e-74,7.147355229197999e-78,3.820148074775341e-81,2.0418085914623376e-84,1.091314326713525e-87,5.832902088227702e-91,3.1175937067838206e-94,1.6663044182062167e-97,8.906132983562921e-101,4.760186905481221e-104,2.5442444455898905e-107,1.3598583264580073e-110,7.268227199012024e-114,3.884752226657015e-117,2.076338486580055e-120,1.1097700083084824e-123,5.931544780878019e-127,3.1703166623855478e-130
Pd120,981411961569.4384,937051.6161025654,0.8936420594239871,8.522434801330449e-07,8.127627183275657e-13,7.751109298015278e-19,7.392033861174859e-25,7.049592839407796e-31,6.723015632064633e-37,6.411567337097779e-43,6.1145470972993744e-49,5.831286523150807e-55,5.561148188734832e-61,5.303524197325554e-67,5.057834813428459e-73,4.8235271581921264e-79,4.600073965255865e-85,4.386972394233581e-91,4.1837428991638077e-97,3.9899281493795537e-103,3.805092000369606e-109,3.6288185123153764e-115,3.4607110140947116e-121,3.3003912106463543e-127,3.147498331686358e-133,3.0016883198607996e-139,2.862633056507873e-145,2.73001962328708e-151,2.603549598013954e-157,2.4829383831157247e-163,2.3679145651967284e-169,2.2582193042723927e-175,2.1536057512973715e-181,2.0538384926770893e-187,1.958693020512666e-193,1.8679552273871098e-199,1.7814209245558832e-205,1.6988953824576217e-211,1.620192892511007e-217,1.5451363492116995e-223,1.4735568515889163e-229,1.4052933231248058e-235,1.3401921492813165e-241,1.2781068318188825e-247
Pd121,17107020516.315945,0.4687803632510772,1.2838474505379976e-11,3.516069369504945e-22,9.629449204413086e-33,2.637214520981636e-43,7.222531924763708e-54,1.9780327686355184e-64,5.417232730229709e-75,1.4836159905336482e-85,4.063174903090801e-96,1.1127805576676608e-106,3.0475689554520713e-117,8.346368449950089e-128,2.285817558867628e-138,6.260162061811229e-149,1.7144688073686308e-159,4.69541085744603e-170,1.2859308390719348e-180,3.521775139770629e-191,9.645075581247957e-202,2.6414941123709707e-212,7.234252429557117e-223,1.981242659957259e-233,5.426023650483576e-244,1.4860235573689023e-254,4.069768499550353e-265,1.1145863440589167e-275,3.0525144575173686e-286,8.359912682422052e-297,2.289526913971163e-307,6.27032e-318,0.0,0.0,0.0,0.0,0.0,0.0,0.0,0.0,0.0,0.0,0.0,0.0
Pd122,1721875215.753734,1.0823062689911482e-08,6.801992301397775e-26,4.2748619862842956e-43,2.686631238618603e-60,1.6884726186435772e-77,1.0611578332480722e-94,6.669080295588995e-112,4.1913305066858873e-129,2.6341340391260477e-146,1.6554795965181362e-163,1.0404226412856088e-180,6.538765411403622e-198,4.1094312454155376e-215,2.5826626432179063e-232,1.6231312632653198e-249,1.0200926182549002e-266,6.410996900674199e-284,4.0291323086688525e-301,2.532195e-318,0.0,0.0,0.0,0.0,0.0,0.0,0.0,0.0,0.0,0.0,0.0,0.0,0.0,0.0,0.0,0.0,0.0,0.0,0.0,0.0,0.0,0.0,0.0,0.0
Pd123,144232724.60165682,6.634051079025156e-05,3.05129295841322e-17,1.403424334114444e-29,6.454968069040584e-42,2.96892477631329e-54,1.3655395709365648e-66,6.280719318557943e-79,2.8887800835717776e-91,1.328677488672904e-103,6.111174329073056e-116,2.8107988581656105e-128,1.2928104805453085e-140,5.946206124825878e-153,2.734922698337269e-165,1.257911685007294e-177,5.785691157705825e-190,2.6610947788565355e-202,1.2239549656268684e-214,5.629509214723957e-227,2.589259808462863e-239,1.1909148915124195e-251,5.477543327983032e-264,2.519363988456644e-276,1.1587667182669956e-288,5.329679687077778e-301,2.4513549724e-313,0.0,0.0,0.0,0.0,0.0,0.0,0.0,0.0,0.0,0.0,0.0,0.0,0.0,0.0,0.0,0.0,0.0
Pd124,96812602.32713766,-1.2245346234475993e-39,1.548853153389854e-86,-1.959067587661347e-133,2.4779274940459044e-180,-3.134207673293829e-227,3.964303944703043e-274,-5.015e-321,-0.0,-0.0,-0.0,-0.0,-0.0,-0.0,-0.0,-0.0,-0.0,-0.0,-0.0,-0.0,-0.0,-0.0,-0.0,-0.0,-0.0,-0.0,-0.0,-0.0,-0.0,-0.0,-0.0,-0.0,-0.0,-0.0,-0.0,-0.0,-0.0,-0.0,-0.0,-0.0,-0.0,-0.0,-0.0,-0.0
Pd125,1.0966479592126683e-08,3.088722602073486e-16,8.699425583583768e-24,2.4502040239387977e-31,6.901030075198031e-39,1.9436836946431103e-46,5.474409274637277e-54,1.5418741737058937e-61,4.342707766764027e-69,1.2231290379671337e-76,3.444958131809053e-84,9.702767379018127e-92,2.7327964871927343e-99,7.696955258932209e-107,2.1678570115135682e-114,6.105796206772433e-122,1.7197050875882135e-129,4.843570745116763e-137,1.3641977181013337e-144,3.842279822069621e-152,1.0821828856032978e-159,3.047981542536026e-167,8.584677883222265e-175,2.4178851915673784e-182,6.810003682288962e-190,1.9180459979874453e-197,5.402200383479253e-205,1.5215364497976135e-212,4.285426314696824e-220,1.2069956458249034e-227,3.399518232396304e-235,9.574785337768646e-243,2.6967501862676326e-250,7.595430404530965e-258,2.1392624101351578e-265,6.025259156725681e-273,1.697021727381869e-280,4.779682779273454e-288,1.346203593146011e-295,3.791599145570718e-303,1.0679086101008e-310,3.00778e-318,0.0,0.0
Pd126,0.0,0.0,0.0,0.0,0.0,0.0,0.0,0.0,0.0,0.0,0.0,0.0,0.0,0.0,0.0,0.0,0.0,0.0,0.0,0.0,0.0,0.0,0.0,0.0,0.0,0.0,0.0,0.0,0.0,0.0,0.0,0.0,0.0,0.0,0.0,0.0,0.0,0.0,0.0,0.0,0.0,0.0,0.0,0.0
Pm159,38431899832.57626,356188582.3690449,3192009.712237116,28591.968437839296,256.10673411042444,2.294023692080487,0.020548248022282063,0.00018405672889721718,1.6486505037119972e-06,1.4767449686165237e-08,1.3227641015631391e-10,1.1848388892926696e-12,1.0612952014054016e-14,9.506334698370207e-17,8.515104871647955e-19,7.627231028126278e-21,6.831936192601878e-23,6.11956710995941e-25,5.481477074368702e-27,4.9099209759346775e-29,4.397961290880659e-31,3.9393838741778566e-33,3.528622532515521e-35,3.1606914620816858e-37,2.831124731087156e-39,2.535922072474083e-41,2.2715003288434327e-43,2.034649960241849e-45,1.822496086901292e-47,1.632463594069868e-49,1.4622458753777528e-51,1.3097768353465288e-53,1.1732058112095456e-55,1.0508751096454457e-57,9.412998857666595e-60,8.431501201348933e-62,7.552344750413704e-64,6.764858341000543e-66,6.059483496340364e-68,5.4276584063681384e-70,4.86171400483405e-72,4.354780882501316e-74,3.900705906547102e-76,3.493977534096252e-78
Pm160,2737424885.244147,32622499.89860758,384659.9197718107,4535.58866030728,53.479874941067216,0.6305900375697204,0.007435391274201172,8.767192646038966e-05,1.0337541638118783e-06,1.2189166068812377e-08,1.4372447014406863e-10,1.694678963399006e-12,1.998223953171171e-14,2.3561388636219884e-16,2.778162245457965e-18,3.2757769846481895e-20,3.8625227416773393e-22,4.55436435382884e-24,5.370126224401018e-26,6.332004518205773e-28,7.466171099739924e-30,8.803485646656976e-32,1.0380335314522198e-33,1.2239624799392275e-35,1.4431943736953733e-37,1.7016943202126577e-39,2.0064958762479582e-41,2.3658924247316815e-43,2.789662830441342e-45,3.289337514332923e-47,3.8785121861791984e-49,4.573217771904809e-51,5.392356601016416e-53,6.358216722405095e-55,7.497078342602867e-57,8.839928887146217e-59,1.0423306141238966e-60,1.2290292410832238e-62,1.4491686754372358e-64,1.7087387180613914e-66,2.0148020420888147e-68,2.3756863620500054e-70,2.8012110236791206e-72,3.3029541796966644e-74
Pm161,159489610.69860017,238380.83039719766,355.3850137193207,0.5298176000071063,0.0007898664217367944,1.177554245420997e-06,1.7555297487643811e-09,2.617191276563992e-12,3.901779609798e-15,5.81687867438649e-18,8.671960206969259e-21,1.2928393050795415e-23,1.9273998367927188e-26,2.873419856801183e-29,4.283772114040748e-32,6.386363441318307e-35,9.520963515058505e-38,1.4194110167391747e-40,2.116096371185557e-43,3.1547337588175947e-46,4.703162495121864e-49,7.011601975506003e-52,1.0453086048783401e-54,1.558374367583591e-57,2.3232666967514382e-60,3.463588888852035e-63,5.163612084550425e-66,7.698052689085822e-69,1.1476465356731184e-71,1.7109425253867942e-74,2.5507194368517022e-77,3.8026815915760875e-80,5.669140665960416e-83,8.451708384326086e-86,1.2600035670765383e-88,1.8784474296224704e-91,2.800440282913044e-94,4.1749721895268957e-97,6.224161568334436e-100,9.279148571555257e-103,1.3833605903009465e-105,2.0623514194654554e-108,3.0746093297669317e-111,4.583710827100482e-114
Pm162,2460136.8719185796,1.4266057283190976e-05,8.27272631577475e-17,4.797261032755657e-28,2.7818777677332843e-39,1.6131796585109643e-50,9.354647572290653e-62,5.424655012234564e-73,3.1456964866241206e-84,1.824154045490745e-95,1.05780643359248e-106,6.1341006463552975e-118,3.55709603805571e-129,2.0627200226115642e-140,1.1961481630415345e-151,6.936328790449074e-163,4.022299124455713e-174,2.3324860650888688e-185,1.3525824598064785e-196,7.843473699408526e-208,4.548342263887952e-219,2.637532570680949e-230,1.52947550069733e-241,8.869256566675878e-253,5.143182222249271e-264,2.982473578523959e-275,1.7295029151627826e-286,1.0029193066772833e-297,5.815816364850543e-309,3.3725e-320,0.0,0.0,0.0,0.0,0.0,0.0,0.0,0.0,0.0,0.0,0.0,0.0,0.0,0.0
Pm163,65739.00049483367,5.838796157216768e-11,5.185892743868003e-26,4.605998021983073e-41,4.0909480443068685e-56,3.633491769067831e-71,3.22718897744411e-86,2.866319606060004e-101,2.5458032180658833e-116,2.2611274790892716e-131,2.0082846311180563e-146,1.783715069974502e-161,1.5842572320452672e-176,1.4071030847564734e-191,1.2497585941741878e-206,1.1100086131802891e-221,9.858856959080066e-237,8.756423993965387e-252,7.777266825184516e-267,6.907600558378656e-282,6.135181747860517e-297,5.449136029387e-312,0.0,0.0,0.0,0.0,0.0,0.0,0.0,0.0,0.0,0.0,0.0,0.0,0.0,0.0,0.0,0.0,0.0,0.0,0.0,0.0,0.0,0.0
Pr153,13328569986183.105,2797044576193.079,553939814099.8103,109678603700.4241,21716048524.11208,4299715218.403934,851331260.3122745,168561143.69682932,33374622.181688827,6608079.307849568,1308380.718172971,259055.62326610484,51292.26914892363,10155.721930587617,2010.8037652216567,398.133368544844,78.82926314860536,15.607967629701823,3.090332749534648,0.6118770059897175,0.12114988928467928,0.02398733001896247,0.004749422428992536,0.0009403719960156295,0.0001861909535551672,3.6865273883811254e-05,7.299218316349285e-06,1.4452242562376656e-06,2.861502506562052e-07,5.665692753024458e-08,1.1217908877612844e-08,2.2211137291066225e-09,4.3977413718088013e-10,8.707401570606545e-11,1.724040494919255e-11,3.4135506488583632e-12,6.758732214620678e-13,1.338209560893108e-13,2.6496164842746782e-14,5.2461645163069335e-15,1.0387255021811989e-15,2.0566466520975927e-16,4.0721012844126464e-17,8.062643553088224e-18
Pr154,1820822692948.13,91862770000.39255,4511740859.024553,221573674.8075798,10881583.34183483,534399.4771454158,26244.599908083033,1288.8841658576791,63.29768404992939,3.108577878616831,0.15266366491076522,0.007497381598287828,0.00036819979962619885,1.808245861138149e-05,8.880377169250893e-07,4.361193373257088e-08,2.141801781212629e-09,1.0518485371767927e-10,5.165675716893621e-12,2.536886696988334e-13,1.2458765253709231e-14,6.118555938320104e-16,3.004850481407578e-17,1.4756956554187142e-18,7.247208075396713e-20,3.559136648213057e-21,1.7479080976931744e-22,8.584055685288987e-24,4.215668552905635e-25,2.0703338840653352e-26,1.0167503298035024e-27,4.9933068338020146e-29,2.4522355592756485e-30,1.2043039689586174e-31,5.914391234412601e-33,2.9045842723531373e-34,1.426454466879566e-35,7.005382372439155e-37,3.4403749522714044e-38,1.68958369193134e-39,8.297621891926664e-41,4.0749996221068263e-42,2.0012507362293233e-43,9.82823283597697e-45
Pr155,243897882674.83667,72051751.87456234,21107.34824445378,6.18326373608757,0.0018113478478026834,5.306228499550161e-07,1.5544259443923556e-10,4.553592098050255e-14,1.3339458898140925e-17,3.90770977864665e-21,1.1447387656975207e-24,3.353439523199499e-28,9.823688139803892e-32,2.877787060136063e-35,8.430294453190869e-39,2.4696012276926604e-42,7.234539976848194e-46,2.1193125468889743e-49,6.208391529764951e-53,1.818708875358557e-56,5.327792162349682e-60,1.560742882480218e-63,4.572097167053081e-67,1.3393668322712833e-70,3.923590085345149e-74,1.1493908007049012e-77,3.367067364349401e-81,9.863610035084626e-85,2.8894819258545196e-88,8.464553819689114e-92,2.479637291561346e-95,7.263939988661462e-99,2.1279250936595968e-102,6.233621438632776e-106,1.826099816951464e-109,5.349443456421315e-113,1.5670854915927854e-116,4.5906774376926705e-120,1.344809804570432e-123,3.939534927066769e-127,1.1540617408375049e-130,3.3807505868631646e-134,9.903694166554063e-138,2.901224317634257e-141
Pr156,14747355067.798693,1156413.924912929,90.42576626245771,0.007070839419103977,5.529040245512825e-07,4.323430956995819e-11,3.3807052236741427e-15,2.643541188250944e-19,2.0671160458007422e-23,1.616380620736248e-27,1.263928223284444e-31,9.883282026032437e-36,7.728228692628332e-40,6.043085542661591e-44,4.725388485301883e-48,3.6950157629555916e-52,2.889316197167238e-56,2.2592997223198276e-60,1.76665857488321e-64,1.3814380134582927e-68,1.0802149391846984e-72,8.446736686481309e-77,6.604922600366859e-81,5.164716762943152e-85,4.038548345736013e-89,3.1579413720942915e-93,2.4693510776252197e-97,1.9309081537903777e-101,1.5098729104003232e-105,1.1806445589271818e-109,9.232045723336943e-114,7.218994708723396e-118,5.644890218951354e-122,4.4140198005004e-126,3.4515411360522466e-130,2.6989313035048646e-134,2.1104283257565123e-138,1.650248641887083e-142,1.2904113097865796e-146,1.0090366422122795e-150,7.890158258884324e-155,6.169706306576669e-159,4.8243995444008274e-163,3.7724374236752246e-167
Pr157,597704073.5582503,5530.177973832901,0.051143764582177606,4.729838113641096e-07,4.374212333412746e-12,4.045325247516935e-17,3.741166434284706e-22,3.45987663108415e-27,3.199736369015872e-32,2.9591554621399084e-37,2.7366632869837594e-42,2.530899792912151e-47,2.3406071884066525e-52,2.164622252435048e-57,2.0018692239113603e-62,1.8513532257812367e-67,1.7121541835353958e-72,1.5834212009762372e-77,1.464367358857783e-82,1.3542649046040513e-87,1.2524408037015937e-92,1.1582726255726983e-97,1.0711847387804528e-102,9.906447923076892e-108,9.161604614005658e-113,8.472764380847815e-118,7.835716479580342e-123,7.246566762455305e-128,6.701713873845317e-133,6.197827235869312e-138,5.731826689229088e-143,5.300863664805069e-148,4.902303770917032e-153,4.533710689809092e-158,4.1928312849214314e-163,3.8775818279123916e-168,3.5860352612395076e-173,3.3164094184381054e-178,3.06705613009041e-183,2.8364511488920416e-188,2.623184832229927e-193,2.4259535253159634e-198,2.2435515922032748e-203,2.0748640459723057e-208
Pr158,13517813.468933767,5.0056579396433295e-16,1.8535994350194753e-38,6.863894630701306e-61,2.5417060779841667e-83,9.41195944058597e-106,3.485256665927804e-128,1.2905935373047003e-150,4.7790789551198054e-173,1.7696970424141186e-195,6.553203350143783e-218,2.426656829903119e-240,8.985931086643675e-263,3.327498000495311e-285,1.2321753679769064e-307,0.0,0.0,0.0,0.0,0.0,0.0,0.0,0.0,0.0,0.0,0.0,0.0,0.0,0.0,0.0,0.0,0.0,0.0,0.0,0.0,0.0,0.0,0.0,0.0,0.0,0.0,0.0,0.0,0.0
Pr159,175586.11367046696,5.138558302059665e-24,1.5038080672610506e-52,4.400920589444269e-81,1.2879371015657843e-109,3.769170435768182e-138,1.1030543150435975e-166,3.2281077299926436e-195,9.44711368635223e-224,2.764714330121422e-252,8.090984803349116e-281,2.367840842534764e-309,0.0,0.0,0.0,0.0,0.0,0.0,0.0,0.0,0.0,0.0,0.0,0.0,0.0,0.0,0.0,0.0,0.0,0.0,0.0,0.0,0.0,0.0,0.0,0.0,0.0,0.0,0.0,0.0,0.0,0.0,0.0,0.0
Rb100,12399527136880.123,7.289016148920134e-35,4.28480736755027e-82,2.5187945946080354e-129,1.4806539613975861e-176,8.703901551992452e-224,5.11651301935595e-271,3.0077e-318,0.0,0.0,0.0,0.0,0.0,0.0,0.0,0.0,0.0,0.0,0.0,0.0,0.0,0.0,0.0,0.0,0.0,0.0,0.0,0.0,0.0,0.0,0.0,0.0,0.0,0.0,0.0,0.0,0.0,0.0,0.0,0.0,0.0,0.0,0.0,0.0
Rb101,556278987.8871049,-1.040663947216766e-38,1.9468314903466442e-85,-3.6420526164493554e-132,6.81340286858823e-179,-1.2746235032415255e-225,2.384513445558704e-272,-4.46087e-319,0.0,0.0,0.0,0.0,0.0,0.0,0.0,0.0,0.0,0.0,0.0,0.0,0.0,0.0,0.0,0.0,0.0,0.0,0.0,0.0,0.0,0.0,0.0,0.0,0.0,0.0,0.0,0.0,0.0,0.0,0.0,0.0,0.0,0.0,0.0,0.0
Rb102,521652.22691180464,4.1887978272952367e-42,3.363548803735843e-89,2.7008848413250435e-136,2.168774515176568e-183,1.7414970182040438e-230,1.3983988852650765e-277,0.0,0.0,0.0,0.0,0.0,0.0,0.0,0.0,0.0,0.0,0.0,0.0,0.0,0.0,0.0,0.0,0.0,0.0,0.0,0.0,0.0,0.0,0.0,0.0,0.0,0.0,0.0,0.0,0.0,0.0,0.0,0.0,0.0,0.0,0.0,0.0,0.0
Rb91,807295944068430.6,1351940776439788.2,1485590984040960.0,1446242788457065.8,1340910379338248.2,1216016420619314.2,1091137214871236.2,974015112419337.2,867231060361604.4,771164249851329.2,685299446729778.5,608799613929624.2,540752382531708.3,480272217492183.8,426539162985697.56,378810097339466.4,336418415736818.0,298769155302053.44,265332620038322.9,235637808093947.6,209266168811565.9,185845877721263.47,165046671754641.8,146575226629191.0,130171035610590.75,115602742397212.81,102664881247738.92,91174980531575.08,80970989811548.86,71908994598791.86,63861186739754.21,56714061895016.59,50366818725358.79,44729937224416.7,39723916154563.195,35278151782447.44,31329942101632.457,27823602498783.46,24709680391268.992,21944257759740.69,19488331738834.57,17307264530018.47,15370294878298.27,13650104222771.143
Rb92,1136245351006586.2,440898578031754.44,98800975914251.31,21221706722250.242,4538026274120.118,969941072627.2043,207300888967.66974,44305183726.66753,9469077162.873672,2023768076.0429077,432527597.5761918,92441483.16001742,19756953.905370798,4222533.155810127,902456.235778917,192876.46240871536,41222.30893467251,8810.19245523447,1882.9486533924792,402.43112160461817,86.00914705994064,18.382209975416583,3.928717527506869,0.8396608150805274,0.17945558046498242,0.038353945761938714,0.00819715470367766,0.001751927836919073,0.0003744288422902307,8.002439083641242e-05,1.710312456051405e-05,3.6553464097018634e-06,7.812348748115948e-07,1.6696856090081703e-07,3.568517129501305e-08,7.626773827863733e-09,1.6300238141077968e-09,3.4837503963359954e-10,7.445607063485885e-11,1.5913041474537417e-11,3.4009972163612037e-12,7.268743743428773e-13,1.55350422968484e-13,3.32020975953441e-14
Rb93,1112546604004223.5,406600096227731.44,124386629099779.66,37960098602426.21,11584178715977.744,3535109993564.021,1078799185676.0917,329213994753.6268,100465272666.59119,30658693654.641632,9356023944.000467,2855150484.4518213,871297929.2975044,265891442.75660658,81141314.53083006,24761657.82370785,7556442.753283549,2305977.551671913,703708.4303330601,214748.6451300351,65534.21644154379,19998.88531080859,6103.0013845001695,1862.4350967741527,568.3538756038195,173.44289123061634,52.92906023817617,16.152206630201512,4.9291216932763655,1.5042056620114306,0.45903404590591085,0.14008207828375302,0.04274843844658459,0.01304541603044864,0.003981031485398811,0.0012148797440223612,0.0003707413010545388,0.00011313803936884332,3.452600483360477e-05,1.0536199994450085e-05,3.2153013607586758e-06,9.812041196961142e-07,2.994311936848912e-07,9.13765423032742e-08
Rb94,568254487258838.5,46292711985749.914,3559688322289.3364,273723020499.28687,21047992174.513493,1618490011.436709,124454147.23653778,9569929.165410561,735881.8188429815,56585.795144746226,4351.177227340093,334.5847348312971,25.727967153055584,1.9783577220355322,0.15212625440066235,0.011697781963397314,0.0008995035301584845,6.916752280896434e-05,5.3186519575811795e-06,4.0897891809732244e-07,3.144852432196462e-08,2.4182412302089636e-09,1.8595119400875076e-10,1.4298758172397933e-11,1.0995061707594924e-12,8.454677007349255e-14,6.501242575948775e-15,4.999144851375058e-16,3.8441034853068155e-17,2.9559318733649843e-18,2.272970348840036e-19,1.7478055747017808e-20,1.3439789606219848e-21,1.0334555929670523e-22,7.946779629203457e-24,6.110693764191218e-25,4.698831479169661e-26,3.6131768538327366e-27,2.778360329572753e-28,2.136426317675331e-29,1.6428097400734404e-30,1.2632421814653483e-31,9.713728681460049e-33,7.469393144200346e-34
Rb95,276452401934640.38,3006772.324925064,0.03221206622705683,3.4509337538290484e-10,3.697044358897293e-18,3.960706859842952e-26,4.24317300706827e-34,4.54578382219044e-42,4.86997596460621e-50,5.217288552101455e-58,5.589370467886887e-66,5.987988188750371e-74,6.415034171490458e-82,6.872535837446003e-90,7.362665197776466e-98,7.88774916518938e-106,8.450280601070274e-114,9.052930150462021e-122,9.698558921080583e-130,1.0390232066561482e-137,1.1131233338424101e-145,1.192508067583987e-153,1.2775542907217714e-161,1.368665764289814e-169,1.4662750443902533e-177,1.570845535774199e-185,1.6828736918780882e-193,1.8028913717602327e-201,1.9314683651272898e-209,2.06921509743828e-217,2.2167855279288186e-225,2.3748802543140296e-233,2.5442498389098864e-241,2.725698371963911e-249,2.9200872891122736e-257,3.1283394610869194e-265,3.351443575088729e-273,3.590458828627561e-281,3.8465199581133645e-289,4.120842626071847e-297,4.4147291925607706e-305,4.7295748982e-313,5.07e-321,0.0
Rb96,60984423868604.78,0.12236975597375296,1.8138871666982809e-16,2.688725353197916e-31,3.985498192860714e-46,5.9077048633486106e-61,8.756992241258951e-76,1.2980491559289363e-90,1.9240985543748638e-105,2.852091717819448e-120,4.227656191705388e-135,6.266655719238118e-150,9.289065175287682e-165,1.3769183388493654e-179,2.0410063618710502e-194,3.025384187038434e-209,4.484527657616626e-224,6.647416350653703e-239,9.853466744460379e-254,1.4605795960807955e-268,2.1650174621910342e-283,3.2092058688000613e-298,4.75700657763e-313,0.0,0.0,0.0,0.0,0.0,0.0,0.0,0.0,0.0,0.0,0.0,0.0,0.0,0.0,0.0,0.0,0.0,0.0,0.0,0.0,0.0
Rb97,13694690106567.188,2.1788229565667883e-05,3.438189640988261e-23,5.42547432400189e-41,8.561415952594987e-59,1.35099419398381e-76,2.131873188131628e-94,3.3641027552254506e-112,5.3085649797180605e-130,8.376932630882274e-148,1.3218826664163207e-165,2.0859351038948073e-183,3.291612310385097e-201,5.194174824350195e-219,8.196424597390365e-237,1.2933984406100637e-254,2.0409869038570392e-272,3.2206839059981576e-290,5.082249573847385e-308,0.0,0.0,0.0,0.0,0.0,0.0,0.0,0.0,0.0,0.0,0.0,0.0,0.0,0.0,0.0,0.0,0.0,0.0,0.0,0.0,0.0,0.0,0.0,0.0,0.0
Rb98,858933577159.6216,6.732147460678169e-15,2.6424918081715697e-41,1.0372266794569653e-67,4.071305656465707e-94,1.5980624174696e-120,6.272689170544217e-147,2.4621459712796962e-173,9.664376185505922e-200,3.793445561086261e-226,1.488997214999424e-252,5.844588173399708e-279,2.294108449132117e-305,0.0,0.0,0.0,0.0,0.0,0.0,0.0,0.0,0.0,0.0,0.0,0.0,0.0,0.0,0.0,0.0,0.0,0.0,0.0,0.0,0.0,0.0,0.0,0.0,0.0,0.0,0.0,0.0,0.0,0.0,0.0
Rb98_m1,0.0,0.0,0.0,0.0,0.0,0.0,0.0,0.0,0.0,0.0,0.0,0.0,0.0,0.0,0.0,0.0,0.0,0.0,0.0,0.0,0.0,0.0,0.0,0.0,0.0,0.0,0.0,0.0,0.0,0.0,0.0,0.0,0.0,0.0,0.0,0.0,0.0,0.0,0.0,0.0,0.0,0.0,0.0,0.0
Rb99,16699456497.655342,-2.9018945062706755e-37,5.016241853836265e-84,-8.681488177721138e-131,1.502071168266587e-177,-2.599039228266618e-224,4.497050761890797e-271,-7.78113e-318,0.0,0.0,0.0,0.0,0.0,0.0,0.0,0.0,0.0,0.0,0.0,0.0,0.0,0.0,0.0,0.0,0.0,0.0,0.0,0.0,0.0,0.0,0.0,0.0,0.0,0.0,0.0,0.0,0.0,0.0,0.0,0.0,0.0,0.0,0.0,0.0
Rh115,1315449876685.034,1501885162.0508754,1393512.809706898,1271.0552312072994,1.1575206508490512,0.0010539704173783495,9.596702321771285e-07,8.738060672682323e-10,7.956242920245718e-13,7.244376417625728e-16,6.596202522881112e-19,6.006022493883529e-22,5.468647463682348e-25,4.979352826678311e-28,4.533836700428306e-31,4.12818210350902e-34,3.7588225173884705e-37,3.422510529566254e-40,3.1162892822963528e-43,2.8374664758696455e-46,2.583590697892868e-49,2.352429870450814e-52,2.14195162565905e-55,1.9503054370688778e-58,1.7758063498236457e-61,1.616920166521903e-64,1.4722499585412878e-67,1.3405237842306674e-70,1.2205835059887447e-73,1.1113746079087978e-76,1.0119369244662098e-79,9.213961987353285e-83,8.389563959154273e-86,7.638927045862308e-89,6.955451641599871e-92,6.333128625025792e-95,5.766486527091357e-98,5.250543425839654e-101,4.780763145307052e-104,4.3530153734270175e-107,3.963539348292675e-110,3.608910793507384e-113,3.286011811918654e-116,2.9920034730409096e-119
Rh116,314883978122.1605,12256912.757995257,458.63732310188044,0.01716159674910521,6.421640545670871e-07,2.4028922192192922e-11,8.991302107491947e-16,3.36442529305186e-20,1.2589230588854666e-24,4.710722129769431e-29,1.7626893738482487e-33,6.595748471433631e-38,2.4680410822153393e-42,9.235080461124209e-47,3.455643900663268e-51,1.2930558448797291e-55,4.838442461205895e-60,1.810480617917753e-64,6.774576930773112e-69,2.534956305897781e-73,9.485468300789654e-78,3.5493356897692235e-82,1.3281140623938212e-86,4.969625633925052e-91,1.859567610996473e-95,6.958253910035425e-100,2.6036857810498377e-104,9.742644827409852e-109,3.645567714963802e-113,1.364122802362248e-117,5.104365534856379e-122,1.90998548432084e-126,7.14691086562036e-131,2.6742786969025087e-135,1.0006794100524713e-139,3.744408848871247e-144,1.401107836002152e-148,5.242758596456186e-153,1.9617703216294788e-157,7.340682818063813e-162,2.746785576338978e-166,1.02781051700227e-170,3.8459298314376494e-175,1.4390956332576019e-179
Rh116_m1,0.0,0.0,0.0,0.0,0.0,0.0,0.0,0.0,0.0,0.0,0.0,0.0,0.0,0.0,0.0,0.0,0.0,0.0,0.0,0.0,0.0,0.0,0.0,0.0,0.0,0.0,0.0,0.0,0.0,0.0,0.0,0.0,0.0,0.0,0.0,0.0,0.0,0.0,0.0,0.0,0.0,0.0,0.0,0.0
Rh117,168361950263.59375,24438.98536034825,0.0035195923144568913,5.06875791991042e-10,7.299796270472088e-17,1.051283695776497e-23,1.514011306693654e-30,2.180410716921794e-37,3.1401290554756593e-44,4.5222720694397195e-51,6.512772025841702e-58,9.379400179662633e-65,1.3507788600797204e-71,1.9453307182633704e-78,2.801577456724289e-85,4.0347053446174566e-92,5.810600445407108e-99,8.368164376912249e-106,1.2051452461229577e-112,1.7355957637016125e-119,2.4995266459953724e-126,3.599705406468706e-133,5.1841331774240405e-140,7.465954506436448e-147,1.0752130546128388e-153,1.5484732887311386e-160,2.2300413072804584e-167,3.2116047905819663e-174,4.625208195568131e-181,6.66101598648883e-188,9.592894437654556e-195,1.3815253390570418e-201,1.9896104088927377e-208,2.8653470676666947e-215,4.1265434587042065e-222,5.942861550255751e-229,8.558640847708017e-236,1.2325768073278418e-242,1.7751014594441678e-249,2.5564209650771964e-256,3.681642035679809e-263,5.3021346108680745e-270,7.635894842387684e-277,1.0996870944107695e-283
Rh118,13125924058.135098,0.06349156433836889,3.060545901526522e-13,1.4753048397784723e-24,7.111556043607075e-36,3.428052833403466e-47,1.65245779637349e-58,7.965503746581707e-70,3.839689586993015e-81,1.8508830820385285e-92,8.921992535493662e-104,4.300755221973962e-115,2.0731350542777473e-126,9.993335429358729e-138,4.81718510318995e-149,2.322074794990068e-160,1.1193323980757052e-171,5.3956273074626175e-183,2.6009069415917405e-194,1.25374058164913e-205,6.043528205249518e-217,2.9132209407789713e-228,1.404288349712884e-239,6.76922831885189e-251,3.2630372559962527e-262,1.5729137255375428e-273,7.582069691168839e-285,3.6548591234458596e-296,1.761787448062378e-307,8.4925e-319,0.0,0.0,0.0,0.0,0.0,0.0,0.0,0.0,0.0,0.0,0.0,0.0,0.0,0.0
Rh119,671347405.7283233,1.6803637356643513e-09,4.183837399468e-27,1.0411404628757439e-44,2.5907108273916996e-62,6.4465289088664665e-80,1.6041044857183037e-97,3.991529496978592e-115,9.932213116532584e-133,2.471455049850011e-150,6.149777487946949e-168,1.5302630389027345e-185,3.807788123748158e-203,9.47500529435305e-221,2.3576869933521324e-238,5.866685860254558e-256,1.4598207090236193e-273,3.632504881387589e-291,9.03884403868337e-309,0.0,0.0,0.0,0.0,0.0,0.0,0.0,0.0,0.0,0.0,0.0,0.0,0.0,0.0,0.0,0.0,0.0,0.0,0.0,0.0,0.0,0.0,0.0,0.0,0.0
Rh120,861521104.2414968,6.995715806629978e-14,4.7447302606323786e-35,2.6841820058654345e-55,1.6784680937986842e-75,1.0508755917729147e-95,6.579544319332571e-116,4.119461061139157e-136,2.579199811475617e-156,1.614840283459654e-176,1.0110535560224217e-196,6.3302191778096234e-217,3.963358281113664e-237,2.4814636623542002e-257,1.5536475561462655e-277,9.727407115964948e-298,6.09034e-318,0.0,0.0,0.0,0.0,0.0,0.0,0.0,0.0,0.0,0.0,0.0,0.0,0.0,0.0,0.0,0.0,0.0,0.0,0.0,0.0,0.0,0.0,0.0,0.0,0.0,0.0,0.0
Rh121,5194031.768850983,6.022035333861868e-14,6.982034607443937e-34,8.095071609000798e-54,9.385542759267516e-74,1.0881733620255412e-93,1.2616438880455128e-113,1.4627681174621842e-133,1.6959544493799953e-153,1.9663140452923907e-173,2.2797728595408886e-193,2.643201529044864e-213,3.0645659693273544e-233,3.553101977719042e-253,4.119517670830862e-273,4.776228193479022e-293,5.5376278436e-313,0.0,0.0,0.0,0.0,0.0,0.0,0.0,0.0,0.0,0.0,0.0,0.0,0.0,0.0,0.0,0.0,0.0,0.0,0.0,0.0,0.0,0.0,0.0,0.0,0.0,0.0,0.0
Rh122,102564.58550292686,1.3735664757336705e-23,1.8395090800669896e-51,2.4635092042716712e-79,3.299183279546656e-107,4.4183355569228315e-135,5.917127797838235e-163,7.924341853368526e-191,1.0612445083912139e-218,1.4212409401693858e-246,1.903355724380284e-274,2.5490139716207707e-302,0.0,0.0,0.0,0.0,0.0,0.0,0.0,0.0,0.0,0.0,0.0,0.0,0.0,0.0,0.0,0.0,0.0,0.0,0.0,0.0,0.0,0.0,0.0,0.0,0.0,0.0,0.0,0.0,0.0,0.0,0.0,0.0
Rh123,3036.681338497346,6.018109324427387e-44,1.1926717295493735e-90,2.3636424295127997e-137,4.6842776567730835e-184,9.283323438336707e-231,1.839773394648462e-277,5e-324,0.0,0.0,0.0,0.0,0.0,0.0,0.0,0.0,0.0,0.0,0.0,0.0,0.0,0.0,0.0,0.0,0.0,0.0,0.0,0.0,0.0,0.0,0.0,0.0,0.0,0.0,0.0,0.0,0.0,0.0,0.0,0.0,0.0,0.0,0.0,0.0
Ru114,625113004372.5635,1021092.9021049456,1.6596896249889315,2.6976680041722518e-06,4.384803369957337e-12,7.127081821578214e-18,1.1584395240958048e-23,1.882933526768671e-29,3.0605297838027584e-35,4.974600762257572e-41,8.085741519269082e-47,1.314260561620658e-52,2.136205838036221e-58,3.472199893781174e-64,5.643731464312932e-70,9.17334998434947e-76,1.4910409977418895e-81,2.4235456629694784e-87,3.9392435146943725e-93,6.402866554223906e-99,1.0407252041736209e-104,1.6916000691716884e-110,2.74953540333812e-116,4.469108905813369e-122,7.264112470700285e-128,1.180712555882096e-133,1.9191362265392322e-139,3.119373837151798e-145,5.0702461875018025e-151,8.241204082595358e-157,1.3395295261678522e-162,2.1772781422376666e-168,3.5389590270755113e-174,5.752242100978268e-180,9.349723728112787e-186,1.519708876251376e-191,2.4701425793074064e-197,4.0149823808084294e-203,6.525972894537108e-209,1.0607349716851747e-214,1.7241240476156718e-220,2.802400044229818e-226,4.555035363470501e-232,7.403777774407326e-238
Ru115,93090667483.43541,7962872.502098084,680.9211872017125,0.05822693545049536,4.979101951415426e-06,4.257729872056662e-10,3.6408701489332363e-14,3.113381036310303e-18,2.6623145239323293e-22,2.276598508719957e-26,1.9467650134179523e-30,1.6647177809139088e-34,1.423533539482178e-38,1.2172920607108335e-42,1.0409308386289541e-46,8.901208229157845e-51,7.611601558772714e-55,6.508833048049328e-59,5.565833592347149e-63,4.7594558577568845e-67,4.0699060951234196e-71,3.4802582728289797e-75,2.976038601998078e-79,2.5448702556730894e-83,2.17616956106062e-87,1.860886207432303e-91,1.5912810926939145e-95,1.3607363555341178e-99,1.163592930107436e-103,9.950116357878558e-108,8.508543922330396e-112,7.275826440049872e-116,6.221705014273443e-120,5.320304655916163e-124,4.549499143213345e-128,3.890367900470311e-132,3.326731564195834e-136,2.8447548363945106e-140,2.4326068764571863e-144,2.080170895459949e-148,1.7787958244287232e-152,1.5210839608951657e-156,1.3007093812105115e-160,1.112262661275695e-164
Ru116,8886389026.82504,1.5578220235475106e-05,2.729892232890416e-20,4.78380167345743e-35,8.383026324355547e-50,1.4690226550309244e-64,2.5742822192079962e-79,4.511114189720202e-94,7.90517491860543e-109,1.3852850507786477e-123,2.427542327234601e-138,4.2539705075162956e-153,7.454562120625634e-168,1.3063206788124086e-182,2.2891669400290573e-197,4.0114845951041685e-212,7.029635268345179e-227,1.231857454127381e-241,2.158679261956103e-256,3.782820926549736e-271,6.6289302049326935e-286,1.161638801177633e-300,2.035629674e-315,0.0,0.0,0.0,0.0,0.0,0.0,0.0,0.0,0.0,0.0,0.0,0.0,0.0,0.0,0.0,0.0,0.0,0.0,0.0,0.0,0.0
Ru117,908312805.6007544,5.742335245841203e-13,3.6290510238106285e-34,2.2934939827762864e-55,1.4494463193046298e-76,9.160236077892824e-98,5.789101940869737e-119,3.658606721137153e-140,2.3121726438175273e-161,1.4612508920216702e-182,9.23483882202109e-204,5.836249512957906e-225,3.6884031258107975e-246,2.3310034275069837e-267,1.47315160347471e-288,9.3100491454065e-310,0.0,0.0,0.0,0.0,0.0,0.0,0.0,0.0,0.0,0.0,0.0,0.0,0.0,0.0,0.0,0.0,0.0,0.0,0.0,0.0,0.0,0.0,0.0,0.0,0.0,0.0,0.0,0.0
Ru118,24927487.443738934,8.369530414965863e-18,2.8100736630724524e-42,9.434835170409808e-67,3.1677502217316946e-91,1.0635735851276508e-115,3.570953174341207e-140,1.19894916079615e-164,4.025477288536534e-189,1.3515558399292783e-213,4.537854911388749e-238,1.5235868610424912e-262,5.115449851240196e-287,1.7175146261533e-311,0.0,0.0,0.0,0.0,0.0,0.0,0.0,0.0,0.0,0.0,0.0,0.0,0.0,0.0,0.0,0.0,0.0,0.0,0.0,0.0,0.0,0.0,0.0,0.0,0.0,0.0,0.0,0.0,0.0,0.0
Ru119,236348.32486879767,6.186628398496615e-14,1.6194052131459712e-32,4.2389377144449494e-51,1.1095797889915829e-69,2.904424153115485e-88,7.602589507210831e-107,1.9900456740504843e-125,5.20912220901949e-144,1.3635342415669466e-162,3.569172603987549e-181,9.342627921405087e-200,2.445516262797205e-218,6.401357136254402e-237,1.6756123772002577e-255,4.3860649841348225e-274,1.148091665281036e-292,3.005232427371e-311,0.0,0.0,0.0,0.0,0.0,0.0,0.0,0.0,0.0,0.0,0.0,0.0,0.0,0.0,0.0,0.0,0.0,0.0,0.0,0.0,0.0,0.0,0.0,0.0,0.0,0.0
Ru120,109282.85958597959,6.842213742648705e-16,4.2839187295659886e-36,2.68216696697669e-56,1.6793081505236133e-76,1.0514169696131187e-96,6.582935023841465e-117,4.121583993842547e-137,2.580528982403057e-157,1.6156724790688675e-177,1.0115745947521475e-197,6.333481407925571e-218,3.9654007675397694e-238,2.4827424657042215e-258,1.5544482165507283e-278,9.732420060944032e-299,6.09346e-319,0.0,0.0,0.0,0.0,0.0,0.0,0.0,0.0,0.0,0.0,0.0,0.0,0.0,0.0,0.0,0.0,0.0,0.0,0.0,0.0,0.0,0.0,0.0,0.0,0.0,0.0,0.0
S41,0.0,0.0,0.0,0.0,0.0,0.0,0.0,0.0,0.0,0.0,0.0,0.0,0.0,0.0,0.0,0.0,0.0,0.0,0.0,0.0,0.0,0.0,0.0,0.0,0.0,0.0,0.0,0.0,0.0,0.0,0.0,0.0,0.0,0.0,0.0,0.0,0.0,0.0,0.0,0.0,0.0,0.0,0.0,0.0
S42,0.0,0.0,0.0,0.0,0.0,0.0,0.0,0.0,0.0,0.0,0.0,0.0,0.0,0.0,0.0,0.0,0.0,0.0,0.0,0.0,0.0,0.0,0.0,0.0,0.0,0.0,0.0,0.0,0.0,0.0,0.0,0.0,0.0,0.0,0.0,0.0,0.0,0.0,0.0,0.0,0.0,0.0,0.0,0.0
S43,0.0,0.0,0.0,0.0,0.0,0.0,0.0,0.0,0.0,0.0,0.0,0.0,0.0,0.0,0.0,0.0,0.0,0.0,0.0,0.0,0.0,0.0,0.0,0.0,0.0,0.0,0.0,0.0,0.0,0.0,0.0,0.0,0.0,0.0,0.0,0.0,0.0,0.0,0.0,0.0,0.0,0.0,0.0,0.0
S44,0.0,0.0,0.0,0.0,0.0,0.0,0.0,0.0,0.0,0.0,0.0,0.0,0.0,0.0,0.0,0.0,0.0,0.0,0.0,0.0,0.0,0.0,0.0,0.0,0.0,0.0,0.0,0.0,0.0,0.0,0.0,0.0,0.0,0.0,0.0,0.0,0.0,0.0,0.0,0.0,0.0,0.0,0.0,0.0
S45,0.0,0.0,0.0,0.0,0.0,0.0,0.0,0.0,0.0,0.0,0.0,0.0,0.0,0.0,0.0,0.0,0.0,0.0,0.0,0.0,0.0,0.0,0.0,0.0,0.0,0.0,0.0,0.0,0.0,0.0,0.0,0.0,0.0,0.0,0.0,0.0,0.0,0.0,0.0,0.0,0.0,0.0,0.0,0.0
S46,0.0,0.0,0.0,0.0,0.0,0.0,0.0,0.0,0.0,0.0,0.0,0.0,0.0,0.0,0.0,0.0,0.0,0.0,0.0,0.0,0.0,0.0,0.0,0.0,0.0,0.0,0.0,0.0,0.0,0.0,0.0,0.0,0.0,0.0,0.0,0.0,0.0,0.0,0.0,0.0,0.0,0.0,0.0,0.0
Sb134,129831430153269.62,36808084955.34319,30580008.953200936,38856.529277429276,52.413920513184024,0.07115102841685204,9.664891094874484e-05,1.31292942269515e-07,1.7835640547608396e-10,2.422904730834153e-13,3.2914252375382085e-16,4.471277815028859e-19,6.074063322340047e-22,8.251387360116463e-25,1.1209200456765586e-27,1.5227278686171804e-30,2.0685687358406497e-33,2.8100730951901713e-36,3.8173789748894187e-39,5.1857662574224255e-42,7.044669091938927e-45,9.569918918710939e-48,1.3000376158973665e-50,1.7660523742198685e-53,2.399115956606185e-56,3.2591091052919315e-59,4.427377564201809e-62,6.014426477520987e-65,8.170372941759038e-68,1.109914540595452e-70,1.5077773024642236e-73,2.0482589520871122e-76,2.7824830151961697e-79,3.7798988853270225e-82,5.1348509605508407e-85,6.97550256950558e-88,9.475958790429848e-91,1.2872734846442665e-93,1.7487127803275544e-96,2.375560768212355e-99,3.2271102647357603e-102,4.383908338661358e-105,5.955375163903251e-108,8.090153945523752e-111
Sb134_m1,129959758321196.77,65293727352508.28,32804545704424.688,16481494662784.764,8280549554532.119,4160272009788.5083,2090182913760.4429,1050139174240.7235,527605635858.42206,265076966765.70215,133178634825.19772,66910939076.72662,33617057075.301605,16889712534.271791,8485644321.909406,4263314690.042354,2141953098.293549,1076149289.660754,540673507.0716436,271642460.81629056,136477237.2850004,68568206.3141922,34449692.93544131,17308041.2503157,8695818.928894974,4368909.557732236,2195005.5399865187,1102803.6302661307,554065.0466584362,278370.5707012699,139857.540373452,70266.52117009334,35302.95173333675,17736.731238898312,8911.19919425437,4477.119826088771,2249.3719981123554,1130.118152390868,567.7882713197877,285.2653241311812,143.32156767260054,72.0069003223325,36.17734426318003,18.176039130665487
Sb135,52627980628076.93,847932632494.7899,13659944261.85104,220057667.42091084,3545064.0253322786,57109.934368553084,920.0241745351091,14.82131771097069,0.23876705065987408,0.0038464666632587233,6.196544184246235e-05,9.982449658041714e-07,1.6081431554814073e-08,2.590671124936106e-10,4.173494663519905e-12,6.723376633480908e-14,1.0831161173095252e-15,1.744868073779602e-17,2.810930929970905e-19,4.528326703778715e-21,7.295000569924232e-23,1.175203045106867e-24,1.8932173945571026e-26,3.0499173040584212e-28,4.913326693668523e-30,7.915224182174495e-32,1.2751192371314084e-33,2.0541794287573852e-35,3.3092223869375687e-37,5.3310595232828553e-39,8.588179432415095e-41,1.3835303402866234e-42,2.2288265138812272e-44,3.590573682649273e-46,5.784308150607626e-48,9.318349583763166e-50,1.5011585950187952e-51,2.418322157955303e-53,3.895845568258808e-55,6.276092141732895e-57,1.0110599068003065e-58,1.6287876469206716e-60,2.623928790883564e-62,4.22707178105398e-64
Sb136,4164355135150.743,2285439481.9279876,1251813.5654365174,685.6612108971441,0.3755601545706206,0.00020570717354210434,1.1267287205976591e-07,6.171479525772558e-11,3.3803309386510544e-14,1.8515231569809193e-17,1.0141427165130204e-20,5.554807378879616e-24,3.0425584598732617e-27,1.666513589101894e-30,9.12806632736635e-34,4.9997549027909566e-37,2.7385371875572848e-40,1.4999907142343621e-43,8.215963445784866e-47,4.500164881149153e-50,2.464894603190819e-53,1.3501072883551203e-56,7.395000531503482e-60,4.0504953445264764e-63,2.2185951801000127e-66,1.2152006494253694e-69,6.656070614456438e-73,3.645758093165946e-76,1.996906710246857e-79,1.0937742734230875e-82,5.990976719459828e-86,3.2814633627084936e-89,1.7973699957507135e-92,9.844811733501905e-96,5.392340936881823e-99,2.953570019081351e-102,1.6177715689209957e-105,8.861089570590656e-109,4.853522579235351e-112,2.658440730057661e-115,1.4561191381833297e-118,7.975663781444449e-122,4.3685445158015563e-125,2.3928016162039856e-128
Sb137,26915024571234.395,5500970.569141703,1.124304275571959,2.29788559706222e-07,4.696485045829601e-14,9.5988119747564e-21,1.9618329543824105e-27,4.009650934951758e-34,8.195040553399558e-41,1.6749260911080107e-47,3.4232623894833565e-54,6.996562683848958e-61,1.4299777177295388e-67,2.922629819244426e-74,5.973355356822606e-81,1.2208516447733301e-87,2.495211902709522e-94,5.099786256649752e-101,1.0423090654253487e-107,2.1303014149882593e-114,4.353971647410575e-121,8.898773184432024e-128,1.8187570016690823e-134,3.717228164560122e-141,7.597378437426434e-148,1.5527741792062506e-154,3.1736047788958066e-161,6.486305238395191e-168,1.3256898251921298e-174,2.7094832081210553e-181,5.537720148094221e-188,1.1318152608103767e-194,2.313236765935368e-201,4.727860208779807e-208,9.662937440268915e-215,1.9749391024961986e-221,4.036437659540448e-228,8.249788035875781e-235,1.6861155399245723e-241,3.4461317086110105e-248,7.043303659739417e-255,1.4395307735726012e-261,2.9421546310828764e-268,6.013260731981043e-275
Sb138,14148686114.377672,1.707119759026735e-08,2.0597374541358113e-26,2.4851908353451614e-44,2.9985246302543293e-62,3.6178911616632884e-80,4.36519224340376e-98,5.266853664307601e-116,6.354759647332354e-134,7.667380327847494e-152,9.251132120558094e-170,1.1162019079865828e-187,1.3467613294855044e-205,1.6249444348910469e-223,1.9605882339167654e-241,2.3655616404080931e-259,2.8541851765533916e-277,3.4437373699768553e-295,4.15506575074e-313,0.0,0.0,0.0,0.0,0.0,0.0,0.0,0.0,0.0,0.0,0.0,0.0,0.0,0.0,0.0,0.0,0.0,0.0,0.0,0.0,0.0,0.0,0.0,0.0,0.0
Sb139,504427766.2842476,9.991937744436666e-16,1.9792490929699996e-39,3.9205878501432156e-63,7.7660811594084475e-87,1.538341159025825e-110,3.047217087972304e-134,6.036068089805646e-158,1.1956521945410266e-181,2.3684029885699973e-205,4.691441827211759e-229,9.293024254880311e-253,1.8408050868472565e-276,3.64635158030842e-300,5e-324,0.0,0.0,0.0,0.0,0.0,0.0,0.0,0.0,0.0,0.0,0.0,0.0,0.0,0.0,0.0,0.0,0.0,0.0,0.0,0.0,0.0,0.0,0.0,0.0,0.0,0.0,0.0,0.0,0.0
Sc51,0.0,0.0,0.0,0.0,0.0,0.0,0.0,0.0,0.0,0.0,0.0,0.0,0.0,0.0,0.0,0.0,0.0,0.0,0.0,0.0,0.0,0.0,0.0,0.0,0.0,0.0,0.0,0.0,0.0,0.0,0.0,0.0,0.0,0.0,0.0,0.0,0.0,0.0,0.0,0.0,0.0,0.0,0.0,0.0
Sc52,0.0,0.0,0.0,0.0,0.0,0.0,0.0,0.0,0.0,0.0,0.0,0.0,0.0,0.0,0.0,0.0,0.0,0.0,0.0,0.0,0.0,0.0,0.0,0.0,0.0,0.0,0.0,0.0,0.0,0.0,0.0,0.0,0.0,0.0,0.0,0.0,0.0,0.0,0.0,0.0,0.0,0.0,0.0,0.0
Sc53,0.0,0.0,0.0,0.0,0.0,0.0,0.0,0.0,0.0,0.0,0.0,0.0,0.0,0.0,0.0,0.0,0.0,0.0,0.0,0.0,0.0,0.0,0.0,0.0,0.0,0.0,0.0,0.0,0.0,0.0,0.0,0.0,0.0,0.0,0.0,0.0,0.0,0.0,0.0,0.0,0.0,0.0,0.0,0.0
Sc54,0.0,0.0,0.0,0.0,0.0,0.0,0.0,0.0,0.0,0.0,0.0,0.0,0.0,0.0,0.0,0.0,0.0,0.0,0.0,0.0,0.0,0.0,0.0,0.0,0.0,0.0,0.0,0.0,0.0,0.0,0.0,0.0,0.0,0.0,0.0,0.0,0.0,0.0,0.0,0.0,0.0,0.0,0.0,0.0
Sc55,0.0,0.0,0.0,0.0,0.0,0.0,0.0,0.0,0.0,0.0,0.0,0.0,0.0,0.0,0.0,0.0,0.0,0.0,0.0,0.0,0.0,0.0,0.0,0.0,0.0,0.0,0.0,0.0,0.0,0.0,0.0,0.0,0.0,0.0,0.0,0.0,0.0,0.0,0.0,0.0,0.0,0.0,0.0,0.0
Sc56,0.0,0.0,0.0,0.0,0.0,0.0,0.0,0.0,0.0,0.0,0.0,0.0,0.0,0.0,0.0,0.0,0.0,0.0,0.0,0.0,0.0,0.0,0.0,0.0,0.0,0.0,0.0,0.0,0.0,0.0,0.0,0.0,0.0,0.0,0.0,0.0,0.0,0.0,0.0,0.0,0.0,0.0,0.0,0.0
Sc57,0.0,0.0,0.0,0.0,0.0,0.0,0.0,0.0,0.0,0.0,0.0,0.0,0.0,0.0,0.0,0.0,0.0,0.0,0.0,0.0,0.0,0.0,0.0,0.0,0.0,0.0,0.0,0.0,0.0,0.0,0.0,0.0,0.0,0.0,0.0,0.0,0.0,0.0,0.0,0.0,0.0,0.0,0.0,0.0
Sc58,0.0,0.0,0.0,0.0,0.0,0.0,0.0,0.0,0.0,0.0,0.0,0.0,0.0,0.0,0.0,0.0,0.0,0.0,0.0,0.0,0.0,0.0,0.0,0.0,0.0,0.0,0.0,0.0,0.0,0.0,0.0,0.0,0.0,0.0,0.0,0.0,0.0,0.0,0.0,0.0,0.0,0.0,0.0,0.0
Se86,303236230567221.0,287216627969424.5,176956900004840.72,108982607208068.42,67119190053792.04,41336739750766.69,25458085114739.676,15678887634028.004,9656166845720.36,5946949830166.923,3662551905697.115,2255658252551.4683,1389193732487.2168,855563658279.7158,526916553286.21,324512444445.42334,199857692727.9466,123086488750.22101,75805356831.98038,46686295000.94949,28752719227.30609,17707956113.190918,10905810585.348059,6716568742.503943,4136537611.737852,2547572141.2691016,1568974931.2454064,966285623.476089,595106962.8597717,366508916.86679995,225722087.83671638,139015610.78767207,85615635.70442052,52728157.906436235,32473725.311164387,19999614.578916237,12317175.792815024,7585787.161670882,4671863.731598113,2877263.7910149684,1772022.3445502627,1091336.567537222,672122.1700769266,413940.323220691
Se87,265338060996724.8,84162062413917.67,23866535823048.12,6768027611442.809,1919264617556.0579,544261472275.13086,154340650837.555,43767633232.209076,12411543610.538275,3519642334.3021617,998093593.362053,283037515.3184108,80263249.46919096,22760902.236250408,6454494.105761385,1830353.3721504854,519048.18751824717,147190.71468120176,41740.067703446686,11836.570368326498,3356.592497160127,951.8562253590185,269.92560893861014,76.54499957007526,21.706487880945673,6.155485254060183,1.7455610009674987,0.49500292541336977,0.14037200420494308,0.039806430533835285,0.011288233154608305,0.00320109605518355,0.0009077608350362998,0.00025742112058507125,7.299900013930869e-05,2.070091999144157e-05,5.870328191814641e-06,1.6646966943430977e-06,4.720715765126923e-07,1.3386917515272506e-07,3.796237042792847e-08,1.0765298037155499e-08,3.0528030921779293e-09,8.657081938136141e-10
Se88,97334206786129.11,1356826581226.9014,14622042154.426546,157576598.01482943,1698147.4940154126,18300.337408981504,197.21629037691142,2.1253304964170536,0.02290393816031934,0.00024682767415990257,2.6599749049592084e-06,2.8665612634785184e-08,3.0891921055178437e-10,3.3291135223160677e-12,3.5876683825105976e-14,3.8663038483324443e-16,4.16657947554497e-18,4.490175942462513e-20,4.838904456906366e-22,5.214716893749823e-24,5.619716719793462e-26,6.056170767118407e-28,6.526521920814456e-30,7.033402792097792e-32,7.579650453348305e-34,8.168322317540382e-36,8.802713250946041e-38,9.48637401489242e-40,1.0223131139794282e-41,1.101710834269871e-43,1.1872749608218754e-45,1.2794844062042613e-47,1.3788552776238312e-49,1.4859437656386494e-51,1.601349257222589e-53,1.725717690605344e-55,1.859745170665342e-57,2.0041818651113463e-59,2.1598362032601285e-61,2.327579400911283e-63,2.508350336645429e-65,2.703160806839027e-67,2.913101188808746e-69,3.1393465437826877e-71
Se89,17576078499078.93,799355.4738568582,0.03635339179906111,1.653293357609131e-09,7.518910316327267e-17,3.419478587074702e-24,1.5551234574605144e-31,7.072449516383282e-39,3.216435449020304e-46,1.4627827280702748e-53,6.652498840579752e-61,3.025448685895938e-68,1.375925042655365e-75,6.257484160388384e-83,2.8458024095516884e-90,1.2942248268843462e-97,5.885924816500836e-105,2.6768232401244356e-112,1.2173758385058816e-119,5.536428068776802e-127,2.517877781964171e-134,1.1450900194409082e-141,5.207683875745148e-149,2.3683702494357066e-156,1.0770964160357288e-163,4.898459984090024e-171,2.2277402336965257e-178,1.0131401634287688e-185,4.607597309715338e-193,2.095460602079727e-200,9.529815302239612e-208,4.3340055930741333e-215,1.9710355222082346e-222,8.96395019889914e-230,4.076659312477622e-237,1.8539986034339555e-244,8.431685255165462e-252,3.8345938400652723e-259,1.7439111486352547e-266,7.93102534760909e-274,3.6069018260272555e-281,1.6403605098199187e-288,7.460093820020509e-296,3.392729797525901e-303
Se90,4582384573253.816,9.197608165954778e-07,1.845693765786873e-25,3.7037732153823496e-44,7.432400913558556e-63,1.4914677580809554e-81,2.992944136445917e-100,6.005972677151075e-119,1.205224894091072e-137,2.4185375515658483e-156,4.8533049035179785e-175,9.739178319253951e-194,1.954371221669418e-212,3.9218574163885e-231,7.870032788009985e-250,1.579287809534602e-268,3.1691735632212964e-287,6.359614133145564e-306,0.0,0.0,0.0,0.0,0.0,0.0,0.0,0.0,0.0,0.0,0.0,0.0,0.0,0.0,0.0,0.0,0.0,0.0,0.0,0.0,0.0,0.0,0.0,0.0,0.0,0.0
Se91,240746807031.64822,1.707267648742615,1.2107166424194408e-11,8.585852307990355e-23,6.088696336684597e-34,4.3178267864980057e-45,3.0620065654894303e-56,2.1714359261513423e-67,1.5398836940857688e-78,1.0920155472945623e-89,7.744078076240884e-101,5.491748299691385e-112,3.894498362522076e-123,2.7618012822145306e-134,1.958543979847053e-145,1.388910399056428e-156,9.849521463172499e-168,6.984833083502203e-179,4.953326249077724e-190,3.5126739088087635e-201,2.491028728810917e-212,1.7665243882161753e-223,1.252738829572692e-234,8.883854565426524e-246,6.300025997164166e-257,4.467692179406899e-268,3.168284292623282e-279,2.2468032612345287e-290,1.5933307836192792e-301,1.12991779469e-312,1e-323,0.0,0.0,0.0,0.0,0.0,0.0,0.0,0.0,0.0,0.0,0.0,0.0,0.0
Si35,0.0,0.0,0.0,0.0,0.0,0.0,0.0,0.0,0.0,0.0,0.0,0.0,0.0,0.0,0.0,0.0,0.0,0.0,0.0,0.0,0.0,0.0,0.0,0.0,0.0,0.0,0.0,0.0,0.0,0.0,0.0,0.0,0.0,0.0,0.0,0.0,0.0,0.0,0.0,0.0,0.0,0.0,0.0,0.0
Si36,0.0,0.0,0.0,0.0,0.0,0.0,0.0,0.0,0.0,0.0,0.0,0.0,0.0,0.0,0.0,0.0,0.0,0.0,0.0,0.0,0.0,0.0,0.0,0.0,0.0,0.0,0.0,0.0,0.0,0.0,0.0,0.0,0.0,0.0,0.0,0.0,0.0,0.0,0.0,0.0,0.0,0.0,0.0,0.0
Si37,0.0,0.0,0.0,0.0,0.0,0.0,0.0,0.0,0.0,0.0,0.0,0.0,0.0,0.0,0.0,0.0,0.0,0.0,0.0,0.0,0.0,0.0,0.0,0.0,0.0,0.0,0.0,0.0,0.0,0.0,0.0,0.0,0.0,0.0,0.0,0.0,0.0,0.0,0.0,0.0,0.0,0.0,0.0,0.0
Si38,0.0,0.0,0.0,0.0,0.0,0.0,0.0,0.0,0.0,0.0,0.0,0.0,0.0,0.0,0.0,0.0,0.0,0.0,0.0,0.0,0.0,0.0,0.0,0.0,0.0,0.0,0.0,0.0,0.0,0.0,0.0,0.0,0.0,0.0,0.0,0.0,0.0,0.0,0.0,0.0,0.0,0.0,0.0,0.0
Si39,0.0,0.0,0.0,0.0,0.0,0.0,0.0,0.0,0.0,0.0,0.0,0.0,0.0,0.0,0.0,0.0,0.0,0.0,0.0,0.0,0.0,0.0,0.0,0.0,0.0,0.0,0.0,0.0,0.0,0.0,0.0,0.0,0.0,0.0,0.0,0.0,0.0,0.0,0.0,0.0,0.0,0.0,0.0,0.0
Si40,0.0,0.0,0.0,0.0,0.0,0.0,0.0,0.0,0.0,0.0,0.0,0.0,0.0,0.0,0.0,0.0,0.0,0.0,0.0,0.0,0.0,0.0,0.0,0.0,0.0,0.0,0.0,0.0,0.0,0.0,0.0,0.0,0.0,0.0,0.0,0.0,0.0,0.0,0.0,0.0,0.0,0.0,0.0,0.0
Si41,0.0,0.0,0.0,0.0,0.0,0.0,0.0,0.0,0.0,0.0,0.0,0.0,0.0,0.0,0.0,0.0,0.0,0.0,0.0,0.0,0.0,0.0,0.0,0.0,0.0,0.0,0.0,0.0,0.0,0.0,0.0,0.0,0.0,0.0,0.0,0.0,0.0,0.0,0.0,0.0,0.0,0.0,0.0,0.0
Si42,0.0,0.0,0.0,0.0,0.0,0.0,0.0,0.0,0.0,0.0,0.0,0.0,0.0,0.0,0.0,0.0,0.0,0.0,0.0,0.0,0.0,0.0,0.0,0.0,0.0,0.0,0.0,0.0,0.0,0.0,0.0,0.0,0.0,0.0,0.0,0.0,0.0,0.0,0.0,0.0,0.0,0.0,0.0,0.0
Sm163,49675094.763324045,943295.2516425794,17885.788256917593,339.13180524786964,6.4302662917971745,0.12192405413936834,0.002311797723951635,4.383391574527942e-05,8.311333425313353e-07,1.5759090223229757e-08,2.988075582523422e-10,5.665679655613274e-12,1.0742675368647075e-13,2.0369149173797513e-15,3.8621872469061524e-17,7.323079723601235e-19,1.3885265837687806e-20,2.6327803965030084e-22,4.992005696712527e-24,9.465324532615977e-26,1.7947168723533832e-27,3.4029563812744507e-29,6.452333686299879e-31,1.2234247323431228e-32,2.3197313537687965e-34,4.39843450226149e-36,8.339856267948026e-38,1.581317228533711e-39,2.9983300633942325e-41,5.685123140908096e-43,1.0779542093074458e-44,2.043905204097365e-46,3.8754415050897594e-48,7.348211076161495e-50,1.393291730733319e-51,2.641815574987414e-53,5.009137267019292e-55,9.497807643124771e-57,1.8008759835698845e-58,3.414634650498992e-60,6.474476811709843e-62,1.2276232826033887e-63,2.3276922102249682e-65,4.413529054329975e-67
Sm164,2190186.8724837205,7675.343951399809,26.897661342241296,0.09426081622699847,0.00033032988863706197,1.15761606672487e-06,4.056777797094584e-09,1.421667042127449e-11,4.9821244341233705e-14,1.7459477600286043e-16,6.118541640329928e-19,2.14419655968618e-21,7.514174384734808e-24,2.633285480714911e-26,9.228149451829201e-29,3.2339350567556324e-31,1.1333080381831058e-33,3.971592152808936e-36,1.3918143785110097e-38,4.877508036317201e-41,1.7092857360612972e-43,5.990062355096866e-46,2.0991719676213253e-48,7.356389113208033e-51,2.577990827795194e-53,9.034373530165111e-56,3.166027753184554e-58,1.1095104381578125e-60,3.8881952665857864e-63,1.3625885716047453e-65,4.775088410356975e-68,1.673393554143184e-70,5.864280922996816e-73,2.055092817746195e-75,7.201917072202118e-78,2.5238572714082643e-80,8.844666583327745e-83,3.099546391012229e-85,1.086212548491826e-87,3.8065495774554225e-90,1.3339764584514084e-92,4.674819427656335e-95,1.6382550488606803e-97,5.741140693562666e-100
Sm165,92401.66734733584,10.604656816542972,0.0012170640360191919,1.3967871788746852e-07,1.6030499343733268e-11,1.839771391776842e-15,2.1114493699933843e-19,2.4232458782499774e-23,2.78108519669307e-27,3.191766440494677e-31,3.6630927462350476e-35,4.204019535163796e-39,4.8248246704111e-43,5.537303741215989e-47,6.354994184663718e-51,7.293432503350617e-55,8.370449466232845e-59,9.606508901613883e-63,1.1025096519496704e-66,1.2653166151107975e-70,1.4521651884354964e-74,1.6666055826029328e-78,1.912712265851593e-82,2.195161380790094e-86,2.519319593303718e-90,2.891346061727624e-94,3.3183094637489324e-98,3.8083223046038275e-102,4.37069505848847e-106,5.016113071943052e-110,5.756839590456257e-114,6.606948765891143e-118,7.582593071982901e-122,8.702310208928653e-126,9.987375328400675e-130,1.1462205271423725e-133,1.315482249982614e-137,1.5097387536180254e-141,1.7326810028841015e-145,1.9885450052605784e-149,2.2821922970037292e-153,2.6192023146193e-157,3.005978406777476e-161,3.4498695009460606e-165
Sn133,49934630016319.21,433071558418.288,3755868491.391415,32573249.963928152,282495.6772699665,2449.9798995983638,21.247764094810638,0.18427395224864299,0.0015981394242619857,1.3860068600114595e-05,1.2020321799432123e-07,1.0424777851439233e-09,9.041021951424984e-12,7.840941945334931e-14,6.800157207938485e-16,5.897523330113428e-18,5.1147025525570553e-20,4.435791218926895e-22,3.846996679811214e-24,3.336357083564174e-26,2.8934983613230207e-28,2.509423469155457e-30,2.1763296056158428e-32,1.8874496913325046e-34,1.6369148901519825e-36,1.419635378842659e-38,1.2311969430949567e-40,1.0677712990797265e-42,9.260383186725257e-45,8.03118578284439e-47,6.96514860972734e-49,6.040614233979882e-51,5.238799969436512e-53,4.5434162912412544e-55,3.940335900577775e-57,3.417306716823064e-59,2.963702966321138e-61,2.570309310937833e-63,2.229133630788374e-65,1.9332446576628927e-67,1.6766311605376057e-69,1.4540798224080019e-71,1.2610693274101676e-73,1.0936785065218455e-75
Sn134,6413547043836.731,8712566791.278294,11835695.428447472,16078.348623416347,21.841833969026364,0.02967131278866044,4.030736630683075e-05,5.475604635916022e-08,7.438403665630726e-11,1.0104792579424885e-13,1.3726981979344108e-16,1.8647590515110033e-19,2.533205278060962e-22,3.4412644226588694e-25,4.674828735443956e-28,6.350579618885306e-31,8.62702438487758e-34,1.1719489275584587e-36,1.592048692029878e-39,2.1627384762188065e-42,2.9379991578985336e-45,3.99116173625572e-48,5.421843625151204e-51,7.365371347534209e-54,1.0005580912630056e-56,1.3592206648576177e-59,1.8464503279803647e-62,2.508333563377612e-65,3.407477130483381e-68,4.628929965411986e-71,6.2882278601380916e-74,8.542321857638561e-77,1.160442406708319e-79,1.5764175147332337e-82,2.141504107736681e-85,2.9091530642052905e-88,3.951975399159806e-91,5.368610454957553e-94,7.293056081069508e-97,9.90734333360111e-100,1.3458754579528199e-102,1.828321364594635e-105,2.483706046113497e-108,3.37402157134911e-111
Sn135,227082795095.40286,474649.4612301388,0.9921144001746616,2.073721900964478e-06,4.3345026760851964e-12,9.05999663708598e-18,1.893724498473374e-23,3.9582713104313844e-29,8.273596174953067e-35,1.7293507265609302e-40,3.614696526415586e-46,7.555454643989226e-52,1.5792444665883186e-57,3.300943758869558e-63,6.899647223560818e-69,1.4421673099299748e-74,3.014424480614648e-80,6.300763362726687e-86,1.3169883408385822e-91,2.75277484656108e-97,5.753862142040134e-103,1.202674806149211e-108,2.513836191482312e-114,5.254431509910813e-120,1.0982835948456772e-125,2.2956372205670224e-131,4.7983510572177645e-137,1.0029534571937228e-142,2.0963777458169205e-148,4.3818580230563644e-154,9.158978992472215e-160,1.914413834112221e-165,4.001516251159122e-171,8.36398694105547e-177,1.748244244413156e-182,3.654187840874409e-188,7.637999563886276e-194,1.5964980422015488e-199,3.337007258817551e-205,6.975027310428235e-211,1.4579232889789676e-216,3.047357697609864e-222,6.369600518341172e-228,1.3313767135073703e-233
Sn136,5675865462.915248,0.005162169566497372,4.694965870382818e-15,4.270046584117907e-27,3.883584744578833e-39,3.5320997490806256e-51,3.2124260079223237e-63,2.9216844340429195e-75,2.6572565130144744e-87,2.416760719838274e-99,2.1980310701458416e-111,1.9990976126299245e-123,1.8181686870138272e-135,1.65361478776852e-147,1.5039538882488367e-159,1.3678380930731139e-171,1.2440414985331845e-183,1.1314491517015874e-195,1.0290470087980703e-207,9.359128023771261e-220,8.5120773508345e-232,7.74168925166532e-244,7.041025357162034e-256,6.40377525738771e-268,5.824199667938692e-280,5.297078740057888e-292,4.817665048956668e-304,4.38164084e-316,0.0,0.0,0.0,0.0,0.0,0.0,0.0,0.0,0.0,0.0,0.0,0.0,0.0,0.0,0.0,0.0
Sn137,6716862749.293271,9.626812025648807e-07,1.3797439851949875e-22,1.977491052707495e-38,2.834200333901489e-54,4.062062137620948e-70,5.821871027437111e-86,8.344082663384035e-102,1.1958993108103186e-117,1.7139992726493099e-133,2.456555899051207e-149,3.520810645290165e-165,5.046132923242773e-181,7.232271213760803e-197,1.0365511116140032e-212,1.485616586037175e-228,2.1292308849798668e-244,3.0516784775844597e-260,4.373758429039629e-276,6.268603634396407e-292,8.98435342570946e-308,1.5e-323,0.0,0.0,0.0,0.0,0.0,0.0,0.0,0.0,0.0,0.0,0.0,0.0,0.0,0.0,0.0,0.0,0.0,0.0,0.0,0.0,0.0,0.0
Sr100,3087818946871.0776,0.017902136592576324,2.2409379613103922e-17,2.805141677069109e-32,3.511395658552185e-47,4.395464076446133e-62,5.502115490822955e-77,6.88738989736682e-92,8.621436550626745e-107,1.0792066269531247e-121,1.350919811124601e-136,1.6910425589595625e-151,2.116798430716586e-166,2.6497473836738276e-181,3.316877552157617e-196,4.1519719063760205e-211,5.197318996633409e-226,6.505854413726896e-241,8.143841407469267e-256,1.0194226407845212e-270,1.2760839369869673e-285,1.5973651644454274e-300,1.999535763e-315,0.0,0.0,0.0,0.0,0.0,0.0,0.0,0.0,0.0,0.0,0.0,0.0,0.0,0.0,0.0,0.0,0.0,0.0,0.0,0.0,0.0
Sr101,1615660787086.7551,4.9827899273408184e-14,1.5362291307448293e-39,4.7363023056612895e-65,1.4602352657989347e-90,4.502007882677097e-116,1.3880006496485707e-141,4.2793034877567645e-167,1.3193393205517416e-192,4.067615787788848e-218,1.2540745158834405e-243,3.866399811185712e-269,1.1920382170756388e-294,3.6754e-320,0.0,0.0,0.0,0.0,0.0,0.0,0.0,0.0,0.0,0.0,0.0,0.0,0.0,0.0,0.0,0.0,0.0,0.0,0.0,0.0,0.0,0.0,0.0,0.0,0.0,0.0,0.0,0.0,0.0,0.0
Sr102,61977133274.26083,1.4597746191027738e-33,3.438223256565403e-77,8.09808510921219e-121,1.907350906044542e-164,4.492404599021288e-208,1.0581010037193887e-251,2.4921569493449182e-295,0.0,0.0,0.0,0.0,0.0,0.0,0.0,0.0,0.0,0.0,0.0,0.0,0.0,0.0,0.0,0.0,0.0,0.0,0.0,0.0,0.0,0.0,0.0,0.0,0.0,0.0,0.0,0.0,0.0,0.0,0.0,0.0,0.0,0.0,0.0,0.0
Sr103,737030527.9327992,3.9541090002964765e-36,2.121347406067312e-80,1.13808567666988e-124,6.105737342863405e-169,3.275678559554626e-213,1.7573749774982538e-257,9.428174209977571e-302,0.0,0.0,0.0,0.0,0.0,0.0,0.0,0.0,0.0,0.0,0.0,0.0,0.0,0.0,0.0,0.0,0.0,0.0,0.0,0.0,0.0,0.0,0.0,0.0,0.0,0.0,0.0,0.0,0.0,0.0,0.0,0.0,0.0,0.0,0.0,0.0
Sr104,46578174.9483073,9.02128030431686e-40,1.7472453229302576e-86,3.384072011420185e-133,6.5542847522248575e-180,1.269436597929194e-226,2.4586500847632156e-273,4.762e-320,0.0,0.0,0.0,0.0,0.0,0.0,0.0,0.0,0.0,0.0,0.0,0.0,0.0,0.0,0.0,0.0,0.0,0.0,0.0,0.0,0.0,0.0,0.0,0.0,0.0,0.0,0.0,0.0,0.0,0.0,0.0,0.0,0.0,0.0,0.0,0.0
Sr105,3.271072617099133e-11,3.2406576682202036e-58,3.210525522330748e-105,3.1806735498841763e-152,3.1510991457837193e-199,3.12179972915487e-246,3.0927727431208895e-293,0.0,0.0,0.0,0.0,0.0,0.0,0.0,0.0,0.0,0.0,0.0,0.0,0.0,0.0,0.0,0.0,0.0,0.0,0.0,0.0,0.0,0.0,0.0,0.0,0.0,0.0,0.0,0.0,0.0,0.0,0.0,0.0,0.0,0.0,0.0,0.0,0.0
Sr96,1293691982821924.2,2118157860534.4907,3255321438.277106,5002987.673370022,7688.913716962941,11.816817870965886,0.018160846868071533,2.7910759272672504e-05,4.2895052683178994e-08,6.592387998897024e-11,1.0131606516255405e-13,1.5570905507595039e-16,2.3930370562403445e-19,3.677773492200674e-22,5.652239201504223e-25,8.686725286038337e-28,1.3350318962972406e-30,2.0517630124617945e-33,3.153281559026519e-36,4.8461662141800926e-39,7.44790039704257e-42,1.1446413076372758e-44,1.7591584920628525e-47,2.703588084362151e-50,4.155048315933007e-53,6.385745893613397e-56,9.814025618290264e-59,1.5082826727068112e-61,2.318025965357041e-64,3.5624916159955945e-67,5.475066588429733e-70,8.414435001936757e-73,1.2931845715163242e-75,1.9874493482009637e-78,3.0544401771147905e-81,4.694260411727307e-84,7.214441775031069e-87,1.1087618828151404e-89,1.704016680872695e-92,2.6188425970416517e-95,4.0248059922555654e-98,6.185581101206854e-101,9.506399471981775e-104,1.461004705010869e-106
Sr97,623049919213845.8,61566954.20928283,5.920132857495052,5.692659885567782e-07,5.4739272500827796e-14,5.2635991156197884e-21,5.061352550773199e-28,4.866877032333026e-35,4.6798739685170215e-42,4.5000562405219655e-49,4.327147761690206e-56,4.160883053614621e-63,4.001006838531164e-70,3.8472736473731695e-77,3.699447442885634e-84,3.5573012572208044e-91,3.4206168434586756e-98,3.289184340517305e-105,3.162801950938518e-112,3.04127563105424e-119,2.924418793057766e-126,2.812052018522526e-133,2.7040027829285038e-140,2.600105190773347e-147,2.500199720861476e-154,2.4041329813801016e-161,2.3117574743861094e-168,2.2229313693422136e-175,2.137518285354672e-182,2.05538708177823e-189,1.976411656866762e-196,1.9004707541604993e-203,1.8274477763125562e-210,1.7572306060689125e-217,1.6897114341270205e-224,1.624786593608662e-231,1.5623564008929986e-238,1.5023250025653766e-245,1.4446002282469184e-252,1.3890934490789276e-259,1.3357194416448475e-266,1.284396257120818e-273,1.2350450954539575e-280,1.1875901843751561e-287
Sr98,292790238550099.06,7225715601.778541,177389.0763147162,4.354846790267108,0.00010691013765161815,2.6246107115026416e-09,6.443337870709537e-14,1.5818194574215768e-18,3.8833176935387947e-23,9.53342446143169e-28,2.3404261287466607e-32,5.745673536597652e-37,1.410545027833777e-41,3.4628442825256165e-46,8.501175282178537e-51,2.0870121576940603e-55,5.123550099588859e-60,1.257815654126399e-64,3.087898408356303e-69,7.58069479342892e-74,1.8610370534084433e-78,4.568788229228498e-83,1.1216233360484133e-87,2.7535504927108626e-92,6.759881033342697e-97,1.6595298218032225e-101,4.0740942272062313e-106,1.0001774932926296e-110,2.455404716486178e-115,6.0279424023977824e-120,1.479841158675631e-124,3.632964133896385e-129,8.918814239488587e-134,2.1895412260288796e-138,5.3752557814848565e-143,1.3196086181391353e-147,3.239598217940142e-152,7.95311311961618e-157,1.9524645970952845e-161,4.793240012527861e-166,1.1767255525082813e-170,2.888824724626434e-175,7.091975075942156e-180,1.7410578789714808e-184
Sr99,48222159280003.125,376.678239458076,2.671230920851951e-09,1.8943155948645493e-20,1.3433625468076523e-31,9.526516790854904e-43,6.755772846437337e-54,4.790887136888597e-65,3.3974794712804365e-76,2.4093380678694954e-87,1.7085930833004778e-98,1.2116565803833698e-109,8.592517920945706e-121,6.093423286523375e-132,4.321178924542618e-143,3.064383749477709e-154,2.173121717022404e-165,1.5410791803733102e-176,1.0928633318497118e-187,7.750090179093419e-199,5.496011809859142e-210,3.8975218502095654e-221,2.7639454023026063e-232,1.9600644923899404e-243,1.3899886774634705e-254,9.857168123691896e-266,6.990255747696993e-277,4.957171756132071e-288,3.515400967681265e-299,2.4929626350524e-310,1.77e-321,0.0,0.0,0.0,0.0,0.0,0.0,0.0,0.0,0.0,0.0,0.0,0.0,0.0
Tb169,1475872.5738778866,48732.5530022366,1525.442608535279,47.67257207064887,1.489770309389343,0.04655532454359435,0.001454853894306833,4.546418419935371e-05,1.4207557562320155e-06,4.4398617382252714e-08,1.3874567931954004e-09,4.335802478735633e-11,1.354938274604887e-12,4.2341821081402796e-14,1.323181908793839e-15,4.134943464980753e-17,1.2921698328064878e-18,4.0380307275202804e-20,1.2618846023500902e-21,3.9433893823440385e-23,1.2323091819825139e-24,3.850966193695361e-26,1.2034269355298032e-27,3.7607091735306417e-29,1.1752216167283281e-30,3.6725675522760315e-32,1.1476773600862615e-33,3.586491750269571e-35,1.1207786719592426e-36,3.5024333498726384e-38,1.0945104218352015e-39,3.4203450682350087e-41,1.0688578338234412e-42,3.340180730698258e-44,1.043806478343207e-45,3.2618952448225284e-47,1.0193422640070421e-48,3.185444575022012e-50,9.954514296943803e-52,3.1107857177949436e-53,9.721205368109212e-55,3.037876677534133e-56,9.493364617294178e-58,2.966676442904434e-59
Tb170,82208.99603908794,8156.165424606117,809.1940984404008,80.28222269442202,7.965005297466923,0.7902286117582049,0.07840060810002156,0.007778325485807557,0.0007717076286701244,7.656309384767755e-05,7.596020982233964e-06,7.536207311231699e-07,7.476864633562276e-08,7.4179892404628744e-09,7.359577452374724e-10,7.301625618713182e-11,7.244130117639542e-12,7.187087355834704e-13,7.130493768274598e-14,7.074345818007374e-15,7.018639995932333e-16,6.963372820580666e-17,6.908540837897827e-18,6.854140621027678e-19,6.800168770098314e-20,6.746621912009603e-21,6.693496700222347e-22,6.640789814549142e-23,6.588497960946889e-24,6.5366178713109e-25,6.485146303270658e-26,6.434080039987207e-27,6.383415889952062e-28,6.333150686787769e-29,6.2832812890500225e-30,6.233804580031322e-31,6.184717467566195e-32,6.136016883837924e-33,6.087699785186849e-34,6.03976315192012e-35,5.99220398812298e-36,5.945019321471539e-37,5.898206203047006e-38,5.851761707151362e-39
Tb171,10574.54847032093,0.01008467528373809,9.617495807397946e-09,9.171958739660226e-15,8.747061481151808e-21,8.341847878600902e-27,7.95540607318965e-33,7.586866448583282e-39,7.235399674018188e-45,6.900214838045305e-51,6.580557668729125e-57,6.275708836297164e-63,5.984982334420371e-69,5.707723936481837e-75,5.443309723359917e-81,5.191144679412767e-87,4.950661353504918e-93,4.721318582062644e-99,4.502600271284718e-105,4.294014235768049e-111,4.0950910909348e-117,3.90538319676857e-123,3.7244636504827214e-129,3.551925325854036e-135,3.3873799570598944e-141,3.230457264957327e-147,3.080804123837783e-153,2.938083766782554e-159,2.801975027830652e-165,2.6721716192537804e-171,2.548381442312031e-177,2.4303259299392997e-183,2.3177394198792455e-189,2.210368556861158e-195,2.107971722470434e-201,2.0103184914306966e-207,1.9171891130740133e-213,1.8283740168323644e-219,1.7436733406375545e-225,1.662896481168322e-231,1.5858616649325582e-237,1.512395539219435e-243,1.4423327820009564e-249,1.375515729905087e-255
Tc109,4881712156181.955,6270850318.019687,1991365.8625251749,629.2404200172846,0.19882359417078438,6.282306692872662e-05,1.98504495863594e-08,6.272224010074148e-12,1.9818590939915987e-15,6.262157509248096e-19,1.9786783424472133e-22,6.252107164483871e-26,1.9755026957967206e-29,6.242072949852065e-33,1.9723321458471045e-36,6.232054839464895e-40,1.9691666844185083e-43,6.22205280747613e-47,1.966006303344187e-50,6.212066828081004e-54,1.9628509944705152e-57,6.202096875516184e-61,1.959700749656951e-64,6.192142924059677e-68,1.956555560776014e-71,6.182204948030763e-75,1.9534154197132688e-78,6.172282921789954e-82,1.9502803183673028e-85,6.162376819738903e-89,1.9471502486497138e-92,6.152486616320361e-96,1.9440252024850696e-99,6.142612286018064e-103,1.9409051718109014e-106,6.132753803356728e-110,1.937790148577683e-113,6.1229111429019466e-117,1.934680124748808e-120,6.1130842792601376e-124,1.9315750923005656e-127,6.103273187078478e-131,1.9284750432221226e-134,6.093477841044817e-138
Tc110,4222743304795.8877,3376512977.814437,1804692.768144639,964.5796777561854,0.5155525478703802,0.00027555466463271796,1.4727960033269e-07,7.871861179729553e-11,4.20738502093689e-14,2.248780600957229e-17,1.2019375850027332e-20,6.424165868503415e-24,3.433614825011929e-27,1.8352126965377142e-30,9.80892095700201e-34,5.242712766876064e-37,2.8021468698190125e-40,1.4977030841068204e-43,8.004985578389621e-47,4.278537901819228e-50,2.2868106879196044e-53,1.222264063655895e-56,6.53280767488324e-60,3.491682148402623e-63,1.8662487604445594e-66,9.974803798948905e-70,5.331374516429656e-73,2.8495351695469596e-76,1.5230313791428713e-79,8.140361300480554e-83,4.350894079388846e-86,2.325483917887454e-89,1.2429342920507967e-92,6.643286769143693e-96,3.5507314730420177e-99,1.8978096884527917e-102,1.014349195631967e-105,5.421535662609262e-109,2.8977248730040542e-112,1.54878801176882e-115,8.27802641909221e-119,4.424473903108769e-122,2.3648111673261945e-125,1.2639540834857983e-128
Tc111,1624699152743.765,78.72731730413383,3.2795925469880243e-09,1.366169756913462e-19,5.6909258928779824e-30,2.370588213945918e-40,9.87473297461031e-51,4.113310773894173e-61,1.7133862952884373e-71,7.137024501745092e-82,2.9728817333241487e-92,1.2383315693590813e-102,5.1581667159852474e-113,2.1485878605521422e-123,8.949738074384597e-134,3.7279245676488434e-144,1.552828817477792e-154,6.4681457156231865e-165,2.6942370947997484e-175,1.1222553228001433e-185,4.6746318849754355e-196,1.947166400659107e-206,8.11070572401454e-217,3.378424091674125e-227,1.4072447669996166e-237,5.861720211039063e-248,2.441633646549056e-258,1.0170349938034646e-268,4.2363445535955666e-279,1.7646014900924607e-289,7.350248094748302e-300,3.0616627269919e-310,1.275e-320,0.0,0.0,0.0,0.0,0.0,0.0,0.0,0.0,0.0,0.0,0.0
Tc112,248102668060.53525,6.4480536548407095,1.807943218386798e-10,5.361868865577724e-21,1.650256900601094e-31,5.195680907515277e-42,1.6576123405469364e-52,5.328242075995843e-63,1.719903651980028e-73,5.564550897237127e-84,1.8026418148313843e-94,5.8437591366589865e-105,1.8951406176959777e-115,6.147259803447305e-126,1.9942126881388265e-136,6.469766486902205e-147,2.099039559820691e-157,6.810214346634257e-168,2.2095579152466153e-178,7.168898491932506e-189,2.3259522945165535e-199,7.546575173110214e-210,2.4484960044144475e-220,7.944180701462703e-231,2.577501624640587e-241,8.36274484300933e-252,2.7133060310515654e-262,8.803365504631853e-273,2.856266311902398e-283,9.26720280933045e-294,3.0067591449475612e-304,9.75547938e-315,0.0,0.0,0.0,0.0,0.0,0.0,0.0,0.0,0.0,0.0,0.0,0.0
Tc113,50474054287.292015,7.754759965035423e-09,1.1890322402348797e-27,1.8231353061764313e-46,2.795401362683358e-65,4.28617050639014e-84,6.571957020230467e-103,1.0076738433845494e-121,1.5450596702255653e-140,2.3690298207398537e-159,3.6324178280670205e-178,5.569562342418513e-197,8.539773273437966e-216,1.3093978140131082e-234,2.0076910480459076e-253,3.07837946670295e-272,4.720058970348925e-291,7.23723534559337e-310,0.0,0.0,0.0,0.0,0.0,0.0,0.0,0.0,0.0,0.0,0.0,0.0,0.0,0.0,0.0,0.0,0.0,0.0,0.0,0.0,0.0,0.0,0.0,0.0,0.0,0.0
Tc114,2528402568.801188,2.1614270730315614e-11,1.8453307100183035e-31,1.575461634502686e-51,1.3450593697458466e-71,1.1483521201150582e-91,9.804121821194575e-112,8.370325007558918e-132,7.146212787840441e-152,6.101119987930735e-172,5.2088660402703696e-192,4.4470991357578834e-212,3.7967362896957916e-232,3.2414852948935437e-252,2.767436586398515e-272,2.362714793678741e-292,2.01718125131e-312,0.0,0.0,0.0,0.0,0.0,0.0,0.0,0.0,0.0,0.0,0.0,0.0,0.0,0.0,0.0,0.0,0.0,0.0,0.0,0.0,0.0,0.0,0.0,0.0,0.0,0.0,0.0
Tc115,32338707.964784775,5.896445020342097e-30,1.1218240601505104e-62,2.134386413011242e-95,4.0608911164164223e-128,7.726265759031046e-161,1.4700020480197963e-193,2.7968310805987584e-226,5.321260677112955e-259,1.0124249329969052e-291,0.0,0.0,0.0,0.0,0.0,0.0,0.0,0.0,0.0,0.0,0.0,0.0,0.0,0.0,0.0,0.0,0.0,0.0,0.0,0.0,0.0,0.0,0.0,0.0,0.0,0.0,0.0,0.0,0.0,0.0,0.0,0.0,0.0,0.0
Tc116,2267183.6560298125,8.085547003263918e-28,2.8835807001393727e-61,1.0283828231855896e-94,3.6675624544582543e-128,1.3079773459931002e-161,4.664691491624144e-195,1.6635874297585426e-228,5.93291783908961e-262,2.1158800226385935e-295,0.0,0.0,0.0,0.0,0.0,0.0,0.0,0.0,0.0,0.0,0.0,0.0,0.0,0.0,0.0,0.0,0.0,0.0,0.0,0.0,0.0,0.0,0.0,0.0,0.0,0.0,0.0,0.0,0.0,0.0,0.0,0.0,0.0,0.0
Tc117,314030.30328157777,-4.3376122333600975e-42,5.9914217482777225e-89,-8.275782304757796e-136,1.1431105275708989e-182,-1.5789464127061745e-229,2.1809542595111307e-276,-3e-323,-0.0,-0.0,-0.0,-0.0,-0.0,-0.0,-0.0,-0.0,-0.0,-0.0,-0.0,-0.0,-0.0,-0.0,-0.0,-0.0,-0.0,-0.0,-0.0,-0.0,-0.0,-0.0,-0.0,-0.0,-0.0,-0.0,-0.0,-0.0,-0.0,-0.0,-0.0,-0.0,-0.0,-0.0,-0.0,-0.0
Tc118,210.80656576831896,5.477963987630057e-44,1.4234893178208812e-89,3.699041911421576e-135,9.612233046751055e-181,2.4978096046909825e-226,6.490742360221066e-272,1.6866675e-317,0.0,0.0,0.0,0.0,0.0,0.0,0.0,0.0,0.0,0.0,0.0,0.0,0.0,0.0,0.0,0.0,0.0,0.0,0.0,0.0,0.0,0.0,0.0,0.0,0.0,0.0,0.0,0.0,0.0,0.0,0.0,0.0,0.0,0.0,0.0,0.0
Te136,477952262531857.56,341767181838660.3,229993110358472.78,154773886232613.16,104155101647720.8,70091185685655.18,47167870158076.73,31741622765906.695,21360528097548.688,14374569440609.814,9673367889561.957,6509693852982.541,4380699105353.432,2947991884879.7866,1983851422869.1624,1335033006096.7886,898410590038.11,604585493097.6202,406855865811.40735,273793694084.58835,184249492804.9857,123990713929.32198,83439562881.04881,56150661877.38155,37786593318.60105,25428491613.212803,17112105880.286669,11515593300.31154,7749419620.582585,5214972680.065532,3509416367.3363357,2361662082.4125566,1589280725.8257945,1069506617.5179133,719724581.2694687,484338726.28640956,325935792.5040942,219338522.95851985,147603880.15078402,99330045.36411163,66844163.594869204,44982786.32934156,30271170.392900407,20370987.031505756
Te137,142306567943224.84,8796119718525.719,543669945848.972,33603113582.864395,2076938869.040522,128371290.80595204,7934363.668006826,490406.58873913746,30311.015771624257,1873.4611202305252,115.79475249064984,7.157033876807105,0.4423614439514496,0.02734144485873379,0.0016899180911554013,0.00010445033792360353,6.455859103144965e-06,3.990232831045857e-07,2.4662802876537206e-08,1.5243567768638337e-09,9.421733591283332e-11,5.8233784381992016e-12,3.599309628735132e-13,2.22465875109975e-14,1.3750155083445559e-15,8.498686134461725e-17,5.252861918557572e-18,3.2466851815536436e-19,2.006708882043972e-20,1.2403052073398676e-21,7.666069658232983e-23,4.738238915478215e-24,2.928607359579754e-25,1.810111566676681e-26,1.1187924776255712e-27,6.915024637346784e-29,4.274033539856909e-30,2.641691629146642e-31,1.632774894821503e-32,1.00918435283855e-33,6.237559514445509e-35,3.855306375571013e-36,2.382885039428726e-37,1.4728119007901793e-38
Te138,23995881837191.59,169888800067.6314,1202127394.64573,8506212.724926205,60189.673111159645,425.9000881334866,3.0136545971451763,0.021324517848063274,0.00015089156596882007,1.0677036096546781e-06,7.555034575658091e-09,5.3459168746137204e-11,3.7827526722854624e-13,2.676662977614434e-15,1.8939976563160046e-17,1.340186326082644e-19,9.483113047312152e-22,6.710218670187833e-24,4.748128001542661e-26,3.359759290586937e-28,2.3773542935274295e-30,1.6822078453024967e-32,1.1903245732038053e-34,8.422696360199393e-37,5.959871414329738e-39,4.2171848249440923e-41,2.9840656972863348e-43,2.111514779492508e-45,1.4941007056479286e-47,1.0572205983583843e-49,7.4808571428159e-52,5.293429174395343e-54,3.745612553402206e-56,2.650382755297137e-58,1.8754018600231195e-60,1.327028003615224e-62,9.390005203243735e-65,6.64433587510865e-67,4.701509558909019e-69,3.3267722384897386e-71,2.3540127672002857e-73,1.665691460338019e-75,1.1786376351487886e-77,8.339999982393027e-80
Te139,2411475739687.0835,5094.0931686618815,1.0760956365405918e-05,2.273185394616329e-14,4.801963378374943e-23,1.0143850273657947e-31,2.1428255541843065e-40,4.526586288038225e-49,9.562133223138387e-58,2.01994142956399e-66,4.2670011844175787e-75,9.013775766632547e-84,1.904104312598687e-92,4.02230244807988e-101,8.496864839168778e-110,1.7949100801598592e-118,3.791636393941563e-127,8.009597083872724e-136,1.691977784275145e-144,3.5741982930013286e-153,7.550272560562291e-162,1.5949483231080098e-170,3.3692295648669974e-179,7.117288815134317e-188,1.5034831881524126e-196,3.176015131281817e-205,6.70913528905287e-214,1.4172632832718214e-222,2.9938809214174924e-231,6.32438804943523e-240,1.33598781146251e-248,2.822191520230603e-257,5.9617048213504814e-266,1.2593732254574074e-274,2.6603479516782217e-283,5.619820304999707e-292,1.1871522385094018e-300,2.50778558905889e-309,5.29754e-318,0.0,0.0,0.0,0.0,0.0
Te140,6118095408787.1045,766.1499125916993,9.59425522722661e-08,1.20145851160882e-17,1.504548837747099e-27,1.8840993536555554e-37,2.3593985687834327e-47,2.954600878969892e-57,3.699954077072659e-67,4.633336526055403e-77,5.80218211266668e-87,7.26589080659984e-97,9.09884732817674e-107,1.1394201331276408e-116,1.426860120793746e-126,1.7868122083493797e-136,2.237568925908675e-146,2.8020374356056145e-156,3.5089036586199664e-166,4.394090074965557e-176,5.5025812804745324e-186,6.890710074591744e-196,8.629020256468695e-206,1.0805851614785668e-215,1.3531829298144555e-225,1.694548571290513e-235,2.1220300649642753e-245,2.6573517412858453e-255,3.3277182983897985e-265,4.1671973270952575e-275,5.2184506036321095e-285,6.534902133259562e-295,8.183453123338397e-305,1.024788186e-314,0.0,0.0,0.0,0.0,0.0,0.0,0.0,0.0,0.0,0.0
Te141,11709750221.251657,8.6235082882266e-05,6.350681593715835e-19,4.676885016719231e-33,3.444237147908182e-47,2.5364680740755667e-61,1.8679521805610955e-75,1.3756314871554714e-89,1.0130676835020217e-103,7.460618202905084e-118,5.494284821830228e-132,4.046201652785215e-146,2.97977777743749e-160,2.1944224151058765e-174,1.616056664487331e-188,1.190125987073419e-202,8.764543324703356e-217,6.454545193110154e-231,4.753374146999427e-245,3.500566671294039e-259,2.5779512912758938e-273,1.8985020096001558e-287,1.3981295506448305e-301,1.029636116e-315,0.0,0.0,0.0,0.0,0.0,0.0,0.0,0.0,0.0,0.0,0.0,0.0,0.0,0.0,0.0,0.0,0.0,0.0,0.0,0.0
Te142,747692248.4668157,6.640841196652963e-07,5.898251839522776e-22,5.2386999978207524e-37,4.652900285347529e-52,4.132605622462266e-67,3.6704911310024233e-82,3.260051012257088e-97,2.895506956208323e-112,2.5717267925958534e-127,2.284152238548277e-142,2.028734725588335e-157,1.8018784025638326e-172,1.6003895120809463e-187,1.4214314277447216e-202,1.2624847192064114e-217,1.121311682800318e-232,9.959248384208832e-248,8.845589491287716e-263,7.856461695688034e-278,6.977939733310831e-293,6.197655485094788e-308,5.4e-323,0.0,0.0,0.0,0.0,0.0,0.0,0.0,0.0,0.0,0.0,0.0,0.0,0.0,0.0,0.0,0.0,0.0,0.0,0.0,0.0,0.0
Ti56,0.0,0.0,0.0,0.0,0.0,0.0,0.0,0.0,0.0,0.0,0.0,0.0,0.0,0.0,0.0,0.0,0.0,0.0,0.0,0.0,0.0,0.0,0.0,0.0,0.0,0.0,0.0,0.0,0.0,0.0,0.0,0.0,0.0,0.0,0.0,0.0,0.0,0.0,0.0,0.0,0.0,0.0,0.0,0.0
Ti57,0.0,0.0,0.0,0.0,0.0,0.0,0.0,0.0,0.0,0.0,0.0,0.0,0.0,0.0,0.0,0.0,0.0,0.0,0.0,0.0,0.0,0.0,0.0,0.0,0.0,0.0,0.0,0.0,0.0,0.0,0.0,0.0,0.0,0.0,0.0,0.0,0.0,0.0,0.0,0.0,0.0,0.0,0.0,0.0
Ti58,0.0,0.0,0.0,0.0,0.0,0.0,0.0,0.0,0.0,0.0,0.0,0.0,0.0,0.0,0.0,0.0,0.0,0.0,0.0,0.0,0.0,0.0,0.0,0.0,0.0,0.0,0.0,0.0,0.0,0.0,0.0,0.0,0.0,0.0,0.0,0.0,0.0,0.0,0.0,0.0,0.0,0.0,0.0,0.0
Ti59,0.0,0.0,0.0,0.0,0.0,0.0,0.0,0.0,0.0,0.0,0.0,0.0,0.0,0.0,0.0,0.0,0.0,0.0,0.0,0.0,0.0,0.0,0.0,0.0,0.0,0.0,0.0,0.0,0.0,0.0,0.0,0.0,0.0,0.0,0.0,0.0,0.0,0.0,0.0,0.0,0.0,0.0,0.0,0.0
Ti60,0.0,0.0,0.0,0.0,0.0,0.0,0.0,0.0,0.0,0.0,0.0,0.0,0.0,0.0,0.0,0.0,0.0,0.0,0.0,0.0,0.0,0.0,0.0,0.0,0.0,0.0,0.0,0.0,0.0,0.0,0.0,0.0,0.0,0.0,0.0,0.0,0.0,0.0,0.0,0.0,0.0,0.0,0.0,0.0
Ti61,0.0,0.0,0.0,0.0,0.0,0.0,0.0,0.0,0.0,0.0,0.0,0.0,0.0,0.0,0.0,0.0,0.0,0.0,0.0,0.0,0.0,0.0,0.0,0.0,0.0,0.0,0.0,0.0,0.0,0.0,0.0,0.0,0.0,0.0,0.0,0.0,0.0,0.0,0.0,0.0,0.0,0.0,0.0,0.0
Tl209,0.0,2.1155810616714368e-32,1.356996645671887e-30,1.535489990036827e-29,8.551548333624585e-29,3.230709702477593e-28,9.549952015544212e-28,2.3834388079620156e-27,5.255643274036864e-27,1.0543444560509351e-26,1.963153077412187e-26,3.4413669249668007e-26,5.739616649185421e-26,9.180786986251809e-26,1.417160628311939e-25,2.1214764616640715e-25,3.0921503575693176e-25,4.402462439355447e-25,6.139186453453915e-25,8.403959606478902e-25,1.1314680218225124e-24,1.5006929115489873e-24,1.9635410962824797e-24,2.5375411982186015e-24,3.2424270754794393e-24,4.1002859026119664e-24,5.135706964949504e-24,6.375930900615269e-24,7.85099914301051e-24,9.593903334590826e-24,1.1640734499652441e-23,1.403083177978173e-23,1.6806930550619247e-23,2.0015309752704742e-23,2.370593828244986e-23,2.793262030177537e-23,3.2753139336694104e-23,3.822940104615757e-23,4.4427574552855565e-23,5.1418232237396645e-23,5.927648790644067e-23,6.808213325393497e-23,7.791977254265087e-23,8.887895544076459e-23
Tl210,0.0,2.94625018064273e-39,3.4511358504210053e-37,5.611787270592659e-36,4.055125895689251e-35,1.8773645617864113e-34,6.555746840720614e-34,1.884035561014636e-33,4.6943623699842204e-33,1.0488039554632084e-32,2.1499398682857105e-32,4.1105447546515097e-32,7.419579364740471e-32,1.276048963676903e-31,2.106083145511612e-31,3.354841115678699e-31,5.181401323065578e-31,7.788074705655956e-31,1.1428000960985322e-30,1.6413403036540742e-30,2.3124493776688283e-30,3.201902632123402e-30,4.364247782088903e-30,5.863885428603848e-30,7.776210288940264e-30,1.0188811677502804e-29,1.3202731636247134e-29,1.6933779025505e-29,2.1513897814555748e-29,2.709258775445468e-29,3.3838375571946305e-29,4.194033479132543e-29,5.160965226956919e-29,6.30812395177734e-29,7.661538687782372e-29,9.249945862635415e-29,1.110496270875208e-28,1.3261264385116155e-28,1.575676462128072e-28,1.8632799697611867e-28,2.1934315578606713e-28,2.5710058019202594e-28,3.001276546734394e-28,3.489936458964474e-28
Tl211,0.0,0.0,0.0,0.0,0.0,0.0,0.0,0.0,0.0,0.0,0.0,0.0,0.0,0.0,0.0,0.0,0.0,0.0,0.0,0.0,0.0,0.0,0.0,0.0,0.0,0.0,0.0,0.0,0.0,0.0,0.0,0.0,0.0,0.0,0.0,0.0,0.0,0.0,0.0,0.0,0.0,0.0,0.0,0.0
Tl212,0.0,0.0,0.0,0.0,0.0,0.0,0.0,0.0,0.0,0.0,0.0,0.0,0.0,0.0,0.0,0.0,0.0,0.0,0.0,0.0,0.0,0.0,0.0,0.0,0.0,0.0,0.0,0.0,0.0,0.0,0.0,0.0,0.0,0.0,0.0,0.0,0.0,0.0,0.0,0.0,0.0,0.0,0.0,0.0
V56,0.0,0.0,0.0,0.0,0.0,0.0,0.0,0.0,0.0,0.0,0.0,0.0,0.0,0.0,0.0,0.0,0.0,0.0,0.0,0.0,0.0,0.0,0.0,0.0,0.0,0.0,0.0,0.0,0.0,0.0,0.0,0.0,0.0,0.0,0.0,0.0,0.0,0.0,0.0,0.0,0.0,0.0,0.0,0.0
V57,0.0,0.0,0.0,0.0,0.0,0.0,0.0,0.0,0.0,0.0,0.0,0.0,0.0,0.0,0.0,0.0,0.0,0.0,0.0,0.0,0.0,0.0,0.0,0.0,0.0,0.0,0.0,0.0,0.0,0.0,0.0,0.0,0.0,0.0,0.0,0.0,0.0,0.0,0.0,0.0,0.0,0.0,0.0,0.0
V58,0.0,0.0,0.0,0.0,0.0,0.0,0.0,0.0,0.0,0.0,0.0,0.0,0.0,0.0,0.0,0.0,0.0,0.0,0.0,0.0,0.0,0.0,0.0,0.0,0.0,0.0,0.0,0.0,0.0,0.0,0.0,0.0,0.0,0.0,0.0,0.0,0.0,0.0,0.0,0.0,0.0,0.0,0.0,0.0
V59,0.0,0.0,0.0,0.0,0.0,0.0,0.0,0.0,0.0,0.0,0.0,0.0,0.0,0.0,0.0,0.0,0.0,0.0,0.0,0.0,0.0,0.0,0.0,0.0,0.0,0.0,0.0,0.0,0.0,0.0,0.0,0.0,0.0,0.0,0.0,0.0,0.0,0.0,0.0,0.0,0.0,0.0,0.0,0.0
V60,0.0,0.0,0.0,0.0,0.0,0.0,0.0,0.0,0.0,0.0,0.0,0.0,0.0,0.0,0.0,0.0,0.0,0.0,0.0,0.0,0.0,0.0,0.0,0.0,0.0,0.0,0.0,0.0,0.0,0.0,0.0,0.0,0.0,0.0,0.0,0.0,0.0,0.0,0.0,0.0,0.0,0.0,0.0,0.0
V61,0.0,0.0,0.0,0.0,0.0,0.0,0.0,0.0,0.0,0.0,0.0,0.0,0.0,0.0,0.0,0.0,0.0,0.0,0.0,0.0,0.0,0.0,0.0,0.0,0.0,0.0,0.0,0.0,0.0,0.0,0.0,0.0,0.0,0.0,0.0,0.0,0.0,0.0,0.0,0.0,0.0,0.0,0.0,0.0
V62,0.0,0.0,0.0,0.0,0.0,0.0,0.0,0.0,0.0,0.0,0.0,0.0,0.0,0.0,0.0,0.0,0.0,0.0,0.0,0.0,0.0,0.0,0.0,0.0,0.0,0.0,0.0,0.0,0.0,0.0,0.0,0.0,0.0,0.0,0.0,0.0,0.0,0.0,0.0,0.0,0.0,0.0,0.0,0.0
V63,0.0,0.0,0.0,0.0,0.0,0.0,0.0,0.0,0.0,0.0,0.0,0.0,0.0,0.0,0.0,0.0,0.0,0.0,0.0,0.0,0.0,0.0,0.0,0.0,0.0,0.0,0.0,0.0,0.0,0.0,0.0,0.0,0.0,0.0,0.0,0.0,0.0,0.0,0.0,0.0,0.0,0.0,0.0,0.0
V64,0.0,0.0,0.0,0.0,0.0,0.0,0.0,0.0,0.0,0.0,0.0,0.0,0.0,0.0,0.0,0.0,0.0,0.0,0.0,0.0,0.0,0.0,0.0,0.0,0.0,0.0,0.0,0.0,0.0,0.0,0.0,0.0,0.0,0.0,0.0,0.0,0.0,0.0,0.0,0.0,0.0,0.0,0.0,0.0
Xe141,442105385487094.7,8348292051931.286,151893761008.65274,2763644374.3945813,50283370.28062637,914885.1965920794,16645.95905708055,302.86636395708047,5.510528657558195,0.10026179760943446,0.0018242220818663881,3.319096887662227e-05,6.038959981461272e-07,1.0987638774045347e-08,1.9991555863844542e-10,3.637381188770849e-12,6.618065148371939e-14,1.2041296755838765e-15,2.190864313232722e-17,3.9861873154726797e-19,7.25270351890909e-21,1.3195995112677938e-22,2.4009569198550713e-24,4.368442153681663e-26,7.948200441353533e-28,1.446142309626108e-29,2.6311963256610965e-31,4.7873532626000075e-33,8.710391937465372e-35,1.584819910763308e-36,2.883514504954277e-38,5.246435789841307e-40,9.545673673441153e-42,1.736795979782375e-43,3.1600286984258575e-45,5.749541967575404e-47,1.0461054626933642e-48,1.9033457712778134e-50,3.46305917924743e-52,6.300893437201641e-54,1.1464215900462422e-55,2.0858668301933e-57,3.7951487228403866e-59,6.905116673791809e-61
Xe142,157409275886117.53,566284961279.2036,2021327523.2456796,7215033.482430428,25753.722518458493,91.92670071079621,0.328128032656854,0.0011712375727916497,4.1806774045223324e-06,1.4922731277331333e-08,5.3265987118392956e-11,1.901304346347644e-13,6.786616400078279e-16,2.4224507901792815e-18,8.646824109246162e-21,3.0864431789224205e-23,1.1016913697284891e-25,3.932435505124013e-28,1.4036643498234039e-30,5.010313848498899e-33,1.7884079526289955e-35,6.383638034940429e-38,2.2786095589227044e-40,8.133389602598876e-43,2.903175147695743e-45,1.0362747083337849e-47,3.698933810399283e-50,1.3203170186131712e-52,4.712809471579587e-55,1.6822151651684164e-57,6.004587876908434e-60,2.143309388600479e-62,7.65044201106462e-65,2.7307892773651516e-67,9.74742383065885e-70,3.4792970707051516e-72,1.2419187178607792e-74,4.432970426007256e-77,1.582327934609477e-79,5.648045107534384e-82,2.0160431247531644e-84,7.196171070664142e-87,2.5686394027212994e-89,9.168637482937857e-92
Xe143,19152361224300.08,1770.65188461029,1.6366996771664694e-07,1.5127231129492947e-17,1.3980307020361412e-27,1.2919618948128035e-37,1.1938917312537142e-47,1.10323286966478e-57,1.0194359283140516e-67,9.419887645618423e-78,8.704151078933591e-88,8.04272822921168e-98,7.43151983949391e-108,6.866728791946472e-118,6.344840201797658e-128,5.862602033546607e-138,5.417006520580319e-148,5.00527254407605e-158,4.624829044968452e-168,4.2732994896511545e-178,3.948487376391034e-188,3.648362748704207e-198,3.3710496698217515e-208,3.1148146059291763e-218,2.878055663125419e-228,2.6592926226909973e-238,2.4571577203966722e-248,2.2703871176326186e-258,2.0978130147038113e-268,1.9383563594620842e-278,1.7910201073632193e-288,1.6548829919410329e-298,1.529093767514009e-308,1.412865e-318,0.0,0.0,0.0,0.0,0.0,0.0,0.0,0.0,0.0,0.0
Xe144,2192905635303.0405,5289969554.693927,12758541.668742873,30771.51651442094,74.21586676454223,0.1789965365220458,0.00043171038059203225,1.0412148543888885e-06,2.511239992685232e-09,6.0567002807149226e-12,1.4607770821293313e-14,3.523155488589583e-17,8.497275011109421e-20,2.0494038042961827e-22,4.94282690341606e-25,1.1921290350841337e-27,2.875220322420022e-30,6.934561326135016e-33,1.6725028134697e-35,4.0338033359395196e-38,9.728874129234206e-41,2.3464453752413146e-43,5.659242606960044e-46,1.3649167895561265e-48,3.291956135828115e-51,7.939659972781619e-54,1.9149161739220135e-56,4.6184647273546135e-59,1.1138981814609406e-61,2.6865402940355114e-64,6.479495946398125e-67,1.5627484840856363e-69,3.7690938380315437e-72,9.090438099640406e-75,2.1924650431773705e-77,5.287867221432264e-80,1.2753471184642123e-82,3.075928733578178e-85,7.418637198510555e-88,1.7892539993636931e-90,4.315388107780388e-93,1.0408010560487844e-95,2.510241978743926e-98,6.054293234261344e-101
Xe145,25854715830.239662,2.513695163642131e-06,2.443873924749272e-22,2.375992063975598e-38,2.3099957125055875e-54,2.245832497801223e-70,2.1834515020416427e-86,2.122803221716437e-102,2.0638395283412783e-118,2.0065136302647499e-134,1.9507800355360096e-150,1.89659451580389e-166,1.8439140712187124e-182,1.792696896309033e-198,1.7429023468061859e-214,1.6944909073903227e-230,1.6474241603323582e-246,1.6016647550069216e-262,1.5571763782521196e-278,1.5139237255526126e-294,1.4718724730231e-310,0.0,0.0,0.0,0.0,0.0,0.0,0.0,0.0,0.0,0.0,0.0,0.0,0.0,0.0,0.0,0.0,0.0,0.0,0.0,0.0,0.0,0.0,0.0
Xe146,3836365032.5785737,26.664009870691668,1.8532371563883016e-07,1.288061313536075e-15,8.952453503908994e-24,6.222252224906043e-32,4.3246717487494376e-40,3.005790356676508e-48,2.089124029101648e-56,1.4520105167266693e-64,1.0091954863931482e-72,7.014243478430843e-81,4.875131947978519e-89,3.388378459243011e-97,2.3550354545424562e-105,1.636827780268399e-113,1.1376496167353443e-121,7.907042304999562e-130,5.495656755237795e-138,3.8196637891129186e-146,2.6547930687183483e-154,1.8451692679872745e-162,1.2824538634072728e-170,8.913479864978884e-179,6.195164252716106e-187,4.305844709306742e-195,2.992704939588381e-203,2.080029230055233e-211,1.4456893296267422e-219,1.0048020516236304e-227,6.983707649054371e-236,4.85390853339232e-244,3.3736274819191485e-252,2.344783035869423e-260,1.6297020091184994e-268,1.1326969693552406e-276,7.872619762434479e-285,5.471731946025548e-293,3.803035252892502e-301,2.643235684315375e-309,1.8371367e-317,0.0,0.0,0.0
Xe147,641303857.1011117,5.05899541234524e-22,3.990843700491737e-52,3.1482205741655664e-82,2.4835081319717347e-112,1.959142473111019e-142,1.5454909047953377e-172,1.2191773541677254e-202,9.617613512337335e-233,7.586959301408481e-263,5.985055582384243e-293,5e-323,0.0,0.0,0.0,0.0,0.0,0.0,0.0,0.0,0.0,0.0,0.0,0.0,0.0,0.0,0.0,0.0,0.0,0.0,0.0,0.0,0.0,0.0,0.0,0.0,0.0,0.0,0.0,0.0,0.0,0.0,0.0,0.0
Y100,205617947033623.53,17828825854.25287,1430462.718445185,114.7705185740358,0.009208399326946785,7.388188118172076e-07,5.92777547230869e-11,4.756040518740639e-15,3.8159207482757408e-19,3.061633116821504e-23,2.4564444495483045e-27,1.9708825660930639e-31,1.5813010101017554e-35,1.2687274866435453e-39,1.0179399273647864e-43,8.167251885310125e-48,6.552842811734787e-52,5.257551685474165e-56,4.218298915385455e-60,3.3844737634637925e-64,2.7154696443620917e-68,2.1787066187522744e-72,1.7480447776134387e-76,1.4025112505930534e-80,1.1252788448163423e-84,9.028465747107304e-89,7.243821753353389e-93,5.811945801662694e-97,4.663106734484096e-101,3.741357053083705e-105,3.001808321294585e-109,2.4084451363353526e-113,1.9323712089104334e-117,1.550402138164396e-121,1.2439363508112308e-125,9.980492201214216e-130,8.007662491214856e-134,6.424799226375659e-138,5.154818293668484e-142,4.135872687142171e-146,3.318340610620309e-150,2.6624089378584496e-154,2.1361343466979098e-158,1.7138877060760183e-162
Y100_m1,0.0,0.0,0.0,0.0,0.0,0.0,0.0,0.0,0.0,0.0,0.0,0.0,0.0,0.0,0.0,0.0,0.0,0.0,0.0,0.0,0.0,0.0,0.0,0.0,0.0,0.0,0.0,0.0,0.0,0.0,0.0,0.0,0.0,0.0,0.0,0.0,0.0,0.0,0.0,0.0,0.0,0.0,0.0,0.0
Y101,100675707375721.33,21014295.685499072,4.294962532589289,8.778168648818892e-07,1.7941074978517277e-13,3.666848795711943e-20,7.494411626234293e-27,1.5317295245202708e-33,3.1305931049666448e-40,6.39839673517699e-47,1.3077228310435361e-53,2.6727617458144615e-60,5.462667761324223e-67,1.1164758369256632e-73,2.2818856077322363e-80,4.663783804863663e-87,9.531976232640716e-94,1.948172872097437e-100,3.98173206368236e-107,8.137979156791816e-114,1.663263717828635e-120,3.399426493660045e-127,6.947846190551278e-134,1.4200208999249307e-140,2.9022797870308247e-147,5.9317633723933094e-154,1.2123509546977098e-160,2.477837946464517e-167,5.064276862363159e-174,1.0350515527159842e-180,2.1154683006012638e-187,4.32365529920304e-194,8.83681175511506e-201,1.8060931455320586e-207,3.6913454091061077e-214,7.544478513213463e-221,1.541962339691292e-227,3.1515072285804925e-234,6.44114162592553e-241,1.3164591554472744e-247,2.690617298314606e-254,5.499161455966448e-261,1.1239345237886397e-267,2.2971298876730133e-274
Y102,96988831158675.69,421795.3809525229,0.0018329790258414622,7.965502376027431e-12,3.461535959112849e-20,1.5042655981488898e-28,6.537025807336034e-37,2.8407687085554006e-45,1.234501299727342e-53,5.364722071313876e-62,2.331325443626403e-70,1.0131146128076582e-78,4.402650953304197e-87,1.9132421121548175e-95,8.31429840463602e-104,3.613110830154005e-112,1.570134873159834e-120,6.823271235794236e-129,2.96516121978253e-137,1.2885580472280286e-145,5.599634279575156e-154,2.433410286206866e-162,1.0574772075055305e-170,4.5954356761465284e-179,1.997019784796621e-187,8.678367628057704e-196,3.771322911324582e-204,1.638888453572568e-212,7.122050872886146e-221,3.0950006710589373e-229,1.344981849304519e-237,5.844832900600541e-246,2.539965253330933e-254,1.1037823660391713e-262,4.796662119614816e-271,2.0844659416248696e-279,9.058378833952494e-288,3.9364628349569457e-296,1.7106526382973055e-304,7.43391357064e-313,3.23e-321,0.0,0.0,0.0
Y102_m1,0.0,0.0,0.0,0.0,0.0,0.0,0.0,0.0,0.0,0.0,0.0,0.0,0.0,0.0,0.0,0.0,0.0,0.0,0.0,0.0,0.0,0.0,0.0,0.0,0.0,0.0,0.0,0.0,0.0,0.0,0.0,0.0,0.0,0.0,0.0,0.0,0.0,0.0,0.0,0.0,0.0,0.0,0.0,0.0
Y103,933503283665.5967,0.07626626266100404,6.224031525946838e-15,5.079384656380664e-28,4.1452470765803936e-41,3.382904522561234e-54,2.7607625787667073e-67,2.253037283638158e-80,1.838686542807041e-93,1.50053806355149e-106,1.2245776687577302e-119,9.993684953721651e-133,8.155770066880219e-146,6.65586174587669e-159,5.431798005209172e-172,4.432848922631602e-185,3.617614195526301e-198,2.9523073526954555e-211,2.4093555126907617e-224,1.9662566572661907e-237,1.604647060958591e-250,1.3095402274813303e-263,1.0687057915199125e-276,8.721626452246463e-290,7.117652826073229e-303,5.80866216e-316,0.0,0.0,0.0,0.0,0.0,0.0,0.0,0.0,0.0,0.0,0.0,0.0,0.0,0.0,0.0,0.0,0.0,0.0
Y104,205065809039.22177,3.873676244917186e-06,7.315342634423483e-23,1.3814845246613513e-39,2.608899660964697e-56,4.9268430586655867e-73,9.304222346268985e-90,1.757079582970472e-106,3.318201721748102e-123,6.266342613575917e-140,1.1833834421022113e-156,2.2347906225359295e-173,4.2203473099999286e-190,7.970022443002843e-207,1.5051192017173117e-223,2.842380717970273e-240,5.367766311579216e-257,1.0136895101195274e-273,1.914327791636022e-290,3.6151611092413745e-307,5e-324,0.0,0.0,0.0,0.0,0.0,0.0,0.0,0.0,0.0,0.0,0.0,0.0,0.0,0.0,0.0,0.0,0.0,0.0,0.0,0.0,0.0,0.0,0.0
Y105,167767.40947771832,1.0393301976276738e-29,6.43871931421961e-64,3.98882919999176e-98,2.471106070980401e-132,1.5308665545390638e-166,9.483819554846205e-201,5.875288938947712e-235,3.639780356057307e-269,2.254868003600397e-303,0.0,0.0,0.0,0.0,0.0,0.0,0.0,0.0,0.0,0.0,0.0,0.0,0.0,0.0,0.0,0.0,0.0,0.0,0.0,0.0,0.0,0.0,0.0,0.0,0.0,0.0,0.0,0.0,0.0,0.0,0.0,0.0,0.0,0.0
Y106,1.7829421030541746,4.6331064675148565e-46,1.203946864149893e-91,3.1285446640600795e-137,8.129753900665411e-183,2.1125764718860238e-228,5.489685670807517e-274,1.4265e-319,0.0,0.0,0.0,0.0,0.0,0.0,0.0,0.0,0.0,0.0,0.0,0.0,0.0,0.0,0.0,0.0,0.0,0.0,0.0,0.0,0.0,0.0,0.0,0.0,0.0,0.0,0.0,0.0,0.0,0.0,0.0,0.0,0.0,0.0,0.0,0.0
Y107,0.22137765926464725,4.410512861530083e-48,8.787076241721157e-95,1.7506514843499084e-141,3.487827504107557e-188,6.948807805070727e-235,1.3844127857511908e-281,0.0,0.0,0.0,0.0,0.0,0.0,0.0,0.0,0.0,0.0,0.0,0.0,0.0,0.0,0.0,0.0,0.0,0.0,0.0,0.0,0.0,0.0,0.0,0.0,0.0,0.0,0.0,0.0,0.0,0.0,0.0,0.0,0.0,0.0,0.0,0.0,0.0
Y108,0.00032740783558495094,2.094867225833564e-51,1.3403676445406258e-98,8.576130269146426e-146,5.48730124103931e-193,3.510962866111845e-240,2.2464340311816896e-287,0.0,0.0,0.0,0.0,0.0,0.0,0.0,0.0,0.0,0.0,0.0,0.0,0.0,0.0,0.0,0.0,0.0,0.0,0.0,0.0,0.0,0.0,0.0,0.0,0.0,0.0,0.0,0.0,0.0,0.0,0.0,0.0,0.0,0.0,0.0,0.0,0.0
Y97,570621298886005.6,185966469693838.47,29287896480561.57,4612554660460.636,726431838813.1338,114405845629.31323,18017791642.424385,2837624370.363799,446897834.489504,70381998.6032201,11084470.19673357,1745694.665974623,274929.682043828,43298.71170599043,6819.119788963361,1073.9440704837027,169.135592601525,26.637186675638116,4.19509402532696,0.6606859085997064,0.10405151045171122,0.016387086036433424,0.0025808043304676007,0.00040645121270199697,6.401205482981806e-05,1.0081266915889065e-05,1.5877000496171757e-06,2.500470891789768e-07,3.937994889019166e-08,6.201953318817092e-09,9.767464421053782e-10,1.5382792535231117e-10,2.4226380151629267e-11,3.8154157894741335e-12,6.008903334074655e-13,9.463429746730183e-14,1.4903967927633334e-14,2.3472278648729122e-15,3.6966522448164775e-16,5.821862471731771e-17,9.168858847159813e-18,1.4440047831314365e-18,2.274165028020223e-19,3.581585487171802e-20
Y97_m1,569445881164850.5,1921193930342.9407,5136514605.837847,13732910.245977554,36716.107758888546,98.16364811363721,0.2624488923024582,0.0007016795157312244,1.8760000793960062e-06,5.015646344223486e-09,1.3409758627740492e-11,3.5852134323896424e-14,9.58537413879831e-17,2.5627315950198066e-19,6.851681669398172e-22,1.8318555790234473e-24,4.897622254383109e-27,1.3094211149230364e-29,3.5008491205540174e-32,9.359818949921384e-35,2.5024274899754493e-37,6.690453497113236e-40,1.7887498509486845e-42,4.782375410948597e-45,1.2786088876047046e-47,3.418470000742716e-50,9.139571341373882e-53,2.443542411836705e-55,6.533019214386028e-58,1.7466584516311312e-60,4.6698404620277495e-63,1.2485217084328369e-65,3.33802935903978e-68,8.924506419514068e-71,2.3860429692223878e-73,6.379289546508694e-76,1.7055575127156133e-78,4.5599535935356465e-81,1.2191425161671295e-83,3.259481580762935e-86,8.714502229595279e-89,2.3298965564899892e-91,6.229177319512853e-94,1.6654237274975782e-96
Y97_m2,0.0,0.0,0.0,0.0,0.0,0.0,0.0,0.0,0.0,0.0,0.0,0.0,0.0,0.0,0.0,0.0,0.0,0.0,0.0,0.0,0.0,0.0,0.0,0.0,0.0,0.0,0.0,0.0,0.0,0.0,0.0,0.0,0.0,0.0,0.0,0.0,0.0,0.0,0.0,0.0,0.0,0.0,0.0,0.0
Y98,401121971263587.2,33983111759.59358,911815.875155095,22.633845070584876,0.0005564537738959833,1.3663336651595461e-08,3.354389274962193e-13,8.234948106079841e-18,2.021655063128339e-22,4.963100733468881e-27,1.2184258413037674e-31,2.991197642728218e-36,7.3432974147663e-41,1.802756733478457e-45,4.42571185190074e-50,1.0864985292954827e-54,2.667320181845946e-59,6.548188295382032e-64,1.6075599113902923e-68,3.9465097094591e-73,9.688558900044365e-78,2.3785111521363568e-82,5.839171087468046e-87,1.433498386505275e-91,3.5191940659582103e-96,8.639512252307582e-101,2.1209734546835642e-105,5.2069240300814345e-110,1.278283695402705e-114,3.138146814688289e-119,7.704053072065341e-124,1.8913211281064596e-128,4.643134693077761e-133,1.1398751622706358e-137,2.7983581598410185e-142,6.869882466032341e-147,1.6865348322596386e-151,4.1403906900721853e-156,1.0164530692478057e-160,2.495360750522005e-165,6.126033226358115e-170,1.5039221516405227e-174,3.6920822245354904e-179,9.063947317925538e-184
Y98_m1,401194638068165.06,12537332439630.186,391791638738.4438,12243488710.57639,382609022.2055127,11956531.943922289,373641.62324757216,11676.300726486646,364.8843977027083,11.402637428209653,0.3563324196315522,0.011135388113486022,0.0003479808785464387,1.0874402454576233e-05,3.3982507670550727e-07,1.0619533647047102e-08,3.3186042647022194e-10,1.0370638327194436e-11,3.240824477248261e-13,1.0127576491400816e-14,3.164867653562755e-16,9.89021141738361e-18,3.090691067932378e-19,9.658409587288681e-21,3.018252996027713e-22,9.432040612586603e-24,2.9475126914333133e-25,9.210977160729104e-27,2.878430362727845e-28,8.995094883524516e-30,2.810967151101411e-31,8.78427234719191e-33,2.745085108497472e-34,8.5783909640546e-36,2.6807471762670623e-37,8.37733492583457e-39,2.617917164323303e-40,8.180991138510322e-42,2.5565597307844757e-43,7.989249158701486e-45,2.4966403620942145e-46,7.80200113154442e-48,2.4381253536076314e-49,7.619141730023848e-51
Y99,706947172869162.2,6906964672649.698,61867723368.06956,554167478.1759316,4963841.841097539,44462.59802999164,398.26462785516645,3.567373946381244,0.031954022484637294,0.0002862216208044217,2.5637716270399673e-06,2.2964459977349172e-08,2.0569945329340777e-10,1.8425107808736306e-12,1.650391346832206e-14,1.4783042932357394e-16,1.3241608346977143e-18,1.1860899844303833e-20,1.0624158442861815e-22,9.516372627768107e-25,8.524096141598928e-27,7.635284774285147e-29,6.83915017099928e-31,6.1260288835603584e-33,5.487265075908178e-35,4.915105459930839e-37,4.4026051863812375e-39,3.943543548590248e-41,3.53234847579201e-43,3.1640288995643614e-45,2.8341141724511786e-47,2.5385998034324352e-49,2.273898851581363e-51,2.036798387927023e-53,1.8244204970581907e-55,1.6341873451076755e-57,1.4637898901137464e-59,1.3111598549663431e-61,1.1744446227468984e-63,1.0519847497424405e-65,9.422938231879163e-68,8.440404192508404e-70,7.560319422650662e-72,6.772001490549698e-74
Zn78,1292521490811.7852,11606316698.815405,103961208.00291625,931211.2573522229,8341.134375768157,74.71400514685277,0.6692354197410785,0.005994539392657408,5.36948605380513e-05,4.809607309833145e-07,4.308107376199912e-09,3.858899067897491e-11,3.4565299134570863e-13,3.096115973080703e-15,2.773282557586199e-17,2.4841111286148084e-19,2.2250917355780975e-21,1.993080412025991e-23,1.7852610143148269e-25,1.5991110393747829e-27,1.4323710066741814e-29,1.2830170327402493e-31,1.1492362653470233e-33,1.0294048791916257e-35,9.220683659713307e-38,8.259238796232399e-40,7.398044224338064e-42,6.626646800698924e-44,5.9356833359755006e-46,5.316766944823621e-48,4.762385246234401e-50,4.265809178570922e-52,3.821011322502381e-54,3.4225927404428685e-56,3.06571744447505e-58,2.746053697333114e-60,2.459721433958866e-62,2.203245165435935e-64,1.9735117936521616e-66,1.7677328246462077e-68,1.583410521985677e-70,1.418307589347808e-72,1.2704200143112268e-74,1.1379527437378378e-76
Zn79,594061702009.6705,560290283.0123413,528428.2152373346,498.378049959442,0.4700367495891952,0.0004433071359831261,4.1809755723423415e-07,3.943215734110977e-10,3.7189766016808503e-13,3.5074892921038433e-16,3.308028646553683e-19,3.119910743863164e-22,2.9424905554592346e-25,2.7751597336550384e-28,2.6173445257153333e-31,2.468503806542895e-34,2.32812722324027e-37,2.1957334451848903e-40,2.070868513617285e-43,1.953104285083361e-46,1.842036963393593e-49,1.7372857150653727e-52,1.6384913635011052e-55,1.5453151574245743e-58,1.4574376093527232e-61,1.3745574001201497e-64,1.2963903457000734e-67,1.222668422779182e-70,1.1531388497451744e-73,1.0875632199358581e-76,1.0257166841778254e-79,9.673871798117655e-83,9.123747035608494e-86,8.604906257489603e-89,8.115570435173232e-92,7.65406170821815e-95,7.21879763119335e-98,6.80828574770585e-101,6.42111847298758e-104,6.055968267494597e-107,5.711583084969565e-110,5.386782079359631e-113,5.080451555869236e-116,4.79154115226479e-119
Zn80,87649794959.46541,233442.04234422906,0.621655134195994,1.6554648939473385e-06,4.408495746820349e-12,1.173980482509184e-17,3.126304872374101e-23,8.325336153919904e-29,2.217033363836049e-34,5.903950117435078e-40,1.5722193250556473e-45,4.186813162222856e-51,1.1149465075263668e-56,2.9690976560923367e-62,7.90669402693702e-68,2.1055491491606657e-73,5.607068143053767e-79,1.4931597855780758e-84,3.976277955582866e-90,1.058881074401097e-95,2.8197956537484215e-101,7.509103449974982e-107,1.9996709530164017e-112,5.325114971416258e-118,1.4180757797189935e-123,3.776329577520479e-129,1.0056349090795343e-134,2.678001349192138e-140,7.131505839270463e-146,1.8991168750116936e-151,5.057339903017074e-157,1.34676739652957e-162,3.586435666056349e-168,9.55066243800225e-174,2.543337215496951e-179,6.772895842275038e-185,1.8036191902041332e-190,4.803029987509614e-196,1.2790447776454207e-201,3.406090629199403e-207,9.070404396378511e-213,2.415444709795659e-218,6.432318660906992e-224,1.712923636283627e-229
Zn81,115.11341724027848,4.507529544874807e-08,1.765026448264455e-17,6.911365376662352e-27,2.7063034333959254e-36,1.0597151032329785e-45,4.149557237973587e-55,1.624854191347069e-64,6.362488795135742e-74,2.491378234662847e-83,9.755562183303372e-93,3.820013845676792e-102,1.4958139271704335e-111,5.85720208121556e-121,2.293521647113731e-130,8.98080939131198e-140,3.5166416425402904e-149,1.3770215916186872e-158,5.392043479341637e-168,2.111378141059796e-177,8.267584769345043e-187,3.2373622038161636e-196,1.2676633298708493e-205,4.963826154530906e-215,1.9436998382618966e-224,7.611001964302982e-234,2.9802621660155066e-243,1.1669899206229999e-252,4.5696163591421067e-262,1.789337962627098e-271,7.006562680241245e-281,2.743580118317772e-290,1.0743116431193311e-299,4.20671333356003e-309,1.647235e-318,0.0,0.0,0.0,0.0,0.0,0.0,0.0,0.0,0.0
Zn82,3853397594.143125,-4.819290401621701e-38,6.027293941965395e-85,-7.538095701937277e-132,9.427595096355413e-179,-1.1790716490636181e-225,1.474617799573344e-272,-1.84425e-319,0.0,0.0,0.0,0.0,0.0,0.0,0.0,0.0,0.0,0.0,0.0,0.0,0.0,0.0,0.0,0.0,0.0,0.0,0.0,0.0,0.0,0.0,0.0,0.0,0.0,0.0,0.0,0.0,0.0,0.0,0.0,0.0,0.0,0.0,0.0,0.0
Zn83,22471257.763058968,4.352242553429456e-40,8.429441486369297e-87,1.632617734416848e-133,3.162060821043093e-180,6.124292554954211e-227,1.1861555302498783e-273,2.2974e-320,0.0,0.0,0.0,0.0,0.0,0.0,0.0,0.0,0.0,0.0,0.0,0.0,0.0,0.0,0.0,0.0,0.0,0.0,0.0,0.0,0.0,0.0,0.0,0.0,0.0,0.0,0.0,0.0,0.0,0.0,0.0,0.0,0.0,0.0,0.0,0.0
Zr103,180870029423286.66,879589780366.9094,4252700747.836948,20561248.043499414,99410.9264145471,480.6387369915973,2.323824994181652,0.011235387803704555,5.43216203525202e-05,2.6263788035428377e-07,1.2698195626226539e-09,6.1394103525511815e-12,2.968324050636276e-14,1.4351455862409381e-16,6.938739903634686e-19,3.354789361572781e-21,1.6219964744068952e-23,7.842139340024017e-26,3.7915710914748022e-28,1.8331746884853734e-30,8.863158193339602e-33,4.285220260436172e-35,2.071847560416105e-37,1.001711009637868e-39,4.8431408082368304e-42,2.3415947975742573e-44,1.1321302462859782e-46,5.473700641474474e-49,2.646462172596154e-51,1.2795296070659272e-53,6.18635713864073e-56,2.991022203430671e-58,1.446119844186837e-60,6.991798995515005e-63,3.3804427337191495e-65,1.634399541989818e-67,7.902106538327939e-70,3.820564442098588e-72,1.847192591675272e-74,8.93093290913259e-77,4.3179884429424586e-79,2.0876905451073991e-81,1.0093708840871283e-83,4.880175292408669e-86
Zr104,30014091503031.887,93765860806.40514,290710988.44295186,901318.2204551895,2794.4404127122557,8.663862599222432,0.026861376179909427,8.328081407285512e-05,2.5820322630472346e-07,8.005313926908225e-10,2.4819616697089435e-12,7.69505579187642e-15,2.3857694646442606e-17,7.396822183456848e-20,2.293305335008031e-22,7.110147072804751e-25,2.2044247935583736e-27,6.834582492733094e-30,2.1189889528765532e-32,6.569697837705533e-35,2.036864308337299e-37,6.315079190959195e-40,1.957922529490451e-42,6.070328677705822e-45,1.8820402595279202e-47,5.835063843400631e-50,1.809098922522611e-52,5.608917056107283e-55,1.7389845381381007e-57,5.391534932025108e-60,1.6715875435195217e-62,5.182577783280911e-65,1.606802622087332e-67,4.9817190871224454e-70,1.5445285389664504e-72,4.788644975684082e-75,1.484667982793583e-77,4.603053745527418e-80,1.427127413655544e-82,4.424655386190364e-85,1.3718169169209652e-87,4.253171127008033e-90,1.3186500627369773e-92,4.088333001497284e-95
Zr105,41964571258196.69,403381705.483249,3877.480330511783,0.03727202674076181,3.58274925712055e-07,3.443894352372287e-12,3.310420980963076e-17,3.182120573371139e-22,3.0587926435042183e-27,2.940244475413938e-32,2.8262908221520512e-37,2.71675361629796e-42,2.611461691705187e-47,2.5102505160319866e-52,2.4129619336381314e-57,2.3194439184461366e-62,2.2295503363807216e-67,2.143140717015284e-72,2.060080034068567e-77,1.980238494408523e-82,1.9034913352336392e-87,1.8297186291148105e-92,1.7588050965931285e-97,1.6906399260407037e-102,1.6251166005030807e-107,1.5621327312526172e-112,1.5015898977927764e-117,1.4433934940632727e-122,1.3874525806057963e-127,1.3336797424592673e-132,1.2819909525625668e-137,1.232305440451325e-142,1.1845455660435484e-147,1.1386366983168853e-152,1.0945070986879311e-157,1.0520878089113562e-162,1.0113125433236664e-167,9.721175852632225e-173,9.344416875046611e-178,8.982259765521328e-183,8.634138606417934e-188,8.299509413098118e-193,7.977849283876797e-198,7.668655582920179e-203
Zr106,607502213.1843735,0.0043081296750466305,3.0551298146611566e-14,2.1665592469266784e-25,1.5364253747640206e-36,1.089563064369155e-47,7.726686181682186e-59,5.4794147583155337e-70,3.885751975384296e-81,2.7555987418708676e-92,1.9541454200635982e-103,1.3857911403178051e-114,9.827401097513119e-126,6.969146325271912e-137,4.942201912908761e-148,3.5047850350603804e-159,2.485434297999705e-170,1.762557072082127e-181,1.2499253892355728e-192,8.863902924914196e-204,6.285877200266601e-215,4.457658495533893e-226,3.1611688599266204e-237,2.2417573196739245e-248,1.5897524311397527e-259,1.1273801896997316e-270,7.994868051349262e-282,5.66959715475479e-293,4.020620689515786e-304,2.85124151e-315,0.0,0.0,0.0,0.0,0.0,0.0,0.0,0.0,0.0,0.0,0.0,0.0,0.0,0.0
Zr107,56187918.93815801,4.79707569009335e-13,4.095530772081831e-33,3.4965827909925568e-53,2.9852275308508016e-73,2.548655056561637e-93,2.1759288128653693e-113,1.8577116532376806e-133,1.586031935498159e-153,1.3540838245999838e-173,1.1560567999959082e-193,9.869900965780985e-214,8.426484327990589e-234,7.194159128450016e-254,6.142054450103349e-274,5.243814071174453e-294,4.476936217e-314,0.0,0.0,0.0,0.0,0.0,0.0,0.0,0.0,0.0,0.0,0.0,0.0,0.0,0.0,0.0,0.0,0.0,0.0,0.0,0.0,0.0,0.0,0.0,0.0,0.0,0.0,0.0
Zr108,111249.57337422196,2.61546490993861e-33,6.148928453131744e-71,1.4456061321281758e-108,3.398603683837322e-146,7.990078862482634e-184,1.878458513191797e-221,4.416234741250544e-259,1.038251798102752e-296,0.0,0.0,0.0,0.0,0.0,0.0,0.0,0.0,0.0,0.0,0.0,0.0,0.0,0.0,0.0,0.0,0.0,0.0,0.0,0.0,0.0,0.0,0.0,0.0,0.0,0.0,0.0,0.0,0.0,0.0,0.0,0.0,0.0,0.0,0.0
Zr109,138733417.62360245,2.588937859935565e-18,4.831279555725014e-44,9.015767626862807e-70,1.6824542021226393e-95,3.1396684779298224e-121,5.859011281774918e-147,1.0933642657265621e-172,2.0403535000629665e-198,3.8075530138647596e-224,7.105366767544539e-250,1.325949677325215e-275,2.4743867618904314e-301,0.0,0.0,0.0,0.0,0.0,0.0,0.0,0.0,0.0,0.0,0.0,0.0,0.0,0.0,0.0,0.0,0.0,0.0,0.0,0.0,0.0,0.0,0.0,0.0,0.0,0.0,0.0,0.0,0.0,0.0,0.0
Zr110,3340514.263678015,6.404228724279011e-25,1.227779387109171e-55,2.3538232132392774e-86,4.51260525901907e-117,8.651289573995958e-148,1.658572088563329e-178,3.1797125150334323e-209,6.095949490515128e-240,1.1686779863028263e-270,2.240517638464577e-301,0.0,0.0,0.0,0.0,0.0,0.0,0.0,0.0,0.0,0.0,0.0,0.0,0.0,0.0,0.0,0.0,0.0,0.0,0.0,0.0,0.0,0.0,0.0,0.0,0.0,0.0,0.0,0.0,0.0,0.0,0.0,0.0,0.0
