Ag120,5060914251.712092,28508877.928762276,101770.76321829781,363.2659597907096,1.2966607503203742,0.004628369535033431,1.652074727142987e-05,5.897003001608562e-08,2.1049074735933926e-10,7.513368182415284e-13,2.6818614192176597e-15,9.572778143258863e-18,3.4169581143677006e-20,1.219667120726621e-22,4.353544397066275e-25,1.5539771873112101e-27,5.5468484490727945e-30,1.979921453687307e-32,7.067236465468138e-35,2.5226168020870693e-37,9.00436197552711e-40,3.2140646379283115e-42,1.1472452490090525e-44,4.0950379337181177e-47,1.4617045215985934e-49,5.2174855106210236e-52,1.862356902595388e-54,6.647595332242441e-57,2.37282787416673e-59,8.46969744550218e-62,3.0232186497529968e-64,1.0791236715389442e-66,3.851881168339689e-69,1.3749108583496115e-71,4.907679613653528e-74,1.7517731454373363e-76,6.252871814488547e-79,2.231933171841396e-81,7.96678043522863e-84,2.8437047893677658e-86,1.0150470437611738e-88,3.6231626605565e-91,1.2932708632112937e-93,4.6162694925057265e-96
Ag120_m1,173939614.5753224,0.0681100405598997,2.6670046592878577e-11,1.04432676800532e-20,4.089300686349955e-30,1.601259358248781e-39,6.2700978212191935e-49,2.4552004324055034e-58,9.613899711236179e-68,3.76454265964554e-77,1.4740929135892637e-86,5.772148476858236e-96,2.260216959986036e-105,8.850397259685712e-115,3.4655757850226997e-124,1.3570255853308685e-133,5.313744536192632e-143,2.0807183962587267e-152,8.147529515281425e-162,3.1903518189555023e-171,1.2492553368014524e-180,4.891745440908307e-190,1.9154749836742408e-199,7.500481080635624e-209,2.936985182289409e-218,1.1500438262896809e-227,4.503260044900979e-237,1.7633546277473303e-246,6.904818980459954e-256,2.7037400420031454e-265,1.0587113486129675e-274,4.145626806826657e-284,1.6233151409962408e-293,6.356462290933436e-303,2.48901841889e-312,9.73e-322,0.0,0.0,0.0,0.0,0.0,0.0,0.0,0.0
Ag121,2544172382.4826922,355362.3072480651,49.12611754691257,0.0067913095201658944,9.388465301507328e-07,1.297883426692264e-10,1.7942244394427323e-14,2.480377877463174e-18,3.428932456699536e-22,4.74023651776506e-26,6.55301395641412e-30,9.05903993440493e-34,1.2523428925832881e-37,1.7312681387433384e-41,2.393345613233068e-45,3.3086170167376732e-49,4.573909636334693e-53,6.323079780924088e-57,8.741173546220326e-61,1.2084002987856556e-64,1.6705208681466604e-68,2.309367163942148e-72,3.1925232420538564e-76,4.413418883836434e-80,6.101213606724764e-84,8.43446055193499e-88,1.1659995762767071e-91,1.611905116522905e-95,2.228335376389642e-99,3.080503001554315e-103,4.258559480377708e-107,5.887132341297644e-111,8.138509597822665e-115,1.1250866234009617e-118,1.55534609247672e-122,2.1501468571993473e-126,2.9724133618147934e-130,4.10913383144599e-134,5.68056282536187e-138,7.852943062097336e-142,1.0856092368385035e-145,1.500771628916298e-149,2.0747018408937305e-153,2.8681164047031058e-157
Ag122,222654448.87861907,457.1912452152141,0.0009322873325318309,1.9010855511644535e-09,3.876622739291435e-15,7.905064479389864e-21,1.6119712601885344e-26,3.287071662031993e-32,6.702873914805429e-38,1.3668250448183187e-43,2.7871786443961927e-49,5.6835107208697615e-55,1.1589603048655448e-60,2.3633086207119607e-66,4.819170780296434e-72,9.82707328451518e-78,2.003900126014868e-83,4.086278385010043e-89,8.332586451305201e-95,1.699149945906206e-100,3.4648431859003724e-106,7.065378974824706e-112,1.4407457243962675e-117,2.9379149367109863e-123,5.990886545206585e-129,1.2216392363530158e-134,2.4911211596742336e-140,5.079801341926979e-146,1.0358541403428823e-151,2.1122751222756657e-157,4.307272634646991e-163,8.78322968136421e-169,1.791043432334757e-174,3.6522289555010525e-180,7.447489046098812e-186,1.5186641847362616e-191,3.0968033544255793e-197,6.314885879558032e-203,1.287707971991597e-208,2.6258460608107856e-214,5.354527334649846e-220,1.0918752399620718e-225,2.226511258850814e-231,4.540218702973464e-237
Ag122_m1,82993952.03012915,7.371343715878886e-08,6.547068412635822e-23,5.814964876403552e-38,5.164726314535895e-53,4.587198456228186e-68,4.074250675703642e-83,3.6186615266086646e-98,3.214017076132958e-113,2.8546206075690166e-128,2.5354124200740846e-143,2.251898596549491e-158,2.0000877368082745e-173,1.776434765339989e-188,1.5777910225800477e-203,1.4013599370522065e-218,1.2446576543221071e-233,1.1054780684834852e-248,9.818617638788179e-264,8.72068429805875e-279,7.745523598553603e-294,6.87940690951343e-309,5e-324,0.0,0.0,0.0,0.0,0.0,0.0,0.0,0.0,0.0,0.0,0.0,0.0,0.0,0.0,0.0,0.0,0.0,0.0,0.0,0.0,0.0
Ag123,102647809.1474135,0.009543585852120567,8.81844010218748e-13,8.14814309161138e-23,7.528794769360943e-33,6.956523713295856e-43,6.42775154004793e-53,5.939171857004018e-63,5.4877295936621656e-73,5.070601898418026e-83,4.685180487379404e-93,4.3290553348645223e-103,3.9999996036014724e-113,3.695955720397982e-123,3.415022510213119e-133,3.1554433081807846e-143,2.915594975249966e-153,2.6939777487568857e-163,2.4892058644651102e-173,2.2999988914335544e-183,2.1251737255296474e-193,1.9636371915234207e-203,1.8143792075036165e-213,1.676466468873248e-223,1.5490366124308302e-233,1.431292824045503e-243,1.322498856208041e-253,1.22197442430269e-263,1.1290909528128877e-273,1.0432676448620402e-283,9.639678505123565e-294,8.90695711112841e-304,8.229930587e-314,1e-323,0.0,0.0,0.0,0.0,0.0,0.0,0.0,0.0,0.0,0.0
Ag124,118019147.32541738,3.7176571520578495e-10,2.689267792152622e-27,4.2764592576247296e-35,1.2044700629558426e-42,3.392404896867301e-50,9.55475053987386e-58,2.6911073605489736e-65,7.579537315786875e-73,2.1347861019445266e-80,6.012651579092311e-88,1.6934707874775507e-95,4.769681512915427e-103,1.3433867240505187e-110,3.783665398765976e-118,1.0656740604562146e-125,3.0014842314006593e-133,8.453717628718583e-141,2.3810000731790464e-148,6.70611628808089e-156,1.8887859843371806e-163,5.3197891915016195e-171,1.4983252351879683e-178,4.2200516403684645e-186,1.1885827875776513e-193,3.347658188378262e-201,9.428720879473334e-209,2.6556109501156558e-216,7.479561234787659e-224,2.10662771451902e-231,5.933343131063511e-239,1.6711334645559997e-246,4.706768165383973e-254,1.325667101553613e-261,3.733757861851671e-269,1.0516175406782808e-276,2.961893868805386e-284,8.342210880591218e-292,2.349594059030991e-299,6.617660859038944e-307,1.863872403e-314,5.24e-322,0.0,0.0
Ag125,342.36232703047136,2.5182778453438417e-16,1.5575767603511444e-26,4.386934245199556e-34,1.2355854805662693e-41,3.480041857150601e-49,9.801581127329084e-57,2.76062750217249e-64,7.775341658400219e-72,2.1899346383124027e-79,6.167978116947744e-87,1.7372186998450107e-94,4.892898051630294e-102,1.378090815265999e-109,3.8814099028442315e-117,1.0932039214693808e-124,3.079022426980177e-132,8.672104919916744e-140,2.4425091250732974e-147,6.879357296940544e-155,1.9375795297202399e-162,5.457216818292768e-170,1.5370318970162452e-177,4.329069434306317e-185,1.2192877846859105e-192,3.4341391942180674e-200,9.67229570687668e-208,2.724214102875544e-215,7.672782866873758e-223,2.1610488272580927e-230,6.08662087123078e-238,1.714304330509125e-245,4.828359445703533e-253,1.3599134367228061e-260,3.8302130903383145e-268,1.0787842756192509e-275,3.0384093152910167e-283,8.557717586259633e-291,2.4102917904318995e-298,6.788616773649104e-306,1.9120223486e-313,5.385e-321,0.0,0.0
Ag126,63.14623735930537,4.641977415383737e-27,3.412389277024337e-55,2.5085000498624852e-83,1.8440371215933918e-111,1.3555801627354326e-139,9.96507909783289e-168,7.325483520331413e-196,5.385076052062372e-224,3.9586525593854234e-252,2.910066623836649e-280,2.139234910901792e-308,0.0,0.0,0.0,0.0,0.0,0.0,0.0,0.0,0.0,0.0,0.0,0.0,0.0,0.0,0.0,0.0,0.0,0.0,0.0,0.0,0.0,0.0,0.0,0.0,0.0,0.0,0.0,0.0,0.0,0.0,0.0,0.0
Ag127,21.397080582552224,5.163256820442249e-27,1.2459279615735147e-54,3.006506434630093e-82,7.254898533665162e-110,1.7506549171996984e-137,4.224445903542027e-165,1.0193866887541087e-192,2.4598473857548497e-220,5.93577415514454e-248,1.4323414950423728e-275,3.456334598987555e-303,0.0,0.0,0.0,0.0,0.0,0.0,0.0,0.0,0.0,0.0,0.0,0.0,0.0,0.0,0.0,0.0,0.0,0.0,0.0,0.0,0.0,0.0,0.0,0.0,0.0,0.0,0.0,0.0,0.0,0.0,0.0,0.0
Ag128,0.9036408989541487,1.3540960716239974e-47,2.0290982549701262e-94,3.040581694757433e-141,4.556278642420944e-188,6.827534054807626e-235,1.0230985619612917e-281,0.0,0.0,0.0,0.0,0.0,0.0,0.0,0.0,0.0,0.0,0.0,0.0,0.0,0.0,0.0,0.0,0.0,0.0,0.0,0.0,0.0,0.0,0.0,0.0,0.0,0.0,0.0,0.0,0.0,0.0,0.0,0.0,0.0,0.0,0.0,0.0,0.0
Ag129,0.0001668420337443944,-3.749921249702383e-51,8.428277373142335e-98,-1.8943293671636755e-144,4.257671636120752e-191,-9.569490963532674e-238,2.1508271451522775e-284,-0.0,0.0,0.0,0.0,0.0,0.0,0.0,0.0,0.0,0.0,0.0,0.0,0.0,0.0,0.0,0.0,0.0,0.0,0.0,0.0,0.0,0.0,0.0,0.0,0.0,0.0,0.0,0.0,0.0,0.0,0.0,0.0,0.0,0.0,0.0,0.0,0.0
Ag130,413732.06820599554,8.410122571016239e-42,1.7095644039925074e-88,3.475110412148392e-135,7.064017213050825e-182,1.435935359401382e-228,2.9188920329494895e-275,5.93e-322,-0.0,0.0,0.0,0.0,0.0,0.0,0.0,0.0,0.0,0.0,0.0,0.0,0.0,0.0,0.0,0.0,0.0,0.0,0.0,0.0,0.0,0.0,0.0,0.0,0.0,0.0,0.0,0.0,0.0,0.0,0.0,0.0,0.0,0.0,0.0,0.0
Al31,0.0,0.0,0.0,0.0,0.0,0.0,0.0,0.0,0.0,0.0,0.0,0.0,0.0,0.0,0.0,0.0,0.0,0.0,0.0,0.0,0.0,0.0,0.0,0.0,0.0,0.0,0.0,0.0,0.0,0.0,0.0,0.0,0.0,0.0,0.0,0.0,0.0,0.0,0.0,0.0,0.0,0.0,0.0,0.0
Al32,0.0,0.0,0.0,0.0,0.0,0.0,0.0,0.0,0.0,0.0,0.0,0.0,0.0,0.0,0.0,0.0,0.0,0.0,0.0,0.0,0.0,0.0,0.0,0.0,0.0,0.0,0.0,0.0,0.0,0.0,0.0,0.0,0.0,0.0,0.0,0.0,0.0,0.0,0.0,0.0,0.0,0.0,0.0,0.0
Al33,0.0,0.0,0.0,0.0,0.0,0.0,0.0,0.0,0.0,0.0,0.0,0.0,0.0,0.0,0.0,0.0,0.0,0.0,0.0,0.0,0.0,0.0,0.0,0.0,0.0,0.0,0.0,0.0,0.0,0.0,0.0,0.0,0.0,0.0,0.0,0.0,0.0,0.0,0.0,0.0,0.0,0.0,0.0,0.0
Al34,0.0,0.0,0.0,0.0,0.0,0.0,0.0,0.0,0.0,0.0,0.0,0.0,0.0,0.0,0.0,0.0,0.0,0.0,0.0,0.0,0.0,0.0,0.0,0.0,0.0,0.0,0.0,0.0,0.0,0.0,0.0,0.0,0.0,0.0,0.0,0.0,0.0,0.0,0.0,0.0,0.0,0.0,0.0,0.0
Al35,0.0,0.0,0.0,0.0,0.0,0.0,0.0,0.0,0.0,0.0,0.0,0.0,0.0,0.0,0.0,0.0,0.0,0.0,0.0,0.0,0.0,0.0,0.0,0.0,0.0,0.0,0.0,0.0,0.0,0.0,0.0,0.0,0.0,0.0,0.0,0.0,0.0,0.0,0.0,0.0,0.0,0.0,0.0,0.0
Al36,0.0,0.0,0.0,0.0,0.0,0.0,0.0,0.0,0.0,0.0,0.0,0.0,0.0,0.0,0.0,0.0,0.0,0.0,0.0,0.0,0.0,0.0,0.0,0.0,0.0,0.0,0.0,0.0,0.0,0.0,0.0,0.0,0.0,0.0,0.0,0.0,0.0,0.0,0.0,0.0,0.0,0.0,0.0,0.0
Al37,0.0,0.0,0.0,0.0,0.0,0.0,0.0,0.0,0.0,0.0,0.0,0.0,0.0,0.0,0.0,0.0,0.0,0.0,0.0,0.0,0.0,0.0,0.0,0.0,0.0,0.0,0.0,0.0,0.0,0.0,0.0,0.0,0.0,0.0,0.0,0.0,0.0,0.0,0.0,0.0,0.0,0.0,0.0,0.0
Al38,0.0,0.0,0.0,0.0,0.0,0.0,0.0,0.0,0.0,0.0,0.0,0.0,0.0,0.0,0.0,0.0,0.0,0.0,0.0,0.0,0.0,0.0,0.0,0.0,0.0,0.0,0.0,0.0,0.0,0.0,0.0,0.0,0.0,0.0,0.0,0.0,0.0,0.0,0.0,0.0,0.0,0.0,0.0,0.0
Al39,0.0,0.0,0.0,0.0,0.0,0.0,0.0,0.0,0.0,0.0,0.0,0.0,0.0,0.0,0.0,0.0,0.0,0.0,0.0,0.0,0.0,0.0,0.0,0.0,0.0,0.0,0.0,0.0,0.0,0.0,0.0,0.0,0.0,0.0,0.0,0.0,0.0,0.0,0.0,0.0,0.0,0.0,0.0,0.0
Ar47,0.0,0.0,0.0,0.0,0.0,0.0,0.0,0.0,0.0,0.0,0.0,0.0,0.0,0.0,0.0,0.0,0.0,0.0,0.0,0.0,0.0,0.0,0.0,0.0,0.0,0.0,0.0,0.0,0.0,0.0,0.0,0.0,0.0,0.0,0.0,0.0,0.0,0.0,0.0,0.0,0.0,0.0,0.0,0.0
Ar48,0.0,0.0,0.0,0.0,0.0,0.0,0.0,0.0,0.0,0.0,0.0,0.0,0.0,0.0,0.0,0.0,0.0,0.0,0.0,0.0,0.0,0.0,0.0,0.0,0.0,0.0,0.0,0.0,0.0,0.0,0.0,0.0,0.0,0.0,0.0,0.0,0.0,0.0,0.0,0.0,0.0,0.0,0.0,0.0
Ar49,0.0,0.0,0.0,0.0,0.0,0.0,0.0,0.0,0.0,0.0,0.0,0.0,0.0,0.0,0.0,0.0,0.0,0.0,0.0,0.0,0.0,0.0,0.0,0.0,0.0,0.0,0.0,0.0,0.0,0.0,0.0,0.0,0.0,0.0,0.0,0.0,0.0,0.0,0.0,0.0,0.0,0.0,0.0,0.0
Ar50,0.0,0.0,0.0,0.0,0.0,0.0,0.0,0.0,0.0,0.0,0.0,0.0,0.0,0.0,0.0,0.0,0.0,0.0,0.0,0.0,0.0,0.0,0.0,0.0,0.0,0.0,0.0,0.0,0.0,0.0,0.0,0.0,0.0,0.0,0.0,0.0,0.0,0.0,0.0,0.0,0.0,0.0,0.0,0.0
As84,1162954187811.5454,230949074861.7094,44343587956.633835,8513201973.784961,1634386825.3822541,313773865.4535768,60239128.89659897,11564865.81498886,2220253.2435067985,426250.0355960423,81832.59877087582,15710.43674455315,3016.1308135364775,579.044696992156,111.16651824580504,21.34203947137143,4.097300661971251,0.786610517570712,0.1510155483818398,0.028992360696496394,0.005566029377520901,0.0010685809050095592,0.00020514896223196608,3.938503533756868e-05,7.561242287872663e-06,1.4516271077552683e-06,2.7868717596176725e-07,5.3503094307494086e-08,1.0271664243600935e-08,1.971981017151972e-09,3.7858608301282076e-10,7.268194825627198e-11,1.395367088057621e-11,2.6788622995757192e-12,5.14295003910238e-13,9.873570249912557e-14,1.8955538890860637e-14,3.639134026985955e-15,6.986504864154629e-16,1.3412875111193216e-16,2.5750389106790562e-17,4.943627176531056e-18,9.490904995331332e-19,1.822088810783109e-19
As85,392125813198.8607,12896564892.0965,417795808.2879597,13534865.873447455,438473.98794688995,14204.753848593464,460.1756032186124,14.907796928743132,0.4829513075317553,0.015645636076309005,0.0005068542613195152,1.64199934706878e-05,5.319402561113458e-07,1.7232676527973783e-08,5.582678447551406e-10,1.8085582119621856e-11,5.85898478084562e-13,1.8980700999906966e-14,6.148966483505224e-16,1.9920122452514257e-17,6.453300397515903e-19,2.0906039167104922e-20,6.772696864146677e-22,2.1940752357240655e-23,7.107901381946971e-25,2.3026677131612076e-26,7.459696346803682e-28,2.4166348131108043e-29,7.828902878119767e-31,2.536242544488322e-32,8.216382735376916e-34,2.6617700819232794e-35,8.623040329555501e-37,2.7935104173766024e-38,9.04982483410682e-40,2.9317710440087977e-41,9.497732400404802e-43,3.076874673895185e-44,9.96780848284808e-46,3.2291599912633537e-47,1.0461150279039588e-48,3.3889824430109885e-50,1.097890929073924e-51,3.5567150683491926e-53
As86,723311179411.9998,522907481.6141156,341131.8394182531,222.54593012451454,0.14518343142476925,9.471406081646774e-05,6.178909830350716e-08,4.030967140727498e-11,2.6297027365266667e-14,1.7155526803048504e-17,1.1191839130792616e-20,7.301277574716204e-24,4.7631719505673774e-27,3.1073749489045672e-30,2.0271741548044446e-33,1.322478014877414e-36,8.627517747742891e-40,5.628378063775841e-43,3.671813904651866e-46,2.3954000953074115e-49,1.5626994628810799e-52,1.0194662745788275e-55,6.650744494961948e-59,4.338780344209067e-62,2.83051241700162e-65,1.84655592290899e-68,1.2046471712857762e-71,7.858818621646189e-75,5.126897866867728e-78,3.344660693007176e-81,2.1819734743773603e-84,1.4234652420320094e-87,9.286333308206012e-91,6.058172954612767e-94,3.9522014050012414e-97,2.578317928972396e-100,1.6820305094897905e-103,1.097314882335745e-106,7.158609455667655e-110,4.670098817004356e-113,3.046656350741145e-116,1.9875628510716145e-119,1.2966365852187204e-122,8.458934685870152e-126
As87,36627452509.52218,156323.86065416757,0.658399716511814,2.773026362634682e-06,1.1679341614250159e-11,4.9190668498641214e-17,2.0717964652997813e-22,8.7259244987639e-28,3.675156301954136e-33,1.5478902946852871e-38,6.519353647916772e-44,2.745800017774977e-49,1.1564670586665075e-54,4.870770082027024e-60,2.0514549907997853e-65,8.640250942672172e-71,3.639072594190455e-76,1.5326926768277919e-81,6.455344818764552e-87,2.718840988749137e-92,1.1451125431154126e-97,4.822947505302736e-103,2.0313132345596463e-108,8.555418553406311e-114,3.603343166315576e-119,1.5176442734135552e-124,6.3919644461174864e-130,2.6921466509758652e-135,1.133869509359181e-140,4.775594463950906e-146,2.0113692356898943e-151,8.471419072156246e-157,3.56796453991091e-162,1.502743619413624e-167,6.329206359614628e-173,2.665714405642752e-178,1.1227368628385115e-183,4.728706347942495e-189,1.9916210525535998e-194,8.38824432119917e-200,3.5329332707099645e-205,1.4879892641831223e-210,6.267064449477389e-216,2.6395416794532553e-221
As88,17304385862.947525,2.294699873079476e-17,3.041219085861426e-44,4.030598352627135e-71,5.341845694618543e-98,7.079672279058837e-125,9.382854250052103e-152,1.2435314857458962e-178,1.6480811859917952e-205,2.184240308150225e-232,2.8948244566466045e-259,3.836578147345019e-286,5.08470620625e-313,0.0,0.0,0.0,0.0,0.0,0.0,0.0,0.0,0.0,0.0,0.0,0.0,0.0,0.0,0.0,0.0,0.0,0.0,0.0,0.0,0.0,0.0,0.0,0.0,0.0,0.0,0.0,0.0,0.0,0.0,0.0
B13,0.0,0.0,0.0,0.0,0.0,0.0,0.0,0.0,0.0,0.0,0.0,0.0,0.0,0.0,0.0,0.0,0.0,0.0,0.0,0.0,0.0,0.0,0.0,0.0,0.0,0.0,0.0,0.0,0.0,0.0,0.0,0.0,0.0,0.0,0.0,0.0,0.0,0.0,0.0,0.0,0.0,0.0,0.0,0.0
B14,0.0,0.0,0.0,0.0,0.0,0.0,0.0,0.0,0.0,0.0,0.0,0.0,0.0,0.0,0.0,0.0,0.0,0.0,0.0,0.0,0.0,0.0,0.0,0.0,0.0,0.0,0.0,0.0,0.0,0.0,0.0,0.0,0.0,0.0,0.0,0.0,0.0,0.0,0.0,0.0,0.0,0.0,0.0,0.0
B15,0.0,0.0,0.0,0.0,0.0,0.0,0.0,0.0,0.0,0.0,0.0,0.0,0.0,0.0,0.0,0.0,0.0,0.0,0.0,0.0,0.0,0.0,0.0,0.0,0.0,0.0,0.0,0.0,0.0,0.0,0.0,0.0,0.0,0.0,0.0,0.0,0.0,0.0,0.0,0.0,0.0,0.0,0.0,0.0
B17,0.0,0.0,0.0,0.0,0.0,0.0,0.0,0.0,0.0,0.0,0.0,0.0,0.0,0.0,0.0,0.0,0.0,0.0,0.0,0.0,0.0,0.0,0.0,0.0,0.0,0.0,0.0,0.0,0.0,0.0,0.0,0.0,0.0,0.0,0.0,0.0,0.0,0.0,0.0,0.0,0.0,0.0,0.0,0.0
B19,0.0,0.0,0.0,0.0,0.0,0.0,0.0,0.0,0.0,0.0,0.0,0.0,0.0,0.0,0.0,0.0,0.0,0.0,0.0,0.0,0.0,0.0,0.0,0.0,0.0,0.0,0.0,0.0,0.0,0.0,0.0,0.0,0.0,0.0,0.0,0.0,0.0,0.0,0.0,0.0,0.0,0.0,0.0,0.0
Ba147,272416967723.03955,117217064.00224933,50322.816141319934,21.604242061065506,0.009274983214817945,3.981871402477331e-06,1.7094693864821186e-09,7.338975290616978e-13,3.150717921139558e-16,1.352644344133692e-19,5.807078791284225e-23,2.4930547511940863e-26,1.0703009578206349e-29,4.594941766774644e-33,1.9726684990585974e-36,8.468923448206458e-40,3.635819419522785e-43,1.5609047516161653e-46,6.701167914268177e-50,2.8768988862851382e-53,1.2350902570708877e-56,5.302403745865402e-60,2.2763911643870872e-63,9.77284450913471e-67,4.1956097569654674e-70,1.8012300529584932e-73,7.732915813475063e-77,3.319841731492069e-80,1.4252514042569687e-83,6.118790381080898e-87,2.626876606876709e-90,1.127752427847856e-93,4.841588429343478e-97,2.0785571318951808e-100,8.92351717541213e-104,3.830982442482647e-107,1.644690785719533e-110,7.060872299059059e-114,3.031324675526054e-117,1.3013872648111298e-120,5.587025456844823e-124,2.3985829813666018e-127,1.0297429934658872e-130,4.420821129932037e-134
Ba148,16877399149.433804,203506.3318245472,2.4535061302612533,2.957987732990747e-05,3.566199130544685e-10,4.2994688912516365e-15,5.18351109126573e-20,6.249327047800303e-25,7.534292463688367e-30,9.083468106917564e-35,1.095117998764233e-39,1.3202924445829867e-44,1.5917664956561508e-49,1.9190601196644257e-54,2.313650747730015e-59,2.7893757614053812e-64,3.362917737670483e-69,4.054389468359329e-74,4.888039269295305e-79,5.893101312696925e-84,7.104820802046662e-89,8.565689939936563e-94,1.0326938031427148e-98,1.2450327977401228e-103,1.5010322156783365e-108,1.8096693650109838e-113,2.181767437402592e-118,2.630375052451296e-123,3.171223842626932e-128,3.8232801252709304e-133,4.6094100075203444e-138,5.557181247848824e-143,6.699829993655922e-148,8.07742629615823e-153,9.738279274496367e-158,1.1740631204916115e-162,1.4154699942817033e-167,1.7065141300690076e-172,2.057401773184889e-177,2.4804377424833587e-182,2.9904569319057573e-187,3.605344535932529e-192,4.34666324202665e-197,5.240409384258411e-202
Ba149,441390656.17397404,0.7833563468315683,1.3902323800724812e-09,2.4672629237247528e-18,4.3786826015873944e-27,7.770903190365898e-36,1.3791119815842992e-44,2.447527412395699e-53,4.343657740937565e-62,7.708744128809982e-71,1.36808053460114e-79,2.4279497644235207e-88,4.3089130423764775e-97,7.64708227444338e-106,1.3571373276044145e-114,2.408528717067211e-123,4.274446264901742e-132,7.585913650130907e-141,1.3462816547669327e-149,2.3892630176863573e-158,4.2402551854366484e-167,7.525234310550322e-176,1.3355128159073817e-184,2.370151423660362e-193,4.206337598686752e-202,7.465040341937777e-211,1.3248301164451639e-219,2.3511927023082907e-228,4.172691316997676e-237,7.405327861835467e-246,1.3142328673555992e-254,2.332385630809353e-263,4.1393141702139535e-272,7.346093018841159e-281,1.3037203851254776e-289,2.313728996124048e-298,4.106204005539082e-307,7.287332e-316,0.0,0.0,0.0,0.0,0.0,0.0
Ba150,18711072.474137228,0.0017288847857296194,1.597470561740352e-13,1.4760452614834512e-23,1.3638496170935198e-33,1.2601820733984275e-43,1.1643944011210343e-53,1.0758876435257363e-63,9.94108371164386e-74,9.185452213026267e-84,8.487257003878235e-94,7.84213229564533e-104,7.246044147632344e-114,6.695265242922848e-124,6.186351581605791e-134,5.71612094557274e-144,5.281633000226964e-154,4.8801709086810436e-164,4.509224343477355e-174,4.1664737896042587e-184,3.849776040655422e-194,3.557150797440214e-204,3.2867682852468808e-214,3.0369378123296417e-224,2.8060971980763705e-234,2.5928030047516016e-244,2.3957215117343107e-254,2.213620375812696e-264,2.0453609253881293e-274,1.889891040404198e-284,1.746238573479298e-294,1.6135052711053843e-304,1.490861157e-314,0.0,0.0,0.0,0.0,0.0,0.0,0.0,0.0,0.0,0.0,0.0
Ba151,263314.5948677364,6.276179348854656e-07,1.495944874795706e-18,3.565626385160468e-30,8.498770063494996e-42,2.0257055784858423e-53,4.8283258166195965e-65,1.1508449420799283e-76,2.743071058195949e-88,6.538186470814465e-100,1.5583950040016653e-111,3.7144780121188844e-123,8.853562073213579e-135,2.110271244802219e-146,5.0298904438840295e-158,1.1988884338822083e-169,2.857584062579778e-181,6.811131414678613e-193,1.623452193603727e-204,3.869543640336757e-216,9.223165328467635e-228,2.1983672128541852e-239,5.239869643923239e-251,1.2489375626040784e-262,2.9768775585713096e-274,7.095470793790776e-286,1.691225278667503e-297,4.031082681232316e-309,9.61e-321,0.0,0.0,0.0,0.0,0.0,0.0,0.0,0.0,0.0,0.0,0.0,0.0,0.0,0.0,0.0
Ba152,4220.763762713192,2.644362927675648e-10,1.6567274754961186e-23,1.0379611283071235e-36,6.50296032275298e-50,4.07418850340479e-63,2.5525316375063968e-76,1.5991939879625506e-89,1.0019156564241242e-102,6.277130793036047e-116,3.932703390773424e-129,2.4638893898720763e-142,1.543658476702531e-155,9.671219424421057e-169,6.05914368799358e-182,3.796131658335337e-195,2.3783254382910556e-208,1.4900515576171476e-221,9.335365163283327e-235,5.848726662264663e-248,3.6643026782098e-261,2.2957328821956642e-274,1.438306256122181e-287,9.011174176420964e-301,5.6456168285e-314,0.0,0.0,0.0,0.0,0.0,0.0,0.0,0.0,0.0,0.0,0.0,0.0,0.0,0.0,0.0,0.0,0.0,0.0,0.0
Ba153,7.318802571933663,6.4849802963786385e-19,5.746154378544477e-38,5.091501998934988e-57,4.511433368715988e-76,3.997451252031594e-95,3.542026492772291e-114,3.1384877224268003e-133,2.7809236333842937e-152,2.464096386120461e-171,2.1833648817974778e-190,1.9346167763234017e-209,1.7142082399670648e-228,1.5189105800867737e-247,1.3458629450666182e-266,1.1925304166357904e-285,1.0566668766789928e-304,1e-323,0.0,0.0,0.0,0.0,0.0,0.0,0.0,0.0,0.0,0.0,0.0,0.0,0.0,0.0,0.0,0.0,0.0,0.0,0.0,0.0,0.0,0.0,0.0,0.0,0.0,0.0
Be11,0.0,0.0,0.0,0.0,0.0,0.0,0.0,0.0,0.0,0.0,0.0,0.0,0.0,0.0,0.0,0.0,0.0,0.0,0.0,0.0,0.0,0.0,0.0,0.0,0.0,0.0,0.0,0.0,0.0,0.0,0.0,0.0,0.0,0.0,0.0,0.0,0.0,0.0,0.0,0.0,0.0,0.0,0.0,0.0
Be12,0.0,0.0,0.0,0.0,0.0,0.0,0.0,0.0,0.0,0.0,0.0,0.0,0.0,0.0,0.0,0.0,0.0,0.0,0.0,0.0,0.0,0.0,0.0,0.0,0.0,0.0,0.0,0.0,0.0,0.0,0.0,0.0,0.0,0.0,0.0,0.0,0.0,0.0,0.0,0.0,0.0,0.0,0.0,0.0
Be14,0.0,0.0,0.0,0.0,0.0,0.0,0.0,0.0,0.0,0.0,0.0,0.0,0.0,0.0,0.0,0.0,0.0,0.0,0.0,0.0,0.0,0.0,0.0,0.0,0.0,0.0,0.0,0.0,0.0,0.0,0.0,0.0,0.0,0.0,0.0,0.0,0.0,0.0,0.0,0.0,0.0,0.0,0.0,0.0
Br87,143653731738857.25,130543555145094.06,116308146057249.05,102985760469195.78,91009729622473.72,80375575044460.23,70969591629530.73,62660267393622.31,55322665961067.17,48843979469435.54,43123901255782.63,38073670312064.01,33614863364092.242,29678225108277.793,26202606145263.777,23134016985049.008,20424790481908.094,18032841688587.54,15921014199594.664,14056502990553.11,12410344833652.51,10956968386264.188,9673796967489.014,8540897853227.14,7540672642230.874,6657583883385.207,5877913717680.81,5189550785642.1045,4581802090042.34,4045226891390.539,3571490055930.799,3153232578068.788,2783957265926.9346,2457927814273.105,2170079697026.4712,1915941495148.9094,1691565437833.1619,1493466078017.8506,1318566149617.681,1164148765417.634,1027815213075.4727,907447693637.675,801176423750.6656,707350590534.6395
Br88,35049014040179.773,23368256518451.516,15274763089110.453,9981193692411.549,6522110800675.912,4261807442429.8022,2784835033494.967,1819722328696.811,1189079178381.582,776991780648.8511,507717432255.07605,331762828688.3847,216787069946.46054,141657321532.2871,92564546163.46638,60485367884.74856,39523552804.90003,25826266433.532085,16875912982.526558,11027394909.240038,7205739838.208584,4708517926.789704,3076733488.120455,2010460425.9999123,1313715061.8076248,858433839.980636,560934923.4452267,366537260.8652049,239510071.46675915,156505437.39701334,102266897.5247243,66825271.39809173,43666298.72925399,28533301.920370482,18644797.98315451,12183254.948999217,7961024.908203418,5202051.328183146,3399227.905086282,2221191.145907601,1451414.9225699208,948412.4233701946,619730.5200709029,404956.64970579883
Br89,5927523262295.809,1231840083013.247,254914917488.6117,52751664760.6911,10916340881.261513,2259009242.2012167,467475577.38053966,96738610.61069691,20018925.556125976,4142682.822213286,857279.8234023774,177404.04640009746,36711.69531812948,7597.056552428387,1572.1221196857466,325.33231023733435,67.32372171286409,13.931857865468883,2.8830352607577185,0.596610473278941,0.12346156901756823,0.02554892967350425,0.005287052583697377,0.0010940937792697425,0.00022640992857302447,4.6852890243701705e-05,9.695658392826779e-06,2.006403258826264e-06,4.152017195662529e-07,8.592114629619487e-08,1.7780377664534506e-08,3.679441482352268e-09,7.614174387903304e-10,1.5756644558004708e-10,3.2606535532168865e-11,6.747541683108354e-12,1.3963249398381042e-12,2.8895313718398807e-13,5.979547675926298e-14,1.2373975502438977e-14,2.5606497018395396e-15,5.298965473334357e-16,1.0965590126372203e-16,2.269200798244273e-17
Br90,1348256171299.5696,36542140800.43477,988392465.006582,26734056.721443217,723103.2348881612,19558.5089742974,529.0188936256616,14.30891230925095,0.3870277109964862,0.010468332312186824,0.00028314763590499,7.658582219944526e-06,2.0714946615104955e-07,5.602982392082437e-09,1.5154956596940657e-10,4.099115317222935e-12,1.1087294296364839e-13,2.9988933050433297e-15,8.111411868973598e-17,2.1939761043674447e-18,5.934270413449545e-20,1.6051025017930085e-21,4.341484060825871e-23,1.1742853698969419e-24,3.1762091271888334e-26,8.591016015572968e-28,2.3236995180211672e-29,6.285146530123988e-31,1.7000075353447546e-32,4.598183361958839e-34,1.2437174418704757e-35,3.364009117187286e-37,9.098977757761246e-39,2.4610930991012697e-40,6.656768929100204e-42,1.800524026970607e-43,4.870060544728351e-45,1.3172548299299645e-46,3.562913173332233e-48,9.636973797529587e-50,2.6066103622562756e-51,7.050364277594611e-53,1.9069837658343133e-54,5.158013033046182e-56
Br91,150816260953.98666,412467.0062298139,1.1247706479406812,3.0671762390317603e-06,8.363989670698602e-12,2.2808054627352142e-17,6.219607823126703e-23,1.6960465110035476e-28,4.62500827912523e-34,1.26120960971289e-39,3.439236394043807e-45,9.378573460765273e-51,2.55747584874651e-56,6.974069931087338e-62,1.901783409901415e-67,5.1860393915097417e-73,1.4141991369924132e-78,3.8564288623497455e-84,1.0516230127245467e-89,2.867707405908205e-95,7.820051165098292e-101,2.1324769779080003e-106,5.815125713759286e-112,1.585746876385895e-117,4.32422836537789e-123,1.1791888878605803e-128,3.2155712320534696e-134,8.76865314357709e-140,2.3911545540001247e-145,6.520522601927307e-151,1.778104009676767e-156,4.8487737291089045e-162,1.3222289893137672e-167,3.605632264681901e-173,9.832324153520795e-179,2.681210704898029e-184,7.311486818185871e-190,1.9937947955693713e-195,5.436948442486345e-201,1.4826203996491563e-206,4.0430091855912336e-212,1.1025022506531778e-217,3.0064517711887673e-223,8.198398005200509e-229
Br92,11427122689.167915,19.13380030585932,3.2019645825213e-08,5.3583590420253236e-17,8.966998504601209e-26,1.5005911614151272e-34,2.51117899993153e-43,4.2023571322053216e-52,7.032475768186349e-61,1.1768565563149725e-69,1.9694221491768083e-78,3.2957488156527053e-87,5.515303186986279e-96,9.229638223614674e-105,1.5445428628440847e-113,2.584730405855831e-122,4.325442453991679e-131,7.238454107401834e-140,1.2113262035565913e-148,2.0271057185019586e-157,3.392279950618082e-166,5.676844161768519e-175,9.499970552587664e-184,1.589781891633204e-192,2.6604361023797256e-201,4.452132894515607e-210,7.45046546793507e-219,1.2468054526690485e-227,2.0864788159821027e-236,3.4916384430487764e-245,5.8431166056375885e-254,9.778220804919914e-263,1.6363459530743953e-271,2.7383591877938584e-280,4.582534046230579e-289,7.66868655451317e-298,1.2833238744782503e-306,2.14759093e-315,5e-324,0.0,0.0,0.0,0.0,0.0
Br93,391107326.41309047,1.2020302999622112e-21,3.6912269011392843e-51,1.1335118620655929e-80,3.4808186433807355e-110,1.0688991296507292e-139,3.2824041308236435e-169,1.0079694686970741e-198,3.0952996929434304e-228,9.50512935825343e-258,2.9188606299772026e-287,8.9633157e-317,0.0,0.0,0.0,0.0,0.0,0.0,0.0,0.0,0.0,0.0,0.0,0.0,0.0,0.0,0.0,0.0,0.0,0.0,0.0,0.0,0.0,0.0,0.0,0.0,0.0,0.0,0.0,0.0,0.0,0.0,0.0,0.0
Br94,14438026.756323712,1.429948765695141e-36,1.4156695717786882e-79,1.40153297742342e-122,1.3875375482833523e-165,1.3736818747108306e-208,1.3599645611347548e-251,1.3463842259197089e-294,0.0,0.0,0.0,0.0,0.0,0.0,0.0,0.0,0.0,0.0,0.0,0.0,0.0,0.0,0.0,0.0,0.0,0.0,0.0,0.0,0.0,0.0,0.0,0.0,0.0,0.0,0.0,0.0,0.0,0.0,0.0,0.0,0.0,0.0,0.0,0.0
C16,0.0,0.0,0.0,0.0,0.0,0.0,0.0,0.0,0.0,0.0,0.0,0.0,0.0,0.0,0.0,0.0,0.0,0.0,0.0,0.0,0.0,0.0,0.0,0.0,0.0,0.0,0.0,0.0,0.0,0.0,0.0,0.0,0.0,0.0,0.0,0.0,0.0,0.0,0.0,0.0,0.0,0.0,0.0,0.0
C17,0.0,0.0,0.0,0.0,0.0,0.0,0.0,0.0,0.0,0.0,0.0,0.0,0.0,0.0,0.0,0.0,0.0,0.0,0.0,0.0,0.0,0.0,0.0,0.0,0.0,0.0,0.0,0.0,0.0,0.0,0.0,0.0,0.0,0.0,0.0,0.0,0.0,0.0,0.0,0.0,0.0,0.0,0.0,0.0
C18,0.0,0.0,0.0,0.0,0.0,0.0,0.0,0.0,0.0,0.0,0.0,0.0,0.0,0.0,0.0,0.0,0.0,0.0,0.0,0.0,0.0,0.0,0.0,0.0,0.0,0.0,0.0,0.0,0.0,0.0,0.0,0.0,0.0,0.0,0.0,0.0,0.0,0.0,0.0,0.0,0.0,0.0,0.0,0.0
C19,0.0,0.0,0.0,0.0,0.0,0.0,0.0,0.0,0.0,0.0,0.0,0.0,0.0,0.0,0.0,0.0,0.0,0.0,0.0,0.0,0.0,0.0,0.0,0.0,0.0,0.0,0.0,0.0,0.0,0.0,0.0,0.0,0.0,0.0,0.0,0.0,0.0,0.0,0.0,0.0,0.0,0.0,0.0,0.0
C20,0.0,0.0,0.0,0.0,0.0,0.0,0.0,0.0,0.0,0.0,0.0,0.0,0.0,0.0,0.0,0.0,0.0,0.0,0.0,0.0,0.0,0.0,0.0,0.0,0.0,0.0,0.0,0.0,0.0,0.0,0.0,0.0,0.0,0.0,0.0,0.0,0.0,0.0,0.0,0.0,0.0,0.0,0.0,0.0
C22,0.0,0.0,0.0,0.0,0.0,0.0,0.0,0.0,0.0,0.0,0.0,0.0,0.0,0.0,0.0,0.0,0.0,0.0,0.0,0.0,0.0,0.0,0.0,0.0,0.0,0.0,0.0,0.0,0.0,0.0,0.0,0.0,0.0,0.0,0.0,0.0,0.0,0.0,0.0,0.0,0.0,0.0,0.0,0.0
Ca51,0.0,0.0,0.0,0.0,0.0,0.0,0.0,0.0,0.0,0.0,0.0,0.0,0.0,0.0,0.0,0.0,0.0,0.0,0.0,0.0,0.0,0.0,0.0,0.0,0.0,0.0,0.0,0.0,0.0,0.0,0.0,0.0,0.0,0.0,0.0,0.0,0.0,0.0,0.0,0.0,0.0,0.0,0.0,0.0
Ca52,0.0,0.0,0.0,0.0,0.0,0.0,0.0,0.0,0.0,0.0,0.0,0.0,0.0,0.0,0.0,0.0,0.0,0.0,0.0,0.0,0.0,0.0,0.0,0.0,0.0,0.0,0.0,0.0,0.0,0.0,0.0,0.0,0.0,0.0,0.0,0.0,0.0,0.0,0.0,0.0,0.0,0.0,0.0,0.0
Ca53,0.0,0.0,0.0,0.0,0.0,0.0,0.0,0.0,0.0,0.0,0.0,0.0,0.0,0.0,0.0,0.0,0.0,0.0,0.0,0.0,0.0,0.0,0.0,0.0,0.0,0.0,0.0,0.0,0.0,0.0,0.0,0.0,0.0,0.0,0.0,0.0,0.0,0.0,0.0,0.0,0.0,0.0,0.0,0.0
Ca54,0.0,0.0,0.0,0.0,0.0,0.0,0.0,0.0,0.0,0.0,0.0,0.0,0.0,0.0,0.0,0.0,0.0,0.0,0.0,0.0,0.0,0.0,0.0,0.0,0.0,0.0,0.0,0.0,0.0,0.0,0.0,0.0,0.0,0.0,0.0,0.0,0.0,0.0,0.0,0.0,0.0,0.0,0.0,0.0
Ca55,0.0,0.0,0.0,0.0,0.0,0.0,0.0,0.0,0.0,0.0,0.0,0.0,0.0,0.0,0.0,0.0,0.0,0.0,0.0,0.0,0.0,0.0,0.0,0.0,0.0,0.0,0.0,0.0,0.0,0.0,0.0,0.0,0.0,0.0,0.0,0.0,0.0,0.0,0.0,0.0,0.0,0.0,0.0,0.0
Ca56,0.0,0.0,0.0,0.0,0.0,0.0,0.0,0.0,0.0,0.0,0.0,0.0,0.0,0.0,0.0,0.0,0.0,0.0,0.0,0.0,0.0,0.0,0.0,0.0,0.0,0.0,0.0,0.0,0.0,0.0,0.0,0.0,0.0,0.0,0.0,0.0,0.0,0.0,0.0,0.0,0.0,0.0,0.0,0.0
Cd126,5169343561.345824,7382.3183460520695,0.010542658403055256,1.5055927012813182e-08,2.1501307312533774e-14,3.0705928353304167e-20,4.385100972388923e-26,6.262344625049279e-32,8.943228548171583e-38,1.2771787829259232e-43,1.8239337558801764e-49,2.6047522792524487e-55,3.719835994261049e-61,5.312282451739048e-67,7.58644867424072e-73,1.083417608339852e-78,1.5472242210592977e-84,2.2095845330599584e-90,3.1554985646457765e-96,4.506354494476977e-102,6.435506280185074e-108,9.19051999416844e-114,1.312494372405162e-119,1.8743678036588468e-125,2.6767769350163443e-131,3.8226941083008594e-137,5.459173700459602e-143,7.796223461111999e-149,1.1133754591922234e-154,1.5900069043873768e-160,2.270682306787805e-166,3.2427520434861117e-172,4.6309608279851757e-178,6.613456071491028e-184,9.444649357695132e-190,1.3487864820685254e-195,1.9261964158876414e-201,2.7507931625236297e-207,3.9283963777389444e-213,5.6101266757819706e-219,8.011798783002535e-225,1.1441616820599504e-230,1.6339725823763733e-236,2.333469510315082e-242
Cd127,3748832045.5070553,27.41259553655109,2.0044920101593207e-07,1.465745267876985e-15,1.071797332897832e-23,7.837306713401696e-32,5.730876037343752e-40,4.1905901295453697e-48,3.0642864231246914e-56,2.2406990406301102e-64,1.6384670025594375e-72,1.1980966965207312e-80,8.76084591249996e-89,6.406195870955657e-97,4.684404445293858e-105,3.4253784069539195e-113,2.504740435598771e-121,1.8315420675821187e-129,1.3392790317297136e-137,9.793213907441181e-146,7.161094616185615e-154,5.236409271423924e-162,3.829021054390112e-170,2.799896164528773e-178,2.0473688759571445e-186,1.4970981307599664e-194,1.09472349582201e-202,8.004949760350136e-211,5.853461710677333e-219,4.280228486639109e-227,3.129832704708509e-235,2.2886284669243916e-243,1.673514450704325e-251,1.2237244520863186e-259,8.948243823073724e-268,6.543226898887613e-276,4.784605683176377e-284,3.498648586888455e-292,2.5583178103008062e-300,1.870719466662165e-308,1.3679267e-316,0.0,0.0,0.0
Cd128,1236038600.1188295,0.021926157934201846,3.8894775070418807e-13,6.89953767695298e-24,1.2239078403077954e-34,2.1710880811196964e-45,3.851289534018022e-56,6.831796095157604e-67,1.2118911723865287e-77,2.1497717338920575e-88,3.813476501145138e-99,6.764719619072069e-110,1.1999924874564463e-120,2.1286646764961308e-131,3.776034727156439e-142,6.698301718503349e-153,1.18821062712769e-163,2.107764854066079e-174,3.7389605669288204e-185,6.63253592737363e-196,1.1765444443837972e-206,2.08707023191131e-217,3.702250411128043e-228,6.567415843090919e-239,1.1649928034700383e-249,2.0665787953183957e-260,3.6659006858573e-271,6.502935125925611e-282,1.1535545797828322e-292,2.0462885493549188e-303,3.6299078523e-314,0.0,0.0,0.0,0.0,0.0,0.0,0.0,0.0,0.0,0.0,0.0,0.0,0.0
Cd129,2008283.9089787854,1.7087181733894522e-05,1.2117452885906853e-16,8.593146999245147e-28,6.093869400269558e-39,4.321495288141095e-50,3.0646081001669624e-61,2.1732808163372723e-72,1.54119200637833e-83,1.0929433429259341e-94,7.750657581290919e-106,5.4964141857162405e-117,3.897807196884446e-128,2.7641477571989764e-139,1.960207993287935e-150,1.3900904417799973e-161,9.857889789985487e-173,6.990767520641653e-184,4.957534682250709e-195,3.515658338394122e-206,2.4931451506676662e-217,1.7680252584319483e-228,1.253803178533844e-239,8.891402444644869e-251,6.305378610148638e-262,4.471488009325836e-273,3.1709761227285605e-284,2.2487121848350105e-295,1.5946845054999217e-306,1.1308777e-317,0.0,0.0,0.0,0.0,0.0,0.0,0.0,0.0,0.0,0.0,0.0,0.0,0.0,0.0
Cd130,17672842296.719524,4.626055533281059e-09,1.210911333985824e-27,3.1696685183010347e-46,8.296890312223546e-65,2.1717851079887308e-83,5.684841401763172e-102,1.4880579871518438e-120,3.895124624654651e-139,1.0195836434190576e-157,2.668851207860514e-176,6.98595629272075e-195,1.8286364252928165e-213,4.7866190909210136e-232,1.2529402785958764e-250,3.279683032864537e-269,8.584863125410669e-288,2.2471645626579103e-306,0.0,0.0,0.0,0.0,0.0,0.0,0.0,0.0,0.0,0.0,0.0,0.0,0.0,0.0,0.0,0.0,0.0,0.0,0.0,0.0,0.0,0.0,0.0,0.0,0.0,0.0
Cd131,1164121042.6469488,6.245414969547459e-36,3.350614473316335e-80,1.7975774874108897e-124,9.643857414751501e-169,5.173851279702103e-213,2.775729245387856e-257,1.489156225639522e-301,0.0,0.0,0.0,0.0,0.0,0.0,0.0,0.0,0.0,0.0,0.0,0.0,0.0,0.0,0.0,0.0,0.0,0.0,0.0,0.0,0.0,0.0,0.0,0.0,0.0,0.0,0.0,0.0,0.0,0.0,0.0,0.0,0.0,0.0,0.0,0.0
Cd132,0.014268276834458934,1.319323673756182e-33,1.2199195294065152e-64,1.128004967871474e-95,1.0430156882247288e-126,9.644299066658561e-158,8.917651530770702e-189,8.24575308942689e-220,7.624478684458873e-251,7.050014059274755e-282,6.5188323416e-313,0.0,0.0,0.0,0.0,0.0,0.0,0.0,0.0,0.0,0.0,0.0,0.0,0.0,0.0,0.0,0.0,0.0,0.0,0.0,0.0,0.0,0.0,0.0,0.0,0.0,0.0,0.0,0.0,0.0,0.0,0.0,0.0,0.0
Ce153,2074655681.042572,1746481.267475408,1469.9130904895794,1.237141521636357,0.0010412310458756137,8.763444375072077e-07,7.375688385318931e-10,6.207693782147293e-13,5.224659730692215e-16,4.397296364717684e-19,3.7009520841269237e-22,3.1148790513424503e-25,2.621615001746476e-28,2.2064629489931924e-31,1.8570532828185812e-34,1.5629752118887306e-37,1.3154665703888007e-40,1.107152746024272e-43,9.31826950696884e-47,7.842652869381203e-50,6.600710999356043e-53,5.555439775630095e-56,4.675694952204983e-59,3.935264203920847e-62,3.312086120450967e-65,2.78759287835216e-68,2.346157005839464e-71,1.9746257564352295e-74,1.6619292179818422e-77,1.3987504804798875e-80,1.1772480352794973e-83,9.908221344052397e-87,8.339181486034738e-90,7.018610650918539e-93,5.907161938096954e-96,4.971719318599705e-99,4.184410930657609e-102,3.521778627184933e-105,2.9640790315370365e-108,2.494695276238948e-111,2.0996418972208346e-114,1.7671481316994552e-117,1.4873072039105067e-120,1.251781149029507e-123
Ce154,87826029.66911855,11465.382992828561,1.496685523544088,0.00019537660083291728,2.5504366516912228e-08,3.3293276096315454e-12,4.34608808060561e-16,5.673362257814133e-20,7.405979518000193e-24,9.667729668679865e-28,1.2620207322948533e-31,1.6474357303368012e-35,2.1505545956088582e-39,2.807323517105497e-43,3.6646664752365093e-47,4.783837805971572e-51,6.244798621780712e-55,8.151929770259864e-59,1.0641489502554939e-62,1.3891348677477264e-66,1.81336990496414e-70,2.367164260703611e-74,3.0900847211662982e-78,4.0337815767576656e-82,5.265678865545213e-86,6.873791599131815e-90,8.973014145898337e-94,1.1713329055926138e-97,1.5290522821154803e-101,1.996017417661202e-105,2.605591436085372e-109,3.401326397119547e-113,4.440074947868063e-117,5.796052257548944e-121,7.566138447363099e-125,9.876800356674945e-129,1.2893127182943944e-132,1.6830625562176553e-136,2.1970616809622645e-140,2.868033640294764e-144,3.743917174987909e-148,4.88729128425734e-152,6.379846289536282e-156,8.328220339397052e-160
Ce155,1492206.1749524062,0.606087416695696,2.4617290053953434e-07,9.998738678726615e-14,4.061160872961644e-20,1.649510819916242e-26,6.699773858100135e-33,2.721229179446133e-39,1.1052743575988328e-45,4.489263215287727e-52,1.8233920001472024e-58,7.406022384427549e-65,3.0080842492570978e-71,1.221785511971289e-77,4.962493446224482e-84,2.015602653864146e-90,8.18671924162459e-97,3.325177797950238e-103,1.3505785482130522e-109,5.485608667355152e-116,2.228074960258809e-122,9.049712310094124e-129,3.6756973780611064e-135,1.4929481459886054e-141,6.063867444350209e-148,2.462944776846322e-154,1.0003676745022587e-160,4.063166554105401e-167,1.6503254620472545e-173,6.7030826681953284e-180,2.7225731099684147e-186,1.1058202182547046e-192,4.491480322873935e-199,1.8242925167893054e-205,7.40967998872132e-212,3.00956984858357e-218,1.222388913865412e-224,4.9649442675148746e-231,2.01659809737467e-237,8.190762407833938e-244,3.326819999925895e-250,1.351245556985191e-256,5.4883178389960684e-263,2.2291753372383213e-269
Ce156,26269.50080087714,0.00018258174670670763,1.269003719680855e-12,8.819996903363418e-21,6.130190492657073e-29,4.26068579025608e-37,2.961317992488946e-45,2.0582142604117487e-53,1.4305272019104492e-61,9.942638697860114e-70,6.910463788746172e-78,4.803001620269075e-86,3.3382454882225725e-94,2.3201913762864896e-102,1.6126099897645613e-110,1.1208174487962416e-118,7.790053152960577e-127,5.414345412906148e-135,3.7631497083067735e-143,2.6155139074380332e-151,1.8178689476268092e-159,1.2634792349404082e-167,8.78159990141005e-176,6.103503302298609e-184,4.242137307484074e-192,2.948426181529376e-200,2.049254024048473e-208,1.4242995403400511e-216,9.899354383626652e-225,6.880379754193513e-233,4.782092218075846e-241,3.323712759930661e-249,2.3100906479321028e-257,1.6055896484191642e-265,1.1159380786283965e-273,7.756139911333847e-282,5.390774584744512e-290,3.7467672006615136e-298,2.6041275210579447e-306,1.809955031e-314,1.24e-322,0.0,0.0,0.0
Ce157,138.46239817794128,5.534289159348656e-11,2.2120342347330178e-23,8.841416331427754e-36,3.533880331425901e-48,1.4124784682345297e-60,5.6456224776042555e-73,2.2565337367208738e-85,9.019279140889815e-98,3.6049714168910006e-110,1.4408933035106182e-122,5.759195488690666e-135,2.301928435377065e-147,9.200720017236616e-160,3.6774926420209044e-172,1.4698797601472652e-184,5.875053248517966e-197,2.3482363393767276e-209,9.385810940454725e-222,3.7514727769412574e-234,1.499449337453786e-246,5.993241719386205e-259,2.3954758196755914e-271,9.574625338552392e-284,3.8269411705464213e-296,1.529613766071133e-308,6.11e-321,0.0,0.0,0.0,0.0,0.0,0.0,0.0,0.0,0.0,0.0,0.0,0.0,0.0,0.0,0.0,0.0,0.0
Cl43,0.0,0.0,0.0,0.0,0.0,0.0,0.0,0.0,0.0,0.0,0.0,0.0,0.0,0.0,0.0,0.0,0.0,0.0,0.0,0.0,0.0,0.0,0.0,0.0,0.0,0.0,0.0,0.0,0.0,0.0,0.0,0.0,0.0,0.0,0.0,0.0,0.0,0.0,0.0,0.0,0.0,0.0,0.0,0.0
Cl44,0.0,0.0,0.0,0.0,0.0,0.0,0.0,0.0,0.0,0.0,0.0,0.0,0.0,0.0,0.0,0.0,0.0,0.0,0.0,0.0,0.0,0.0,0.0,0.0,0.0,0.0,0.0,0.0,0.0,0.0,0.0,0.0,0.0,0.0,0.0,0.0,0.0,0.0,0.0,0.0,0.0,0.0,0.0,0.0
Cl45,0.0,0.0,0.0,0.0,0.0,0.0,0.0,0.0,0.0,0.0,0.0,0.0,0.0,0.0,0.0,0.0,0.0,0.0,0.0,0.0,0.0,0.0,0.0,0.0,0.0,0.0,0.0,0.0,0.0,0.0,0.0,0.0,0.0,0.0,0.0,0.0,0.0,0.0,0.0,0.0,0.0,0.0,0.0,0.0
Cl46,0.0,0.0,0.0,0.0,0.0,0.0,0.0,0.0,0.0,0.0,0.0,0.0,0.0,0.0,0.0,0.0,0.0,0.0,0.0,0.0,0.0,0.0,0.0,0.0,0.0,0.0,0.0,0.0,0.0,0.0,0.0,0.0,0.0,0.0,0.0,0.0,0.0,0.0,0.0,0.0,0.0,0.0,0.0,0.0
Cl47,0.0,0.0,0.0,0.0,0.0,0.0,0.0,0.0,0.0,0.0,0.0,0.0,0.0,0.0,0.0,0.0,0.0,0.0,0.0,0.0,0.0,0.0,0.0,0.0,0.0,0.0,0.0,0.0,0.0,0.0,0.0,0.0,0.0,0.0,0.0,0.0,0.0,0.0,0.0,0.0,0.0,0.0,0.0,0.0
Co66,16485.611295398077,0.0025163059194992544,3.62387015975968e-10,5.218934163925562e-17,7.51607331571606e-24,1.082430939207855e-30,1.5588681601927317e-37,2.2450115317666785e-44,3.2331642318887546e-51,4.6562571293959826e-58,6.705731258936219e-65,9.65729135386205e-72,1.3907994921373239e-78,2.002966625373563e-85,2.884582087526566e-92,4.154244865726224e-99,5.982755865758933e-106,8.616094839420511e-113,1.2408510717739534e-119,1.7870176814652207e-126,2.5735821699407627e-133,3.706356827989733e-140,5.337727738727032e-147,7.687154457880208e-154,1.1070692727651227e-160,1.5943511756087008e-167,2.2961125682910594e-174,3.306757637163183e-181,4.7622430284746133e-188,6.858367364870138e-195,9.877110981163464e-202,1.4224569222396439e-208,2.048558226678075e-215,2.950241052982423e-222,4.248803942867196e-229,6.118935578729942e-236,8.812214712684712e-243,1.2690953703188873e-249,1.8276938448247927e-256,2.6321621436307606e-263,3.7907210608497954e-270,5.459225297324978e-277,7.862129755406433e-284,1.1322684249931145e-290
Co67,142174.60233614122,0.0532902521895864,6.8126900333772745e-09,7.026221112763712e-16,6.615328944005633e-23,5.9351405270096404e-30,5.175553642623793e-37,4.433393655481706e-44,3.753799810010127e-51,3.1538388493533777e-58,2.6358745767158777e-65,2.1950504247030095e-72,1.8234035752430192e-79,1.5120639232128554e-86,1.252374401591217e-93,1.036412435819513e-100,8.57186244876478e-108,7.086609442557576e-115,5.857011595058879e-122,4.839778118995315e-129,3.998645394353568e-136,3.3033671580452746e-143,2.728790910504426e-150,2.2540431154246355e-157,1.861826067267712e-164,1.5378196474455107e-171,1.2701770578567644e-178,1.0491024367653526e-185,8.664985781220345e-193,7.156739873742225e-200,5.9109977836897474e-207,4.882082190761205e-214,4.0322595691922663e-221,3.330360498452968e-228,2.750638833754128e-235,2.2718287059659442e-242,1.8763652325617104e-249,1.5497406266541512e-256,1.2799722421574862e-263,1.0571631322003105e-270,8.731390527984977e-278,7.211486256485353e-285,5.956156778689854e-292,4.919346831179027e-299
Co68,70773.28296632846,1.5360861909912285e-10,1.2267131004771908e-25,9.218157152591365e-41,6.883863095771694e-56,5.137257843971238e-71,3.833536516669443e-86,2.8606487796319595e-101,2.1346620131896153e-116,1.5929189022293837e-131,1.188661525695046e-146,8.869982139593872e-162,6.618922329661687e-177,4.939145549125136e-192,3.6856692888039664e-207,2.7503052848558183e-222,2.0523217269882541e-237,1.5314752490427133e-252,1.142811289081998e-267,8.527840350470029e-283,6.363610662397533e-298,4.7486279056e-313,0.0,0.0,0.0,0.0,0.0,0.0,0.0,0.0,0.0,0.0,0.0,0.0,0.0,0.0,0.0,0.0,0.0,0.0,0.0,0.0,0.0,0.0
Co68_m1,0.0,0.0,0.0,0.0,0.0,0.0,0.0,0.0,0.0,0.0,0.0,0.0,0.0,0.0,0.0,0.0,0.0,0.0,0.0,0.0,0.0,0.0,0.0,0.0,0.0,0.0,0.0,0.0,0.0,0.0,0.0,0.0,0.0,0.0,0.0,0.0,0.0,0.0,0.0,0.0,0.0,0.0,0.0,0.0
Co69,92170.30212914385,1.979621507055313e-09,4.1058260170620487e-23,8.51567192127528e-37,1.766189506556007e-50,3.663158235670256e-64,7.597558591390769e-78,1.57576858098935e-91,3.2682164816035425e-105,6.778431236342335e-119,1.405877801683369e-132,2.91585519473763e-146,6.047617727869415e-160,1.2543037201726107e-173,2.601483581193748e-187,5.395596548409588e-201,1.1190715299402564e-214,2.3210058014659444e-228,4.8138727385247395e-242,9.984193373439816e-256,2.0707676071384636e-269,4.294867218999593e-283,8.907752065103592e-297,1.8475087309414e-310,5e-324,0.0,0.0,0.0,0.0,0.0,0.0,0.0,0.0,0.0,0.0,0.0,0.0,0.0,0.0,0.0,0.0,0.0,0.0,0.0
Co70,31379.371525547744,1.6758877628307224e-21,8.464603957507282e-47,4.275317298609591e-72,2.1593849039539826e-97,1.0906659875141474e-122,5.508755267030264e-148,2.782371957999654e-173,1.4053254024545317e-198,7.098042665021137e-224,3.5850920780669797e-249,1.8107647156809977e-274,9.145842796102458e-300,0.0,0.0,0.0,0.0,0.0,0.0,0.0,0.0,0.0,0.0,0.0,0.0,0.0,0.0,0.0,0.0,0.0,0.0,0.0,0.0,0.0,0.0,0.0,0.0,0.0,0.0,0.0,0.0,0.0,0.0,0.0
Co70_m1,0.0,0.0,0.0,0.0,0.0,0.0,0.0,0.0,0.0,0.0,0.0,0.0,0.0,0.0,0.0,0.0,0.0,0.0,0.0,0.0,0.0,0.0,0.0,0.0,0.0,0.0,0.0,0.0,0.0,0.0,0.0,0.0,0.0,0.0,0.0,0.0,0.0,0.0,0.0,0.0,0.0,0.0,0.0,0.0
Co71,14576.716972881473,1.1465319623563265e-34,9.00167695406414e-73,7.067416404058991e-111,5.54878550777262e-149,4.356474679146533e-187,3.420364979590472e-225,2.685404473853376e-263,2.1083706654764812e-301,0.0,0.0,0.0,0.0,0.0,0.0,0.0,0.0,0.0,0.0,0.0,0.0,0.0,0.0,0.0,0.0,0.0,0.0,0.0,0.0,0.0,0.0,0.0,0.0,0.0,0.0,0.0,0.0,0.0,0.0,0.0,0.0,0.0,0.0,0.0
Co72,4320.288843477821,-7.017609264512849e-44,1.1398969131626897e-90,-1.8515778612609558e-137,3.0075881899136225e-184,-4.8853398012393514e-231,7.935442744177651e-278,-0.0,-0.0,-0.0,-0.0,-0.0,-0.0,-0.0,-0.0,-0.0,-0.0,-0.0,-0.0,-0.0,-0.0,-0.0,-0.0,-0.0,-0.0,-0.0,-0.0,-0.0,-0.0,-0.0,-0.0,-0.0,-0.0,-0.0,-0.0,-0.0,-0.0,-0.0,-0.0,-0.0,-0.0,-0.0,-0.0,-0.0
Co73,1126.0424672636484,6.856796173127518e-45,4.1753002330405046e-92,2.542460297180627e-139,1.5481771374394808e-186,9.427295488342179e-234,5.740551134317257e-281,0.0,0.0,0.0,0.0,0.0,0.0,0.0,0.0,0.0,0.0,0.0,0.0,0.0,0.0,0.0,0.0,0.0,0.0,0.0,0.0,0.0,0.0,0.0,0.0,0.0,0.0,0.0,0.0,0.0,0.0,0.0,0.0,0.0,0.0,0.0,0.0,0.0
Co74,111.8184243424198,2.2277613755446694e-45,4.4383747808596934e-92,8.84258561604476e-139,1.761710631429287e-185,3.509860671588549e-232,6.9927045419310585e-279,0.0,0.0,0.0,0.0,0.0,0.0,0.0,0.0,0.0,0.0,0.0,0.0,0.0,0.0,0.0,0.0,0.0,0.0,0.0,0.0,0.0,0.0,0.0,0.0,0.0,0.0,0.0,0.0,0.0,0.0,0.0,0.0,0.0,0.0,0.0,0.0,0.0
Co75,16.09438436092349,-5.635512634067767e-47,1.9732971411970598e-94,-6.909578347703787e-142,2.419416313252105e-189,-8.47168235493815e-237,2.966393238313643e-284,-0.0,-0.0,-0.0,-0.0,-0.0,-0.0,-0.0,-0.0,-0.0,-0.0,-0.0,-0.0,-0.0,-0.0,-0.0,-0.0,-0.0,-0.0,-0.0,-0.0,-0.0,-0.0,-0.0,-0.0,-0.0,-0.0,-0.0,-0.0,-0.0,-0.0,-0.0,-0.0,-0.0,-0.0,-0.0,-0.0,-0.0
Cr60,0.0,0.0,0.0,0.0,0.0,0.0,0.0,0.0,0.0,0.0,0.0,0.0,0.0,0.0,0.0,0.0,0.0,0.0,0.0,0.0,0.0,0.0,0.0,0.0,0.0,0.0,0.0,0.0,0.0,0.0,0.0,0.0,0.0,0.0,0.0,0.0,0.0,0.0,0.0,0.0,0.0,0.0,0.0,0.0
Cr61,0.0,0.0,0.0,0.0,0.0,0.0,0.0,0.0,0.0,0.0,0.0,0.0,0.0,0.0,0.0,0.0,0.0,0.0,0.0,0.0,0.0,0.0,0.0,0.0,0.0,0.0,0.0,0.0,0.0,0.0,0.0,0.0,0.0,0.0,0.0,0.0,0.0,0.0,0.0,0.0,0.0,0.0,0.0,0.0
Cr62,0.0,0.0,0.0,0.0,0.0,0.0,0.0,0.0,0.0,0.0,0.0,0.0,0.0,0.0,0.0,0.0,0.0,0.0,0.0,0.0,0.0,0.0,0.0,0.0,0.0,0.0,0.0,0.0,0.0,0.0,0.0,0.0,0.0,0.0,0.0,0.0,0.0,0.0,0.0,0.0,0.0,0.0,0.0,0.0
Cr63,0.0,0.0,0.0,0.0,0.0,0.0,0.0,0.0,0.0,0.0,0.0,0.0,0.0,0.0,0.0,0.0,0.0,0.0,0.0,0.0,0.0,0.0,0.0,0.0,0.0,0.0,0.0,0.0,0.0,0.0,0.0,0.0,0.0,0.0,0.0,0.0,0.0,0.0,0.0,0.0,0.0,0.0,0.0,0.0
Cr64,0.0,0.0,0.0,0.0,0.0,0.0,0.0,0.0,0.0,0.0,0.0,0.0,0.0,0.0,0.0,0.0,0.0,0.0,0.0,0.0,0.0,0.0,0.0,0.0,0.0,0.0,0.0,0.0,0.0,0.0,0.0,0.0,0.0,0.0,0.0,0.0,0.0,0.0,0.0,0.0,0.0,0.0,0.0,0.0
Cr65,0.0,0.0,0.0,0.0,0.0,0.0,0.0,0.0,0.0,0.0,0.0,0.0,0.0,0.0,0.0,0.0,0.0,0.0,0.0,0.0,0.0,0.0,0.0,0.0,0.0,0.0,0.0,0.0,0.0,0.0,0.0,0.0,0.0,0.0,0.0,0.0,0.0,0.0,0.0,0.0,0.0,0.0,0.0,0.0
Cr66,0.02994248068682523,6.085842422912949e-49,1.236954225132843e-95,2.5141231874709667e-142,5.109983274522818e-189,1.0386097704372937e-235,2.1109858825292155e-282,0.0,0.0,0.0,0.0,0.0,0.0,0.0,0.0,0.0,0.0,0.0,0.0,0.0,0.0,0.0,0.0,0.0,0.0,0.0,0.0,0.0,0.0,0.0,0.0,0.0,0.0,0.0,0.0,0.0,0.0,0.0,0.0,0.0,0.0,0.0,0.0,0.0
Cs141,128827809091248.28,99613204767788.28,75397250755466.31,57039190016872.31,43150504887875.07,32643617910076.348,24695094194036.707,18681987971695.29,14133036781751.57,10691727720676.695,8088356622738.435,6118890656940.157,4628977753816.371,3501849640183.3003,2649170411834.814,2004113423491.7334,1516123914217.3372,1146956901898.7107,867679826481.8551,656405031468.278,496574372466.2716,375661513195.1324,284190204571.30414,214991606905.2511,162642449655.94812,123039995890.377,93080500328.96393,70415960914.11995,53270099902.0732,40299152446.953766,30486552323.503643,23063261039.972076,17447496330.63015,13199136396.18249,9985226436.13801,7553884132.130524,5714558988.381135,4323098403.48016,3270450063.45575,2474115233.86731,1871683123.6329062,1415939592.197716,1071166856.952574,810344199.5380243
Cs142,5679741904479.861,124161002139.21309,2137427205.324031,35259769.53713192,576464.0413441248,9406.316579656323,153.4201035028927,2.502099317924544,0.040805431476209825,0.0006654715124157349,1.0852768512552926e-05,1.769911364253757e-07,2.88643960968301e-09,4.7073168201558426e-11,7.676873446922022e-13,1.2519740680898255e-14,2.041767495372421e-16,3.3297930135422124e-18,5.43035460115168e-20,8.856031283111535e-22,1.4442756661010197e-23,2.3553803425122378e-25,3.841244914739814e-27,6.264450046006857e-29,1.0216306236639295e-30,1.6661145408498442e-32,2.717163717426351e-34,4.43125516660596e-36,7.226661472636958e-38,1.17855176640834e-39,1.9220275799045937e-41,3.134516550912334e-43,5.111890230228151e-45,8.336667330180853e-47,1.359575793766661e-48,2.2172485308420587e-50,3.615974239951058e-52,5.897069959506954e-54,9.617168652116848e-56,1.568404877648629e-57,2.5578150380991363e-59,4.1713832074627006e-61,6.802852279902586e-63,1.109435332131125e-64
Cs143,3239350289928.14,68051325363.94717,1419208525.9547033,29597407.110240314,617249.6752110071,12872.65248204444,268.45729904486893,5.598637999946791,0.11675878272905899,0.0024349874637971357,5.0781310067267117e-05,1.0590368494654184e-06,2.208605975387309e-08,4.6060156990560003e-10,9.60577887426476e-12,2.0032712393963836e-13,4.177793088017436e-15,8.712726835506012e-17,1.817026533168266e-18,3.78938245691682e-20,7.902702102952287e-22,1.6480970511174068e-23,3.4370824744705584e-25,7.167985603944327e-27,1.494872991846596e-28,3.1175359232344653e-30,6.501575910239424e-32,1.3558942176598788e-33,2.8276977072406317e-35,5.897122518402578e-37,1.2298363402849906e-38,2.5648058339735605e-40,5.3488653331389125e-42,1.1154981002101915e-43,2.3263550941603615e-45,4.85157977687824e-47,1.0117899193678046e-48,2.1100731885584336e-50,4.4005270025373936e-52,9.177235180780781e-54,1.913899074242636e-55,3.9914087350163975e-57,8.324024973087739e-59,1.7359633240443765e-60
Cs144,523279506132.36743,570735672.3597124,729058.3736394637,1151.9907982627212,2.210511680626946,0.004799526493641991,1.1077555846257998e-05,2.6250743627088195e-08,6.287559358960661e-11,1.5123646709285838e-13,3.643744115034965e-16,8.78452602661228e-19,2.118347922982089e-21,5.108794044423433e-24,1.2321281133974868e-26,2.9716639477651e-29,7.167141722446755e-32,1.7285949805445713e-34,4.169086203786053e-37,1.0055152163780833e-39,2.425138103658784e-42,5.849036415508454e-45,1.410691935645161e-47,3.4023582877267414e-50,8.205931897371461e-53,1.979136607218297e-55,4.7733539112378156e-58,1.1512549200872859e-60,2.7766386397484303e-63,6.69679842528663e-66,1.6151582891404443e-68,3.895497718938186e-71,9.395303593650536e-74,2.2659936158549556e-76,5.465206116986684e-79,1.318118360623979e-81,3.1790859766732137e-84,7.667435602896915e-87,1.84926010670817e-89,4.4601130278424025e-92,1.0757063405504359e-94,2.5944278180326376e-97,6.257335714445384e-100,1.509167068404489e-102
Cs144_m1,0.0,0.0,0.0,0.0,0.0,0.0,0.0,0.0,0.0,0.0,0.0,0.0,0.0,0.0,0.0,0.0,0.0,0.0,0.0,0.0,0.0,0.0,0.0,0.0,0.0,0.0,0.0,0.0,0.0,0.0,0.0,0.0,0.0,0.0,0.0,0.0,0.0,0.0,0.0,0.0,0.0,0.0,0.0,0.0
Cs145,55203775477.02724,411035.8579492407,3.0591473767221515,2.276780101392384e-05,1.694500784602674e-10,1.2611375632029982e-15,9.386056163405839e-21,6.985601957558067e-26,5.199056329930584e-31,3.869414101464224e-36,2.879823671541196e-41,2.1433178671754793e-46,1.595171095074432e-51,1.18721112791089e-56,8.835856332826026e-62,6.576113995134482e-67,4.894293620001877e-72,3.642593491614376e-77,2.711011715955512e-82,2.01767903582092e-87,1.501663997846788e-92,1.1176181753366556e-97,8.31790858430286e-103,6.190629746691266e-108,4.607395750049687e-113,3.4290688453661424e-118,2.552095323292748e-123,1.89940500843962e-128,1.4136381792474577e-133,1.0521046817012199e-138,7.830322337833918e-144,5.827742142087817e-149,4.337315503675836e-154,3.228060768606208e-159,2.4024944270213534e-164,1.7880640686825885e-169,1.3307723330195734e-174,9.904315138076484e-180,7.37131783704495e-185,5.486126592018931e-190,4.0830670511045114e-195,3.0388355544089073e-200,2.2616629634435373e-205,1.6832498069172947e-210
Cs146,3051557656.269564,1.4855504012122183,2.062543381218369e-09,1.0874124211608935e-17,7.412883202095155e-26,5.146125873098056e-34,3.576473787847663e-42,2.485757290141255e-50,1.72768334681791e-58,1.200797231343029e-66,8.345939170874382e-75,5.800704639157317e-83,4.031682189819417e-91,2.802152891914953e-99,1.947589234463086e-107,1.3536391383713536e-115,9.408241145037348e-124,6.539039758385796e-132,4.544849595432055e-140,3.1588212655550356e-148,2.1954855882913202e-156,1.5259353294077355e-164,1.0605756840093301e-172,7.371352899656883e-181,5.123334844512799e-189,3.5608877076310864e-197,2.474935105976655e-205,1.720162016249199e-213,1.1955696757466494e-221,8.309605932827864e-230,5.7754518335174135e-238,4.014130652033006e-246,2.7899539907992816e-254,1.9391105934318812e-262,1.3477462015359327e-270,9.36728327877263e-279,6.51057268236225e-287,4.52506403306675e-295,3.145069643232196e-303,2.1859277545025e-311,1.5193e-319,0.0,0.0,0.0
Cs147,640094579.7439365,5.226705917622329e-05,4.2654748342307215e-18,3.481021478578293e-31,2.8408350782144067e-44,2.3183838397083124e-57,1.892015368804525e-70,1.5440593116983181e-83,1.2600950274250131e-96,1.0283539408824723e-109,8.392318076911407e-123,6.848906772663734e-136,5.589340579176711e-149,4.561418215637505e-162,3.722538614924475e-175,3.0379353710865854e-188,2.4792358853975863e-201,2.0232854964405274e-214,1.6511878616383058e-227,1.3475218199399666e-240,1.0997022794321357e-253,8.974586425933444e-267,7.324091531222409e-280,5.977135236306396e-293,4.877894477532931e-306,3.98084e-319,0.0,0.0,0.0,0.0,0.0,0.0,0.0,0.0,0.0,0.0,0.0,0.0,0.0,0.0,0.0,0.0,0.0,0.0
Cs148,2376467.9777140715,5.7205674806286246e-15,1.3770390599541695e-35,3.314770045210774e-56,7.979222065779568e-77,1.9207360965208358e-97,4.623542398074205e-118,1.1129662396365472e-138,2.6791013122030747e-159,6.449058008616832e-180,1.5523992694514552e-200,3.7368922539902706e-221,8.995342881645933e-242,2.165333867252278e-262,5.212331334513595e-283,1.2546978713831269e-303,5e-324,0.0,0.0,0.0,0.0,0.0,0.0,0.0,0.0,0.0,0.0,0.0,0.0,0.0,0.0,0.0,0.0,0.0,0.0,0.0,0.0,0.0,0.0,0.0,0.0,0.0,0.0,0.0
Cs149,22524.383460762147,4.578635312534252e-43,9.307203174597508e-90,1.8919181157778596e-136,3.8457892125721385e-183,7.81751310703811e-230,1.5891019450293548e-276,3.5e-323,0.0,0.0,0.0,0.0,0.0,0.0,0.0,0.0,0.0,0.0,0.0,0.0,0.0,0.0,0.0,0.0,0.0,0.0,0.0,0.0,0.0,0.0,0.0,0.0,0.0,0.0,0.0,0.0,0.0,0.0,0.0,0.0,0.0,0.0,0.0,0.0
Cs150,123.62142146045952,2.5129096504264242e-45,5.1081073462870634e-92,1.0383485397799287e-138,2.110698967293241e-185,4.2905151400097234e-232,8.721528011291769e-279,0.0,0.0,0.0,0.0,0.0,0.0,0.0,0.0,0.0,0.0,0.0,0.0,0.0,0.0,0.0,0.0,0.0,0.0,0.0,0.0,0.0,0.0,0.0,0.0,0.0,0.0,0.0,0.0,0.0,0.0,0.0,0.0,0.0,0.0,0.0,0.0,0.0
Cs151,0.5882699924580819,1.1958035457285282e-47,2.4307650199900637e-94,4.941128167342616e-141,1.0044059119381958e-187,2.0417022221849542e-234,4.150262273975408e-281,0.0,0.0,0.0,0.0,0.0,0.0,0.0,0.0,0.0,0.0,0.0,0.0,0.0,0.0,0.0,0.0,0.0,0.0,0.0,0.0,0.0,0.0,0.0,0.0,0.0,0.0,0.0,0.0,0.0,0.0,0.0,0.0,0.0,0.0,0.0,0.0,0.0
Cu73,283237804.89098805,56167898.74195642,10783724.736225363,2070287.8533191492,397459.2870530342,76305.27542289035,14649.28672451831,2812.4084520737006,539.9335442084924,103.65785664830747,19.9005069423358,3.8205514696837137,0.7334794824472509,0.140815313035326,0.02703409278617809,0.005190075972691559,0.0009964043852095695,0.00019129232483084172,3.672480177964276e-05,7.0505236785987416e-06,1.353578010869937e-06,2.598634534158111e-07,4.9889266727811865e-08,9.577872155251357e-09,1.8387849940315785e-09,3.530147614699472e-10,6.777269893988691e-11,1.3011180332716958e-11,2.4979204945141457e-12,4.795573220381965e-13,9.206667130739778e-14,1.7675200807275534e-14,3.393331366726739e-15,6.514606476024784e-16,1.2506912220129697e-16,2.4011097808854708e-17,4.609713475548872e-18,8.849848722377278e-19,1.6990171476902323e-19,3.261817640844407e-20,6.262122978916265e-21,1.2022187786353226e-21,2.3080511139267626e-22,4.4310570082306756e-23
Cu74,158502200.134866,3141609.7046191944,59842.99630510595,1139.8350041089975,21.71053803042603,0.4135225359254653,0.007876400275225051,0.00015002249189811288,2.8574916572121854e-06,5.442689604557859e-08,1.0366738974301234e-09,1.9745619311323312e-11,3.7609655548791706e-13,7.16354431936004e-15,1.3644466152810626e-16,2.5988735225948398e-18,4.950097358739994e-20,9.428494171789942e-22,1.7958536146873836e-23,3.4205782457130974e-25,6.515205604373524e-27,1.2409569674501334e-28,2.363661699377958e-30,4.502087321034197e-32,8.575165494939904e-34,1.633319347717941e-35,3.1109977914758096e-37,5.92554497813903e-39,1.1286437870240993e-40,2.1497377923678536e-42,4.094624565399686e-44,7.799067584473887e-46,1.485495293052686e-47,2.8294360085745363e-49,5.389251762734644e-51,1.0264955444873542e-52,1.9551751323595973e-54,3.7240393479803006e-56,7.093210646848002e-58,1.3510500985400426e-59,2.573357058804085e-61,4.901495924727574e-63,9.335922591047658e-65,1.7782214239192375e-66
Cu75,155829587.2272462,548055.5094351908,1903.0234535705908,6.6076768079200585,0.022943168965046685,7.966324887272919e-05,2.7660665493167364e-07,9.604333571020298e-10,3.334815764509109e-12,1.157914404053445e-14,4.0205092628612024e-17,1.396000833582051e-19,4.847192730940017e-22,1.6830417866291908e-24,5.84385604776776e-27,2.0291031261576146e-29,7.045449892892743e-32,2.446320423706579e-34,8.494111385961205e-37,2.949324525844278e-39,1.0240641738137784e-41,3.555754624149717e-44,1.2346287733195567e-46,4.286876820902844e-49,1.488488951070113e-51,5.168329882152265e-54,1.7945469969088007e-56,6.231024329997513e-59,2.163535659300099e-61,7.512226403174686e-64,2.6083945180183e-66,9.056864897938442e-69,3.144723745310909e-71,1.0919106717130466e-73,3.791331167892333e-76,1.316425637829957e-78,4.570891813967816e-81,1.5871046092234155e-83,5.510743074077813e-86,1.9134396719669316e-88,6.643843360216181e-91,2.3068746426540836e-93,8.00992788118239e-96,2.7812063766034316e-98
Cu76,67510170.1915432,1661.7667984266448,0.04079585935514414,1.0015256906447914e-06,2.458714499159208e-11,6.036067816177234e-16,1.4818359225501695e-20,3.637861217322741e-25,8.93083642737298e-30,2.1924926358568148e-34,5.3825014010477825e-39,1.3213873952629947e-43,3.243965060594365e-48,7.9638335828552e-53,1.955096437561259e-57,4.799701099221506e-62,1.178311729246671e-66,2.8927187393095675e-71,7.101534761181172e-76,1.743404752039654e-80,4.280004578797419e-85,1.050727845791156e-89,2.579504263593867e-94,6.332602940477768e-99,1.5546343755941751e-103,3.816579161043606e-108,9.369583434654946e-113,2.300203664974036e-117,5.646928635899207e-122,1.3863034610588901e-126,3.403331988164618e-131,8.355074445834134e-136,2.0511448556353405e-140,5.03549698578334e-145,1.236198887863483e-149,3.034829917820279e-154,7.450413295561996e-159,1.829053349867962e-163,4.490269229300334e-168,1.1023471651637141e-172,2.706228091213636e-177,6.643706005799113e-182,1.6310092129631515e-186,4.004077017328382e-191
Cu77,25945730.493885722,9.898232264039873,3.7757882118160904e-06,1.4403154260466562e-12,5.494239639860938e-19,2.095837389111002e-25,7.99479937083123e-32,3.049703059594486e-38,1.1633423579875235e-44,4.437695786906953e-51,1.6928072602117833e-57,6.457397166972157e-64,2.4632442896542923e-70,9.396312900727986e-77,3.5843256188276145e-83,1.3672799402825992e-89,5.215637846292159e-96,1.9895617087787188e-102,7.589399244528693e-109,2.895058777956148e-115,1.1043516170088418e-121,4.212669197863581e-128,1.6069684235801221e-134,6.129955600817643e-141,2.3383381475710786e-147,8.919844854433897e-154,3.402571707168041e-160,1.2979479364672452e-166,4.9511633868892826e-173,1.8886750535152603e-179,7.204556139707609e-186,2.748256195452482e-192,1.0483521773416959e-198,3.999053252588502e-205,1.5254823009564056e-211,5.819117935038667e-218,2.2197657436378465e-224,8.467537540284171e-231,3.230034169219049e-237,1.2321316185121332e-243,4.7000998930744543e-250,1.7929041567454098e-256,6.839227651334612e-263,2.6088976753609e-269
Cu78,4538098.035766135,0.0046877990592636325,4.841712167497761e-12,5.0006786589052655e-21,5.164864449708563e-30,5.334440903607902e-39,5.509585010636776e-48,5.690479571889671e-57,5.877313390314873e-66,6.070281467771563e-75,6.269585208556789e-84,6.475432629614808e-93,6.688038577648175e-102,6.907624953357131e-111,7.134420943041411e-120,7.368663257806198e-129,7.610596380621767e-138,7.860472821494819e-147,8.118553381017809e-156,8.385107422571245e-165,8.660413153463143e-174,8.944757915299111e-183,9.238438483885967e-192,9.54176137898207e-201,9.855043184217581e-210,1.0178610877518545e-218,1.0512802172379772e-227,1.0857965870342455e-236,1.1214462225044769e-245,1.158266331822514e-254,1.196295344807072e-263,1.2355729530316435e-272,1.2761401512513093e-281,1.3180392801897208e-290,1.3613140707308773e-299,1.4060096895618494e-308,1.4521726e-317,0.0,0.0,0.0,0.0,0.0,0.0,0.0
Cu79,0.008904382228197118,8.657051124669726e-19,8.416589972723975e-35,8.18280795028344e-51,7.955519535609653e-67,7.734544360078094e-83,7.519707065043539e-99,7.310837162681273e-115,7.107768900693474e-131,6.910341130773714e-147,6.71839718072487e-163,6.53178473012925e-179,6.35035568947212e-195,6.173966082622709e-211,6.002475932579486e-227,5.835749150388995e-243,5.673653427150152e-259,5.5160601290182044e-275,5.362844195125193e-291,5.2138840383357084e-307,5e-323,0.0,0.0,0.0,0.0,0.0,0.0,0.0,0.0,0.0,0.0,0.0,0.0,0.0,0.0,0.0,0.0,0.0,0.0,0.0,0.0,0.0,0.0,0.0
Cu80,11088.982840736897,2.1739267557104495e-14,4.261849447392337e-32,8.355093226819629e-50,1.637964543106042e-67,3.2111285555264156e-85,6.295219663646656e-103,1.2341390239689981e-120,2.419453508951679e-138,4.743189517784543e-156,9.298730774690191e-174,1.822958869679686e-191,3.5737985334396976e-209,7.006211807653081e-227,1.3735246526740352e-244,2.692710445097556e-262,5.278892903029848e-280,1.0348944251467515e-297,2.02884675e-315,0.0,0.0,0.0,0.0,0.0,0.0,0.0,0.0,0.0,0.0,0.0,0.0,0.0,0.0,0.0,0.0,0.0,0.0,0.0,0.0,0.0,0.0,0.0,0.0,0.0
Cu81,3.085452356871784e-06,-3.409270260599525e-54,3.7670728196215745e-102,-4.162426719974391e-150,4.599272971020788e-198,-5.081966190649886e-246,5.615318013440295e-294,-0.0,-0.0,-0.0,-0.0,-0.0,-0.0,-0.0,-0.0,-0.0,-0.0,-0.0,-0.0,-0.0,-0.0,-0.0,-0.0,-0.0,-0.0,-0.0,-0.0,-0.0,-0.0,-0.0,-0.0,-0.0,-0.0,-0.0,-0.0,-0.0,-0.0,-0.0,-0.0,-0.0,-0.0,-0.0,-0.0,-0.0
Eu165,111316.86389055118,5484.559952194252,269.35125443907845,13.22796210451373,0.6496311989319342,0.0319036818577186,0.0015668042387001642,7.694646446629108e-05,3.7788756550557405e-06,1.855822917325686e-07,9.114030242999404e-09,4.475941454048241e-10,2.198155082429739e-11,1.0795238981603552e-12,5.30159066580135e-14,2.603635142826356e-15,1.27865698887105e-16,6.279542276472569e-18,3.083911599843687e-19,1.514522928093545e-20,7.437890566763689e-22,3.652781681739933e-23,1.793897596998449e-24,8.809912195420172e-26,4.326587706058472e-27,2.124806781609871e-28,1.0435022160427424e-29,5.124686556492941e-31,2.516756735016243e-32,1.2359906100450982e-33,6.070005761243324e-35,2.981007269964842e-36,1.463986146491404e-37,7.18970214770402e-39,3.5308952271566637e-40,1.7340386081416503e-41,8.515941995104739e-43,4.1822176117352267e-44,2.0539059756351915e-45,1.0086825097079677e-46,4.953685404591655e-48,2.432777296274217e-49,1.194747928033827e-50,5.867461085431907e-52
Eu166,1245.620920246711,3.712239623805041e-05,1.1063336204901526e-12,3.2971311226193847e-20,9.826216467080719e-28,2.9284407100322175e-35,8.727433413363196e-43,2.600977842021955e-50,7.751518017119084e-58,2.3101323894021312e-65,6.884731022721959e-73,2.0518097349172813e-80,6.114869519821686e-88,1.8223731278841858e-95,5.431095146787749e-103,1.6185924848281678e-110,4.823781504715021e-118,1.4375989153131988e-125,4.284378633836526e-133,1.2768443327655048e-140,3.805292644397949e-148,1.1340655816787398e-155,3.3797788073979216e-163,1.0072525761717385e-170,3.001846600090696e-178,8.946200013431053e-186,2.6661753694507775e-193,7.945821790250513e-201,2.3680394262822137e-208,7.057307440883597e-216,2.1032415154229505e-223,6.268148170181996e-231,1.8680537254160735e-238,5.567233936238541e-246,1.659165005754998e-253,4.944697039589305e-261,1.4736345528332397e-268,4.391773202518369e-276,1.3088504083509421e-283,3.900678182694167e-291,1.162492687313018e-298,3.4644981840641033e-306,1.03250091793e-313,3.08e-321
Eu167,55.6606933766101,4.94366266826513e-14,4.390854496230272e-29,3.899862207595033e-44,3.4637734525900307e-59,3.0764488313206876e-74,2.7324354612907344e-89,2.4268902099418107e-104,2.1555115114518477e-119,1.9144788078867507e-134,1.7003987621382493e-149,1.5102574854160147e-164,1.341378106737093e-179,1.191383087062109e-194,1.0581607475242915e-209,9.398355405248378e-225,8.347416451613713e-240,7.4139951525731695e-255,6.584950498276889e-270,5.848610927363176e-285,5.194610010906356e-300,4.61374051e-315,0.0,0.0,0.0,0.0,0.0,0.0,0.0,0.0,0.0,0.0,0.0,0.0,0.0,0.0,0.0,0.0,0.0,0.0,0.0,0.0,0.0,0.0
F22,0.0,0.0,0.0,0.0,0.0,0.0,0.0,0.0,0.0,0.0,0.0,0.0,0.0,0.0,0.0,0.0,0.0,0.0,0.0,0.0,0.0,0.0,0.0,0.0,0.0,0.0,0.0,0.0,0.0,0.0,0.0,0.0,0.0,0.0,0.0,0.0,0.0,0.0,0.0,0.0,0.0,0.0,0.0,0.0
F23,0.0,0.0,0.0,0.0,0.0,0.0,0.0,0.0,0.0,0.0,0.0,0.0,0.0,0.0,0.0,0.0,0.0,0.0,0.0,0.0,0.0,0.0,0.0,0.0,0.0,0.0,0.0,0.0,0.0,0.0,0.0,0.0,0.0,0.0,0.0,0.0,0.0,0.0,0.0,0.0,0.0,0.0,0.0,0.0
F24,0.0,0.0,0.0,0.0,0.0,0.0,0.0,0.0,0.0,0.0,0.0,0.0,0.0,0.0,0.0,0.0,0.0,0.0,0.0,0.0,0.0,0.0,0.0,0.0,0.0,0.0,0.0,0.0,0.0,0.0,0.0,0.0,0.0,0.0,0.0,0.0,0.0,0.0,0.0,0.0,0.0,0.0,0.0,0.0
F25,0.0,0.0,0.0,0.0,0.0,0.0,0.0,0.0,0.0,0.0,0.0,0.0,0.0,0.0,0.0,0.0,0.0,0.0,0.0,0.0,0.0,0.0,0.0,0.0,0.0,0.0,0.0,0.0,0.0,0.0,0.0,0.0,0.0,0.0,0.0,0.0,0.0,0.0,0.0,0.0,0.0,0.0,0.0,0.0
F26,0.0,0.0,0.0,0.0,0.0,0.0,0.0,0.0,0.0,0.0,0.0,0.0,0.0,0.0,0.0,0.0,0.0,0.0,0.0,0.0,0.0,0.0,0.0,0.0,0.0,0.0,0.0,0.0,0.0,0.0,0.0,0.0,0.0,0.0,0.0,0.0,0.0,0.0,0.0,0.0,0.0,0.0,0.0,0.0
F27,0.0,0.0,0.0,0.0,0.0,0.0,0.0,0.0,0.0,0.0,0.0,0.0,0.0,0.0,0.0,0.0,0.0,0.0,0.0,0.0,0.0,0.0,0.0,0.0,0.0,0.0,0.0,0.0,0.0,0.0,0.0,0.0,0.0,0.0,0.0,0.0,0.0,0.0,0.0,0.0,0.0,0.0,0.0,0.0
F29,0.0,0.0,0.0,0.0,0.0,0.0,0.0,0.0,0.0,0.0,0.0,0.0,0.0,0.0,0.0,0.0,0.0,0.0,0.0,0.0,0.0,0.0,0.0,0.0,0.0,0.0,0.0,0.0,0.0,0.0,0.0,0.0,0.0,0.0,0.0,0.0,0.0,0.0,0.0,0.0,0.0,0.0,0.0,0.0
Fe65,79.09848361525634,0.016501094791607815,3.1702467031183206e-06,6.090786269371699e-10,1.1701826656795141e-13,2.2481949135904682e-17,4.319308871798255e-21,8.298403762599013e-25,1.5943176802368287e-28,3.063057593042023e-32,5.8848508892523264e-36,1.130617656925615e-39,2.172181267135515e-43,4.1732688574178893e-47,8.017826697889241e-51,1.5404122560452684e-54,2.959492650544753e-58,5.6858783836961545e-62,1.0923903794196735e-65,2.0987377156542922e-69,4.032166597301754e-73,7.746736215357603e-77,1.488329426430244e-80,2.859429339012191e-84,5.493633331173609e-88,1.0554556031731682e-91,2.027777361747684e-95,3.8958351411980354e-99,7.484811564476888e-103,1.438007567704704e-106,2.7627492649115537e-110,5.307888269984908e-114,1.019769627467273e-117,1.9592162461017607e-121,3.7641131836045663e-125,7.231742839605766e-129,1.3893871397381277e-132,2.6693380377100504e-136,5.128423429130579e-140,9.852902291467783e-144,1.8929732481482893e-147,3.63684487291437e-151,6.987230613312618e-155,1.3424106155094325e-158
Fe65_m1,0.0,0.0,0.0,0.0,0.0,0.0,0.0,0.0,0.0,0.0,0.0,0.0,0.0,0.0,0.0,0.0,0.0,0.0,0.0,0.0,0.0,0.0,0.0,0.0,0.0,0.0,0.0,0.0,0.0,0.0,0.0,0.0,0.0,0.0,0.0,0.0,0.0,0.0,0.0,0.0,0.0,0.0,0.0,0.0
Fe66,20906.997494998766,0.0030195671044645793,4.348644191711617e-10,6.262720996710676e-17,9.019287978859274e-24,1.2989171270494259e-30,1.8706417922312782e-37,2.694013838120015e-44,3.8797970782665046e-51,5.5875085552751785e-58,8.046877510723462e-65,1.1588749624634458e-71,1.668959390564788e-78,2.4035599504482754e-85,3.461498505031878e-92,4.98509383887147e-99,7.179307038910719e-106,1.0339313807304611e-112,1.4890212861287438e-119,2.144421217758265e-126,3.088298603928915e-133,4.447628193587678e-140,6.405273286472437e-147,9.224585349456253e-154,1.3284831273181474e-160,1.9132214107304403e-167,2.755335081949271e-174,3.968109164595819e-181,5.7146916341695354e-188,8.230040837844166e-195,1.1852533177396155e-201,1.706948306687572e-208,2.458269872013691e-215,3.540289263578907e-222,5.0985647314406346e-229,7.34272269447593e-236,1.0574657655221651e-242,1.5229144443826642e-249,2.1932326137897507e-256,3.158594572356912e-263,4.548865273019753e-270,6.551070356789969e-277,9.434555706487718e-284,1.358722109991737e-290
Fe67,35793.93897053604,0.00207944934564614,1.2068418806282835e-10,7.004101003411787e-18,4.0649426949332117e-25,2.3591548872641814e-32,1.3691734914344018e-39,7.94621862162095e-47,4.6117158108608306e-54,2.6764834612372302e-61,1.553340234323603e-68,9.015059941573987e-76,5.2320350657472875e-83,3.036495720119396e-90,1.7622791404182744e-97,1.0227670495880882e-104,5.935793108660662e-112,3.444933021944099e-119,1.9993222992164995e-126,1.160338860198953e-133,6.73421324323463e-141,3.908308991528645e-148,2.2682499976681347e-155,1.3164153763362388e-162,7.640028413252653e-170,4.43401339763742e-177,2.5733510069575667e-184,1.4934856553518765e-191,8.667684263480665e-199,5.030430002602834e-206,2.919490978427147e-213,1.694373556277958e-220,9.833569514096226e-228,5.7070702638314485e-235,3.3121900393971624e-242,1.9222827738091757e-249,1.1156277322650367e-256,6.474725019423088e-264,3.757710826355112e-271,2.1808479297804334e-278,1.2656901801677224e-285,7.345636576935866e-293,4.263158359438943e-300,2.474192536929916e-307
Fe68,9119.029693798138,7.280895840223636e-13,5.811979682560829e-29,4.6394164360772295e-45,3.703417087284053e-61,2.9562550185695788e-77,2.3598324274155674e-93,1.8837377190065923e-109,1.5036948186589486e-125,1.2003253344919934e-141,9.581604530021981e-158,7.648521840838479e-174,6.105437368708537e-190,4.8736692185657964e-206,3.8904095181996805e-222,3.1055218441256105e-238,2.4789847647720895e-254,1.9788511472223823e-270,1.579619172537895e-286,1.260931997715791e-302,1.00654e-318,0.0,0.0,0.0,0.0,0.0,0.0,0.0,0.0,0.0,0.0,0.0,0.0,0.0,0.0,0.0,0.0,0.0,0.0,0.0,0.0,0.0,0.0,0.0
Fe69,1653.2603933537218,3.989813197612397e-25,9.627682676327821e-53,2.3232233973142367e-80,5.60609145033327e-108,1.3527868816159648e-135,3.264364064135013e-163,7.877126018909141e-191,1.9008025176939643e-218,4.58676197714565e-246,1.1068159495344426e-273,2.670819964602073e-301,0.0,0.0,0.0,0.0,0.0,0.0,0.0,0.0,0.0,0.0,0.0,0.0,0.0,0.0,0.0,0.0,0.0,0.0,0.0,0.0,0.0,0.0,0.0,0.0,0.0,0.0,0.0,0.0,0.0,0.0,0.0,0.0
Fe70,378.39313634821156,3.576643270153959e-30,3.3807106559579745e-62,3.1955114547433894e-94,3.020457677855499e-126,2.854993547331491e-158,2.6985937313617947e-190,2.5507616764149562e-222,2.4110280307306208e-254,2.27894915417536e-286,2.154106e-318,0.0,0.0,0.0,0.0,0.0,0.0,0.0,0.0,0.0,0.0,0.0,0.0,0.0,0.0,0.0,0.0,0.0,0.0,0.0,0.0,0.0,0.0,0.0,0.0,0.0,0.0,0.0,0.0,0.0,0.0,0.0,0.0,0.0
Fe71,17.11565282018569,-1.8911938802312577e-47,2.0896744811306262e-95,-2.3089856004361855e-143,2.5513133988885287e-191,-2.819073474567908e-239,3.11493494232218e-287,-0.0,0.0,0.0,0.0,0.0,0.0,0.0,0.0,0.0,0.0,0.0,0.0,0.0,0.0,0.0,0.0,0.0,0.0,0.0,0.0,0.0,0.0,0.0,0.0,0.0,0.0,0.0,0.0,0.0,0.0,0.0,0.0,0.0,0.0,0.0,0.0,0.0
Fe72,1.3325012453273657e-05,2.9867052100148052e-52,6.694483808409531e-99,1.5005201487841254e-145,3.3633074354123454e-192,7.538610470686432e-239,1.689725037633248e-285,0.0,0.0,0.0,0.0,0.0,0.0,0.0,0.0,0.0,0.0,0.0,0.0,0.0,0.0,0.0,0.0,0.0,0.0,0.0,0.0,0.0,0.0,0.0,0.0,0.0,0.0,0.0,0.0,0.0,0.0,0.0,0.0,0.0,0.0,0.0,0.0,0.0
Ga79,66249494999.79367,6071958884.500017,532323104.88796234,46646484.168711275,4087524.150280785,358180.3231880648,31386.51641619868,2750.328113978765,241.00491543042108,21.11870542514944,1.85058349551795,0.16216236767075423,0.014209914630858024,0.0012451820771773852,0.00010911243632363511,9.561271382468915e-06,8.378321805414292e-07,7.341730348098797e-08,6.433389138784649e-09,5.637430666702462e-10,4.9399505977779426e-11,4.328764884439978e-12,3.793196926542005e-13,3.323891065381617e-14,2.9126491528072778e-15,2.5522873404922948e-16,2.2365105876753908e-17,1.959802695185299e-18,1.7173299447903284e-19,1.504856660580673e-20,1.3186712173533443e-21,1.1555212034647687e-22,1.0125566055324663e-23,8.872800224982554e-25,7.775030393589802e-26,6.813079984719709e-27,5.970145006308672e-28,5.231500507302308e-29,4.5842433523781835e-30,4.0170668213621865e-31,3.5200630958907413e-32,3.0845501830238856e-33,2.7029202523953867e-34,2.3685067375519382e-35
Ga80,24876548183.415134,401595357.4361607,6421961.150615927,102694.21550016056,1642.193349833766,26.26047616317698,0.41993386977641456,0.006715204015708934,0.00010738349111159518,1.7171800196001452e-06,2.7459595410709778e-08,4.3910910417852077e-10,7.021837084215033e-12,1.1228689081611914e-13,1.7955907689021166e-15,2.8713469452514736e-17,4.5915992790751595e-19,7.342471788186176e-21,1.1741419205721468e-22,1.877581949804688e-24,3.002459852991642e-26,4.801263225695329e-28,7.677747477437624e-30,1.2277561874096763e-31,1.9633170538005533e-33,3.1395597051533135e-35,5.0205009543118294e-37,8.028332696101764e-39,1.2838186162267456e-40,2.0529670378142767e-42,3.282919880644214e-44,5.249749627837917e-46,8.394926515713882e-48,1.3424409962434854e-49,2.146710665092644e-51,3.432826241539081e-53,5.489466371142651e-55,8.778259929170082e-57,1.4037402212563925e-58,2.2447348616609498e-60,3.589577703092444e-62,5.7401291825638445e-64,9.179097308336636e-66,1.467838522726065e-67
Ga81,12370969284.605627,41578708.8911793,139742.83175493137,469.6648729039735,1.578507391540113,0.0053052415219824525,1.783050732445776e-05,5.992695905176046e-08,2.0140988452220542e-10,6.769230781126448e-13,2.2750862241370216e-15,7.646389220012268e-18,2.5698924059943004e-20,8.637210045628022e-23,2.90289963884438e-25,9.756421655472318e-28,3.279058023420425e-30,1.1020660956086296e-32,3.703959095615934e-35,1.2448720668082387e-37,4.18391894379631e-40,1.406182867701388e-42,4.7260720964702434e-45,1.588396358259273e-47,5.338477575946574e-50,1.794221113684552e-52,6.030238694447695e-55,2.0267166869605504e-57,6.811638373430188e-60,2.289339088630586e-62,7.694291997613249e-65,2.5859921598572884e-67,8.691320075866336e-70,2.921085602414428e-72,9.817543275533239e-75,3.299600528218054e-77,1.1089702729347531e-79,3.7271635027805664e-82,1.252670888976736e-84,4.2101301832321315e-87,1.4149922629910651e-89,4.755679794175578e-92,1.5983472769612357e-94,5.371921845743763e-97
Ga82,4665563271.487822,43995.52122949239,0.4148259999420421,3.911321094033568e-06,3.687915584550962e-11,3.4772704750629557e-16,3.2786569213776623e-21,3.0913877091781386e-26,2.914814876221337e-31,2.7483274703514766e-36,2.591349435570465e-41,2.4433376188509994e-46,2.3037798907958728e-51,2.1721933736408038e-56,2.048122770469609e-61,1.9311387898606888e-66,1.820836660514019e-71,1.7168347307191837e-76,1.6187731478185014e-81,1.5263126130961513e-86,1.4391332077850858e-91,1.3569332861297133e-96,1.2794284316742348e-101,1.20635047316535e-106,1.1374465566642996e-111,1.0724782706576997e-116,1.0112208211399928e-121,9.534622538132617e-127,8.990027207131752e-132,8.476537887235344e-137,7.992377875868564e-142,7.53587195155066e-147,7.1054405775323015e-152,6.699594436507613e-157,6.316929277490638e-162,5.956121057026169e-167,5.615921357923284e-172,5.295153069660033e-177,4.992706315513388e-182,4.707534612321917e-187,4.438651249593898e-192,4.1851258754322707e-197,3.9460812774635667e-202,3.720690347632646e-207
Ga83,73518009.50531816,0.012470564846457158,2.1152281460997523e-12,3.5878006851659933e-22,6.085543907030885e-32,1.032215774904098e-41,1.750820341185751e-51,2.9697006591423117e-61,5.037137047960888e-71,8.54387446823281e-81,1.4491920754562587e-90,2.458085824380805e-100,4.1693478886293e-110,7.071950720352297e-120,1.1995277997186572e-129,2.034611098401724e-139,3.4510599276735386e-149,5.853607420970907e-159,9.928752486759767e-169,1.684091857444504e-178,2.8565173601547356e-188,4.8451581740007715e-198,8.218244376367048e-208,1.3939594581681024e-217,2.3644015461551474e-227,4.010442799252976e-237,6.802419611099633e-247,1.1538105611203855e-256,1.957066583750092e-266,3.319530729127752e-276,5.630510659738764e-286,9.550340959718157e-296,1.619906576131093e-305,2.74764778e-315,0.0,0.0,0.0,0.0,0.0,0.0,0.0,0.0,0.0,0.0
Ga84,1168976351.4072378,4.4927486035498174e-27,1.7267064462339065e-62,6.636283074263203e-98,2.5505350453638415e-133,9.802518887203181e-169,3.767420357882868e-204,1.4479396894117938e-239,5.564893600968091e-275,2.13876593179625e-310,0.0,0.0,0.0,0.0,0.0,0.0,0.0,0.0,0.0,0.0,0.0,0.0,0.0,0.0,0.0,0.0,0.0,0.0,0.0,0.0,0.0,0.0,0.0,0.0,0.0,0.0,0.0,0.0,0.0,0.0,0.0,0.0,0.0,0.0
Ga85,35066.2280373298,2.2436571109472035e-43,1.4355684980276334e-90,9.185257865268297e-138,5.877041894370533e-185,3.76033225575404e-232,2.405989089036179e-279,0.0,0.0,0.0,0.0,0.0,0.0,0.0,0.0,0.0,0.0,0.0,0.0,0.0,0.0,0.0,0.0,0.0,0.0,0.0,0.0,0.0,0.0,0.0,0.0,0.0,0.0,0.0,0.0,0.0,0.0,0.0,0.0,0.0,0.0,0.0,0.0,0.0
Ga86,1181804.3335155814,2.2638760967001756e-41,4.3367034930092576e-88,8.307432201652489e-135,1.5913799478406297e-181,3.048463203690655e-228,5.839666332899203e-275,1.117e-321,-0.0,-0.0,-0.0,-0.0,-0.0,-0.0,-0.0,-0.0,-0.0,-0.0,-0.0,-0.0,-0.0,-0.0,-0.0,-0.0,-0.0,-0.0,-0.0,-0.0,-0.0,-0.0,-0.0,-0.0,-0.0,-0.0,-0.0,-0.0,-0.0,-0.0,-0.0,-0.0,-0.0,-0.0,-0.0,-0.0
Gd169,147.84926641570712,0.1443840492340889,0.0001410000480801648,1.3769535945328594e-07,1.3446812446609956e-10,1.3131652779892535e-13,1.2823879667863803e-16,1.2523319988148246e-19,1.222980467592602e-22,1.1943168628834005e-25,1.1663250614095708e-28,1.138989317782784e-31,1.11229425564725e-34,1.0862248590305176e-37,1.0607664638969898e-40,1.0359047498994041e-43,1.0116257323236368e-46,9.879157542223016e-50,9.647614787327164e-53,9.421498815749183e-56,9.200682437255062e-59,8.985041442631896e-62,8.774454533820211e-65,8.5688032556838e-68,8.367971929378711e-71,8.171847587283898e-74,7.980319909456931e-77,7.793281161579034e-80,7.610626134354526e-83,7.432252084330592e-86,7.258058676104093e-89,7.087947925882904e-92,6.921824146370023e-95,6.759593892939476e-98,6.601165911073707e-101,6.446451085032917e-104,6.295362387727458e-107,6.147814831765095e-110,6.003725421645601e-113,5.863013107075782e-116,5.725598737378694e-119,5.59140501697138e-122,5.460356461886114e-125,5.332379357310658e-128
Ge83,114035921075.39532,2695530134.8916283,63599693.935158744,1500603.1712580814,35405.986071026986,835.3866456318185,19.710532741553973,0.46506022449286055,0.010972864875913962,0.00025889929356217125,6.108600166408983e-06,1.4412938513519416e-07,3.4006612142796306e-09,8.023691132421228e-11,1.893150047354326e-12,4.466793452848393e-14,1.0539177165746845e-15,2.4866664757057373e-17,5.867165969555657e-19,1.3843286524600067e-20,3.266254658493785e-22,7.706565543647566e-24,1.8183258407023235e-25,4.290249455791841e-27,1.0122630378399521e-28,2.3883843313438425e-30,5.635274134261822e-32,1.3296149263553564e-33,3.137160340858092e-35,7.401973916786874e-37,1.746458960073652e-38,4.120683122517094e-40,9.722547041976373e-42,2.2939866564090887e-43,5.412547511534825e-45,1.2770636866074915e-46,3.013168302312139e-48,7.1094208638704545e-50,1.6774325211390256e-51,3.9578186702580035e-53,9.338276460746278e-55,2.203319922477483e-56,5.19862385868818e-58,1.2265894638547736e-59
Ge84,33541750127.137745,24203466.832328863,16921.033652025657,11.829767274105613,0.00827038091391936,5.781956557255506e-06,4.042258993624383e-09,2.826008395208897e-12,1.9757080044567978e-15,1.3812493004240068e-18,9.65653641944096e-22,6.751040206236825e-25,4.719760987435361e-28,3.2996609556461258e-31,2.306846141404234e-34,1.6127533075802214e-37,1.1275018235623062e-40,7.88254692246595e-44,5.510815564676012e-47,3.85269995682751e-50,2.693484618226625e-53,1.8830584966178904e-56,1.3164765366358158e-59,9.203699590986814e-63,6.434454682921871e-66,4.4984309469553236e-69,3.1449255580639686e-72,2.198668131708947e-75,1.5371243179340728e-78,1.0746283782936376e-81,7.512900147114475e-85,5.252389547923299e-88,3.6720301645070685e-91,2.56717545528988e-94,1.7947537255940543e-97,1.25474124836162e-100,8.772098243278297e-104,6.132715226362673e-107,4.287480030958355e-110,2.9974463736463674e-113,2.0955630575560874e-116,1.4650418992656518e-119,1.0242343979412612e-122,7.16058771050804e-126
Ge85,1431263536.3464532,3382.668459016798,0.00798970129605315,1.8871292760008648e-08,4.457309193897876e-14,1.0527951371783715e-19,2.4866518176118756e-25,5.873352795497195e-31,1.3872578708467584e-36,3.276636815860416e-42,7.739259620490459e-48,1.8279761486970293e-53,4.317592333197189e-59,1.0197946821664379e-64,2.40870631944271e-70,5.689249252602335e-76,1.3437734935542057e-81,3.17392879412501e-87,7.496668179940911e-93,1.770677209399457e-98,4.182254975985022e-104,9.878286449557817e-110,2.333204066701717e-115,5.510916538684822e-121,1.3016521584964524e-126,3.074440213030006e-132,7.261680904377912e-138,1.7151743375434502e-143,4.051159844264224e-149,9.568646011393099e-155,2.2600684744883997e-160,5.3381737638684596e-166,1.2608511403489257e-171,2.9780701573999167e-177,7.034059436978113e-183,1.6614112343860583e-188,3.924173963093565e-194,9.268711426711821e-200,2.189225358498967e-205,5.170845708371782e-211,1.2213290530363413e-216,2.88472087530212e-222,6.813572892346659e-228,1.609333365900058e-233
Ge86,74207898515.67703,1.5243494313525073e-21,3.1312415300808776e-53,6.432038034090346e-85,1.3212367322847797e-116,2.714017693126804e-148,5.5749979232470175e-180,1.1451878859492872e-211,2.3523870540944987e-243,4.83215454875712e-275,9.925967558116003e-307,0.0,0.0,0.0,0.0,0.0,0.0,0.0,0.0,0.0,0.0,0.0,0.0,0.0,0.0,0.0,0.0,0.0,0.0,0.0,0.0,0.0,0.0,0.0,0.0,0.0,0.0,0.0,0.0,0.0,0.0,0.0,0.0,0.0
Ge87,381971509.7873684,1.201955596237708e-13,3.7822120716054455e-35,1.190154461560399e-56,3.745077260490234e-78,1.178469193708876e-99,3.708307049289158e-121,1.166898655070386e-142,3.671897858258757e-164,1.1554417192015703e-185,3.635846142802491e-207,1.144097270718816e-228,3.600148393125641e-250,1.1328642051896433e-271,3.56480113389363e-293,1.121741429e-314,0.0,0.0,0.0,0.0,0.0,0.0,0.0,0.0,0.0,0.0,0.0,0.0,0.0,0.0,0.0,0.0,0.0,0.0,0.0,0.0,0.0,0.0,0.0,0.0,0.0,0.0,0.0,0.0
Ge88,4264006.942960785,1.1080336322262861e-39,2.879307061569186e-85,7.482091620400198e-131,1.944276654729218e-176,5.0523461912945134e-222,1.3128893964039317e-267,3.41163986377e-313,0.0,0.0,0.0,0.0,0.0,0.0,0.0,0.0,0.0,0.0,0.0,0.0,0.0,0.0,0.0,0.0,0.0,0.0,0.0,0.0,0.0,0.0,0.0,0.0,0.0,0.0,0.0,0.0,0.0,0.0,0.0,0.0,0.0,0.0,0.0,0.0
He8,0.0,0.0,0.0,0.0,0.0,0.0,0.0,0.0,0.0,0.0,0.0,0.0,0.0,0.0,0.0,0.0,0.0,0.0,0.0,0.0,0.0,0.0,0.0,0.0,0.0,0.0,0.0,0.0,0.0,0.0,0.0,0.0,0.0,0.0,0.0,0.0,0.0,0.0,0.0,0.0,0.0,0.0,0.0,0.0
Hg209,0.0,0.0,0.0,0.0,0.0,0.0,0.0,0.0,0.0,0.0,0.0,0.0,0.0,0.0,0.0,0.0,0.0,0.0,0.0,0.0,0.0,0.0,0.0,0.0,0.0,0.0,0.0,0.0,0.0,0.0,0.0,0.0,0.0,0.0,0.0,0.0,0.0,0.0,0.0,0.0,0.0,0.0,0.0,0.0
Hg210,0.0,0.0,0.0,0.0,0.0,0.0,0.0,0.0,0.0,0.0,0.0,0.0,0.0,0.0,0.0,0.0,0.0,0.0,0.0,0.0,0.0,0.0,0.0,0.0,0.0,0.0,0.0,0.0,0.0,0.0,0.0,0.0,0.0,0.0,0.0,0.0,0.0,0.0,0.0,0.0,0.0,0.0,0.0,0.0
Ho174,0.0,0.0,0.0,0.0,0.0,0.0,0.0,0.0,0.0,0.0,0.0,0.0,0.0,0.0,0.0,0.0,0.0,0.0,0.0,0.0,0.0,0.0,0.0,0.0,0.0,0.0,0.0,0.0,0.0,0.0,0.0,0.0,0.0,0.0,0.0,0.0,0.0,0.0,0.0,0.0,0.0,0.0,0.0,0.0
I137,91636067382719.08,69967965342677.945,52782706257476.375,39779571188203.54,29977389696555.36,22590439596242.305,17023753296826.71,12828796991411.512,9667552670777.309,7285295314680.58,5490068648009.497,4137217841953.49,3117733596642.9766,2349468447386.9907,1770517529531.9321,1334230440875.3447,1005452270121.8538,757690902952.2284,570982354385.6407,430282121310.2572,324252934433.4341,244351229766.48416,184138729824.35727,138763663492.63385,104569822569.44984,78801953746.24626,59383747257.49727,44750533085.739586,33723203804.809433,25413205082.536045,19150938217.64734,14431805568.207598,10875551348.529928,8195621578.707351,6176074288.909761,4654179461.046865,3507306655.05876,2643043757.889935,1991750648.9046683,1500947774.916622,1131087480.3862004,852367357.256965,642328842.2122353,484047562.3860936
I138,11507503805771.055,3827366023585.8467,1258389665172.4211,413640716953.5205,135965623421.89725,44692526350.311035,14690639121.820463,4828880697.06631,1587275311.3809714,521744700.72332406,171499884.60164124,56372801.44407882,18529999.30603525,6090896.06132626,2002105.5703869627,658101.3162292724,216320.9317373773,71105.68593882659,23372.76625162312,7682.735846511508,2525.3506346590016,830.0943772352135,272.85584253552986,89.68897133569885,29.481177696271395,9.690598804015794,3.185344430533699,1.0470373757427007,0.3441660046849252,0.1131289498588941,0.03718600652581169,0.012223211503885426,0.004017825882029301,0.0013206778605747878,0.00043411289155503494,0.0001426949055784537,4.6904472256296586e-05,1.5417715921414716e-05,5.067874187658822e-06,1.6658335717721496e-06,5.475671624999642e-07,1.7998784664262538e-07,5.9162833635136626e-08,1.94470957291286e-08
I139,2205022936969.349,105631439262.43646,5052265892.982042,241645771.6558534,11557720.87139445,552796.396252734,26439.8023719655,1264.5942596720297,60.484515697102985,2.892925229679513,0.13836626263863944,0.006617945890950632,0.0003165309735215739,1.513941921699868e-05,7.2410611725619e-07,3.4633407103167644e-08,1.6564877149758542e-09,7.92284611702255e-11,3.789432908346935e-12,1.8124549631236828e-13,8.668824789365858e-15,4.146228444717274e-16,1.9831073684718205e-17,9.485041375127119e-19,4.5366182042478625e-20,2.169827617735328e-21,1.0378109152492677e-22,4.963765264148741e-24,2.374128585037257e-25,1.1355264075440994e-26,5.431130522400798e-28,2.597665589754945e-29,1.2424423402025055e-30,5.942500739186773e-32,2.8422498085085886e-33,1.3594249842823947e-34,6.502019218574279e-36,3.109862949960846e-37,1.487422174931655e-38,7.114219379044575e-40,3.402673311327963e-41,1.6274709910869403e-42,7.784061484867669e-44,3.723053346697923e-45
I140,163776775883.9848,54798701.05687231,17314.95977330949,5.471075400641944,0.0017287170418755157,5.46229468985235e-07,1.7259425664259603e-10,5.453528071517421e-14,1.7231725438242927e-17,5.444775523019687e-21,1.7204069669239797e-24,5.436037021778e-28,1.7176458285899752e-31,5.427312545247466e-35,1.714889121698673e-38,5.418602070919346e-42,1.7121368391379044e-45,5.409905576321045e-49,1.709388973806913e-52,5.4012230390160265e-56,1.7066455186163388e-59,5.392554436603764e-63,1.7039064664882033e-66,5.3838997467196946e-70,1.7011718103558856e-73,5.3752589470351345e-77,1.6984415431641037e-80,5.366632015257234e-84,1.6957156578689033e-87,5.358018929128939e-91,1.6929941474376314e-94,5.3494196664289115e-98,1.6902770048489255e-101,5.340834204971454e-105,1.6875642230926854e-108,5.332262522606508e-112,1.6848557951700722e-115,5.323704597219542e-119,1.6821517140934703e-122,5.315160406731536e-126,1.6794519728864816e-129,5.3066299290988755e-133,1.676756564583903e-136,5.298113142313355e-140
I141,21751686001.972706,2173.318974375269,0.00021698309426240546,2.1663485088109054e-11,2.1628716640715535e-18,2.159400399435905e-25,2.155934705948271e-32,2.1524745746673277e-39,2.1490199966661057e-46,2.1455709630319575e-53,2.1421274648665495e-60,2.1386894932858214e-67,2.1352570394199737e-74,2.131830094413444e-81,2.128408649424881e-88,2.1249926956271195e-95,2.1215822242071673e-102,2.118177226366177e-109,2.1147776933194145e-116,2.111383616296253e-123,2.1079949865401375e-130,2.104611795308568e-137,2.101234033873075e-144,2.0978616935191987e-151,2.094494765546467e-158,2.091133241268365e-165,2.0877771120123292e-172,2.0844263691197064e-179,2.081081003945745e-186,2.0777410078595616e-193,2.0744063722441302e-200,2.0710770884962546e-207,2.067753148026543e-214,2.0644345422593933e-221,2.061121262632963e-228,2.05781330059915e-235,2.0545106476235744e-242,2.0512132951855537e-249,2.047921234778076e-256,2.0446344579077868e-263,2.0413529560949614e-270,2.038076720873484e-277,2.034805743790828e-284,2.031540016408033e-291
I142,1615965181.1901383,4.4636575769441514e-05,1.2297555198240641e-18,3.3877416146678257e-32,9.332555976659145e-46,2.5709337775408346e-59,7.08241181350537e-73,1.95106375472325e-86,5.374793043980876e-100,1.4806487074390972e-113,4.078893041837583e-127,1.1236540013280205e-140,3.095443547427901e-154,8.52733202924438e-168,2.3491105692235456e-181,6.4713329415493215e-195,1.7827236652476238e-208,4.911049540086009e-222,1.3528965848910139e-235,3.7269613235823946e-249,1.026703804459526e-262,2.8283650152785383e-276,7.791583731261928e-290,2.1464265295788556e-303,5.9129786e-317,0.0,0.0,0.0,0.0,0.0,0.0,0.0,0.0,0.0,0.0,0.0,0.0,0.0,0.0,0.0,0.0,0.0,0.0,0.0
I143,6837101.394907742,0.0004623168630241053,3.1261329837179265e-14,2.1138548501051712e-24,1.4293641219315267e-34,9.665194338974763e-45,6.535492263784757e-55,4.419224035439429e-65,2.988228015145082e-75,2.020605110510086e-85,1.3663097300228112e-95,9.23882785728354e-106,6.2471881961269e-116,4.224276170170179e-126,2.8564065306902024e-136,1.9314689522870249e-146,1.3060368941067034e-156,8.831269934461805e-167,5.9716022577350805e-177,4.0379281563382454e-187,2.7304001659905104e-197,1.8462649105677943e-207,1.2484229097449277e-217,8.441690857335731e-228,5.7081734061885855e-238,3.85980062356869e-248,2.609952395200426e-258,1.7648195255521594e-268,1.1933504854332693e-278,8.069297514363484e-289,5.45636534866553e-299,3.689530936878133e-309,2.49483e-319,0.0,0.0,0.0,0.0,0.0,0.0,0.0,0.0,0.0,0.0,0.0
I144,376411.7875440128,1.144598386514434e-10,3.480511263899405e-26,1.0583588794861433e-41,3.218272928478414e-57,9.786170686455334e-73,2.9757928812369873e-88,9.048833865402602e-104,2.7515824384128577e-119,8.367051520671505e-135,2.544265080785748e-150,7.736637912785539e-166,2.3525680026652459e-181,7.153722675864043e-197,2.1753142976183457e-212,6.614727055869906e-228,2.0114157329615442e-243,6.116341939180987e-259,1.8598660686572017e-274,5.655507536593988e-290,1.7197348795961376e-305,5.227e-321,0.0,0.0,0.0,0.0,0.0,0.0,0.0,0.0,0.0,0.0,0.0,0.0,0.0,0.0,0.0,0.0,0.0,0.0,0.0,0.0,0.0,0.0
I145,130.74297370858744,2.589817097979849e-22,5.130029102702158e-46,1.0161798149799622e-69,2.0128958251499922e-93,3.987236848417585e-117,7.898102567823796e-141,1.564492568246143e-164,3.099019004980868e-188,6.138679715173706e-212,1.2159779783511772e-235,2.4086652381947468e-259,4.771195147427438e-283,9.451003308328799e-307,0.0,0.0,0.0,0.0,0.0,0.0,0.0,0.0,0.0,0.0,0.0,0.0,0.0,0.0,0.0,0.0,0.0,0.0,0.0,0.0,0.0,0.0,0.0,0.0,0.0,0.0,0.0,0.0,0.0,0.0
In127,66842039836.3064,125538779.5863597,217287.6116747481,376.09008741334804,0.6509517627820661,0.0011266933419687894,1.9501258916811587e-06,3.3753558770125235e-09,5.8422009292237676e-12,1.0111914992392489e-14,1.7502106834753725e-17,3.0293346402297703e-20,5.243293535538043e-23,9.075302125660772e-26,1.5707895831845947e-28,2.718785424966317e-31,4.7057825351905296e-34,8.14495659170255e-37,1.4097616578032722e-39,2.4400718523618224e-42,4.223373938234395e-45,7.309984501027136e-48,1.2652413493747155e-50,2.1899303233031706e-53,3.7904189768164177e-56,6.5606087403453095e-59,1.1355363960330836e-61,1.965431803281013e-64,3.40184796087849e-67,5.888054487372373e-70,1.0191280164476541e-72,1.7639475248335043e-75,3.0531109145757286e-78,5.284446461966759e-81,9.146531256390203e-84,1.5831182059698052e-86,2.7401242982929265e-89,4.742716710465594e-92,8.208883739231376e-95,1.4208264241361785e-97,2.45922319240036e-100,4.2565218434170786e-103,7.36735822087072e-106,1.2751718222373255e-108
In127_m1,28522185659.41363,4314570628.827155,652668064.5525486,98729546.72260495,14934886.392417047,2259210.529762666,341752.32965829555,51697.10980372502,7820.257332936458,1182.9757018435828,178.94954751148055,27.069821049289697,4.094870436001278,0.6194338653774465,0.09370218657055578,0.01417439416676575,0.00214417034807997,0.0003243501223046919,4.906466593630219e-05,7.422045739756178e-06,1.1227379604407952e-06,1.6983734296632955e-07,2.5691411604661534e-08,3.886357491891478e-09,5.87891969004947e-10,8.893082222662507e-11,1.3452626602961882e-11,2.034988072611522e-12,3.078340444504265e-13,4.6566267487306904e-14,7.044111289154749e-15,1.0655675563329774e-15,1.6118913664205861e-16,2.438319148982536e-17,3.68846213594248e-18,5.579562024913088e-19,8.440241825038417e-20,1.2767611820972175e-20,1.9313654157093593e-21,2.9215897391797083e-22,4.419508879393045e-23,6.685421458427622e-24,1.011308299100932e-24,1.529813015066017e-25
In128,17393419392.39522,5015010.471712622,1307.9207276714353,0.3411072874948588,8.896118787661702e-05,2.320118402201543e-08,6.050896496233863e-12,1.5780810312694857e-15,4.1156541725719093e-19,1.0733675224891542e-22,2.7993553151588935e-26,7.300752087538148e-30,1.9040448618673196e-33,4.965771734930727e-37,1.2950791978322201e-40,3.3775820117940775e-44,8.808774216658254e-48,2.2973388337903644e-51,5.991487109818872e-55,1.5625869923548885e-58,4.075245534076613e-62,1.0628289013197872e-65,2.7718704653131437e-69,7.229071270958555e-73,1.885350419313136e-76,4.917016405529075e-80,1.2823637497081403e-83,3.344419971258116e-87,8.722287218970287e-91,2.2747829215238498e-94,5.932661021299729e-98,1.5472450782280094e-101,4.0352336388441295e-105,1.0523937512670927e-108,2.744655469375177e-112,7.158094236592632e-116,1.8668395240006252e-119,4.868739769525355e-123,1.2697731453938237e-126,3.3115835248687095e-130,8.636649374704287e-134,2.2524484694837085e-137,5.874412503695292e-141,1.532053795285335e-144
In128_m1,11761525329.368778,775338.7436653611,51.11158209450062,0.003369358032919856,2.221135227825993e-07,1.464208211798244e-11,9.652296990471077e-16,6.362950053246569e-20,4.19455943182023e-24,2.7651213163452213e-28,1.8228126263045432e-32,1.2016275202734875e-36,7.921322667189882e-41,5.2218638254436025e-45,3.442336962792841e-49,2.2692441169515166e-53,1.495922368431124e-57,9.861361832585922e-62,6.500768973404111e-66,4.28541188965701e-70,2.8250127237481307e-74,1.862294009264435e-78,1.2276542855144354e-82,8.092895306779423e-87,5.334967280226411e-91,3.516896586718948e-95,2.3183950251238437e-99,1.5283234408474598e-103,1.0074954934476914e-107,6.641572995533984e-112,4.378232174921033e-116,2.886201354769959e-120,1.9026305429830687e-124,1.2542447799455672e-128,8.268184140228555e-133,5.450520510015105e-137,3.5930711418909134e-141,2.368610522053329e-145,1.5614263073647978e-149,1.0293174376416013e-153,6.785426775735374e-158,4.473062909957038e-162,2.948715306748692e-166,1.943840749679404e-170
In129,23205676030.798584,279405.9394641597,3.2457694797041614,3.7705066450734556e-05,4.380077035488938e-10,5.088195471524975e-15,5.910794021812728e-20,6.86638046117086e-25,7.976454679956818e-30,9.265992413498718e-35,1.0764007175112613e-39,1.2504203035725037e-44,1.4525732937092673e-49,1.687407960002825e-54,1.9602078847325896e-59,2.2771108365290523e-64,2.6452468650004464e-69,3.0728987208460007e-74,3.5696882107732526e-79,4.146792680048154e-84,4.817196493353136e-89,5.595983172060648e-94,6.5006747607649094e-99,7.5516260585331e-104,8.772482584747258e-109,1.0190712583382686e-113,1.183822503537136e-118,1.3752087583808028e-123,1.597536052471183e-128,1.8558065627433378e-133,2.155831158235076e-138,2.5043601397480133e-143,2.9092351159323925e-148,3.379565432879702e-153,3.925933126740381e-158,4.560631010627971e-163,5.297939252564586e-168,6.154446667238667e-173,7.149423950368971e-178,8.305257253133869e-183,9.647951851725472e-188,1.1207717244169569e-192,1.3019646838597249e-197,1.5124507525381918e-202
In129_m1,38728750239.33332,138240451.6319016,493442.7873167817,1761.3208108093718,6.286951756777008,0.02244097846881079,8.010201670384657e-05,2.8592037949418936e-07,1.0205793408716459e-09,3.642909934774938e-12,1.3003195598244974e-14,4.641429483396317e-17,1.656736414258678e-19,5.9136426744164245e-22,2.110846926505638e-24,7.53456878010979e-27,2.6894288728071595e-29,9.599789812766692e-32,3.426599802697477e-34,1.223108676007816e-36,4.365828866703138e-39,1.558362070944595e-41,5.562500084875306e-44,1.985508231439616e-46,7.087178205774074e-49,2.52973491245516e-51,9.02976973554956e-54,3.223133818314336e-56,1.1504824502736119e-58,4.106592971308294e-61,1.4658290378951906e-63,5.232207777466225e-66,1.8676119464714485e-68,6.666352964086559e-71,2.3795233225910954e-73,8.493596533604495e-76,3.031749316796053e-78,1.0821686529996572e-80,3.862750086384773e-83,1.3787904675030622e-85,4.9215276959751706e-88,1.7567161532611084e-90,6.270515648326605e-93,2.238231055308375e-95
In130,35045600116.670235,3.112428876810473,1.2964469768779274e-10,5.400202944128055e-21,2.249393330994304e-31,9.369592976174014e-42,3.902797760157124e-52,1.6256661730579516e-62,6.771528192428012e-73,2.8206033207048088e-83,1.174890344792073e-93,4.893872570286526e-104,2.0384871524705064e-114,8.491087193437127e-125,3.536866133258358e-135,1.4732415013072334e-145,6.1366204979165e-156,2.5561397165389554e-166,1.0647310278819114e-176,4.43501642104858e-187,1.847355824137028e-197,7.694951307905471e-208,3.2052447534679214e-218,1.335108374120439e-228,5.56124261249606e-239,2.316472579644839e-249,9.649003983730117e-260,4.019183248537061e-270,1.6741452291406527e-280,6.973462205970782e-291,2.904716645345306e-301,1.209926796839e-311,5.04e-322,0.0,0.0,0.0,0.0,0.0,0.0,0.0,0.0,0.0,0.0,0.0
In130_m1,2106880025.445562,5610.612260759287,0.014941035825675587,3.9787912828235735e-08,1.0595503723422117e-13,2.821577991228093e-19,7.513849806860744e-25,2.0009349057719263e-30,5.328480872056785e-36,1.4189721175822877e-41,3.778716521316447e-47,1.0062705511647806e-52,2.6796940612753453e-58,7.136013524118806e-64,1.900317269508405e-69,5.060536548293335e-75,1.3476186617636467e-80,3.588702581638533e-86,9.556699224248218e-92,2.5449448090247345e-97,6.777176856783874e-103,1.8047592224889195e-108,4.806065888480446e-114,1.27985323674151e-119,3.408243552224001e-125,9.076137620943921e-131,2.4169714649811393e-136,6.436384403265065e-142,1.7140063416891458e-147,4.564391365220985e-153,1.215495417267385e-158,3.236858961427999e-164,8.61974120785348e-170,2.295433300485499e-175,6.11272880463875e-181,1.6278169978259545e-186,4.334869520794485e-192,1.1543738508327168e-197,3.0740924982722977e-203,8.186294830844583e-209,2.1800067205257074e-214,5.805348328807918e-220,1.545961712020121e-225,4.116889253952738e-231
In130_m2,2106880025.445561,5610.612260759284,0.014941035825675575,3.9787912828235735e-08,1.0595503723422117e-13,2.821577991228093e-19,7.513849806860744e-25,2.0009349057719263e-30,5.328480872056785e-36,1.4189721175822877e-41,3.778716521316447e-47,1.0062705511647806e-52,2.6796940612753453e-58,7.136013524118806e-64,1.900317269508405e-69,5.060536548293335e-75,1.3476186617636467e-80,3.588702581638533e-86,9.556699224248218e-92,2.5449448090247345e-97,6.777176856783874e-103,1.8047592224889195e-108,4.806065888480446e-114,1.27985323674151e-119,3.408243552224001e-125,9.076137620943921e-131,2.4169714649811393e-136,6.436384403265065e-142,1.7140063416891458e-147,4.564391365220985e-153,1.215495417267385e-158,3.236858961427999e-164,8.61974120785348e-170,2.295433300485499e-175,6.11272880463875e-181,1.6278169978259545e-186,4.334869520794485e-192,1.1543738508327168e-197,3.0740924982722977e-203,8.186294830844583e-209,2.1800067205257074e-214,5.805348328807918e-220,1.545961712020121e-225,4.116889253952738e-231
In131,3459530111.9266505,0.07004741062273258,1.2425698513220286e-12,2.2041925914009116e-23,3.910013569714026e-34,6.93596656435141e-45,1.2303699545809808e-55,2.1825512148747863e-66,3.871623967909464e-77,6.867867313597483e-88,1.2182898398226813e-98,2.1611223194085174e-109,3.8336112859033796e-120,6.800436680246815e-131,1.2063283309942727e-141,2.1399038188039006e-152,3.7959718229922433e-163,6.733668099627576e-174,1.1944842635897176e-184,2.118893647345613e-195,3.758701914807081e-206,6.667555071521724e-217,1.1827564845364136e-227,2.098089759600086e-238,3.721797932956692e-249,6.602091159532171e-260,1.1711438520829571e-270,2.0774901302164034e-281,3.6852562846744557e-292,6.53726999045618e-303,1.1596452357e-313,0.0,0.0,0.0,0.0,0.0,0.0,0.0,0.0,0.0,0.0,0.0,0.0,0.0
In131_m1,2417762118.985453,6.061171184632429,1.5194958941963455e-08,3.809276626823353e-17,9.549606863095398e-26,2.3940238573781002e-34,6.001660918466086e-43,1.5045770604680462e-51,3.7718760883699515e-60,9.455846164231188e-69,2.370518664632121e-77,5.942734940661061e-86,1.4898047040028047e-94,3.734842758815676e-103,9.363006034012104e-112,2.3472442524125427e-120,5.884387514511563e-129,1.475177386646075e-137,3.6981730328013184e-146,9.271077434038893e-155,2.324198354851909e-163,5.826612959636355e-172,1.460693684363507e-180,3.661863340366097e-189,9.180051414653842e-198,2.3013787283296783e-206,5.769405651425801e-215,1.4463521871023217e-223,3.625910146600094e-232,9.089919114069421e-241,2.2787831512537947e-249,5.712760020494193e-258,1.432151498654031e-266,3.5903099513001404e-275,9.0006717575057e-284,2.256409423844431e-292,5.656670552137654e-301,1.418090236518503e-309,3.55506e-318,0.0,0.0,0.0,0.0,0.0
In131_m2,0.0,0.0,0.0,0.0,0.0,0.0,0.0,0.0,0.0,0.0,0.0,0.0,0.0,0.0,0.0,0.0,0.0,0.0,0.0,0.0,0.0,0.0,0.0,0.0,0.0,0.0,0.0,0.0,0.0,0.0,0.0,0.0,0.0,0.0,0.0,0.0,0.0,0.0,0.0,0.0,0.0,0.0,0.0,0.0
In132,1601473302.4406092,4.592062974808138e-06,1.3167276864664286e-20,3.775583675177437e-35,1.0826104922667182e-49,3.104276262426902e-64,8.901198706554773e-79,2.5523288430402107e-93,7.318545218205093e-108,2.0985189372037694e-122,6.017291139840611e-137,1.725397470553704e-151,4.9474030127649265e-166,1.4186178540565833e-180,4.067743441671639e-195,1.1663843550218463e-209,3.344489354226947e-224,9.589985490098485e-239,2.74983149771625e-253,7.884864136280091e-268,2.260905168161371e-282,6.482917259028878e-297,1.858911058246e-311,0.0,0.0,0.0,0.0,0.0,0.0,0.0,0.0,0.0,0.0,0.0,0.0,0.0,0.0,0.0,0.0,0.0,0.0,0.0,0.0,0.0
In133,35054960.1306913,1.997594419316065e-11,1.1383220660373902e-29,6.486687755521856e-48,3.6964159171675985e-66,2.1063894467648497e-84,1.2003185249895008e-102,6.839972369049828e-121,3.8977338960734815e-139,2.2211097801131367e-157,1.2656914984073148e-175,7.21249793001655e-194,4.110016260356707e-212,2.3420781294224584e-230,1.3346248814701613e-248,7.605312358552624e-267,4.33386016357184e-285,2.4696347805193124e-303,1.41e-321,0.0,0.0,0.0,0.0,0.0,0.0,0.0,0.0,0.0,0.0,0.0,0.0,0.0,0.0,0.0,0.0,0.0,0.0,0.0,0.0,0.0,0.0,0.0,0.0,0.0
In133_m1,0.0,0.0,0.0,0.0,0.0,0.0,0.0,0.0,0.0,0.0,0.0,0.0,0.0,0.0,0.0,0.0,0.0,0.0,0.0,0.0,0.0,0.0,0.0,0.0,0.0,0.0,0.0,0.0,0.0,0.0,0.0,0.0,0.0,0.0,0.0,0.0,0.0,0.0,0.0,0.0,0.0,0.0,0.0,0.0
In134,603585.9267096238,1.8993130739588626e-16,5.976597520383418e-38,1.8806650894157386e-59,5.917917621998754e-81,1.862200195976596e-102,5.859813859193334e-124,1.843916596002004e-145,5.802280575307659e-167,1.825812509502251e-188,5.745312169220889e-210,1.8078861739640702e-231,5.688903094805507e-253,1.7901358441790283e-274,5.633047860387432e-296,1.77256e-317,0.0,0.0,0.0,0.0,0.0,0.0,0.0,0.0,0.0,0.0,0.0,0.0,0.0,0.0,0.0,0.0,0.0,0.0,0.0,0.0,0.0,0.0,0.0,0.0,0.0,0.0,0.0,0.0
In135,829.3818812568512,1.5779848921362817e-30,3.002279620621719e-63,5.712147793885265e-96,1.0867952536823167e-128,2.067740482294203e-161,3.9340903336039345e-194,7.485014142482667e-227,1.424101430376701e-259,2.7095004036001723e-292,0.0,0.0,0.0,0.0,0.0,0.0,0.0,0.0,0.0,0.0,0.0,0.0,0.0,0.0,0.0,0.0,0.0,0.0,0.0,0.0,0.0,0.0,0.0,0.0,0.0,0.0,0.0,0.0,0.0,0.0,0.0,0.0,0.0,0.0
K48,0.0,0.0,0.0,0.0,0.0,0.0,0.0,0.0,0.0,0.0,0.0,0.0,0.0,0.0,0.0,0.0,0.0,0.0,0.0,0.0,0.0,0.0,0.0,0.0,0.0,0.0,0.0,0.0,0.0,0.0,0.0,0.0,0.0,0.0,0.0,0.0,0.0,0.0,0.0,0.0,0.0,0.0,0.0,0.0
K49,0.0,0.0,0.0,0.0,0.0,0.0,0.0,0.0,0.0,0.0,0.0,0.0,0.0,0.0,0.0,0.0,0.0,0.0,0.0,0.0,0.0,0.0,0.0,0.0,0.0,0.0,0.0,0.0,0.0,0.0,0.0,0.0,0.0,0.0,0.0,0.0,0.0,0.0,0.0,0.0,0.0,0.0,0.0,0.0
K50,0.0,0.0,0.0,0.0,0.0,0.0,0.0,0.0,0.0,0.0,0.0,0.0,0.0,0.0,0.0,0.0,0.0,0.0,0.0,0.0,0.0,0.0,0.0,0.0,0.0,0.0,0.0,0.0,0.0,0.0,0.0,0.0,0.0,0.0,0.0,0.0,0.0,0.0,0.0,0.0,0.0,0.0,0.0,0.0
K51,0.0,0.0,0.0,0.0,0.0,0.0,0.0,0.0,0.0,0.0,0.0,0.0,0.0,0.0,0.0,0.0,0.0,0.0,0.0,0.0,0.0,0.0,0.0,0.0,0.0,0.0,0.0,0.0,0.0,0.0,0.0,0.0,0.0,0.0,0.0,0.0,0.0,0.0,0.0,0.0,0.0,0.0,0.0,0.0
K52,0.0,0.0,0.0,0.0,0.0,0.0,0.0,0.0,0.0,0.0,0.0,0.0,0.0,0.0,0.0,0.0,0.0,0.0,0.0,0.0,0.0,0.0,0.0,0.0,0.0,0.0,0.0,0.0,0.0,0.0,0.0,0.0,0.0,0.0,0.0,0.0,0.0,0.0,0.0,0.0,0.0,0.0,0.0,0.0
K53,0.0,0.0,0.0,0.0,0.0,0.0,0.0,0.0,0.0,0.0,0.0,0.0,0.0,0.0,0.0,0.0,0.0,0.0,0.0,0.0,0.0,0.0,0.0,0.0,0.0,0.0,0.0,0.0,0.0,0.0,0.0,0.0,0.0,0.0,0.0,0.0,0.0,0.0,0.0,0.0,0.0,0.0,0.0,0.0
K54,0.0,0.0,0.0,0.0,0.0,0.0,0.0,0.0,0.0,0.0,0.0,0.0,0.0,0.0,0.0,0.0,0.0,0.0,0.0,0.0,0.0,0.0,0.0,0.0,0.0,0.0,0.0,0.0,0.0,0.0,0.0,0.0,0.0,0.0,0.0,0.0,0.0,0.0,0.0,0.0,0.0,0.0,0.0,0.0
Kr100,10001.53915856105,3.945791115658906e-44,1.556687154005236e-91,6.1414170806665154e-139,2.422901972413581e-186,9.558793826926984e-234,3.77111994071632e-281,0.0,0.0,0.0,0.0,0.0,0.0,0.0,0.0,0.0,0.0,0.0,0.0,0.0,0.0,0.0,0.0,0.0,0.0,0.0,0.0,0.0,0.0,0.0,0.0,0.0,0.0,0.0,0.0,0.0,0.0,0.0,0.0,0.0,0.0,0.0,0.0,0.0
Kr91,36046201646569.41,16127117927498.201,7182846219836.578,3199162965218.767,1424873005043.741,634623213188.9989,282654398878.14154,125891249397.72762,56070617467.21138,24973253964.79144,11122820503.174822,4953985416.568821,2206452176.457532,982730225.7918441,437697543.137064,194945809.379024,86826780.70811541,38671720.47529194,17223971.13335949,7671372.722926703,3416747.450306796,1521782.8100423978,677785.8049568725,301878.55610501807,134453.4836368389,59884.14511891591,26671.7584373606,11879.316248537518,5290.920539198322,2356.5194802821297,1049.5685996052716,467.46664073639903,208.20464739851946,92.73212550537079,41.30189795564085,18.395424082448883,8.193125350718276,3.6491304963514697,1.625283735984208,0.7238840115736878,0.32241020482168076,0.14359806061634048,0.0639570420054755,0.02848578319604889
Kr92,3845669690845.1685,89191073413.35522,2062000687.0512574,47671214.95136165,1102106.6817338238,25479.508738378543,589.0585515077223,13.618393536046538,0.31484245840746944,0.007278815475091315,0.0001682783033407156,3.890411492382922e-06,8.994208569728948e-08,2.079363274403552e-09,4.807261910170007e-11,1.1113867094531726e-12,2.5694052893936646e-14,5.940185792227437e-16,1.3733063986377782e-17,3.174935145980118e-19,7.340105013111888e-21,1.6969525085174029e-22,3.923169778932988e-24,9.069942168140097e-26,2.096872059301489e-27,4.847740318040972e-29,1.120744877443238e-30,2.5910403567632747e-32,5.990203716738354e-34,1.3848699992018048e-35,3.201668933779564e-37,7.401910625139794e-39,1.7112412943295766e-40,3.956203898859503e-42,9.146313463340675e-44,2.1145282727668082e-45,4.888559564737536e-47,1.130181843665627e-48,2.612857597082414e-50,6.040642805310459e-52,1.3965309683196672e-53,3.228627827093697e-55,7.464236656653715e-57,1.725650395471121e-58
Kr93,780907574607.6478,3564150033.6234593,16260419.657584865,74183.53462858325,338.4412534164323,1.5440418495501547,0.007044251281710066,3.213739066355668e-05,1.466176939689372e-07,6.689014802046734e-10,3.0516725376597237e-12,1.3922387007212166e-14,6.351692640234502e-17,2.8977789063836415e-19,1.3220291134824115e-21,6.031381390225716e-24,2.751646019242153e-26,1.2553601447723775e-28,5.7272232040840876e-31,2.612882507541029e-33,1.1920532437683663e-35,5.43840349452212e-38,2.48111673902525e-40,1.1319388638360339e-42,5.164148753298034e-45,2.355995822584694e-47,1.0748560084547578e-49,4.903724479629297e-52,2.237184663151815e-54,1.0206518000416003e-56,4.656433213074769e-59,2.124365064260116e-61,9.691810705191846e-64,4.4216126656171523e-66,2.0172348758599735e-68,9.203059725309131e-71,4.198633947943218e-73,1.9155071851094735e-75,8.738956102623405e-78,3.98689988517136e-80,1.8189095479730886e-82,8.298256888799381e-85,3.785843417515841e-87,1.727183259570279e-89
Kr94,22874579532.84039,0.00014450550874590647,9.127593826473284e-19,5.765383602611857e-33,3.6416659984210504e-47,2.3002339754197956e-61,1.4529274084909647e-75,9.177318815834872e-90,5.796792059622045e-104,3.661504940257474e-118,2.312765110364163e-132,1.4608426160805976e-146,9.22731469527046e-161,5.828371622536009e-175,3.6814519599937955e-189,2.325364511991265e-203,1.4688009438638642e-217,9.277582940525616e-232,5.860123223498521e-246,3.701507646413041e-260,2.338032552201957e-274,1.47680262674946e-288,9.328125035385378e-303,5.892048e-317,0.0,0.0,0.0,0.0,0.0,0.0,0.0,0.0,0.0,0.0,0.0,0.0,0.0,0.0,0.0,0.0,0.0,0.0,0.0,0.0
Kr95,1018149831.3900794,3.996748441297455e-18,1.5687973380171735e-44,6.15781834638267e-71,2.4170570581776355e-97,9.487393901312821e-124,3.723976756532678e-150,1.4617294303841077e-176,5.73755709914914e-203,2.2520967821894523e-229,8.839894451072649e-256,3.469821302712167e-282,1.361968736096647e-308,0.0,0.0,0.0,0.0,0.0,0.0,0.0,0.0,0.0,0.0,0.0,0.0,0.0,0.0,0.0,0.0,0.0,0.0,0.0,0.0,0.0,0.0,0.0,0.0,0.0,0.0,0.0,0.0,0.0,0.0,0.0
Kr96,3758564833.362228,8.836552062968238e-29,2.0774634062608027e-66,4.8840929964520005e-104,1.148244745303433e-141,2.699510423070844e-179,6.34651850493975e-217,1.492059330066367e-254,3.5078146273509586e-292,0.0,0.0,0.0,0.0,0.0,0.0,0.0,0.0,0.0,0.0,0.0,0.0,0.0,0.0,0.0,0.0,0.0,0.0,0.0,0.0,0.0,0.0,0.0,0.0,0.0,0.0,0.0,0.0,0.0,0.0,0.0,0.0,0.0,0.0,0.0
Kr97,2324679.6003114446,9.676966856565277e-42,4.02824060272764e-89,1.6768397157885037e-136,6.980197336132916e-184,2.9056536765321643e-231,1.209539341279067e-278,0.0,0.0,0.0,0.0,0.0,0.0,0.0,0.0,0.0,0.0,0.0,0.0,0.0,0.0,0.0,0.0,0.0,0.0,0.0,0.0,0.0,0.0,0.0,0.0,0.0,0.0,0.0,0.0,0.0,0.0,0.0,0.0,0.0,0.0,0.0,0.0,0.0
Kr98,93328505.03471752,-2.0976401232845228e-39,4.714630417766102e-86,-1.0596545961049468e-132,2.381666776710695e-179,-5.353005268072952e-226,1.2031349507084093e-272,-2.70417e-319,0.0,0.0,0.0,0.0,0.0,0.0,0.0,0.0,0.0,0.0,0.0,0.0,0.0,0.0,0.0,0.0,0.0,0.0,0.0,0.0,0.0,0.0,0.0,0.0,0.0,0.0,0.0,0.0,0.0,0.0,0.0,0.0,0.0,0.0,0.0,0.0
Kr99,41.18453886558323,-8.39234584384351e-46,1.7101434349562504e-92,-3.484830847705577e-139,7.101185660155488e-186,-1.4470383207609427e-232,2.9486905454388173e-279,-0.0,0.0,0.0,0.0,0.0,0.0,0.0,0.0,0.0,0.0,0.0,0.0,0.0,0.0,0.0,0.0,0.0,0.0,0.0,0.0,0.0,0.0,0.0,0.0,0.0,0.0,0.0,0.0,0.0,0.0,0.0,0.0,0.0,0.0,0.0,0.0,0.0
La147,4482173069679.105,876193152586.2971,158935511005.62512,28824907818.931183,5227749103.69915,948116151.377625,171952444.2871613,31185675.98850307,5655903.240524692,1025767.1335381947,186035.39832650204,33739.791711908685,6119.123322783307,1109.7777531985955,201.27175030267603,36.503090238693424,6.620281261381164,1.2006688664768603,0.21775596383439347,0.03949270369988352,0.007162484177530716,0.0012990039877550633,0.00023559023913757472,4.272716735290357e-05,7.749093666554444e-06,1.405392783403264e-06,2.548851466548596e-07,4.622653449802707e-08,8.383746639386785e-09,1.520494851640437e-09,2.757603125795527e-10,5.001250080651723e-11,9.070377871000974e-12,1.645023811967091e-12,2.9834516052417785e-13,5.410853883127755e-14,9.81324439555843e-15,1.779751729523561e-15,3.227797139318932e-16,5.854004353396279e-17,1.0616951899527823e-17,1.9255139018045243e-18,3.4921546420563266e-19,6.33344897308022e-20
La148,561092357016.9384,2423436373.6015844,9894072.47626834,40387.62782800645,164.86231597179452,0.6729680511320314,0.002747055900391697,1.1213483473966913e-05,4.577344480066807e-08,1.8684722314738468e-10,7.62710452532492e-13,3.1133844250040253e-15,1.2708836683269013e-17,5.187747730246814e-20,2.117638866829658e-22,8.64420284772452e-25,3.528564007916813e-27,1.4403599935468275e-29,5.879550169291207e-32,2.4000326548981174e-34,9.796934423083095e-37,3.999109091049636e-39,1.6324365185536155e-41,6.663606634466704e-44,2.7200845407606783e-46,1.1103386371301567e-48,4.532402837594467e-51,1.8501270509085528e-53,7.552219489652172e-56,3.0828163499297577e-58,1.2584057786477217e-60,5.136812978723366e-63,2.096847298868577e-65,8.559331657554643e-68,3.493919584108397e-70,1.4262181381231592e-72,5.821823108818241e-75,2.376468466105239e-77,9.700745393377258e-80,3.9598447246117515e-82,1.6164088023318879e-84,6.598181489331458e-87,2.6933779934475602e-89,1.0994370232642105e-91
La149,105550723501.91968,144275012.0201001,195992.19780386894,266.24805469276674,0.36168800300213994,0.0004913395955761329,6.674664245899506e-07,9.067281203593947e-10,1.2317561662454589e-12,1.6732945841387792e-15,2.2731079754547923e-18,3.0879319858287714e-21,4.194839863335851e-24,5.698532726687873e-27,7.741243121330765e-30,1.0516188629205586e-32,1.4285848093351408e-35,1.9406789184013438e-38,2.636339571663376e-41,3.5813684949201213e-44,4.865154866341377e-47,6.609130534056675e-50,8.978256112337975e-53,1.219662441275107e-55,1.6568657120539433e-58,2.2507899685014717e-61,3.0576138098884796e-64,4.153653757682738e-67,5.6425829458630044e-70,7.665237441145404e-73,1.0412937761458269e-75,1.4145585659483644e-78,1.9216247924809145e-81,2.610455255772076e-84,3.546205621957145e-87,4.817387421368031e-90,6.5442402504417965e-93,8.890105094213204e-96,1.2076874558634967e-98,1.6405981432091597e-101,2.2286910859539174e-104,3.0275933062403833e-107,4.1128720286814603e-110,5.587182495563114e-113
La150,11190002747.612793,3544741.48742905,1120.0457998050576,0.35390524165996884,0.00011182482010664223,3.533372473724893e-08,1.116453487353761e-11,3.527701646779236e-15,1.1146616540367982e-18,3.5220399211322687e-22,1.1128726964926947e-25,3.516387282177009e-29,1.1110866101060259e-32,3.510743715329922e-36,1.1093033902687751e-39,3.5051092060308848e-43,1.1075230323803222e-46,3.4994837397431293e-50,1.1057455318474286e-53,3.4938673019532303e-57,1.1039708840842317e-60,3.4882598781710535e-64,1.102199084512226e-67,3.4826614539297184e-71,1.1004301285602556e-74,3.477072014785556e-78,1.098664011664498e-81,3.4714915463180935e-85,1.096900729268459e-88,3.465920034129988e-92,1.0951402768229564e-95,3.460357463847015e-99,1.0933826497861065e-102,3.454803821118006e-106,1.0916278436233185e-109,3.4492590916148395e-113,1.0898758538072779e-116,3.443723261032377e-120,1.088126675817935e-123,3.438196315088449e-127,1.086380305142498e-130,3.432678239523808e-134,1.0846367372754138e-137,3.4271690201020833e-141
La151,993647498.1617321,134313.30877442288,18.148423204122558,0.0024522161489362736,3.3134360894437764e-07,4.477117045163774e-11,6.049483525562998e-15,8.174066158397562e-19,1.1044803623238584e-22,1.4923745992755517e-26,2.0164975499218573e-30,2.724692829008719e-34,3.681606760563241e-38,4.974589500555262e-42,6.721668637757689e-46,9.082323128525929e-50,1.227204104462888e-53,1.658199001178887e-57,2.2405595919303796e-61,3.0274456090144888e-65,4.0906865180249616e-69,5.527338340588198e-73,7.468543237599875e-77,1.0091500583979625e-80,1.363564229283198e-84,1.8424488924197778e-88,2.4895181673718163e-92,3.3638386015335218e-96,4.5452209529817025e-100,6.141505571047844e-104,8.2984064073867e-108,1.1212812250271626e-111,1.5150759361210276e-115,2.0471716113479047e-119,2.766139641184293e-123,3.737609720707894e-127,5.050260737505343e-131,6.823915663392857e-135,9.220479377486621e-139,1.2458717860001413e-142,1.6834227848729161e-146,2.2746419852138452e-150,3.0734977614599574e-154,4.15291221700161e-158
La152,25391065.978164025,5.371515820835537,1.1359889770169662e-06,2.4024335007567446e-13,5.0807594460241895e-20,1.074498692273181e-26,2.272391464233237e-33,4.805741508903799e-40,1.0163368334158866e-46,2.14938851172927e-53,4.545610099386517e-60,9.613232350916789e-67,2.0330436225752306e-73,4.2995594201981734e-80,9.092874841710776e-87,1.922996400482493e-93,4.0668272913045846e-100,8.600683918675047e-107,1.8189059571601932e-113,3.846692788941026e-120,8.135134944300864e-127,1.7204498563610058e-133,3.6384740124393597e-140,7.694785808636042e-147,1.627323115085006e-153,3.441525971935249e-160,7.278272462126344e-167,1.5392372588476683e-173,3.255238590412302e-180,6.884304690260985e-187,1.4559194280855025e-193,3.079034813894126e-200,6.511662116933618e-207,1.3771115329313842e-213,2.9123688239304285e-220,6.159190424138678e-227,1.3025694537412666e-233,2.7547243468399366e-240,5.825797776292734e-247,1.2320622848958134e-253,2.6056130544727947e-260,5.5104514381049815e-267,1.1653716195345507e-273,2.4645730515386275e-280
La153,603370.2080221932,0.0009518021199870331,1.5014124435881993e-12,2.368390738394443e-21,3.7359985350241736e-30,5.893320231088572e-39,9.296369637343326e-48,1.4664481997469101e-56,2.3132366788671545e-65,3.648996216422694e-74,5.756079137560576e-83,9.079879800572e-92,1.4322981880991872e-100,2.259367023231935e-109,3.5640199702008088e-118,5.6220340552816075e-127,8.868431485518669e-136,1.3989434471577444e-144,2.206751860846264e-153,3.481022614060927e-162,5.491110556923531e-171,8.661907287405302e-180,1.3663654570022172e-188,2.1553619776137436e-197,3.399958064466412e-206,5.36323594838963e-215,8.460192535525602e-224,1.3345461289961384e-232,2.1051688397632067e-241,3.3207813110540944e-250,5.238339228451887e-259,8.263175229575035e-268,1.303467795743378e-276,2.0561445780056136e-285,3.2434483916426774e-294,5.1163510493281765e-303,8.070745977466e-312,1.273e-320,0.0,0.0,0.0,0.0,0.0,0.0
La154,4135.796894712955,2.591130089153527e-10,1.6233764156793177e-23,1.0170662592416363e-36,6.372051273486748e-50,3.992172295856061e-63,2.5011474258084193e-76,1.567001116690689e-89,9.817464074178681e-103,6.15076784701578e-116,3.8535353755341463e-129,2.4142896073858276e-142,1.5125835733435479e-155,9.476531147504152e-169,5.9371689718343474e-182,3.7197129256939485e-195,2.3304481168067175e-208,1.4600557982884599e-221,9.147437862881012e-235,5.730987785080353e-248,3.590537753310941e-261,2.2495182054851388e-274,1.4093521651855062e-287,8.829773062826603e-301,5.531966691e-314,0.0,0.0,0.0,0.0,0.0,0.0,0.0,0.0,0.0,0.0,0.0,0.0,0.0,0.0,0.0,0.0,0.0,0.0,0.0
La155,6.746208553587846,2.942618165303746e-16,1.283536018490041e-32,5.598635698598061e-49,2.4420601552335593e-65,1.065198402402338e-81,4.646272263395483e-98,2.026650236886499e-114,8.840013993649364e-131,3.855911887784373e-147,1.681904179907179e-163,7.3362715557659905e-180,3.1999968240111857e-196,1.395801613373144e-212,6.088325242313624e-229,2.655657071968423e-245,1.158366907681145e-261,5.052662510435521e-278,2.2039129635933857e-294,9.613213510823e-311,0.0,0.0,0.0,0.0,0.0,0.0,0.0,0.0,0.0,0.0,0.0,0.0,0.0,0.0,0.0,0.0,0.0,0.0,0.0,0.0,0.0,0.0,0.0,0.0
Li11,0.0,0.0,0.0,0.0,0.0,0.0,0.0,0.0,0.0,0.0,0.0,0.0,0.0,0.0,0.0,0.0,0.0,0.0,0.0,0.0,0.0,0.0,0.0,0.0,0.0,0.0,0.0,0.0,0.0,0.0,0.0,0.0,0.0,0.0,0.0,0.0,0.0,0.0,0.0,0.0,0.0,0.0,0.0,0.0
Li9,0.0,0.0,0.0,0.0,0.0,0.0,0.0,0.0,0.0,0.0,0.0,0.0,0.0,0.0,0.0,0.0,0.0,0.0,0.0,0.0,0.0,0.0,0.0,0.0,0.0,0.0,0.0,0.0,0.0,0.0,0.0,0.0,0.0,0.0,0.0,0.0,0.0,0.0,0.0,0.0,0.0,0.0,0.0,0.0
Mg30,0.0,0.0,0.0,0.0,0.0,0.0,0.0,0.0,0.0,0.0,0.0,0.0,0.0,0.0,0.0,0.0,0.0,0.0,0.0,0.0,0.0,0.0,0.0,0.0,0.0,0.0,0.0,0.0,0.0,0.0,0.0,0.0,0.0,0.0,0.0,0.0,0.0,0.0,0.0,0.0,0.0,0.0,0.0,0.0
Mg31,0.0,0.0,0.0,0.0,0.0,0.0,0.0,0.0,0.0,0.0,0.0,0.0,0.0,0.0,0.0,0.0,0.0,0.0,0.0,0.0,0.0,0.0,0.0,0.0,0.0,0.0,0.0,0.0,0.0,0.0,0.0,0.0,0.0,0.0,0.0,0.0,0.0,0.0,0.0,0.0,0.0,0.0,0.0,0.0
Mg32,0.0,0.0,0.0,0.0,0.0,0.0,0.0,0.0,0.0,0.0,0.0,0.0,0.0,0.0,0.0,0.0,0.0,0.0,0.0,0.0,0.0,0.0,0.0,0.0,0.0,0.0,0.0,0.0,0.0,0.0,0.0,0.0,0.0,0.0,0.0,0.0,0.0,0.0,0.0,0.0,0.0,0.0,0.0,0.0
Mg33,0.0,0.0,0.0,0.0,0.0,0.0,0.0,0.0,0.0,0.0,0.0,0.0,0.0,0.0,0.0,0.0,0.0,0.0,0.0,0.0,0.0,0.0,0.0,0.0,0.0,0.0,0.0,0.0,0.0,0.0,0.0,0.0,0.0,0.0,0.0,0.0,0.0,0.0,0.0,0.0,0.0,0.0,0.0,0.0
Mg34,0.0,0.0,0.0,0.0,0.0,0.0,0.0,0.0,0.0,0.0,0.0,0.0,0.0,0.0,0.0,0.0,0.0,0.0,0.0,0.0,0.0,0.0,0.0,0.0,0.0,0.0,0.0,0.0,0.0,0.0,0.0,0.0,0.0,0.0,0.0,0.0,0.0,0.0,0.0,0.0,0.0,0.0,0.0,0.0
Mg35,0.0,0.0,0.0,0.0,0.0,0.0,0.0,0.0,0.0,0.0,0.0,0.0,0.0,0.0,0.0,0.0,0.0,0.0,0.0,0.0,0.0,0.0,0.0,0.0,0.0,0.0,0.0,0.0,0.0,0.0,0.0,0.0,0.0,0.0,0.0,0.0,0.0,0.0,0.0,0.0,0.0,0.0,0.0,0.0
Mg36,0.0,0.0,0.0,0.0,0.0,0.0,0.0,0.0,0.0,0.0,0.0,0.0,0.0,0.0,0.0,0.0,0.0,0.0,0.0,0.0,0.0,0.0,0.0,0.0,0.0,0.0,0.0,0.0,0.0,0.0,0.0,0.0,0.0,0.0,0.0,0.0,0.0,0.0,0.0,0.0,0.0,0.0,0.0,0.0
Mg37,0.0,0.0,0.0,0.0,0.0,0.0,0.0,0.0,0.0,0.0,0.0,0.0,0.0,0.0,0.0,0.0,0.0,0.0,0.0,0.0,0.0,0.0,0.0,0.0,0.0,0.0,0.0,0.0,0.0,0.0,0.0,0.0,0.0,0.0,0.0,0.0,0.0,0.0,0.0,0.0,0.0,0.0,0.0,0.0
Mn61,0.0,0.0,0.0,0.0,0.0,0.0,0.0,0.0,0.0,0.0,0.0,0.0,0.0,0.0,0.0,0.0,0.0,0.0,0.0,0.0,0.0,0.0,0.0,0.0,0.0,0.0,0.0,0.0,0.0,0.0,0.0,0.0,0.0,0.0,0.0,0.0,0.0,0.0,0.0,0.0,0.0,0.0,0.0,0.0
Mn62,0.0,0.0,0.0,0.0,0.0,0.0,0.0,0.0,0.0,0.0,0.0,0.0,0.0,0.0,0.0,0.0,0.0,0.0,0.0,0.0,0.0,0.0,0.0,0.0,0.0,0.0,0.0,0.0,0.0,0.0,0.0,0.0,0.0,0.0,0.0,0.0,0.0,0.0,0.0,0.0,0.0,0.0,0.0,0.0
Mn62_m1,0.0,0.0,0.0,0.0,0.0,0.0,0.0,0.0,0.0,0.0,0.0,0.0,0.0,0.0,0.0,0.0,0.0,0.0,0.0,0.0,0.0,0.0,0.0,0.0,0.0,0.0,0.0,0.0,0.0,0.0,0.0,0.0,0.0,0.0,0.0,0.0,0.0,0.0,0.0,0.0,0.0,0.0,0.0,0.0
Mn63,0.0,0.0,0.0,0.0,0.0,0.0,0.0,0.0,0.0,0.0,0.0,0.0,0.0,0.0,0.0,0.0,0.0,0.0,0.0,0.0,0.0,0.0,0.0,0.0,0.0,0.0,0.0,0.0,0.0,0.0,0.0,0.0,0.0,0.0,0.0,0.0,0.0,0.0,0.0,0.0,0.0,0.0,0.0,0.0
Mn64,0.0,0.0,0.0,0.0,0.0,0.0,0.0,0.0,0.0,0.0,0.0,0.0,0.0,0.0,0.0,0.0,0.0,0.0,0.0,0.0,0.0,0.0,0.0,0.0,0.0,0.0,0.0,0.0,0.0,0.0,0.0,0.0,0.0,0.0,0.0,0.0,0.0,0.0,0.0,0.0,0.0,0.0,0.0,0.0
Mn65,0.0,0.0,0.0,0.0,0.0,0.0,0.0,0.0,0.0,0.0,0.0,0.0,0.0,0.0,0.0,0.0,0.0,0.0,0.0,0.0,0.0,0.0,0.0,0.0,0.0,0.0,0.0,0.0,0.0,0.0,0.0,0.0,0.0,0.0,0.0,0.0,0.0,0.0,0.0,0.0,0.0,0.0,0.0,0.0
Mn66,57.44261613930054,1.5371410741004007e-45,4.113180237848723e-92,1.100601191936176e-138,2.944918456797904e-185,7.879701687974904e-232,2.1083422830688468e-278,0.0,0.0,0.0,0.0,0.0,0.0,0.0,0.0,0.0,0.0,0.0,0.0,0.0,0.0,0.0,0.0,0.0,0.0,0.0,0.0,0.0,0.0,0.0,0.0,0.0,0.0,0.0,0.0,0.0,0.0,0.0,0.0,0.0,0.0,0.0,0.0,0.0
Mn67,31.415984673552824,-3.947161387110285e-46,4.959285342587089e-93,-6.2309361454012275e-140,7.82866158570991e-187,-9.836072333667697e-234,1.2358220759079463e-280,-0.0,0.0,0.0,0.0,0.0,0.0,0.0,0.0,0.0,0.0,0.0,0.0,0.0,0.0,0.0,0.0,0.0,0.0,0.0,0.0,0.0,0.0,0.0,0.0,0.0,0.0,0.0,0.0,0.0,0.0,0.0,0.0,0.0,0.0,0.0,0.0,0.0
Mn68,2.3168762958059226,-2.560032221916215e-48,2.8287073371644124e-96,-3.1255798777965507e-144,3.4536091606688162e-192,-3.816065082638336e-240,4.216560715894997e-288,-0.0,-0.0,-0.0,-0.0,-0.0,-0.0,-0.0,-0.0,-0.0,-0.0,-0.0,-0.0,-0.0,-0.0,-0.0,-0.0,-0.0,-0.0,-0.0,-0.0,-0.0,-0.0,-0.0,-0.0,-0.0,-0.0,-0.0,-0.0,-0.0,-0.0,-0.0,-0.0,-0.0,-0.0,-0.0,-0.0,-0.0
Mn69,0.1396735093807145,3.0487427701921845e-48,6.654685287146095e-95,1.4525605998622132e-141,3.170596662696457e-188,6.920663549910078e-235,1.5106173716312605e-281,0.0,0.0,0.0,0.0,0.0,0.0,0.0,0.0,0.0,0.0,0.0,0.0,0.0,0.0,0.0,0.0,0.0,0.0,0.0,0.0,0.0,0.0,0.0,0.0,0.0,0.0,0.0,0.0,0.0,0.0,0.0,0.0,0.0,0.0,0.0,0.0,0.0
Mo109,10446831203.832937,22094.962346240405,0.04618298787957761,9.653188523520756e-08,2.017713728561926e-13,4.217434146766683e-19,8.815299480065832e-25,1.8425777906413843e-30,3.851364235829149e-36,8.050138535459394e-42,1.682643512062855e-47,3.5170689003871288e-53,7.351392948887587e-59,1.5365914009533776e-64,3.211790132700154e-70,6.713297920390395e-76,1.4032164962792577e-81,2.9330093178938395e-87,6.1305890300337925e-93,1.2814184266608282e-98,2.6784264548505558e-104,5.59845880532367e-110,1.1701923320741287e-115,2.445941180710215e-121,5.1125170585334995e-127,1.0686205735416147e-132,2.2336354424291576e-138,4.668754666720265e-144,9.758651624150875e-150,2.0397576724339037e-155,4.263510495605996e-161,8.91160846790809e-167,1.862708337815485e-172,3.8934411944399505e-178,8.138087980182545e-184,1.7010267438421704e-189,3.555493612642651e-195,7.431708452148614e-201,1.5533789829167138e-206,3.246879610663057e-212,6.786642102202771e-218,1.4185469295544784e-223,2.9650530572332756e-229,6.197566995523745e-235
Mo110,1453412281.8423584,0.13484944664668727,1.2459940829021657e-11,1.1512848536629798e-21,1.06377456559548e-31,9.829160201382395e-42,9.082036118278306e-52,8.3917016676675e-62,7.753840214024957e-72,7.164463233515031e-82,6.619885373900931e-92,6.116701410174885e-102,5.651764951813397e-112,5.222168768514895e-122,4.825226611397265e-132,4.4584564159839676e-142,4.119564781947613e-152,3.806432632563414e-162,3.517101964201587e-172,3.249763603003838e-182,3.002745892186814e-192,2.7745042392346985e-202,2.5636114576199354e-212,2.3687488426591917e-222,2.188697925702245e-232,2.0223328550930435e-242,1.868613356261376e-252,1.7265782269248456e-262,1.5953393267269126e-272,1.474076023728441e-282,1.362030063026839e-292,1.2585008254164858e-302,1.162840946443e-312,1.1e-322,-0.0,0.0,0.0,0.0,0.0,0.0,0.0,0.0,0.0,0.0
Mo111,56636261.58802325,5.030392955678987e-08,4.4678864658456516e-23,3.968280340634409e-38,3.5245409618717742e-53,3.130421221683662e-68,2.7803725736707583e-83,2.46946691866049e-98,2.1933272253176332e-113,1.9480659088678954e-128,1.7302301004099922e-143,1.536753036299752e-158,1.3649108832500964e-173,1.2122843913165855e-188,1.0767248349067029e-203,9.56323762319323e-219,8.493861279384621e-234,7.544064288275989e-249,6.700475097677182e-264,5.951217383495018e-279,5.285742850964566e-294,4.69468273231099e-309,5e-324,0.0,0.0,0.0,0.0,0.0,0.0,0.0,0.0,0.0,0.0,0.0,0.0,0.0,0.0,0.0,0.0,0.0,0.0,0.0,0.0,0.0
Mo112,3440283.980426696,0.00011162273450622434,3.6216179533990315e-15,1.1750398929396227e-25,3.812436230894263e-36,1.2369511964630883e-46,4.013308471975594e-57,1.3021245249841783e-67,4.2247644067355454e-78,1.3707317503014106e-88,4.447361676047135e-99,1.442953799911876e-109,4.681687302146141e-120,1.5189811341440715e-130,4.928359236696385e-141,1.5990142484302148e-151,5.188027990420535e-162,1.6832642020426369e-172,5.461378348594006e-183,1.7719531746886074e-193,5.749131176925989e-204,1.8653150524313863e-214,6.052045322589961e-225,1.9635960444826958e-235,6.370919615416965e-246,2.0670553324931763e-256,6.706594974529173e-267,2.1759657540530997e-277,7.059956625969179e-288,2.290614522205836e-298,7.431936437173207e-309,2.4113e-319,0.0,0.0,0.0,0.0,0.0,0.0,0.0,0.0,0.0,0.0,0.0,0.0
Mo113,13845.59613233861,1.0922255212775007e-26,8.616140134204854e-57,6.796936105780134e-87,5.3618371691352606e-117,4.229743722891831e-147,3.336679462093436e-177,2.632175980899461e-207,2.0764207269934208e-237,1.6380071343157548e-267,1.2921597907348437e-297,0.0,0.0,0.0,0.0,0.0,0.0,0.0,0.0,0.0,0.0,0.0,0.0,0.0,0.0,0.0,0.0,0.0,0.0,0.0,0.0,0.0,0.0,0.0,0.0,0.0,0.0,0.0,0.0,0.0,0.0,0.0,0.0,0.0
Mo114,437.3338907829976,1.0281670361302994e-35,2.4172090854708023e-73,5.682831249748581e-111,1.3360272062203223e-148,3.140984867076296e-186,7.384419934915147e-224,1.7360687836082963e-261,4.0814780957521686e-299,0.0,0.0,0.0,0.0,0.0,0.0,0.0,0.0,0.0,0.0,0.0,0.0,0.0,0.0,0.0,0.0,0.0,0.0,0.0,0.0,0.0,0.0,0.0,0.0,0.0,0.0,0.0,0.0,0.0,0.0,0.0,0.0,0.0,0.0,0.0
Mo115,0.2707553036118195,5.151399954840671e-34,9.801071720751398e-67,1.864755361987495e-99,3.547890127871159e-132,6.75022826910098e-165,1.2843008109811712e-197,2.443515252124297e-230,4.649040735871326e-263,8.845281299145234e-296,0.0,0.0,0.0,0.0,0.0,0.0,0.0,0.0,0.0,0.0,0.0,0.0,0.0,0.0,0.0,0.0,0.0,0.0,0.0,0.0,0.0,0.0,0.0,0.0,0.0,0.0,0.0,0.0,0.0,0.0,0.0,0.0,0.0,0.0
N17,0.0,0.0,0.0,0.0,0.0,0.0,0.0,0.0,0.0,0.0,0.0,0.0,0.0,0.0,0.0,0.0,0.0,0.0,0.0,0.0,0.0,0.0,0.0,0.0,0.0,0.0,0.0,0.0,0.0,0.0,0.0,0.0,0.0,0.0,0.0,0.0,0.0,0.0,0.0,0.0,0.0,0.0,0.0,0.0
N18,0.0,0.0,0.0,0.0,0.0,0.0,0.0,0.0,0.0,0.0,0.0,0.0,0.0,0.0,0.0,0.0,0.0,0.0,0.0,0.0,0.0,0.0,0.0,0.0,0.0,0.0,0.0,0.0,0.0,0.0,0.0,0.0,0.0,0.0,0.0,0.0,0.0,0.0,0.0,0.0,0.0,0.0,0.0,0.0
N19,0.0,0.0,0.0,0.0,0.0,0.0,0.0,0.0,0.0,0.0,0.0,0.0,0.0,0.0,0.0,0.0,0.0,0.0,0.0,0.0,0.0,0.0,0.0,0.0,0.0,0.0,0.0,0.0,0.0,0.0,0.0,0.0,0.0,0.0,0.0,0.0,0.0,0.0,0.0,0.0,0.0,0.0,0.0,0.0
N20,0.0,0.0,0.0,0.0,0.0,0.0,0.0,0.0,0.0,0.0,0.0,0.0,0.0,0.0,0.0,0.0,0.0,0.0,0.0,0.0,0.0,0.0,0.0,0.0,0.0,0.0,0.0,0.0,0.0,0.0,0.0,0.0,0.0,0.0,0.0,0.0,0.0,0.0,0.0,0.0,0.0,0.0,0.0,0.0
N21,0.0,0.0,0.0,0.0,0.0,0.0,0.0,0.0,0.0,0.0,0.0,0.0,0.0,0.0,0.0,0.0,0.0,0.0,0.0,0.0,0.0,0.0,0.0,0.0,0.0,0.0,0.0,0.0,0.0,0.0,0.0,0.0,0.0,0.0,0.0,0.0,0.0,0.0,0.0,0.0,0.0,0.0,0.0,0.0
N22,0.0,0.0,0.0,0.0,0.0,0.0,0.0,0.0,0.0,0.0,0.0,0.0,0.0,0.0,0.0,0.0,0.0,0.0,0.0,0.0,0.0,0.0,0.0,0.0,0.0,0.0,0.0,0.0,0.0,0.0,0.0,0.0,0.0,0.0,0.0,0.0,0.0,0.0,0.0,0.0,0.0,0.0,0.0,0.0
N23,0.0,0.0,0.0,0.0,0.0,0.0,0.0,0.0,0.0,0.0,0.0,0.0,0.0,0.0,0.0,0.0,0.0,0.0,0.0,0.0,0.0,0.0,0.0,0.0,0.0,0.0,0.0,0.0,0.0,0.0,0.0,0.0,0.0,0.0,0.0,0.0,0.0,0.0,0.0,0.0,0.0,0.0,0.0,0.0
Na27,0.0,0.0,0.0,0.0,0.0,0.0,0.0,0.0,0.0,0.0,0.0,0.0,0.0,0.0,0.0,0.0,0.0,0.0,0.0,0.0,0.0,0.0,0.0,0.0,0.0,0.0,0.0,0.0,0.0,0.0,0.0,0.0,0.0,0.0,0.0,0.0,0.0,0.0,0.0,0.0,0.0,0.0,0.0,0.0
Na28,0.0,0.0,0.0,0.0,0.0,0.0,0.0,0.0,0.0,0.0,0.0,0.0,0.0,0.0,0.0,0.0,0.0,0.0,0.0,0.0,0.0,0.0,0.0,0.0,0.0,0.0,0.0,0.0,0.0,0.0,0.0,0.0,0.0,0.0,0.0,0.0,0.0,0.0,0.0,0.0,0.0,0.0,0.0,0.0
Na29,0.0,0.0,0.0,0.0,0.0,0.0,0.0,0.0,0.0,0.0,0.0,0.0,0.0,0.0,0.0,0.0,0.0,0.0,0.0,0.0,0.0,0.0,0.0,0.0,0.0,0.0,0.0,0.0,0.0,0.0,0.0,0.0,0.0,0.0,0.0,0.0,0.0,0.0,0.0,0.0,0.0,0.0,0.0,0.0
Na30,0.0,0.0,0.0,0.0,0.0,0.0,0.0,0.0,0.0,0.0,0.0,0.0,0.0,0.0,0.0,0.0,0.0,0.0,0.0,0.0,0.0,0.0,0.0,0.0,0.0,0.0,0.0,0.0,0.0,0.0,0.0,0.0,0.0,0.0,0.0,0.0,0.0,0.0,0.0,0.0,0.0,0.0,0.0,0.0
Na31,0.0,0.0,0.0,0.0,0.0,0.0,0.0,0.0,0.0,0.0,0.0,0.0,0.0,0.0,0.0,0.0,0.0,0.0,0.0,0.0,0.0,0.0,0.0,0.0,0.0,0.0,0.0,0.0,0.0,0.0,0.0,0.0,0.0,0.0,0.0,0.0,0.0,0.0,0.0,0.0,0.0,0.0,0.0,0.0
Na32,0.0,0.0,0.0,0.0,0.0,0.0,0.0,0.0,0.0,0.0,0.0,0.0,0.0,0.0,0.0,0.0,0.0,0.0,0.0,0.0,0.0,0.0,0.0,0.0,0.0,0.0,0.0,0.0,0.0,0.0,0.0,0.0,0.0,0.0,0.0,0.0,0.0,0.0,0.0,0.0,0.0,0.0,0.0,0.0
Na33,0.0,0.0,0.0,0.0,0.0,0.0,0.0,0.0,0.0,0.0,0.0,0.0,0.0,0.0,0.0,0.0,0.0,0.0,0.0,0.0,0.0,0.0,0.0,0.0,0.0,0.0,0.0,0.0,0.0,0.0,0.0,0.0,0.0,0.0,0.0,0.0,0.0,0.0,0.0,0.0,0.0,0.0,0.0,0.0
Na34,0.0,0.0,0.0,0.0,0.0,0.0,0.0,0.0,0.0,0.0,0.0,0.0,0.0,0.0,0.0,0.0,0.0,0.0,0.0,0.0,0.0,0.0,0.0,0.0,0.0,0.0,0.0,0.0,0.0,0.0,0.0,0.0,0.0,0.0,0.0,0.0,0.0,0.0,0.0,0.0,0.0,0.0,0.0,0.0
Na35,0.0,0.0,0.0,0.0,0.0,0.0,0.0,0.0,0.0,0.0,0.0,0.0,0.0,0.0,0.0,0.0,0.0,0.0,0.0,0.0,0.0,0.0,0.0,0.0,0.0,0.0,0.0,0.0,0.0,0.0,0.0,0.0,0.0,0.0,0.0,0.0,0.0,0.0,0.0,0.0,0.0,0.0,0.0,0.0
Nb103,3562731920597.483,65512042101.769196,792042221.5488698,8507860.457981667,87184.89346929206,874.808750744914,8.69129299222139,0.08593844192303218,0.0008477837494063693,8.353938978684287e-06,8.227288601144136e-08,8.100354774860546e-10,7.974314520386414e-12,7.849720744647886e-14,7.726824857509809e-16,7.605732748622085e-18,7.486480196243646e-20,7.3690693225578425e-22,7.253486215542383e-24,7.139709445176571e-26,7.027714177239394e-28,6.917474158658582e-30,6.808962673839201e-32,6.70215300353046e-34,6.597018643231156e-36,6.493533405389418e-38,6.391671465471755e-40,6.291407380946175e-42,6.19271609722111e-44,6.095572947328573e-46,5.99995364863268e-48,5.905834298149233e-50,5.813191367242214e-52,5.722001696066719e-54,5.63224248793625e-56,5.543891303699667e-58,5.456926056168251e-60,5.371325004611816e-62,5.2870667493322605e-64,5.204130226317921e-66,5.122494701979718e-68,5.0421397679688665e-70,4.963045336075379e-72,4.885191633206384e-74
Nb104,2244517189437.2124,585005991325.5415,142294296745.56937,34581620002.79691,8404240370.488819,2042450481.7165956,496368949.36394745,120630652.29373267,29316407.264100686,7124654.625773456,1731477.635689485,420794.40483297594,102264.05902622521,24852.8441642904,6039.891912525259,1467.8518914710135,356.7264458535991,86.69386735184364,21.068879876384496,5.1202895061074924,1.244364426593973,0.3024131397893735,0.073494311764915,0.017861042233682473,0.004340700960556279,0.0010549039962204681,0.00025636929411956117,6.230445159260339e-05,1.5141613201324778e-05,3.6798084964726755e-06,8.942898217428886e-07,2.1733584398197373e-07,5.281830110433377e-08,1.2836230234435945e-08,3.1195400682421455e-09,7.581299228539309e-10,1.8424542315636403e-10,4.477646235922029e-11,1.0881852840953028e-11,2.644575185555581e-12,6.427010192359684e-13,1.5619317703012294e-13,3.795903199245773e-14,9.225038744980165e-15
Nb104_m1,333121703819.1095,209004755.01141313,131132.2171944144,82.27400560998746,0.05161974794551541,3.2386880378595286e-05,2.031993689245758e-08,1.2748984480343684e-11,7.998873527032215e-15,5.018594053518844e-18,3.148729154036196e-21,1.9755523518635355e-24,1.239486441680998e-27,7.77669413651229e-31,4.879195903978219e-34,3.0612689983040342e-37,1.9206787479749476e-40,1.2050580510782786e-43,7.560686075168262e-47,4.743669724134309e-50,2.9762381651545645e-53,1.8673293316893273e-56,1.1715859549856373e-59,7.350677926093722e-63,4.61190796485981e-66,2.8935691769099777e-69,1.815461766661251e-72,1.1390435910464258e-75,7.146503033715628e-79,4.4838060643479855e-82,2.8131964301750203e-85,1.7650348924937963e-88,1.1074051347089078e-91,6.947999371541961e-95,4.359262365135867e-98,2.735056143776333e-101,1.7160086920750225e-104,1.0766454787327534e-107,6.755009413582872e-111,4.238178033432263e-114,2.659086308147806e-117,1.668344259821699e-120,1.0467402132647518e-123,6.567380009343118e-127
Nb105,932387276531.2588,99285952883.93971,9472218322.418829,903672438.2241284,86212526.6697428,8224882.645958147,784673.6101231269,74859.75191709679,7141.800596823851,681.3449745502666,65.00195126581364,6.201342676890174,0.5916230243451903,0.05644226116381546,0.005384727629237086,0.0005137159823720499,4.9009741757703414e-05,4.6756473802234245e-06,4.460680191352759e-07,4.255596316712851e-08,4.059941361841463e-09,3.8732818234797166e-10,3.6952041290797846e-11,3.5253137204721137e-12,3.3632341796618995e-13,3.2086063948178876e-14,3.061087764605554e-15,2.9203514391018515e-16,2.786085595609581e-17,2.6579927477668447e-18,2.5357890864208635e-19,2.419203850805693e-20,2.3079787286306443e-21,2.2018672837501896e-22,2.1006344101472507e-23,2.004055811020137e-24,1.911917501818912e-25,1.824015336130149e-26,1.7401545533595402e-27,1.6601493472102457e-28,1.5838224540008175e-29,1.5110047599106086e-30,1.4415349262824233e-31,1.3752590321522285e-32
Nb106,18186516155.86063,10541118.974262437,6109.491167719329,3.5409791331979856,0.002052304009864736,1.1894878762256098e-06,6.894112182634018e-10,3.9957349491915303e-13,2.315874381099872e-16,1.3422497280806586e-19,7.779499385786876e-23,4.508893496294422e-26,2.6132941919205233e-29,1.51463026109136e-32,8.778593833431844e-36,5.087955237130923e-39,2.9489106098587776e-42,1.7091490352500323e-45,9.905998557331683e-49,5.741383893037871e-52,3.3276290942761716e-55,1.928649189004894e-58,1.1178192006577425e-61,6.478730152080251e-65,3.7549850958702125e-68,2.1763389953323033e-71,1.2613768901009048e-74,7.310771264463288e-78,4.237224964302824e-81,2.4558387547129965e-84,1.42337120166161e-87,8.249668565705096e-91,4.781397246518303e-94,2.771233710412566e-97,1.6061698875405489e-100,9.309145229970356e-104,5.39545571019131e-107,3.127133759490042e-110,1.8124447822398267e-113,1.0504686851655713e-116,6.088375598123292e-120,3.5287408322867435e-123,2.0452108548109285e-126,1.185376778698082e-129
Nb107,862490938.1168743,0.07969849899726322,7.364053811676768e-12,6.804304876950446e-22,6.28710300637382e-32,5.80921415597566e-42,5.367650104630941e-52,4.959649768825856e-62,4.582661937705735e-72,4.2343293204488837e-82,3.912473806215198e-92,3.6150828445004615e-102,3.340296860733213e-112,3.0863976284244563e-122,2.851797525161618e-132,2.635029605264937e-142,2.434738427030928e-152,2.249671577206064e-162,2.0786718396934888e-172,1.9206699595240225e-182,1.774677956844775e-192,1.6397829491180476e-202,1.5151414429009387e-212,1.3999740595123583e-222,1.2935606616072575e-232,1.1952358501847184e-242,1.1043848038728674e-252,1.0204394344738052e-262,9.428748347293353e-273,8.712059960954914e-283,8.049847760022337e-293,7.437970956347057e-303,6.87260350713e-313,6.4e-323,0.0,0.0,0.0,0.0,0.0,0.0,0.0,0.0,0.0,0.0
Nb108,21586156.105585244,5.4566587808935085e-09,1.3788521330787478e-24,3.484244262355061e-40,8.804394458633985e-56,2.2247969989001115e-71,5.621876336379993e-87,1.4206012304571755e-102,3.5897407470829e-118,9.070975270886036e-134,2.292159745293321e-149,5.792096374472795e-165,1.4636144134399242e-180,3.698431470633255e-196,9.34562765805386e-212,2.361562111302999e-227,5.96747036111135e-243,1.5079299562057273e-258,3.81041314866144e-274,9.628596012526666e-290,2.433065852846228e-305,6.146e-321,0.0,0.0,0.0,0.0,0.0,0.0,0.0,0.0,0.0,0.0,0.0,0.0,0.0,0.0,0.0,0.0,0.0,0.0,0.0,0.0,0.0,0.0
Nb109,114248666.88145192,1.639421586412754e-08,2.3496688904131027e-24,3.367616932905433e-40,4.826571034354347e-56,6.917588435324138e-72,9.914498185134779e-88,1.4209760407412113e-103,2.0365860890347407e-119,2.918897137692979e-135,4.1834521733723496e-151,5.9958509194765165e-167,8.593435937288915e-183,1.2316373805827707e-198,1.765220161433305e-214,2.5299672350446442e-230,3.62602600527871e-246,5.196930777929803e-262,7.448399286512596e-278,1.06752724448297e-293,1.53001252198844e-309,0.0,0.0,0.0,0.0,0.0,0.0,0.0,0.0,0.0,0.0,0.0,0.0,0.0,0.0,0.0,0.0,0.0,0.0,0.0,0.0,0.0,0.0,0.0
Nb110,3233371.764420894,6.3436977816897655e-12,1.2436428602896083e-29,2.4380851944326698e-47,4.779715789087181e-65,9.370338278833334e-83,1.836997079622127e-100,3.601319578998575e-118,7.060165121626819e-136,1.384101867418737e-153,2.7134464228374943e-171,5.319544509639848e-189,1.042863922127794e-206,2.0444704581471729e-224,4.008058353105352e-242,7.857551425055198e-260,1.540424538718388e-277,3.0199073873310247e-295,5.92034234644e-313,0.0,0.0,0.0,0.0,0.0,0.0,0.0,0.0,0.0,0.0,0.0,0.0,0.0,0.0,0.0,0.0,0.0,0.0,0.0,0.0,0.0,0.0,0.0,0.0,0.0
Nb111,7954.404984492483,1.8700716247815038e-34,4.3965172613549605e-72,1.0336162408565788e-109,2.4300201042159335e-147,5.712949810076526e-185,1.3431080457247379e-222,3.1576318407502127e-260,7.42355678194106e-298,0.0,0.0,0.0,0.0,0.0,0.0,0.0,0.0,0.0,0.0,0.0,0.0,0.0,0.0,0.0,0.0,0.0,0.0,0.0,0.0,0.0,0.0,0.0,0.0,0.0,0.0,0.0,0.0,0.0,0.0,0.0,0.0,0.0,0.0,0.0
Nb112,213.5062791591846,5.0287369113623207e-42,1.1844239440304331e-85,2.789686762142723e-129,6.570579960070693e-173,1.5475759356768353e-216,3.6450226482902535e-260,8.58516199448277e-304,0.0,0.0,0.0,0.0,0.0,0.0,0.0,0.0,0.0,0.0,0.0,0.0,0.0,0.0,0.0,0.0,0.0,0.0,0.0,0.0,0.0,0.0,0.0,0.0,0.0,0.0,0.0,0.0,0.0,0.0,0.0,0.0,0.0,0.0,0.0,0.0
Nb113,0.04806888634434909,9.576776724688918e-49,1.9079837169001684e-95,3.8012809200942e-142,7.57330186074543e-189,1.5088308988368274e-235,3.006047722836506e-282,0.0,0.0,0.0,0.0,0.0,0.0,0.0,0.0,0.0,0.0,0.0,0.0,0.0,0.0,0.0,0.0,0.0,0.0,0.0,0.0,0.0,0.0,0.0,0.0,0.0,0.0,0.0,0.0,0.0,0.0,0.0,0.0,0.0,0.0,0.0,0.0,0.0
Nd158,85877807.5566813,470140.5834030498,2573.6224086399898,14.088407884957185,0.0771221279650773,0.00042217847967139814,2.311070420390397e-06,1.265115761504622e-08,6.925439726484199e-11,3.7910930259950225e-13,2.075303070906148e-15,1.1360530608404392e-17,6.21893050291399e-20,3.404338928629149e-22,1.863587884693257e-24,1.020156887074099e-26,5.584496887926574e-29,3.057040136317422e-31,1.6734711438840927e-33,9.16084037020948e-36,5.014785979140385e-38,2.745171556352312e-40,1.5027494503559146e-42,8.226283364037531e-45,4.503194991647683e-47,2.4651187219555947e-49,1.3494441889829277e-51,7.387066606411471e-54,4.0437947336442185e-56,2.213635901652226e-58,1.2117785960583799e-60,6.633463817465283e-63,3.631260888808534e-65,1.9878084821798408e-67,1.0881571671163033e-69,5.956740958505735e-72,3.2608123090133872e-74,1.78501918896277e-76,9.771471654955126e-79,5.349055007026193e-81,2.9281556021996553e-83,1.6029177526555273e-85,8.774620173354632e-88,4.803363058340796e-90
Nd159,1700245.645820327,216.8792433157211,0.027663692857176524,3.5285990987258554e-06,4.500849421590828e-10,5.740988122779182e-14,7.322827657327477e-18,9.340518348426963e-22,1.1914152169073664e-25,1.5196910558154195e-29,1.9384181705519942e-33,2.472518996244272e-37,3.1537829554331455e-41,4.022758549110853e-45,5.131166783866997e-49,6.544979581158169e-53,8.348346394130326e-57,1.0648602742326038e-60,1.3582658769837283e-64,1.7325148070791731e-68,2.2098821796320114e-72,2.818780669521837e-76,3.595451620046575e-80,4.586122110128015e-84,5.849756367666706e-88,7.46156529183694e-92,9.517482969389504e-96,1.2139876625045114e-99,1.5484829859461278e-103,1.9751432669569884e-107,2.5193631188797872e-111,3.2135342437971643e-115,4.0989733709560434e-119,5.2283814084874134e-123,6.668980175941225e-127,8.506513414438127e-131,1.0850350212624994e-134,1.383999460187621e-138,1.765338876869513e-142,2.251750408749752e-146,2.872185034692042e-150,3.663570723226515e-154,4.673010367356622e-158,5.960585325944123e-162
Nd160,36840.36933166537,0.2814342268088025,2.149957382522475e-06,1.6424145702090274e-11,1.2546879498001878e-16,9.584923806255864e-22,7.322200263927063e-27,5.593640365723142e-32,4.27314351059096e-37,3.2643778055518636e-42,2.4937525339292646e-47,1.9050496207583734e-52,1.4553224540821912e-57,1.111762876030851e-62,8.49307786774919e-68,6.488107601251611e-73,4.956452878557551e-78,3.786377576817989e-83,2.8925232430339124e-88,2.209682088420419e-93,1.6880399988643347e-98,1.2895425331536447e-103,9.85118804015949e-109,7.525607206243174e-114,5.749028806655718e-119,4.3918492307621655e-124,3.3550605353404863e-129,2.5630276916053734e-134,1.957970915499238e-139,1.495750560361555e-144,1.1426470746382126e-149,8.729011185285219e-155,6.668343880104859e-160,5.094140580125624e-165,3.891561190703713e-170,2.972876045092931e-175,2.2710659158077392e-180,1.7349328783677617e-185,1.325365358834553e-190,1.0124848956988243e-195,7.734664688382169e-201,5.90873385823839e-206,4.5138525345428215e-211,3.448262384536159e-216
Nd161,373.78926561007256,0.0002564670051571679,1.759690038902884e-10,1.2073713073213583e-16,8.28410368596362e-23,5.683949375279482e-29,3.899912618848635e-35,2.675836364905514e-41,1.8359642770315775e-47,1.2597051414446656e-53,8.643180388824265e-60,5.930321690049075e-66,4.068955380468526e-72,2.791821211996808e-78,1.9155446425312843e-84,1.3143073996869177e-90,9.017821367969374e-97,6.187373079081544e-103,4.245325346066783e-109,2.91283345348756e-115,1.9985744403823126e-121,1.3712764075017965e-127,9.40870126114155e-134,6.45556642972366e-140,4.429340115270997e-146,3.0390910031404803e-152,2.0852031871578966e-158,1.430714752286235e-164,9.816523948437929e-171,6.735384693298834e-177,4.621331054150086e-183,3.1708212202489596e-189,2.1755868802673666e-195,1.4927294681154769e-201,1.0242023819827757e-207,7.027331754785482e-214,4.8216438919243696e-220,3.308261319056121e-226,2.269888278869725e-232,1.5574322284855638e-238,1.0685967097611154e-244,7.331933340191983e-251,5.0306393435402015e-257,3.451658795920254e-263
Ne26,0.0,0.0,0.0,0.0,0.0,0.0,0.0,0.0,0.0,0.0,0.0,0.0,0.0,0.0,0.0,0.0,0.0,0.0,0.0,0.0,0.0,0.0,0.0,0.0,0.0,0.0,0.0,0.0,0.0,0.0,0.0,0.0,0.0,0.0,0.0,0.0,0.0,0.0,0.0,0.0,0.0,0.0,0.0,0.0
Ne27,0.0,0.0,0.0,0.0,0.0,0.0,0.0,0.0,0.0,0.0,0.0,0.0,0.0,0.0,0.0,0.0,0.0,0.0,0.0,0.0,0.0,0.0,0.0,0.0,0.0,0.0,0.0,0.0,0.0,0.0,0.0,0.0,0.0,0.0,0.0,0.0,0.0,0.0,0.0,0.0,0.0,0.0,0.0,0.0
Ne28,0.0,0.0,0.0,0.0,0.0,0.0,0.0,0.0,0.0,0.0,0.0,0.0,0.0,0.0,0.0,0.0,0.0,0.0,0.0,0.0,0.0,0.0,0.0,0.0,0.0,0.0,0.0,0.0,0.0,0.0,0.0,0.0,0.0,0.0,0.0,0.0,0.0,0.0,0.0,0.0,0.0,0.0,0.0,0.0
Ne29,0.0,0.0,0.0,0.0,0.0,0.0,0.0,0.0,0.0,0.0,0.0,0.0,0.0,0.0,0.0,0.0,0.0,0.0,0.0,0.0,0.0,0.0,0.0,0.0,0.0,0.0,0.0,0.0,0.0,0.0,0.0,0.0,0.0,0.0,0.0,0.0,0.0,0.0,0.0,0.0,0.0,0.0,0.0,0.0
Ne30,0.0,0.0,0.0,0.0,0.0,0.0,0.0,0.0,0.0,0.0,0.0,0.0,0.0,0.0,0.0,0.0,0.0,0.0,0.0,0.0,0.0,0.0,0.0,0.0,0.0,0.0,0.0,0.0,0.0,0.0,0.0,0.0,0.0,0.0,0.0,0.0,0.0,0.0,0.0,0.0,0.0,0.0,0.0,0.0
Ne31,0.0,0.0,0.0,0.0,0.0,0.0,0.0,0.0,0.0,0.0,0.0,0.0,0.0,0.0,0.0,0.0,0.0,0.0,0.0,0.0,0.0,0.0,0.0,0.0,0.0,0.0,0.0,0.0,0.0,0.0,0.0,0.0,0.0,0.0,0.0,0.0,0.0,0.0,0.0,0.0,0.0,0.0,0.0,0.0
Ne32,0.0,0.0,0.0,0.0,0.0,0.0,0.0,0.0,0.0,0.0,0.0,0.0,0.0,0.0,0.0,0.0,0.0,0.0,0.0,0.0,0.0,0.0,0.0,0.0,0.0,0.0,0.0,0.0,0.0,0.0,0.0,0.0,0.0,0.0,0.0,0.0,0.0,0.0,0.0,0.0,0.0,0.0,0.0,0.0
Ni72,14933610.007021183,180676.27553708391,2185.307830913207,26.431640245265065,0.31969482567733654,0.0038667589531516645,4.6769054738687696e-05,5.656790370569992e-07,6.841976489660237e-09,8.2754776504731e-11,1.000931974071729e-12,1.2106428885852323e-14,1.4642915219500853e-16,1.7710835139506485e-18,2.1421532299868782e-20,2.5909678592779705e-22,3.133816177964351e-24,3.7903997157293443e-26,4.584547781080644e-28,5.5450822956193664e-30,6.706863824624293e-32,8.11205676741533e-34,9.811659624900028e-36,1.1867355882121945e-37,1.4353752679671584e-39,1.736108852179632e-41,2.0998508291738525e-43,2.5398024434045613e-45,3.071930806657177e-47,3.715548390543165e-49,4.4940139317430165e-51,5.435580187867742e-53,6.574419311441925e-55,7.951863055784651e-57,9.617902823433469e-59,1.1633003998190925e-60,1.4070300408131607e-62,1.7018248562955498e-64,2.0583837995609324e-66,2.4896474220723715e-68,3.01126752336166e-70,3.6421751999344266e-72,4.405267909311613e-74,5.328240484741124e-76
Ni73,7463262.481374917,1946.722769249353,0.5077076226977121,0.00013241075422606587,3.453288280675369e-08,9.00621706986871e-12,2.3488321656635972e-15,6.125782334198574e-19,1.5976113472278554e-22,4.1665894697923906e-26,1.0866515088233684e-29,2.8340001101354956e-33,7.391106126512086e-37,1.9276093031186437e-40,5.02722807908456e-44,1.3111070857692712e-47,3.4193829349143376e-51,8.917791523278359e-55,2.3257706775286238e-58,6.065637697777688e-62,1.5819255542337967e-65,4.1256807343682245e-69,1.0759824617778141e-72,2.806175108047307e-76,7.318538188822627e-80,1.9086834983197435e-83,4.977869354186118e-87,1.298234271379147e-90,3.385810481277505e-94,8.830234163322789e-98,2.3029356135046534e-101,6.006083578141896e-105,1.5663937687223923e-108,4.0851736522977404e-112,1.065418166406492e-115,2.7786232995763e-119,7.246682743348837e-123,1.889943512341438e-126,4.928995246990561e-130,1.2854878458645896e-133,3.352567651337293e-137,8.743536465903871e-141,2.280324750496718e-144,5.9471141774329804e-148
Ni74,3871736.9139119512,144.87924599251522,0.005421188097431948,2.0285362604148383e-07,7.590512053560914e-12,2.840268343217634e-16,1.062790521187531e-20,3.976820340314989e-25,1.4880731154312243e-29,5.568171069789381e-34,2.0835353277284845e-38,7.796311225863338e-43,2.917275647866699e-47,1.0916056272104049e-51,4.0846426227456385e-56,1.5284187750284024e-60,5.7191391453704504e-65,2.140025567501998e-69,8.007690166568944e-74,2.9963708274109236e-78,1.1212019881641011e-82,4.195388256897934e-87,1.569858313838536e-91,5.874200371028798e-96,2.1980474094265245e-100,8.224800158188156e-105,3.077610489747404e-109,1.1516007859684935e-113,4.309136502690108e-118,1.6124213898655995e-122,6.033465723058529e-127,2.257642379350754e-131,8.447796584906668e-136,3.1610527775654094e-140,1.1828237768422065e-144,4.425968768989684e-149,1.6561384652217173e-153,6.197049186619193e-158,2.318853129000677e-162,8.67683904379288e-167,3.246757409958692e-171,1.2148933068733904e-175,4.5459686718772795e-180,1.7010408279287163e-184
Ni75,1140809.3568117304,10.966107784062073,0.00010541099573177982,1.0132563202884547e-09,9.739860281909532e-15,9.362377160806918e-20,8.999523973049658e-25,8.650733713286458e-30,8.315461351322079e-35,7.993182980436685e-40,7.683394998713402e-45,7.385613322094745e-50,7.099372627938224e-55,6.824225627889148e-60,6.559742368934335e-65,6.305509561544524e-70,6.061129933855712e-75,5.826221610880086e-80,5.600417517776681e-85,5.383364806249125e-90,5.174724303174223e-95,4.974169980599819e-100,4.781388446283643e-105,4.596078453977141e-110,4.417950432688973e-115,4.2467260341926643e-120,4.082137698071228e-125,3.9239282336191945e-130,3.7718504179486365e-135,3.6256666096712284e-140,3.485148377552615e-145,3.3500761435588926e-150,3.2202388397373157e-155,3.0954335783951533e-160,2.9754653350612435e-165,2.860146643734869e-170,2.749297303945724e-175,2.642744099167211e-180,2.5403205261430658e-185,2.44186653470434e-190,2.3472282776701746e-195,2.2562578704415493e-200,2.168813159912333e-205,2.0847575023365533e-210
Ni76,148447.70595583715,3.336217415046123e-08,7.497823269676045e-21,1.6850626559815614e-33,3.787013980533999e-46,8.51094458585931e-59,1.9127517911447947e-71,4.298723106018467e-84,9.660960940027268e-97,2.171206751001458e-109,4.879575422008705e-122,1.0966369871542189e-134,2.4645846771226278e-147,5.538913698752931e-160,1.2448168345366374e-172,2.797604432606876e-185,6.287343120849547e-198,1.413019047959488e-210,3.175622503049509e-223,7.136901867273045e-236,1.60394909074277e-248,3.6047191534070326e-261,8.101254740524308e-274,1.8206779939801008e-286,4.09179622655449e-299,9.19591295935e-312,0.0,0.0,0.0,0.0,0.0,0.0,0.0,0.0,0.0,0.0,0.0,0.0,0.0,0.0,0.0,0.0,0.0,0.0
Ni77,4274.4451160081,-9.576482980284433e-44,2.145518863447743e-90,-4.806828564189131e-137,1.0769236868127415e-183,-2.412743894921872e-230,5.405520533875166e-277,-1e-323,-0.0,-0.0,-0.0,-0.0,-0.0,-0.0,-0.0,-0.0,-0.0,-0.0,-0.0,-0.0,-0.0,-0.0,-0.0,-0.0,-0.0,-0.0,-0.0,-0.0,-0.0,-0.0,-0.0,-0.0,-0.0,-0.0,-0.0,-0.0,-0.0,-0.0,-0.0,-0.0,-0.0,-0.0,-0.0,-0.0
Ni78,687.4340107133686,2.957111994337393e-25,1.272051020283331e-52,5.471939518362562e-80,2.3538460026507893e-107,1.0125460973393726e-134,4.35563583209187e-162,1.8736493628935476e-189,8.059815077298062e-217,3.46706381496698e-244,1.491415296972675e-271,6.415571523206252e-299,0.0,0.0,0.0,0.0,0.0,0.0,0.0,0.0,0.0,0.0,0.0,0.0,0.0,0.0,0.0,0.0,0.0,0.0,0.0,0.0,0.0,0.0,0.0,0.0,0.0,0.0,0.0,0.0,0.0,0.0,0.0,0.0
O22,0.0,0.0,0.0,0.0,0.0,0.0,0.0,0.0,0.0,0.0,0.0,0.0,0.0,0.0,0.0,0.0,0.0,0.0,0.0,0.0,0.0,0.0,0.0,0.0,0.0,0.0,0.0,0.0,0.0,0.0,0.0,0.0,0.0,0.0,0.0,0.0,0.0,0.0,0.0,0.0,0.0,0.0,0.0,0.0
O23,0.0,0.0,0.0,0.0,0.0,0.0,0.0,0.0,0.0,0.0,0.0,0.0,0.0,0.0,0.0,0.0,0.0,0.0,0.0,0.0,0.0,0.0,0.0,0.0,0.0,0.0,0.0,0.0,0.0,0.0,0.0,0.0,0.0,0.0,0.0,0.0,0.0,0.0,0.0,0.0,0.0,0.0,0.0,0.0
O24,0.0,0.0,0.0,0.0,0.0,0.0,0.0,0.0,0.0,0.0,0.0,0.0,0.0,0.0,0.0,0.0,0.0,0.0,0.0,0.0,0.0,0.0,0.0,0.0,0.0,0.0,0.0,0.0,0.0,0.0,0.0,0.0,0.0,0.0,0.0,0.0,0.0,0.0,0.0,0.0,0.0,0.0,0.0,0.0
P36,0.0,0.0,0.0,0.0,0.0,0.0,0.0,0.0,0.0,0.0,0.0,0.0,0.0,0.0,0.0,0.0,0.0,0.0,0.0,0.0,0.0,0.0,0.0,0.0,0.0,0.0,0.0,0.0,0.0,0.0,0.0,0.0,0.0,0.0,0.0,0.0,0.0,0.0,0.0,0.0,0.0,0.0,0.0,0.0
P37,0.0,0.0,0.0,0.0,0.0,0.0,0.0,0.0,0.0,0.0,0.0,0.0,0.0,0.0,0.0,0.0,0.0,0.0,0.0,0.0,0.0,0.0,0.0,0.0,0.0,0.0,0.0,0.0,0.0,0.0,0.0,0.0,0.0,0.0,0.0,0.0,0.0,0.0,0.0,0.0,0.0,0.0,0.0,0.0
P38,0.0,0.0,0.0,0.0,0.0,0.0,0.0,0.0,0.0,0.0,0.0,0.0,0.0,0.0,0.0,0.0,0.0,0.0,0.0,0.0,0.0,0.0,0.0,0.0,0.0,0.0,0.0,0.0,0.0,0.0,0.0,0.0,0.0,0.0,0.0,0.0,0.0,0.0,0.0,0.0,0.0,0.0,0.0,0.0
P39,0.0,0.0,0.0,0.0,0.0,0.0,0.0,0.0,0.0,0.0,0.0,0.0,0.0,0.0,0.0,0.0,0.0,0.0,0.0,0.0,0.0,0.0,0.0,0.0,0.0,0.0,0.0,0.0,0.0,0.0,0.0,0.0,0.0,0.0,0.0,0.0,0.0,0.0,0.0,0.0,0.0,0.0,0.0,0.0
P40,0.0,0.0,0.0,0.0,0.0,0.0,0.0,0.0,0.0,0.0,0.0,0.0,0.0,0.0,0.0,0.0,0.0,0.0,0.0,0.0,0.0,0.0,0.0,0.0,0.0,0.0,0.0,0.0,0.0,0.0,0.0,0.0,0.0,0.0,0.0,0.0,0.0,0.0,0.0,0.0,0.0,0.0,0.0,0.0
P41,0.0,0.0,0.0,0.0,0.0,0.0,0.0,0.0,0.0,0.0,0.0,0.0,0.0,0.0,0.0,0.0,0.0,0.0,0.0,0.0,0.0,0.0,0.0,0.0,0.0,0.0,0.0,0.0,0.0,0.0,0.0,0.0,0.0,0.0,0.0,0.0,0.0,0.0,0.0,0.0,0.0,0.0,0.0,0.0
P42,0.0,0.0,0.0,0.0,0.0,0.0,0.0,0.0,0.0,0.0,0.0,0.0,0.0,0.0,0.0,0.0,0.0,0.0,0.0,0.0,0.0,0.0,0.0,0.0,0.0,0.0,0.0,0.0,0.0,0.0,0.0,0.0,0.0,0.0,0.0,0.0,0.0,0.0,0.0,0.0,0.0,0.0,0.0,0.0
P43,0.0,0.0,0.0,0.0,0.0,0.0,0.0,0.0,0.0,0.0,0.0,0.0,0.0,0.0,0.0,0.0,0.0,0.0,0.0,0.0,0.0,0.0,0.0,0.0,0.0,0.0,0.0,0.0,0.0,0.0,0.0,0.0,0.0,0.0,0.0,0.0,0.0,0.0,0.0,0.0,0.0,0.0,0.0,0.0
P44,0.0,0.0,0.0,0.0,0.0,0.0,0.0,0.0,0.0,0.0,0.0,0.0,0.0,0.0,0.0,0.0,0.0,0.0,0.0,0.0,0.0,0.0,0.0,0.0,0.0,0.0,0.0,0.0,0.0,0.0,0.0,0.0,0.0,0.0,0.0,0.0,0.0,0.0,0.0,0.0,0.0,0.0,0.0,0.0
Pd119,499270517.87933475,267100.86526032916,142.76117857228263,0.07630358698944358,4.0783057730976066e-05,2.1797897890674958e-08,1.1650630896451924e-11,6.227077535922759e-15,3.3282742353637545e-18,1.7789098211613437e-21,9.507991012881265e-25,5.081870481889462e-28,2.7161792180610636e-31,1.4517547369455517e-34,7.759398946246071e-38,4.147275739818221e-41,2.2166531430125678e-44,1.184765967994899e-47,6.332386297529688e-51,3.384560099156595e-54,1.8089937231516786e-57,9.668784700314946e-61,5.1678121590257104e-64,2.7621136821987603e-67,1.4763059799038723e-70,7.890621448154784e-74,4.2174120870345916e-77,2.2541399088439125e-80,1.2048020501158983e-83,6.439475980476878e-87,3.441797837175794e-90,1.8395863868275076e-93,9.832297638311979e-97,5.255207232484275e-100,2.808824963632447e-103,1.5012724193932967e-106,8.024063109707995e-110,4.288734539904267e-113,2.2922606293455756e-116,1.2251769709591457e-119,6.548376702683976e-123,3.5000035469720004e-126,1.870696416074488e-129,9.9985758132774e-133
Pd120,1684940545.720356,1607.4022426389338,0.001532938234938561,1.4619238232980379e-09,1.3941992028217718e-15,1.3296119716851942e-21,1.268016788182445e-27,1.2092750436615439e-33,1.1532545506110616e-39,1.099829245196403e-45,1.0488789035762837e-51,1.0002888713610504e-57,9.539498056040306e-64,9.097574287452998e-70,8.676122939541822e-76,8.274195613424138e-82,7.890887845443866e-88,7.525337071842073e-94,7.176720687715604e-100,6.844254195895771e-106,6.527189441581508e-112,6.224812928754337e-118,5.936444214586579e-124,5.661434378229694e-130,5.399164560537046e-136,5.149044571435019e-142,4.910511561808604e-148,4.6830287569128075e-154,4.4660842484596324e-160,4.259189842662461e-166,4.0618799616455657e-172,3.87371059574658e-178,3.694258304354267e-184,3.523119263033168e-190,3.3599083547908476e-196,3.2042583034428097e-202,3.055818847124872e-208,2.914255950093147e-214,2.7792510510379287e-220,2.6505003462199485e-226,2.5277141058158384e-232,2.410616021934355e-238,2.2989425868362e-244,2.192442499958229e-250
Pd121,16753104.961386248,0.0004589576487471357,1.2569460102006578e-14,3.442394471193584e-25,9.427675969481314e-36,2.5819549423897873e-46,7.071192673689037e-57,1.936585530890529e-67,5.303721297835873e-78,1.4525286467560574e-88,3.978036082906319e-99,1.0894636131443066e-109,2.9837109056544465e-120,8.171480590184774e-131,2.237921070343123e-141,6.128988084609109e-152,1.6785442274566448e-162,4.5970243123873164e-173,1.258985743896695e-183,3.447980684078598e-194,9.442974914857028e-205,2.5861448602183184e-215,7.08266758975594e-226,1.9397281628974358e-236,5.312328015195068e-247,1.4548857659968188e-257,3.9844915186819914e-268,1.0912315615082752e-278,2.9885527808217897e-289,8.184741019965372e-300,2.2415527004841e-310,6.14e-321,0.0,0.0,0.0,0.0,0.0,0.0,0.0,0.0,0.0,0.0,0.0,0.0
Pd122,1037171.8988396272,6.5189157379754295e-12,4.096956280637817e-29,2.5748224766394236e-46,1.6182039377719335e-63,1.0169959319441258e-80,6.391535093005501e-98,4.0169011066767244e-115,2.5245100380467894e-132,1.5865839767889261e-149,9.971236705206194e-167,6.266643485992964e-184,3.9384102234814994e-201,2.475180712464902e-218,1.5555818748465703e-235,9.776397162296018e-253,6.144192280742329e-270,3.861453064563062e-287,2.426815289709972e-304,1.527e-321,0.0,0.0,0.0,0.0,0.0,0.0,0.0,0.0,0.0,0.0,0.0,0.0,0.0,0.0,0.0,0.0,0.0,0.0,0.0,0.0,0.0,0.0,0.0,0.0
Pd123,120959.9172967725,5.563506384721415e-08,2.5589021931802764e-20,1.1769520840750706e-32,5.413322212550316e-45,2.489825862360381e-57,1.1451808300836482e-69,5.267192189689181e-82,2.4226142137828366e-94,1.114267225773846e-106,5.125006876332308e-119,2.3572169112496505e-131,1.0841881193060595e-143,4.986659786948724e-156,2.293584977364219e-168,1.0549209838134324e-180,4.8520473105330235e-193,2.231670756851144e-205,1.0264439005310182e-217,4.721068633008965e-230,2.171427880866207e-242,9.987355423803598e-255,4.593625661727654e-267,2.1128112322697852e-279,9.717751579971986e-292,4.469622952003958e-304,2.0557769e-316,0.0,0.0,0.0,0.0,0.0,0.0,0.0,0.0,0.0,0.0,0.0,0.0,0.0,0.0,0.0,0.0,0.0
Pd124,12888.988784404113,-1.6302643094339036e-43,2.0620405239468987e-90,-2.6081728574895416e-137,3.2989485781416015e-184,-4.172676550165044e-231,5.277811757255592e-278,-0.0,-0.0,-0.0,-0.0,-0.0,-0.0,-0.0,-0.0,-0.0,-0.0,-0.0,-0.0,-0.0,-0.0,-0.0,-0.0,-0.0,-0.0,-0.0,-0.0,-0.0,-0.0,-0.0,-0.0,-0.0,-0.0,-0.0,-0.0,-0.0,-0.0,-0.0,-0.0,-0.0,-0.0,-0.0,-0.0,-0.0
Pd125,3.004692051200027e-11,8.462752493038025e-19,2.383544753939696e-26,6.713283413058829e-34,1.890804613991779e-41,5.325474687003623e-49,1.499926562059871e-56,4.2245617973983506e-64,1.1898530789086201e-71,3.351235979694264e-79,9.438797773165984e-87,2.6584491197439043e-94,7.487554974807546e-102,2.108879161327187e-109,5.939684358971098e-117,1.672919479274626e-124,4.7117984980287545e-132,1.3270839009927923e-139,3.737748295074689e-147,1.0527414511533303e-154,2.9650593766220277e-162,8.351126572685614e-170,2.3521051747863916e-177,6.624733447762579e-185,1.8658644062500255e-192,5.255230282037351e-200,1.4801421381282103e-207,4.168838721589597e-215,1.1741586053757345e-222,3.3070322999979363e-230,9.314297560106824e-238,2.6233834800544922e-245,7.38879216496052e-253,2.081062493229086e-260,5.861338367673518e-268,1.6508532334871976e-275,4.649648642613462e-283,1.309579316998979e-290,3.6884464167760264e-298,1.0388555158769742e-305,2.92594946737e-313,8.24e-321,0.0,0.0
Pd126,0.0,0.0,0.0,0.0,0.0,0.0,0.0,0.0,0.0,0.0,0.0,0.0,0.0,0.0,0.0,0.0,0.0,0.0,0.0,0.0,0.0,0.0,0.0,0.0,0.0,0.0,0.0,0.0,0.0,0.0,0.0,0.0,0.0,0.0,0.0,0.0,0.0,0.0,0.0,0.0,0.0,0.0,0.0,0.0
Pm159,196828012.7638785,1794699.4748235415,16079.690865542401,144.03105710896818,1.2901288008642349,0.011556064870239488,0.00010351108749783669,9.271793949918965e-07,8.30501979331809e-09,7.439051616112331e-11,6.663378333150704e-13,5.968584854893917e-15,5.3462378074553437e-17,4.788783168665021e-19,4.2894545776676845e-21,3.8421912051205913e-23,3.441564187102979e-25,3.0827107297951446e-27,2.761275085092508e-29,2.473355680719129e-31,2.2154577631082493e-33,1.984450978231133e-35,1.7775313754921217e-37,1.592187373494749e-39,1.4261692745728665e-41,1.277461958055406e-43,1.1442604208168078e-45,1.0249478682253419e-47,9.180760895581629e-50,8.22347879680743e-52,7.366012936257516e-54,6.597955429541264e-56,5.909983627089731e-58,5.293746956229e-60,4.741765562281874e-62,4.247339518407778e-64,3.804467502173829e-66,3.4077739517566793e-68,3.052443817600192e-70,2.734164117547346e-72,2.4490715860450306e-74,2.1937057819899705e-76,1.964967086040801e-78,1.7600790775694527e-80
Pm160,14740385.320143692,174502.5905038361,2057.594182229847,24.261432852606358,0.2860705615130142,0.003373105235022876,3.9772840890589505e-05,4.689681353796903e-07,5.529680733807987e-09,6.520137875271827e-11,7.688002248057165e-13,9.065050417153622e-15,1.0688750655126784e-16,1.2603282420942887e-18,1.4860738444287706e-20,1.7522542123039136e-22,2.0661118800035357e-24,2.4361866393113013e-26,2.8725478997530094e-28,3.387068668395658e-30,3.9937486039532915e-32,4.709094935218381e-34,5.55257160827511e-36,6.547128883396155e-38,7.71982779148995e-40,9.102576441010412e-42,1.0732998209594271e-43,1.2655455443158761e-45,1.4922256516413868e-47,1.7595079097846957e-49,2.0746648344971046e-51,2.4462715692057263e-53,2.8844392071429786e-55,3.4010899053227404e-57,4.010281275973123e-59,4.728588881832137e-61,5.575557242667667e-63,6.574231624513526e-65,7.751785081140082e-67,9.140257809007819e-69,1.0777428932903462e-70,1.2707844442780892e-72,1.4984029251066603e-74,1.766791634944556e-76
Pm161,583010.0236878948,870.1882729182965,1.2973009363358403,0.0019340513579391852,2.8833361246019725e-06,4.298555554539302e-09,6.408402994642667e-12,9.553820677826877e-15,1.424309451518224e-17,2.1233990903685094e-20,3.165620850280596e-23,4.7193932658189596e-26,7.035799247873648e-29,1.0489159997516998e-31,1.5637523695230764e-34,2.3312843676403967e-37,3.4755418496740928e-40,5.1814318821440704e-43,7.724618925770245e-46,1.1516071021602733e-48,1.7168470451294706e-51,2.5595220547359644e-54,3.815804772629458e-57,5.688705059556042e-60,8.48087551196136e-63,1.2643518814279873e-65,1.8849300143786548e-68,2.810104695769285e-71,4.189380157855696e-74,6.2456413575830605e-77,9.31117122288514e-80,1.3881346138554896e-82,2.069468663026754e-85,3.0852199091518304e-88,4.5995293661055833e-91,6.857102901129545e-94,1.0222754645980405e-96,1.5240359384821155e-99,2.2720740370095307e-102,3.387269485780152e-105,5.049833052270911e-108,7.52842782744651e-111,1.1223584020779312e-113,1.6732422912025041e-116
Pm162,2264.512150392448,1.313165150473376e-08,7.614897151772489e-20,4.41579329234936e-31,2.5606689114926337e-42,1.4849031284243595e-53,8.610786388308104e-65,4.993298270153727e-76,2.895557558897843e-87,1.6791012920268274e-98,9.736919717663362e-110,5.646330333876407e-121,3.274243514755365e-132,1.8986970226655926e-143,1.1010330684425404e-154,6.384767044623463e-166,3.702454665759862e-177,2.1470118574726184e-188,1.2450280509192875e-199,7.21977776778836e-211,4.1866680013967184e-222,2.427801729870781e-233,1.4078549427843773e-244,8.163992617419778e-256,4.734207582882539e-267,2.745313780661655e-278,1.5919766132649925e-289,9.231693495422056e-301,5.35335532465e-312,3e-323,0.0,0.0,0.0,0.0,0.0,0.0,0.0,0.0,0.0,0.0,0.0,0.0,0.0,0.0
Pm163,45.22433479240934,4.01672782079119e-14,3.567570968235882e-29,3.168639544735819e-44,2.8143172634428115e-59,2.499615859579441e-74,2.2201048640186613e-89,1.9718492296926746e-104,1.7513539327153644e-119,1.5555147682947477e-134,1.3815746487242504e-149,1.2270847882016737e-164,1.0898702280230369e-179,9.679992168037262e-195,8.597560146517011e-210,7.636167384210334e-225,6.782279079873642e-240,6.023873915127447e-255,5.350274814410757e-270,4.751998629624771e-285,4.2206226332773344e-300,3.74866594e-315,0.0,0.0,0.0,0.0,0.0,0.0,0.0,0.0,0.0,0.0,0.0,0.0,0.0,0.0,0.0,0.0,0.0,0.0,0.0,0.0,0.0,0.0
Pr153,204489697944.345,41018747537.33472,8122040578.108034,1608141075.8446248,318407313.2002665,63043733.24081992,12482478.059237076,2471494.7940050894,489348.8686947147,96889.67011933103,19183.87632298655,3798.35239734414,752.0628621402572,148.90628605341365,29.483016836012606,5.837552629852024,1.1558186496257148,0.228848771999247,0.045311399381315315,0.00897152689943129,0.0017763365512037024,0.0003517095337854124,6.963747724029513e-05,1.3788020427536545e-05,2.7299884321507232e-06,5.405298664043494e-07,1.0702336062461832e-07,2.119031792929425e-08,4.195622070956354e-09,8.307211161735676e-10,1.644803943695901e-10,3.2566645538745866e-11,6.448102253835561e-12,1.2767057210866912e-12,2.5278406484418233e-13,5.005051859935146e-14,9.909858889278318e-15,1.9621235893983517e-15,3.884948335882758e-16,7.692086091837947e-17,1.5230109470890112e-17,3.015517919663232e-18,5.970638846155727e-19,1.182169338101792e-19
Pr154,14608605325.29132,723922488.626496,35553007.521497466,1746024.3823419313,85748.0467548516,4211.125340171908,206.8102691753345,10.156545811725534,0.49879255627400265,0.02449592792730045,0.0012030060943609409,5.908017313590517e-05,2.9014540110228866e-06,1.4249171813893367e-07,6.997832693900713e-09,3.4366672710114185e-10,1.68776283290328e-11,8.28867957092446e-13,4.070608007837178e-14,1.9990939946083676e-15,9.817640980376841e-17,4.8214878679807785e-18,2.3678544884204492e-19,1.1628640436009113e-20,5.710877887610079e-22,2.804637947717534e-23,1.3773703750246074e-24,6.7643281783995e-26,3.3219921478470936e-27,1.6314453615065246e-28,8.012101922956334e-30,3.934779474598048e-31,1.9323879878958534e-32,9.490044765839488e-34,4.6606038860603414e-35,2.2888436375926098e-36,1.1240614575757452e-37,5.5203166334956174e-39,2.7110524543534474e-40,1.33141011616244e-41,6.5386152694062785e-43,3.211143517862286e-44,1.5770070982086205e-45,7.744753150914855e-47
Pr155,715098164.838225,210458.60227015056,61.652907157464966,0.018060827816676246,5.290804822704374e-06,1.5499076762007562e-09,4.540356118292995e-13,1.3300684935926752e-16,3.8963511926306705e-20,1.1414113400511602e-23,3.3436920410600166e-27,9.795133509841389e-31,2.8694221626104475e-34,8.405790017060568e-38,2.4624228087314597e-41,7.213511254330962e-45,2.113152316159938e-48,6.1903455250188944e-52,1.813422412860329e-55,5.312305806151488e-59,1.5562062527703197e-62,4.5588073983939203e-66,1.335473678932613e-69,3.9121853398547506e-73,1.1460498529336214e-76,3.3572802700036184e-80,9.83493936367915e-84,2.8810830347250483e-87,8.43994980145492e-91,2.472429700655153e-94,7.242825808783781e-98,2.1217398287394717e-101,6.215502097813593e-105,1.8207918711162982e-108,5.333894166151757e-112,1.5625304257463112e-115,4.577333661542104e-119,1.3409008300801027e-122,3.9280838345172256e-126,1.1507072159895533e-129,3.3709237193334156e-133,9.87490698213176e-137,2.8927912947563666e-140,8.474248405742151e-144
Pr156,37117259.12369326,2906.493143390461,0.22727315146800206,1.777161559927476e-05,1.3896508186948078e-09,1.0866369391750488e-13,8.496953491444228e-18,6.64418961227083e-22,5.195421588250242e-26,4.062557972428379e-30,3.1767156907279694e-34,2.4840316490757943e-38,1.9423876211585722e-42,1.5188492756256888e-46,1.1876636243659166e-50,9.286931279345756e-55,7.261912448765714e-59,5.678449729764076e-63,4.440261647458752e-67,3.472060938490036e-71,2.714976755364797e-75,2.1229750608515453e-79,1.660059556713233e-83,1.2980829509742637e-87,1.0150354791765633e-91,7.937066142143822e-96,6.206385908389276e-100,4.853081145352385e-104,3.794864990837688e-108,2.967393263654126e-112,2.320352055327313e-116,1.814398423898706e-120,1.4187681705833764e-124,1.1094052416201145e-128,8.674990147460854e-133,6.783405309014398e-137,5.304281250375028e-141,4.147680744609384e-145,3.243277410674093e-149,2.5360795611523083e-153,1.9830864665868038e-157,1.5506737226228336e-161,1.2125487388210684e-165,9.481520338977034e-170
Pr157,1226234.2760505287,11.342482538947872,0.00010489667050272667,9.700972820267167e-10,8.971578717278364e-15,8.297026099502599e-20,7.673191560282163e-25,7.096261722536353e-30,6.56270992834211e-35,6.069274681172031e-40,5.612939709011555e-45,5.190915526485085e-50,4.8006223832839114e-55,4.4396744946630973e-60,4.1058654576115e-65,3.7971547635468246e-70,3.5116553250904515e-75,3.247621940675749e-80,3.0034406264763043e-85,2.7776187504421775e-90,2.5687759081355828e-95,2.375635484591734e-100,2.1970168506242173e-105,2.0318281458724196e-110,1.8790596044752299e-115,1.7377773825721527e-120,1.6071178499006114e-125,1.4862823105950538e-130,1.3745321209171957e-135,1.2711841740730266e-140,1.1756067245161663e-145,1.0872155262123598e-150,1.005470261259096e-155,9.298712370291954e-161,8.599563316486737e-166,7.952981691371791e-171,7.355015069432056e-176,6.802008199045861e-181,6.290580658655234e-186,5.817606192917874e-191,5.380193602526905e-196,4.975669070881727e-201,4.601559819576254e-206,4.255578992793906e-211
Pr158,6253.146903898901,2.315545670103595e-19,8.574485507436897e-42,3.175139349074292e-64,1.1757568284762921e-86,4.353837635855789e-109,1.612229816599066e-131,5.970100860272761e-154,2.2107334770060966e-176,8.1863650560372085e-199,3.0314180125170385e-221,1.1225366940893715e-243,4.156763021048425e-266,1.5392529174444958e-288,5.699866775816e-311,0.0,0.0,0.0,0.0,0.0,0.0,0.0,0.0,0.0,0.0,0.0,0.0,0.0,0.0,0.0,0.0,0.0,0.0,0.0,0.0,0.0,0.0,0.0,0.0,0.0,0.0,0.0,0.0,0.0
Pr159,63.965124406251604,1.87195054431749e-27,5.478295982221329e-56,1.6032328930871656e-84,4.69188907977628e-113,1.3730895387590464e-141,4.018370531341347e-170,1.1759831585160841e-198,3.441535264922006e-227,1.0071713097190432e-255,2.9475044392554295e-284,8.6259232522e-313,0.0,0.0,0.0,0.0,0.0,0.0,0.0,0.0,0.0,0.0,0.0,0.0,0.0,0.0,0.0,0.0,0.0,0.0,0.0,0.0,0.0,0.0,0.0,0.0,0.0,0.0,0.0,0.0,0.0,0.0,0.0,0.0
Rb100,2202836410.202439,1.2949184790446678e-38,7.612063413137034e-86,4.474682480454417e-133,2.6304009553626992e-180,1.5462567879585934e-227,9.089526109502136e-275,5.34e-322,-0.0,-0.0,-0.0,-0.0,-0.0,-0.0,-0.0,-0.0,-0.0,-0.0,-0.0,-0.0,-0.0,-0.0,-0.0,-0.0,-0.0,-0.0,-0.0,-0.0,-0.0,-0.0,-0.0,-0.0,-0.0,-0.0,-0.0,-0.0,-0.0,-0.0,-0.0,-0.0,-0.0,-0.0,-0.0,-0.0
Rb101,62630.69603560083,-1.1716694100005972e-42,2.191911144578083e-89,-4.100537595944489e-136,7.671117790219992e-183,-1.4350812978676025e-229,2.6846913159318375e-276,-5e-323,-0.0,-0.0,-0.0,-0.0,-0.0,-0.0,-0.0,-0.0,-0.0,-0.0,-0.0,-0.0,-0.0,-0.0,-0.0,-0.0,-0.0,-0.0,-0.0,-0.0,-0.0,-0.0,-0.0,-0.0,-0.0,-0.0,-0.0,-0.0,-0.0,-0.0,-0.0,-0.0,-0.0,-0.0,-0.0,-0.0
Rb102,67.66307461476111,5.433254672607597e-46,4.3628310574831206e-93,3.5032951670953726e-140,2.813099307786051e-187,2.2588812355274055e-234,1.8138515132032744e-281,0.0,0.0,0.0,0.0,0.0,0.0,0.0,0.0,0.0,0.0,0.0,0.0,0.0,0.0,0.0,0.0,0.0,0.0,0.0,0.0,0.0,0.0,0.0,0.0,0.0,0.0,0.0,0.0,0.0,0.0,0.0,0.0,0.0,0.0,0.0,0.0,0.0
Rb91,404634017754126.94,378127085289984.56,344175670914553.56,309383393071049.06,276418089590046.1,246221593537859.56,218994579802676.22,194632107763491.28,172914866445951.84,153591919157238.8,136415395548768.9,121154023485949.9,107597451229603.14,95556658512470.58,84862795090480.47,75365469384129.31,66930925831171.83,59440291351807.04,52787957992944.14,46880119826603.78,41633461677341.95,36973989295413.56,32835988089087.156,29161097339230.543,25897487555701.637,22999129692335.83,20425146055863.91,18139233817445.566,16109153024361.014,14306271903458.58,12705163049019.467,11283244802260.633,10020462765686.756,8899006960939.613,7903060641226.289,7018577215734.175,6233082139871.355,5535496977258.746,4915983152094.546,4365803188215.3667,3877197477804.3496,3443274841722.003,3057915337949.081,2715683947374.847
Rb92,26920704661593.652,7002654351665.357,1525440693502.2183,326688716019.59924,69836571023.54967,14926099720.116074,3190072403.1092896,681794891.6693686,145715864.71063253,31142962.372748155,6655995.244266762,1422545.233414402,304031.90909492073,64978.8840286629,13887.54023279353,2968.0992002321295,634.3537238953135,135.57654912220607,28.9759482438529,6.192852540254867,1.323560570394005,0.2828765212984723,0.06045747213374941,0.012921206468551218,0.00276157058359257,0.0005902136233737385,0.00012614275488218035,2.6959720987649856e-05,5.7619365964442154e-06,1.231463536163892e-06,2.6319318436046903e-07,5.6250672682999247e-08,1.2022112901511611e-08,2.569412803846768e-09,5.491449140975563e-10,1.173653903443366e-10,2.5083788444649812e-11,5.36100498528533e-12,1.1457748703180554e-12,2.4487946887862927e-13,5.2336594065493544e-14,1.1185580771305322e-14,2.3906258981015217e-15,5.109338801016746e-16
Rb93,25741608995108.176,8150850774654.924,2488718471100.9336,759481088700.4843,231768652330.6017,70728162426.69458,21583906628.618446,6586697707.908811,2010043290.2090845,613399036.6163725,187189191.37445822,57123978.48015839,17432357.57065646,5319781.614594245,1623422.2085148075,495415.0109976105,151184.35107913212,46136.48658968171,14079.33678086664,4296.550059219233,1311.165625106986,400.1245819941865,122.10484934194267,37.26238002801619,11.371251615601155,3.470131623586363,1.058969926273813,0.3231627576113049,0.09861863431232132,0.030095160424782597,0.00918405215514369,0.002802670356225846,0.0008552827219374825,0.00026100412873023693,7.964986719234762e-05,2.4306517198107696e-05,7.417548818696168e-06,2.2635916955648573e-06,6.907736624955356e-07,2.108013798303068e-07,6.432964102572242e-08,1.9631288551477226e-08,5.990822955739217e-09,1.8282019335053413e-09
Rb94,5548315278341.993,428529604196.8704,32951878651.75042,2533841993.751372,194840340.2777426,14982291.03991696,1152066.5817191557,88588.41449401031,6812.025717169613,523.8122234879554,40.27865672671011,3.097236213590295,0.23816266336443612,0.018313570651135664,0.0014082260638852912,0.00010828585450554309,8.326664721461081e-06,6.40280724571235e-07,4.923452786574192e-08,3.78589990474222e-09,2.911176101416479e-10,2.2385552990565648e-11,1.7213420460878287e-12,1.323629771790132e-13,1.0178080392279015e-14,7.826457418798512e-16,6.018171734498428e-17,4.627686459894635e-18,3.5584697339776017e-19,2.736293168816568e-20,2.1040786814120348e-21,1.6179359536563553e-22,1.2441154284102937e-23,9.566653090999195e-25,7.356299043768631e-26,5.656642412618222e-27,4.349687688585176e-28,3.3447019641943855e-29,2.5719159696554223e-30,1.9776804707207555e-31,1.520741770110895e-32,1.1693777461013107e-33,8.991956030623574e-35,6.914384468683285e-36
Rb95,362303250694.00323,3898.361442459867,4.176381295003821e-05,4.474228718579723e-13,4.793317758153882e-21,5.135163304286048e-29,5.501388285145157e-37,5.893731371438869e-45,6.314055230836372e-53,6.764355371072686e-61,7.246769613717633e-69,7.763588243586516e-77,8.317264881977424e-85,8.91042813535633e-93,9.545894074792704e-101,1.022667960539231e-108,1.0956016789199307e-116,1.1737368189566192e-124,1.257444330983986e-132,1.3471216204407088e-140,1.4431944345708877e-148,1.5461188836795547e-156,1.6563836065382884e-164,1.7745120902212734e-172,1.9010651553853601e-180,2.0366436187931013e-188,2.1818911457192256e-196,2.33749730578248e-204,2.5042008467105545e-212,2.682793201580452e-220,2.8741222461850684e-228,3.079096324364302e-236,3.2986885604111034e-244,3.533941479025865e-252,3.785971954752553e-260,4.055976514394333e-268,4.345237017582079e-276,4.6551267424646533e-284,4.987116905412906e-292,5.342783645690195e-300,5.72381550824929e-308,6.13202146e-316,5e-324,0.0
Rb96,51666155985.34789,8.543998016150034e-05,1.266477017173608e-19,1.8772991660310724e-34,2.782720974002367e-49,4.124827922618127e-64,6.114233352954099e-79,9.063129467628276e-94,1.3434278838459112e-108,1.9913634529232853e-123,2.951798491993629e-138,4.375451565381071e-153,6.485732834718522e-168,9.613803232600135e-183,1.4250542683533794e-197,2.1123582609490786e-212,3.1311491230124365e-227,4.641303045884176e-242,6.87980454377362e-257,1.0197935815137302e-271,1.511640254137461e-286,2.240704687057302e-301,3.32139706e-316,0.0,0.0,0.0,0.0,0.0,0.0,0.0,0.0,0.0,0.0,0.0,0.0,0.0,0.0,0.0,0.0,0.0,0.0,0.0,0.0,0.0
Rb97,8018458670.844974,1.2683163162078799e-08,2.0014072307892205e-26,3.1582270544557494e-44,4.983692461010555e-62,7.864282750314656e-80,1.240986350196171e-97,1.958280456423817e-115,3.0901728656445528e-133,4.8763027319408606e-151,7.69482141206174e-169,1.214245296455521e-186,1.9160829875183668e-204,3.023585123841397e-222,4.7712270609716314e-240,7.529011664942352e-258,1.1880804649715043e-275,1.8747947991892387e-293,2.9584322297156e-311,0.0,0.0,0.0,0.0,0.0,0.0,0.0,0.0,0.0,0.0,0.0,0.0,0.0,0.0,0.0,0.0,0.0,0.0,0.0,0.0,0.0,0.0,0.0,0.0,0.0
Rb98,537294392.6168586,2.648462027567792e-18,1.0395701004737566e-44,4.080504015349173e-71,1.6016729426608826e-97,6.286861146569535e-124,2.4677087327568054e-150,9.68621104833375e-177,3.802016146696893e-203,1.4923613276246481e-229,5.857792934741969e-256,2.299291561041011e-282,9.02514264599432e-309,0.0,0.0,0.0,0.0,0.0,0.0,0.0,0.0,0.0,0.0,0.0,0.0,0.0,0.0,0.0,0.0,0.0,0.0,0.0,0.0,0.0,0.0,0.0,0.0,0.0,0.0,0.0,0.0,0.0,0.0,0.0
Rb98_m1,0.0,0.0,0.0,0.0,0.0,0.0,0.0,0.0,0.0,0.0,0.0,0.0,0.0,0.0,0.0,0.0,0.0,0.0,0.0,0.0,0.0,0.0,0.0,0.0,0.0,0.0,0.0,0.0,0.0,0.0,0.0,0.0,0.0,0.0,0.0,0.0,0.0,0.0,0.0,0.0,0.0,0.0,0.0,0.0
Rb99,3147682.3861596365,-5.449800197801518e-41,9.428478786179338e-88,-1.6314626770960044e-134,2.8228977636385886e-181,-4.884459647606569e-228,8.451550706069015e-275,-1.46e-321,0.0,0.0,0.0,0.0,0.0,0.0,0.0,0.0,0.0,0.0,0.0,0.0,0.0,0.0,0.0,0.0,0.0,0.0,0.0,0.0,0.0,0.0,0.0,0.0,0.0,0.0,0.0,0.0,0.0,0.0,0.0,0.0,0.0,0.0,0.0,0.0
Rh115,4779706263.203284,5123707.228119228,4731.259798280245,4.313583688986939,0.003928118221461747,3.5767001498317203e-06,3.2566866695765974e-09,2.9653024319726544e-12,2.699988852040847e-15,2.4584135700384083e-18,2.238452678005108e-21,2.0381722800233847e-24,1.855811509371765e-27,1.6897670486789652e-30,1.5385790336905652e-33,1.4009182181430491e-36,1.2755742870208668e-39,1.1614452154570024e-42,1.0575275797213484e-45,9.629077351110719e-49,8.767537831789151e-52,7.983082576752492e-55,7.268814648986148e-58,6.618454199030604e-61,6.0262832524936664e-64,5.487095437572845e-67,4.9961502105919035e-70,4.549131177102145e-73,4.1421081421070825e-76,3.771502555755945e-79,3.4340560507041113e-82,3.1268017945208173e-85,2.8470384052741275e-88,2.592306200958939e-91,2.3603655739526698e-94,2.1491773003667512e-97,1.9568846111735105e-100,1.7817968674777228e-103,1.622374696405606e-106,1.477216456925941e-109,1.3450459166106656e-112,1.2247010309889386e-115,1.1151237268426467e-118,1.0153505996180248e-121
Rh116,754930305.8510551,28581.299145628614,1.0694740828890907,4.0018293365288614e-05,1.497431148162175e-09,5.603187579786284e-14,2.0966380386039003e-18,7.845339821888445e-23,2.9356214943945654e-27,1.0984703982238684e-31,4.110329680028989e-36,1.538030529165343e-40,5.755105047018858e-45,2.1534835280672964e-49,8.058048059538706e-54,3.0152140791209407e-58,1.1282528815606992e-62,4.2217717593078466e-67,1.5797306684503609e-71,5.911141404886755e-76,2.211870251455116e-80,8.276523388913666e-85,3.0969646326302562e-89,1.158842848026018e-93,4.336235332724843e-98,1.6225614105312372e-102,6.071408327579757e-107,2.2718399957592953e-111,8.500922171362215e-116,3.180931663253204e-120,1.190262190656594e-124,4.4538023211027464e-129,1.666553409086927e-133,6.236020517074911e-138,2.3334356809293743e-142,8.731405007609484e-147,3.267175265638502e-151,1.2225333960682366e-155,4.574556866357911e-160,1.7117381488999657e-164,6.40509578522799e-169,2.396701390590024e-173,8.968136852697642e-178,3.355757163762223e-182
Rh116_m1,0.0,0.0,0.0,0.0,0.0,0.0,0.0,0.0,0.0,0.0,0.0,0.0,0.0,0.0,0.0,0.0,0.0,0.0,0.0,0.0,0.0,0.0,0.0,0.0,0.0,0.0,0.0,0.0,0.0,0.0,0.0,0.0,0.0,0.0,0.0,0.0,0.0,0.0,0.0,0.0,0.0,0.0,0.0,0.0
Rh117,255571085.12401545,36.90026375408136,5.314209358339994e-06,7.653284348447189e-13,1.1021914525490797e-19,1.5873263591973222e-26,2.2859957449093212e-33,3.292187844965976e-40,4.741260271668461e-47,6.828148946019212e-54,9.833591778882946e-61,1.4161894832433279e-67,2.039532144049234e-74,2.9372420963638495e-81,4.230083432528453e-88,6.091975145086961e-95,8.773387513582489e-102,1.2635036524330136e-108,1.819640905226221e-115,2.6205646636609447e-122,3.7740188938952496e-129,5.435171590683232e-136,7.827488693274677e-143,1.1272795756507292e-149,1.6234571412043236e-156,2.3380296656274384e-163,3.367124747930729e-170,4.849181015453461e-177,6.983571527929036e-184,1.0057424363058231e-190,1.4484248412736397e-197,2.0859560510586185e-204,3.004099710912114e-211,4.3263687499658813e-218,6.230640911382498e-225,8.973087688583981e-232,1.2922635698668742e-238,1.861059639626242e-245,2.6802140546317216e-252,3.859923253232281e-259,5.558887169887066e-266,8.005658283920144e-273,1.152938755549545e-279,1.6604103334238605e-286
Rh118,12019050.98227065,5.802968742597833e-05,2.7972617129408274e-16,1.3483913902974862e-27,6.499782744736157e-39,3.1331537736568577e-50,1.5103047216970775e-61,7.280269393602711e-73,3.509379377684231e-84,1.6916604250025957e-95,8.15447600711767e-107,3.93078173183343e-118,1.894793118506807e-129,9.133656373909516e-141,4.402785609776755e-152,2.1223177588582804e-163,1.023041562496979e-174,4.931467185947203e-186,2.3771633037778782e-197,1.1458872501334034e-208,5.5236322550139185e-220,2.6626104169566554e-231,1.2834841106684461e-242,6.186903843864851e-254,2.982333700515731e-265,1.4376034484602111e-276,6.929820343938377e-288,3.34044899869279e-299,1.6102292641148e-310,7.76e-322,0.0,0.0,0.0,0.0,0.0,0.0,0.0,0.0,0.0,0.0,0.0,0.0,0.0,0.0
Rh119,395304.86350023304,9.891276483096573e-13,2.462691222806093e-30,6.128342541122085e-48,1.5249390773833858e-65,3.7945429406883914e-83,9.442047673519812e-101,2.349486091510049e-118,5.846279375327656e-136,1.4547429173535496e-153,3.619869697581512e-171,9.007403625105794e-189,2.2413326125995436e-206,5.577158623490519e-224,1.3877769919877472e-241,3.453236871152863e-259,8.59276739500441e-277,2.138157741840657e-294,5.320426259474e-312,0.0,0.0,0.0,0.0,0.0,0.0,0.0,0.0,0.0,0.0,0.0,0.0,0.0,0.0,0.0,0.0,0.0,0.0,0.0,0.0,0.0,0.0,0.0,0.0,0.0
Rh120,403886.8361499167,3.309690674406082e-17,2.4147246546615876e-38,1.3775654063188769e-58,8.615102928815231e-79,5.393854636236657e-99,3.377098720166365e-119,2.114405801462819e-139,1.323832162408877e-159,8.28853001185026e-180,5.189459185849649e-200,3.2491269987677366e-220,2.0342825477666865e-240,1.2736668913580803e-260,7.974444611554594e-281,4.99280991711622e-301,3.127e-321,0.0,0.0,0.0,0.0,0.0,0.0,0.0,0.0,0.0,0.0,0.0,0.0,0.0,0.0,0.0,0.0,0.0,0.0,0.0,0.0,0.0,0.0,0.0,0.0,0.0,0.0,0.0
Rh121,2701.530403606042,3.132193307630967e-17,3.6315100889750706e-37,4.2104251657131407e-57,4.881627653986179e-77,5.659829498032737e-97,6.56208793815806e-117,7.608179384747681e-137,8.821032893190292e-157,1.0227232740954309e-176,1.1857601122697838e-196,1.3747873735382055e-216,1.5939483061393934e-236,1.8480466518294178e-256,2.1426519380731076e-276,2.484221555329119e-296,2.8802423e-316,0.0,0.0,0.0,0.0,0.0,0.0,0.0,0.0,0.0,0.0,0.0,0.0,0.0,0.0,0.0,0.0,0.0,0.0,0.0,0.0,0.0,0.0,0.0,0.0,0.0,0.0,0.0
Rh122,38.241895027847434,5.1214349203681386e-27,6.858733236014177e-55,9.185359637338482e-83,1.2301226591556067e-110,1.6474061074504863e-138,2.2062408676612064e-166,2.9546441184871933e-194,3.956921474383432e-222,5.299192365154756e-250,7.096789740385254e-278,9.504169909062472e-306,0.0,0.0,0.0,0.0,0.0,0.0,0.0,0.0,0.0,0.0,0.0,0.0,0.0,0.0,0.0,0.0,0.0,0.0,0.0,0.0,0.0,0.0,0.0,0.0,0.0,0.0,0.0,0.0,0.0,0.0,0.0,0.0
Rh123,0.5176296205210777,1.0258408106130696e-47,2.0330161316114236e-94,4.0290409083279067e-141,7.984772175965434e-188,1.5824258962049924e-234,3.136059065676925e-281,0.0,0.0,0.0,0.0,0.0,0.0,0.0,0.0,0.0,0.0,0.0,0.0,0.0,0.0,0.0,0.0,0.0,0.0,0.0,0.0,0.0,0.0,0.0,0.0,0.0,0.0,0.0,0.0,0.0,0.0,0.0,0.0,0.0,0.0,0.0,0.0,0.0
Ru114,1119049955.4523103,1821.5065375814647,0.0029606860414379374,4.812314232813133e-09,7.821960164370665e-15,1.2713854052966906e-20,2.0665163396820813e-26,3.3589262267616374e-32,5.459615866653581e-38,8.874087550339863e-44,1.4423987286740309e-49,2.344482270068188e-55,3.810733471539452e-61,6.193985672874701e-67,1.0067735988966517e-72,1.6364149563247168e-78,2.6598372386979037e-84,4.323313050287374e-90,7.027135141522843e-96,1.1421941396064967e-101,1.8565281957402424e-107,3.017610423711294e-113,4.9048394148736837e-119,7.97235106846916e-125,1.2958300197593354e-130,2.106248741040342e-136,3.423507475122351e-142,5.564586558010016e-148,9.044707448894688e-154,1.4701313742407926e-159,2.389559053998193e-165,3.8840015066636487e-171,6.31307591186106e-177,1.0261305872446908e-182,1.6678779041779856e-188,2.710977275041307e-194,4.4064363268920146e-200,7.162244140411593e-206,1.164154825381125e-211,1.8922232067060968e-217,3.0756292770808252e-223,4.9991435558511185e-229,8.125633501488816e-235,1.3207446248115634e-240
Ru115,236269596.79771033,20204.522530722017,1.727729216415064,0.00014774158808827546,1.2633679307765945e-08,1.0803312385955042e-12,9.23812894607724e-17,7.899709216527074e-21,6.755199680578372e-25,5.776506637613621e-29,4.9396066011681975e-33,4.223956606476675e-37,3.6119899526368046e-41,3.088685001627337e-45,2.641196449705887e-49,2.2585400201909805e-53,1.9313228379404725e-57,1.6515128671640845e-61,1.412241753075881e-65,1.207636227839745e-69,1.0326739424143398e-73,8.830601854742392e-78,7.551224632885346e-82,6.45720352862153e-86,5.52168415550238e-90,4.72170278944805e-94,4.037622689748553e-98,3.4526520858543968e-102,2.952431998220493e-106,2.524683775648704e-110,2.1589076974052528e-114,1.84612524185056e-118,1.5786586951790532e-122,1.3499426904353906e-126,1.154363050750022e-130,9.871189809599366e-135,8.441052249015481e-139,7.21811295749981e-143,6.172353058625292e-147,5.278102809507335e-151,4.5134114985207675e-155,3.859508632208874e-159,3.300343185410144e-163,2.8221896048071086e-167
Ru116,6236350.825238313,1.0930246790949175e-08,1.9153918334161735e-23,3.356489515456568e-38,5.881836640848829e-53,1.0307198074153923e-67,1.8062101793515763e-82,3.165162043576088e-97,5.546558687700058e-112,9.719664539305106e-127,1.7032521257933156e-141,2.9847406690713434e-156,5.2303923339940495e-171,9.16562174093854e-186,1.6061629134771667e-200,2.8146037197966414e-215,4.932248175462383e-230,8.643160631546966e-245,1.5146080052170147e-259,2.6541649603206297e-274,4.651098906336776e-289,8.150480983636352e-304,1.42827e-318,0.0,0.0,0.0,0.0,0.0,0.0,0.0,0.0,0.0,0.0,0.0,0.0,0.0,0.0,0.0,0.0,0.0,0.0,0.0,0.0,0.0
Ru117,444545.0539258669,2.8097185713519366e-16,1.7756908333363524e-37,1.1222041836302499e-58,7.092125532861214e-80,4.482093838854774e-101,2.832601465839437e-122,1.7901524048246736e-143,1.1313436327513375e-164,7.149885182498483e-186,4.5185968827693446e-207,2.855670723069984e-228,1.8047317541637252e-249,1.1405575153235375e-270,7.208115237955671e-292,4.5553972146e-313,0.0,0.0,0.0,0.0,0.0,0.0,0.0,0.0,0.0,0.0,0.0,0.0,0.0,0.0,0.0,0.0,0.0,0.0,0.0,0.0,0.0,0.0,0.0,0.0,0.0,0.0,0.0,0.0
Ru118,10575.009767015852,3.550590726127631e-21,1.1921124594994696e-45,4.002523032677997e-70,1.3438489380309166e-94,4.5119789530318205e-119,1.5148989961946003e-143,5.086280305295613e-168,1.707720937767045e-192,5.733680855637512e-217,1.925085968512537e-241,6.463484940080088e-266,2.1701180235042573e-290,7.286181186e-315,0.0,0.0,0.0,0.0,0.0,0.0,0.0,0.0,0.0,0.0,0.0,0.0,0.0,0.0,0.0,0.0,0.0,0.0,0.0,0.0,0.0,0.0,0.0,0.0,0.0,0.0,0.0,0.0,0.0,0.0
Ru119,131.83391237322905,3.450870348355108e-17,9.032961206099137e-36,2.3644582355806205e-54,6.189180513728043e-73,1.6200732520912749e-91,4.240686366022075e-110,1.1100375141526201e-128,2.905622289586965e-147,7.605725736386063e-166,1.9908666100351384e-184,5.211271082246684e-203,1.3640967283177831e-221,3.570644963272703e-240,9.346481953275779e-259,2.4465250900454244e-277,6.403997831637563e-296,1.6763036026e-314,0.0,0.0,0.0,0.0,0.0,0.0,0.0,0.0,0.0,0.0,0.0,0.0,0.0,0.0,0.0,0.0,0.0,0.0,0.0,0.0,0.0,0.0,0.0,0.0,0.0,0.0
Ru120,56.09187922403204,3.51191969474143e-19,2.1988173890648563e-39,1.376682364831224e-59,8.619425801627543e-80,5.396633460825283e-100,3.378839075916157e-120,2.115495444300947e-140,1.3245143892047006e-160,8.292801442500918e-181,5.192133534014545e-201,3.250801411556332e-221,2.035330899743965e-241,1.2743232658648664e-261,7.978554180692575e-282,4.995382923582086e-302,3.1e-322,0.0,0.0,0.0,0.0,0.0,0.0,0.0,0.0,0.0,0.0,0.0,0.0,0.0,0.0,0.0,0.0,0.0,0.0,0.0,0.0,0.0,0.0,0.0,0.0,0.0,0.0,0.0
S41,0.0,0.0,0.0,0.0,0.0,0.0,0.0,0.0,0.0,0.0,0.0,0.0,0.0,0.0,0.0,0.0,0.0,0.0,0.0,0.0,0.0,0.0,0.0,0.0,0.0,0.0,0.0,0.0,0.0,0.0,0.0,0.0,0.0,0.0,0.0,0.0,0.0,0.0,0.0,0.0,0.0,0.0,0.0,0.0
S42,0.0,0.0,0.0,0.0,0.0,0.0,0.0,0.0,0.0,0.0,0.0,0.0,0.0,0.0,0.0,0.0,0.0,0.0,0.0,0.0,0.0,0.0,0.0,0.0,0.0,0.0,0.0,0.0,0.0,0.0,0.0,0.0,0.0,0.0,0.0,0.0,0.0,0.0,0.0,0.0,0.0,0.0,0.0,0.0
S43,0.0,0.0,0.0,0.0,0.0,0.0,0.0,0.0,0.0,0.0,0.0,0.0,0.0,0.0,0.0,0.0,0.0,0.0,0.0,0.0,0.0,0.0,0.0,0.0,0.0,0.0,0.0,0.0,0.0,0.0,0.0,0.0,0.0,0.0,0.0,0.0,0.0,0.0,0.0,0.0,0.0,0.0,0.0,0.0
S44,0.0,0.0,0.0,0.0,0.0,0.0,0.0,0.0,0.0,0.0,0.0,0.0,0.0,0.0,0.0,0.0,0.0,0.0,0.0,0.0,0.0,0.0,0.0,0.0,0.0,0.0,0.0,0.0,0.0,0.0,0.0,0.0,0.0,0.0,0.0,0.0,0.0,0.0,0.0,0.0,0.0,0.0,0.0,0.0
S45,0.0,0.0,0.0,0.0,0.0,0.0,0.0,0.0,0.0,0.0,0.0,0.0,0.0,0.0,0.0,0.0,0.0,0.0,0.0,0.0,0.0,0.0,0.0,0.0,0.0,0.0,0.0,0.0,0.0,0.0,0.0,0.0,0.0,0.0,0.0,0.0,0.0,0.0,0.0,0.0,0.0,0.0,0.0,0.0
S46,0.0,0.0,0.0,0.0,0.0,0.0,0.0,0.0,0.0,0.0,0.0,0.0,0.0,0.0,0.0,0.0,0.0,0.0,0.0,0.0,0.0,0.0,0.0,0.0,0.0,0.0,0.0,0.0,0.0,0.0,0.0,0.0,0.0,0.0,0.0,0.0,0.0,0.0,0.0,0.0,0.0,0.0,0.0,0.0
Sb134,362030429140.4007,117756147.04374443,108023.64901261256,139.56477496629452,0.18860075452020672,0.0002560698143949533,3.4784227244499295e-07,4.725280667515376e-10,6.419113051760957e-13,8.720123983478302e-16,1.1845961521505208e-18,1.6092294716470467e-21,2.1860779212399777e-24,2.9697049191509593e-27,4.03423282454446e-30,5.480354084234811e-33,7.444855613156713e-36,1.0113557308312157e-38,1.3738888535024847e-41,1.866376512473026e-44,2.5354025381534818e-47,3.4442493181386014e-50,4.678883604075686e-53,6.356088005940147e-56,8.634507322230598e-59,1.1729654565509158e-61,1.5934296085654e-64,2.1646143995738965e-67,2.9405475294645555e-70,3.9946236035121206e-73,5.426546442064066e-76,7.371759948043082e-79,1.0014259586968904e-81,1.3603996302378325e-84,1.8480519082603412e-87,2.5105092501587987e-90,3.4104327194282577e-93,4.632945022214564e-96,6.293682164315234e-99,8.549731325429317e-102,1.1614489551361147e-104,1.5777848730457454e-107,2.143361612753989e-110,2.9116764151497765e-113
Sb134_m1,4484371131683.527,2253015162554.7173,1131948532724.5417,568707881789.9985,285727350192.84924,143553696479.933,72123525308.80841,36235938401.61039,18205477702.64,9146704432.155458,4595441181.808728,2308818417.8360972,1159984923.2410548,582793783.9337169,292804318.2171581,147109271.11804223,73909899.21409385,37133439.38366877,18656395.626604553,9373252.344878834,4709262.243318252,2366003.8224042426,1188715.7262422966,597228.5693012399,300056.5703939405,150752.91113737904,75740.51848475527,38053.169899398104,19118.482000937376,9605.411454196561,4825.902453965059,2424.605609685878,1218.158141114137,612.0208791214083,307.48844820587686,154.4867977638102,77.61647900130848,38.99568053556877,19.592013448671146,9.843320739659768,4.94543163915539,2.4846588610100016,1.2483297932412367,0.6271795686512297
Sb135,302816152387.61804,4878373663.333446,78589158.826867,1266048.1363976174,20395.66153401695,328.56808319611514,5.2931347735454874,0.08527083780743706,0.0013736880112561062,2.2129708125187154e-05,3.565030616072489e-07,5.743159024799243e-09,9.252059557477382e-11,1.490479467580142e-12,2.4011183990731848e-14,3.8681308208345206e-16,6.2314445022225236e-18,1.0038673039476424e-19,1.6172005761676625e-21,2.6052623621392752e-23,4.19700071568354e-25,6.76124418923551e-27,1.0892164686949726e-28,1.7546955596799556e-30,2.826762719489134e-32,4.55383124908063e-34,7.336087639096568e-36,1.181822050594668e-37,1.9038804168972405e-39,3.0670951181025153e-41,4.940999644725072e-43,7.959804488970948e-45,1.282300992882736e-46,2.065749025150525e-48,3.327860665004244e-50,5.361085238743126e-52,8.636549973174065e-54,1.3913226915343756e-55,2.2413797615843963e-57,3.6107965939230126e-59,5.81688666336033e-61,9.370832605560142e-63,1.5096134548150396e-64,2.431942687362062e-66
Sb136,13196899966.396168,7231322.776940298,3960.8434263100553,2.1694897505849635,0.001188303921995216,6.50874801620277e-07,3.565064454831788e-10,1.9527080377771265e-13,1.0695651450653243e-16,5.858375022826515e-20,3.2088328669294323e-23,1.7575877829205117e-26,9.626910913647697e-30,5.272989186651652e-33,2.888196973250062e-36,1.581964510264392e-39,8.66496203311193e-43,4.746096802305822e-46,2.599599948710654e-49,1.423890024757439e-52,7.799133876769459e-56,4.2718530343054295e-59,2.33984037651415e-62,1.2816108006524718e-65,7.019821782869118e-69,3.844997080092975e-72,2.1060367347219228e-75,1.1535485295845598e-78,6.318380815339388e-82,3.4607938117719585e-85,1.895595431431069e-88,1.0382826123416337e-91,5.6870298652129237e-95,3.114981249168978e-98,1.7061820339695098e-101,9.345344001081704e-105,5.118765334514976e-108,2.803723281539921e-111,1.535695372953415e-114,8.411530103695607e-118,4.607283445108335e-121,2.5235671134605144e-124,1.3822442339424332e-127,7.571025601324872e-131
Sb137,41560609942.06414,8494.277667173892,0.0017360850379152457,3.5482608138897296e-10,7.252038079024124e-17,1.4821925179159146e-23,3.0293479380923847e-30,6.191468934769783e-37,1.2654303286917511e-43,2.5863231062669537e-50,5.286001969721835e-57,1.080368371461281e-63,2.2080881254672002e-70,4.512954376139832e-77,9.223706683722304e-84,1.8851678500706258e-90,3.85296057734754e-97,7.874792268517689e-104,1.609472820378468e-110,3.289487101638335e-117,6.723148881321577e-124,1.3740966139646293e-130,2.8084184031008743e-137,5.739926761131434e-144,1.173142833232225e-150,2.397703253783061e-157,4.900495259696879e-164,1.0015773950517565e-170,2.0470528489822726e-177,4.183825820379962e-184,8.551024221959232e-191,1.7476830629123294e-197,3.571965192832526e-204,7.300485774317508e-211,1.4920943980069524e-217,3.049585687018009e-224,6.232831431367507e-231,1.273884115380597e-237,2.6036012000134675e-244,5.321315437461347e-251,1.0875858401362683e-257,2.2228393966985255e-264,4.5431034509386196e-271,9.285326234808365e-278
Sb138,8182800.823334736,9.873016375350844e-12,1.1912357938613661e-29,1.4372939967154576e-47,1.734177266700491e-65,2.0923838819429508e-83,2.524580614382364e-101,3.046050647549869e-119,3.675234014941103e-137,4.4343796697684266e-155,5.350332244345713e-173,6.455481320204664e-191,7.788906776687028e-209,9.397760719412586e-227,1.1338934855874556e-244,1.368107227929116e-262,1.6506994800681647e-280,1.9916631663600034e-298,2.4030553e-316,0.0,0.0,0.0,0.0,0.0,0.0,0.0,0.0,0.0,0.0,0.0,0.0,0.0,0.0,0.0,0.0,0.0,0.0,0.0,0.0,0.0,0.0,0.0,0.0,0.0
Sb139,220902.6553212413,4.375741636527606e-19,8.667670762851233e-43,1.7169321841589524e-66,3.400978423909508e-90,6.736814853036248e-114,1.334459343964874e-137,2.6433585893971412e-161,5.236086557256403e-185,1.0371881645211791e-208,2.0545101324422867e-232,4.069668386793304e-256,8.061386759274156e-280,1.5968366536568498e-303,0.0,0.0,0.0,0.0,0.0,0.0,0.0,0.0,0.0,0.0,0.0,0.0,0.0,0.0,0.0,0.0,0.0,0.0,0.0,0.0,0.0,0.0,0.0,0.0,0.0,0.0,0.0,0.0,0.0,0.0
Sc51,0.0,0.0,0.0,0.0,0.0,0.0,0.0,0.0,0.0,0.0,0.0,0.0,0.0,0.0,0.0,0.0,0.0,0.0,0.0,0.0,0.0,0.0,0.0,0.0,0.0,0.0,0.0,0.0,0.0,0.0,0.0,0.0,0.0,0.0,0.0,0.0,0.0,0.0,0.0,0.0,0.0,0.0,0.0,0.0
Sc52,0.0,0.0,0.0,0.0,0.0,0.0,0.0,0.0,0.0,0.0,0.0,0.0,0.0,0.0,0.0,0.0,0.0,0.0,0.0,0.0,0.0,0.0,0.0,0.0,0.0,0.0,0.0,0.0,0.0,0.0,0.0,0.0,0.0,0.0,0.0,0.0,0.0,0.0,0.0,0.0,0.0,0.0,0.0,0.0
Sc53,0.0,0.0,0.0,0.0,0.0,0.0,0.0,0.0,0.0,0.0,0.0,0.0,0.0,0.0,0.0,0.0,0.0,0.0,0.0,0.0,0.0,0.0,0.0,0.0,0.0,0.0,0.0,0.0,0.0,0.0,0.0,0.0,0.0,0.0,0.0,0.0,0.0,0.0,0.0,0.0,0.0,0.0,0.0,0.0
Sc54,0.0,0.0,0.0,0.0,0.0,0.0,0.0,0.0,0.0,0.0,0.0,0.0,0.0,0.0,0.0,0.0,0.0,0.0,0.0,0.0,0.0,0.0,0.0,0.0,0.0,0.0,0.0,0.0,0.0,0.0,0.0,0.0,0.0,0.0,0.0,0.0,0.0,0.0,0.0,0.0,0.0,0.0,0.0,0.0
Sc55,0.0,0.0,0.0,0.0,0.0,0.0,0.0,0.0,0.0,0.0,0.0,0.0,0.0,0.0,0.0,0.0,0.0,0.0,0.0,0.0,0.0,0.0,0.0,0.0,0.0,0.0,0.0,0.0,0.0,0.0,0.0,0.0,0.0,0.0,0.0,0.0,0.0,0.0,0.0,0.0,0.0,0.0,0.0,0.0
Sc56,0.0,0.0,0.0,0.0,0.0,0.0,0.0,0.0,0.0,0.0,0.0,0.0,0.0,0.0,0.0,0.0,0.0,0.0,0.0,0.0,0.0,0.0,0.0,0.0,0.0,0.0,0.0,0.0,0.0,0.0,0.0,0.0,0.0,0.0,0.0,0.0,0.0,0.0,0.0,0.0,0.0,0.0,0.0,0.0
Sc57,0.0,0.0,0.0,0.0,0.0,0.0,0.0,0.0,0.0,0.0,0.0,0.0,0.0,0.0,0.0,0.0,0.0,0.0,0.0,0.0,0.0,0.0,0.0,0.0,0.0,0.0,0.0,0.0,0.0,0.0,0.0,0.0,0.0,0.0,0.0,0.0,0.0,0.0,0.0,0.0,0.0,0.0,0.0,0.0
Sc58,0.0,0.0,0.0,0.0,0.0,0.0,0.0,0.0,0.0,0.0,0.0,0.0,0.0,0.0,0.0,0.0,0.0,0.0,0.0,0.0,0.0,0.0,0.0,0.0,0.0,0.0,0.0,0.0,0.0,0.0,0.0,0.0,0.0,0.0,0.0,0.0,0.0,0.0,0.0,0.0,0.0,0.0,0.0,0.0
Se86,22300990644298.36,14081379060783.742,8672530407453.113,5341157154526.634,3289461971962.284,2025883109525.2156,1247681963932.5784,768410712248.5876,473241611057.13354,291455622450.37933,179498966010.58316,110548146328.36232,68083359632.92668,41930543503.98619,25823791423.027668,15904115418.791075,9794878029.748768,6032377978.362771,3715164595.548259,2288060864.4754276,1409149550.4175537,867853861.0017465,534485728.5250254,329174077.3811602,202728655.67198142,124854630.58799486,76894303.50925535,47356945.307737805,29165753.073114563,17962331.53963381,11062472.94664038,6813052.494055301,4195959.12330344,2584168.1067033405,1591513.312561839,980166.3512103449,603655.6957846191,371773.83063929726,228964.59374671648,141012.57503641376,86845.50739053042,53485.59979116088,32940.21154319559,20286.909761640087
Se87,5560078153291.501,1585806826245.62,449700164972.9825,127525132090.6803,36163338556.27229,10255131942.19341,2908131144.6991677,824682393.404723,233861891.41827562,66318117.97501649,18806367.916874312,5333074.656281387,1512343.3411058115,428867.4974188115,121617.44317119708,34488.04717662098,9780.055944627267,2773.409981440721,786.4784177825238,223.02807943179786,63.24588582517319,17.935150067209605,5.086016327172661,1.442283002000631,0.40899991742974484,0.1159834319793675,0.032890364815350584,0.00932698816740731,0.0026449298681647574,0.0007500442674470198,0.00021269615119151933,6.031597692982994e-05,1.7104291979989693e-05,4.850403144047431e-06,1.3754682559973116e-06,3.9005271666502635e-07,1.1061042020737452e-07,3.136669618163176e-08,8.894909064681382e-09,2.5224016839645066e-09,7.152979540319656e-10,2.0284285658981332e-10,5.7521798066930915e-11,1.6311923961629633e-11
Se88,649074720295.0345,7113780982.808165,76662711.98337021,826167.0443395022,8903.311238203116,95.94784922422953,1.0339961756311078,0.011143012583024803,0.00012008432173326257,1.2941064383347678e-06,1.3946129266228885e-08,1.5029252289374107e-10,1.6196495820860526e-12,1.7454393061231742e-14,1.880998461059634e-16,2.02708578757022e-18,2.1845189537552248e-20,2.354179131725824e-22,2.537015929628943e-24,2.73405270671672e-26,2.9463923012096757e-28,3.175223203013078e-30,3.421826205835979e-32,3.6875815759455508e-34,3.973976777681181e-36,4.28261479896885e-38,4.615223123434777e-40,4.973663399336232e-42,5.359941859427723e-44,5.776220550083786e-46,6.224829432529063e-48,6.708279423907731e-50,7.229276451184716e-52,7.790736596539944e-54,8.395802419026344e-56,9.04786054384572e-58,9.750560617691832e-60,1.0507835736256024e-61,1.1323924458230455e-63,1.2203394529024026e-65,1.3151168446975422e-67,1.4172551015160368e-69,1.5273259033003892e-71,1.645945329388503e-73
Se89,24732817136.15865,1124.8120432130263,5.115462925390315e-05,2.3264296554199414e-12,1.0580225134178606e-19,4.811714965424064e-27,2.1882900046893343e-34,9.951988384667787e-42,4.526003070722947e-49,2.0583528642128098e-56,9.361055322784652e-64,4.2572562887436565e-71,1.936131182125726e-78,8.805210915563178e-86,4.004467258382195e-93,1.8211668269197167e-100,8.282371655131865e-108,3.7666884340165797e-115,1.7130288701984583e-122,7.79057774896518e-130,3.5430285337596184e-137,1.611311971400611e-144,7.327985773865282e-152,3.3326491986089103e-159,1.5156348584353576e-166,6.892861766138562e-174,3.1347618499710816e-181,1.4256388985353364e-188,6.483574722066359e-196,2.9486247337811356e-203,1.3409867539700242e-210,6.098590484307254e-218,2.7735401401373105e-225,1.2613611175807116e-232,5.736465991314962e-240,2.608851788029489e-247,1.1864635233973577e-254,5.39584386821656e-262,2.4539423653582716e-269,1.1160132278791257e-276,5.075447338875645e-284,2.3082312150237287e-291,1.049746157585039e-298,4.774075440069054e-306
Se90,2540756404.652887,5.098877353315517e-10,1.0231971153501932e-28,2.0532604813100586e-47,4.120299540393757e-66,8.268248698643958e-85,1.6591982178095319e-103,3.3295306253110516e-122,6.681404346925833e-141,1.340764482169279e-159,2.6905262775688347e-178,5.399107558828103e-197,1.0834446284663349e-215,2.1741598035645467e-234,4.3629094900097104e-253,8.755096652421253e-272,1.7568945119938134e-290,3.525578812908195e-309,0.0,0.0,0.0,0.0,0.0,0.0,0.0,0.0,0.0,0.0,0.0,0.0,0.0,0.0,0.0,0.0,0.0,0.0,0.0,0.0,0.0,0.0,0.0,0.0,0.0,0.0
Se91,223334627.70024452,0.0015837877670350495,1.1231503209364344e-14,7.964871744028941e-26,5.648325136562101e-37,4.005535540762044e-48,2.840543803764347e-59,2.0143845982624756e-70,1.428510028375437e-81,1.0130344041199297e-92,7.183979695947283e-104,5.094551977888488e-115,3.612824778729441e-126,2.5620511751479354e-137,1.816890280072033e-148,1.2884560315738525e-159,9.137144732995228e-171,6.47964787511782e-182,4.595071853672552e-193,3.2586161697914466e-204,2.310862524062493e-215,1.6387587021205537e-226,1.1621332103541512e-237,8.241320682907307e-249,5.8443701628506e-260,4.144561765599055e-271,2.9391348854069282e-282,2.0843009136256367e-293,1.4780915024045192e-304,1.04819533e-315,0.0,0.0,0.0,0.0,0.0,0.0,0.0,0.0,0.0,0.0,0.0,0.0,0.0,0.0
Si35,0.0,0.0,0.0,0.0,0.0,0.0,0.0,0.0,0.0,0.0,0.0,0.0,0.0,0.0,0.0,0.0,0.0,0.0,0.0,0.0,0.0,0.0,0.0,0.0,0.0,0.0,0.0,0.0,0.0,0.0,0.0,0.0,0.0,0.0,0.0,0.0,0.0,0.0,0.0,0.0,0.0,0.0,0.0,0.0
Si36,0.0,0.0,0.0,0.0,0.0,0.0,0.0,0.0,0.0,0.0,0.0,0.0,0.0,0.0,0.0,0.0,0.0,0.0,0.0,0.0,0.0,0.0,0.0,0.0,0.0,0.0,0.0,0.0,0.0,0.0,0.0,0.0,0.0,0.0,0.0,0.0,0.0,0.0,0.0,0.0,0.0,0.0,0.0,0.0
Si37,0.0,0.0,0.0,0.0,0.0,0.0,0.0,0.0,0.0,0.0,0.0,0.0,0.0,0.0,0.0,0.0,0.0,0.0,0.0,0.0,0.0,0.0,0.0,0.0,0.0,0.0,0.0,0.0,0.0,0.0,0.0,0.0,0.0,0.0,0.0,0.0,0.0,0.0,0.0,0.0,0.0,0.0,0.0,0.0
Si38,0.0,0.0,0.0,0.0,0.0,0.0,0.0,0.0,0.0,0.0,0.0,0.0,0.0,0.0,0.0,0.0,0.0,0.0,0.0,0.0,0.0,0.0,0.0,0.0,0.0,0.0,0.0,0.0,0.0,0.0,0.0,0.0,0.0,0.0,0.0,0.0,0.0,0.0,0.0,0.0,0.0,0.0,0.0,0.0
Si39,0.0,0.0,0.0,0.0,0.0,0.0,0.0,0.0,0.0,0.0,0.0,0.0,0.0,0.0,0.0,0.0,0.0,0.0,0.0,0.0,0.0,0.0,0.0,0.0,0.0,0.0,0.0,0.0,0.0,0.0,0.0,0.0,0.0,0.0,0.0,0.0,0.0,0.0,0.0,0.0,0.0,0.0,0.0,0.0
Si40,0.0,0.0,0.0,0.0,0.0,0.0,0.0,0.0,0.0,0.0,0.0,0.0,0.0,0.0,0.0,0.0,0.0,0.0,0.0,0.0,0.0,0.0,0.0,0.0,0.0,0.0,0.0,0.0,0.0,0.0,0.0,0.0,0.0,0.0,0.0,0.0,0.0,0.0,0.0,0.0,0.0,0.0,0.0,0.0
Si41,0.0,0.0,0.0,0.0,0.0,0.0,0.0,0.0,0.0,0.0,0.0,0.0,0.0,0.0,0.0,0.0,0.0,0.0,0.0,0.0,0.0,0.0,0.0,0.0,0.0,0.0,0.0,0.0,0.0,0.0,0.0,0.0,0.0,0.0,0.0,0.0,0.0,0.0,0.0,0.0,0.0,0.0,0.0,0.0
Si42,0.0,0.0,0.0,0.0,0.0,0.0,0.0,0.0,0.0,0.0,0.0,0.0,0.0,0.0,0.0,0.0,0.0,0.0,0.0,0.0,0.0,0.0,0.0,0.0,0.0,0.0,0.0,0.0,0.0,0.0,0.0,0.0,0.0,0.0,0.0,0.0,0.0,0.0,0.0,0.0,0.0,0.0,0.0,0.0
Sm163,297926.11037528305,5649.934838020885,107.12821675107227,2.031254368994601,0.038514543009214766,0.0007302729022278335,1.384667894412427e-05,2.6254639491174465e-07,4.978133006427784e-09,9.439020573112875e-11,1.7897293877967542e-12,3.393499629259722e-14,6.43440277189751e-16,1.2200248579379968e-17,2.313284863806689e-19,4.3862113352030425e-21,8.316679963662003e-23,1.5769227775883065e-24,2.9899977603345005e-26,5.669324290234425e-28,1.0749585947598282e-29,2.0382252298364168e-31,3.864671725769961e-33,7.327790535280769e-35,1.3894197991228448e-36,2.634474019010153e-38,4.995216968421701e-40,9.471413413666282e-42,1.7958713829586034e-43,3.405145444792934e-45,6.456484361976914e-47,1.2242117405057671e-48,2.3212235971919454e-50,4.4012639397941905e-52,8.345221154552505e-54,1.5823344628054094e-55,3.00025883773711e-57,5.688780283190118e-59,1.0786476387757671e-60,2.0452200132856763e-62,3.877934510190702e-64,7.352938054409425e-66,1.3941880114247587e-67,2.6435150096700255e-69
Sm164,9202.746295169974,32.250327129757245,0.11301882792555529,0.00039606591940211523,1.3879830059392466e-06,4.864081281429888e-09,1.7045804315411205e-11,5.973572971911269e-14,2.0933933882185378e-16,7.33613851951483e-19,2.570894160667465e-21,9.009503797907009e-24,3.1573123439444433e-26,1.1064561890233908e-28,3.877491881904566e-31,1.3588376515392209e-33,4.761943595182155e-36,1.6687870532590895e-38,5.848137789667847e-41,2.0494355789822427e-43,7.182091707584131e-46,2.5169096225881254e-48,8.820319074437962e-51,3.0910139909948244e-53,1.0832224335529014e-55,3.7960709462030886e-58,1.330304301522154e-60,4.661950631924953e-63,1.63374527689923e-65,5.7253365394142834e-68,2.0064008112553613e-70,7.03127962468736e-73,2.464058670790252e-75,8.635106918204214e-78,3.0261077941339926e-80,1.0604765486358213e-82,3.716359715891691e-85,1.3023701048051665e-87,4.5640573560120135e-90,1.599439320060532e-92,5.605113912922014e-95,1.964269702688245e-97,6.883634346848734e-100,2.412317501831166e-102
Sm165,242.04968493471844,0.02777930220280869,3.1881455705389526e-06,3.6589371845054693e-10,4.19925032403511e-14,4.819351192631179e-18,5.531021998135438e-22,6.34778482021269e-26,7.285158536217414e-30,8.360953687154622e-34,9.595610886326808e-38,1.101258920059017e-41,1.263881188364652e-45,1.4505177930512831e-49,1.6647149172943657e-53,1.9105424070895268e-57,2.192671100238599e-61,2.51646157446232e-65,2.888066000895573e-69,3.314545038229366e-73,3.8040019885432496e-77,4.365736763851947e-81,5.010422588802959e-85,5.750308796959407e-89,6.5994535738927716e-93,7.573991069313616e-97,8.692437953496306e-101,9.97604524271383e-105,1.1449202078531158e-108,1.3139899132953697e-112,1.5080260444345997e-116,1.7307153789253362e-120,1.98628911874776e-124,2.2796032850332433e-128,2.6162309847473274e-132,3.0025683023404466e-136,3.445955828357524e-140,3.954818134107102e-144,4.5388238424742966e-148,5.209069336298142e-152,5.978289594858899e-156,6.861100164467568e-160,7.874274860712557e-164,9.037064478836598e-168
Sn133,249837474442.52603,2166750931.9823694,18791424.640879624,162971.0341053316,1413.3871414720973,12.257780793042858,0.10630717201360407,0.0009219625487138938,7.995838146482181e-06,6.934492919904888e-08,6.014027694816114e-10,5.215742453236407e-12,4.5234193653516825e-14,3.922993310787844e-16,3.402266133971344e-18,2.950658828435179e-20,2.5589966154881065e-22,2.219322550941082e-24,1.924735873156345e-26,1.6692518083250288e-28,1.4476799848007197e-30,1.2555189863748417e-32,1.0888649022557973e-34,9.44332015868498e-37,8.189840212011594e-39,7.102743693021468e-41,6.159945330162298e-43,5.34229138915284e-45,4.633170548912105e-47,4.018176428730994e-49,3.4848149106448216e-51,3.022250311016764e-53,2.6210852445964757e-55,2.273169708808829e-57,1.9714355096610146e-59,1.709752665492358e-61,1.4828048712893856e-63,1.285981493519922e-65,1.115283901271311e-67,9.672442307317586e-70,8.388549326475758e-72,7.275076714541987e-74,6.30940334765926e-76,5.471910766780159e-78
Sn134,23082602219.97538,31356851.07156515,42597.106888150476,57.86657311664639,0.07860957067006041,0.00010678815537382483,1.450677065265718e-07,1.9706904200386529e-10,2.6771090717704086e-13,3.6367523327255253e-16,4.9403917341470265e-19,6.711336999002172e-22,9.117099764144934e-25,1.2385238309703413e-27,1.6824882030073024e-30,2.2855971620997666e-33,3.104898077776199e-36,4.217887663336855e-39,5.729842299129917e-42,7.783776001972768e-45,1.0573967953374119e-47,1.4364339139595646e-50,1.9513416328397192e-53,2.6508244695765196e-56,3.6010456858236954e-59,4.891885592659056e-62,6.645443223859407e-65,9.027585540391603e-68,1.2263636591835497e-70,1.6659690654128393e-73,2.263156532834873e-76,3.0744133240216727e-79,4.1764752679666426e-82,5.673585112205969e-85,7.707352722123755e-88,1.047014979213586e-90,1.4223306058783282e-93,1.932182817420348e-96,2.6247979369247968e-99,3.565689616722143e-102,4.843855697972675e-105,6.5801964121462935e-108,8.938950192208484e-111,1.2143228793488412e-113
Sn135,412865492.1304175,862.97327509065,0.0018037905509560902,3.770290976133295e-09,7.880678849979305e-15,1.6472229737611487e-20,3.443032734792446e-26,7.196642228577408e-32,1.5042453370477674e-37,3.1441802470667513e-43,6.571979438837243e-49,1.373678044851053e-54,2.871267916260661e-60,6.00153687965636e-66,1.2544438891924534e-71,2.622044157499856e-77,5.480608278386195e-83,1.1455591628844234e-88,2.3944528216763576e-94,5.0048958630802e-100,1.0461255437365643e-105,2.1866162317802956e-111,4.5704749049594876e-117,9.553226832061345e-123,1.996819691664534e-128,4.173761338564266e-134,8.724014383478145e-140,1.8234973394361392e-145,3.8114821924502485e-151,7.96677691224792e-157,1.6652192287621449e-162,3.4806485864768223e-168,7.275267047900256e-174,1.5206795315076476e-179,3.178531072909174e-185,6.643779686725104e-191,1.3886857643754845e-196,2.9026371178929174e-202,6.0671049234516365e-208,1.2681489506649737e-213,2.6506905375187613e-219,5.540485068419782e-225,1.158074635982107e-230,2.4206127188203033e-236
Sn136,4876577.057523159,4.4352209966047365e-06,4.033809997604067e-18,3.668728820779571e-30,3.336689424740671e-42,3.034701353263407e-54,2.7600448022562094e-66,2.510246124307934e-78,2.2830555502040963e-90,2.0764269267639067e-102,1.8884992885104183e-114,1.7175800972021714e-126,1.5621299982760086e-138,1.4207489569125872e-150,1.2921636488614136e-162,1.1752159924630321e-174,1.0688527185839441e-186,9.721158845276888e-199,8.841342464872385e-211,8.041154128361452e-223,7.313387075884262e-235,6.65148679753136e-247,6.049492001267368e-259,5.501980923570386e-271,5.004022499242995e-283,4.551131950614038e-295,4.139230396152963e-307,3.76463e-319,0.0,0.0,0.0,0.0,0.0,0.0,0.0,0.0,0.0,0.0,0.0,0.0,0.0,0.0,0.0,0.0
Sn137,4390739.993857271,6.292942129688415e-10,9.019236097562161e-26,1.2926643548777732e-41,1.8526858774915806e-57,2.6553257600897464e-73,3.805693656899076e-89,5.454435921893185e-105,7.817463492392633e-121,1.1204226491981594e-136,1.6058238251548354e-152,2.3015155569019893e-168,3.298602110447041e-184,4.7276568913103524e-200,6.775821676451055e-216,9.711313753638063e-232,1.391855029912711e-247,1.9948489704264533e-263,2.859078229620688e-279,4.097717894574982e-295,5.8729739429856e-311,0.0,0.0,0.0,0.0,0.0,0.0,0.0,0.0,0.0,0.0,0.0,0.0,0.0,0.0,0.0,0.0,0.0,0.0,0.0,0.0,0.0,0.0,0.0
Sr100,7944357901.7282505,1.243816764133074e-05,1.5569740456655365e-20,1.9489753223946324e-35,2.4396712442817725e-50,3.0539102839241594e-65,3.8227970445269466e-80,4.7852673736262596e-95,5.990060045137852e-110,7.498184854228224e-125,9.386012107476903e-140,1.1749139957789245e-154,1.470723542299242e-169,1.8410094233656814e-184,2.3045226376281383e-199,2.884735145804656e-214,3.611028473126857e-229,4.5201815676896984e-244,5.658233258733972e-259,7.082813628348703e-274,8.866062355504038e-289,1.1098281815162246e-303,1.389253e-318,0.0,0.0,0.0,0.0,0.0,0.0,0.0,0.0,0.0,0.0,0.0,0.0,0.0,0.0,0.0,0.0,0.0,0.0,0.0,0.0,0.0
Sr101,657894718.442148,2.0285151264154722e-17,6.25405460554717e-43,1.9281689596410047e-68,5.944680325664993e-94,1.8327866962928434e-119,5.650610108681125e-145,1.7421227830228386e-170,5.371086896376959e-196,1.6559438134650748e-221,5.105391080533365e-247,1.5740279273514973e-272,4.852838650361772e-298,1.5e-323,0.0,0.0,0.0,0.0,0.0,0.0,0.0,0.0,0.0,0.0,0.0,0.0,0.0,0.0,0.0,0.0,0.0,0.0,0.0,0.0,0.0,0.0,0.0,0.0,0.0,0.0,0.0,0.0,0.0,0.0
Sr102,14830782.699168501,3.493137010192983e-37,8.227424099227102e-81,1.937814260835236e-124,4.564155274122317e-168,1.075000519261313e-211,2.5319605644537776e-255,5.963554607726275e-299,0.0,0.0,0.0,0.0,0.0,0.0,0.0,0.0,0.0,0.0,0.0,0.0,0.0,0.0,0.0,0.0,0.0,0.0,0.0,0.0,0.0,0.0,0.0,0.0,0.0,0.0,0.0,0.0,0.0,0.0,0.0,0.0,0.0,0.0,0.0,0.0
Sr103,173842.1055845813,9.32648795770368e-40,5.003585140245496e-84,2.6843828426333197e-128,1.4401496214911496e-172,7.72628590580112e-217,4.145089718967662e-261,2.2238070125506552e-305,0.0,0.0,0.0,0.0,0.0,0.0,0.0,0.0,0.0,0.0,0.0,0.0,0.0,0.0,0.0,0.0,0.0,0.0,0.0,0.0,0.0,0.0,0.0,0.0,0.0,0.0,0.0,0.0,0.0,0.0,0.0,0.0,0.0,0.0,0.0,0.0
Sr104,6998.598764408888,1.355491520679928e-43,2.6253216172057247e-90,5.084733831688104e-137,9.84813364186324e-184,1.9073906213848216e-230,3.694242091802214e-277,5e-324,0.0,0.0,0.0,0.0,0.0,0.0,0.0,0.0,0.0,0.0,0.0,0.0,0.0,0.0,0.0,0.0,0.0,0.0,0.0,0.0,0.0,0.0,0.0,0.0,0.0,0.0,0.0,0.0,0.0,0.0,0.0,0.0,0.0,0.0,0.0,0.0
Sr105,1.8853474945744292e-14,1.8678172363445168e-61,1.8504499772192583e-108,1.8332442016073153e-155,1.8161984080095093e-202,1.7993111088877896e-249,1.7825808305356175e-296,0.0,0.0,0.0,0.0,0.0,0.0,0.0,0.0,0.0,0.0,0.0,0.0,0.0,0.0,0.0,0.0,0.0,0.0,0.0,0.0,0.0,0.0,0.0,0.0,0.0,0.0,0.0,0.0,0.0,0.0,0.0,0.0,0.0,0.0,0.0,0.0,0.0
Sr96,4992815310916.517,7768415143.651083,11939000.784474742,18348.625439795243,28.199349477194385,0.04333857669862693,6.66055162648964e-05,1.0236364769805488e-07,1.573190473950874e-10,2.417780455255114e-13,3.7158007416183805e-16,5.710681927882012e-19,8.776543832443067e-22,1.3488357890624561e-24,2.072977724022028e-27,3.185885694268578e-30,4.8962743493703466e-33,7.524909806849131e-36,1.156476609781804e-38,1.7773477467531727e-41,2.731542502605904e-44,4.198010466535171e-47,6.45177289400628e-50,9.915500165531909e-53,1.523877934761163e-55,2.3419937686293964e-58,3.5993268799174306e-61,5.531677394717358e-64,8.501438135546325e-67,1.3065557735080875e-69,2.007999072709379e-72,3.0860223174213907e-75,4.742797879270361e-78,7.289037281625043e-81,1.1202262007651346e-83,1.7216357831564234e-86,2.645920768341379e-89,4.066421470111923e-92,6.249538448179922e-95,9.604693242533988e-98,1.4761111248150552e-100,2.2685826582712526e-103,3.4865039568439474e-106,5.358283859205565e-109
Sr97,932622662273.5585,90640.12330931591,0.008715740109323718,8.380849769370696e-10,8.058827130655567e-17,7.749177769435994e-24,7.451426259522718e-31,7.165115442324653e-38,6.889805724941518e-45,6.625074405226317e-52,6.370515022781349e-59,6.12573673489128e-66,5.890363716435176e-73,5.6640345828560716e-80,5.4464018353021145e-87,5.237131327087449e-94,5.035901750653578e-101,4.842404144243502e-108,4.6563414175313e-115,4.477427895478678e-122,4.3053888797182184e-129,4.139960226789895e-136,3.980887942583249e-143,3.827927792362566e-150,3.680844925776338e-157,3.5394135162751625e-164,3.40341641438456e-171,3.272644814300281e-178,3.146897933294264e-185,3.025982703438913e-192,2.909713475176524e-199,2.797911732278596e-206,2.690405817757467e-213,2.5870306703094012e-220,2.4876275708844866e-227,2.3920438989942676e-234,2.3001328983828823e-241,2.2117534517019816e-248,2.12676986384346e-255,2.0450516535973258e-262,1.966473353314822e-269,1.8909143162692283e-276,1.8182585314185526e-283,1.7483944452857128e-290
Sr98,658452184901.7186,16181130.448483244,397.24173246977296,0.009752161291696298,2.394125341966591e-07,5.877503439086008e-12,1.4429088599050422e-16,3.542296486203727e-21,8.696227977279907e-26,2.1348969892091743e-30,5.24110587537751e-35,1.2866752323769952e-39,3.1587477776207844e-44,7.754627796939508e-49,1.9037370661598364e-53,4.6736154358062374e-58,1.147358090046897e-62,2.8167285153810843e-67,6.914981118960548e-72,1.6976064116392684e-76,4.1675710739640495e-81,1.0231257691687261e-85,2.5117420218137523e-90,6.166248739166129e-95,1.5137949352701178e-99,3.7163196020525003e-104,9.123449327788414e-109,2.239778505345757e-113,5.498586743644399e-118,1.3498859867268247e-122,3.3139282184966036e-127,8.135590964965343e-132,1.997262342008496e-136,4.903217086482732e-141,1.2037245829708806e-145,2.955106506793096e-150,7.254694794832601e-155,1.781005065136769e-159,4.3723121809371926e-164,1.0733890757409886e-168,2.635136880077789e-173,6.469179287997231e-178,1.588163445195189e-182,3.8988919867068783e-187
Sr99,48405170474.951385,0.3494345977749137,2.4780313928798156e-12,1.7573072681410178e-23,1.2462024668187967e-34,8.837501650739378e-46,6.267154616231194e-57,4.444381289644437e-68,3.151753268793598e-79,2.235080210263835e-90,1.585017328537648e-101,1.124022270085809e-112,7.971055211203923e-124,5.652710170520968e-135,4.00864520760045e-146,2.8427490381904875e-157,2.0159484503170348e-168,1.429619041194915e-179,1.0138208656206723e-190,7.1895569235616715e-202,5.0985070942970326e-213,3.615629567575561e-224,2.5640402039548527e-235,1.8183008089252924e-246,1.2894563145455978e-257,9.144238285326715e-269,6.484678300117617e-280,4.598639202512196e-291,3.261145971496908e-302,2.3126565445e-313,0.0,0.0,0.0,0.0,0.0,0.0,0.0,0.0,0.0,0.0,0.0,0.0,0.0,0.0
Tb169,10409.061680757308,334.2349885761797,10.453585395986593,0.3266830807368677,0.010208854610050855,0.0003190267147057147,9.96958484250441e-06,3.1154952633602785e-07,9.735922698008466e-09,3.0424758431277235e-10,9.50773700977415e-12,2.9711678155544246e-13,9.28489942360759e-15,2.901531069877374e-16,9.067284593366807e-18,2.8335264354271304e-19,8.854770110709792e-21,2.767115659596815e-22,8.647236436240057e-24,2.7022613863250225e-25,8.444566832265697e-27,2.638927135083034e-28,8.246647297134485e-30,2.5770772803545296e-31,8.053366501107916e-33,2.516677031596228e-34,7.864615723738223e-36,2.4576924136681977e-37,7.680288792713126e-39,2.4000902477228538e-40,7.500282024133921e-42,2.3438381325418518e-43,7.324494164193296e-45,2.2889044263104072e-46,7.152826332220031e-48,2.2352582288187635e-49,6.985181965058645e-51,2.1828693640808297e-52,6.821466762752602e-54,2.1317083633601903e-55,6.661588635500607e-57,2.081746448593942e-58,6.505457651856076e-60,2.0329555162050272e-61
Tb170,844.914881545984,83.82617323685524,8.316609723665785,0.8251121890097524,0.08186149730161661,0.008121689183267385,0.000805773622079838,7.994286845861015e-05,7.931337093034576e-06,7.868883028123439e-07,7.806920747911167e-08,7.7454463799166e-09,7.684456082151811e-10,7.623946042882013e-11,7.563912480387314e-12,7.504351642726389e-13,7.445259807501974e-14,7.386633281628244e-15,7.328468401099991e-16,7.270761530763654e-17,7.21350906409009e-18,7.156707422949221e-19,7.100353057386389e-20,7.04444244540049e-21,6.988972092723864e-22,6.933938532603908e-23,6.879338325586424e-24,6.825168059300654e-25,6.771424348246015e-26,6.718103833580504e-27,6.665203182910803e-28,6.612719090084007e-29,6.560648274980972e-30,6.508987483311344e-31,6.457733486410171e-32,6.406883081036108e-33,6.356433089171235e-34,6.306380357822433e-35,6.256721758824324e-36,6.207454188643784e-37,6.15857456818597e-38,6.110079842601879e-39,6.061966981097445e-40,6.014232976744111e-41
Tb171,18.13940243104792,1.7299082213447518e-05,1.6497690404365096e-11,1.5733423618664858e-17,1.5004562014260183e-23,1.430946542192478e-29,1.3646569654393002e-35,1.3014382986443534e-41,1.2411482798045682e-47,1.1836512373014152e-53,1.128817784596839e-59,1.076524529072608e-65,1.0266537943578797e-71,9.790933555201337e-78,9.33736186523565e-84,8.904802193866396e-90,8.49228114496841e-96,8.098870415657435e-102,7.723684707314906e-108,7.36587973338595e-114,7.024650319467497e-120,6.699228591411111e-126,6.388882247363196e-132,6.092912909854123e-138,5.810654554227946e-144,5.5414720098762e-150,5.284759530903053e-156,5.039939433005383e-162,4.806460793500312e-168,4.583798211574852e-174,4.3714506259678384e-180,4.168940187423552e-186,3.9758111833797e-192,3.791629012469959e-198,3.615979206533393e-204,3.448466497929948e-210,3.288713930063198e-216,3.136362009108732e-222,2.991067895039303e-228,2.8525046301262883e-234,2.720360403181351e-240,2.5943378478826056e-246,2.4741533736063056e-252,2.359536527258211e-258
Tc109,31317207460.29939,18524267.407697584,5871.258730313506,1.8552023077044546,0.0005861955909238821,1.8522250830001286e-07,5.852547866576261e-11,1.849252385400473e-14,5.843154917944739e-18,1.846284458771047e-21,5.8337770443685115e-25,1.843321295465733e-28,5.82441422165334e-32,1.8403628878397184e-35,5.815066425643607e-39,1.8374092282604502e-42,5.805733632222443e-46,1.8344603091076286e-49,5.796415817311689e-53,1.8315161227731917e-56,5.787112956871857e-60,1.8285766616612787e-63,5.777825026902007e-67,1.825641918188222e-70,5.768552003439718e-74,1.8227118847825258e-77,5.759293862561058e-81,1.8197865538848471e-84,5.750050580380469e-88,1.816865917947977e-91,5.740822133050741e-95,1.8139499694368155e-98,5.7316084967629206e-102,1.811038700828355e-105,5.722409647746265e-109,1.8081321046116664e-112,5.713225562268199e-116,1.8052301732878703e-119,5.7040562166342374e-123,1.8023328993701277e-126,5.694901587187902e-130,1.799440275383614e-133,5.685761650310707e-137,1.7965522938654964e-140
Tc110,17762194191.955658,10648879.644596227,5691.6574778656495,3.042100701463101,0.0016259546035283605,8.690469620100213e-07,4.644918256265913e-10,2.4826351797480394e-13,1.3269291504555882e-16,7.092225972998113e-20,3.790682361209652e-23,2.026059634632822e-26,1.0828967589303795e-29,5.787911522724942e-33,3.093546962683807e-36,1.6534518146581206e-39,8.837437854909556e-43,4.723470448126542e-46,2.524620081139244e-49,1.3493694147318104e-52,7.212165628469639e-56,3.8547882058536975e-59,2.0603231924308697e-62,1.1012100874497794e-65,5.885793360751288e-69,3.145863253549595e-72,1.681414042842037e-75,8.986891532161861e-79,4.803351069575317e-82,2.567315007087902e-85,1.3721891758791437e-88,7.334133634561874e-92,3.919978171752416e-95,2.0951661958547537e-98,1.1198331204711965e-101,5.9853305202485835e-105,3.1990642875025223e-108,1.7098491521816543e-111,9.138872684233354e-115,4.8845825862510595e-118,2.6107319651218682e-121,1.3953948517308917e-124,7.458164293576504e-128,3.986270592942318e-131
Tc111,1700208419.1154115,0.0784262079098091,3.2670430878868987e-12,1.3609411151605105e-22,5.669142338423534e-33,2.361513145607007e-43,9.836927342770675e-54,4.097561818333356e-64,1.7068257765071961e-74,7.109695879922672e-85,2.961497811049238e-95,1.233589565087669e-105,5.138413913992587e-116,2.1403598858313205e-126,8.915464830148887e-137,3.713648258384431e-147,1.546882124963535e-157,6.4433752547502685e-168,2.6839191793327276e-178,1.117957492348584e-188,4.656729695404874e-199,1.9397094257508682e-209,8.079644472895356e-220,3.365485857728362e-230,1.401855485205058e-240,5.8392717455519535e-251,2.4322829852206976e-261,1.0131400793867257e-271,4.220120721187081e-282,1.7578436340346538e-292,7.322099003003328e-303,3.0499375392e-313,1.5e-323,0.0,0.0,0.0,0.0,0.0,0.0,0.0,0.0,0.0,0.0,0.0
Tc112,241994096.5085006,0.006310789928677874,1.7742271642098503e-13,5.2716690670345e-24,1.6243959809580274e-34,5.117814060145149e-45,1.6334196299787475e-55,5.251648834801685e-66,1.695389961710105e-76,5.485613830086484e-87,1.7771366334989071e-97,5.761195331627961e-108,1.8683860358313777e-118,6.060513336400622e-129,1.966078158260211e-139,6.378502175357453e-150,2.069432009306123e-160,6.714158025915004e-171,2.1783933243006026e-181,7.067786309754159e-192,2.2931466082275346e-202,7.440137165723564e-213,2.413962121095297e-223,7.832135132553234e-234,2.5411482881967112e-244,8.244795903354835e-255,2.675037314064846e-265,8.679202041951944e-276,2.815981275725061e-286,9.136497353524497e-297,2.964351546157126e-307,9.617887e-318,0.0,0.0,0.0,0.0,0.0,0.0,0.0,0.0,0.0,0.0,0.0,0.0
Tc113,27829357.959052905,4.272447372235549e-12,6.550915428975013e-31,1.004447550049697e-49,1.5401128158949494e-68,2.361444841561429e-87,3.620787829427059e-106,5.551730142067813e-125,8.512431278035258e-144,1.3052054838581149e-162,2.001262975818693e-181,3.068523345874991e-200,4.704946645169376e-219,7.214063716884749e-238,1.1061276404633813e-256,1.6960182291340212e-275,2.6004935853062022e-294,3.9873196945e-313,0.0,0.0,0.0,0.0,0.0,0.0,0.0,0.0,0.0,0.0,0.0,0.0,0.0,0.0,0.0,0.0,0.0,0.0,0.0,0.0,0.0,0.0,0.0,0.0,0.0,0.0
Tc114,1307201.7712762796,1.11680341938685e-14,9.534772986615186e-35,8.140366901473078e-55,6.949884741212108e-75,5.933503796664555e-95,5.065762759526346e-115,4.324923892393821e-135,3.6924284777891586e-155,3.1524319046553307e-175,2.691406745795417e-195,2.2978038829692143e-215,1.961763190508753e-235,1.6748665298023851e-255,1.4299268669246473e-275,1.2208082306081931e-295,1.042272e-315,0.0,0.0,0.0,0.0,0.0,0.0,0.0,0.0,0.0,0.0,0.0,0.0,0.0,0.0,0.0,0.0,0.0,0.0,0.0,0.0,0.0,0.0,0.0,0.0,0.0,0.0,0.0
Tc115,8181.636791578736,1.8755226272890258e-33,3.5682857761076095e-66,6.7890331013614335e-99,1.2916838320517578e-131,2.4575622140497906e-164,4.675766535168135e-197,8.896129899137201e-230,1.692580811874879e-262,3.220310221644659e-295,0.0,0.0,0.0,0.0,0.0,0.0,0.0,0.0,0.0,0.0,0.0,0.0,0.0,0.0,0.0,0.0,0.0,0.0,0.0,0.0,0.0,0.0,0.0,0.0,0.0,0.0,0.0,0.0,0.0,0.0,0.0,0.0,0.0,0.0
Tc116,705.5734938834972,2.5163147387196617e-31,8.974033065566574e-65,3.200445008832974e-98,1.141387398478145e-131,4.0705751537963595e-165,1.4517053635599194e-198,5.17727442182994e-232,1.846391913384162e-265,6.584860720219363e-299,0.0,0.0,0.0,0.0,0.0,0.0,0.0,0.0,0.0,0.0,0.0,0.0,0.0,0.0,0.0,0.0,0.0,0.0,0.0,0.0,0.0,0.0,0.0,0.0,0.0,0.0,0.0,0.0,0.0,0.0,0.0,0.0,0.0,0.0
Tc117,43.95856620905735,-6.071873082210203e-46,8.386907468986987e-93,-1.1584599338784087e-139,1.6001481158154565e-186,-2.2102395755498708e-233,3.052941745231838e-280,-0.0,-0.0,-0.0,-0.0,-0.0,-0.0,-0.0,-0.0,-0.0,-0.0,-0.0,-0.0,-0.0,-0.0,-0.0,-0.0,-0.0,-0.0,-0.0,-0.0,-0.0,-0.0,-0.0,-0.0,-0.0,-0.0,-0.0,-0.0,-0.0,-0.0,-0.0,-0.0,-0.0,-0.0,-0.0,-0.0,-0.0
Tc118,0.04827873019539543,1.2545583882311632e-47,3.260062439735817e-93,8.471512534351504e-139,2.2013849718009573e-184,5.720461103516896e-230,1.4865039807221957e-275,3.864e-321,0.0,0.0,0.0,0.0,0.0,0.0,0.0,0.0,0.0,0.0,0.0,0.0,0.0,0.0,0.0,0.0,0.0,0.0,0.0,0.0,0.0,0.0,0.0,0.0,0.0,0.0,0.0,0.0,0.0,0.0,0.0,0.0,0.0,0.0,0.0,0.0
Te136,30413659425369.863,20500467609258.484,13795794343161.73,9283881133459.59,6247588702950.379,4204315419394.3203,2829294466424.999,1903973983687.5315,1281279475706.021,862237146584.3082,580242570841.2968,390474293934.3972,262769713712.144,176830904151.56177,118998373980.4703,80079967231.62604,53889821661.51909,36265160677.5809,24404643370.89972,16423107107.008928,11051931509.472559,7437398373.779355,5004997951.976599,3368113853.8449244,2266572542.3487935,1525290210.6812239,1026444194.1880523,690745719.3420306,464837398.361207,312812371.9985357,210507115.86530662,141660783.89679882,95330638.16757599,64152762.13675293,43171607.45887671,29052337.39757528,19550773.249908373,13156694.741581593,8853798.993549887,5958164.885473468,4009547.6335470406,2698225.4661797825,1815771.0873484467,1221923.3281192686
Te137,1214049256309.7993,75038383156.0848,4637967081.987957,286663141.5614828,17718055.190395176,1095116.3027792282,67686.87103215278,4183.585340201906,258.5787469838615,15.982216915531351,0.9878277333869153,0.06105558671901482,0.0037737193881182823,0.00023324578118949905,1.4416438756414102e-05,8.910502276076983e-07,5.5073969482683837e-08,3.404008012795198e-09,2.1039468663716263e-10,1.3004059919589002e-11,8.037540162974408e-13,4.9678371424689995e-14,3.0705172694230876e-15,1.8978231434413905e-16,1.1730051869919882e-17,7.250102168187642e-19,4.481138023264181e-20,2.7696986218559316e-21,1.7118933663914963e-22,1.05808584182039e-23,6.539809491876566e-25,4.0421208279714314e-26,2.4983511841156287e-27,1.544179133879192e-28,9.544251475406393e-30,5.899104205414274e-31,3.646114157407468e-32,2.253587661097023e-33,1.3928958685868129e-34,8.609200938656914e-36,5.321168830615395e-37,3.2889042694745283e-38,2.0328036260628827e-39,1.2564338282775937e-40
Te138,115182268936.77284,815080083.1485541,5767479.059201864,40810.48646145049,288.7736198301365,2.0433523523070605,0.014458692030576765,0.00010230921504997914,7.239365401799309e-07,5.12255043645549e-09,3.624699337252456e-11,2.564824973118165e-13,1.8148614631626264e-15,1.2841898238648523e-17,9.08688369438512e-20,6.429848122201903e-22,4.549738751485239e-24,3.2193797292489894e-26,2.278022191431516e-28,1.6119207863264438e-30,1.1405896883552695e-32,8.070773999677835e-35,5.710852344089122e-37,4.040979774342597e-39,2.8593836003389946e-41,2.0232901500274677e-43,1.4316732566812085e-45,1.0130471469296452e-47,7.168287296790742e-50,5.0722558101138456e-52,3.5891110300157836e-54,2.5396428074655495e-56,1.7970426480462284e-58,1.2715812906460505e-60,8.997666140416953e-63,6.366718083220103e-65,4.505068149741711e-67,3.1877709627677234e-69,2.2556559353375512e-71,1.596094499275437e-73,1.1293910612462617e-75,7.991532893584898e-78,5.6547816058306606e-80,4.0013043098789735e-82
Te139,2872995993.7116876,6.069026125495568,1.2820441863673555e-08,2.7082389526937863e-17,5.720987078979121e-26,1.2085230930339805e-34,2.5529301958448836e-43,5.3929069476815814e-52,1.139218196944363e-60,2.4065278945840163e-69,5.083641152278586e-78,1.0738877128040734e-86,2.2685212924493366e-95,4.792110751373231e-104,1.0123037209244e-112,2.1384289232124485e-121,4.517298677372992e-130,9.542513720746415e-139,2.0157969311780991e-147,4.258246188226803e-156,8.995281379335552e-165,1.9001974878092975e-173,4.0140495226437054e-182,8.479431045249969e-191,1.7912272991538543e-199,3.7838567471237997e-208,7.993163061727384e-217,1.6885061988651648e-225,3.566864783801806e-234,7.534780976508261e-243,1.59167582190874e-251,3.362316608734254e-260,7.102685623390966e-269,1.500398354327375e-277,3.1694986108557777e-286,6.695369543190531e-295,1.4143553547032356e-303,2.98773810239e-312,6.31e-321,0.0,0.0,0.0,0.0,0.0
Te140,6388011946.502734,0.7999507146322923,1.0017532077269452e-10,1.2544641448973506e-20,1.570926131001709e-30,1.967221557588584e-40,2.463489899536879e-50,3.084951190022197e-60,3.863187686139283e-70,4.837748858590789e-80,6.058161269970634e-90,7.586445482344265e-100,9.500267901726008e-110,1.1896887734132392e-119,1.489809963494139e-129,1.8656423233771684e-139,2.3362854082495537e-149,2.9256569924503783e-159,3.6637085551490566e-169,4.587947394964497e-179,5.745342726396298e-189,7.194712624644267e-199,9.00971312179386e-209,1.1282581358284342e-218,1.4128823014173872e-228,1.769308223239832e-238,2.2156492339692097e-248,2.774588092400968e-258,3.474529706447307e-268,4.3510446520146706e-278,5.44867684645095e-288,6.823207241347008e-298,8.544488574082907e-308,1.0699995e-317,0.0,0.0,0.0,0.0,0.0,0.0,0.0,0.0,0.0,0.0
Te141,8576919.555086244,6.316371867309834e-08,4.651618020887677e-22,3.42562956500889e-36,2.5227647377683e-50,1.8578605191687274e-64,1.3681996014179683e-78,1.0075945583675327e-92,7.420312014414314e-107,5.464601801787147e-121,4.024341940620179e-135,2.9636794486540723e-149,2.1825669895786556e-163,1.6073258753276366e-177,1.1836962997394626e-191,8.717192646023244e-206,6.419674340842941e-220,4.727693916604927e-234,3.481654766644822e-248,2.56402384078317e-262,1.8882453019429844e-276,1.390576118520293e-290,1.0240734820890089e-304,7.54167e-319,0.0,0.0,0.0,0.0,0.0,0.0,0.0,0.0,0.0,0.0,0.0,0.0,0.0,0.0,0.0,0.0,0.0,0.0,0.0,0.0
Te142,514365.27935041685,4.5684814096207125e-10,4.057626598826366e-25,3.6038963802788278e-40,3.20090299179908e-55,2.8429729608695405e-70,2.5250672316353213e-85,2.2427102234304518e-100,1.991926822091792e-115,1.769186417003799e-130,1.5713531960093755e-145,1.3956419984223615e-160,1.2395791046259089e-175,1.100967410239946e-190,9.778554945682631e-206,8.685101478607325e-221,7.713919706204747e-236,6.851337014350658e-251,6.0852096822389945e-266,5.404751919114979e-281,4.800384018390811e-296,4.263597491408e-311,0.0,0.0,0.0,0.0,0.0,0.0,0.0,0.0,0.0,0.0,0.0,0.0,0.0,0.0,0.0,0.0,0.0,0.0,0.0,0.0,0.0,0.0
Ti56,0.0,0.0,0.0,0.0,0.0,0.0,0.0,0.0,0.0,0.0,0.0,0.0,0.0,0.0,0.0,0.0,0.0,0.0,0.0,0.0,0.0,0.0,0.0,0.0,0.0,0.0,0.0,0.0,0.0,0.0,0.0,0.0,0.0,0.0,0.0,0.0,0.0,0.0,0.0,0.0,0.0,0.0,0.0,0.0
Ti57,0.0,0.0,0.0,0.0,0.0,0.0,0.0,0.0,0.0,0.0,0.0,0.0,0.0,0.0,0.0,0.0,0.0,0.0,0.0,0.0,0.0,0.0,0.0,0.0,0.0,0.0,0.0,0.0,0.0,0.0,0.0,0.0,0.0,0.0,0.0,0.0,0.0,0.0,0.0,0.0,0.0,0.0,0.0,0.0
Ti58,0.0,0.0,0.0,0.0,0.0,0.0,0.0,0.0,0.0,0.0,0.0,0.0,0.0,0.0,0.0,0.0,0.0,0.0,0.0,0.0,0.0,0.0,0.0,0.0,0.0,0.0,0.0,0.0,0.0,0.0,0.0,0.0,0.0,0.0,0.0,0.0,0.0,0.0,0.0,0.0,0.0,0.0,0.0,0.0
Ti59,0.0,0.0,0.0,0.0,0.0,0.0,0.0,0.0,0.0,0.0,0.0,0.0,0.0,0.0,0.0,0.0,0.0,0.0,0.0,0.0,0.0,0.0,0.0,0.0,0.0,0.0,0.0,0.0,0.0,0.0,0.0,0.0,0.0,0.0,0.0,0.0,0.0,0.0,0.0,0.0,0.0,0.0,0.0,0.0
Ti60,0.0,0.0,0.0,0.0,0.0,0.0,0.0,0.0,0.0,0.0,0.0,0.0,0.0,0.0,0.0,0.0,0.0,0.0,0.0,0.0,0.0,0.0,0.0,0.0,0.0,0.0,0.0,0.0,0.0,0.0,0.0,0.0,0.0,0.0,0.0,0.0,0.0,0.0,0.0,0.0,0.0,0.0,0.0,0.0
Ti61,0.0,0.0,0.0,0.0,0.0,0.0,0.0,0.0,0.0,0.0,0.0,0.0,0.0,0.0,0.0,0.0,0.0,0.0,0.0,0.0,0.0,0.0,0.0,0.0,0.0,0.0,0.0,0.0,0.0,0.0,0.0,0.0,0.0,0.0,0.0,0.0,0.0,0.0,0.0,0.0,0.0,0.0,0.0,0.0
Tl209,0.0,3.1090083391356678e-25,2.5159013877587614e-24,8.546987270596641e-24,2.0363600865627423e-23,3.994820819843618e-23,6.930217922923697e-23,1.104419632997485e-22,1.6539554262864808e-22,2.3619914767149905e-22,3.2489421903474176e-22,4.335246014612646e-22,5.641339561896192e-22,7.187633787323104e-22,8.994492098229674e-22,1.1082210279495661e-21,1.3470998125231054e-21,1.618096267330198e-21,1.923209294485447e-21,2.264424609637011e-21,2.643713489687996e-21,3.0630316447785324e-21,3.524318206730241e-21,4.0294948265873745e-21,4.580464874298666e-21,5.1791127339718505e-21,5.827303188500228e-21,6.526880887708562e-21,7.279669894494759e-21,8.087473303755854e-21,8.952072929181724e-21,9.875229053279527e-21,1.0858680236256342e-20,1.190414317963761e-20,1.301331264073596e-20,1.418786139430927e-20,1.542944023795859e-20,1.673967803801753e-20,1.8120181812874522e-20,1.9572536850848548e-20,2.1098306859909227e-20,2.269903414669279e-20,2.4376239822416866e-20,2.6131424033441103e-20
Tl210,0.0,3.343162748929845e-35,1.022399812097179e-33,7.544163312149952e-33,3.1120522318774796e-32,9.333550384305002e-32,2.287890156467541e-31,4.879060507758518e-31,9.396187520076823e-31,1.6739368902451805e-30,2.804420718957827e-30,4.470568720833516e-30,6.840131450030376e-30,1.011136148210098e-29,1.4515208403110426e-29,2.0317466789914938e-29,2.782088424608142e-29,3.736723575435749e-29,4.9339369879493904e-29,6.416323169777566e-29,8.230986673561606e-29,1.0429740966333588e-28,1.3069306100660662e-28,1.6211505470224287e-28,1.9923461893277657e-28,2.4277793232157786e-28,2.935280772536141e-28,3.523269918029721e-28,4.2007742149400685e-28,4.977448718957028e-28,5.8635956284602235e-28,6.870183849224308e-28,8.008868586143046e-28,9.292010965107266e-28,1.073269768691437e-27,1.2344760713979735e-27,1.4142796989647619e-27,1.6142188189049013e-27,1.835912049971365e-27,2.081060442950258e-27,2.3514494638877286e-27,2.6489509794049513e-27,2.9755252437160053e-27,3.333222886929973e-27
Tl211,0.0,0.0,0.0,0.0,0.0,0.0,0.0,0.0,0.0,0.0,0.0,0.0,0.0,0.0,0.0,0.0,0.0,0.0,0.0,0.0,0.0,0.0,0.0,0.0,0.0,0.0,0.0,0.0,0.0,0.0,0.0,0.0,0.0,0.0,0.0,0.0,0.0,0.0,0.0,0.0,0.0,0.0,0.0,0.0
Tl212,0.0,0.0,0.0,0.0,0.0,0.0,0.0,0.0,0.0,0.0,0.0,0.0,0.0,0.0,0.0,0.0,0.0,0.0,0.0,0.0,0.0,0.0,0.0,0.0,0.0,0.0,0.0,0.0,0.0,0.0,0.0,0.0,0.0,0.0,0.0,0.0,0.0,0.0,0.0,0.0,0.0,0.0,0.0,0.0
V56,0.0,0.0,0.0,0.0,0.0,0.0,0.0,0.0,0.0,0.0,0.0,0.0,0.0,0.0,0.0,0.0,0.0,0.0,0.0,0.0,0.0,0.0,0.0,0.0,0.0,0.0,0.0,0.0,0.0,0.0,0.0,0.0,0.0,0.0,0.0,0.0,0.0,0.0,0.0,0.0,0.0,0.0,0.0,0.0
V57,0.0,0.0,0.0,0.0,0.0,0.0,0.0,0.0,0.0,0.0,0.0,0.0,0.0,0.0,0.0,0.0,0.0,0.0,0.0,0.0,0.0,0.0,0.0,0.0,0.0,0.0,0.0,0.0,0.0,0.0,0.0,0.0,0.0,0.0,0.0,0.0,0.0,0.0,0.0,0.0,0.0,0.0,0.0,0.0
V58,0.0,0.0,0.0,0.0,0.0,0.0,0.0,0.0,0.0,0.0,0.0,0.0,0.0,0.0,0.0,0.0,0.0,0.0,0.0,0.0,0.0,0.0,0.0,0.0,0.0,0.0,0.0,0.0,0.0,0.0,0.0,0.0,0.0,0.0,0.0,0.0,0.0,0.0,0.0,0.0,0.0,0.0,0.0,0.0
V59,0.0,0.0,0.0,0.0,0.0,0.0,0.0,0.0,0.0,0.0,0.0,0.0,0.0,0.0,0.0,0.0,0.0,0.0,0.0,0.0,0.0,0.0,0.0,0.0,0.0,0.0,0.0,0.0,0.0,0.0,0.0,0.0,0.0,0.0,0.0,0.0,0.0,0.0,0.0,0.0,0.0,0.0,0.0,0.0
V60,0.0,0.0,0.0,0.0,0.0,0.0,0.0,0.0,0.0,0.0,0.0,0.0,0.0,0.0,0.0,0.0,0.0,0.0,0.0,0.0,0.0,0.0,0.0,0.0,0.0,0.0,0.0,0.0,0.0,0.0,0.0,0.0,0.0,0.0,0.0,0.0,0.0,0.0,0.0,0.0,0.0,0.0,0.0,0.0
V61,0.0,0.0,0.0,0.0,0.0,0.0,0.0,0.0,0.0,0.0,0.0,0.0,0.0,0.0,0.0,0.0,0.0,0.0,0.0,0.0,0.0,0.0,0.0,0.0,0.0,0.0,0.0,0.0,0.0,0.0,0.0,0.0,0.0,0.0,0.0,0.0,0.0,0.0,0.0,0.0,0.0,0.0,0.0,0.0
V62,0.0,0.0,0.0,0.0,0.0,0.0,0.0,0.0,0.0,0.0,0.0,0.0,0.0,0.0,0.0,0.0,0.0,0.0,0.0,0.0,0.0,0.0,0.0,0.0,0.0,0.0,0.0,0.0,0.0,0.0,0.0,0.0,0.0,0.0,0.0,0.0,0.0,0.0,0.0,0.0,0.0,0.0,0.0,0.0
V63,0.0,0.0,0.0,0.0,0.0,0.0,0.0,0.0,0.0,0.0,0.0,0.0,0.0,0.0,0.0,0.0,0.0,0.0,0.0,0.0,0.0,0.0,0.0,0.0,0.0,0.0,0.0,0.0,0.0,0.0,0.0,0.0,0.0,0.0,0.0,0.0,0.0,0.0,0.0,0.0,0.0,0.0,0.0,0.0
V64,0.0,0.0,0.0,0.0,0.0,0.0,0.0,0.0,0.0,0.0,0.0,0.0,0.0,0.0,0.0,0.0,0.0,0.0,0.0,0.0,0.0,0.0,0.0,0.0,0.0,0.0,0.0,0.0,0.0,0.0,0.0,0.0,0.0,0.0,0.0,0.0,0.0,0.0,0.0,0.0,0.0,0.0,0.0,0.0
Xe141,2696143278767.3438,49488041508.89044,900414558.8728244,16382671.768251268,298075.9602578764,5423.369236746854,98.67596787290712,1.7953685634532968,0.0326659910018615,0.0005943442420988188,1.0813848509781596e-05,1.9675351641256895e-07,3.5798491337930593e-09,6.513387945680577e-11,1.1850840900098521e-12,2.156211655296595e-14,3.9231382326618033e-16,7.137988311474784e-18,1.2987275521051689e-19,2.3629812504534585e-21,4.299346988476327e-23,7.822484636208298e-25,1.4232688370519454e-26,2.589578985105029e-28,4.71163222683056e-30,8.57262063393209e-32,1.559752989947469e-33,2.837906275731442e-35,5.16345349663804e-37,9.394690811299588e-39,1.709325270332806e-40,3.110046874862655e-42,5.658602099739479e-44,1.0295593285741108e-45,1.873240762241923e-47,3.408284356166766e-49,6.201232904300265e-51,1.1282887668629335e-52,2.0528749058050838e-54,3.735121276268267e-56,6.79589920894894e-58,1.2364858499142272e-59,2.2497350387787304e-61,4.0933001740859625e-63
Xe142,667832216403.5406,2387177657.61929,8520918.32232171,30415.017007183815,108.56497205517455,0.3875175593213367,0.001383225693698395,4.937359027183722e-06,1.7623670724430606e-08,6.290686338447532e-11,2.245430888235626e-13,8.014959898774621e-16,2.8609022221762653e-18,1.0211855864811538e-20,3.645073899951719e-23,1.3010919770119998e-25,4.644186590201695e-28,1.6577205505595327e-30,5.917155502634652e-33,2.1121008140088284e-35,7.539044472551847e-38,2.6910264501643726e-40,9.605492289970658e-43,3.428635275102926e-45,1.2238352283052048e-47,4.368422260941388e-50,1.5592877708149484e-52,5.5658043270045354e-55,1.9866876651198219e-57,7.091388138798346e-60,2.531237628238708e-62,9.035133608829965e-65,3.225048427642539e-67,1.1511658610642856e-69,4.1090323739683076e-72,1.4666997711962863e-74,5.235315819012894e-77,1.8687213472769128e-79,6.67031291805978e-82,2.380936809528619e-84,8.4986419087176e-87,3.0335502397021066e-89,1.0828114839568894e-91,3.865044641238764e-94
Xe143,19735675861.434467,1.8245476256319784,1.6865093965050857e-10,1.5587539457447756e-20,1.4405675540467039e-30,1.331268770670079e-40,1.2302130787522541e-50,1.1367949010186398e-60,1.0504478945022248e-70,9.706441689982608e-81,8.968928523151249e-91,8.28738282723338e-101,7.65758012971161e-111,7.075607456963898e-121,6.537842767913309e-131,6.040934943572927e-141,5.581784616431026e-151,5.157525996411362e-161,4.765509766806281e-171,4.4032870697053037e-181,4.0685945663006924e-191,3.759340536480427e-201,3.473591969892159e-211,3.209562594199726e-221,2.96560178355217e-231,2.7401842899997647e-241,2.531900741822733e-251,2.339448854886764e-261,2.161625305807937e-271,1.997318218637764e-281,1.845500219796813e-291,1.7052220189853378e-301,1.575606476714e-311,1.457e-321,0.0,0.0,0.0,0.0,0.0,0.0,0.0,0.0,0.0,0.0
Xe144,8644792466.861359,20850519.80359469,50288.044756904696,121.28654198042881,0.2925233092016476,0.0007055183949435262,1.7015950180591115e-06,4.1039689769043645e-09,9.898102183329468e-12,2.3872604150514946e-14,5.757681809822278e-17,1.3886587158294293e-19,3.349217780252021e-22,8.077765696992245e-25,1.9482250166065534e-27,4.698800209994813e-30,1.1332737864081194e-32,2.7332710853037387e-35,6.592202974566182e-38,1.5899315765472238e-40,3.8346550126792716e-43,9.248560933797837e-46,2.2306016855061956e-48,5.379846567480954e-51,1.2975310328911813e-53,3.1294327081598788e-56,7.54768003743167e-59,1.820377022292379e-61,4.390451750545696e-64,1.0589051794114413e-66,2.5539061643144405e-69,6.1596041108691e-72,1.485595803509882e-74,3.583014186758783e-77,8.641644404341715e-80,2.0842233415392826e-82,5.026805934336609e-85,1.2123834043054024e-87,2.924070549441526e-90,7.05238008681737e-93,1.700918772238151e-95,4.102337982548754e-98,9.894168491607353e-101,2.3863116729230215e-103
Xe145,16723935.191616962,1.625957419185992e-09,1.580794281253822e-25,1.5368856097691003e-41,1.4941965602519032e-57,1.4526932560739165e-73,1.4123427615753962e-89,1.3731130559285304e-105,1.3349730077267336e-121,1.2978923502797993e-137,1.261841657595253e-153,1.2267923210268401e-169,1.1927165265716478e-185,1.1595872327978278e-201,1.1273781493853973e-217,1.0960637162631099e-233,1.0656190833248216e-249,1.0360200907092566e-265,1.007243249627543e-281,9.79265723723275e-298,9.5206531094e-314,0.0,0.0,0.0,0.0,0.0,0.0,0.0,0.0,0.0,0.0,0.0,0.0,0.0,0.0,0.0,0.0,0.0,0.0,0.0,0.0,0.0,0.0,0.0
Xe146,4859642.702754788,0.03377612919884063,2.3475530474906587e-10,1.6316272591034046e-18,1.1340350819739597e-26,7.881920089116274e-35,5.478195981651408e-43,3.807527972127213e-51,2.6463582732505586e-59,1.8393068052732084e-67,1.2783792573062627e-75,8.885160000634928e-84,6.175481007352556e-92,4.2921642006949684e-100,2.9831965321880777e-108,2.0734205714259502e-116,1.4410960926061015e-124,1.0016095994920753e-132,6.961519047494142e-141,4.838486719096903e-149,3.362908809292718e-157,2.3373332027517473e-165,1.6245241279185164e-173,1.129098170120726e-181,7.847606913683944e-190,5.454347186225195e-198,3.790952268010203e-206,2.634837608912408e-214,1.831299561306047e-222,1.2728139570711623e-230,8.846479317451264e-239,6.148596649126587e-247,4.273478679713075e-255,2.9702094751257477e-263,2.0643941358610218e-271,1.4348224203940853e-279,9.972491891461848e-288,6.931212748819285e-296,4.817422835964086e-304,3.348268711624e-312,2.327e-320,0.0,0.0,0.0
Xe147,221543.9958481036,1.747673971110202e-25,1.3786716708812303e-55,1.0875801822939633e-85,8.579494871048732e-116,6.768028090314717e-146,5.339032765887075e-176,4.2117542207024453e-206,3.3224882471118385e-236,2.6209810862028928e-266,2.067589512229222e-296,0.0,0.0,0.0,0.0,0.0,0.0,0.0,0.0,0.0,0.0,0.0,0.0,0.0,0.0,0.0,0.0,0.0,0.0,0.0,0.0,0.0,0.0,0.0,0.0,0.0,0.0,0.0,0.0,0.0,0.0,0.0,0.0,0.0
Y100,546946552762.2654,44932505.42463006,3605.0760931558143,0.28924658250448976,2.320716215931218e-05,1.861983539529809e-09,1.4939278993613543e-13,1.1986252945360692e-17,9.616947359480076e-22,7.715979041707744e-26,6.190772429817253e-30,4.967051241407075e-34,3.985221281262934e-38,3.197468254048433e-42,2.565429248236768e-46,2.0583244945045758e-50,1.6514584167890897e-54,1.3250169784526474e-58,1.0631027553217554e-62,8.529607444672426e-67,6.84357206262642e-71,5.490812898501384e-75,4.405451715924308e-79,3.534632335885537e-83,2.835946585165643e-87,2.275369053878623e-91,1.8256000865566746e-95,1.4647363118323942e-99,1.1752039666293912e-103,9.429030686442712e-108,7.565207590378705e-112,6.069803757009051e-116,4.869994274242624e-120,3.907349426868891e-124,3.1349892184476994e-128,2.5153003548134165e-132,2.0181045082053576e-136,1.6191886580244636e-140,1.2991259370440273e-144,1.0423295592742619e-148,8.362937565613832e-153,6.709847581704478e-157,5.383521545685585e-161,4.3193684923463873e-165
Y100_m1,0.0,0.0,0.0,0.0,0.0,0.0,0.0,0.0,0.0,0.0,0.0,0.0,0.0,0.0,0.0,0.0,0.0,0.0,0.0,0.0,0.0,0.0,0.0,0.0,0.0,0.0,0.0,0.0,0.0,0.0,0.0,0.0,0.0,0.0,0.0,0.0,0.0,0.0,0.0,0.0,0.0,0.0,0.0,0.0
Y101,157894359510.73828,32449.049026461285,0.006632030493554662,1.3554735743279068e-09,2.770356096050613e-16,5.662133917092605e-23,1.1572433067645885e-29,2.3652073417209068e-36,4.834079174733543e-43,9.88003083509369e-50,2.0193092784373512e-56,4.1271227084631976e-63,8.435132761779689e-70,1.7239968310838866e-76,3.523554587136338e-83,7.201542778198656e-90,1.4718721422838708e-96,3.0082548558757563e-103,6.148358283252793e-110,1.256619249044254e-116,2.5683147668374415e-123,5.249196004734261e-130,1.0728458618819318e-136,2.192713402812732e-143,4.4815310732901166e-150,9.159482828490811e-157,1.8720415927814962e-163,3.826132753044659e-170,7.8199607852568585e-177,1.598266203238592e-183,3.2665826933949256e-190,6.676336189281427e-197,1.3645289005674664e-203,2.788863633729409e-210,5.699960157900561e-217,1.1649743432670859e-223,2.381008257732203e-230,4.8663735438928866e-237,9.946035000842972e-244,2.032799400739361e-250,4.154694210603601e-257,8.491484195314498e-264,1.7355141000569646e-270,3.5470939145815386e-277
Y102,119941469657.12311,521.30013318711,2.2653927791776526e-06,9.844625230717572e-15,4.278138732677617e-23,1.8591333430274603e-31,8.07916012810825e-40,3.510927746006761e-48,1.5257295860239904e-56,6.6303009861611985e-65,2.881302923518124e-73,1.2521160886062132e-81,5.441269942669605e-90,2.3645905406388503e-98,1.0275704906740075e-106,4.465471273596242e-115,1.940541683153421e-123,8.432933039614496e-132,3.66466540079981e-140,1.5925387331704907e-148,6.92063077871925e-157,3.0074703602344826e-165,1.3069441582552967e-173,5.679534054209173e-182,2.468132006189402e-190,1.0725660840895758e-198,4.6610067932118864e-207,2.0255147583571134e-215,8.802197075313238e-224,3.825134970406014e-232,1.6622733411478784e-240,7.223673627384813e-249,3.139162458019157e-257,1.3641730573872051e-265,5.928231352752114e-274,2.5762073793675576e-282,1.1195319592962192e-290,4.865104486244126e-299,2.1142086624264023e-307,9.18763057e-316,5e-324,0.0,0.0,0.0
Y102_m1,0.0,0.0,0.0,0.0,0.0,0.0,0.0,0.0,0.0,0.0,0.0,0.0,0.0,0.0,0.0,0.0,0.0,0.0,0.0,0.0,0.0,0.0,0.0,0.0,0.0,0.0,0.0,0.0,0.0,0.0,0.0,0.0,0.0,0.0,0.0,0.0,0.0,0.0,0.0,0.0,0.0,0.0,0.0,0.0
Y103,738673640.6504098,6.0302317900181995e-05,4.9212261700389975e-18,4.016175142183647e-31,3.277569901357735e-44,2.674799797810947e-57,2.1828837137556392e-70,1.781434749501352e-83,1.4538153117056963e-96,1.1864475873402346e-109,9.682508267531728e-123,7.90182114668801e-136,6.448615969027497e-149,5.262666307427918e-162,4.294821834073909e-175,3.504971341314832e-188,2.8603803785232607e-201,2.334334610214416e-214,1.9050326709548079e-227,1.5546826326975714e-240,1.2687646386662902e-253,1.0354291444916046e-266,8.450058273925475e-280,6.896028107050777e-293,5.6277959407660424e-306,4.5928e-319,0.0,0.0,0.0,0.0,0.0,0.0,0.0,0.0,0.0,0.0,0.0,0.0,0.0,0.0,0.0,0.0,0.0,0.0
Y104,127052490.39133462,2.3995142132002444e-09,4.531423773156376e-26,8.557482718362718e-43,1.616059634697716e-59,3.051889006208825e-76,5.763417578312617e-93,1.0884072819956957e-109,2.0554304722929473e-126,3.8816300628601557e-143,7.33036322463956e-160,1.3843211263041991e-176,2.6142565136345715e-193,4.93695934362194e-210,9.323326702432011e-227,1.7606873938020043e-243,3.3250149840664194e-260,6.279209292452892e-277,1.1858132828684746e-293,2.2393793172612e-310,0.0,0.0,0.0,0.0,0.0,0.0,0.0,0.0,0.0,0.0,0.0,0.0,0.0,0.0,0.0,0.0,0.0,0.0,0.0,0.0,0.0,0.0,0.0,0.0
Y105,51.062013486137396,3.163325507202397e-33,1.959701073525825e-67,1.2140477762513568e-101,7.521106269381469e-136,4.659375077477798e-170,2.886513676984201e-204,1.7882143139090437e-238,1.1078105944781627e-272,6.862959901910688e-307,0.0,0.0,0.0,0.0,0.0,0.0,0.0,0.0,0.0,0.0,0.0,0.0,0.0,0.0,0.0,0.0,0.0,0.0,0.0,0.0,0.0,0.0,0.0,0.0,0.0,0.0,0.0,0.0,0.0,0.0,0.0,0.0,0.0,0.0
Y106,0.00040833872181046145,1.061098265454542e-49,2.7573420516153023e-95,7.165156552536607e-141,1.8619187413574654e-186,4.8383330831625015e-232,1.2572765128600649e-277,3.5e-323,0.0,0.0,0.0,0.0,0.0,0.0,0.0,0.0,0.0,0.0,0.0,0.0,0.0,0.0,0.0,0.0,0.0,0.0,0.0,0.0,0.0,0.0,0.0,0.0,0.0,0.0,0.0,0.0,0.0,0.0,0.0,0.0,0.0,0.0,0.0,0.0
Y107,2.3408666688011075e-05,4.663714750697576e-52,9.291531023855181e-99,1.8511541417568525e-145,3.6880592097745995e-192,7.347729952889999e-239,1.4638901489842466e-285,0.0,0.0,0.0,0.0,0.0,0.0,0.0,0.0,0.0,0.0,0.0,0.0,0.0,0.0,0.0,0.0,0.0,0.0,0.0,0.0,0.0,0.0,0.0,0.0,0.0,0.0,0.0,0.0,0.0,0.0,0.0,0.0,0.0,0.0,0.0,0.0,0.0
Y108,5.480527694381892e-08,3.5066289194701674e-55,2.243661024004964e-102,1.4355710017357519e-149,9.185273884848174e-197,5.877052144245141e-244,3.760338813974099e-291,0.0,0.0,0.0,0.0,0.0,0.0,0.0,0.0,0.0,0.0,0.0,0.0,0.0,0.0,0.0,0.0,0.0,0.0,0.0,0.0,0.0,0.0,0.0,0.0,0.0,0.0,0.0,0.0,0.0,0.0,0.0,0.0,0.0,0.0,0.0,0.0,0.0
Y97,14265126365401.94,2389051092658.6367,376251991546.3638,59255975526.9571,9332231362.308586,1469734341.982712,231468654.40217593,36454028.75901787,5741149.77336996,904174.4312584986,142398.54983991338,22426.36630222639,3531.9313721035096,556.2443353121616,87.60299336807184,13.796606922279334,2.1728294348131314,0.3421991928440306,0.05389299579015365,0.008487614979738795,0.0013367155970469946,0.0002105195148052877,3.3154746014604666e-05,5.2215453009648225e-06,8.223418547081551e-07,1.2951072661954948e-07,2.0396661331893838e-08,3.2122728699537307e-09,5.059012758576151e-10,7.96744583277103e-11,1.254794089825676e-11,1.976176858818809e-12,3.112283528426184e-13,4.901539413381547e-14,7.719440854760973e-15,1.215735753291478e-15,1.9146638333521668e-16,3.015406583891005e-17,4.748967786294836e-18,7.479155599031902e-19,1.177893196832424e-19,1.8550655415214203e-20,2.9215451558718366e-21,4.601145300126656e-22
Y97_m1,2660932595406.9443,7704055715.7427,20597507.451899517,55069.19434393632,147.232191684888,0.39363783194192387,0.0010524243439068667,2.8137463164648514e-06,7.522790953342052e-09,2.0112823745527572e-11,5.377335107775986e-14,1.4376764410193801e-16,3.843750682514199e-19,1.0276595545276245e-21,2.74753553818202e-24,7.345770785971164e-27,1.9639545217941647e-29,5.250800053606362e-32,1.403846214206898e-34,3.7533026834443327e-37,1.0034775099286093e-39,2.68288277781116e-42,7.172916112477518e-45,1.9177403493795506e-47,5.127242518898103e-50,1.370812052637979e-52,3.6649830327538166e-55,9.798644974360089e-58,2.619751373348352e-60,7.004128913864208e-63,1.8726136510934223e-65,5.006592439097157e-68,1.3385552239560346e-70,3.578741647888349e-73,9.568071270514337e-76,2.558105525489949e-78,6.839313477637205e-81,1.828548837383514e-83,4.888781398351289e-86,1.30705743659899e-88,3.4945296247953896e-91,9.342923238590021e-94,2.497910277332285e-96,6.678376343530675e-99
Y97_m2,0.0,0.0,0.0,0.0,0.0,0.0,0.0,0.0,0.0,0.0,0.0,0.0,0.0,0.0,0.0,0.0,0.0,0.0,0.0,0.0,0.0,0.0,0.0,0.0,0.0,0.0,0.0,0.0,0.0,0.0,0.0,0.0,0.0,0.0,0.0,0.0,0.0,0.0,0.0,0.0,0.0,0.0,0.0,0.0
Y98,1304582829493.81,77407933.26828077,2046.1003788775743,0.050699283981144865,1.2461553230807587e-06,3.059755597164984e-11,7.511760176872897e-16,1.844118800827365e-20,4.527256044120265e-25,1.1114273648465629e-29,2.7285197162369496e-34,6.698431258956637e-39,1.644444093003751e-43,4.037059231078482e-48,9.910855166425466e-53,2.433084195880645e-57,5.973146216784121e-62,1.466388865107393e-66,3.5999391705308658e-71,8.837738978994037e-76,2.169637501105686e-80,5.326392754292387e-85,1.30761289655624e-89,3.2101490936098875e-94,7.880816433016242e-99,1.9347159848285345e-103,4.7496677200466576e-108,1.1660286898830022e-112,2.862564258741276e-117,7.027506446899849e-122,1.7252310305493325e-126,4.2353886563609605e-131,1.0397747752496232e-135,2.552614815222913e-140,6.266590178946411e-145,1.5384284474364871e-149,3.7767941101898554e-154,9.271912369102024e-159,2.276225721395905e-163,5.588063528307594e-168,1.371852259768498e-172,3.3678547373313635e-177,8.267978895686155e-182,2.0297631682796014e-186
Y98_m1,2749240696860.214,85913771776.88177,2684805368.027558,83900167.75086121,2621880.242214413,81933.7575692004,2560.4299240375126,80.01343512617227,2.5004198476928834,0.0781381202404026,0.0024418162575125814,7.630675804726817e-05,2.3845861889771303e-06,7.451831840553532e-08,2.328697450172979e-09,7.277179531790559e-11,2.2741186036845496e-12,7.106620636514218e-14,2.220818948910693e-15,6.940059215345916e-17,2.1687685047955986e-18,6.777401577486246e-20,2.1179379929644518e-21,6.618556228013912e-23,2.0682988212543474e-24,6.463433816419836e-26,2.0198230676311987e-27,6.311947086347496e-29,1.9724834644835925e-30,6.164010826511226e-32,1.9262533832847583e-33,6.01954182276487e-35,1.8811068196140217e-36,5.878458811293818e-38,1.837018378529318e-39,5.740682432904119e-41,1.7939632602825372e-42,5.606135188382929e-44,1.7519172463696652e-45,5.474741394905204e-47,1.7108566859078762e-48,5.346427143462113e-50,1.6707584823319104e-51,5.22112025728722e-53
Y99,3824169064573.3247,34793594050.9469,311656502.3318549,2791599.3760894123,25005.180441525677,223.9787894598068,2.0062441958854964,0.017970522044662346,0.00016096727567860178,1.4418314490249862e-06,1.2914910304802074e-08,1.156826675502709e-10,1.0362038338408405e-12,9.281583905383781e-15,8.313788945690335e-17,7.446906404993042e-19,6.6704140996354836e-21,5.974886998819129e-23,5.351882823977707e-25,4.793839576756598e-27,4.293983751796281e-29,3.8462481202104424e-31,3.445198085818049e-33,3.085965720244521e-35,2.7641906762127554e-37,2.4759672618320922e-39,2.2177970334751456e-41,1.9865463318168533e-43,1.7794082456099652e-45,1.5938685415149166e-47,1.4276751464417632e-49,1.2788108119821579e-51,1.1454686291333958e-53,1.0260300961132693e-55,9.190454730538132e-58,8.232161851200343e-60,7.373790604634223e-62,6.604922116911946e-64,5.91622389481137e-66,5.299336548407577e-68,4.746772325151111e-70,4.251824223843867e-72,3.8084845853418945e-74,3.411372171842505e-76
Zn78,6523539339.00875,58466416.41248535,523700.96682967,4690.944297072339,42.01817409550916,0.37636920042354727,0.0033712501334654645,3.0197283543926913e-05,2.704859910513253e-07,2.422822941957361e-09,2.1701940959156965e-11,1.9439069741276362e-13,1.7412149130687029e-15,1.5596576450647483e-17,1.3970314356668598e-19,1.251362334815718e-21,1.1208822171191689e-23,1.0040073204209107e-25,8.993190221623505e-28,8.055466202019153e-30,7.215519090861434e-32,6.463153645599774e-34,5.789237686244223e-36,5.185591249350556e-38,4.644887299969583e-40,4.160562796406437e-42,3.7267390282977837e-44,3.3381502610737545e-46,2.9900798206942184e-48,2.6783028428585286e-50,2.3990349917811286e-52,2.1488865260836678e-54,1.9248211542573553e-56,1.72411918028489e-58,1.5443444920851052e-60,1.3833149920874428e-62,1.2390761110238283e-64,1.1098770834494675e-66,9.941496970258412e-69,8.904892576255907e-71,7.976375392145437e-73,7.144675115572654e-75,6.3996966037167565e-77,5.732397338873422e-79
Zn79,2026182719.0780718,1910966.1543196687,1802.2951047392198,1.6998038595421308,0.0016031409913485782,1.5119750574247954e-06,1.4259934632147672e-09,1.3449013904995508e-12,1.268420786509041e-15,1.1962894105199843e-18,1.1282599346711738e-21,1.0640990959126586e-24,1.0035868961811023e-27,9.465158480588437e-31,8.926902633301058e-34,8.419255819949382e-37,7.94047739440164e-40,7.488925695974698e-43,7.06305242042142e-46,6.661397311023533e-49,6.28258315158645e-52,5.9253110441678855e-55,5.588355955348119e-58,5.2705625157709356e-61,4.9708410585522944e-64,4.688163882973126e-67,4.421561730644991e-70,4.170120462065854e-73,3.932977922170404e-76,3.70932098412738e-79,3.4983827612474373e-82,3.2994399774416964e-85,3.111810487214574e-88,2.9348509366873965e-91,2.7679545576327275e-94,2.6105490869555013e-97,2.462094804487201e-100,2.322082682364898e-103,2.1900326396497185e-106,2.0654918962000227e-109,1.9480334201550187e-112,1.8372544637054203e-115,1.7327751821305402e-118,1.6342373313667125e-121
Zn80,162375121.71083367,432.422390938309,0.001151538929186174,3.0665431143699e-09,8.166190854646404e-15,2.1746530404876773e-20,5.791091502363711e-26,1.542165125395285e-31,4.106778960433851e-37,1.0936334347166087e-42,2.9123410367420736e-48,7.75555139870953e-54,2.0652999335995102e-59,5.499884658666412e-65,1.4646168707280752e-70,3.9002682986108916e-76,1.0386397361097605e-81,2.7658930587169203e-87,7.36556107598217e-93,1.9614456818222235e-98,5.2233212419951686e-104,1.3909681542509714e-109,3.7041420898732897e-115,9.864114128018544e-121,2.626809262975743e-126,6.995181538355976e-132,1.8628137735102916e-137,4.960664903051532e-143,1.3210228864689737e-148,3.517878148756486e-154,9.368094070328593e-160,2.494719339313898e-165,6.643426651381255e-171,1.769141601492571e-176,4.7112163200913196e-182,1.254594838308536e-187,3.3409805480549697e-193,8.897016536056126e-199,2.36927159869096e-204,6.309359868686898e-210,1.6801797638814817e-215,4.474311336982515e-221,1.1915071452832002e-226,3.172978298417566e-232
Zn81,0.2532725972102892,9.91746872086684e-11,3.883412059288366e-20,1.5206389499868416e-29,5.95441014477568e-39,2.3315856911671443e-48,9.129857875217249e-58,3.575004990699739e-67,1.399875097532548e-76,5.4815316168501215e-86,2.1464192712256528e-95,8.404796341458071e-105,3.291090538012624e-114,1.2887018898922177e-123,5.046207455643701e-133,1.9759581238391596e-142,7.737316670957045e-152,3.029723582924615e-161,1.1863576714372959e-170,4.645455224068676e-180,1.8190344074466228e-189,7.12284591256189e-199,2.7891134816584496e-208,1.0921412745781225e-217,4.2765293398097445e-227,1.6745730263988247e-236,6.557174282983579e-246,2.5676117971328716e-255,1.0054072160144243e-264,3.9369022651423995e-274,1.541584265400876e-283,6.036426325268704e-293,2.363701005401838e-302,9.25561274483e-312,3.626e-321,0.0,0.0,0.0,0.0,0.0,0.0,0.0,0.0,0.0
Zn82,697753.5487729575,-8.726524834629024e-42,1.0913915926807552e-88,-1.3649598564683087e-135,1.7071007530795302e-182,-2.135002701621456e-229,2.670162571077341e-276,-3.5e-323,-0.0,0.0,0.0,0.0,0.0,0.0,0.0,0.0,0.0,0.0,0.0,0.0,0.0,0.0,0.0,0.0,0.0,0.0,0.0,0.0,0.0,0.0,0.0,0.0,0.0,0.0,0.0,0.0,0.0,0.0,0.0,0.0,0.0,0.0,0.0,0.0
Zn83,3376.4164781971303,6.539457483624905e-44,1.266564846377402e-90,2.453088064408904e-137,4.751151169998821e-184,9.202049354726737e-231,1.7822567478282775e-277,5e-324,0.0,0.0,0.0,0.0,0.0,0.0,0.0,0.0,0.0,0.0,0.0,0.0,0.0,0.0,0.0,0.0,0.0,0.0,0.0,0.0,0.0,0.0,0.0,0.0,0.0,0.0,0.0,0.0,0.0,0.0,0.0,0.0,0.0,0.0,0.0,0.0
Zr103,809692836041.8124,3918787096.5398483,18946819.515246868,91605.37709749585,442.899934019088,2.1413628519354124,0.010353207375847887,5.00563941652538e-05,2.4201607346071847e-07,1.1701158421435196e-09,5.657355994817702e-12,2.7352571172328573e-14,1.3224607933858837e-16,6.393923770545238e-19,3.0913779363449413e-21,1.494640519385699e-23,7.22639007002437e-26,3.493864428726295e-28,1.6892374377844435e-30,8.167240542452344e-33,3.9487532413302505e-35,1.909170187882603e-37,9.230586424467984e-40,4.462866971229486e-42,2.1577374055125656e-44,1.043237618589704e-46,5.043916493546551e-49,2.4386671972453738e-51,1.1790634731026253e-53,5.700616612119652e-56,2.7561730559645607e-58,1.3325733743038784e-60,6.442816767476796e-63,3.115017056450231e-65,1.506069722634062e-67,7.2816487625267e-70,3.5205812788050955e-72,1.7021546829419033e-74,8.229693721612979e-77,3.978948530958375e-79,1.9237692127517986e-81,9.301170787047792e-84,4.496993580954707e-86,2.174237171873995e-88
Zr104,124241207293.87889,385636594.28067833,1195624.8739034818,3706.9066066283867,11.492866107245648,0.03563239794681919,0.00011047442575181702,3.425141008867522e-07,1.0619282110577586e-09,3.29239445185116e-12,1.0207715656958586e-14,3.164792689853187e-17,9.812100088152766e-20,3.042136328506048e-22,9.431817203322611e-25,2.9242337012746233e-27,9.066272760945702e-30,2.8109005699523124e-32,8.714895550234983e-35,2.701959836764843e-37,8.377136498547531e-40,2.597241267631943e-42,8.052467813387045e-45,2.496581226154426e-47,7.740382157659361e-50,2.3998224179110065e-52,7.440391856892187e-55,2.3068136446652892e-57,7.152028137180229e-60,2.217409568098839e-62,6.874840392664937e-65,2.1314704827011313e-67,6.608395481404183e-70,2.0488620974615027e-72,6.352277048531566e-75,1.9694553260219642e-77,6.106084875647732e-80,1.893126084962954e-82,5.869434255427015e-85,1.8197550999068415e-87,5.641955390462142e-90,1.749227719136183e-92,5.423292815407638e-95,1.6814337344354814e-97
Zr105,86357434223.78732,830105.2037152107,7.97933212118582,7.67008095061061e-05,7.372815280206295e-10,7.087070593657306e-15,6.812400377685399e-20,6.548375424314591e-25,6.294583160177798e-30,6.05062700181718e-35,5.816125735970899e-40,5.590712923877761e-45,5.374036328668914e-50,5.16575736495189e-55,4.9655505697268426e-60,4.773103093808244e-65,4.5881142129572745e-70,4.4102948579610666e-75,4.239367162924404e-80,4.0750640310680953e-85,3.917128717355467e-90,3.765314427294821e-95,3.6193839312909017e-100,3.479109193942775e-105,3.3442710177088124e-110,3.2146587003819964e-115,3.0900697058402864e-120,2.9703093475575604e-125,2.855190484380556e-130,2.7445332280964726e-135,2.638164662334196e-140,2.5359185723599665e-145,2.4376351853452173e-150,2.3431609207007136e-155,2.252348150086889e-160,2.1650549667253531e-165,2.081144963651063e-170,2.0004870205586838e-175,1.9229550989100389e-180,1.8484280449824847e-185,1.776789400550433e-190,1.707927220904226e-195,1.6417338999219425e-200,1.5781060019208234e-205
Zr106,563564.0285995915,3.9965400240782744e-06,2.834164592066509e-17,2.0098607511821584e-28,1.4253019215786283e-39,1.0107593605481638e-50,7.167846120660507e-62,5.083110779365341e-73,3.6047112005969208e-84,2.556297394197509e-95,1.8128099600597348e-106,1.2855624540208974e-117,9.116624795760578e-129,6.465096068006784e-140,4.584752373267954e-151,3.2512980631804725e-162,2.305672855370868e-173,1.6350784248903113e-184,1.1595233249652633e-195,8.222812561597439e-207,5.831245044181434e-218,4.135254027812194e-229,2.9325342606893413e-240,2.079620050492176e-251,1.4747720469572464e-262,1.0458413256651045e-273,7.41663147688242e-285,5.259538049799446e-296,3.729825404364869e-307,2.645025e-318,0.0,0.0,0.0,0.0,0.0,0.0,0.0,0.0,0.0,0.0,0.0,0.0,0.0,0.0
Zr107,29032.14256849509,2.478635757030146e-16,2.116149435928899e-36,1.8066746687087934e-56,1.5424588184251926e-76,1.3168830270023152e-96,1.1242964065499868e-116,9.598744792531899e-137,8.194983196191676e-157,6.996513714805145e-177,5.973313549221778e-197,5.099750563171757e-217,4.3539411738998714e-237,3.7172021476263166e-257,3.173582566789967e-277,2.7094642444088307e-297,2.313221e-317,0.0,0.0,0.0,0.0,0.0,0.0,0.0,0.0,0.0,0.0,0.0,0.0,0.0,0.0,0.0,0.0,0.0,0.0,0.0,0.0,0.0,0.0,0.0,0.0,0.0,0.0,0.0
Zr108,30.812166250669357,7.24390548853877e-37,1.7030339960217217e-74,4.0038136833709215e-112,9.412920733582263e-150,2.212967029527311e-187,5.2026604837999404e-225,1.223139601653926e-262,2.8755873841712476e-300,0.0,0.0,0.0,0.0,0.0,0.0,0.0,0.0,0.0,0.0,0.0,0.0,0.0,0.0,0.0,0.0,0.0,0.0,0.0,0.0,0.0,0.0,0.0,0.0,0.0,0.0,0.0,0.0,0.0,0.0,0.0,0.0,0.0,0.0,0.0
Zr109,56003.83896909727,1.0451011839281864e-21,1.9502885958421364e-47,3.639480717814641e-73,6.791722990937676e-99,1.2674198536028786e-124,2.3651628422568612e-150,4.4136875830772174e-176,8.236489146946605e-202,1.5370311602451783e-227,2.868291022322825e-253,5.3525872484103605e-279,9.98859252037943e-305,0.0,0.0,0.0,0.0,0.0,0.0,0.0,0.0,0.0,0.0,0.0,0.0,0.0,0.0,0.0,0.0,0.0,0.0,0.0,0.0,0.0,0.0,0.0,0.0,0.0,0.0,0.0,0.0,0.0,0.0,0.0
Zr110,1131.1290256972597,2.1685310779844437e-28,4.1573745605949985e-59,7.97026310231479e-90,1.5280098772488085e-120,2.9294066644949506e-151,5.616078491219164e-182,1.0766800663701059e-212,2.064144878194323e-243,3.9572517512470136e-274,7.586599946630961e-305,0.0,0.0,0.0,0.0,0.0,0.0,0.0,0.0,0.0,0.0,0.0,0.0,0.0,0.0,0.0,0.0,0.0,0.0,0.0,0.0,0.0,0.0,0.0,0.0,0.0,0.0,0.0,0.0,0.0,0.0,0.0,0.0,0.0
