Ag120,5073367039.142359,3835992528.0706186,2415145582.2074623,1432001531.7421098,829344802.5900754,475614443.31321067,271604998.69282055,154817827.7665378,88176822.7397124,50203568.51597323,28579026.899483524,16267871.7544793,9259788.511246143,5270668.437988037,3000045.37422138,1707610.6327403788,971962.2431056936,553235.1009188996,314898.04611145466,179238.03088334005,102021.1804503192,58069.82491408528,33052.98491699881,18813.55436683223,10708.558644782122,6095.24526494339,3469.3758573085406,1974.7472520807414,1124.0139061791442,639.7817543085993,364.1598123399262,207.27750991604643,117.98107495947488,67.15409720146683,38.223696236800905,21.756691175814787,12.38377387647838,7.048767396864969,4.01211474875823,2.2836708676700805,1.2998513149353768,0.7398673183859698,0.4211278955723181,0.2397033900835869,0.13643768513476995,0.07765948541004485,0.044203298144465684,0.02516024354953802,0.014321054809149506,0.008151455706017201,0.004639758105297448,0.0026409215791705037,0.0015031962074413586,0.000855609971870429,0.00048700789713286644,0.00027720187897213296,0.00015778159277921757,8.980830545686718e-05,5.111833127657667e-05,2.909623758302441e-05,1.6561398237108064e-05,9.426645310598808e-06
Ag120_m1,174367616.6068692,19986976.179057635,2291017.2459539114,262609.0096989209,30101.690459485668,3450.4214823304796,395.5063062571632,45.33511024384548,5.196559924091979,0.5956583076434634,0.06827763455968847,0.007826358368960663,0.0008971002834882063,0.00010283057338984273,1.178700644544257e-05,1.351091570968794e-06,1.548695541647669e-07,1.77520009172995e-08,2.0348320770170844e-09,2.3324365523340303e-10,2.6735671862608385e-11,3.064589899475656e-12,3.5128016607292203e-13,4.026566657330972e-14,4.615472381257024e-15,5.290508543640226e-16,6.064272156408681e-17,6.951202608150334e-18,7.967851121010895e-19,9.133189617024827e-20,1.0468964757708371e-20,1.200010376373223e-21,1.375517958777256e-22,1.5766944121242244e-23,1.8072939385201575e-24,2.0716198111028475e-25,2.374604678455262e-26,2.7219026139452537e-27,3.1199946277464543e-28,3.576309610525438e-29,4.099362965754438e-30,4.698915517700387e-31,5.386155660510533e-32,6.173908147522353e-33,7.076873417065328e-34,8.111901920870702e-35,9.298308574397726e-36,1.0658233197109217e-36,1.2217053668959253e-37,1.4003859513105116e-38,1.6051994742484488e-39,1.839968010044799e-40,2.1090726307229185e-41,2.4175351622315355e-42,2.7711118979447263e-43,3.176401018234854e-44,3.640965720700995e-45,4.173475358815526e-46,4.783867222811129e-47,5.483531981840131e-48,6.285526247986908e-49,7.204816228841351e-50
Ag121,2550432664.487873,1057322783.652396,435534092.6259294,179162217.23344475,73679173.75198294,30298153.643953618,12458961.19355874,5123258.565552384,2106737.637916625,866312.4934057044,356236.72451338154,146488.25234606807,60237.495383766094,24770.2856100812,10185.799480220589,4188.506853863799,1722.3576508535489,708.2514081875153,291.2403570483462,119.76106872940926,49.24699903739409,20.25087902036674,8.327372410776444,3.424302283274658,1.4081087705487527,0.5790289950103937,0.2381027546132583,0.09791033306268859,0.04026174890759878,0.016556050565783045,0.006808020460458245,0.0027995289338998202,0.0011511954608924208,0.0004733835657605446,0.00019466025357539978,8.004632408638895e-05,3.2915882323462406e-05,1.3535353702972285e-05,5.565878443245516e-06,2.2887471967712467e-06,9.411566896659898e-07,3.8701343501484784e-07,1.5914395607722612e-07,6.544165257451179e-08,2.6910289257890067e-08,1.106579127290195e-08,4.550368646057205e-09,1.8711589893914985e-09,7.694400686885785e-10,3.164017716613253e-10,1.3010770452993367e-10,5.3501643461618094e-11,2.2000433129119927e-11,9.046807285763321e-12,3.7201413983713835e-12,1.5297608964938712e-12,6.290536164744225e-13,2.586734000761112e-13,1.0636919676568847e-13,4.3740121780007736e-14,1.7986393725848343e-14,7.396192468058086e-15
Ag122,223202320.42248604,60596253.60559329,16352666.756892437,4411109.338686637,1189854.955212262,320951.40961491887,86573.40152763677,23352.30047063911,6299.047131498059,1699.1043262633775,458.31622643417023,123.62617183933206,33.34691089280881,8.994992318761073,2.4263083040778444,0.654472152706392,0.17653725124224587,0.04761914001580018,0.012844781936322252,0.003464750160060154,0.0009345813522680938,0.0002520938779586045,6.799977674493284e-05,1.8342252794095998e-05,4.947637384524099e-06,1.3345751998696602e-06,3.599881773224295e-07,9.710317397219821e-08,2.619260017261549e-08,7.0651892800015156e-09,1.905763430636288e-09,5.140604320157454e-10,1.3866260812654242e-10,3.740283767233449e-11,1.00890375916362e-11,2.7214159636004766e-12,7.340744624719367e-13,1.9800917010148476e-13,5.3410973203249985e-14,1.440707042535549e-14,3.886161696610368e-15,1.0482528568488568e-15,2.8275561792764e-16,7.627047133454101e-17,2.0573189103113505e-17,5.5494099153519466e-18,1.4968972605198035e-18,4.0377291328813043e-19,1.0891366415392492e-19,2.9378360581035685e-20,7.924515965320658e-21,2.1375581224624013e-21,5.765847083784751e-22,1.5552790000999805e-22,4.1952079772539057e-23,1.1316149688437521e-23,3.052417054540088e-24,8.233586627408494e-25,2.220926811105576e-25,5.990725698892761e-26,1.6159377346392037e-26,4.358828785490059e-27
Ag122_m1,83198169.93184152,2599942.810370049,81248.21282406418,2539.0066507520105,79.3439578360004,2.4794986823750156,0.0774843338242193,0.0024213854320068546,7.566829475021432e-05,2.3646342109442024e-06,7.389481909200638e-08,2.3092130966252014e-09,7.216290926953754e-11,2.2550909146730483e-12,7.047159108353276e-14,2.2022372213603987e-15,6.881991316751246e-17,2.1506222864847643e-18,6.720694645264889e-20,2.1002170766452777e-21,6.563178364516493e-23,2.050993238911404e-24,6.409353871598137e-26,2.002923084874418e-27,6.259134640232556e-29,1.9559795750726738e-30,6.112436172102106e-32,1.910136303781908e-33,5.969175949318462e-35,1.8653674841620195e-36,5.829273388006311e-38,1.8216479337519722e-39,5.692649792974913e-41,1.7789530603046603e-42,5.559228313452064e-44,1.73725884795377e-45,5.428933899855531e-47,1.6965418437048534e-48,5.301693261577667e-50,1.656779144243021e-51,5.17743482575944e-53,1.617948383049825e-54,5.056088697030703e-56,1.5800277178220948e-57,4.937586618194046e-59,1.5429958181856395e-60,4.821861931830123e-62,1.5068318536969135e-63,4.708849542802855e-65,1.471515482125892e-66,4.598485881643413e-68,1.4370268380135665e-69,4.490708868792395e-71,1.4033465214976236e-72,4.385457879680074e-74,1.370455587400023e-75,4.282673710625072e-77,1.338335534570335e-78,4.182298545532297e-80,1.3069682954788427e-81,4.0842759233713836e-83,1.2763362260535574e-84
Ag123,102900388.03834295,10235298.268020727,1017004.7361721561,100989.23666119447,10024.631472252622,994.8747520551024,98.72190293797071,9.795493994278324,0.9718968493887482,0.09642792714245761,0.009567069142700758,0.0009491855659113325,9.417184116488337e-05,9.343071188386105e-06,9.269524701614661e-07,9.19654733319092e-08,9.124138768540259e-09,9.052296961354701e-10,8.981018868992592e-11,8.910300881695776e-12,8.840139073055731e-13,8.770529346124103e-14,8.701467518600615e-15,8.63294937245451e-16,8.564970682783007e-17,8.497527234548976e-18,8.430614832243235e-19,8.364229305417059e-20,8.298366511804593e-21,8.233022339038968e-22,8.16819270554837e-23,8.103873560974075e-24,8.040060886310323e-25,7.976750693882564e-26,7.913939027232186e-27,7.851621960947459e-28,7.789795600463834e-29,7.728456081847234e-30,7.667599571568082e-31,7.607222266270825e-32,7.54732039254154e-33,7.4878902066751895e-34,7.428927994443484e-35,7.370430070863758e-36,7.312392779969334e-37,7.254812494581371e-38,7.197685616082367e-39,7.141008574191418e-40,7.084777826741148e-41,7.028989859456332e-42,6.9736411857343415e-43,6.91872834642723e-44,6.864247909625529e-45,6.810196470443829e-46,6.75657065080792e-47,6.703367099243725e-48,6.650582490667822e-49,6.598213526179628e-50,6.546256932855219e-51,6.494709463542815e-52,6.4435678966598025e-53,6.392829035991434e-54
Ag124,118309549.48982634,2103324.1312063662,37387.96359304135,664.5955327394333,11.813620740216454,0.20999484365837617,0.0037327958407354827,6.635289012753822e-05,1.179466066757872e-06,2.0965781595583776e-08,3.726804953137801e-10,6.624639826315018e-12,1.1775731191209775e-13,2.093213584484699e-15,3.7208288288158226e-17,6.614098228300836e-19,1.1758422861267796e-20,2.0926506685858365e-22,3.76401513417918e-24,7.467585538323855e-26,2.692880475613056e-27,2.878906663629128e-28,4.7308845557308636e-29,8.257379229482376e-30,1.450446131269003e-30,2.549419062695423e-31,4.4813535276515634e-32,7.877348342004795e-33,1.3846856300600916e-33,2.4340099489043283e-34,4.278519501611025e-35,7.520811139882346e-36,1.3220133783293334e-36,2.3238442502910914e-37,4.0848694787334725e-38,7.180411792313238e-39,1.2621777458401741e-39,2.218664762095704e-40,3.89998424769288e-41,6.85541925580757e-42,1.2050503332340162e-42,2.1182458015200577e-43,3.7234671049926964e-44,6.545136202802202e-45,1.1505085638004065e-45,2.0223719023774683e-46,3.554939302681633e-47,6.248896867531646e-48,1.098435408773106e-48,1.930837350694088e-49,3.3940392353151597e-50,5.966065617447132e-51,1.0487191362235305e-51,1.8434457433138914e-52,3.2404216640686656e-53,5.696035589357518e-54,1.0012530713206554e-54,1.760009566481876e-55,3.0937569759680547e-56,5.438227387299584e-57,9.559353674417585e-58,1.6803497935009555e-58
Ag125,343.2047560802649,5.273750611991251,0.0810374711449136,0.001245237443556652,1.9134559237768002e-05,2.9402533832970945e-07,4.518050702940845e-09,6.942533325234146e-11,1.0668194293036074e-12,1.6395825953350252e-14,2.5244634668611643e-16,3.967893892126112e-18,7.657275867712541e-20,3.919045125630276e-21,5.422841124030263e-22,9.307026374363025e-23,1.6325338115944225e-23,2.8691472795079665e-24,5.043325173047923e-25,8.865179273789268e-26,1.5583271447498538e-26,2.7392381919554877e-27,4.815051814814745e-28,8.463931346847999e-29,1.4877956999164955e-29,2.6152575605766873e-30,4.597117808944701e-31,8.080845446311412e-32,1.420456595654706e-32,2.496888417857265e-33,4.389047712053618e-34,7.715098392428172e-35,1.35616532582639e-35,2.3838767795610117e-36,4.190395073452626e-37,7.365905411792958e-38,1.294783942430918e-38,2.2759801597409808e-39,4.000733649669092e-40,7.0325172506847e-41,1.2361807411315305e-41,2.1729670476040668e-42,3.8196564894313725e-43,6.714218567346434e-44,1.1802299786599593e-44,2.0746164107645357e-45,3.646775060484698e-46,6.410326397096349e-47,1.1268116030125703e-47,1.9807172209809594e-48,3.4817184159282814e-49,6.120188686909326e-50,1.0758109958581003e-50,1.8910680013587376e-51,3.324132398284788e-52,5.843182896324839e-53,1.0271187266042827e-53,1.8054763940467185e-54,3.1736788795944355e-55,5.5787146616790135e-56,9.806303175956317e-57,1.7237587475002487e-57
Ag126,63.30161726391371,0.09728600289726246,0.00014951539579576606,2.2978489108625545e-07,3.531482218971425e-10,5.427409349655585e-13,8.341192287613561e-16,1.2819281593963252e-18,1.9701497689887375e-21,3.0278530694529856e-24,4.6533996321008974e-27,7.151644296910628e-30,1.0991107618763264e-32,1.6891842165503247e-35,2.59604711045837e-38,3.989772420134658e-41,6.131739250932373e-44,9.42365184833166e-47,1.4482875172009555e-49,2.225821545870723e-52,3.420785924908931e-55,5.257284154591752e-58,8.079732929460434e-61,1.2417454010810784e-63,1.9083943176930944e-66,2.9329433140099005e-69,4.5075362064554055e-72,6.92747198878792e-75,1.0646585175891256e-77,1.6362357883361141e-80,2.5146725553790377e-83,3.864710762259378e-86,5.93953643943601e-89,9.128262187145926e-92,1.4028901313583044e-94,2.1560519190979462e-97,3.3135594683705686e-100,5.092491629339773e-103,7.82646916177072e-106,1.20282219389901e-108,1.848574625711164e-111,2.841008558169391e-114,4.366244951829627e-117,6.710326487598374e-120,1.0312861982536189e-122,1.5849470583495384e-125,2.4358487314430973e-128,3.7435692323070797e-131,5.753358333041302e-134,8.842131680833454e-137,1.358915752078141e-139,2.0884692604714023e-142,3.209694085349863e-145,4.932864618368632e-148,7.581144089157253e-151,1.1651190565122644e-153,1.7906300155797925e-156,2.7519555488976206e-159,4.2293825509544174e-162,6.4999875341311795e-165,9.989599530155186e-168,1.535266002417272e-170
Ag127,21.449731009579192,0.03712605218584432,6.425925575898755e-05,1.1122248953454317e-07,1.9250833256859497e-10,3.3320112023594745e-13,5.767178233021699e-16,9.982062709719246e-19,1.727735331123287e-21,2.9904334016106858e-24,5.175961716112374e-27,8.958761520063004e-30,1.5506182691328693e-32,2.683872107973809e-35,4.645353169989349e-38,8.040363029899152e-41,1.391658185866572e-43,2.408737639193053e-46,4.169139429056325e-49,7.216113243754982e-52,1.2489937367837682e-54,2.1618083057040877e-57,3.741744264183019e-60,6.47636060126368e-63,1.120954391220491e-65,1.9401926862307884e-68,3.3581630877995265e-71,5.812442962130516e-74,1.0060408712954511e-76,1.7412957706615075e-79,3.0139043526325987e-82,5.216586176722245e-85,9.029075961020341e-88,1.5627885737545671e-90,2.704936957892017e-93,4.681813054591219e-96,8.10346925616438e-99,1.4025808638643904e-101,2.4276430470592446e-104,4.201861665000515e-107,7.27275019825846e-110,1.2587966873550564e-112,2.1787756445636025e-115,3.7711120127889085e-118,6.527191474939251e-121,1.1297524021041188e-123,1.9554206352923087e-126,3.38452023098649e-129,5.858062959555756e-132,1.0139369628798682e-134,1.754962641733052e-137,3.037559519608478e-140,5.257529485671852e-143,9.099942277434545e-146,1.5750543991872365e-148,2.7261671390496472e-151,4.7185591011137214e-154,8.167070782925194e-157,1.4135892704526437e-159,2.4466968373979617e-162,4.234840727261833e-165,7.329831678021869e-168
Ag128,0.9058644302918344,5.8464315312256815e-06,3.773275614574931e-11,2.4352647914378223e-16,1.5717151913072703e-21,1.0143819478158457e-26,6.546801492698091e-32,4.225293034549841e-37,2.7269959609631787e-42,1.7599979244757318e-47,1.1358992600285389e-52,7.33107187792693e-58,4.7314596259161906e-63,3.053674901084927e-68,1.970835881265786e-73,1.271973669988476e-78,8.209293490764093e-84,5.298262158061203e-89,3.4194881602327214e-94,2.2069310519452545e-99,1.4243490369940958e-104,9.192721165429218e-110,5.932964479245164e-115,3.829123812039535e-120,2.471309110179203e-125,1.594978124983038e-130,1.0293958002647166e-135,6.643700606325908e-141,4.287831535269977e-146,2.767358188499591e-151,1.786047628145339e-156,1.1527116884472158e-161,7.43957896611426e-167,4.801489890989692e-172,3.098872298860431e-177,2.0000061944658475e-182,1.2908001337688927e-187,8.330799124263624e-193,5.376681659165174e-198,3.470099954733752e-203,2.2395958063310104e-208,1.4454308063642785e-213,9.328782497631162e-219,6.020778200169141e-224,3.885798617862165e-229,2.507886920357795e-234,1.6185853730016435e-239,1.0446318725252196e-244,6.742033922324574e-250,4.3512956674292865e-255,2.808317816778462e-260,1.812482893099912e-265,1.1697729573742793e-270,7.549692066134936e-276,4.872556672997512e-281,3.1447386626627255e-286,2.0296082570471137e-291,1.3099052477657723e-296,8.454103160876517e-302,5.45626184616388e-307,3.52146085367e-312,2.272744e-317
Ag129,0.00016725226886649163,4.77795084422424e-11,1.3649330095513463e-17,3.899249241576043e-24,1.1139114184753248e-30,3.1821475656893117e-37,9.090546125905182e-44,2.5969263574773487e-50,7.418725357921278e-57,2.1193317930558324e-63,6.054365180484025e-70,1.7295705117415604e-76,4.940921245927905e-83,1.4114893028489379e-89,4.032248143398257e-96,1.1519056543412426e-102,3.290686955056957e-109,9.400614186909895e-116,2.68550452528846e-122,7.671769537555564e-129,2.191619760202919e-135,6.260872605464544e-142,1.7885641703753855e-148,5.1094503803807e-155,1.4596335777034615e-161,4.1697834846194636e-168,1.19119582984392e-174,3.402928498017776e-181,9.72125831244625e-188,2.777103992409882e-194,7.933444762788323e-201,2.2663733866730898e-207,6.4744237609272445e-214,1.8495700347766968e-220,5.283727849556058e-227,1.509419998337335e-233,4.3120099979640475e-240,1.2318261479921455e-246,3.51899847076797e-253,1.0052839239897565e-259,2.8718278118822088e-266,8.204045428646684e-273,2.3436767732667657e-279,6.695258900408354e-286,1.9126567389672636e-292,5.463949722532411e-299,1.56090457645223e-305,4.459087693914e-312,1.273845e-318,0.0,0.0,0.0,0.0,0.0,0.0,0.0,0.0,0.0,0.0,0.0,0.0,0.0
Ag130,414750.1122331065,0.3955365297633243,3.772130296357396e-07,3.5973837817739517e-13,3.430732518934211e-19,3.2718014897672864e-25,3.120233049170775e-31,2.9756861201961376e-37,2.8378354265176226e-43,2.7063707604576394e-49,2.580996284921311e-55,2.4614298676694083e-61,2.347402446431554e-67,2.238657423430977e-73,2.1349500879583188e-79,2.036047065695118e-85,1.9417257935477476e-91,1.851774018810036e-97,1.765989321527519e-103,1.6841786589884978e-109,1.6061579313168545e-115,1.5317515671890828e-121,1.460792128743255e-127,1.3931199347908585e-133,1.328582701483595e-139,1.2670351996265388e-145,1.2083389278664969e-151,1.1523618010201455e-157,1.0989778528405656e-163,1.0480669525533378e-169,9.995145345242887e-176,9.532113404505638e-182,9.090531734948792e-188,8.669406638096637e-194,8.267790449234635e-200,7.884779404863977e-206,7.51951160894775e-212,7.171165093372125e-218,6.838955968258047e-224,6.522136657960944e-230,6.219994218789059e-236,5.931848734654497e-242,5.6570517870469196e-248,5.3949849958867305e-254,5.145058627974265e-260,4.906710269903449e-266,4.679403562453712e-272,4.4626269936120275e-278,4.255892747509044e-284,4.0587356066790176e-290,3.8707119051733304e-296,3.6913985301717193e-302,3.520391969844559e-308,3.3573074054e-314,3.2015e-320,0.0,0.0,0.0,0.0,0.0,0.0,0.0
Al31,0.0,0.0,0.0,0.0,0.0,0.0,0.0,0.0,0.0,0.0,0.0,0.0,0.0,0.0,0.0,0.0,0.0,0.0,0.0,0.0,0.0,0.0,0.0,0.0,0.0,0.0,0.0,0.0,0.0,0.0,0.0,0.0,0.0,0.0,0.0,0.0,0.0,0.0,0.0,0.0,0.0,0.0,0.0,0.0,0.0,0.0,0.0,0.0,0.0,0.0,0.0,0.0,0.0,0.0,0.0,0.0,0.0,0.0,0.0,0.0,0.0,0.0
Al32,0.0,0.0,0.0,0.0,0.0,0.0,0.0,0.0,0.0,0.0,0.0,0.0,0.0,0.0,0.0,0.0,0.0,0.0,0.0,0.0,0.0,0.0,0.0,0.0,0.0,0.0,0.0,0.0,0.0,0.0,0.0,0.0,0.0,0.0,0.0,0.0,0.0,0.0,0.0,0.0,0.0,0.0,0.0,0.0,0.0,0.0,0.0,0.0,0.0,0.0,0.0,0.0,0.0,0.0,0.0,0.0,0.0,0.0,0.0,0.0,0.0,0.0
Al33,0.0,0.0,0.0,0.0,0.0,0.0,0.0,0.0,0.0,0.0,0.0,0.0,0.0,0.0,0.0,0.0,0.0,0.0,0.0,0.0,0.0,0.0,0.0,0.0,0.0,0.0,0.0,0.0,0.0,0.0,0.0,0.0,0.0,0.0,0.0,0.0,0.0,0.0,0.0,0.0,0.0,0.0,0.0,0.0,0.0,0.0,0.0,0.0,0.0,0.0,0.0,0.0,0.0,0.0,0.0,0.0,0.0,0.0,0.0,0.0,0.0,0.0
Al34,0.0,0.0,0.0,0.0,0.0,0.0,0.0,0.0,0.0,0.0,0.0,0.0,0.0,0.0,0.0,0.0,0.0,0.0,0.0,0.0,0.0,0.0,0.0,0.0,0.0,0.0,0.0,0.0,0.0,0.0,0.0,0.0,0.0,0.0,0.0,0.0,0.0,0.0,0.0,0.0,0.0,0.0,0.0,0.0,0.0,0.0,0.0,0.0,0.0,0.0,0.0,0.0,0.0,0.0,0.0,0.0,0.0,0.0,0.0,0.0,0.0,0.0
Al35,0.0,0.0,0.0,0.0,0.0,0.0,0.0,0.0,0.0,0.0,0.0,0.0,0.0,0.0,0.0,0.0,0.0,0.0,0.0,0.0,0.0,0.0,0.0,0.0,0.0,0.0,0.0,0.0,0.0,0.0,0.0,0.0,0.0,0.0,0.0,0.0,0.0,0.0,0.0,0.0,0.0,0.0,0.0,0.0,0.0,0.0,0.0,0.0,0.0,0.0,0.0,0.0,0.0,0.0,0.0,0.0,0.0,0.0,0.0,0.0,0.0,0.0
Al36,0.0,0.0,0.0,0.0,0.0,0.0,0.0,0.0,0.0,0.0,0.0,0.0,0.0,0.0,0.0,0.0,0.0,0.0,0.0,0.0,0.0,0.0,0.0,0.0,0.0,0.0,0.0,0.0,0.0,0.0,0.0,0.0,0.0,0.0,0.0,0.0,0.0,0.0,0.0,0.0,0.0,0.0,0.0,0.0,0.0,0.0,0.0,0.0,0.0,0.0,0.0,0.0,0.0,0.0,0.0,0.0,0.0,0.0,0.0,0.0,0.0,0.0
Al37,0.0,0.0,0.0,0.0,0.0,0.0,0.0,0.0,0.0,0.0,0.0,0.0,0.0,0.0,0.0,0.0,0.0,0.0,0.0,0.0,0.0,0.0,0.0,0.0,0.0,0.0,0.0,0.0,0.0,0.0,0.0,0.0,0.0,0.0,0.0,0.0,0.0,0.0,0.0,0.0,0.0,0.0,0.0,0.0,0.0,0.0,0.0,0.0,0.0,0.0,0.0,0.0,0.0,0.0,0.0,0.0,0.0,0.0,0.0,0.0,0.0,0.0
Al38,0.0,0.0,0.0,0.0,0.0,0.0,0.0,0.0,0.0,0.0,0.0,0.0,0.0,0.0,0.0,0.0,0.0,0.0,0.0,0.0,0.0,0.0,0.0,0.0,0.0,0.0,0.0,0.0,0.0,0.0,0.0,0.0,0.0,0.0,0.0,0.0,0.0,0.0,0.0,0.0,0.0,0.0,0.0,0.0,0.0,0.0,0.0,0.0,0.0,0.0,0.0,0.0,0.0,0.0,0.0,0.0,0.0,0.0,0.0,0.0,0.0,0.0
Al39,0.0,0.0,0.0,0.0,0.0,0.0,0.0,0.0,0.0,0.0,0.0,0.0,0.0,0.0,0.0,0.0,0.0,0.0,0.0,0.0,0.0,0.0,0.0,0.0,0.0,0.0,0.0,0.0,0.0,0.0,0.0,0.0,0.0,0.0,0.0,0.0,0.0,0.0,0.0,0.0,0.0,0.0,0.0,0.0,0.0,0.0,0.0,0.0,0.0,0.0,0.0,0.0,0.0,0.0,0.0,0.0,0.0,0.0,0.0,0.0,0.0,0.0
Ar47,0.0,0.0,0.0,0.0,0.0,0.0,0.0,0.0,0.0,0.0,0.0,0.0,0.0,0.0,0.0,0.0,0.0,0.0,0.0,0.0,0.0,0.0,0.0,0.0,0.0,0.0,0.0,0.0,0.0,0.0,0.0,0.0,0.0,0.0,0.0,0.0,0.0,0.0,0.0,0.0,0.0,0.0,0.0,0.0,0.0,0.0,0.0,0.0,0.0,0.0,0.0,0.0,0.0,0.0,0.0,0.0,0.0,0.0,0.0,0.0,0.0,0.0
Ar48,0.0,0.0,0.0,0.0,0.0,0.0,0.0,0.0,0.0,0.0,0.0,0.0,0.0,0.0,0.0,0.0,0.0,0.0,0.0,0.0,0.0,0.0,0.0,0.0,0.0,0.0,0.0,0.0,0.0,0.0,0.0,0.0,0.0,0.0,0.0,0.0,0.0,0.0,0.0,0.0,0.0,0.0,0.0,0.0,0.0,0.0,0.0,0.0,0.0,0.0,0.0,0.0,0.0,0.0,0.0,0.0,0.0,0.0,0.0,0.0,0.0,0.0
Ar49,0.0,0.0,0.0,0.0,0.0,0.0,0.0,0.0,0.0,0.0,0.0,0.0,0.0,0.0,0.0,0.0,0.0,0.0,0.0,0.0,0.0,0.0,0.0,0.0,0.0,0.0,0.0,0.0,0.0,0.0,0.0,0.0,0.0,0.0,0.0,0.0,0.0,0.0,0.0,0.0,0.0,0.0,0.0,0.0,0.0,0.0,0.0,0.0,0.0,0.0,0.0,0.0,0.0,0.0,0.0,0.0,0.0,0.0,0.0,0.0,0.0,0.0
Ar50,0.0,0.0,0.0,0.0,0.0,0.0,0.0,0.0,0.0,0.0,0.0,0.0,0.0,0.0,0.0,0.0,0.0,0.0,0.0,0.0,0.0,0.0,0.0,0.0,0.0,0.0,0.0,0.0,0.0,0.0,0.0,0.0,0.0,0.0,0.0,0.0,0.0,0.0,0.0,0.0,0.0,0.0,0.0,0.0,0.0,0.0,0.0,0.0,0.0,0.0,0.0,0.0,0.0,0.0,0.0,0.0,0.0,0.0,0.0,0.0,0.0,0.0
As84,1165696899059.6726,1002981226623.1503,857499006457.131,730478637218.3744,621007905027.0059,527333565343.78094,447495585502.95746,379603227003.89734,321942735937.91315,273007574446.63568,231494530552.7927,196286147027.17822,166428922498.73807,141111492135.61935,119644514323.23752,101442837084.98703,86010000351.27133,72924913552.76085,61830471810.809456,52423861354.90923,44448319206.22388,37686136534.51465,31952721632.63074,27091563793.74903,22969962236.256996,19475404267.507862,16512494195.525072,14000349336.275932,11870392120.32784,10064478069.759659,8533308562.770961,7235085066.973449,6134368108.885009,5201109833.619273,4409833746.293539,3738939243.92318,3170111952.8730044,2687823775.1257734,2278908995.4725227,1932204878.0419662,1638246941.0291653,1389010591.1056597,1177692064.5367172,998522695.0414172,846611438.198528,717811353.5603777,608606399.6448121,516015451.4851099,437510920.56667566,370949755.60168767,314514940.57044786,266665893.01718816,226096408.55114207,191699003.50334603,162534682.3492928,137807304.59521866,116841851.38398549,99065998.5327877,83994492.97534347,71215906.10980432,60381402.43943448,51195216.90746289
As85,393089541529.96356,282674309168.95087,200833689596.30383,142586076234.6948,101204534696.2803,71825300087.44795,50972674972.84838,36173510012.09663,25670910596.83139,18217588694.209347,12928261370.491724,9174643657.07048,6510858084.5947075,4620481449.994722,3278960796.079385,2326940154.7655153,1651331261.547239,1171880130.5176017,831633889.3838739,590175486.2501788,418822644.1878555,297220761.22583735,210925035.04463845,149684598.83127618,106224844.87204698,75383290.97439843,53496341.32179363,37964096.52358565,26941517.667207804,19119258.47521543,13568131.13342254,9628730.250830246,6833103.640550301,4849165.377592314,3441248.0910865124,2442108.5903006224,1733061.438455344,1229880.5881892305,872794.3670322829,619385.3406897387,439551.64555633994,311931.25897383224,221364.45468619748,157093.0145305776,111482.28494627877,79114.27439330317,56144.06285083767,39843.072790232545,28274.947853085156,20065.537623159267,14239.665522937064,10105.289876264836,7171.297901544955,5089.167576824813,3611.5675266293506,2562.977108240871,1818.8367264165183,1290.7516913532456,915.9920209076188,650.0408932152999,461.30659788221175,327.36983083797793
As86,725090984041.5702,385819823557.5389,185308003174.59503,88990572919.36172,42735987430.83439,20523124654.05401,9855830434.406698,4733070387.144384,2272964763.218519,1091547006.963075,524194166.00322425,251734026.9534642,120890357.878988,58055237.12855653,27879895.611085292,13388776.236738097,6429698.719753011,3087737.4373735455,1482825.6964619323,712098.127086255,341971.24032154935,164225.02006228914,78865.86365888559,37873.79321556968,18188.150690138555,8734.504717927066,4194.575576551315,2014.363130549257,967.358615350618,464.55511248257653,223.09353440293572,107.13631979297303,51.450128527934325,24.707920998744097,11.86549727953983,5.698173702996845,2.7364368120932236,1.3141204211870041,0.6310807082220607,0.3030642046718362,0.1455406748403624,0.06989307119237144,0.03356478459413567,0.01611883332111596,0.007740755401103116,0.003717346844278844,0.001785183337365319,0.0008572994884541161,0.00041170136283503014,0.00019771155173072623,9.49471175382897e-05,4.559650182255278e-05,2.1896830913435955e-05,1.0515526079556618e-05,5.049876357312756e-06,2.42510465298771e-06,1.1646092224468298e-06,5.592808703481066e-07,2.6858373255894124e-07,1.2898210044336638e-07,6.194113871409454e-08,2.974602407628899e-08
As87,36717579338.941216,10787858890.117466,3129808089.832205,907752519.3849397,263277642.3457594,76359032.74829446,22146589.449972637,6423227.306051872,1862943.6879344147,540313.9292835774,156708.51677838582,45450.53884404461,13182.12643244755,3823.243061590266,1108.8641565459554,321.60647331716706,93.27628011864508,27.053138399336817,7.846285211232148,2.2756765114360804,0.6600197985778604,0.19142709094442215,0.05552004837794457,0.01610260991107186,0.004670277737927095,0.001354531611324711,0.0003928579816951692,0.00011394152228803445,3.304672707754304e-05,9.584619799768124e-06,2.7798497712208887e-06,8.062463521759898e-07,2.3383752141095076e-07,6.782044504392522e-08,1.967012281947952e-08,5.704971878064455e-09,1.6546263807399791e-09,4.798951718530714e-10,1.3918512278578263e-10,4.0368187765024276e-11,1.1708080223058961e-11,3.395721980572837e-12,9.848692142231355e-13,2.856439292361825e-13,8.284597907128749e-14,2.4028013711452652e-14,6.9689011994288914e-15,2.021206767676069e-15,5.862153416717019e-16,1.7002141112281542e-16,4.9311708829999223e-17,1.4301990623863937e-17,4.148039900832929e-18,1.2030657459802945e-18,3.4892798134860973e-19,1.0120040120401696e-19,2.9351389831994675e-20,8.512852467184923e-21,2.4690025768068214e-21,7.160906109646899e-22,2.076894402333807e-22,6.023665570247503e-23
As88,17346965658.04467,35620521.04108703,73103.08799512348,150.02648978043172,0.3078932232882395,0.0006318766569771624,1.2967745940017944e-06,2.6613174091488757e-09,5.461712764114397e-12,1.1208849502559061e-14,2.30034629423414e-17,4.720906523179414e-20,9.688523182992312e-23,1.9883359479052373e-25,4.080580463152883e-28,8.374408225032289e-31,1.71864551508688e-33,3.527105829041261e-36,7.238534892768708e-39,1.4855348813866606e-41,3.048702419078047e-44,6.256727160399207e-47,1.2840425000061301e-49,2.635187853895157e-52,5.40808814761459e-55,1.1098797897515291e-57,2.277760853883711e-60,4.674555348599098e-63,9.59339856502427e-66,1.968813912001082e-68,4.040516188101479e-71,8.292185953580933e-74,1.7017713749359666e-76,3.4924757220390375e-79,7.167464941929139e-82,1.4709494863371608e-84,3.018769409945931e-87,6.195296871218662e-90,1.2714354132540125e-92,2.6093148458895605e-95,5.3549900325290237e-98,1.0989826809768944e-100,2.2553971636745843e-103,4.628659262755304e-106,9.499207907038787e-109,1.949483548880503e-111,4.0008452752566965e-114,8.210770963281926e-117,1.685062909790935e-119,3.4581856230686314e-122,7.097092775653305e-125,1.4565072947569388e-127,2.989130291431048e-130,6.134469721719944e-133,1.2589521063895332e-135,2.583695866279805e-138,5.302413249520295e-141,1.0881925630500484e-143,2.233253046402154e-146,4.583213797460142e-149,9.405942039156809e-152,1.930342976646765e-154
B13,0.0,0.0,0.0,0.0,0.0,0.0,0.0,0.0,0.0,0.0,0.0,0.0,0.0,0.0,0.0,0.0,0.0,0.0,0.0,0.0,0.0,0.0,0.0,0.0,0.0,0.0,0.0,0.0,0.0,0.0,0.0,0.0,0.0,0.0,0.0,0.0,0.0,0.0,0.0,0.0,0.0,0.0,0.0,0.0,0.0,0.0,0.0,0.0,0.0,0.0,0.0,0.0,0.0,0.0,0.0,0.0,0.0,0.0,0.0,0.0,0.0,0.0
B14,0.0,0.0,0.0,0.0,0.0,0.0,0.0,0.0,0.0,0.0,0.0,0.0,0.0,0.0,0.0,0.0,0.0,0.0,0.0,0.0,0.0,0.0,0.0,0.0,0.0,0.0,0.0,0.0,0.0,0.0,0.0,0.0,0.0,0.0,0.0,0.0,0.0,0.0,0.0,0.0,0.0,0.0,0.0,0.0,0.0,0.0,0.0,0.0,0.0,0.0,0.0,0.0,0.0,0.0,0.0,0.0,0.0,0.0,0.0,0.0,0.0,0.0
B15,0.0,0.0,0.0,0.0,0.0,0.0,0.0,0.0,0.0,0.0,0.0,0.0,0.0,0.0,0.0,0.0,0.0,0.0,0.0,0.0,0.0,0.0,0.0,0.0,0.0,0.0,0.0,0.0,0.0,0.0,0.0,0.0,0.0,0.0,0.0,0.0,0.0,0.0,0.0,0.0,0.0,0.0,0.0,0.0,0.0,0.0,0.0,0.0,0.0,0.0,0.0,0.0,0.0,0.0,0.0,0.0,0.0,0.0,0.0,0.0,0.0,0.0
B17,0.0,0.0,0.0,0.0,0.0,0.0,0.0,0.0,0.0,0.0,0.0,0.0,0.0,0.0,0.0,0.0,0.0,0.0,0.0,0.0,0.0,0.0,0.0,0.0,0.0,0.0,0.0,0.0,0.0,0.0,0.0,0.0,0.0,0.0,0.0,0.0,0.0,0.0,0.0,0.0,0.0,0.0,0.0,0.0,0.0,0.0,0.0,0.0,0.0,0.0,0.0,0.0,0.0,0.0,0.0,0.0,0.0,0.0,0.0,0.0,0.0,0.0
B19,0.0,0.0,0.0,0.0,0.0,0.0,0.0,0.0,0.0,0.0,0.0,0.0,0.0,0.0,0.0,0.0,0.0,0.0,0.0,0.0,0.0,0.0,0.0,0.0,0.0,0.0,0.0,0.0,0.0,0.0,0.0,0.0,0.0,0.0,0.0,0.0,0.0,0.0,0.0,0.0,0.0,0.0,0.0,0.0,0.0,0.0,0.0,0.0,0.0,0.0,0.0,0.0,0.0,0.0,0.0,0.0,0.0,0.0,0.0,0.0,0.0,0.0
Ba147,273087286592.11893,126025048482.71027,58053410293.15871,26737149812.154133,12313842134.544968,5671149611.328405,2611851773.661834,1202890063.8500743,553991813.9560975,255141296.00617036,117505492.47448947,54117232.20726304,24923727.053947207,11478638.964397514,5286494.760185449,2434698.655141042,1121302.0744841623,516416.4113647361,237835.9195041326,109535.48989058888,50446.64225061616,23233.234423871407,10700.081466531507,4927.929590069237,2269.561229102673,1045.2479237986975,481.38962200964716,221.70430852079915,102.10606579237943,47.02501607279153,21.657402226649545,9.974330906784543,4.593684690198796,2.1156245195969245,0.9743522705138088,0.44873858204115064,0.2066668504873657,0.09518055455826713,0.04383546729751463,0.020188453430528715,0.009297805568043644,0.00428211049839093,0.0019721288196702966,0.0009082652310900475,0.0004183021523639478,0.00019264933268701108,8.872477747247995e-05,4.0862254894651125e-05,1.8819138493678867e-05,8.667166669028461e-06,3.991669336720693e-06,1.8383659507383455e-06,8.466606534123793e-07,3.899301234059379e-07,1.7958257600204526e-07,8.270687404665201e-08,3.8090705495230547e-08,1.7542699586324402e-08,8.079301886770251e-09,3.72092782278819e-09,1.7136757675896195e-09,7.892345071674443e-10
Ba148,16918928285.559738,5451992708.230573,1756620035.502298,565977020.090344,182355859.00535893,58754433.56261107,18930477.37453793,6099335.010102916,1965184.8619255023,633175.8355860485,204007.08683318205,65730.3850511608,21178.105065079188,6823.512958252666,2198.51251792191,708.3532076558214,228.22897877814768,73.53459572307773,23.692595029366288,7.633673017520707,2.4595433157995577,0.7924564372104873,0.2553267514510878,0.08226540532126397,0.02650563199590273,0.008540023898972118,0.0027515664673186777,0.0008865452970200525,0.00028564186001084335,9.203282952908021e-05,2.965266264127816e-05,9.553986400468335e-06,3.078261714456257e-06,9.918053873535636e-07,3.1955630080573195e-07,1.029599462623614e-07,3.317334224867271e-08,1.0688337318507979e-08,3.4437456973085426e-09,1.1095630755585649e-09,3.574974248549104e-10,1.151844465566362e-10,3.7112034398410404e-11,1.1957370446812685e-11,3.852623827284272e-12,1.2413022094263984e-12,3.999433228374638e-13,1.2886036959217723e-13,4.151836998709125e-14,1.3377076690377929e-14,4.310048319235314e-15,1.388682814946045e-15,4.474288494446892e-16,1.441600437196858e-16,4.644787261942256e-17,1.4965345564580332e-17,4.821783113779313e-18,1.553562014054254e-18,5.005523630075857e-19,1.6127625794519978e-19,5.196265825322343e-20,1.674219061840314e-20
Ba149,442476757.9006853,58994491.85332276,7865462.558720346,1048665.7196419914,139813.74691473562,18640.719783432305,2485.280894848991,331.3509992136207,44.177495150517395,5.8899809640102045,0.785283901638238,0.10469826811669546,0.013958935518437863,0.0018610802672564403,0.0002481292184920783,3.3081920297963166e-05,4.410659321992451e-06,5.880527937755992e-07,7.840235733987143e-08,1.0453023438563174e-08,1.3936532358776923e-09,1.858093357666227e-10,2.4773098766057423e-11,3.302882602430985e-12,4.4035805082197326e-13,5.871090082977884e-14,7.82765267901882e-15,1.04362470337489e-15,1.3914165154691697e-16,1.8551112418665166e-17,2.4733339596297028e-18,3.2975816963421344e-19,4.3965130554705483e-20,5.861667375326648e-21,7.815089819013717e-22,1.0419497553944435e-22,1.389183384847589e-23,1.8521339121635858e-24,2.469364423734992e-25,3.292289297853683e-26,4.38945694551123e-27,5.852259790492164e-28,7.802547121560273e-29,1.0402774955936911e-29,1.3869538382515789e-30,1.8491613608760757e-31,2.465401258680403e-32,3.287005393311513e-33,4.382412160137367e-34,5.842867304203337e-35,7.790024554298952e-36,1.0386079196582872e-36,1.384727869929021e-37,1.8461935803349454e-38,2.461444454241161e-39,3.281729969083396e-40,4.3753786811737417e-41,5.833489892227991e-42,7.77752208492211e-43,1.0369410232808037e-43,1.3825054741370211e-44,1.843230562883463e-45
Ba150,18757113.612071466,1860943.7686103561,184629.00599889917,18317.517396655996,1817.3278990560948,180.30176367080026,17.88820058267187,1.7747342764219676,0.17607594108476587,0.0174689458815155,0.0017331389418183277,0.00017194916121559167,1.705951746241748e-05,1.6925184978694607e-06,1.6791910274960124e-07,1.665968502189207e-08,1.6528500955756452e-09,1.6398349877890747e-10,1.6269223654191475e-11,1.614111421460591e-12,1.6014013552627682e-13,1.5887913724796362e-14,1.5762806850201084e-15,1.563868510998797e-16,1.5515540746871447e-17,1.5393366064649496e-18,1.5272153427722628e-19,1.5151895260616648e-20,1.5032584047509273e-21,1.4914212331760379e-22,1.4796772715445945e-23,1.4680257858895775e-24,1.4564660480234745e-25,1.444997335492768e-26,1.4336189315327905e-27,1.4223301250229243e-28,1.4111302104421563e-29,1.4000184878249907e-30,1.3889942627176995e-31,1.3780568461349183e-32,1.3672055545165925e-33,1.3564397096852534e-34,1.345758638803631e-35,1.3351616743326099e-36,1.3246481539895053e-37,1.314217420706671e-38,1.3038688225904393e-39,1.2936017128803763e-40,1.2834154499088584e-41,1.2733093970609759e-42,1.2632829227347425e-43,1.2533354003016195e-44,1.2434662080673593e-45,1.233674729233147e-46,1.2239603518570503e-47,1.2143224688157805e-48,1.204760477766745e-49,1.1952737811104007e-50,1.1858617859529107e-51,1.176523904069087e-52,1.1672595518656257e-53,1.1580681503446393e-54
Ba151,263962.5162338108,18166.215148808067,1250.2201028801744,86.04160486009818,5.921483545054473,0.40752340023601574,0.02804623545371955,0.0019301746173837494,0.00013283686717029293,9.141988046416124e-06,6.291622741574699e-07,4.329968112112984e-08,2.9799345291359286e-09,2.0508256800078834e-10,1.4114021394286644e-11,9.713434050504735e-13,6.684898542926825e-14,4.600625103014221e-15,3.166203825319044e-16,2.1790183809797742e-17,1.4996258505781022e-18,1.0320599914861248e-19,7.102757168501251e-21,4.888200280106895e-22,3.364116414454176e-23,2.315224131886946e-24,1.593364236101016e-25,1.0965718411100876e-26,7.5467352377509635e-28,5.193751162810899e-29,3.574400093733583e-30,2.4599438112410424e-31,1.6929620064278515e-32,1.1651161876588785e-33,8.01846542090495e-35,5.518401373809843e-36,3.7978281533861774e-37,2.6137096063918294e-38,1.7987854190964182e-39,1.237945093839478e-40,8.519682442895594e-42,5.863344771023852e-43,4.0352222203493754e-44,2.777086970575337e-45,1.9112236256152355e-46,1.3153263782563826e-47,9.052229462578604e-49,6.229849837863116e-50,4.2874552796927725e-51,2.9506767022928232e-52,2.030690102516366e-53,1.397544600278847e-54,9.618064850704227e-56,6.619264347906642e-57,4.555454884904403e-58,3.135117154667247e-59,2.1576241718603052e-60,1.4849021064700766e-61,1.0219269391564964e-62,7.033020321160209e-64,4.8402065688453025e-65,3.331086582901903e-66
Ba152,4231.149525355458,202.37244311825714,9.679309485100651,0.46295350624201276,0.02214268995858485,0.0010590668652279446,5.0654307454135074e-05,2.422754358484995e-06,1.1587837197997013e-07,5.542368356784238e-09,2.650869741904285e-10,1.2678894537823396e-11,6.064212215337595e-13,2.90046341839538e-14,1.3872680807859016e-15,6.635190486326125e-17,3.1735576850360237e-18,1.5178868490673491e-19,7.259929439554056e-21,3.4723652490756287e-22,1.6608040785212756e-23,7.943490933066956e-25,3.799307156079375e-26,1.817177735565531e-27,8.691413426132794e-29,4.157032406103751e-30,1.98827481539856e-31,9.509756853816342e-33,4.5484394168408076e-34,2.1754816076468613e-35,1.0405151726736558e-36,4.976699507633043e-38,2.380314928578461e-39,1.1384852853830876e-40,5.44528259463499e-42,2.6044344108898596e-43,1.2456798123407395e-44,5.957985305312726e-46,2.8496559506426753e-47,1.3629672818749898e-48,6.518961740075108e-50,3.117966420301854e-51,1.4912979989383926e-52,7.132757130278358e-54,3.4115397670857144e-55,1.6317117448176802e-56,7.804344665313308e-58,3.732754627062505e-59,1.7853462018129838e-60,8.539165787161377e-62,4.084213597709018e-63,1.9534461711459917e-64,9.343174278900202e-66,4.4687643250845615e-67,2.137373658783891e-68,1.0222884504379832e-69,4.889522576475992e-71,2.3386189108979637e-72,1.1185424189924339e-73,5.349897485456684e-75,2.5588124883701298e-76,1.2238592175715343e-77
Ba153,7.336811479783941,0.09125448592083633,0.0011350136532227413,1.4117179884390555e-05,1.7558799167073182e-07,2.1839448864040563e-09,2.7163675724445684e-11,3.378589283348448e-13,4.202253649819674e-15,5.22671868535656e-17,6.500937471260852e-19,8.085797332779231e-21,1.0057029281670559e-22,1.2508826750127568e-24,1.5558346533790343e-26,1.935130701710593e-28,2.4068951186875485e-30,2.993670715492753e-32,3.723496002470523e-34,4.631244982510344e-36,5.76029357190025e-38,7.164592276975543e-40,8.911244167432937e-42,1.1083711332297867e-43,1.3785803035974625e-45,1.714663614459964e-47,2.132680485192389e-49,2.6526054519171372e-51,3.2992826315967215e-53,4.103612874386805e-55,5.104030331188509e-57,6.348338992767459e-59,7.895996957703676e-61,9.820957580730366e-63,1.2215203263015847e-64,1.5193140743175536e-66,1.889706791378841e-68,2.3503973390013746e-70,2.923399374118692e-72,3.636093250611257e-74,4.522534363313421e-76,5.625080452464293e-78,6.996415627788373e-80,8.702067828259562e-82,1.0823540011954347e-83,1.346220469690442e-85,1.6744147949856535e-87,2.082619428830656e-89,2.5903400389985757e-91,3.2218375689535247e-93,4.007287523816121e-95,4.984221877997474e-97,6.199322504677996e-99,7.710651824442424e-101,9.59042726248123e-103,1.1928472089140683e-104,1.4836507538934783e-106,1.845349130281832e-108,2.2952257488465544e-110,2.854777533270174e-112,3.550742130075756e-114,4.416375541477868e-116
Be11,0.0,0.0,0.0,0.0,0.0,0.0,0.0,0.0,0.0,0.0,0.0,0.0,0.0,0.0,0.0,0.0,0.0,0.0,0.0,0.0,0.0,0.0,0.0,0.0,0.0,0.0,0.0,0.0,0.0,0.0,0.0,0.0,0.0,0.0,0.0,0.0,0.0,0.0,0.0,0.0,0.0,0.0,0.0,0.0,0.0,0.0,0.0,0.0,0.0,0.0,0.0,0.0,0.0,0.0,0.0,0.0,0.0,0.0,0.0,0.0,0.0,0.0
Be12,0.0,0.0,0.0,0.0,0.0,0.0,0.0,0.0,0.0,0.0,0.0,0.0,0.0,0.0,0.0,0.0,0.0,0.0,0.0,0.0,0.0,0.0,0.0,0.0,0.0,0.0,0.0,0.0,0.0,0.0,0.0,0.0,0.0,0.0,0.0,0.0,0.0,0.0,0.0,0.0,0.0,0.0,0.0,0.0,0.0,0.0,0.0,0.0,0.0,0.0,0.0,0.0,0.0,0.0,0.0,0.0,0.0,0.0,0.0,0.0,0.0,0.0
Be14,0.0,0.0,0.0,0.0,0.0,0.0,0.0,0.0,0.0,0.0,0.0,0.0,0.0,0.0,0.0,0.0,0.0,0.0,0.0,0.0,0.0,0.0,0.0,0.0,0.0,0.0,0.0,0.0,0.0,0.0,0.0,0.0,0.0,0.0,0.0,0.0,0.0,0.0,0.0,0.0,0.0,0.0,0.0,0.0,0.0,0.0,0.0,0.0,0.0,0.0,0.0,0.0,0.0,0.0,0.0,0.0,0.0,0.0,0.0,0.0,0.0,0.0
Br87,143749777589386.5,142628203893664.3,141443419361987.56,140204596929835.23,138920413706301.94,137598612881668.34,136246015148653.89,134868603845191.27,133471620130328.27,132059651716283.47,130636711851616.58,129206308762747.73,127771506556913.22,126334978654921.88,124899054714690.94,123465761876517.4,122036861044100.53,120613878816596.12,119198135604428.98,117790770392128.23,116392762552496.17,115004951065907.52,113628051454977.16,112262670707022.6,110909320423817.56,109568428409337.75,108240348880980.11,106925371467595.61,105623729138225.55,104335605188322.19,103061139395176.16,101800433441017.42,100553555690575.33,99320545399597.86,98101416421763.8,96896160473428.66,95704750008608.84,94527140750395.2,93363273919520.28,92213078195978.02,91076471445343.17,89953362237691.92,88843651183715.86,87747232109714.67,86663993090580.66,85593817357625.69,84536584096106.16,83492169145541.2,82460445614369.05,81441284419116.64,80434554757057.83,79440124520265.25,78457860658029.75,77487629493793.75,76529297002014.94,75582729049737.17,74647791607079.11,73724350930350.39,72812273721068.33,71911427263757.02,71021679545071.81,70142899356489.836
Br88,35098894582837.465,33871569535134.773,32609623281347.445,31345812397112.64,30100148621684.508,28884463964251.246,27705495993897.73,26566789212680.45,25469891430971.453,24415110994071.266,23401996550095.01,22429640794593.188,21496872423200.652,20602377075918.71,19744773188537.508,18922659222113.887,18134642738894.945,17379357977615.168,16655476155741.852,15961711184536.648,15296822502813.586,14659616112364.578,14048944502104.447,13463705896360.76,12902843102832.295,12365342134144.146,11850230712394.666,11356576725114.768,10883486675059.82,10430104149770.447,9995608326403.092,9579212520738.49,9180162785124.227,8797736557506.645,8431241362089.532,8080013561163.602,7743417157052.314,7420842642771.21,7111705899806.709,6815447141328.243,6531529899116.951,6259440052501.714,5998684897623.6045,5748792255393.941,5509309616562.88,5279803322370.722,5059857779311.352,4849074706594.086,4647072414946.537,4453485115455.774,4267962257198.459,4090167892461.7827,3919780068406.6577,3756490244072.0854,3600002731665.3506,3450034161126.5723,3306312966998.1387,3168578896669.962,3036582539110.094,2910084873227.4077,2788856835048.4946,2672678902925.0317
Br89,5941428089407.323,5092358727067.341,4353252619042.4956,3719332613443.3726,3177339225751.3633,2714255963928.1787,2318651976830.169,1980705030771.7622,1692013905821.0903,1445399921009.1802,1234730340496.3657,1054766219058.5588,901032184715.4918,769705156577.492,657519274112.5992,561684681637.6378,479818149835.6441,409883809258.24414,350142522015.03204,299108632626.67377,255513022517.0345,218271549378.1051,186458086553.07346,159281491976.80484,136065933933.8199,116234084371.70285,99292761818.68813,84820666871.29945,72457905256.27069,61897037924.6474,52875435610.43908,45168747725.816444,38585323176.33809,32961444352.186592,28157255773.57733,24053286143.2712,20547477316.0601,17552646301.18376,14994317182.365253,12808869039.320362,10941953812.969774,9347144769.583536,7984781953.657306,6820985918.06578,5826815204.783532,4977546624.275145,4252060435.4318676,3632315136.615708,3102898806.833995,2650645839.728101,2264309539.258451,1934282435.1452239,1652357362.826214,1411523366.4317572,1205791349.2605586,1030045136.0058248,879914242.9242872,751665191.9772203,642108666.1268731,548520196.9119881,468572411.9489102,400277157.4787579
Br90,1351571016400.1301,943889832266.6243,657887668417.9465,458527752248.3743,319579694902.82153,222737182605.79422,155240940769.7422,108198143696.80566,75410766266.59714,52558976287.51183,36631984067.43588,25531362128.826504,17794571294.671997,12402266904.657248,8643997195.954462,6024599220.293394,4198959687.5559907,2926545287.582076,2039711728.0385075,1421616112.0592778,990822547.2675133,690572730.4620962,481307876.3427842,335456732.6667933,233802987.69791257,162953465.33040816,113573535.24283299,79157248.24507916,55170158.579073496,38451897.521959804,26799785.629039783,18678623.320274588,13018423.877340773,9073439.586211696,6323907.31015667,4407568.187066114,3071938.9723559935,2141046.6382736103,1492243.4164592177,1040047.598291182,724881.0715331562,505219.7310299889,352122.5572660566,245418.5529983341,171049.15579233208,119215.98159479047,83089.85917980503,57911.067007659665,40362.22608956789,28131.225672114113,19606.595931039337,13665.192142129596,9524.21710214852,6638.085324040088,4626.5405646093695,3224.555960203968,2247.4159677804196,1566.3795556876955,1091.7181988786608,760.893885160295,530.3195504746515,369.6163566308451
Br91,151187364877.41574,42072638263.93474,11690152290.725296,3246814881.330475,901663139.5490072,250390085.76674578,69532217.45795017,19308741.26536531,5361935.080162686,1488980.6648184464,413481.9374004954,114821.71269527116,31885.37264023005,8854.396641781408,2458.8183663669893,682.8006472794949,189.61007054920063,52.65369767396632,14.621648896107304,4.0603533253209205,1.1275382991060339,0.3131113265494936,0.08694933279988121,0.024145362474293715,0.006705037407898639,0.0018619528569589266,0.0005170543027028431,0.00014358320133849703,3.98722834310494e-05,1.1072318845001867e-05,3.074723443351002e-06,8.538341774144108e-07,2.371051627740555e-07,6.58428295577882e-08,1.8284199945098462e-08,5.077424069980517e-09,1.4099733794110342e-09,3.915420306138426e-10,1.087291178513235e-10,3.0193491743895164e-11,8.384570404914478e-12,2.328350144834835e-12,6.465703232421839e-13,1.795491042551752e-13,4.9859821399134174e-14,1.3845804468177427e-14,3.84490549688032e-15,1.0677095949114228e-15,2.9649721689932097e-16,8.233568383014859e-17,2.2864176948008707e-17,6.349259072023783e-18,1.76315512495136e-18,4.896187034389454e-19,1.3596448285504506e-19,3.775660624930568e-20,1.0484806660758117e-20,2.911574466931845e-21,8.085285833851043e-22,2.2452404277318647e-22,6.234912014137754e-23,1.7314015614492504e-23
Br92,11455240678.57038,1519195726.5843525,201361450.48312095,26689341.84610733,3537523.983936287,468879.1506547268,62147.32646816525,8237.282851556818,1091.8060781151937,144.71282990895332,19.180881623602886,2.542319296016373,0.33697029832787834,0.04466354093803333,0.005919904214176082,0.0007846504143870263,0.00010400105314599585,1.3784761796023468e-05,1.8270935920846862e-06,2.421711048499892e-07,3.209843451826092e-08,4.254469166176123e-09,5.639062514293617e-10,7.4742640733937e-11,9.906721781718314e-12,1.3130809334090089e-12,1.7404158264180245e-13,2.306824485663919e-14,3.0575676955378735e-15,4.0526361111977552e-16,5.371544013155487e-17,7.119683162656039e-18,9.436744483981318e-19,1.2507880536460626e-19,1.6578500750967253e-20,2.1973881693916138e-21,2.9125159382705415e-22,3.8603780655779717e-23,5.1167166549635004e-24,6.781923656811876e-25,8.989063023884137e-26,1.191450363293325e-26,1.5792012631572496e-27,2.0931435386565744e-28,2.7743454717484635e-29,3.677240788537277e-30,4.873978368800723e-31,6.460187544310051e-32,8.562619681450828e-33,1.1349276674443592e-33,1.5042835700399213e-34,1.9938442986305886e-35,2.64272984586025e-36,3.502791588589592e-37,4.6427556461413707e-38,6.153714671462034e-39,8.156406915199098e-40,1.0810864220732834e-40,1.4329199905577352e-41,1.8992558387721524e-42,2.5173580973673873e-43,3.33661830123845e-44
Br93,392069699.17161584,438983.71970435465,491.109601615325,0.5494194294452378,0.0006146523508108887,6.876304176955854e-07,7.692732171398672e-10,8.606095183976532e-13,9.627902371414252e-16,1.0771029379976334e-18,1.2049880589646224e-21,1.3480570621658798e-24,1.508112739653843e-27,1.687171930134774e-30,1.887490932864917e-33,2.1115939389548096e-36,2.362304838340537e-39,2.6427828032170437e-42,2.956562096315242e-45,3.307596605641331e-48,3.700309666854214e-51,4.139649801085665e-54,4.631153070547525e-57,5.181012837660062e-60,5.796157806726272e-63,6.484339331544069e-66,7.254229089107182e-69,8.115528350166996e-72,9.079090223558162e-75,1.015705641467116e-77,1.136301022134585e-80,1.2712147695065318e-83,1.422146912422775e-86,1.59099932523498e-89,1.779899693053417e-92,1.9912283224028076e-95,2.2276481351244914e-98,2.4921382234737925e-101,2.7880313892355454e-104,3.1190561398828546e-107,3.489383670966636e-110,3.9036804267543175e-113,4.3671669014268366e-116,4.8856834217793497e-119,5.465763740344069e-122,6.114717366271715e-125,6.840721671411141e-128,7.652924932202764e-131,8.561561605801902e-134,9.57808129301002e-137,1.071529301305726e-139,1.198752660822231e-142,1.3410813312125873e-145,1.500308775701342e-148,1.678441396549157e-151,1.8777238174408205e-154,2.1006671676673353e-157,2.35008072450707e-160,2.629107312527048e-163,2.941262905865941e-166,3.2904809325214486e-169,3.681161838914071e-172
Br94,14473553.484324776,724.9212815492448,0.036298200469537786,1.8174403964960705e-06,9.099808110531911e-11,4.556210854499056e-15,2.2812628020784323e-19,1.1422122451760914e-23,5.718976376599271e-28,2.8634512466411435e-32,1.4337098986030886e-36,7.178484619665469e-41,3.5942167578562e-45,1.7995990500639812e-49,9.010465865510649e-54,4.511476882066876e-58,2.258864742535746e-62,1.1309976884406532e-66,5.6628258751878756e-71,2.8353370851632805e-75,1.4196333356683856e-79,7.108004259129874e-84,3.558927737070995e-88,1.7819300855686028e-92,8.921998603061793e-97,4.467181946009742e-101,2.2366865796086446e-105,1.119893238257305e-109,5.607226674172084e-114,2.807498956282036e-118,1.405694980342225e-122,7.038215894392037e-127,3.523985193716257e-131,1.7644345998857882e-135,8.834399936825597e-140,4.4233219099668556e-144,2.2147261680597233e-148,1.1088978146574153e-152,5.552173361591091e-157,2.7799341499004888e-161,1.3918934756691978e-165,6.969112731248793e-170,3.4893857259804424e-174,1.7471108897522846e-178,8.747661338682641e-183,4.379892503968807e-187,2.19298136994534e-191,1.0980103471876413e-195,5.497660577760288e-200,2.7526399824622514e-204,1.3782274780114957e-208,6.900688042200142e-213,3.4551259654516096e-217,1.729957268627922e-221,8.661774364244933e-226,4.336889499969919e-230,2.171450068312754e-234,1.0872297759046374e-238,5.443683015617903e-243,2.725613796758818e-247,1.3646956569235106e-251,6.832935165798512e-256
C16,0.0,0.0,0.0,0.0,0.0,0.0,0.0,0.0,0.0,0.0,0.0,0.0,0.0,0.0,0.0,0.0,0.0,0.0,0.0,0.0,0.0,0.0,0.0,0.0,0.0,0.0,0.0,0.0,0.0,0.0,0.0,0.0,0.0,0.0,0.0,0.0,0.0,0.0,0.0,0.0,0.0,0.0,0.0,0.0,0.0,0.0,0.0,0.0,0.0,0.0,0.0,0.0,0.0,0.0,0.0,0.0,0.0,0.0,0.0,0.0,0.0,0.0
C17,0.0,0.0,0.0,0.0,0.0,0.0,0.0,0.0,0.0,0.0,0.0,0.0,0.0,0.0,0.0,0.0,0.0,0.0,0.0,0.0,0.0,0.0,0.0,0.0,0.0,0.0,0.0,0.0,0.0,0.0,0.0,0.0,0.0,0.0,0.0,0.0,0.0,0.0,0.0,0.0,0.0,0.0,0.0,0.0,0.0,0.0,0.0,0.0,0.0,0.0,0.0,0.0,0.0,0.0,0.0,0.0,0.0,0.0,0.0,0.0,0.0,0.0
C18,0.0,0.0,0.0,0.0,0.0,0.0,0.0,0.0,0.0,0.0,0.0,0.0,0.0,0.0,0.0,0.0,0.0,0.0,0.0,0.0,0.0,0.0,0.0,0.0,0.0,0.0,0.0,0.0,0.0,0.0,0.0,0.0,0.0,0.0,0.0,0.0,0.0,0.0,0.0,0.0,0.0,0.0,0.0,0.0,0.0,0.0,0.0,0.0,0.0,0.0,0.0,0.0,0.0,0.0,0.0,0.0,0.0,0.0,0.0,0.0,0.0,0.0
C19,0.0,0.0,0.0,0.0,0.0,0.0,0.0,0.0,0.0,0.0,0.0,0.0,0.0,0.0,0.0,0.0,0.0,0.0,0.0,0.0,0.0,0.0,0.0,0.0,0.0,0.0,0.0,0.0,0.0,0.0,0.0,0.0,0.0,0.0,0.0,0.0,0.0,0.0,0.0,0.0,0.0,0.0,0.0,0.0,0.0,0.0,0.0,0.0,0.0,0.0,0.0,0.0,0.0,0.0,0.0,0.0,0.0,0.0,0.0,0.0,0.0,0.0
C20,0.0,0.0,0.0,0.0,0.0,0.0,0.0,0.0,0.0,0.0,0.0,0.0,0.0,0.0,0.0,0.0,0.0,0.0,0.0,0.0,0.0,0.0,0.0,0.0,0.0,0.0,0.0,0.0,0.0,0.0,0.0,0.0,0.0,0.0,0.0,0.0,0.0,0.0,0.0,0.0,0.0,0.0,0.0,0.0,0.0,0.0,0.0,0.0,0.0,0.0,0.0,0.0,0.0,0.0,0.0,0.0,0.0,0.0,0.0,0.0,0.0,0.0
C22,0.0,0.0,0.0,0.0,0.0,0.0,0.0,0.0,0.0,0.0,0.0,0.0,0.0,0.0,0.0,0.0,0.0,0.0,0.0,0.0,0.0,0.0,0.0,0.0,0.0,0.0,0.0,0.0,0.0,0.0,0.0,0.0,0.0,0.0,0.0,0.0,0.0,0.0,0.0,0.0,0.0,0.0,0.0,0.0,0.0,0.0,0.0,0.0,0.0,0.0,0.0,0.0,0.0,0.0,0.0,0.0,0.0,0.0,0.0,0.0,0.0,0.0
Ca51,0.0,0.0,0.0,0.0,0.0,0.0,0.0,0.0,0.0,0.0,0.0,0.0,0.0,0.0,0.0,0.0,0.0,0.0,0.0,0.0,0.0,0.0,0.0,0.0,0.0,0.0,0.0,0.0,0.0,0.0,0.0,0.0,0.0,0.0,0.0,0.0,0.0,0.0,0.0,0.0,0.0,0.0,0.0,0.0,0.0,0.0,0.0,0.0,0.0,0.0,0.0,0.0,0.0,0.0,0.0,0.0,0.0,0.0,0.0,0.0,0.0,0.0
Ca52,0.0,0.0,0.0,0.0,0.0,0.0,0.0,0.0,0.0,0.0,0.0,0.0,0.0,0.0,0.0,0.0,0.0,0.0,0.0,0.0,0.0,0.0,0.0,0.0,0.0,0.0,0.0,0.0,0.0,0.0,0.0,0.0,0.0,0.0,0.0,0.0,0.0,0.0,0.0,0.0,0.0,0.0,0.0,0.0,0.0,0.0,0.0,0.0,0.0,0.0,0.0,0.0,0.0,0.0,0.0,0.0,0.0,0.0,0.0,0.0,0.0,0.0
Ca53,0.0,0.0,0.0,0.0,0.0,0.0,0.0,0.0,0.0,0.0,0.0,0.0,0.0,0.0,0.0,0.0,0.0,0.0,0.0,0.0,0.0,0.0,0.0,0.0,0.0,0.0,0.0,0.0,0.0,0.0,0.0,0.0,0.0,0.0,0.0,0.0,0.0,0.0,0.0,0.0,0.0,0.0,0.0,0.0,0.0,0.0,0.0,0.0,0.0,0.0,0.0,0.0,0.0,0.0,0.0,0.0,0.0,0.0,0.0,0.0,0.0,0.0
Ca54,0.0,0.0,0.0,0.0,0.0,0.0,0.0,0.0,0.0,0.0,0.0,0.0,0.0,0.0,0.0,0.0,0.0,0.0,0.0,0.0,0.0,0.0,0.0,0.0,0.0,0.0,0.0,0.0,0.0,0.0,0.0,0.0,0.0,0.0,0.0,0.0,0.0,0.0,0.0,0.0,0.0,0.0,0.0,0.0,0.0,0.0,0.0,0.0,0.0,0.0,0.0,0.0,0.0,0.0,0.0,0.0,0.0,0.0,0.0,0.0,0.0,0.0
Ca55,0.0,0.0,0.0,0.0,0.0,0.0,0.0,0.0,0.0,0.0,0.0,0.0,0.0,0.0,0.0,0.0,0.0,0.0,0.0,0.0,0.0,0.0,0.0,0.0,0.0,0.0,0.0,0.0,0.0,0.0,0.0,0.0,0.0,0.0,0.0,0.0,0.0,0.0,0.0,0.0,0.0,0.0,0.0,0.0,0.0,0.0,0.0,0.0,0.0,0.0,0.0,0.0,0.0,0.0,0.0,0.0,0.0,0.0,0.0,0.0,0.0,0.0
Ca56,0.0,0.0,0.0,0.0,0.0,0.0,0.0,0.0,0.0,0.0,0.0,0.0,0.0,0.0,0.0,0.0,0.0,0.0,0.0,0.0,0.0,0.0,0.0,0.0,0.0,0.0,0.0,0.0,0.0,0.0,0.0,0.0,0.0,0.0,0.0,0.0,0.0,0.0,0.0,0.0,0.0,0.0,0.0,0.0,0.0,0.0,0.0,0.0,0.0,0.0,0.0,0.0,0.0,0.0,0.0,0.0,0.0,0.0,0.0,0.0,0.0,0.0
Cd126,5182063434.388709,1348896003.8864837,351118897.9155321,91396579.20793377,23790615.48808252,6192719.576671626,1611970.727470362,419597.49574481824,109221.62259832968,28430.491039600725,7400.483544594197,1926.3528237174871,501.4314509428203,130.5230780669784,33.975279923199814,8.843797303549957,2.3020487520066113,0.5992254542613696,0.15597894906515586,0.04060146707462543,0.010568600048223731,0.0027510165279008,0.0007160921883930454,0.00018639946982391652,4.851995722590763e-05,1.2629790478630668e-05,3.2875463346232587e-06,8.55751401464788e-07,2.227528942775704e-07,5.798278778638512e-08,1.50929741693574e-08,3.928715364913495e-09,1.0226483028006481e-09,2.661963145920278e-10,6.929115093460549e-11,1.803655172762514e-11,4.694931370534166e-12,1.2220950493694028e-12,3.181124902201237e-13,8.280498025604876e-14,2.1554214204101312e-14,5.610582220051258e-15,1.460439826285366e-15,3.8015385971492714e-16,9.895440705950615e-17,2.5757925182822874e-17,6.704812139644503e-18,1.74526890302108e-18,4.542951361518538e-19,1.1825345101489997e-19,3.078148446709114e-20,8.01244934389601e-21,2.085648096573634e-21,5.428961602178563e-22,1.4131638087148739e-22,3.678478678980061e-23,9.575114582092305e-24,2.4924113271092225e-24,6.487770115169648e-25,1.6887726600130258e-25,4.3958911098576994e-26,1.1442545883930217e-26
Cd127,3758056556.7038164,577256367.4778244,88669477.49655242,13620077.112702128,2092112.2554600397,321358.95070403855,49362.34895048313,7582.304736093471,1164.6800918784645,178.90071206989097,27.480047956768725,4.2210733929963,0.6483780747796188,0.09959412896076444,0.015298158449951913,0.002349873977531685,0.00036095244590030637,5.5444108682912035e-05,8.516493578468796e-06,1.3081761903127903e-06,2.009424335418767e-07,3.086576708606586e-08,4.7411368570527585e-09,7.282624350344376e-10,1.1186476793921969e-10,1.7182990230031215e-11,2.6393936060884796e-12,4.054241150463656e-13,6.227518043613027e-14,9.565780510883174e-15,1.4693519334920186e-15,2.2569983724803253e-16,3.466862864686537e-17,5.325275493811773e-18,8.179890636532667e-19,1.256472287741511e-19,1.9300045440846912e-20,2.96458392001867e-21,4.55374980632564e-22,6.994788428347213e-23,1.0744346360306219e-23,1.6503855676661671e-24,2.535075127532605e-25,3.894002727691325e-26,5.9813837777762115e-27,9.187705915721285e-28,1.4112777766813635e-28,2.1677935506693188e-29,3.3298397778033616e-30,5.11480114996103e-31,7.856591472668615e-32,1.206811912304343e-32,1.85372371307093e-33,2.8474127321465158e-34,4.373768976477384e-35,6.718328833619773e-36,1.0319690536787138e-36,1.5851563002115661e-37,2.4348796963854613e-38,3.7400975128313106e-39,5.744977637397196e-40,8.824574209887053e-41
Cd128,1239080041.2260756,104230305.90168,8767724.299857521,737530.114007854,62040.12015720849,5218.738104407593,438.9937887512502,36.927614052794716,3.1063051791943597,0.26129854619078613,0.021980110228295886,0.0018489396618964916,0.00015553051544450592,1.3083034418560644e-05,1.1005286590097832e-06,9.257510838491859e-08,7.78730351301395e-09,6.550583311407565e-10,5.5102695879235936e-11,4.635170562401615e-12,3.8990480955126054e-13,3.279830989270773e-14,2.7589532251631942e-15,2.3207972982567536e-16,1.952225956740262e-17,1.642188307024129e-18,1.381388474226487e-19,1.1620068834759671e-20,9.774658051940189e-22,8.222321346888583e-23,6.91651492791406e-24,5.818086733640068e-25,4.8941025347237036e-26,4.116858465154463e-27,3.463050375807215e-28,2.913075104934053e-29,2.4504427155520422e-30,2.0612820768100317e-31,1.733924965155155e-32,1.4585562153827353e-33,1.2269194320304651e-34,1.0320694374463664e-35,8.681640341681449e-37,7.302888380146187e-38,6.1430992985071e-39,5.167499080762753e-40,4.346836255141328e-41,3.6565048457100184e-42,3.0758066101264133e-43,2.5873304431681366e-44,2.1764303386647237e-45,1.8307862575373506e-46,1.5400347354301208e-47,1.2954581544224504e-48,1.0897233622402082e-49,9.166618019719226e-51,7.710845599079588e-52,6.486267860724733e-53,5.456168227009053e-54,4.589661167353771e-55,3.860766155786683e-56,3.2476286954886146e-57
Cd129,2013225.5646986575,185383.0643462301,14228.0389502333,1091.9911925203812,83.8094953691333,6.432315170799954,0.49367530820071426,0.03788920527921841,0.0029079677529812386,0.00022318431833187277,1.712922706869648e-05,1.3146551790196393e-06,1.0089878736453008e-07,7.743905363248543e-09,5.943388601717793e-10,4.5615056504526726e-11,3.500920971766477e-12,2.686930279114754e-13,2.0621985994676338e-14,1.582721776110753e-15,1.2147269526911022e-16,9.322937182428436e-18,7.155283540465669e-19,5.491625819484811e-20,4.214781143287793e-21,3.2348125436340982e-22,2.4826940798852308e-23,1.905448866404043e-24,1.4624175454787773e-25,1.1223943686089325e-26,8.614291606249922e-28,6.611403438301003e-29,5.074201968304041e-30,3.8944115051247306e-31,2.988931277466863e-32,2.2939820739702645e-33,1.760613833904136e-34,1.3512577571148e-35,1.0370800745749106e-36,7.959510873608466e-38,6.108864194798022e-39,4.688506912431286e-40,3.598393476586813e-41,2.761739686894895e-42,2.1196142522481868e-43,1.626787853921523e-44,1.2485473330157238e-45,9.582506034962547e-47,7.354500665049056e-48,5.6445234508446996e-49,4.332128915093827e-50,3.324876068002425e-51,2.551817151391452e-52,1.9585002992450895e-53,1.5031341176038284e-54,1.1536440287374667e-55,8.854130376357995e-57,6.795477874344008e-58,5.2154777011193915e-59,4.002839557990529e-60,3.0721489852357887e-61,2.357851033185881e-62
Cd130,17716328729.0354,245565198.01708606,3403744.6222640197,47178.824775463465,653.9390448491658,9.06415699020638,0.1256370033113064,0.001741436806324095,2.4137810282739786e-05,3.345707884028183e-07,4.637438572152777e-09,6.427888284316578e-11,8.909605411004718e-13,1.2349478564132258e-14,1.7117438289420726e-16,2.3726240105645703e-18,3.288660721497485e-20,4.558366303705594e-22,6.318287326792726e-24,8.757689067562905e-26,1.2138909460302056e-27,1.6825571420568414e-29,2.3321687549814207e-31,3.2325862615653415e-33,4.480642284629287e-35,6.210555158731116e-37,8.608363026871914e-39,1.193193073862911e-40,1.6538681129852006e-42,2.2924032958839413e-44,3.1774679188258688e-46,4.4042435261263694e-48,6.104659915683343e-50,8.461583122068632e-52,1.172848118004656e-53,1.6256682562385243e-55,2.2533158716558675e-57,3.123289390668439e-59,4.329147431377891e-61,6.000570276516954e-63,8.317305939372543e-65,1.1528500609324779e-66,1.5979492310129957e-68,2.2148949212265138e-70,3.0700346524558065e-72,4.255331788859862e-74,5.898255454151409e-76,8.175488805244957e-78,1.1331929877272827e-79,1.5707028387225693e-81,2.1771290806512435e-83,3.0176879527843863e-85,4.182774765773656e-87,5.797685186452053e-89,8.036089773767305e-91,1.1138710843243793e-92,1.5439210205740723e-94,2.1400071797503533e-96,2.966233808825424e-98,4.1114549015884134e-100,5.698829727279344e-102,7.899067614234521e-104
Cd131,1166985520.8095922,43667.041279433695,1.633962427208968,6.114069410945097e-05,2.2878032040007083e-09,8.560654366903626e-14,3.20328265392024e-18,1.1986256331731434e-22,4.485097207208527e-27,1.6782635379535504e-31,6.279838257011528e-36,2.349831694628467e-40,8.792756703431697e-45,3.2901322517043903e-49,1.2311235939782752e-53,4.606700240894038e-58,1.7237657708172928e-62,6.450101541802677e-67,2.4135419442654076e-71,9.031151957803776e-76,3.379336575390126e-80,1.2645026618006998e-84,4.731600259487207e-89,1.7705016914474506e-93,6.624981121625873e-98,2.478979549916002e-102,9.276010747927362e-107,3.4709594679221725e-111,1.298786725818584e-115,4.8598866531056256e-120,1.8185047484334446e-124,6.804602156640276e-129,2.5461913448420204e-133,9.527508317619845e-138,3.5650665031990124e-142,1.3340003229098992e-146,4.991651235473111e-151,1.867809297245811e-155,6.989093200433165e-160,2.6152254320807437e-164,9.785824662029166e-169,3.6617250330036344e-173,1.3701686552132818e-177,5.1269883096301586e-182,1.9184506248241832e-186,7.178586292024906e-191,2.6861312188720325e-195,1.0051144656455305e-199,3.7610042352068314e-204,1.4073176081650615e-208,5.2659947354260605e-213,1.9704649748319293e-217,7.373217050368464e-222,2.758959452018738e-226,1.0323658188664253e-230,3.8629751632772735e-235,1.4454737690252677e-239,5.408769998840762e-244,2.023889573595474e-248,7.573124771410835e-253,2.833762254205853e-257,1.060356029478946e-261
Cd132,0.01427651859671174,1.1251755806423589e-05,8.86784882951413e-09,6.989019688662324e-12,5.5082576561226695e-15,4.341224343015286e-18,3.4214501159799764e-21,2.6965482479554443e-24,2.1252311759830805e-27,1.674958923800074e-30,1.3200857526098312e-33,1.0403994805376301e-36,8.19970276145309e-40,6.4624335780557484e-43,5.093239226562103e-46,4.014135774962255e-49,3.1636617294154018e-52,2.49337742898389e-55,1.9651061128191835e-58,1.5487595218237899e-61,1.2206241896009837e-64,9.620108165563065e-68,7.581898008049976e-71,5.975522979071156e-74,4.709490266882534e-77,3.7116916212259126e-80,2.9252963506384244e-83,2.305514469500062e-86,1.8170456363896625e-89,1.4320685852987337e-92,1.128656535602674e-95,8.89528328765691e-99,7.010641614316894e-102,5.5252985492425006e-105,4.354654785935161e-108,3.4320350539732854e-111,2.7048905575122224e-114,2.131806002286749e-117,1.680140743130704e-120,1.3241697010420986e-123,1.0436181637323189e-126,8.225070176540694e-130,6.482426404603232e-133,5.108996177436962e-136,4.026554304192382e-139,3.173449147645254e-142,2.5010911891104706e-145,1.9711855603193328e-148,1.5535509181468e-151,1.2244004338606115e-154,9.649869887923395e-158,7.60535412097474e-161,5.994009450615986e-164,4.7240600138510114e-167,3.723174479174801e-170,2.9343463380513584e-173,2.312647038111361e-176,1.8226670292904056e-179,1.4364989749474862e-182,1.1321482595910826e-185,8.922802619764999e-189,7.032330431708791e-192
Ce153,2079760649.4216914,1024689357.0558176,504803830.22890353,248679582.63723138,122505098.3745356,60348610.236183755,29728988.703253713,14645119.935441898,7214491.260902689,3554008.6948096,1750778.7187238662,862470.0676804583,424870.7215449742,209300.1679485186,103105.62267818717,50791.977531662444,25021.18618328209,12325.957531935392,6072.023443100183,2991.205234808912,1473.5300086687355,725.8915774751212,357.58931216159317,176.15594413834327,86.77808759912926,42.74869363163903,21.058896983921,10.374051333610154,5.1104737895128105,2.517525845344816,1.2401856741707968,0.6109412974895649,0.3009624097035242,0.14826035238860094,0.07303613800821696,0.03597912300365907,0.017724065475186974,0.00873124386430338,0.004301192608696968,0.002118857077483024,0.0010437931344255695,0.0005141942413445695,0.00025330279450192216,0.0001247822331395713,6.147032739182896e-05,3.0281563765830342e-05,1.4917329108384389e-05,7.348587062698225e-06,3.6200670660073912e-06,1.7833204465811383e-06,8.785008004566785e-07,4.327677944155231e-07,2.1319043054476087e-07,1.0502204707086273e-07,5.173604810858874e-08,2.5486255015465332e-08,1.2555060126548388e-08,6.184884153658276e-09,3.046802771839024e-09,1.5009185135658813e-09,7.393837255192834e-10,3.642358253440107e-10
Ce154,88042137.5501975,35998580.436676145,14718446.801977586,6017782.170710548,2460428.1962760375,1005969.6964486628,411300.36786936497,168164.10380118023,68755.50817208162,28111.349551334537,11493.59512576536,4699.266702715928,1921.340303152852,785.5584273150464,321.18310416590174,131.31879541312983,53.690950131200054,21.95206038040448,8.97531062064208,3.669641907914898,1.5003683216661687,0.6134399914618489,0.2508108293747628,0.1025464153090982,0.04192708631824402,0.017142291730421127,0.007008790535558775,0.0028656112930433406,0.0011716326862895546,0.0004790332711608684,0.00019585735150988326,8.007815834483848e-05,3.2740723768938725e-05,1.3386359215428225e-05,5.473141470821209e-06,2.237746431090725e-06,9.149241101396075e-07,3.7407550546588916e-07,1.5294436143803034e-07,6.253277040033277e-08,2.5567123476631864e-08,1.0453363871207307e-08,4.273958168338203e-09,1.7474488260203581e-09,7.144612275761276e-10,2.921143315378785e-10,1.194337486714481e-10,4.883163467748234e-11,1.9965282608977844e-11,8.162997456240495e-12,3.3375198726525955e-12,1.3645770392633598e-12,5.579204220901968e-13,2.2811112046362683e-13,9.326542140943359e-14,3.813246286722018e-14,1.5590823505064307e-14,6.374457857927118e-15,2.606258288363658e-15,1.0655937206043603e-15,4.3567822209377522e-16,1.7813122350152136e-16
Ce155,1495877.9508481573,343374.44515354047,78820.39380567653,18092.93867664981,4153.16906104694,953.345032004698,218.83692583532732,50.23322983810536,11.530857373949672,2.646866868940044,0.6075787770751464,0.13946752467378856,0.03201426905046102,0.007348760403058396,0.0016868815394921945,0.00038721759483344886,8.888440725585077e-05,2.0403096240040677e-05,4.683457414325738e-06,1.075070817377028e-06,2.467786423850946e-07,5.6647150450994744e-08,1.3003149799366314e-08,2.9848263038585254e-09,6.8515615075356e-10,1.5727513199296869e-10,3.6101941311043833e-11,8.28707087961192e-12,1.902267337150193e-12,4.366586306014492e-13,1.002334193281049e-13,2.300822117351817e-14,5.281454480133604e-15,1.2123388946655412e-15,2.782880361929556e-16,6.388001855660744e-17,1.4663428678490224e-17,3.36593735361289e-18,7.726388225330847e-19,1.7735646489217689e-19,4.071153910688075e-20,9.345187487012151e-21,2.1451542015675865e-21,4.924124374067887e-22,1.130315053042377e-22,2.594597581374126e-23,5.955805499672547e-24,1.3671337476212258e-24,3.138206383649736e-25,7.203639968302868e-26,1.6535696652487088e-26,3.7957097382185116e-27,8.712915288416265e-28,2.0000183907304773e-28,4.590970336390379e-29,1.0538407410303015e-29,2.419053546593989e-30,5.552850476788223e-31,1.2746368703157255e-31,2.92588312608049e-32,6.716259561330629e-33,1.54169324444589e-33
Ce156,26334.14047303975,4024.5720024044,615.0639250641058,93.9984752886156,14.365520389874208,2.1954417392223977,0.3355231345268428,0.05127704907468461,0.007836525983567488,0.001197634040946537,0.0001830310138754839,2.7972110757482266e-05,4.274898355538522e-06,6.533205916645971e-07,9.984513314567704e-08,1.5259048528499315e-08,2.3319971105189354e-09,3.563925046382625e-10,5.446645572132347e-11,8.323953955917157e-12,1.272126275569328e-12,1.9441545082592673e-13,2.971196196928836e-14,4.540794881857763e-15,6.939568036745e-16,1.0605545017904516e-16,1.6208153667667862e-17,2.4770461571869447e-18,3.7855993906784483e-19,5.785424185627513e-20,8.841699702842855e-21,1.351251889696524e-21,2.0650799402532913e-22,3.156003105086728e-23,4.8232300382983655e-24,7.371205676207457e-25,1.126520458064701e-25,1.7216292668843828e-26,2.6311171815599855e-27,4.0210617676291326e-28,6.145274658387569e-29,9.391648974665421e-30,1.4352990772014944e-30,2.193526873260136e-31,3.3523049099256976e-32,5.1232325193306146e-33,7.829690959617534e-34,1.196589463621033e-34,1.8287137408534635e-35,2.7947713461108946e-36,4.271169785926804e-37,6.527507649454115e-38,9.975804814426588e-39,1.524573957471487e-39,2.3299631408574978e-40,3.5608165882343324e-41,5.441895003703098e-42,8.316693796917312e-43,1.2710167260598728e-43,1.9424588152118286e-44,2.9686047173358765e-45,4.5368343970926355e-46
Ce157,138.80310360001332,7.99046726548193,0.45998659586695423,0.026480011912608358,0.0015243727473630369,8.775344514844068e-05,5.051695622833411e-06,2.908105615977372e-07,1.674106855419704e-08,9.637317668125077e-10,5.5479070249115586e-11,3.1937592405886826e-12,1.838548851133316e-13,1.0583959601728065e-14,6.09285963666184e-16,3.5074716787469513e-17,2.0191434418062813e-18,1.162358705073225e-19,6.6913411463767005e-21,3.851999055177484e-22,2.217477243575125e-23,1.2765333675677579e-24,7.348609521181204e-26,4.230368219648486e-27,2.4352927206472832e-28,1.401923030645886e-29,8.070439200971944e-31,4.6459033393992725e-32,2.6745034937431685e-33,1.5396293068312782e-34,8.8631718298342e-36,5.102255103654974e-37,2.9372111522360304e-38,1.6908620164130255e-39,9.733771970638962e-41,5.603432796804461e-42,3.2257237176928386e-43,1.856949816337597e-44,1.068988829230101e-45,6.153839522020711e-47,3.542575921027947e-48,2.0393518731418057e-49,1.1739920767259634e-50,6.758310884781298e-52,3.8905514714146477e-53,2.239670682479487e-54,1.2893094469546284e-55,7.422157476143478e-57,4.272707512598498e-58,2.45966614786802e-59,1.4159540621793098e-60,8.15121152901142e-62,4.6924014814736837e-63,2.7012710423436696e-64,1.555038560322169e-65,8.951878157294487e-67,5.153320604888659e-68,2.966607988864337e-69,1.707784870059304e-70,9.831191628119234e-72,5.659514293825861e-73,3.258008108641333e-74
Cl43,0.0,0.0,0.0,0.0,0.0,0.0,0.0,0.0,0.0,0.0,0.0,0.0,0.0,0.0,0.0,0.0,0.0,0.0,0.0,0.0,0.0,0.0,0.0,0.0,0.0,0.0,0.0,0.0,0.0,0.0,0.0,0.0,0.0,0.0,0.0,0.0,0.0,0.0,0.0,0.0,0.0,0.0,0.0,0.0,0.0,0.0,0.0,0.0,0.0,0.0,0.0,0.0,0.0,0.0,0.0,0.0,0.0,0.0,0.0,0.0,0.0,0.0
Cl44,0.0,0.0,0.0,0.0,0.0,0.0,0.0,0.0,0.0,0.0,0.0,0.0,0.0,0.0,0.0,0.0,0.0,0.0,0.0,0.0,0.0,0.0,0.0,0.0,0.0,0.0,0.0,0.0,0.0,0.0,0.0,0.0,0.0,0.0,0.0,0.0,0.0,0.0,0.0,0.0,0.0,0.0,0.0,0.0,0.0,0.0,0.0,0.0,0.0,0.0,0.0,0.0,0.0,0.0,0.0,0.0,0.0,0.0,0.0,0.0,0.0,0.0
Cl45,0.0,0.0,0.0,0.0,0.0,0.0,0.0,0.0,0.0,0.0,0.0,0.0,0.0,0.0,0.0,0.0,0.0,0.0,0.0,0.0,0.0,0.0,0.0,0.0,0.0,0.0,0.0,0.0,0.0,0.0,0.0,0.0,0.0,0.0,0.0,0.0,0.0,0.0,0.0,0.0,0.0,0.0,0.0,0.0,0.0,0.0,0.0,0.0,0.0,0.0,0.0,0.0,0.0,0.0,0.0,0.0,0.0,0.0,0.0,0.0,0.0,0.0
Cl46,0.0,0.0,0.0,0.0,0.0,0.0,0.0,0.0,0.0,0.0,0.0,0.0,0.0,0.0,0.0,0.0,0.0,0.0,0.0,0.0,0.0,0.0,0.0,0.0,0.0,0.0,0.0,0.0,0.0,0.0,0.0,0.0,0.0,0.0,0.0,0.0,0.0,0.0,0.0,0.0,0.0,0.0,0.0,0.0,0.0,0.0,0.0,0.0,0.0,0.0,0.0,0.0,0.0,0.0,0.0,0.0,0.0,0.0,0.0,0.0,0.0,0.0
Cl47,0.0,0.0,0.0,0.0,0.0,0.0,0.0,0.0,0.0,0.0,0.0,0.0,0.0,0.0,0.0,0.0,0.0,0.0,0.0,0.0,0.0,0.0,0.0,0.0,0.0,0.0,0.0,0.0,0.0,0.0,0.0,0.0,0.0,0.0,0.0,0.0,0.0,0.0,0.0,0.0,0.0,0.0,0.0,0.0,0.0,0.0,0.0,0.0,0.0,0.0,0.0,0.0,0.0,0.0,0.0,0.0,0.0,0.0,0.0,0.0,0.0,0.0
Co66,16526.176381053712,3593.3034895873525,749.0941455178286,155.18822181224456,32.119762958630524,6.646977692578714,1.375519643714752,0.2846478881304196,0.058904560877206726,0.012189611026700183,0.0025224976319718315,0.0005220014222479639,0.00010802209734745866,2.2353911345001506e-05,4.625880858524592e-06,9.572720132501728e-07,1.980962621774462e-07,4.099370768757573e-08,8.483168998257498e-09,1.755492740531196e-09,3.6327871844716806e-10,7.517628767674849e-11,1.5556854673498147e-11,3.2193093701698573e-12,6.661984725305009e-13,1.3786199267284322e-13,2.85289291516004e-14,5.903728669209654e-15,1.2217076923720697e-15,2.5281813735537105e-16,5.2317760602569185e-17,1.0826549483751242e-17,2.2404279612525724e-18,4.636303983181141e-19,9.594289571552998e-20,1.9854261652544054e-20,4.1086075506461416e-21,8.502283439517096e-22,1.7594482508926456e-22,3.640972651159951e-23,7.534567634921353e-24,1.5591907680800208e-24,3.2265631806108874e-25,6.676995638765571e-26,1.3817262599411934e-26,2.859321108923236e-27,5.917031065387695e-28,1.2244604678887434e-28,2.5338779209604914e-29,5.243564399756879e-30,1.0850944075464962e-30,2.245476137078192e-31,4.64675059342387e-32,9.615907611283241e-33,1.9898997660772523e-33,4.117865145031152e-34,8.52144094980719e-35,1.76341267388691e-35,3.649176561500832e-36,7.551544669152724e-37,1.5627039670219552e-37,3.23383333547857e-38
Co67,142524.44227031205,39408.44372662378,9889.124258050439,2346.761112146199,537.0328520403424,119.79743796842118,26.222946109573215,5.657039784333676,1.2063589750150983,0.2548501098110832,0.05342138009773003,0.011125091172801702,0.0023039312138697873,0.0004748395926711444,9.745547965485793e-05,1.9928267876260632e-05,4.061825901315368e-06,8.254989385631114e-07,1.6733494788369029e-07,3.384107531346981e-08,6.829453583100087e-09,1.3756127912839342e-09,2.765975969221656e-10,5.552737365455111e-11,1.11308784927626e-11,2.2282605204497775e-12,4.455145071564232e-13,8.897285295914584e-14,1.7749629550042796e-14,3.5374470617828805e-15,7.043510084723686e-16,1.401244080456481e-16,2.785405401248491e-17,5.5326779189289425e-18,1.0981842299596004e-18,2.1783449466365995e-19,4.3182424660900644e-20,8.555241010949218e-21,1.6940141701002115e-21,3.3525480207394688e-22,6.631606859939369e-23,1.3111731575764933e-23,2.5912525164525078e-24,5.118915772080888e-25,1.0108210064824589e-25,1.9952963463410787e-26,3.9371839263558884e-27,7.7663488856189655e-28,1.531469150106389e-28,3.019024204277642e-29,5.949744746900263e-30,1.1722210155291192e-30,2.3089035027836236e-31,4.546660515234762e-32,8.951066680769031e-33,1.761803010178035e-33,3.4669270548141965e-34,6.820891290431702e-35,1.3416852890460618e-35,2.638621642715491e-36,5.188288795752098e-37,1.0199882402892397e-37
Co68,70947.43024666457,3111.5364955805944,118.46355191376217,4.2006437296164005,0.14282006062847194,0.004725388638155428,0.00015345226482269117,4.917251640836075e-06,1.5603740222270435e-07,4.915423595614276e-09,1.5398659397905146e-10,4.803454891261361e-12,1.4934489145466914e-13,4.6313590938058584e-15,1.433341001538821e-16,4.428943534839059e-18,1.3668014584647575e-19,4.213848473204864e-21,1.2981048883854146e-22,3.9963947841035034e-24,1.2297315947485782e-25,3.782506766260797e-27,1.1630852123741336e-28,3.575474012001207e-30,1.0989252323767412e-31,3.377013112692794e-33,1.0376275823793136e-34,3.1879071127570766e-36,9.793415146596017e-38,3.008390333413807e-39,9.240839680842302e-41,2.8383796644899742e-42,8.717962322482399e-44,2.677613299306396e-45,8.223778883082973e-47,2.525733687296121e-48,7.757070576141275e-50,2.382336882627316e-51,7.316524045161975e-53,2.2470016633863142e-54,6.900801776308398e-56,2.1193064860172513e-57,6.508582698086616e-59,1.99883913718032e-60,6.138584905572634e-62,1.8852020136896107e-63,5.7895777032868374e-65,1.7780147963118857e-66,5.460387300161384e-68,1.676915580711939e-69,5.149898764954558e-71,1.5815611052171128e-72,4.857055810276845e-74,1.4916264596638077e-75,4.580859346288369e-77,1.406804505626012e-78,4.32036536715829e-80,1.3268051455463576e-81,4.074682505660715e-83,1.2513545224086948e-84,3.842969454175337e-86,1.18019419796029e-87
Co68_m1,0.0,0.0,0.0,0.0,0.0,0.0,0.0,0.0,0.0,0.0,0.0,0.0,0.0,0.0,0.0,0.0,0.0,0.0,0.0,0.0,0.0,0.0,0.0,0.0,0.0,0.0,0.0,0.0,0.0,0.0,0.0,0.0,0.0,0.0,0.0,0.0,0.0,0.0,0.0,0.0,0.0,0.0,0.0,0.0,0.0,0.0,0.0,0.0,0.0,0.0,0.0,0.0,0.0,0.0,0.0,0.0,0.0,0.0,0.0,0.0,0.0,0.0
Co69,92397.09968224465,4091.7572735962103,175.45689071254156,7.514077008451882,0.3217795383476828,0.013779717062724735,0.0005900952785366754,2.5269926441799203e-05,1.0821458932351767e-06,4.6341240325187795e-08,1.9844926347741754e-09,8.498285738226948e-11,3.639260696816338e-12,1.5584576498548477e-13,6.6738561722599996e-15,2.857976680480301e-16,1.2238847370010408e-17,5.241098920416579e-19,2.2444203333151352e-20,9.611386293388314e-22,4.115928959896928e-23,1.7625835322602576e-24,7.54799399713849e-26,3.232312814575098e-27,1.3841884526176443e-28,5.927575028383785e-30,2.538393211608792e-31,1.0870280116046821e-32,4.6550309566276065e-34,1.993445704786656e-35,8.536625889189038e-37,3.655679279199215e-38,1.5654886562723738e-39,6.703965380284468e-41,2.870870487625763e-42,1.2294063124130956e-43,5.264744221363815e-45,2.2545460712642117e-46,9.654748215168112e-48,4.134498038712649e-49,1.770535455835404e-50,7.582046891831057e-52,3.2468954451296338e-53,1.3904332407864608e-54,5.954317377185372e-56,2.549845212863161e-57,1.0919321557284143e-58,4.676032202656242e-60,2.0024391667165593e-61,8.575139012350561e-63,3.672171934277043e-64,1.572551383186921e-65,6.734210426478709e-67,2.883822465386756e-68,1.234952798500236e-69,5.288496198461476e-71,2.264717491640723e-72,9.6983057649461e-74,4.1531508922220993e-75,1.778523254639942e-76,7.616253416698385e-78,3.2615438654533236e-79
Co70,31456.584732547188,97.10678564509035,0.2894394522056632,0.00085651112881414,2.5307382289228334e-06,7.475172328382217e-09,2.2078288911728342e-11,6.520836172671853e-14,1.9259270041956085e-16,5.688215880928172e-19,1.6800115123621276e-21,4.961904852123815e-24,1.4654958865000352e-26,4.3283340863630396e-29,1.2783711049907885e-31,3.7756620662104375e-34,1.1151397260453785e-36,3.2935590812799813e-39,9.727508731434188e-42,2.873014383071053e-44,8.485432265570382e-47,2.5061677782697623e-49,7.401952824869312e-52,2.1861627181008838e-54,6.456819630025984e-57,1.907018145973388e-59,5.632367663113956e-62,1.6635167085051136e-64,4.913187499456921e-67,1.4511072405465735e-69,4.28583729767986e-72,1.2658197016000808e-74,3.738591564888203e-77,1.1041909737528408e-79,3.261222001269094e-82,9.632001342498045e-85,2.844806327989353e-87,8.402119929179109e-90,2.4815615252868242e-92,7.329278391275622e-95,2.1646983638904902e-97,6.393424777271428e-100,1.8882945108880804e-102,5.577067509304143e-105,1.6471838383254942e-107,4.864948456719043e-110,1.4368598656597597e-112,4.2437577538820275e-115,1.2533915313560834e-117,3.7018850320522346e-120,1.0933497193574972e-122,3.229202415711999e-125,9.537431671696085e-128,2.8168752274457657e-130,8.319625576501311e-133,2.4571968633462438e-135,7.257317495504081e-138,2.143444752685575e-140,6.330652352830826e-143,1.869754709664844e-145,5.5223103078004185e-148,1.6310113288124947e-150
Co70_m1,0.0,0.0,0.0,0.0,0.0,0.0,0.0,0.0,0.0,0.0,0.0,0.0,0.0,0.0,0.0,0.0,0.0,0.0,0.0,0.0,0.0,0.0,0.0,0.0,0.0,0.0,0.0,0.0,0.0,0.0,0.0,0.0,0.0,0.0,0.0,0.0,0.0,0.0,0.0,0.0,0.0,0.0,0.0,0.0,0.0,0.0,0.0,0.0,0.0,0.0,0.0,0.0,0.0,0.0,0.0,0.0,0.0,0.0,0.0,0.0,0.0,0.0
Co71,14612.584965179462,2.264696260116942,0.00035035126406791846,5.4199766374894315e-08,8.384769733622665e-12,1.2971340687999744e-15,2.0066821700476483e-19,3.104361706660326e-23,4.802485291205916e-27,7.429503115814848e-31,1.1493531619758956e-34,1.7780633110335593e-38,2.7506855530884498e-42,4.255343982983017e-46,6.583068861934541e-50,1.0184087541283275e-53,1.5754907205701425e-57,2.4373032935357646e-61,3.7705378185474462e-65,5.833067833126414e-69,9.023826834062004e-73,1.395996978960089e-76,2.1596242936639504e-80,3.340965030782394e-84,5.168513509344543e-88,7.995753218051854e-92,1.2369527410231008e-95,1.913580924521526e-99,2.9603329482611746e-103,4.579671051409519e-107,7.084806778723185e-111,1.0960282196773337e-114,1.695568977176198e-118,2.6230658159592934e-122,4.057914698529661e-126,6.277643359292139e-130,9.711590576495854e-134,1.5023948658357361e-137,2.3242231178407228e-141,3.5956014123492606e-145,5.5624390865274805e-149,8.605160873800222e-153,1.3312288460530252e-156,2.059427204852524e-160,3.1859589165766505e-164,4.928717166694473e-168,7.62478536144185e-172,1.1795635627241468e-175,1.8247991681740597e-179,2.822986492121297e-183,4.3671944144261884e-187,6.756102838828532e-191,1.0451773206626139e-194,1.616902018348931e-198,2.501367074520339e-202,3.869645266373953e-206,5.986388259484783e-210,9.261015397124019e-214,1.4326903379492725e-217,2.216389365998278e-221,3.428781287617076e-225,5.304366326003273e-229
Co72,4330.919500785904,0.040835475211724086,3.8503048411337955e-07,3.630384437255688e-12,3.423025372294233e-17,3.227510171960565e-22,3.043162342418513e-27,2.8693440295770124e-32,2.7054538120782853e-37,2.5509246203453468e-42,2.4052217744886623e-47,2.267841134282987e-52,2.1383073548131923e-57,2.0161722417535245e-62,1.9010132005894726e-67,1.7924317744164366e-72,1.6900522652559236e-77,1.5935204341189507e-82,1.5025022753187596e-87,1.416682860791941e-92,1.3357652504292204e-97,1.259469464645612e-102,1.1875315156349457e-107,1.119702493956881e-112,1.0557477072959343e-117,9.954458684125646e-123,9.385883294766028e-128,8.849783601337625e-133,8.344304668072968e-138,7.867697508795617e-143,7.41831303532737e-148,6.994596351548375e-153,6.595081373367087e-158,6.218385755985066e-163,5.863206110904436e-168,5.5283134961287704e-173,5.212549163953077e-178,4.914820551630132e-183,4.634097501040546e-188,4.3694086942864133e-193,4.11983829287554e-198,3.8845227688676015e-203,3.6626479170178148e-208,3.453446037579955e-213,3.256193280021101e-218,3.070207138457161e-223,2.8948440901432705e-228,2.729497368848084e-233,2.573594865407721e-238,2.4265971481951724e-243,2.2879955966558406e-248,2.1573106414511708e-253,2.0340901051211754e-258,1.9179076375244064e-263,1.8083612406419532e-268,1.7050718776411804e-273,1.6076821613864962e-278,1.5158551178593035e-283,1.4292730202085228e-288,1.3476362893974152e-293,1.2706624576428872e-298,1.1980851910607196e-303
Co73,1128.8132476413045,5.133659754836865e-05,2.3347052786189672e-12,1.0617861327633851e-19,4.828831296408863e-27,2.1960742346946753e-34,9.98738980149589e-42,4.542103061506582e-49,2.065674879161866e-56,9.394354660426951e-64,4.272400287972425e-71,1.9430184276050395e-78,8.836532992100411e-86,4.018712031296873e-93,1.8276451188410516e-100,8.311833877147915e-108,3.7800873752292203e-115,1.719122491566258e-122,7.818290551629812e-130,3.5556318673961163e-137,1.6170437633335736e-144,7.354053034885513e-152,3.3445041665673513e-159,1.5210263057832987e-166,6.9173811951302905e-174,3.1459128890016306e-181,1.4307102104122491e-188,6.506638226805655e-196,2.9591136420512233e-203,1.3457569395052206e-210,6.120284515234268e-218,2.783406233906406e-225,1.2658480571719783e-232,5.756871865581774e-240,2.61813204902082e-247,1.1906840357332248e-254,5.415038074493564e-262,2.4626715793798336e-269,1.1199831329814556e-276,5.093501824059049e-284,2.316442102358198e-291,1.0534803361082415e-298,4.791057878964072e-306,2.1788954965e-313,9.91e-321,0.0,0.0,0.0,0.0,0.0,0.0,0.0,0.0,0.0,0.0,0.0,0.0,0.0,0.0,0.0,0.0,0.0
Co74,112.09356874153812,1.0357322691659645e-08,9.570052460950447e-19,8.842623410690343e-29,8.170486954208741e-39,7.549440247357935e-49,6.975599908285687e-59,6.445377734793565e-69,5.955458267442719e-79,5.502778058109852e-89,5.084506514360606e-99,4.698028199860822e-109,4.340926480150859e-119,4.0109684115206393e-129,3.706090778496048e-139,3.4243871926296673e-149,3.1640961719250553e-159,2.923590126355637e-169,2.7013651806050787e-179,2.4960317703911374e-189,2.30630595357212e-199,2.1310013817046444e-209,1.9690218818511573e-219,1.8193546022515115e-229,1.6810636789987527e-239,1.553284384117084e-249,1.4352177184501412e-259,1.3261254155491205e-269,1.2253253253202648e-279,1.1321871485658137e-289,1.0461284957466696e-299,9.66611245322373e-310,8.931e-320,0.0,0.0,0.0,0.0,0.0,0.0,0.0,0.0,0.0,0.0,0.0,0.0,0.0,0.0,0.0,0.0,0.0,0.0,0.0,0.0,0.0,0.0,0.0,0.0,0.0,0.0,0.0,0.0,0.0
Co75,16.133986777213035,2.2590107353485868e-08,3.1629686901861154e-17,4.4286513466054464e-26,6.2008052152537e-35,8.682098071908349e-44,1.2156296531425649e-52,1.7020718279846606e-61,2.383167027992273e-70,3.336806937245601e-79,4.672052107833404e-88,6.541604386716105e-97,9.15927026596196e-106,1.282441230706233e-114,1.7956184962979536e-123,2.5141470088822307e-132,3.520199416136232e-141,4.928830289393122e-150,6.901134040952562e-159,9.66266806826053e-168,1.3529248040006794e-176,1.8943065335056982e-185,2.6523257111343268e-194,3.713671231933726e-203,5.199721120598716e-212,7.280423614107054e-221,1.0193732850569593e-229,1.4272821876385623e-238,1.9984185116608118e-247,2.798098779860865e-256,3.9177763497357645e-265,5.485500239313249e-274,7.680559120618299e-283,1.0753985203124944e-291,1.5057262880585743e-300,2.10825253310916e-309,2.951884e-318,0.0,0.0,0.0,0.0,0.0,0.0,0.0,0.0,0.0,0.0,0.0,0.0,0.0,0.0,0.0,0.0,0.0,0.0,0.0,0.0,0.0,0.0,0.0,0.0,0.0
Cr60,0.0,0.0,0.0,0.0,0.0,0.0,0.0,0.0,0.0,0.0,0.0,0.0,0.0,0.0,0.0,0.0,0.0,0.0,0.0,0.0,0.0,0.0,0.0,0.0,0.0,0.0,0.0,0.0,0.0,0.0,0.0,0.0,0.0,0.0,0.0,0.0,0.0,0.0,0.0,0.0,0.0,0.0,0.0,0.0,0.0,0.0,0.0,0.0,0.0,0.0,0.0,0.0,0.0,0.0,0.0,0.0,0.0,0.0,0.0,0.0,0.0,0.0
Cr61,0.0,0.0,0.0,0.0,0.0,0.0,0.0,0.0,0.0,0.0,0.0,0.0,0.0,0.0,0.0,0.0,0.0,0.0,0.0,0.0,0.0,0.0,0.0,0.0,0.0,0.0,0.0,0.0,0.0,0.0,0.0,0.0,0.0,0.0,0.0,0.0,0.0,0.0,0.0,0.0,0.0,0.0,0.0,0.0,0.0,0.0,0.0,0.0,0.0,0.0,0.0,0.0,0.0,0.0,0.0,0.0,0.0,0.0,0.0,0.0,0.0,0.0
Cr62,0.0,0.0,0.0,0.0,0.0,0.0,0.0,0.0,0.0,0.0,0.0,0.0,0.0,0.0,0.0,0.0,0.0,0.0,0.0,0.0,0.0,0.0,0.0,0.0,0.0,0.0,0.0,0.0,0.0,0.0,0.0,0.0,0.0,0.0,0.0,0.0,0.0,0.0,0.0,0.0,0.0,0.0,0.0,0.0,0.0,0.0,0.0,0.0,0.0,0.0,0.0,0.0,0.0,0.0,0.0,0.0,0.0,0.0,0.0,0.0,0.0,0.0
Cr63,0.0,0.0,0.0,0.0,0.0,0.0,0.0,0.0,0.0,0.0,0.0,0.0,0.0,0.0,0.0,0.0,0.0,0.0,0.0,0.0,0.0,0.0,0.0,0.0,0.0,0.0,0.0,0.0,0.0,0.0,0.0,0.0,0.0,0.0,0.0,0.0,0.0,0.0,0.0,0.0,0.0,0.0,0.0,0.0,0.0,0.0,0.0,0.0,0.0,0.0,0.0,0.0,0.0,0.0,0.0,0.0,0.0,0.0,0.0,0.0,0.0,0.0
Cr64,0.0,0.0,0.0,0.0,0.0,0.0,0.0,0.0,0.0,0.0,0.0,0.0,0.0,0.0,0.0,0.0,0.0,0.0,0.0,0.0,0.0,0.0,0.0,0.0,0.0,0.0,0.0,0.0,0.0,0.0,0.0,0.0,0.0,0.0,0.0,0.0,0.0,0.0,0.0,0.0,0.0,0.0,0.0,0.0,0.0,0.0,0.0,0.0,0.0,0.0,0.0,0.0,0.0,0.0,0.0,0.0,0.0,0.0,0.0,0.0,0.0,0.0
Cr65,0.0,0.0,0.0,0.0,0.0,0.0,0.0,0.0,0.0,0.0,0.0,0.0,0.0,0.0,0.0,0.0,0.0,0.0,0.0,0.0,0.0,0.0,0.0,0.0,0.0,0.0,0.0,0.0,0.0,0.0,0.0,0.0,0.0,0.0,0.0,0.0,0.0,0.0,0.0,0.0,0.0,0.0,0.0,0.0,0.0,0.0,0.0,0.0,0.0,0.0,0.0,0.0,0.0,0.0,0.0,0.0,0.0,0.0,0.0,0.0,0.0,0.0
Cr66,0.03001615821899358,2.3678573743892749e-32,1.867910111795001e-62,1.4735212616620993e-92,1.162403316337187e-122,9.169745323576722e-153,7.233653596602962e-183,5.706346524271498e-213,4.501513684641638e-243,3.551068160131205e-273,2.8012988433026448e-303,0.0,0.0,0.0,0.0,0.0,0.0,0.0,0.0,0.0,0.0,0.0,0.0,0.0,0.0,0.0,0.0,0.0,0.0,0.0,0.0,0.0,0.0,0.0,0.0,0.0,0.0,0.0,0.0,0.0,0.0,0.0,0.0,0.0,0.0,0.0,0.0,0.0,0.0,0.0,0.0,0.0,0.0,0.0,0.0,0.0,0.0,0.0,0.0,0.0,0.0,0.0
Cs141,128967192715389.98,126300653556344.86,123418283659669.88,120419770311414.22,117372512351966.58,114321124506501.42,111294758339464.5,108312185728932.11,105385238572909.66,102521119085230.75,99723948028108.44,96995801438114.28,94337404552094.33,91748596101596.28,89228638806449.39,86776426863466.33,84390624453785.73,82069758057720.2,79812277841051.2,77616598336537.1,75481125268474.08,73404273106909.52,71384476423483.3,69420197106336.266,67509928811960.48,65652199576670.46,63845573205470.04,62088649851858.836,60380066065322.08,58718494491618.97,57102643349615.41,55531255767301.59,54003109032109.63,52517013792214.15,51071813233156.29,49666382245873.49,48299626596688.16,46970482106113.23,45677913840861.16,44420915321795.25,43198507749461.02,42009739248106.51,40853684128614.24,39729442170449.48,38636137922518.94,37572920022701.17,36538960535720.92,35533454308989.86,34555618346002.312,33604691196860.15,32679932365492.906,31780621733138.992,30906058997657.688,30055563128247.434,29228471835154.113,28424141053962.023,27641944444069.49,26881272900961.445,26141534081899.934,25422151944665.676,24722566298990.918,24042232370335.625
Cs142,5693711792298.172,4004265960911.973,2785077646408.761,1920432795493.3438,1315185785189.7224,895747140698.1249,607354009837.9128,410304291833.19006,276347028201.7323,185656515125.479,124466420015.14783,83296719706.23305,55661948584.887245,37148737490.94924,24766716204.325867,16496865292.378756,10979985718.643011,7303296609.499653,4855061280.608545,3226001039.915914,2142685047.2515607,1422662090.344562,944314163.0653274,626644315.1706889,415749156.080987,275778769.044607,182903076.19121072,121289107.00942498,80421404.09564821,53318486.108611785,35346505.07705457,23430576.619948983,15530729.740536325,10293831.298474224,6822473.906358165,4521569.917490426,2996550.6199600184,1985825.6053125642,1315980.7401611758,872064.2069780944,577882.0867802026,382933.17876635806,253746.89919239428,168140.8824216423,111414.43479229354,73825.39637485762,48917.79109477683,32413.436314043716,21477.359950785136,14230.974497821479,9429.455206526445,6247.942605527567,4139.864676476612,2743.0525559947755,1817.5281296385533,1204.2795718108616,797.9446759015882,528.7101253815642,350.31759067463554,232.1163906153649,153.7975020966183,101.90427885188615
Cs143,3247317241751.197,2218919420528.047,1508196207980.5703,1024327437216.7645,695617210778.5503,472382957152.52405,320786954554.4402,217840546094.54163,147931433543.9119,100457418091.47429,68218693360.00103,46325983915.518845,31459064429.419807,21363227703.906868,14507342634.919312,9851646331.372797,6690055376.427362,4543082016.421645,3085115396.8849564,2095039550.7245612,1422698980.9362488,966126066.6069688,656076628.3882456,445528329.6339599,302549245.5186637,205455048.6309972,139520349.62229222,94745434.11986281,64339698.41999152,43691781.09535232,29670200.089730117,20148429.470776297,13682388.646039026,9291431.813462455,6309622.332565994,4284736.164657715,2909677.1578639993,1975902.559315141,1341795.2262900602,911185.8373420612,618767.7623455374,420192.5972184616,285344.2429228216,193771.46928284093,131586.2619632961,89357.5529885058,60680.89598189146,41207.16171774645,27982.945030445237,19002.648565707026,12904.311969129216,8763.055676787952,5950.812796132731,4041.075880322349,2744.2124008134515,1863.5388009611102,1265.4912796090916,859.3693771856443,583.5802571977142,396.2974776958383,269.11755305264296,182.75225414425006
Cs144,524567104531.5174,263896212413.08652,132879042163.56006,66973151275.0427,33790647969.374386,17067726440.577723,8631198675.205471,4370354742.509128,2215883836.179832,1125115480.3699176,572140041.9445833,291405649.9488542,148668448.50324482,75979935.69104964,38901933.313375086,19955696.72236527,10256881.69034791,5282547.560577352,2726309.5458582696,1410040.078207425,730852.3148476722,379649.80633157206,197652.16563801537,103131.19299463907,53932.36844724804,28266.79161613341,14847.845215522193,7816.249561915011,4123.497418068399,2179.947075243482,1154.8254150920561,612.986828499828,326.00334504982203,173.69950204921366,92.71466505200806,49.57218141340541,26.548061290845766,14.239595752658706,7.648869415684032,4.114303718231481,2.215950914761834,1.1949629029841728,0.6451279747248402,0.34866004771891135,0.1886219447939375,0.10213770962384225,0.05535481095288698,0.030024300303211484,0.01629720122431338,0.008852206959041452,0.004811336309057493,0.002616580719556697,0.0014237601942918932,0.0007750954763839828,0.00042215491286586786,0.00023002267917335642,0.00012538242833723645,6.83685013088659e-05,3.729202859672349e-05,2.0347202568262955e-05,1.1104813505878059e-05,6.06213581616943e-06
Cs144_m1,0.0,0.0,0.0,0.0,0.0,0.0,0.0,0.0,0.0,0.0,0.0,0.0,0.0,0.0,0.0,0.0,0.0,0.0,0.0,0.0,0.0,0.0,0.0,0.0,0.0,0.0,0.0,0.0,0.0,0.0,0.0,0.0,0.0,0.0,0.0,0.0,0.0,0.0,0.0,0.0,0.0,0.0,0.0,0.0,0.0,0.0,0.0,0.0,0.0,0.0,0.0,0.0,0.0,0.0,0.0,0.0,0.0,0.0,0.0,0.0,0.0,0.0
Cs145,55339611874.46979,16997376191.953161,5218775745.6483965,1602293814.63938,491942642.9555138,151038137.5887164,46372309.81048051,14237404.243059723,4371222.309316508,1342069.3790497861,412047.267579809,126508.32581224258,38841.06930883597,11925.133420045142,3661.2999994513457,1124.1063065387725,345.12741061553993,105.96233546640106,32.53296084840724,9.988393865563344,3.066674824895597,0.9415422147146816,0.2890758860026539,0.08875318234508549,0.02724934094400825,0.008366196707129193,0.0025686216590043677,0.0007886280299247344,0.00024212758909150783,7.433893695721236e-05,2.2823824284806357e-05,7.007457683764664e-06,2.151456415761175e-06,6.605483640156899e-07,2.0280408099712048e-07,6.226568334685886e-08,1.9117047860128358e-08,5.869389031685212e-09,1.8020422325309464e-09,5.532698872565181e-10,1.698670334240258e-10,5.215322523219273e-11,1.6012282355754136e-11,4.916152071111623e-12,1.509375780999137e-12,4.634143157722971e-13,1.422792327571003e-13,4.368311332854013e-14,1.3411756256317404e-14,4.1177286180595665e-15,1.2642407636956592e-15,3.881520267217043e-16,1.1917191738680206e-16,3.6588617129208587e-17,1.1233576943153861e-17,3.448975688043105e-18,1.05891768551618e-18,3.2511295124122964e-19,9.981741972064456e-20,3.064632535138387e-20,9.409151831126985e-21,2.8888337236556345e-21
Cs146,3059066428.8393884,354214427.9589395,41058826.38320417,4766055.247364302,554259.138502462,64611.712877730904,7555.5288912221,887.085737062442,104.68882968037586,12.435468279030886,1.4892057999774866,0.18012970176948423,0.022051590022634734,0.0027380133548641442,0.0003455010835166142,4.4384357699299915e-05,5.811731758511066e-06,7.760889294827711e-07,1.0567077086949529e-07,1.4656448364417494e-08,2.0676185496406073e-09,2.961063264092169e-10,4.295868082920583e-11,6.300474844706492e-12,9.323278363976864e-13,1.3895882313998657e-13,2.0829754168307338e-14,3.136392032275158e-15,4.739066141543859e-16,7.180040960287295e-17,1.0900881472665946e-17,1.6576220932262758e-18,2.5236853725374495e-19,3.845785000647616e-20,5.8646040540686755e-21,8.947936538062515e-22,1.365783107710645e-22,2.0853203879822604e-23,3.1846658261840995e-24,4.864414636575749e-25,7.431123609058227e-26,1.1353286497504892e-26,1.7346879447750992e-27,2.6506097452302704e-28,4.050315493922042e-29,6.1893635083569395e-30,9.458314619775613e-31,1.4454049910913708e-31,2.2088763551716845e-32,3.375653341255614e-33,5.158788615468088e-34,7.883884177636805e-35,1.204854792877182e-35,1.8413259448659097e-36,2.8140237577207186e-37,4.300566778962907e-38,6.57240432622989e-39,1.0044384611046755e-39,1.5350508294901051e-40,2.345970049860347e-41,3.585274187854462e-42,5.479266737001479e-43
Cs147,641669619.5047041,31530085.146250527,1548473.7275480903,76046.2613709398,3734.6662902941334,183.41114985926535,9.007404484110866,0.4423577061836166,0.021724386926911702,0.0010668944629039032,5.239566938319222e-05,2.5731750098698013e-06,1.2636978798752486e-07,6.206077415939151e-09,3.047832674723819e-10,1.4968044048655203e-11,7.350874098191243e-13,3.6100475006494706e-14,1.772910647476911e-15,8.70684433756486e-17,4.275970615127827e-18,2.0999484994296253e-19,1.0312942012874204e-20,5.064732444142975e-22,2.4873129994071838e-23,1.2215306583814699e-24,5.998992284933569e-26,2.9461322307191637e-27,1.4468588570585888e-28,7.105589255027691e-30,3.4895870053149552e-31,1.713751953653497e-32,8.416313317816535e-34,4.133289517928564e-35,2.0298771675779647e-36,9.968818534442562e-38,4.895731848209409e-39,2.4043160427447966e-40,1.1807704777610058e-41,5.798817195264803e-43,2.847825339253179e-44,1.3985798982445996e-45,6.868489105749819e-47,3.3731460501481687e-48,1.6565672741775516e-49,8.135476771767706e-51,3.9953694205888356e-52,1.962143984280332e-53,9.636177809260201e-55,4.732370484306539e-56,2.3240885384259072e-57,1.141370387706271e-58,5.605321571849809e-60,2.7527987638602205e-61,1.351911917483368e-62,6.639300542516369e-64,3.2605905106536237e-65,1.6012907399030064e-66,7.864011213064313e-68,3.8620514574977864e-69,1.8966709299170483e-70,9.314636679447884e-72
Cs148,2382315.6002702303,20660.936802880395,179.18461748904997,1.5540015175023918,0.013477276957366688,0.00011688340850367772,1.0136863126471622e-06,8.791324223025793e-09,7.624388396103538e-11,6.612348372089802e-13,5.734643714664834e-15,4.973443122409378e-17,4.313282171059307e-19,3.740749140841729e-21,3.2442125462131625e-23,2.813584832539347e-25,2.4401174390179175e-27,2.1162230643763946e-29,1.835321524525089e-31,1.5917060706347097e-33,1.3804274517790373e-35,1.1971933667786398e-37,1.0382812625260624e-39,9.004627072178233e-42,7.809378020723914e-44,6.772782990535681e-46,5.87378268988409e-48,5.094113178614209e-50,4.417934820983828e-52,3.8315104902657636e-54,3.322926487572626e-56,2.8818505051374294e-58,2.499321716872421e-60,2.167568731720944e-62,1.879851711373008e-64,1.6303254448343738e-66,1.413920598094983e-68,1.226240726384768e-70,1.063472956735035e-72,9.223105262872205e-75,7.998856026502154e-77,6.937110214958673e-79,6.016297577433458e-81,5.2177110379739476e-83,4.525126645648585e-85,3.924473971465852e-87,3.4035502558858084e-89,2.9517724995927294e-91,2.5599624610462153e-93,2.2201601928570047e-95,1.925462328823525e-97,1.6698818362956289e-99,1.4482263846179036e-101,1.255992858606156e-103,1.0892758740104526e-105,9.446884363801107e-108,8.192931314493922e-110,7.105424491192438e-112,6.1622702866703855e-114,5.34430773742667e-116,4.634919252746874e-118,4.019693014502128e-120
Cs149,22579.807767226215,0.021533782736994047,2.0536215531343548e-08,1.9584861308425523e-14,1.8677579220223946e-20,1.781232759497069e-26,1.698715934273789e-32,1.6200217573869635e-38,1.5449731420392667e-44,1.4734012051003162e-50,1.4051448870661922e-56,1.3400505896245912e-62,1.2779718300100286e-68,1.218768911371261e-74,1.1623086084091797e-80,1.1084638675777269e-86,1.0571135211732194e-92,1.0081420146686756e-98,9.614391466795708e-105,9.168998209758507e-111,8.744238099821591e-117,8.339155292340858e-123,7.952838222828753e-129,7.584417555645726e-135,7.233064227720019e-141,6.897987582893406e-147,6.578433592694687e-153,6.273683159537031e-159,5.983050498520895e-165,5.705881594201005e-171,5.441552728844664e-177,5.189469078869513e-183,4.949063376302268e-189,4.719794632246284e-195,4.501146919485375e-201,4.292628211484321e-207,4.093769275173506e-213,3.904122615026008e-219,3.723261466051116e-225,3.550778833438038e-231,3.386286576688809e-237,3.2294145361793683e-243,3.0798097001832704e-249,2.937135410483624e-255,2.801070604785567e-261,2.671309094224524e-267,2.547558874344376e-273,2.4295414679950527e-279,2.3169912986708242e-285,2.2096550928791338e-291,2.1072913101951015e-297,2.0096695997191505e-303,1.91657028171459e-309,1.82778385e-315,1.744e-321,0.0,0.0,0.0,0.0,0.0,0.0,0.0
Cs150,123.92560876383526,0.00011818467022307933,1.1270968458469347e-10,1.0748833139867187e-16,1.0250886096827707e-22,9.776006790950522e-29,9.323126593542625e-35,8.891226380865714e-41,8.479334240785345e-47,8.086523285661093e-53,7.711909566556087e-59,7.35465008407221e-65,7.013940891334747e-71,6.689015284857524e-77,6.379142079217476e-83,6.083623961656085e-89,5.8017959229050595e-95,5.533023760705064e-101,5.2767026526499546e-107,5.0322557951450013e-113,4.7991331054163096e-119,4.576809983650516e-125,4.364786132479216e-131,4.1625844311516056e-137,3.969749861861818e-143,3.785848485814881e-149,3.6104664667271496e-155,3.44320913956371e-161,3.28370012241718e-167,3.1315804695293315e-173,2.9865078635495538e-179,2.848155845212516e-185,2.716213078701516e-191,2.5903826510443915e-197,2.470381403965376e-203,2.355939296689397e-209,2.2467987982648874e-215,2.142714308037655e-221,2.0434516029717062e-227,1.9487873105733024e-233,1.8585084062321729e-239,1.7724117338487393e-245,1.6903035486686174e-251,1.6119990812956063e-257,1.5373221219020939e-263,1.466104623701189e-269,1.3981863247882778e-275,1.3334143875010312e-281,1.2716430544863073e-287,1.2127333206999873e-293,1.1565526206016442e-299,1.1029745298401326e-305,1.051878480759e-311,1.0031494e-317,1e-323,0.0,0.0,0.0,0.0,0.0,0.0,0.0
Cs151,0.5897175107201658,5.623984439088502e-07,5.363449515427127e-13,5.114984050204413e-19,4.878028917507575e-25,4.652050893313969e-31,4.436541455568292e-37,4.2310156398470946e-43,4.03501094803534e-49,3.8480863075593516e-55,3.6698210788339237e-61,3.499814108690196e-67,3.337682827654082e-73,3.183062389043894e-79,3.035604847949891e-85,2.8949783782481184e-91,2.7608665258866563e-97,2.632967496763861e-103,2.5109934775961563e-109,2.3946699882470745e-115,2.283735264060096e-121,2.177939666805364e-127,2.0770451229146657e-133,1.980824587740585e-139,1.889061534634199e-145,1.8015494676916156e-151,1.7180914570728493e-157,1.6384996958473722e-163,1.5625950773690947e-169,1.4902067922297456e-175,1.4211719438836548e-181,1.35533518207899e-187,1.2925483532705232e-193,1.2326701672272938e-199,1.1755658790848706e-205,1.1211069861267782e-211,1.0691709386127289e-217,1.0196408640029252e-223,9.724053039578704e-230,9.273579635218362e-236,8.843974719255814e-242,8.434271544700463e-248,8.043548149776918e-254,7.670925283219276e-260,7.315564425677583e-266,6.976665902783966e-272,6.653467085632309e-278,6.345240674621895e-284,6.051293062803182e-290,5.770962775042719e-296,5.503618979494793e-302,5.248660068030176e-308,5.0055123026e-314,4.7737e-320,0.0,0.0,0.0,0.0,0.0,0.0,0.0,0.0
Cu73,283905836.27137417,244555614.53099215,209030905.97002584,177965440.12399825,151212505.38516116,128348617.56122191,108883900.81988257,92345771.12095062,78308493.15532747,66400137.01490128,56300556.55592724,47736209.57191443,40474249.056505494,34316849.31220732,29096104.49601182,24669575.95348001,20916461.201649565,17734321.324804027,15036295.55367437,12748734.921513679,10809193.873572689,9164726.525843382,7770441.7302424945,6588277.793817761,5585963.531667883,4736137.347995459,4015600.322137463,3404682.9207461877,2886708.0530647044,2447535.8136085575,2075177.4853436523,1759468.2666454474,1491789.788169474,1264834.84485249,1072407.92062812,909256.0605073363,770925.4731016837,653639.9490645493,554197.7764647069,469884.3390431125,398398.0114218706,337787.32832023647,286397.71259525086,242826.30786560808,205883.6827198194,174561.36109327458,148004.29244411978,125487.51020668146,106396.3413346099,90209.6266851271,76485.49418703408,64849.29642214473,54983.383334929196,46618.4308812858,39526.08890207394,33512.74751981878,28414.25189093751,24091.42103446409,20426.24840828313,17318.680514529082,14683.885595100308,12449.937856934797
Cu74,158892051.44268787,108953751.1854222,74048582.68844703,50092674.2159822,33803954.78054271,22782217.87697063,15343474.20343535,10329776.366557894,6953002.566165239,4679592.306395216,3149336.9214429813,2119420.390421562,1426290.755032565,959832.0886301097,645922.5528234759,434674.89028395014,292514.95861648466,196848.13160930638,132469.02756205472,89145.06593250924,59990.188307097415,40370.405741254755,27167.26942098591,18282.216930298167,12303.019772831663,8279.318387541756,5571.568123080767,3749.3873111031735,2523.1505543140543,1697.9544093325724,1142.638583584676,768.9387449802996,517.4574025326837,348.22300888722054,234.33670737497468,157.69690980014087,106.12215063939456,71.41491149428646,48.058671568572905,32.34108766092811,21.76393805640212,14.646044211278962,9.856056862632553,6.632634415006806,4.463431968409008,3.0036669730416095,2.021317978810098,1.3602461285258856,0.915377763205204,0.6160035539146301,0.4145396509379581,0.2789644980255736,0.18772918581510387,0.1263323736756318,0.08501538303286774,0.05721111020032505,0.03850022211966419,0.025908728183622255,0.017435281126598257,0.011733074113443933,0.00789577335472695,0.005313461439554209
Cu75,156213021.85900274,89192647.03524595,50786443.17477314,28877213.02580885,16407002.529393664,9317919.43758023,5290619.963317924,3003568.7007878446,1705050.2037999367,967875.1723617034,549404.0562852669,311859.52249065606,177020.34436979485,100481.40554483389,57035.76947645914,32374.89735341455,18376.771404925894,10431.094246061131,5920.936980799403,3360.8641635443096,1907.706038164574,1082.8590584230808,614.6563960613684,348.89349477477475,198.0401908530412,112.41229100956942,63.80787199233521,36.21885549667734,20.55867797816758,11.66959127460146,6.623935675126747,3.7599023643235827,2.134209400853382,1.2114276715740266,0.6876349634879872,0.39031784901570793,0.22155363143071466,0.12575907487650126,0.07138382165816609,0.04051914344570829,0.022999622987897192,0.013055129319158872,0.007410399797841179,0.0042063179782717165,0.002387605448694615,0.0013552612541618517,0.0007692783026762376,0.00043666053696371217,0.0002478588358440731,0.00014069053029879,7.985926847573403e-05,4.533000727152852e-05,2.573038294060008e-05,1.4605173175998023e-05,8.290241307070005e-06,4.705736803066244e-06,2.6710873712261575e-06,1.5161722899748478e-06,8.606152077430263e-07,4.885055218961023e-07,2.7728727400578193e-07,1.5739480697602145e-07
Cu76,67676288.14029588,23464829.79265013,8120308.863831062,2809317.298464221,971872.0858459228,336212.83816165087,116310.51676118949,40236.815394900164,13919.64641683266,4815.404838015594,1665.8558014770774,576.2912245936401,199.36393969004266,68.96856789144199,23.85919622369911,8.253922936851037,2.8553872145870844,0.9878013409630784,0.34172300142821777,0.11821669485815618,0.04089624311146065,0.014147770775003187,0.004894322868643705,0.0016931569448985044,0.0005857358652050812,0.0002026312473992843,7.009887026162208e-05,2.4250216464753803e-05,8.389193668779803e-06,2.9021831831722433e-06,1.003990080719263e-06,3.47323383316169e-07,1.201541080084856e-07,4.1566477711559027e-08,1.4379633771851678e-08,4.974534259251814e-09,1.7209055174207999e-09,5.953352908126864e-10,2.0595210190168812e-10,7.124769677238734e-11,2.4647645003366898e-11,8.526681306664238e-12,2.9497460749489808e-12,1.020444132217824e-12,3.530155479555292e-13,1.221232727631003e-13,4.2247696558253e-14,1.4615296692388697e-14,5.056060207022582e-15,1.749108851847684e-15,6.050920381372464e-16,2.0932738075753038e-16,7.24153510095755e-17,2.5051586862944966e-17,8.666422182621063e-18,2.998088458760301e-18,1.0371678435625485e-18,3.5880099954255246e-19,1.2412470948822954e-19,4.2940079668619096e-20,1.485482181226941e-20,5.138922255785636e-21
Cu77,26009573.490655527,5933622.854681233,1353520.9411582917,308752.1413335759,70429.56027424583,16065.7119298651,3664.755236414279,835.9686144913127,190.69309662772935,43.49906978696788,9.922588210025213,2.263445109698158,0.516315265349854,0.11777685798125685,0.02686612077320224,0.006128440321571114,0.0013979606915383513,0.0003188893082971838,7.274195301897487e-05,1.6593192657571074e-05,3.7850790519667423e-06,8.634157226578374e-07,1.9695406618929075e-07,4.49272617703627e-08,1.0248373589011208e-08,2.3377601278435223e-09,5.332672904503523e-10,1.2164379042882486e-10,2.7748208102911043e-11,6.329653574655513e-12,1.4438595179393295e-12,3.293593058380694e-13,7.513026786494679e-14,1.7137992002672697e-14,3.909353423465013e-15,8.917639935398614e-16,2.0342060029694297e-16,4.64023451551467e-17,1.058485538217008e-17,2.4145151088129466e-18,5.507758963345199e-19,1.2563768471601431e-19,2.865925674280688e-20,6.537473202460485e-21,1.4912653268168157e-21,3.401730616852201e-22,7.759699753986911e-23,1.7700678582169078e-23,4.037708058334079e-24,9.21043014744022e-25,2.100994481901116e-25,4.7925859512714835e-26,1.0932384781677808e-26,2.4937901631780297e-27,5.688593570532076e-28,1.297627093430343e-28,2.9600217570948453e-29,6.752116110116649e-30,1.5402275964769519e-30,3.51341862352569e-31,8.014471661443106e-32,1.8281839682291674e-32
Cu78,4549264.643065627,574656.5851011393,72579.2235258836,9166.748775843056,1157.759431104295,146.2248974517223,18.46818955664559,2.3325304475783306,0.2945983563896321,0.037207742208714784,0.004699334026287519,0.000593525405727285,7.496219789297126e-05,9.467717908484909e-06,1.195771801176745e-06,1.5102585589374567e-07,1.9074550115659668e-08,2.4091137240155125e-09,3.042708163520517e-10,3.842937291031261e-11,4.853625858653298e-12,6.130124483365234e-13,7.742340937663552e-14,9.77856866653934e-15,1.2350322200494678e-15,1.559844427722495e-16,1.9700819130042303e-17,2.4882114363246597e-18,3.1426084930731177e-19,3.969111304834739e-20,5.012983508728904e-21,6.331393032031462e-22,7.996542908281161e-23,1.0099625494812271e-23,1.2755816645444245e-24,1.6110583345468588e-25,2.034765024817041e-26,2.5699061402287594e-27,3.245788820347608e-28,4.099427952398192e-29,5.177573300996176e-30,6.539269770921574e-31,8.25909101637657e-32,1.0431223486162894e-32,1.3174624568553758e-33,1.6639537322978774e-34,2.1015718579462894e-35,2.6542831019782043e-36,3.35235683653083e-37,4.2340232475801967e-38,5.347567020819052e-39,6.753971664774113e-40,8.530259288192129e-41,1.0773708735454359e-41,1.3607183087280532e-42,1.718585828865596e-43,2.1705721399005072e-44,2.7414303873447785e-45,3.462423768602243e-46,4.373037669941765e-47,5.523142093739058e-48,6.975722801866133e-49
Cu79,0.00890951959477379,0.00022316747830957893,5.589944872478942e-06,1.4001808827183572e-07,3.507201858075824e-09,8.784911310465825e-11,2.2004626438893143e-12,5.5117640645772157e-14,1.3805979932415022e-15,3.458150233955393e-17,8.662045794031394e-19,2.1696870367623476e-20,5.434676691201887e-22,1.361288989492553e-23,3.4097846444363926e-25,8.540898671169207e-27,2.1393418563898e-28,5.3586674596091635e-30,1.3422500409136119e-31,3.3620954946586576e-33,8.42144590847627e-35,2.1094210828354895e-36,5.283721290939142e-38,1.323477370520852e-39,3.315073323955465e-41,8.303663808680125e-43,2.079918780357886e-44,5.2098233172244335e-46,1.3049672541552366e-47,3.268708803976699e-49,8.187529005937618e-51,2.0508290962325743e-52,5.136958878440593e-54,1.2867160197437096e-55,3.2229927368382734e-57,8.073018461199625e-59,2.022146259591164e-60,5.065113519597856e-62,1.2687200465707158e-63,3.1779160532974512e-65,7.960109457640501e-67,1.9938645802764686e-68,4.9942729878735306e-70,1.250975764559932e-71,3.133469810953663e-73,7.848779596151465e-75,1.9659784477136795e-76,4.924423229784501e-78,1.2334796535660148e-79,3.089645192474486e-81,7.73900679089703e-83,1.93848232979732e-84,4.855550388399246e-86,1.2162282426762757e-87,3.046433503846469e-89,7.630769264933561e-91,1.911370771793786e-92,4.787640800588904e-94,1.1992181095221091e-95,3.0038261726503854e-97,7.524045545889172e-99,1.8846383952592224e-100
Cu80,11116.268790511254,188.44922643855804,3.1946970349983417,0.05415829684371133,0.0009181218390597951,1.5564516620437638e-05,2.638584197887729e-07,4.47307599659145e-09,7.58300943638636e-11,1.2855143117653712e-12,2.1792759980279117e-14,3.694430962078135e-16,6.263006680160195e-18,1.0617400373254451e-19,1.7999212908886806e-21,3.051327575020456e-23,5.172781730629595e-25,8.769189860762804e-27,1.486602273565204e-28,2.520171594935675e-30,4.272336307335839e-32,7.242704250638901e-34,1.2278238670525918e-35,2.081475918847571e-37,3.528634779793511e-39,5.981939688287218e-41,1.0140919836537967e-42,1.7191456365307224e-44,2.9143921530214913e-46,4.9406411191164153e-48,8.375652069539415e-50,1.4198875388570167e-51,2.4070730329564717e-53,4.080605278535174e-55,6.917671051616264e-57,1.172722415228261e-58,1.9880648456932376e-60,3.3702790868135447e-62,5.713486231407073e-64,9.685822472150708e-66,1.6419949775378322e-67,2.7836020265822546e-69,4.718918357479752e-71,7.999775202025056e-73,1.3561667830403782e-74,2.2990500320015472e-76,3.897478625598328e-78,6.607224473393104e-80,1.1200937692147808e-81,1.8988458117111287e-83,3.2190299738748966e-85,5.457080247799195e-87,9.251148660499373e-89,1.5683066338116386e-90,2.658681411271178e-92,4.507145920475571e-94,7.640766683190826e-96,1.2953056443488493e-97,2.1958748144647203e-99,3.7225702071455274e-101,6.310709907434088e-103,1.0698269560999003e-104
Cu81,3.0872360944260814e-06,5.47644297018751e-17,9.714653071031662e-28,1.7232806915776865e-38,3.0569247509413144e-49,5.422673728423385e-60,9.619271902547956e-71,1.706361041973501e-81,3.0269110126657795e-92,5.369432408044665e-103,9.52482721293126e-114,1.6896075141996877e-124,2.9971919576286915e-135,5.316713825772216e-146,9.431309807571343e-157,1.6730184772258648e-167,2.9677646925479613e-178,5.264512849217755e-189,9.338710582133194e-200,1.656592316035569e-210,2.9386263525485756e-221,5.212824396384282e-232,9.247020521670752e-243,1.6403274314690055e-253,2.9097741008836345e-264,5.161643435171168e-275,9.156230699749113e-286,1.6242222400673818e-296,2.881205128658224e-307,5.110966e-318,0.0,0.0,0.0,0.0,0.0,0.0,0.0,0.0,0.0,0.0,0.0,0.0,0.0,0.0,0.0,0.0,0.0,0.0,0.0,0.0,0.0,0.0,0.0,0.0,0.0,0.0,0.0,0.0,0.0,0.0,0.0,0.0
Eu165,111590.03310913322,82676.89861317043,61214.04782975293,45306.34955971536,33525.8970663668,24805.872079221284,18352.820806433792,13578.040265764403,10045.318052508143,7431.66471364198,5498.019063827709,4067.4772230928397,3009.146546594249,2226.1846136800277,1646.9439257001725,1218.4180901393445,901.3922170890577,666.8547308677923,493.34263742497944,364.97746983960474,270.01224250516964,199.75646892997182,147.78087972338085,109.32906696460293,80.88221488948523,59.837085078782984,44.26778809727181,32.74954085912671,24.22828138653481,17.924209119122363,13.260423527826545,9.810130587407027,7.257585848536687,5.36919991832205,3.972162143786246,2.938626301223204,2.174011086567299,1.6083447570547655,1.1898618519142006,0.880266012887129,0.6512253941056902,0.48177994801495905,0.35642332195605575,0.26368383523974404,0.19507467857367783,0.14431726611540047,0.10676666726459311,0.07898653810191514,0.058434653447258816,0.043230261833926954,0.0319819735033878,0.02366043104482594,0.01750411046921987,0.012949632351928553,0.009580205651980695,0.00708748618029872,0.005243359295271475,0.0038790645935553795,0.0028697522472939546,0.0021230577017281455,0.0015706491768121935,0.0011619744647603128
Eu166,1248.6859377148146,220.73857353260703,39.02143555358792,6.898080422893963,1.2194198610496216,0.21556501321543634,0.038106870657800676,0.0067364066629823855,0.0011908397080562711,0.00021051270821819955,3.721374087675847e-05,6.578522131818736e-06,1.1629294023987023e-06,2.055788166193355e-07,3.6341543824959446e-08,6.424338019354234e-09,1.1356732445299827e-09,2.0076056310481982e-10,3.548978889156196e-11,6.273767597025619e-12,1.1090559028613112e-12,1.960552374070506e-13,3.4657996964415976e-14,6.126726168970331e-15,1.0830624051379992e-15,1.9146019278032286e-16,3.3845700160562476e-17,5.983131024385089e-18,1.0576781300175774e-18,1.8697284451203404e-19,3.3052441563049293e-20,5.842901391001064e-21,1.0328887988452904e-21,1.8259066846878324e-22,3.2277774963915325e-23,5.705958389649476e-24,1.008680467622354e-24,1.7831119967654613e-25,3.152126461319856e-26,5.572224989892067e-27,9.85039519162455e-28,1.7413203093412708e-28,3.078248497382672e-29,5.4416259666914714e-30,9.61952655432085e-31,1.7005081145910848e-31,3.0061020482252655e-32,5.31408785809714e-33,9.394068900703955e-34,1.6606524556553563e-34,2.935646531469986e-35,5.189538923922988e-36,9.173895410843706e-37,1.6217309137259338e-37,2.866842315888658e-38,5.067909105393543e-39,8.958882237152056e-40,1.5837215954354823e-40,2.7996506991100176e-41,4.949129985735882e-42,8.748908434718805e-43,1.5466031205424631e-43
Eu167,55.797653975872976,1.7436766867460336,0.05448989646081364,0.0017028092644004289,5.3212789512513503e-05,1.6628996722660493e-06,5.1965614758314154e-08,1.623925461197319e-09,5.0747670662416275e-11,1.5858647082005098e-12,4.955827213126602e-14,1.548696004102065e-15,4.839675012818962e-17,1.51239844150593e-18,4.7262451297060393e-20,1.4769516030331395e-21,4.615473759478569e-23,1.4423355498370551e-24,4.507298593240804e-26,1.4085308103877543e-27,4.4016587824617357e-29,1.3755183695192948e-30,4.2984949047478035e-32,1.3432796577336906e-33,4.1977489304177913e-35,1.3117965407555614e-36,4.099364189861137e-38,1.2810513093316079e-39,4.00328534166128e-41,1.2510266692691528e-42,3.9094583414661084e-44,1.2217057317081603e-45,3.817830411588007e-47,1.1930720036212547e-48,3.728350011316426e-50,1.165109378536386e-51,3.64096680792621e-53,1.1378021274769423e-54,3.55563164836545e-56,1.111134890114206e-57,3.472296531606898e-59,1.0850926661271583e-60,3.3909145816473766e-62,1.059660806764808e-63,3.3114400211400306e-65,1.0348250066062619e-66,3.233828145644576e-68,1.0105712955139308e-69,3.1580352984810396e-71,9.868860307753266e-73,3.084018846172901e-74,9.637558894290332e-76,3.0117371544657323e-77,9.411678607705434e-79,2.9411495649079533e-80,9.191092390337367e-82,2.872216371980432e-83,8.975676162438866e-85,2.80489880076215e-86,8.765308752381734e-88,2.7391589851192964e-89,8.559871828497821e-91
F22,0.0,0.0,0.0,0.0,0.0,0.0,0.0,0.0,0.0,0.0,0.0,0.0,0.0,0.0,0.0,0.0,0.0,0.0,0.0,0.0,0.0,0.0,0.0,0.0,0.0,0.0,0.0,0.0,0.0,0.0,0.0,0.0,0.0,0.0,0.0,0.0,0.0,0.0,0.0,0.0,0.0,0.0,0.0,0.0,0.0,0.0,0.0,0.0,0.0,0.0,0.0,0.0,0.0,0.0,0.0,0.0,0.0,0.0,0.0,0.0,0.0,0.0
F23,0.0,0.0,0.0,0.0,0.0,0.0,0.0,0.0,0.0,0.0,0.0,0.0,0.0,0.0,0.0,0.0,0.0,0.0,0.0,0.0,0.0,0.0,0.0,0.0,0.0,0.0,0.0,0.0,0.0,0.0,0.0,0.0,0.0,0.0,0.0,0.0,0.0,0.0,0.0,0.0,0.0,0.0,0.0,0.0,0.0,0.0,0.0,0.0,0.0,0.0,0.0,0.0,0.0,0.0,0.0,0.0,0.0,0.0,0.0,0.0,0.0,0.0
F24,0.0,0.0,0.0,0.0,0.0,0.0,0.0,0.0,0.0,0.0,0.0,0.0,0.0,0.0,0.0,0.0,0.0,0.0,0.0,0.0,0.0,0.0,0.0,0.0,0.0,0.0,0.0,0.0,0.0,0.0,0.0,0.0,0.0,0.0,0.0,0.0,0.0,0.0,0.0,0.0,0.0,0.0,0.0,0.0,0.0,0.0,0.0,0.0,0.0,0.0,0.0,0.0,0.0,0.0,0.0,0.0,0.0,0.0,0.0,0.0,0.0,0.0
F25,0.0,0.0,0.0,0.0,0.0,0.0,0.0,0.0,0.0,0.0,0.0,0.0,0.0,0.0,0.0,0.0,0.0,0.0,0.0,0.0,0.0,0.0,0.0,0.0,0.0,0.0,0.0,0.0,0.0,0.0,0.0,0.0,0.0,0.0,0.0,0.0,0.0,0.0,0.0,0.0,0.0,0.0,0.0,0.0,0.0,0.0,0.0,0.0,0.0,0.0,0.0,0.0,0.0,0.0,0.0,0.0,0.0,0.0,0.0,0.0,0.0,0.0
F26,0.0,0.0,0.0,0.0,0.0,0.0,0.0,0.0,0.0,0.0,0.0,0.0,0.0,0.0,0.0,0.0,0.0,0.0,0.0,0.0,0.0,0.0,0.0,0.0,0.0,0.0,0.0,0.0,0.0,0.0,0.0,0.0,0.0,0.0,0.0,0.0,0.0,0.0,0.0,0.0,0.0,0.0,0.0,0.0,0.0,0.0,0.0,0.0,0.0,0.0,0.0,0.0,0.0,0.0,0.0,0.0,0.0,0.0,0.0,0.0,0.0,0.0
F27,0.0,0.0,0.0,0.0,0.0,0.0,0.0,0.0,0.0,0.0,0.0,0.0,0.0,0.0,0.0,0.0,0.0,0.0,0.0,0.0,0.0,0.0,0.0,0.0,0.0,0.0,0.0,0.0,0.0,0.0,0.0,0.0,0.0,0.0,0.0,0.0,0.0,0.0,0.0,0.0,0.0,0.0,0.0,0.0,0.0,0.0,0.0,0.0,0.0,0.0,0.0,0.0,0.0,0.0,0.0,0.0,0.0,0.0,0.0,0.0,0.0,0.0
F29,0.0,0.0,0.0,0.0,0.0,0.0,0.0,0.0,0.0,0.0,0.0,0.0,0.0,0.0,0.0,0.0,0.0,0.0,0.0,0.0,0.0,0.0,0.0,0.0,0.0,0.0,0.0,0.0,0.0,0.0,0.0,0.0,0.0,0.0,0.0,0.0,0.0,0.0,0.0,0.0,0.0,0.0,0.0,0.0,0.0,0.0,0.0,0.0,0.0,0.0,0.0,0.0,0.0,0.0,0.0,0.0,0.0,0.0,0.0,0.0,0.0,0.0
Fe65,79.29311616021133,36.58947834798461,15.549479157427095,6.608058463661321,2.808225035037576,1.1934107258249482,0.5071634725651434,0.21552914041939297,0.09159336758811171,0.03892441165870344,0.01654169797304036,0.007029721456820146,0.002987419057041018,0.0012695627667741,0.0005395257873113914,0.00022928214562688997,9.743797894303241e-05,4.1408194757356524e-05,1.759723068625675e-05,7.478290943130805e-06,3.1780475250454584e-06,1.3505741015231451e-06,5.739531549890713e-07,2.4391273588794155e-07,1.0365553740962295e-07,4.405046910143292e-08,1.8720117386378558e-08,7.955483837251427e-09,3.3808400758651508e-09,1.4367548036556514e-09,6.105773474953108e-10,2.594769102743577e-10,1.1026984090012304e-10,4.686134808404212e-11,1.9914655959672368e-11,8.4631266108874e-12,3.5965729047467218e-12,1.5284347326811328e-12,6.49538545147484e-13,2.760342411823011e-13,1.1730620588157405e-13,4.985159043816684e-14,2.1185418542337225e-14,9.003162283672775e-15,3.8260717362823225e-15,1.6259647965832999e-15,6.909858732280419e-16,2.936481023476198e-16,1.2479156427544003e-16,5.303264141607178e-17,2.2537269020508355e-17,9.577657860142633e-18,4.070214984898062e-18,1.7297182949320782e-18,7.350779727665091e-19,3.123859114109324e-19,1.3275456654043396e-19,5.641667659638807e-20,2.3975381646943368e-20,1.0188812241261835e-20,4.329937117014442e-21,1.840092347700133e-21
Fe65_m1,0.0,0.0,0.0,0.0,0.0,0.0,0.0,0.0,0.0,0.0,0.0,0.0,0.0,0.0,0.0,0.0,0.0,0.0,0.0,0.0,0.0,0.0,0.0,0.0,0.0,0.0,0.0,0.0,0.0,0.0,0.0,0.0,0.0,0.0,0.0,0.0,0.0,0.0,0.0,0.0,0.0,0.0,0.0,0.0,0.0,0.0,0.0,0.0,0.0,0.0,0.0,0.0,0.0,0.0,0.0,0.0,0.0,0.0,0.0,0.0,0.0,0.0
Fe66,20958.442001873904,4349.542954872529,900.0873577694286,186.2625656489929,38.544862408928495,7.976409070424823,1.650624692436775,0.34157750075584925,0.07068547414637757,0.01462753326621925,0.00302699715943429,0.0006264017067309338,0.0001296265168179933,2.682469361403439e-05,5.5510570302305245e-06,1.1487264159002384e-06,2.377155146129363e-07,4.9192449225090875e-08,1.0179802797908989e-08,2.106591288637433e-09,4.3593446213660124e-10,9.021154521209813e-11,1.866822560819776e-11,3.863171244203828e-12,7.994381670366006e-13,1.6543439120741173e-13,3.423471498192046e-14,7.084474403051578e-15,1.466049230846483e-15,3.0338176482644477e-16,6.278131272308297e-17,1.299185938050148e-17,2.6885135535030845e-18,5.563564779817362e-19,1.1513147485863594e-19,2.3825113983052852e-20,4.930329060775362e-21,1.020274012742051e-21,2.111337901071174e-22,4.369167181391938e-23,9.041481161905616e-24,1.8710289216960246e-24,3.8718758167330616e-25,8.012394766518675e-26,1.65807151192943e-26,3.431185330707875e-27,7.100437278465223e-28,1.469352561466491e-28,3.040653505152587e-29,6.292277279708249e-30,1.3021132890557938e-30,2.694571364493829e-31,5.576100712108635e-32,1.153908913353987e-32,2.3878797192927004e-33,4.941438174037379e-34,1.0225729139768621e-34,2.1160952086642899e-35,4.379011873800998e-36,9.061853602983258e-37,1.8752447604263441e-37,3.880600002574279e-38
Fe67,35882.01482193549,6787.093750094505,1282.4901899006973,242.33952621939758,45.7925108751039,8.65295927973413,1.6350643995248517,0.3089619983367945,0.05838150255366404,0.011031776913573819,0.0020845661133677426,0.00039389990525047405,7.443138136101939e-05,1.4064564264839554e-05,2.657642036768626e-06,5.021884121399232e-07,9.489359281592882e-08,1.7931106612245603e-08,3.3882644212175614e-09,6.402469204130747e-10,1.2098114790908912e-10,2.28606146827817e-11,4.319744957845219e-12,8.162596133026902e-13,1.542405310524192e-13,2.914531238789871e-14,5.507302317958914e-15,1.0406606186862826e-15,1.9664337651358164e-16,3.715776001543806e-17,7.021335545820058e-18,1.3267525498446035e-18,2.5070334796448813e-19,4.7372939805515977e-20,8.951597352161924e-21,1.6914950915902865e-21,3.196251498268102e-22,6.039641315527747e-23,1.1412514703550405e-23,2.1565103795799373e-24,4.0749450388784476e-25,7.700021862688445e-26,1.454997211501007e-26,2.749364772240469e-27,5.1952035310355365e-28,9.816863881211982e-29,1.8549959763180882e-29,3.505202999444539e-30,6.6234365056154454e-31,1.2515654913815646e-31,2.3649599084842852e-32,4.468831561154674e-33,8.444310387811726e-34,1.595638075633367e-34,3.015119946426726e-35,5.6973748810373484e-36,1.0765767568731163e-36,2.034300950244666e-37,3.8440179297444176e-38,7.263661673273756e-39,1.3725425288870599e-39,2.5935582882877007e-40
Fe68,9141.46830541823,224.55710654902626,5.514939222425453,0.13544240525027218,0.003326354906212555,8.169256106784995e-05,2.006302611113482e-06,4.927315430859849e-08,1.2101084462884317e-09,2.971927558376472e-11,7.298811473738221e-13,1.7925285150044123e-14,4.4023037020001957e-16,1.081169851548884e-17,2.655264895439019e-19,6.521113823929086e-21,1.601532320849969e-22,3.93323264089521e-24,9.659698281451524e-26,2.3723430421710364e-27,5.826280848278862e-29,1.4308870142134235e-30,3.5141416982146323e-32,8.630445138199341e-34,2.11956687236917e-35,5.20548321031579e-37,1.2784241821345108e-38,3.139705428743751e-40,7.7108602270211e-42,1.8937243251015993e-43,4.650832350603955e-45,1.1422064588130503e-46,2.8051658202317885e-48,6.88925825824334e-50,1.691945588615945e-51,4.1552802457530446e-53,1.0205029072400486e-54,2.5062718326875624e-56,6.155199024676106e-58,1.5116666332536918e-59,3.712529848233131e-61,9.117670239473261e-63,2.2392253798401268e-64,5.499354736490043e-66,1.3505966299790107e-67,3.3169550689412294e-69,8.14617087379072e-71,2.0006330663435373e-72,4.913391491731147e-74,1.2066888405047788e-75,2.963529285727111e-77,7.278186001693995e-79,1.7874630674438426e-80,4.389863376302989e-82,1.078114609112711e-83,2.647761469426718e-85,6.502686022175784e-87,1.5970066031724406e-88,3.9221178477305738e-90,9.632401256781586e-92,2.3656391157479856e-93,5.8098165522506004e-95
Fe69,1657.3284651264191,2.8688484441473863,0.004965517609667382,8.594516445167147e-06,1.4875732749882733e-08,2.574751310998628e-11,4.4564825309471986e-14,7.713458175086693e-17,1.3350761863340216e-19,2.310803251741444e-22,3.999630674951509e-25,6.9227207136555385e-28,1.1982121844251642e-30,2.0739135641755463e-33,3.589612530717805e-36,6.213044913377878e-39,1.0753786589866733e-41,1.8613083863500517e-44,3.22162698705737e-47,5.576120819016401e-50,9.6513728973535e-53,1.670498216001725e-55,2.8913651139001648e-58,5.0044903620958315e-61,8.661972043553833e-64,1.4992487597056015e-66,2.5949597068389744e-69,4.491460030582319e-72,7.773998630172308e-75,1.3455547703957955e-77,2.328940004064232e-80,4.0310224911433715e-83,6.97705492444946e-86,1.2076165669067482e-88,2.090191045447037e-91,3.617786246223584e-94,6.261809106815541e-97,1.083818960590264e-99,1.875917197885227e-102,3.246912502255013e-105,5.619885999864326e-108,9.727123422493301e-111,1.6836094198121112e-113,2.914058509759827e-116,5.043768999137181e-119,8.729957079260559e-122,1.511015881551453e-124,2.6153267118858537e-127,4.5267120573747305e-130,7.835014247839829e-133,1.3561155974973768e-135,2.3472191059291403e-138,4.062660691615157e-141,7.03181558700776e-144,1.2170947613650524e-146,2.1065962834395045e-149,3.646181088170905e-152,6.310956034740837e-155,1.092325507409493e-157,1.8906406692887138e-160,3.272396475337872e-163,5.663994679556128e-166
Fe70,379.3242240553221,0.23799279845670965,0.00014931968096241438,9.368504957839248e-08,5.877918073448808e-11,3.6878798734333733e-14,2.3138223076482975e-17,1.4517212748544864e-20,9.108282225903217e-24,5.7146510520774705e-27,3.5854440867165524e-30,2.249552804155435e-33,1.4113977784319143e-36,8.85528752773789e-40,5.5559189901823294e-43,3.4858535907251333e-46,2.1870684719203472e-49,1.3721943209533894e-52,8.609320095056027e-56,5.401595923209864e-59,3.3890293537108334e-62,2.1263197254281966e-65,1.3340797918420189e-68,8.370184736177604e-72,5.251559385440192e-75,3.2948945391376587e-78,2.0672583564679953e-81,1.2970239446587068e-84,8.137691681132045e-88,5.105690312802291e-91,3.203374444707003e-94,2.0098374958761933e-97,1.2609973730995893e-100,7.91165643106311e-104,4.963872948388666e-107,3.114396443076315e-110,1.954011576342817e-113,1.2259714876601468e-116,7.691899611816536e-120,4.825994750594448e-123,3.02788992422444e-126,1.899736296250756e-129,1.191918492947509e-132,7.478246831594672e-136,4.691946303808092e-139,2.9437862394178327e-142,1.846968584519469e-145,1.158811365622958e-148,7.270528542564873e-152,4.561621231582723e-155,2.8620186467331507e-158,1.7956665664251606e-161,1.1266238329570753e-164,7.068579906311872e-168,4.4349161122193e-171,2.7825222580930887e-174,1.7457895303704013e-177,1.0953303519805822e-180,6.872240663027446e-184,4.311730396694522e-187,2.7052339877732923e-190,1.6972978955767206e-193
Fe71,17.157768207586326,3.0436136469831813e-10,5.399061183264131e-21,9.577385647985472e-32,1.6989308462472874e-42,3.013730600832232e-53,5.346051697427706e-64,9.483352209277534e-75,1.682250270203737e-85,2.984140954748051e-96,5.293562673481461e-107,9.390242017050446e-118,1.6657334686997835e-128,2.9548418280471073e-139,5.241589001385664e-150,9.29804600661323e-161,1.6493788337513962e-171,2.925830368329211e-182,5.190125621272365e-193,9.20675520227455e-204,1.633184773162186e-214,2.897103751199834e-225,5.139167522952806e-236,9.116360716468919e-247,1.6171497103683892e-257,2.868659179995138e-268,5.088709745429664e-279,9.026853748891408e-290,1.601272084285381e-300,2.8404938855097e-311,5.04e-322,0.0,0.0,0.0,0.0,0.0,0.0,0.0,0.0,0.0,0.0,0.0,0.0,0.0,0.0,0.0,0.0,0.0,0.0,0.0,0.0,0.0,0.0,0.0,0.0,0.0,0.0,0.0,0.0,0.0,0.0,0.0
Fe72,1.3357800454204179e-05,2.7968030049665665e-52,5.855834630414857e-99,1.2260713092009793e-145,2.567099226877084e-192,5.3748900175533595e-239,1.1253730435632293e-285,0.0,0.0,0.0,0.0,0.0,0.0,0.0,0.0,0.0,0.0,0.0,0.0,0.0,0.0,0.0,0.0,0.0,0.0,0.0,0.0,0.0,0.0,0.0,0.0,0.0,0.0,0.0,0.0,0.0,0.0,0.0,0.0,0.0,0.0,0.0,0.0,0.0,0.0,0.0,0.0,0.0,0.0,0.0,0.0,0.0,0.0,0.0,0.0,0.0,0.0,0.0,0.0,0.0,0.0,0.0
Ga79,66411052483.67235,52941371399.78504,41939981478.60186,33095643264.462006,26052799314.12607,20477217130.09844,16079255445.484922,12618100072.836916,9898119706.083635,7762542380.412226,6086771967.500595,4772288976.7705765,3741440944.192614,2933145144.798865,2299413578.4200125,1802575898.8113585,1413076050.223355,1107731882.9293404,868364300.7936224,680719375.7916677,533621759.67180115,418310227.30149335,327916400.96601737,257055917.7975734,201507843.06916288,157963310.2944926,123828453.72741878,97069913.50637244,76093719.98671402,59650347.32929095,46760282.87839153,36655679.76565746,28734617.639346927,22525247.173296206,17657682.62802396,13841968.205963125,10850805.715650667,8506014.667654024,6667918.253016216,5227022.942283319,4097496.069549692,3212052.86896137,2517948.3902034853,1973835.5357332556,1547302.056371444,1212939.786654172,950831.1062933889,745362.4678118223,584294.3134090197,458031.9769564505,359054.1394972169,281464.791926901,220642.01572866243,172962.65998848047,135586.51398050186,106287.1187029917,83319.13898020015,65314.39562116854,51200.36437692953,40136.28676188243,31463.086925957334,24664.111176584203
Ga80,24937742617.94726,16582279677.214832,10990901063.968172,7275115594.351785,4812857985.881344,3183202770.0650883,2105149252.201322,1392142229.529805,920612433.8140628,608789184.3927321,402583254.4598555,266221995.23029423,176048338.63535357,116417918.86826761,76985279.58620544,50909113.46968017,33665368.31206355,22262360.087957215,14721736.31575892,9735244.557800673,6437758.734408552,4257185.042207972,2815207.1597727747,1861650.662013935,1231079.2743234101,814092.6816093787,538346.2365674082,355999.60173210653,235416.74079760906,155677.25800284027,102946.83622400647,68077.06677579519,45018.25593466154,29769.839732860633,19686.310349438652,13018.236532413288,8608.747876348112,5692.8248164799425,3764.572369481182,2489.4504190670245,1646.2330327965185,1088.6271032005886,719.8913800251678,476.05244946675765,314.80573449202404,208.17590704568596,137.66333813525893,91.03452428999691,60.199648831437614,39.80904769583796,26.32507513269586,17.408343601611353,11.511854208361706,7.612601770010365,5.03408961404943,3.328961504608674,2.2013880460606394,1.4557420753077646,0.9626585342886794,0.6365904162266575,0.4209668782826213,0.2783785430849448
Ga81,12401409352.394691,7016582368.571159,3969826092.142198,2246039221.527741,1270758987.3075137,718967143.7367885,406775603.34887713,230144580.20966056,130210679.70601295,73670303.65892665,41681017.66653964,23582191.83894841,13342279.12519041,7548764.485940592,4270922.885776812,2416393.0839576707,1367141.410031909,773498.1727239457,437628.04550943855,247600.20510709408,140086.68365325965,79257.92681989254,44842.37045211305,25370.814862897114,14354.242211499099,8121.310670541633,4594.856770259643,2599.667663962524,1470.8340871026692,832.1651808699534,470.82053259755827,266.37977532743054,150.7117463888199,85.26935076676962,48.24350028715322,27.295098403207003,15.442958997714898,8.73728238975987,4.943359855433411,2.7968429507269508,1.5823914745824657,0.8952818670710287,0.5065305484647412,0.28658370728247506,0.1621426812828928,0.09173671923956372,0.051902593384129836,0.029365331814008425,0.016614250971329802,0.009399973311612788,0.005318295625334504,0.003008973262031451,0.0017024100819989152,0.0009631857231376291,0.0005449490384636646,0.00030832003360170134,0.00017444061079207267,9.869461396342891e-05,5.583921531323204e-05,3.159258485932035e-05,1.787438115837638e-05,1.0112926916794037e-05
Ga82,4677043524.587205,1470496664.6903408,462284991.79816204,145330090.61099803,45687910.29716665,14363062.312464988,4515364.297686994,1419510.2894688519,446256.23295558576,140291.07568232244,44103.7781943137,13865.053365317679,4358.803546855592,1370.2917586747851,430.78323758054944,135.42677798766718,42.574572537055936,13.38431182995509,4.207671210452122,1.3227797768162894,0.4158467357448636,0.13073113957477372,0.0410983888665286,0.012920238995226587,0.004061779069634708,0.0012769151729018192,0.0004014281256645308,0.0001261983125381255,3.9673388756969166e-05,1.2472256909030355e-05,3.920945431653598e-06,1.2326408275693902e-06,3.87509450533252e-07,1.2182265173601808e-07,3.829779752615783e-08,1.2039807658536864e-08,3.784994903572604e-09,1.1899016019506405e-09,3.740733761591813e-10,1.1759870776015042e-10,3.6969902025244264e-11,1.1622352675369332e-11,3.653758173836334e-12,1.1486442690013788e-12,3.6110316937708016e-13,1.1352122014898207e-13,3.568804850520819e-14,1.121937206487569e-14,3.527071801411149e-15,1.1088174472131234e-15,3.4858267720898812e-16,1.095851108364012e-16,3.4450640557294693e-17,1.0830363958656323e-17,3.4047780122371383e-18,1.0703715366230144e-18,3.3649630674744733e-19,1.0578547782754786e-19,3.325613712486164e-20,1.0454843889541837e-20,3.2867245027377747e-21,1.033258657042489e-21
Ga83,73698910.56538148,7770151.210959768,819174.7922252549,86362.19836232047,9104.808127350045,959.882131393581,101.19638912553893,10.668715290261495,1.1247583725883583,0.11857860691646632,0.012501250367127417,0.001317954939812179,0.000138946519137226,1.4648554815616722e-05,1.5443363354371223e-06,1.6281297008280683e-07,1.7164695681191676e-08,1.809602623661202e-09,1.9077889386350934e-10,2.0113026952926455e-11,2.1204329526020066e-12,2.2354844534359152e-13,2.3567784755567563e-14,2.4846537287747964e-15,2.619467300784853e-16,2.7615956543226655e-17,2.911435678425451e-18,3.0694057967322796e-19,3.235947135919168e-20,3.4115247575316965e-21,3.5966289566549977e-22,3.79177663104766e-23,3.997512724562734e-24,4.214411748886617e-25,4.443079387845195e-26,4.684154188757207e-27,4.938309345557919e-28,5.206254578672397e-29,5.488738116887857e-30,5.786548786759466e-31,6.100518215384113e-32,6.431523152693388e-33,6.7804879197507e-34,7.148386989889287e-35,7.536247709898913e-36,7.945153168860018e-37,8.37624522263655e-38,8.830727682473164e-39,9.30986967660099e-40,9.815009194238957e-41,1.0347556821887412e-41,1.0908999682347321e-42,1.1500905587464733e-43,1.2124927416197018e-44,1.2782807730226225e-45,1.3476383640008757e-46,1.4207591934849653e-47,1.4978474491326783e-48,1.5791183975168234e-49,1.6647989852504775e-50,1.7551284727283998e-51,1.8503591022542887e-52
Ga84,1171852776.7187142,336777.9838531304,96.78639899268158,0.027815378317769705,7.9938429264132e-06,2.29734515929065e-09,6.602324851139278e-13,1.8974377125564712e-16,5.45303352107899e-20,1.5671436477325808e-23,4.5038036225800085e-27,1.294345103597431e-30,3.7198097155198104e-34,1.0690336202623099e-37,3.0722885541241733e-41,8.829429478079796e-45,2.5374838181698234e-48,7.292457732924782e-52,2.0957745387653666e-55,6.023032396206397e-59,1.7309552423097373e-62,4.97458066598931e-66,1.4296414024786502e-69,4.1086368418043314e-73,1.180778387402919e-76,3.3934310912364525e-80,9.752358862443195e-84,2.802723875180263e-87,8.054729354511823e-91,2.31484326904168e-94,6.652612551439766e-98,1.9118898610313244e-101,5.4945674536889814e-105,1.5790800567796711e-108,4.5381075885148895e-112,1.3042036973689656e-115,3.748142262064616e-119,1.077176091818765e-122,3.0956891485405036e-126,8.896680289487724e-130,2.5568109837732233e-133,7.348001944576808e-137,2.1117373525134033e-140,6.068907819617011e-144,1.7441393494873428e-147,5.012470383216502e-151,1.4405305029100789e-154,4.1399309545301594e-158,1.1897719814786073e-161,3.4192777209546067e-165,9.82663931830601e-169,2.824071285590653e-172,8.116079534170286e-176,2.332474656042578e-179,6.703283276335124e-183,1.926452086687707e-186,5.536417736372983e-190,1.5911073814624416e-193,4.572672836285623e-197,1.314137380752135e-200,3.776690608140876e-204,1.0853805818578861e-207
Ga85,35152.51325848301,0.018814736383123042,1.007024170827922e-08,5.389911715910713e-15,2.884851143287578e-21,1.5440635315714911e-27,8.264316150510518e-34,4.423323266114367e-40,2.3675024478994594e-46,1.2671621546967925e-52,6.78225244379559e-59,3.630075917346031e-65,1.9429313896669173e-71,1.039918302235655e-77,5.565971506127547e-84,2.9790839088437744e-90,1.5944998867064853e-96,8.534267467792648e-103,4.56780974517755e-109,2.444836179189451e-115,1.3085536124581605e-121,7.003792610942924e-128,3.748651218420534e-134,2.0063966393593515e-140,1.0738869102174483e-146,5.74778223464633e-153,3.076394758385348e-159,1.6465837296988684e-165,8.813036660912893e-172,4.7170158301515013e-178,2.5246959927652334e-184,1.351297109316698e-190,7.232569318762573e-197,3.87109974483384e-203,2.0719349616985742e-209,1.1089650922164848e-215,5.935531754078439e-222,3.176884236568555e-228,1.7003688752272142e-234,9.10091176304362e-241,4.8710956854957694e-247,2.6071644023192092e-253,1.395436809209111e-259,7.468818946605469e-266,3.997548014287294e-272,2.139614072957987e-278,1.145189092123024e-284,6.129414053182417e-291,3.280656172309589e-297,1.7559108958098466e-303,9.3981902158712e-310,5.0302085e-316,2.67e-322,0.0,0.0,0.0,0.0,0.0,0.0,0.0,0.0,0.0
Ga86,1184712.323818744,4.9347849107084564e-05,2.055528724176725e-15,8.562071928904018e-26,3.566434020282917e-36,1.4855576695277204e-46,6.187922100736254e-57,2.577508817746078e-67,1.0736320847943974e-77,4.4720927647802915e-88,1.8627995548987538e-98,7.759280418015822e-109,3.232040315184426e-119,1.3462697616551246e-129,5.607734107250843e-140,2.3358380848548032e-150,9.729668800814448e-161,4.0527832638462466e-171,1.688140934698344e-181,7.031759731211516e-192,2.928999818745777e-202,1.2200416774955287e-212,5.0819453292540395e-223,2.116826728619816e-233,8.817401818954666e-244,3.67278879209903e-254,1.5298585443129373e-264,6.372452373635411e-275,2.6543728114738123e-285,1.105648910212553e-295,4.605455222303338e-306,1.9183502e-316,0.0,0.0,0.0,0.0,0.0,0.0,0.0,0.0,0.0,0.0,0.0,0.0,0.0,0.0,0.0,0.0,0.0,0.0,0.0,0.0,0.0,0.0,0.0,0.0,0.0,0.0,0.0,0.0,0.0,0.0
Gd169,148.21306911613382,74.10653455806694,37.05326727903347,18.526633639516735,9.263316819758368,4.631658409879184,2.315829204939592,1.157914602469796,0.578957301234898,0.289478650617449,0.1447393253087245,0.07236966265436225,0.03618483132718112,0.01809241566359056,0.00904620783179528,0.00452310391589764,0.00226155195794882,0.00113077597897441,0.000565387989487205,0.0002826939947436025,0.00014134699737180126,7.067349868590063e-05,3.5336749342950316e-05,1.7668374671475158e-05,8.834187335737579e-06,4.4170936678687894e-06,2.2085468339343947e-06,1.1042734169671974e-06,5.521367084835987e-07,2.7606835424179934e-07,1.3803417712089967e-07,6.901708856044984e-08,3.450854428022492e-08,1.725427214011246e-08,8.62713607005623e-09,4.313568035028115e-09,2.1567840175140573e-09,1.0783920087570287e-09,5.391960043785143e-10,2.6959800218925717e-10,1.3479900109462858e-10,6.739950054731429e-11,3.3699750273657146e-11,1.6849875136828573e-11,8.424937568414287e-12,4.212468784207143e-12,2.1062343921035716e-12,1.0531171960517858e-12,5.265585980258929e-13,2.6327929901294645e-13,1.3163964950647323e-13,6.581982475323661e-14,3.2909912376618307e-14,1.6454956188309153e-14,8.227478094154577e-15,4.113739047077288e-15,2.056869523538644e-15,1.028434761769322e-15,5.14217380884661e-16,2.571086904423305e-16,1.2855434522116526e-16,6.427717261058263e-17
Ge83,114316346757.2243,78734959384.88867,54132759081.146164,37217136955.53153,25587290914.712048,17591603612.076096,12094461049.491785,8315102451.200692,5716743256.544781,3930336835.1489744,2702158719.367488,1857769970.0713665,1277241502.121427,878120478.3272893,603719479.1877518,415065151.70334315,285362798.61352956,196190710.05688074,134883716.09626508,92734344.36657609,63756092.09165938,43833159.18784057,30135878.49180491,20718816.28656961,14244461.080945648,9793255.979498345,6732993.416526849,4629022.302888491,3182514.2481265687,2188020.7691392046,1504293.3080355278,1034221.6072705409,711041.0763856152,488850.173650801,336090.98013462254,231067.00788151837,158861.6335669923,109219.48075128852,75089.84207033625,51625.26266708621,35493.05301440371,24401.94484640238,16776.660831211586,11534.176903403864,7929.899649131034,5451.911217585968,3748.261294541959,2576.979369517735,1771.7075062483157,1218.0724164214244,837.4409468911391,575.7517616155365,395.83697481475633,272.14317189554185,187.10204129875902,128.63513574244504,88.4383624711795,60.8025475422495,41.802558124391794,28.739813319974985,19.759002958841734,13.584576683946826
Ge84,33624284119.800617,16781952425.00366,8115316288.502831,3924283611.964447,1897646518.0711277,917635589.9825786,443736527.31625855,214575489.2510555,103761213.58725667,50175299.530616544,24263022.7225511,11732750.519522356,5673548.441489418,2743529.90497555,1326675.257490033,641533.826784341,310223.3561566614,150013.18198214745,72541.13631935729,35078.36037455569,16962.67013450198,8202.554937562989,3966.4691331164845,1918.0459629618908,927.5000491794755,448.50663531519456,216.88214690631435,104.8766326804409,50.71467725344565,24.523846954144464,11.858876009891977,5.734538324307429,2.773022482528697,1.3409368381086395,0.6484302291545472,0.31355821551928603,0.15162580351602586,0.07332094378010771,0.03545544803155828,0.01714501655745984,0.008290731300135617,0.00400910814292222,0.0019386646991420783,0.0009374705499862498,0.0004533280213336748,0.00021921360082118716,0.00010600404237888477,5.1259853214264335e-05,2.47874750111541e-05,1.1986357332322825e-05,5.796183840164357e-06,2.8028321013246423e-06,1.3553517288011259e-06,6.554007669228666e-07,3.169289241716171e-07,1.5325576051454283e-07,7.410913406619995e-08,3.58365893301664e-08,1.7329323179944255e-08,8.37985554674879e-09,4.052205516349677e-09,1.9595050839635914e-09
Ge85,1434785354.9284234,392991144.06439674,107574633.3903394,29446723.988183726,8060539.239673067,2206435.3528895504,603974.1041789516,165327.62586542338,45255.622195018535,12387.955912010639,3390.991974800682,928.2263074583617,254.08614478022437,69.55175526758396,19.038608598615713,5.211494892929325,1.4265579797151364,0.3904959539056639,0.10689161757529393,0.029259760039980175,0.008009361042685735,0.0021924261929844356,0.0006001393352187326,0.00016427792316534283,4.496828395639528e-05,1.230930196230777e-05,3.369461795477859e-06,9.223327875089627e-07,2.524728940555942e-07,6.911015535397287e-08,1.8917728142327036e-08,5.178405926509315e-09,1.4175004386339706e-09,3.880166062767396e-10,1.0621293838300915e-10,2.9073983168408462e-11,7.95850778771148e-12,2.1785059804219273e-12,5.963289140788555e-13,1.6323488526645838e-13,4.46827700936037e-14,1.223114740442127e-14,3.3480683161605563e-15,9.164766868581923e-16,2.5086988622674516e-16,6.867135925865421e-17,1.879761518354933e-17,5.145527049463112e-18,1.4085004059412454e-18,3.8555300058983335e-19,1.0553856827928015e-19,2.88893858364488e-20,7.907977411619493e-21,2.164674150455092e-21,5.925426861694659e-22,1.6219846985243051e-22,4.439906902326643e-23,1.2153489067598857e-23,3.326810668909346e-24,9.106577679224138e-25,2.4927705625920326e-25,6.823534917954835e-26
Ge86,74390497143.43346,50440923.50102799,34201.5849874338,23.19046390235948,0.015724347751843504,1.0661930406478364e-05,7.2293466022627586e-09,4.90187520487772e-12,3.3237278340858917e-15,2.253661354757574e-18,1.52810030046416e-21,1.0361319473971465e-24,7.025516663342766e-28,4.763667842777951e-31,3.2300160121632318e-34,2.190119836891656e-37,1.4850158271301886e-40,1.006918420481048e-43,6.827433667581806e-47,4.629357208795538e-50,3.138946375764317e-53,2.128369859038699e-56,1.4431461116507254e-59,9.785285629412502e-63,6.634935581100805e-66,4.4988334354835325e-69,3.0504444290123217e-72,2.0683609090969128e-75,1.4024569041781833e-78,9.509391515892821e-82,6.447864938532565e-85,4.371989753085073e-88,2.964437776426348e-91,2.0100438991428246e-94,1.3629149205323757e-97,9.241276180096915e-101,6.266068714213477e-104,4.248722402194579e-107,2.8808560637011724e-110,1.9533711252768548e-113,1.3244878149737233e-116,8.980720300988532e-120,6.08939819700702e-123,4.128930548881556e-126,2.7996309201567078e-129,1.8982962286010432e-132,1.2871441537441088e-135,8.727510741242834e-139,5.917708868656524e-142,4.0125162022074116e-145,2.7206959028101315e-148,1.8447741572970254e-151,1.2508533893537637e-154,8.48144037289806e-158,5.750860285567856e-161,3.899384134067901e-164,2.6439864420248342e-167,1.7927611297731674e-170,1.2155858355930929e-173,8.242307907922566e-177,5.588715963925048e-180,3.789441801295553e-183
Ge87,382911402.6421331,2709468.114761446,19172.10460240592,135.66116275110954,0.9599337923846657,0.006792458999135844,4.806320979734119e-05,3.400936444838498e-07,2.406491108396708e-09,1.7028249568090457e-11,1.2049131714696232e-13,8.525924787369631e-16,6.032915499730387e-18,4.268870572351818e-20,3.0206383570772267e-22,2.1373934696781978e-24,1.5124123791645962e-26,1.070177876511759e-28,7.572542404128101e-31,5.358305354734938e-33,3.7915187188558115e-35,2.6828658024744405e-37,1.898386754176155e-39,1.3432920368613218e-41,9.505088951582528e-44,6.72576874561071e-46,4.759131182239212e-48,3.367545103976813e-50,2.3828635087092654e-52,1.6861061473038322e-54,1.193082998495255e-56,8.44221488412572e-59,5.973682655745036e-61,4.226957612586833e-63,2.990980888719036e-65,2.1164079455265012e-67,1.497563093358993e-69,1.0596705721746089e-71,7.498193074551703e-74,5.3056960209697076e-76,3.754292532486806e-78,2.6565246790957615e-80,1.8797478644985274e-82,1.330103221660829e-84,9.411765341967773e-87,6.659733275561795e-89,4.712404707314147e-91,3.3344816085961363e-93,2.3594678913736717e-95,1.6695514877249976e-97,1.1813689774527668e-99,8.359326868017387e-102,5.915031376312846e-104,4.1854561659297314e-106,2.9616146056420626e-108,2.0956284630934663e-110,1.4828596019755906e-112,1.0492664314767582e-114,7.424573727392531e-117,5.253603220290235e-119,3.7174318431796393e-121,2.6304421801999946e-123
Ge88,4274499.112008847,117.44233864789042,0.003226741320014866,8.865507674798248e-08,2.4358080966820267e-12,6.692409844421838e-17,1.8387470501770437e-21,5.0519779767416e-26,1.3880365695229652e-30,3.8136459169121685e-35,1.0478034584189116e-39,2.8788516590013477e-44,7.909676960830719e-49,2.1731925446411833e-53,5.9708706935460164e-58,1.6405033657490784e-62,4.507301248280352e-67,1.2383860324159188e-71,3.402479401322352e-76,9.34835000830722e-81,2.5684695649840957e-85,7.056898704463643e-90,1.9388907699737127e-94,5.32712396099921e-99,1.463633234802427e-103,4.021348595793511e-108,1.1048700005143971e-112,3.0356426182838843e-117,8.340461865786134e-122,2.2915511765333708e-126,6.296062351430118e-131,1.7298501355341e-135,4.752782492263028e-140,1.3058322773023064e-144,3.587788709498883e-149,9.857489394120471e-154,2.708356177662693e-158,7.441238729060935e-163,2.0444886193167714e-167,5.617255226863679e-172,1.5433471228747599e-176,4.240363390103094e-181,1.1650445589087168e-185,3.200972886924686e-190,8.794708618204682e-195,2.416355977117765e-199,6.638964929510827e-204,1.8240630003468472e-208,5.0116333864705295e-213,1.3769518484619297e-217,3.783190522477529e-222,1.039435804915839e-226,2.855861437910061e-231,7.84651107261221e-236,2.1558376465800008e-240,5.923187918046653e-245,1.6274024701327135e-249,4.471306391824655e-254,1.2284964055598143e-258,3.375307541511389e-263,9.273695021184954e-268,2.5479580242172854e-272
He8,0.0,0.0,0.0,0.0,0.0,0.0,0.0,0.0,0.0,0.0,0.0,0.0,0.0,0.0,0.0,0.0,0.0,0.0,0.0,0.0,0.0,0.0,0.0,0.0,0.0,0.0,0.0,0.0,0.0,0.0,0.0,0.0,0.0,0.0,0.0,0.0,0.0,0.0,0.0,0.0,0.0,0.0,0.0,0.0,0.0,0.0,0.0,0.0,0.0,0.0,0.0,0.0,0.0,0.0,0.0,0.0,0.0,0.0,0.0,0.0,0.0,0.0
Hg209,0.0,0.0,0.0,0.0,0.0,0.0,0.0,0.0,0.0,0.0,0.0,0.0,0.0,0.0,0.0,0.0,0.0,0.0,0.0,0.0,0.0,0.0,0.0,0.0,0.0,0.0,0.0,0.0,0.0,0.0,0.0,0.0,0.0,0.0,0.0,0.0,0.0,0.0,0.0,0.0,0.0,0.0,0.0,0.0,0.0,0.0,0.0,0.0,0.0,0.0,0.0,0.0,0.0,0.0,0.0,0.0,0.0,0.0,0.0,0.0,0.0,0.0
Hg210,0.0,0.0,0.0,0.0,0.0,0.0,0.0,0.0,0.0,0.0,0.0,0.0,0.0,0.0,0.0,0.0,0.0,0.0,0.0,0.0,0.0,0.0,0.0,0.0,0.0,0.0,0.0,0.0,0.0,0.0,0.0,0.0,0.0,0.0,0.0,0.0,0.0,0.0,0.0,0.0,0.0,0.0,0.0,0.0,0.0,0.0,0.0,0.0,0.0,0.0,0.0,0.0,0.0,0.0,0.0,0.0,0.0,0.0,0.0,0.0,0.0,0.0
Ho174,0.0,0.0,0.0,0.0,0.0,0.0,0.0,0.0,0.0,0.0,0.0,0.0,0.0,0.0,0.0,0.0,0.0,0.0,0.0,0.0,0.0,0.0,0.0,0.0,0.0,0.0,0.0,0.0,0.0,0.0,0.0,0.0,0.0,0.0,0.0,0.0,0.0,0.0,0.0,0.0,0.0,0.0,0.0,0.0,0.0,0.0,0.0,0.0,0.0,0.0,0.0,0.0,0.0,0.0,0.0,0.0,0.0,0.0,0.0,0.0,0.0,0.0
I137,91737137955494.28,89463576548550.6,87183659740833.11,84914680236431.42,82669227051472.08,80456366661232.78,78282526782384.58,76152158825116.9,74068235229621.92,72032623308640.23,70046366524145.11,68109896255310.03,66223191294902.9,64385897990157.3,62597420724764.66,60856990033030.78,59163713835408.75,57516615932320.62,55914664876627.52,54356795579916.72,52841925431174.29,51368966271539.35,49936833240621.43,48544451262006.53,47190759748316.16,45874715964652.664,44595297382264.47,43351503273350.25,42142355736723.266,40966900297765.07,39824206191075.5,38713366407729.11,37633497569002.4,36583739673266.1,35563255751261.45,34571231456296.92,33606874609332.797,32669414713952.27,31758102452461.05,30872209171515.33,30011026363530.156,29173865148498.113,28360055759622.492,27568947035243.883,26799905918841.83,26052316968368.23,25325581875773.477,24619118997290.457,23932362894818.805,23264763888586.383,22615787621141.96,21984914632641.52,21371639947324.496,20775472671027.65,20195935599549.34,19632564837653.367,19084909428484.75,18552530993159.66,18035003380285.273,17531912325162.629,17042855118425.209,16567440283867.209
I138,11532591105037.758,10358132893483.328,9291754868006.145,8328180682266.518,7460289804316.032,6680262783808.646,5980222488994.407,5352584477711.075,4790235801163.227,4286613093661.2754,3835722556166.9263,3432127434807.8125,3070918288767.712,2747675095256.6484,2458426461114.7427,2199608933650.914,1968028038589.4678,1760821861839.4407,1575427515872.7837,1409550557947.337,1261137275471.1738,1128349674430.4392,1009542970263.9083,903245368890.3818,808139927955.8837,723048298286.795,646916159168.1215,578800176163.8899,517856325472.5366,463329443554.9184,414543874621.61053,370895101357.1685,331842255947.2352,296901419080.5717,265639624178.1634,237669492728.13055,212644434357.12085,190254352225.0836,170221800566.6168,152298546789.3525,136262495543.46431,121914936655.98035,109078082833.23961,97592866623.34344,87316969341.76527,78123057536.85332,69897205143.19637,62537481771.47761,55952689641.934654,50061233510.34769,44790109583.38225,40074000894.528,35854467931.050385,32079224482.658028,28701489738.602222,25679408604.74847,22975533057.502773,20556358107.809223,18391906625.133415,16455357876.792067,14722715179.686699,13172508546.15842
I139,2210434795829.137,1633087189225.114,1205259820116.529,889341481865.2576,656207574607.8092,484184808293.54767,357256856508.17285,263602723804.10544,194499817188.77652,143512093006.04156,105890694960.83492,78131668500.63113,57649613355.35208,42536886563.066986,31385929812.286217,23158173288.516747,17087306103.992018,12607904183.716429,9302768203.387959,6864066777.866021,5064665882.338674,3736974206.375656,2757334154.6211624,2034504714.3405776,1501163515.3965337,1107636607.6094732,817271964.0022333,603025810.5910903,444943842.75495356,328302735.5188799,242238853.0692384,178736439.2305698,131881051.71424319,97308707.03325596,71799430.93721463,52977358.75933532,39089453.836612836,28842234.43803593,21281302.390555706,15702453.026351344,11586087.473396022,8548818.628268544,6307763.5230048895,4654196.3740561465,3434108.429917527,2533864.014455604,1869616.8087817945,1379500.6329218561,1017867.3979037318,751035.5667767221,554153.1477727703,408883.0473161396,301695.20294972043,222606.43007901058,164250.6152833323,121192.6565255898,89422.25251572653,65980.3941445737,48683.7704150616,35921.4207880167,26504.69469452916,19556.543851532584
I140,164179770871.90445,76662324037.38211,34581800749.23624,15480732070.825315,6917997911.044319,3090272524.4745226,1380300459.423272,616511866.0778731,275364009.27371585,122990746.7779294,54933540.7000007,24535941.11849039,10958922.19955601,4894777.617675107,2186241.2629404487,976479.675352707,436142.4205579696,194802.01770701137,87007.87704645497,38861.86989866727,17357.565582417836,7752.717090905136,3462.733411907406,1546.6219831504254,690.7951823662121,308.54209314180946,137.80962240391173,61.55235363098424,27.492218405542896,12.27933666662594,5.484537724389093,2.449656269462996,1.0941333873654384,0.48869218276497095,0.21827324917910226,0.09749124906734147,0.04354424410895873,0.01944893734729839,0.00868682352121288,0.0038799499191753757,0.0017329707848384062,0.0007740274497516509,0.0003457175955940366,0.00015441397581141418,6.89686502213406e-05,3.080469036794279e-05,1.375884471596061e-05,6.145356621241034e-06,2.7448095230279177e-06,1.2259629150998362e-06,5.475735407468574e-07,2.445724734680356e-07,1.0923773763189504e-07,4.879078644348872e-08,2.179229351852721e-08,9.733478212073793e-09,4.347435850401402e-09,1.9417723101193987e-09,8.672881749361055e-10,3.8737228585659916e-10,1.7301894824153638e-10,7.727851873659662e-11
I141,21805208983.918953,4352664801.105331,868433573.2402481,173251391.68997186,34562797.40410674,6895082.991961569,1375529.1933453686,274410.08509459964,54743.21681589678,10920.953475274337,2178.666721313985,434.63134353834863,86.70642596735561,17.297427844885338,3.450736282928542,0.6884018248896662,0.1373321615029984,0.027396967731903157,0.005465535768812272,0.0010903426077105954,0.0002175170106786243,4.339337892509744e-05,8.656726794205314e-06,1.726966662791263e-06,3.445198081552923e-07,6.872969859158526e-08,1.3711175255156644e-08,2.7352997427612244e-09,5.456763948761993e-10,1.0885926806124031e-10,2.171679103971049e-11,4.33237354487019e-12,8.642833325591227e-13,1.7241949965832998e-13,3.4396687686205294e-14,6.861939201348252e-15,1.368916973417871e-15,2.730909769272436e-16,5.448006206897303e-17,1.0868455620303793e-17,2.1681937039823154e-18,4.325420374543657e-19,8.62896215506675e-20,1.7214277787145682e-20,3.434148329866265e-21,6.850926247007389e-22,1.3667199530592945e-22,2.7265268413980405e-23,5.4392625206236824e-24,1.0851012474570522e-24,2.164713897827901e-25,4.3184783635913503e-26,8.615113246845007e-27,1.718665002045791e-27,3.4286367510476896e-28,6.839930967723076e-29,1.36452645877173e-29,2.7221509478302993e-30,5.430532867382841e-31,1.0833597323921723e-31,2.161239676530065e-32,4.3115474941032005e-33
I142,1619941483.3064551,71426552.66265725,3148601.90539381,138772.47736099473,6115.57874836468,269.4854805582719,11.87428208125775,0.5231919398931212,0.023051635557536674,0.0010156246597410462,4.4746410135157574e-05,1.9714171435897923e-06,8.685514977570973e-08,3.8265755121949174e-09,1.6858671548783474e-10,7.427373071836511e-12,3.2722486442748423e-13,1.4416398023722633e-14,6.351361230629421e-16,2.7981859165205837e-17,1.2327815005400453e-18,5.431196321206738e-20,2.3927911209853647e-21,1.0541781257193656e-22,4.6443309432631186e-24,2.0461255557379486e-25,9.014494407358965e-27,3.9714623393576343e-28,1.7496835552064167e-29,7.7084766625537516e-31,3.3960776136785883e-32,1.496189653957905e-33,6.591673447019189e-35,2.9040542069570266e-36,1.2794218147134013e-37,5.636672247542823e-39,2.483315009764859e-40,1.0940592530824714e-41,4.820031463386907e-43,2.1235324527515624e-44,9.355519999963836e-46,4.121705525386854e-47,1.8158751660798946e-48,8.000092674945054e-50,3.5245530086582434e-51,1.5527912506092786e-52,6.84103959251249e-54,3.0139159198527262e-55,1.327822920596824e-56,5.8499100681881495e-58,2.577259909774077e-59,1.1354479923670701e-60,5.0023753462757625e-62,2.2038666035874886e-63,9.709443354754068e-65,4.2776314185914634e-66,1.8845705036554523e-67,8.302739613812792e-69,3.657888360291754e-70,1.611534009098422e-71,7.09983905105385e-73,3.1279336499420997e-74
I143,6853925.0122165745,659092.1209979256,63380.09581185323,6094.8028616053525,586.0928647394954,56.360288248612946,5.419759022110963,0.5211788081739641,0.05011797553756113,0.004819481207964156,0.00046345445650556623,4.4567044456969954e-05,4.285688536918153e-06,4.1212349751407313e-07,3.9630919452062784e-08,3.811017294791003e-09,3.6647781636164304e-10,3.524150626888286e-11,3.3889193524175877e-12,3.2588772708989255e-13,3.1338252588410883e-14,3.013571833664494e-15,2.8979328604985566e-16,2.786731270230049e-17,2.6797967883707096e-18,2.576965674328958e-19,2.4780804706864403e-20,2.3829897620955373e-21,2.291547943428622e-22,2.2036149968240708e-23,2.119056277287616e-24,2.0377423065207733e-25,1.959548574660627e-26,1.8843553496273986e-27,1.812047493787879e-28,1.7425142876539678e-29,1.675649260346406e-30,1.6113500265640493e-31,1.5495181298090993e-32,1.490058891628194e-33,1.4328812666385375e-34,1.3778977031170743e-35,1.3250240089392234e-36,1.274179222661928e-37,1.2252854895535903e-38,1.1782679423810703e-39,1.1330545867712232e-40,1.0895761909714289e-41,1.0477661798402923e-42,1.0075605329062367e-43,9.68897686337844e-45,9.31718438675871e-46,8.959658601825837e-47,8.615852056696094e-48,8.285238306708112e-49,7.967311108318488e-50,7.661583643929771e-51,7.367587776463874e-52,7.084873332539636e-53,6.813007413156737e-54,6.551573730830554e-55,6.300171972163027e-56
I144,377337.999894881,10593.257630009582,297.3914825621001,8.348866513917104,0.23438321591019712,0.006579994039769538,0.00018472449656971806,5.1858921796426035e-06,1.4558695894850244e-07,4.087158367672359e-09,1.1474148263748747e-10,3.221213041800155e-12,9.043123046828542e-14,2.5387353577328244e-15,7.127158596899948e-17,2.000854067386045e-18,5.61712910488146e-20,1.576933565281285e-21,4.42702922236505e-23,1.2428290047956583e-24,3.489075534803412e-26,9.795111025402297e-28,2.7498458844733347e-29,7.7198230512597745e-31,2.1672366542161982e-32,6.084225874337556e-34,1.7080647107893458e-35,4.795162304130504e-37,1.3461774239412844e-38,3.779212343173845e-40,1.0609631153211553e-41,2.9785114723843188e-43,8.361770982433792e-45,2.347454915347399e-46,6.590164441438404e-48,1.850100169390129e-49,5.1939077805929397e-51,1.4581198618124822e-52,4.093475705048684e-54,1.149188334009454e-55,3.22619192632467e-57,9.05710059653012e-59,2.542659367110792e-60,7.1381747262839375e-62,2.0039466977779638e-63,5.625811249405762e-65,1.5793709607663005e-66,4.4338718828779585e-68,1.2447499898464121e-69,3.494468442369491e-71,9.810250889195023e-73,2.7540961979239877e-74,7.731755235509335e-76,2.170586454710174e-77,6.093629989388706e-79,1.710704789804628e-80,4.8025739714368064e-82,1.3482581500082447e-83,3.785053702191737e-85,1.0626029984233912e-86,2.983115223978359e-88,8.374695396808662e-90
I145,131.06468250726056,0.5586898138877519,0.002381528739633115,1.0151749677036371e-05,4.327389369279019e-08,1.8446375599379338e-10,7.863142040533996e-13,3.3518239079818715e-15,1.4287829791455606e-17,6.090477475963825e-20,2.5961896541772614e-22,1.1066785399104362e-24,4.7174419200373026e-27,2.0109053773398603e-29,8.571892362762554e-32,3.653943119690047e-34,1.5575674258265384e-36,6.639447321779055e-39,2.830199194444916e-41,1.2064298565878729e-43,5.142652155803814e-46,2.1921598716391923e-48,9.344526437398208e-51,3.983294077632217e-53,1.6979599571144916e-55,7.237898984546038e-58,3.0853013636151463e-60,1.3151723344923858e-62,5.606189041408366e-65,2.3897518784211638e-67,1.0186802475327879e-69,4.3423313360843336e-72,1.8510068765943224e-74,7.890292545683635e-77,3.3633973619275375e-79,1.4337163988183894e-81,6.111507178749625e-84,2.6051539918697295e-86,1.1104997708181256e-88,4.7337306924495104e-91,2.0178487972248725e-93,8.601490099460895e-96,3.666559755759476e-98,1.562945523055079e-100,6.662372552910763e-103,2.8399715395719837e-105,1.2105955170662286e-107,5.16040912917643e-110,2.1997291419864536e-112,9.376791988732703e-115,3.997047923844033e-117,1.7038228132503508e-119,7.262890598920962e-122,3.0959545465449594e-124,1.3197134699642082e-126,5.625546553157961e-129,2.3980034107407964e-131,1.022197630681135e-133,4.35732489574457e-136,1.8573981857524005e-138,7.917536798335971e-141,3.3750107776491997e-143
In127,67006513170.39021,37621072684.28298,20247395817.71666,10770477637.599562,5710188817.477538,3024454710.9082522,1601483052.0168707,847934719.1349568,448944113.4620709,237694527.89986044,125847683.79645814,66630185.25478302,35277414.04525923,18677659.034697734,9888903.468947554,5235688.864375983,2772040.1901277765,1467659.1776371468,777053.474606876,411411.6625859498,217822.27561102164,115326.20017143185,61059.560637970106,32328.039420002835,17116.109612018638,9062.139662863794,4797.958013284969,2540.283195102574,1344.9552275057122,712.0877575706273,377.01550513495533,199.61119904251083,105.6843292663154,55.95466339587634,29.625246973524003,15.685113714882492,8.304497595198605,4.396823737606931,2.3279022912549174,1.2325099665194625,0.6525535127812028,0.34549504556591576,0.18292266331055243,0.09684856897967264,0.05127656214739418,0.027148422050587394,0.014373756526777519,0.007610198349874594,0.004029226376315844,0.002133277536960233,0.0011294657149197574,0.0005979966408857287,0.0003166098605622755,0.0001676293760727304,8.875152426595334e-05,4.6989574524888384e-05,2.4878672589481117e-05,1.3172035628600293e-05,6.973946137081032e-06,3.692362068722682e-06,1.9549244256492627e-06,1.0350364993653429e-06
In127_m1,28590600690.724865,23670027256.88879,19596307066.175667,16223692793.597654,13431520896.88085,11119894582.480042,9206109752.930824,7621696065.045411,6309967235.556295,5223992950.387572,4324919817.637237,3580581292.247646,2964346839.0121183,2454169159.9033713,2031795397.9460764,1682114096.518677,1392614549.9528,1152939202.372772,954513080.7465832,790237004.2074035,654233593.4571505,541636993.115952,448418783.819153,371243855.6404176,307351086.3593677,254454555.54631728,210661760.1558394,174405905.59157178,144389849.78913438,119539694.77932781,98966365.35603766,81933800.23150668,67832617.6395938,56158313.209424034,46493210.08492127,38491515.511507206,31866949.25272781,26382501.21308786,21841951.820945095,18082851.79237748,14970710.109868756,12394182.276503619,10261086.693672093,8495106.638431376,7033059.845681388,5822638.007763665,4820535.316541074,3990899.09196411,3304047.06456303,2735405.4195028394,2264629.608124266,1874876.471848614,1552201.636895063,1285060.6201293515,1063895.7968827828,880794.4535028394,729205.6906272763,603706.0487024157,499805.4704240818,413786.6579318871,342572.07736674446,283613.85255366185
In128,17436218263.205624,8291376823.250794,3687742841.8898387,1620425194.595921,710390428.101283,311296023.9801547,136399654.04469684,59764859.626543894,26186483.563859522,11473824.499231728,5027350.586220459,2202774.9649055777,965163.9451488866,422894.5103782204,185294.7033288747,81188.39625039964,35573.362687948844,15586.761056642032,6829.467384569295,2992.3872308941527,1311.1390442906427,574.486341779269,251.71590940569035,110.29139326741114,48.325079879085926,21.174030684859197,9.277575465268708,4.06504589488973,1.78113324859721,0.780418162866648,0.34194662831196543,0.14982672389942978,0.0656478097335006,0.02876412705719116,0.012603238534857317,0.005522212485388164,0.0024196027591984444,0.0010601688232409997,0.0004645216779900456,0.00020353398873118527,8.918008896392987e-05,3.9074988493044206e-05,1.7121027165033387e-05,7.501718682220249e-06,3.28693965874346e-06,1.4401996099676417e-06,6.310352887171238e-07,2.7649329499210914e-07,1.2114780828028062e-07,5.308190729013686e-08,2.3258273686964644e-08,1.019080365633858e-08,4.465184327943009e-09,1.9564571897238625e-09,8.572377877590394e-10,3.756057779448422e-10,1.6457475678289405e-10,7.210978147978906e-11,3.159549305561178e-11,1.3843824803532501e-11,6.065785549020314e-12,2.6577737618663785e-12
In128_m1,11790466162.023811,4502293056.433883,1719240146.017544,656506949.3765048,250692944.5418187,95729302.6414026,36555074.97810962,13958876.433695879,5330319.563230896,2035429.3399701181,777246.5700911916,296798.4291350493,113335.08686528861,43277.99831082616,16526.083753905143,6310.6302255381215,2409.7695761746836,920.1916770146256,351.38327366185047,134.1787891517262,51.237349093483814,19.5654317550812,7.471231953555998,2.8529555392683696,1.089426129404011,0.4160069356470126,0.15885590205284858,0.06066052138716417,0.0231637528565884,0.008845282469244391,0.0033776487965968285,0.0012897848579533915,0.0004925156758399407,0.00018807143645102338,7.181672978921855e-05,2.7423849016864183e-05,1.0472037603314347e-05,3.9988395318903825e-06,1.52699199597491e-06,5.830953048193873e-07,2.2266006331312878e-07,8.502470073903792e-08,3.246742872607771e-08,1.2397972811669597e-08,4.73427480616719e-09,1.8078244145859725e-09,6.903336303409543e-10,2.636099597586543e-10,1.0066177834859107e-10,3.843858414749528e-11,1.4678110952375754e-11,5.604965581030437e-12,2.1403053340083268e-12,8.172943895120795e-13,3.1209104071004696e-13,1.1917470490605946e-13,4.550790774747528e-14,1.7377594256979116e-14,6.6357869897226154e-15,2.5339335423421654e-15,9.67604777994104e-16,3.6948838268726464e-16
In129,23262776753.42796,7727754641.328008,2484302776.1576443,797523055.0784389,256007938.03717646,82179194.42428651,26379716.990967434,8467951.208503244,2718232.204267134,872558.9106576886,280093.455786713,89910.65588295629,28861.53129884952,9264.61920137938,2973.9644808686253,954.6495696384059,306.44474965095054,98.36948297604003,31.576834623517602,10.13623793350464,3.2537561370416124,1.0444633471301594,0.3352751827585363,0.10762411958508064,0.03454759466884175,0.01108985887182147,0.0035598706936270986,0.001142726837358178,0.0003668179934614809,0.00011774943576032581,3.779784489588027e-05,1.213319681362243e-05,3.894784618636895e-06,1.2502349923590873e-06,4.0132836322697084e-07,1.2882734535091238e-07,4.13538798422207e-08,1.32746923671102e-08,4.261207367089723e-09,1.3678575535451395e-09,4.390854810871026e-10,1.4094746869059117e-10,4.524446784507607e-11,1.4523580235966135e-11,4.6621033005143795e-12,1.4965460879158502e-12,4.803948022792906e-13,1.5420785762659079e-13,4.950108377725058e-14,1.5889963928140662e-14,5.1007156686466316e-15,1.6373416862389084e-15,5.255905193803893e-16,1.687157887594635e-16,5.415816367898885e-17,1.738489749327404e-17,5.580592847332835e-18,1.791383385478755e-18,5.750382659260031e-19,1.8458863131122082e-19,5.925338334568221e-20,1.902047495000275e-20
In129_m1,38824046238.740105,22098406678.90357,12578276224.56638,7159476928.829044,4075129928.719816,2319538717.8465366,1320267073.123566,751487841.5103881,427742225.36797875,243468225.64024353,138580606.217714,78879222.81918807,44897565.1238261,25555416.014543254,14545984.528898207,8279484.309491789,4712631.1935045775,2682400.4896695795,1526805.7464154752,869048.3752388768,494656.95310516236,281555.6742603947,160259.74609392026,91218.85497620935,51921.20732734883,29553.229658853223,16821.515296484136,9574.702329871503,5449.861269323802,3102.0272831055477,1765.6547184594867,1004.9997309169946,572.039622800355,325.6014106143067,185.3303064480669,105.48886266595669,60.04360732914092,34.17644943724988,19.453023362405798,11.07254042387021,6.302421436205871,3.5872992501267063,2.041868516762781,1.1622189142987656,0.6615278083112384,0.37653753160015635,0.21432283106205127,0.12199122812338933,0.06943665154714286,0.03952291203431964,0.022496196761619954,0.012804695876105157,0.0072883535922512845,0.004148485727397058,0.0023612923841557416,0.0013440330014032247,0.0007650152607030198,0.0004354419485961184,0.0002478508604167458,0.000141075174790518,8.029911580178049e-05,4.570575941601558e-05
In130,35131834583.04861,6325489970.686331,621256917.150784,57494936.0375633,5275405.976256786,483416.31259921356,44289.618887503326,4057.604947040587,371.7368713007451,34.05659493470556,3.120087431429042,0.28584611725914644,0.026187728503317853,0.0023991829257519154,0.0002198006104340761,2.0136984065797984e-05,1.8448453189684093e-06,1.6901509380938906e-07,1.548428024923478e-08,1.418588893056142e-09,1.2996370610133466e-10,1.1906596045035873e-11,1.0908201499665312e-12,9.993524556240372e-14,9.155545307743313e-15,8.387832481964268e-16,7.68449408316417e-17,7.040132172543871e-18,6.44980144047154e-19,5.908971252520829e-20,5.413490878033114e-21,4.959557634342116e-22,4.543687702176028e-23,4.162689388253116e-24,3.8136386298680955e-25,3.493856553473372e-26,3.2008889150231446e-27,2.932487264290346e-28,2.6865916885975117e-29,2.46131500352412e-30,2.254928269258307e-31,2.0658475214346685e-32,1.8926216146208087e-33,1.7339210851545685e-34,1.588527947857107e-35,1.4553263483142682e-36,1.3332939989849395e-37,1.2214943334107586e-38,1.1190693183127786e-39,1.025232868409798e-40,9.392648134188242e-42,8.605053709359461e-43,7.883500827784455e-44,7.222451759258618e-45,6.6168331245647706e-46,6.061996958610605e-47,5.553685038508711e-48,5.0879962028263316e-49,4.661356411188672e-50,4.2704913144510403e-51,3.912401124923035e-52,3.584337593780283e-53
In130_m1,2112064290.2936213,585118970.4915627,162099331.54142332,44907436.968077555,12441000.686832016,3446611.7093206393,954837.3618690835,264524.8332313065,73283.04294574149,20302.08021600524,5624.417935296215,1558.1692503580427,431.66980844809484,119.58830754925827,33.130330226038105,9.17831185489623,2.542727703918896,0.7044284699073085,0.195152421728512,0.054064350510299994,0.014977800276375096,0.004149397874968328,0.0011495348053177966,0.00031846313813594247,8.822592398440207e-05,2.444180418638849e-05,6.771272715617868e-06,1.8758899236581186e-06,5.196900425477785e-07,1.43973128122913e-07,3.988581639909147e-08,1.1049828329519015e-08,3.061206141304458e-09,8.480659391355482e-10,2.3494524835082916e-10,6.508841727436737e-11,1.803186952287735e-11,4.995486633504614e-12,1.3839323024083855e-12,3.833998082996986e-13,1.0621575401371672e-13,2.9425644344306915e-14,8.15197851879696e-15,2.2583958737944956e-15,6.256581651940729e-16,1.7333016953148852e-16,4.8018789398353676e-17,1.330295898005541e-17,3.685405647296564e-18,1.0209920067774887e-18,2.8285208676233427e-19,7.83603617410524e-20,2.1708683016887205e-20,6.014098299916271e-21,1.6661249479261156e-21,4.615774807239929e-22,1.27873825415497e-22,3.542572137779564e-23,9.814219063670207e-24,2.718897232960205e-24,7.532338656229392e-25,2.0867329939629997e-25
In130_m2,2112064290.293622,585118970.4915636,162099331.5414235,44907436.968077555,12441000.686832016,3446611.7093206393,954837.3618690835,264524.8332313065,73283.04294574149,20302.08021600524,5624.417935296215,1558.1692503580427,431.66980844809484,119.58830754925827,33.130330226038105,9.17831185489623,2.542727703918896,0.7044284699073085,0.195152421728512,0.054064350510299994,0.014977800276375096,0.004149397874968328,0.0011495348053177966,0.00031846313813594247,8.822592398440207e-05,2.444180418638849e-05,6.771272715617868e-06,1.8758899236581186e-06,5.196900425477785e-07,1.43973128122913e-07,3.988581639909147e-08,1.1049828329519015e-08,3.061206141304458e-09,8.480659391355482e-10,2.3494524835082916e-10,6.508841727436737e-11,1.803186952287735e-11,4.995486633504614e-12,1.3839323024083855e-12,3.833998082996986e-13,1.0621575401371672e-13,2.9425644344306915e-14,8.15197851879696e-15,2.2583958737944956e-15,6.256581651940729e-16,1.7333016953148852e-16,4.8018789398353676e-17,1.330295898005541e-17,3.685405647296564e-18,1.0209920067774887e-18,2.8285208676233427e-19,7.83603617410524e-20,2.1708683016887205e-20,6.014098299916271e-21,1.6661249479261156e-21,4.615774807239929e-22,1.27873825415497e-22,3.542572137779564e-23,9.814219063670207e-24,2.718897232960205e-24,7.532338656229392e-25,2.0867329939629997e-25
In131,3468042756.16727,332965796.5608522,28010213.691615216,2356184.5579412724,198199.3281528195,16672.282121280303,1402.451732415761,117.9725035509972,9.92370095341304,0.8347694390515314,0.07021977180144132,0.005906800274635002,0.0004968727267170061,4.179631866263644e-05,3.51585458371036e-06,2.9574933509269585e-07,2.4878067942009436e-08,2.0927122772169605e-09,1.760363660644006e-10,1.4807961187273553e-11,1.2456273634027472e-12,1.0478063177199331e-13,8.814017030379117e-15,7.414242011907576e-16,6.236768595030832e-17,5.2462925334096415e-18,4.413116332076084e-19,3.7122588259063716e-20,3.1227061680553447e-21,2.6267817706999635e-22,2.2096163069926514e-23,1.8587018832656294e-24,1.563517014208335e-25,1.3152111566293538e-26,1.1063393431622953e-27,9.30638959424305e-29,7.828419717252172e-30,6.585169753410402e-31,5.539363274769893e-32,4.6596438116083775e-33,3.91963468977618e-34,3.2971481775113933e-35,2.7735202295312568e-36,2.3330508819974116e-37,1.9625335196883802e-38,1.6508589013725294e-39,1.3886820708538298e-40,1.1681421666670448e-41,9.826267294619723e-43,8.265734402928572e-44,6.953033453218419e-45,5.848805665041179e-46,4.919942919530089e-47,4.1385950769598435e-48,3.4813349445672345e-49,2.92845585781925e-50,2.4633808144714285e-51,2.0721654454524674e-52,1.743079920125368e-53,1.4662572501689554e-54,1.233397447156867e-55,1.0375186635754268e-56
In131_m1,2423711351.3304524,334499285.89701724,46164644.23628443,6371237.450470479,879302.0572737907,121353.52259847528,16748.143968544315,2311.431266146136,319.00337781621636,44.026035534176216,6.076085520239325,0.8385677883851914,0.11573173770759126,0.015972274750274955,0.002204352632661949,0.00030422532827016483,4.1986499342132775e-05,5.7946067049401525e-06,7.997205623485483e-07,1.1037038584479453e-07,1.5232348203921275e-08,2.1022344900722017e-09,2.9013188197151645e-10,4.004144605839994e-11,5.526167588176873e-12,7.626729606137737e-13,1.0525740227202847e-13,1.4526699260636592e-14,2.0048470402452485e-15,2.7669132420684476e-16,3.8186498697662296e-17,5.270164097000954e-18,7.273416143548714e-19,1.0038128115847442e-19,1.385373998702678e-20,1.911971130604981e-21,2.6387340946850277e-22,3.6417483041441246e-23,5.026020142556147e-24,6.936470168637003e-25,9.573104968879167e-26,1.3211956011797694e-26,1.82339776096819e-27,2.5164929339266087e-28,3.473041824478268e-29,4.7931863236962766e-30,6.61513344634724e-31,9.129624337081115e-32,1.259990311794061e-32,1.7389276132280256e-33,2.399914678503617e-34,3.312150787809628e-35,4.571138690658833e-36,6.3086828673813245e-37,8.706688248711696e-38,1.201620399278699e-38,1.6583706028251892e-39,2.288736990455262e-40,3.158713138398769e-41,4.3593775660122234e-42,6.016428820973706e-43,8.303344963752456e-44
In131_m2,0.0,0.0,0.0,0.0,0.0,0.0,0.0,0.0,0.0,0.0,0.0,0.0,0.0,0.0,0.0,0.0,0.0,0.0,0.0,0.0,0.0,0.0,0.0,0.0,0.0,0.0,0.0,0.0,0.0,0.0,0.0,0.0,0.0,0.0,0.0,0.0,0.0,0.0,0.0,0.0,0.0,0.0,0.0,0.0,0.0,0.0,0.0,0.0,0.0,0.0,0.0,0.0,0.0,0.0,0.0,0.0,0.0,0.0,0.0,0.0,0.0,0.0
In132,1605413945.290664,56407369.1126772,1981913.3249385941,69635.9445469398,2446.7087999898886,85.96686654997107,3.0205074443068476,0.10612769299681021,0.003728872525063378,0.00013101660759355652,4.60336237024682e-06,1.6174243480294944e-07,5.682936321735554e-09,1.9967403901299695e-10,7.015690410479155e-12,2.465013087278983e-13,8.661000079736515e-15,3.0431044268409645e-16,1.0692165416699544e-17,3.7567689195846453e-19,1.3199676740049605e-20,4.637800987266207e-22,1.6295246028431565e-23,5.725451433905464e-25,2.0116783793761047e-26,7.068176105877512e-28,2.483454312373329e-29,8.725794645265111e-31,3.0658704616383365e-32,1.0772155510956198e-33,3.7848740122638805e-35,1.3298425996673044e-36,4.6724972460367204e-38,1.641715381931867e-39,5.768284609601062e-41,2.0267281225206533e-42,7.121054456604176e-44,2.5020334997303242e-45,8.791073951087384e-47,3.0888068134106496e-48,1.0852744026106096e-49,3.813189364411139e-51,1.3397914015000727e-52,4.707453074024644e-54,1.653997362524711e-55,5.811438228315265e-57,2.041890455615492e-58,7.174328400187308e-60,2.52075168147153e-61,8.85684162363636e-63,3.111914756331128e-64,1.0933935439048137e-65,3.8417165490169295e-67,1.3498146321847474e-68,4.742670413115941e-70,1.6663712269172342e-71,5.85491468734234e-73,2.057166220967139e-74,7.228000896131204e-76,2.539609897439982e-77,8.923101316475055e-79,3.1351955741053132e-80
In133,35141217.62456456,526492.9854049473,7888.0267224106765,118.18004664508145,1.770597884177209,0.026527463446244025,0.0003974399400227585,5.954527323932998e-06,8.921195904325656e-08,1.3365920086296404e-09,2.002509771886524e-11,3.0002015279235253e-13,4.494963937017291e-15,6.734447871930098e-17,1.0089688988659241e-18,1.5116580575549852e-20,2.264797344635066e-22,3.393166190350209e-24,5.0837117160215355e-26,7.61652196261783e-28,1.1411230621951745e-29,1.709654156404655e-31,2.5614391920963434e-33,3.83760113718243e-35,5.749573338905146e-37,8.614129607987292e-39,1.2905867014705005e-40,1.9335836698673498e-42,2.896935017320221e-44,4.340247916528917e-46,6.50264913237829e-48,9.742403326268238e-50,1.4596270018488325e-51,2.186843341603154e-53,3.276373891861817e-55,4.908731080574019e-57,7.354362358107086e-59,1.1018457684183762e-60,1.6508081030888514e-62,2.4732748187939246e-64,3.7055114509277894e-66,5.551673840941262e-68,8.317632489969636e-70,1.2461648904516482e-71,1.8670299944931036e-73,2.7972229253494376e-75,4.190857199498177e-77,6.278828872529589e-79,9.407071187066888e-81,1.4093868476923838e-82,2.111572504287196e-84,3.1636015677044805e-86,4.739773253753734e-88,7.101226249960502e-90,1.0639203935165332e-91,1.593987522572837e-93,2.3881450507024307e-95,3.577968272919094e-97,5.3605860155982606e-99,8.031340760655595e-101,1.203272071860772e-102,1.8027670871755246e-104
In133_m1,0.0,0.0,0.0,0.0,0.0,0.0,0.0,0.0,0.0,0.0,0.0,0.0,0.0,0.0,0.0,0.0,0.0,0.0,0.0,0.0,0.0,0.0,0.0,0.0,0.0,0.0,0.0,0.0,0.0,0.0,0.0,0.0,0.0,0.0,0.0,0.0,0.0,0.0,0.0,0.0,0.0,0.0,0.0,0.0,0.0,0.0,0.0,0.0,0.0,0.0,0.0,0.0,0.0,0.0,0.0,0.0,0.0,0.0,0.0,0.0,0.0,0.0
In134,605071.131889783,4281.4628337150325,30.29548598564149,0.21436983263727388,0.001516873674405251,1.0733346739123286e-05,7.59487979560453e-08,5.374111217280346e-10,3.802702893653843e-12,2.6907796866774385e-14,1.903986591831545e-16,1.3472544630179787e-18,9.533126944848013e-21,6.745608334672441e-23,4.773169608256774e-25,3.377478646674564e-27,2.3898924498743655e-29,1.691079802263169e-31,1.1966023398972491e-33,8.467117624675791e-36,5.991303750605363e-38,4.2394262396221675e-40,2.999803646974332e-42,2.1226508993826747e-44,1.5019805863609017e-46,1.0627963752594109e-48,7.520311151299622e-51,5.321346697156104e-53,3.765366897942861e-55,2.6643608625803344e-57,1.8852927213887535e-59,1.3340267436142931e-61,9.439528050409248e-64,6.679378074014528e-66,4.7263053001565895e-68,3.344317621006053e-70,2.366427820437464e-72,1.6744763099552116e-74,1.184853764981047e-76,8.38398510652749e-79,5.932479462357889e-81,4.197802372513406e-83,2.9703507396004387e-85,2.1018101218905584e-87,1.487233722801317e-89,1.0523615445566099e-91,7.446474642704972e-94,5.269100233780479e-96,3.728397477432393e-98,2.638201425853416e-100,1.8667823925704838e-102,1.3209288976424078e-104,9.346848135974727e-107,6.613798080494757e-109,4.679901118880706e-111,3.311482179519836e-113,2.343193573265104e-115,1.658035835357271e-117,1.1732205408442622e-119,8.301668806587094e-122,5.874232727349555e-124,4.156587180120313e-126
In135,831.4226839064321,0.4443822453758324,0.00023751526609477292,1.2694814478998718e-07,6.785177109074347e-11,3.6265696105814796e-14,1.9383439708307547e-17,1.036014127039881e-20,5.537331286800405e-24,2.9596157986172257e-27,1.5818677304543218e-30,8.454832271884151e-34,4.51897382881456e-37,2.415319879664521e-40,1.2909501895993443e-43,6.89992413037258e-47,3.6879000745701625e-50,1.9711241316620383e-53,1.0535346033943927e-56,5.630975455683205e-60,3.0096671224985645e-63,1.608619369687834e-66,8.597815543091235e-70,4.5953961207968396e-73,2.4561663833325333e-76,1.3127819983376624e-79,7.016611687442426e-83,3.750267724168659e-86,2.0044586517609795e-89,1.0713513759901227e-92,5.726203281008352e-96,3.0605648856452448e-99,1.6358234172914659e-102,8.743216865323794e-106,4.673110822722858e-109,2.497703659629031e-112,1.3349830140962257e-115,7.135272597511187e-119,3.813690099664769e-122,2.0383569061333624e-125,1.089469455619059e-128,5.823041544664764e-132,3.112323402552359e-135,1.6634875241359396e-138,8.891077131273039e-142,4.752139791087871e-145,2.539943390504273e-148,1.3575594806922754e-151,7.25594023279228e-155,3.878185037977563e-158,2.0728284283296958e-161,1.1078939378128287e-164,5.921517481461262e-168,3.164957229793526e-171,1.6916194704791128e-174,9.041437925183953e-178,4.832505252011644e-181,2.582897455466961e-184,1.3805177475349045e-187,7.378648529870849e-191,3.943770677673864e-194,2.1078829131264224e-197
K48,0.0,0.0,0.0,0.0,0.0,0.0,0.0,0.0,0.0,0.0,0.0,0.0,0.0,0.0,0.0,0.0,0.0,0.0,0.0,0.0,0.0,0.0,0.0,0.0,0.0,0.0,0.0,0.0,0.0,0.0,0.0,0.0,0.0,0.0,0.0,0.0,0.0,0.0,0.0,0.0,0.0,0.0,0.0,0.0,0.0,0.0,0.0,0.0,0.0,0.0,0.0,0.0,0.0,0.0,0.0,0.0,0.0,0.0,0.0,0.0,0.0,0.0
K49,0.0,0.0,0.0,0.0,0.0,0.0,0.0,0.0,0.0,0.0,0.0,0.0,0.0,0.0,0.0,0.0,0.0,0.0,0.0,0.0,0.0,0.0,0.0,0.0,0.0,0.0,0.0,0.0,0.0,0.0,0.0,0.0,0.0,0.0,0.0,0.0,0.0,0.0,0.0,0.0,0.0,0.0,0.0,0.0,0.0,0.0,0.0,0.0,0.0,0.0,0.0,0.0,0.0,0.0,0.0,0.0,0.0,0.0,0.0,0.0,0.0,0.0
K50,0.0,0.0,0.0,0.0,0.0,0.0,0.0,0.0,0.0,0.0,0.0,0.0,0.0,0.0,0.0,0.0,0.0,0.0,0.0,0.0,0.0,0.0,0.0,0.0,0.0,0.0,0.0,0.0,0.0,0.0,0.0,0.0,0.0,0.0,0.0,0.0,0.0,0.0,0.0,0.0,0.0,0.0,0.0,0.0,0.0,0.0,0.0,0.0,0.0,0.0,0.0,0.0,0.0,0.0,0.0,0.0,0.0,0.0,0.0,0.0,0.0,0.0
K51,0.0,0.0,0.0,0.0,0.0,0.0,0.0,0.0,0.0,0.0,0.0,0.0,0.0,0.0,0.0,0.0,0.0,0.0,0.0,0.0,0.0,0.0,0.0,0.0,0.0,0.0,0.0,0.0,0.0,0.0,0.0,0.0,0.0,0.0,0.0,0.0,0.0,0.0,0.0,0.0,0.0,0.0,0.0,0.0,0.0,0.0,0.0,0.0,0.0,0.0,0.0,0.0,0.0,0.0,0.0,0.0,0.0,0.0,0.0,0.0,0.0,0.0
K52,0.0,0.0,0.0,0.0,0.0,0.0,0.0,0.0,0.0,0.0,0.0,0.0,0.0,0.0,0.0,0.0,0.0,0.0,0.0,0.0,0.0,0.0,0.0,0.0,0.0,0.0,0.0,0.0,0.0,0.0,0.0,0.0,0.0,0.0,0.0,0.0,0.0,0.0,0.0,0.0,0.0,0.0,0.0,0.0,0.0,0.0,0.0,0.0,0.0,0.0,0.0,0.0,0.0,0.0,0.0,0.0,0.0,0.0,0.0,0.0,0.0,0.0
K53,0.0,0.0,0.0,0.0,0.0,0.0,0.0,0.0,0.0,0.0,0.0,0.0,0.0,0.0,0.0,0.0,0.0,0.0,0.0,0.0,0.0,0.0,0.0,0.0,0.0,0.0,0.0,0.0,0.0,0.0,0.0,0.0,0.0,0.0,0.0,0.0,0.0,0.0,0.0,0.0,0.0,0.0,0.0,0.0,0.0,0.0,0.0,0.0,0.0,0.0,0.0,0.0,0.0,0.0,0.0,0.0,0.0,0.0,0.0,0.0,0.0,0.0
K54,0.0,0.0,0.0,0.0,0.0,0.0,0.0,0.0,0.0,0.0,0.0,0.0,0.0,0.0,0.0,0.0,0.0,0.0,0.0,0.0,0.0,0.0,0.0,0.0,0.0,0.0,0.0,0.0,0.0,0.0,0.0,0.0,0.0,0.0,0.0,0.0,0.0,0.0,0.0,0.0,0.0,0.0,0.0,0.0,0.0,0.0,0.0,0.0,0.0,0.0,0.0,0.0,0.0,0.0,0.0,0.0,0.0,0.0,0.0,0.0,0.0,0.0
Kr100,10026.149305987654,9.92603017613464e-40,9.826910815969851e-83,9.728781241991926e-126,9.63163157039261e-169,9.535452016063237e-212,9.44023289160543e-255,9.345964606357858e-298,0.0,0.0,0.0,0.0,0.0,0.0,0.0,0.0,0.0,0.0,0.0,0.0,0.0,0.0,0.0,0.0,0.0,0.0,0.0,0.0,0.0,0.0,0.0,0.0,0.0,0.0,0.0,0.0,0.0,0.0,0.0,0.0,0.0,0.0,0.0,0.0,0.0,0.0,0.0,0.0,0.0,0.0,0.0,0.0,0.0,0.0,0.0,0.0,0.0,0.0,0.0,0.0,0.0,0.0
Kr91,36117177279863.32,33416421207852.98,30849216704140.21,28460415024060.785,26251384785082.77,24212371693794.38,22331333801621.125,20596320995874.19,18996077598226.246,17520157497658.37,16158908173475.623,14903422062463.324,13745482295217.568,12677510036103.844,11692515189303.066,10784050733381.508,9946170547957.773,9173390501546.443,8460652558416.537,7803291673014.317,7197005256232.386,6637825013942.35,6122090973542.08,5646427528535.331,5207721344355.5205,4803100980823.344,4429918097862.659,4085730121461.481,3768284256422.652,3475502741263.644,3205469248755.184,2956416343086.89,2726713911563.966,2514858495117.566,2319463447794.3525,2139249860816.7446,1973038191809.5283,1819740544404.0808,1678353547688.3145,1547951788896.5908,1427681756354.9138,1316756253036.5193,1214449244163.1719,1120091105128.4702,1033064238639.6426,952799032390.9401,878770130810.601,810492996479.0581,747520738712.0242,689441188550.7374,635874201014.4681,586469166957.8611,540902718247.60077,498876611238.2267,460115774693.9101,424366509379.3738,391394827535.822,360984921373.3494,332937750555.7268,307069739432.3099,283211575490.1284,261207101161.7277
Kr92,3855126803421.2407,2651875465977.5957,1820384424893.0488,1249110995673.1794,857049147750.3223,588036122947.7545,403460519937.81854,276820241182.4753,189930449146.24985,130314078971.91888,89410408847.64755,61345798299.24748,42090255675.10974,28878744296.44618,19814131768.937767,13594767616.150188,9327570276.221903,6399783336.825642,4390985599.188683,3012719887.1463428,2067071483.9247296,1418248187.5877216,973080968.5288553,667645183.4030558,458081192.97123206,314296252.8155741,215643287.80490872,147956035.6152182,101514815.0346157,69650809.6385645,47788446.264255345,32788356.77865761,22496574.471153617,15435231.05938585,10590339.349758461,7266187.7954099765,4985438.458057441,3420582.7483262573,2346912.1997157773,1610251.0240016521,1104816.9422837307,758031.1751169052,520096.353031441,356845.76745130325,244837.13643770092,167986.36510994568,115257.9190944444,79080.15573339516,54258.05948911557,37227.25369243546,25542.167016845877,17524.85695846581,12024.062453750745,8249.886331988377,5660.368511267843,3883.6621977590735,2664.6378299006674,1828.24725812526,1254.3873690208516,860.6536476759478,590.5071428103653,405.1556472823464
Kr93,782829059113.893,456840662040.94165,266491070903.7978,155453405291.57968,90681316636.34904,52897530108.49054,30856948215.69262,17999918923.11636,10499971642.496723,6124994504.927895,3572919905.189032,2084207037.0226843,1215789631.0147083,709211897.1992481,413707686.18018556,241329918.85847953,140776039.89903757,82119504.71535611,47903130.813537665,27943543.372465026,16300429.699433446,9508601.140683923,5546694.00253652,3235577.337042632,1887423.5173594211,1100999.0375125653,642250.5968875013,374646.85721638903,218544.3942011679,127484.45987675601,74366.06905189311,43380.28518595362,25305.211997981205,14761.400288583554,8610.832365173548,5022.9946056313565,2930.0854712078894,1709.219607554095,997.0465693081143,581.6115477353126,339.27401474717914,197.91019887908675,115.44782423006157,67.34468559449054,39.28447078208189,22.91598261993374,13.367680637729958,7.797827769205097,4.548741069304297,2.6534370760646886,1.5478410859977916,0.9029089286172381,0.5266978249586868,0.307240952020546,0.1792242119205558,0.10454764551177485,0.06098623654096883,0.03557536881126708,0.02075233590135499,0.01210555110889737,0.007061584216192161,0.004119264888793342
Kr94,22930865546.264885,872021001.1162677,33156922.11265115,1260728.0032204366,47936.75035198123,1822.7024611475426,69.30474505425039,2.63517924039597,0.10019760730059861,0.0038098207343407863,0.00014486108420002391,5.50806328666733e-06,2.0943348130710383e-07,7.96330412516956e-09,3.0278927798060526e-10,1.151297820840971e-11,4.3775878760081834e-13,1.6644933452732427e-14,6.328914861179897e-16,2.4064477898821688e-17,9.15005351225275e-19,3.479131341602404e-20,1.3228725794785038e-21,5.029967798600288e-23,1.9125482262947554e-24,7.272095695962709e-26,2.7650741081542373e-27,1.0513660907721027e-28,3.9976167494594855e-30,1.5200166541250103e-31,5.77957011294238e-33,2.1975700463390844e-34,8.355836185380509e-36,3.1771455236763424e-37,1.2080482975812364e-38,4.593370616528271e-40,1.746540569862148e-41,6.640883605599262e-43,2.525067887005793e-44,9.601083549502354e-46,3.650626812803521e-47,1.3880804242194898e-48,5.277908049499272e-50,2.0068227238801867e-51,7.630556287285028e-53,2.901371833225329e-54,1.1031906715189767e-55,4.1946697206802687e-57,1.594942245238992e-58,6.06446021985123e-60,2.3058940139018727e-61,8.767717176119805e-63,3.333755325135146e-64,1.267596153550365e-65,4.819789851945851e-67,1.8326321164556298e-68,6.968230104282923e-70,2.649535078548341e-71,1.0074346035363265e-72,3.830575743720533e-74,1.45650253394845e-75,5.538069922976641e-77
Kr95,1020655127.4472077,2335071.1089187474,5341.78148690881,12.220025765969892,0.027954911684420547,6.395052696688499e-05,1.4629521801070162e-07,3.3466949887498684e-10,7.656003730008568e-13,1.7514112672634103e-15,4.006582984114863e-18,9.16558406848735e-21,2.0967475689279456e-23,4.796585067525111e-26,1.0972817448772974e-28,2.510175907840633e-31,5.742356616903481e-34,1.313639391275232e-36,3.005122400845426e-39,6.874611635462802e-42,1.5726575771138254e-44,3.5976604730588915e-47,8.23012019130312e-50,1.8827479377369958e-52,4.3070328435770386e-55,9.852902528178298e-58,2.2539806812607564e-60,5.15627643424584e-63,1.179565862626984e-65,2.6984116193499686e-68,6.172970495455531e-71,1.4121479638063495e-73,3.2304736806218286e-76,7.390132244400879e-79,1.6905896778339017e-81,3.867445621103688e-84,8.847289101728205e-87,2.0239334206131854e-89,4.6300131531531234e-92,1.0591762347536229e-94,2.423004555619587e-97,5.542940715544773e-100,1.2680203883557084e-102,2.900762948404972e-105,6.635875700508584e-108,1.5180436007986625e-110,3.4727238392201246e-113,7.944311255054161e-116,1.8173653949792172e-118,4.157461701625446e-121,9.510738923627415e-124,2.1757062689966965e-126,4.977213449936733e-129,1.1386028564257808e-131,2.6047033700703044e-134,5.958600584713925e-137,1.3631080351078436e-139,3.1182884117828076e-142,7.133493728022542e-145,1.631880251212673e-147,3.7331401075418743e-150,8.540047624316473e-153
Kr96,3767813293.3501797,650466.1136873189,112.29223735250093,0.019385401002649825,3.3465694592271066e-06,5.777299702957241e-10,9.973554191670156e-14,1.7217694827786837e-17,2.972350773713046e-21,5.13127292030659e-25,8.858295600751204e-29,1.529238498302281e-32,2.639977812990911e-36,4.557485873407976e-40,7.867746987911814e-44,1.3582366327667196e-47,2.3447713219856713e-51,4.0478606008491576e-55,6.9879630863239675e-59,1.2063564660695706e-62,2.0825752873194184e-66,3.595222431628624e-70,6.206558010934062e-74,1.0714597796287036e-77,1.8496984275979035e-81,3.1931989777943655e-85,5.512530885928593e-89,9.516474538428711e-93,1.6428622263457226e-96,2.836130421885476e-100,4.896110970812223e-104,8.452327316658152e-108,1.4591547759807806e-111,2.5189898361737016e-115,4.348620104732462e-119,7.507174718897667e-123,1.2959897830285047e-126,2.2373124119334485e-130,3.862350532497493e-134,6.667710578243296e-138,1.151070157437773e-141,1.9871326024065383e-145,3.4304563922815825e-149,5.922116644401975e-153,1.0223556733970616e-156,1.7649282945400447e-160,3.046857337346863e-164,5.259896202504784e-168,9.080342463692646e-172,1.5675712235286241e-175,2.7061529349364857e-179,4.671726296927417e-183,8.064964219738526e-187,1.392282932081053e-190,2.403546637218756e-194,4.1493264796765316e-198,7.163127175625452e-202,1.236595654391212e-205,2.1347782539205158e-209,3.685342235539001e-213,6.362134974958057e-217,1.0983175741252333e-220
Kr97,2330399.790364378,38.8308174407817,0.0006470273424130176,1.078124050487732e-08,1.7964487619722703e-13,2.9933736780398666e-18,4.987777088918849e-23,8.310997210690535e-28,1.38483884513528e-32,2.3075192764217916e-37,3.844956566435715e-42,6.406746478279392e-47,1.0675387284022168e-51,1.778810727882409e-56,2.9639839018911765e-61,4.938805704825278e-66,8.229397526231994e-71,1.371242111804215e-75,2.2848634097351992e-80,3.807205712401689e-85,6.3438432576693435e-90,1.0570573359559708e-94,1.7613458689218064e-99,2.934882682747048e-104,4.890315135414729e-109,8.148599010193415e-114,1.3577788749864276e-118,2.2624299846552998e-123,3.769825506762688e-128,6.2815576383919854e-133,1.0466788527388617e-137,1.744052484808826e-142,2.9060671874744817e-147,4.842300659914806e-152,8.068593796480237e-157,1.3444478239759847e-161,2.2402168171884705e-166,3.7328123103895855e-171,6.219883556665474e-176,1.0364022683594257e-180,1.726928891955675e-185,2.877534610756946e-190,4.794757603902924e-195,7.989374096229332e-200,1.3312476609358268e-204,2.218221744784145e-209,3.696162519883229e-214,6.15881500824389e-219,1.0262265823465065e-223,1.7099734233044945e-228,2.849282174821308e-233,4.747681338851314e-238,7.910932197050871e-243,1.3181771007714222e-247,2.196442626124278e-252,3.659872567223638e-257,6.098346047832638e-262,1.0161508040518467e-266,1.69318442816506e-271,2.821307129167376e-276,4.7010672816763647e-281,7.833260462277346e-286
Kr98,93558152.51529571,26.7270666535081,7.635209468082208e-06,2.181175524319665e-12,6.231036211618369e-19,1.7800407091313586e-25,5.085101126931042e-32,1.4526776459923718e-38,4.1499122445958676e-45,1.1855191470287925e-51,3.3867117305964726e-58,9.674931336964054e-65,2.763869612205918e-71,7.895637671442496e-78,2.255572909929923e-84,6.443569682042233e-91,1.840755848084015e-97,5.2585480711082867e-104,1.5022268078050182e-110,4.291460972824075e-117,1.225955840062637e-123,3.5022285680827983e-130,1.0004932104625073e-136,2.8581420222082717e-143,8.164948780948195e-150,2.332507904698147e-156,6.66335242441965e-163,1.9035419105156314e-169,5.437911090835158e-176,1.5534660344734874e-182,4.43783776518522e-189,1.2677717821348534e-195,3.6216855518833964e-202,1.0346188818490148e-208,2.9556299555654243e-215,8.443445782299665e-222,2.4120670635507766e-228,6.890631703069742e-235,1.9684695332414957e-241,5.623391976636571e-248,1.6064529721639847e-254,4.589207301387605e-261,1.3110140178420009e-267,3.7452170758521576e-274,1.0699085405923583e-280,3.05644309007646e-287,8.731441995690589e-294,2.4943398937031112e-300,7.12566321621284e-307,2.0356117624e-313,5.815e-320,0.0,0.0,0.0,0.0,0.0,0.0,0.0,0.0,0.0,0.0,0.0
Kr99,41.28587681300586,2.927806790645782e-10,2.076267543541958e-21,1.4723946013578692e-32,1.0441553492713393e-43,7.40467529836427e-55,5.251059271253882e-66,3.7238126398753105e-77,2.6407587232554566e-88,1.87270609691128e-99,1.328038072741954e-110,9.417842583847368e-122,6.6787060367178894e-133,4.736234857163004e-144,3.3587225577650287e-155,2.3818534258237732e-166,1.6891022239965958e-177,1.1978345485820567e-188,8.494498351804142e-200,6.0239122618577775e-211,4.271884864260807e-222,3.029426641727443e-233,2.148331724571432e-244,1.5234992441237324e-255,1.0803964398508385e-266,7.66168064568837e-278,5.433315785881351e-289,3.853060678758582e-300,2.7324155597166e-311,1.93e-322,0.0,0.0,0.0,0.0,0.0,0.0,0.0,0.0,0.0,0.0,0.0,0.0,0.0,0.0,0.0,0.0,0.0,0.0,0.0,0.0,0.0,0.0,0.0,0.0,0.0,0.0,0.0,0.0,0.0,0.0,0.0,0.0
La147,4492774722232.573,3921728360045.2573,3368024632540.099,2867885451162.0127,2430886741562.019,2055402328906.9724,1735592549005.053,1464476260386.97,1235220235670.4094,1041627233146.6681,878271640942.0963,740486809003.8302,624295871528.5979,526326486362.9067,443726548769.4224,374087419712.04504,315376571711.85736,265879593808.05658,224150740526.54132,188970984997.64273,159312537138.04984,134308876087.10403,113229460862.71121,95458398548.70792,80476455128.16957,67845887216.35825,57197653283.75879,48220631523.894905,40652529708.95148,34272221609.409004,28893286141.734947,24358560506.52941,20535548186.603466,17312547642.776943,14595388598.452948,12304680554.73394,10373493143.404835,8745400542.22144,7372832813.998646,6215685998.666828,5240150347.720787,4417722464.195317,3724372484.6817527,3139841969.945381,2647051989.772051,2231604107.348603,1881359682.8386457,1586085204.1610496,1337153282.1745498,1127290573.8855956,950365268.4490244,801207926.6847893,675460439.3636564,569448691.0946901,480075209.2823503,404728661.5488398,341207557.29916304,287655924.12587905,242509079.63378936,204447914.23482692,172360349.13864383,145308843.41071236
La148,562472973826.9188,332827890705.8229,194691870826.69232,113180776505.49216,65571166495.48321,37916799124.01355,21902515047.48965,12644513207.977528,7297405836.135564,4210714455.5208397,2429399457.181705,1401578464.7966306,808578398.7110232,466465109.9993215,269098887.52829385,155239502.0770912,89555289.15553735,51662984.57797091,29803503.8808311,17193129.154086966,9918417.733253503,5721762.0458861375,3300784.3313018293,1904164.581608453,1098479.1140688723,633693.3036261128,365566.53127026476,210888.90688986762,121658.10356956045,70182.42144137392,40487.00522602587,23356.241601468973,13473.80520119842,7772.801363743032,4483.99246781611,2586.736429963384,1492.2427738105912,860.8486238344703,496.6084380888714,286.48467796974097,165.26797455770097,95.34018924827066,55.00007917574545,31.728578820623213,18.303659359461264,10.559059321288743,6.091335702926213,3.513984486376883,2.0271558772512286,1.1694305898632817,0.6746239496699983,0.3891786972338004,0.22451034899470484,0.12951607362887896,0.07471554609109268,0.04310208510247373,0.024864835196625416,0.01434408632170461,0.00827485124182273,0.004773616216369651,0.0027538152790004514,0.001588627624661373
La149,105810444874.43254,54931974068.01903,28421194966.733074,14691941032.175669,7593080581.864518,3924023168.6277103,2027862929.3142748,1047958168.0780947,541562848.6061134,279868273.66892225,144630019.57829547,74741741.64172862,38624954.454107374,19960561.155093856,10315196.668574309,5330675.900167465,2754780.782671826,1423612.5592068331,735692.9202777221,380190.5718281489,196474.46226944352,101533.85482035273,52470.55294414066,27115.67418704946,14012.808048753865,7241.523410286544,3742.266440764629,1933.9243029691454,999.4112575401,516.4746418277055,266.90319289339595,137.92993616219766,71.27927951505097,36.835627054957165,19.035874517297604,9.837338131849043,5.083728695122199,2.627163679769856,1.357662734229758,0.7016114428308847,0.36257798369232586,0.1873726484960994,0.09683022958789184,0.0500398187104615,0.02585952204422909,0.013363655136827388,0.006906054888044896,0.0035689033897062642,0.0018443339376155365,0.000953112847843268,0.0004925486009862012,0.0002545387200292557,0.00013154023758144202,6.797721816544647e-05,3.512919145103194e-05,1.8154024617479014e-05,9.381616718148306e-06,4.8482214881155154e-06,2.505458526391852e-06,1.2947680799768081e-06,6.691088131245482e-07,3.4578131074173574e-07
La150,11217537268.290064,5020200209.326505,2243244303.227869,1002037501.617086,447567442.7150226,199905937.86905867,89287626.59683831,39880124.28686081,17812367.520706497,7955853.432671213,3553463.805019644,1587146.5072777683,708895.3687597272,316626.5001337743,141420.50435474486,63165.14582134533,28212.568360095753,12601.07933137881,5628.243352004934,2513.8420603785885,1122.8018245297264,501.49687485832817,223.9924357069935,100.04571068987273,44.68518856830847,19.958537588632577,8.91443530708007,3.981612204361929,1.778378012719752,0.7943084845531507,0.35477607354592744,0.15845992433465325,0.07077576390419539,0.03161183357404242,0.014119353388621195,0.006306376997899519,0.0028167289071245375,0.001258085544025291,0.0005619210397145373,0.0002509807511686334,0.00011209998025553892,5.006920058522289e-05,2.2363294280057793e-05,9.988514400289156e-06,4.461347182367177e-06,1.992650546815986e-06,8.900128233506431e-07,3.975221982571404e-07,1.7755238347271722e-07,7.93033672460494e-08,3.542066816314041e-08,1.582056067342853e-08,7.066217352785324e-09,3.156109869144329e-09,1.409669276898742e-09,6.296255683807915e-10,2.8122082452628374e-10,1.256066400712193e-10,5.610191939575321e-11,2.5057794381753965e-11,1.1192006727060216e-11,4.998884286071523e-12
La151,996092502.9189385,408799666.69266456,167728090.8408752,68814774.95043448,28232824.852565642,11583143.288629295,4752240.730346665,1949711.8009234283,799912.3571050555,328181.72311955696,134643.804930776,55240.59668345889,22663.675640324698,9298.273812513811,3814.822329112279,1565.115170420961,642.1230886660584,263.4451884375627,108.08421085602303,44.34393623073498,18.193079866724247,7.464113093496592,3.06231735806361,1.2563833752289306,0.5154590465273552,0.2114784657974931,0.08676371439663544,0.03559673136228206,0.014604345750873179,0.005991755609253608,0.0024582501601535687,0.001008551457032444,0.0004137805248505387,0.00016976260512216958,6.964886060859313e-05,2.8574984347019427e-05,1.1723518852965466e-05,4.809832706353621e-06,1.973340168021062e-06,8.096064159531922e-07,3.3215892494090076e-07,1.3627553987204775e-07,5.591005200514282e-08,2.2938334481395463e-08,9.410958672189704e-09,3.861053783198412e-09,1.5840826462031512e-09,6.499049147984975e-10,2.666378545915048e-10,1.0939407270554911e-10,4.488133600324968e-11,1.8413560000261493e-11,7.554569941025821e-12,3.099429278914039e-12,1.271609360953929e-12,5.21705843674617e-13,2.1404135238518816e-13,8.781519526059568e-14,3.6028124625090847e-14,1.4781334370994977e-14,6.064369102215142e-15,2.488041450443565e-15
La152,25453544.14790682,5474996.150713839,1177431.1532906494,253202.8450727131,54449.95098838131,11709.153052612432,2517.9857458214437,541.4782368621354,116.44175294914527,25.04012319678431,5.384733165767618,1.157955615122015,0.24901163441861773,0.053548506752142705,0.011515295588782223,0.0024762974831532172,0.0005325134016571586,0.00011451391639076508,2.4625553096584248e-05,5.295582270047947e-06,1.1387842323320632e-06,2.448889398136732e-07,5.2661945204715295e-08,1.1324645673481698e-08,2.4352993253736597e-09,5.236969857743945e-10,1.1261799732445848e-10,2.4217846705032253e-11,5.207907376817327e-12,1.1199302553960164e-12,2.4083450149950303e-13,5.179006177666341e-14,1.1137152202572384e-14,2.3949799426413025e-15,5.150265365260336e-16,1.1075346753571073e-16,2.381689039544024e-17,5.121684049535641e-18,1.1013884292925932e-18,2.3684718941020737e-19,5.093261345367938e-20,1.095276291722852e-20,2.3553280969985274e-21,5.064996372544924e-22,1.0891980733633343e-22,2.3422572411879398e-23,5.036888255739012e-24,1.0831535859799238e-24,2.3292589218837703e-25,5.008936124480231e-26,1.0771426423831034e-26,2.316332736545829e-27,4.981139113129271e-28,1.0711650564221661e-28,2.3034782848678206e-29,4.9534963608506696e-30,1.065220642979441e-30,2.290695168764939e-31,4.9260070115861484e-32,1.0593092179645626e-32,2.2779829923615377e-33,4.898670214028118e-34
La153,604854.882394699,79699.407676818,10501.49758685549,1383.7149958434334,182.323222859471,24.023557737060525,3.165429595175417,0.4170882860207288,0.05495703919577142,0.007241335368051663,0.0009541441584179211,0.0001257214351733553,1.656550440790428e-05,2.182729905285509e-06,2.8760427223419634e-07,3.7895764018747084e-08,4.9932809391480685e-09,6.579324941153092e-10,8.669153049630851e-11,1.142278505319611e-11,1.5051068728919997e-12,1.9831824623128052e-13,2.6131118990028642e-14,3.4431293773882386e-15,4.536789991258201e-16,5.977836197486505e-17,7.876610042086077e-18,1.0378502137809918e-18,1.3675084338185393e-19,1.8018778545624127e-20,2.3742184855828606e-21,3.1283549009776236e-22,4.122031921619104e-23,5.431336181689966e-24,7.156522142348515e-25,9.429688654991106e-26,1.2424893874622718e-26,1.637148303024039e-27,2.1571649570132656e-28,2.842357435285888e-29,3.745191467003457e-30,4.934797766947527e-31,6.502265428943377e-32,8.567616689707755e-33,1.1288997126296512e-33,1.4874784987828154e-34,1.9599546882576293e-35,2.5825061559991962e-36,3.402802159524763e-37,4.483653411616491e-38,5.907821546201156e-39,7.78435624201721e-40,1.0256945242632943e-40,1.3514916640442468e-41,1.7807735878213758e-42,2.3464107515045645e-43,3.091714439403778e-44,4.073753143471824e-45,5.367722342800497e-46,7.072702280836902e-47,9.319244617868406e-48,1.2279368874748201e-48
La154,4145.97358421831,198.29854707664322,9.484458348308939,0.4536339347259017,0.021696942427038485,0.001037747123055658,4.963460151271136e-05,2.373982652027569e-06,1.1354566089715721e-07,5.4307966815009804e-09,2.5975059163657095e-10,1.2423659697181096e-11,5.942135465366578e-13,2.8420751010089882e-14,1.3593414231051946e-15,6.501619552254797e-17,3.109671792808351e-18,1.4873307460191636e-19,7.113782081986607e-21,3.4024641556990755e-22,1.6273709536494647e-23,7.78358301393432e-25,3.7228244979390654e-26,1.780596701755972e-27,8.516449314383286e-29,4.073348493397334e-30,1.9482494800550394e-31,9.318318927750247e-33,4.456876212630399e-34,2.1316876712124354e-35,1.0195688887929039e-36,4.876515134147905e-38,2.3323975569446694e-39,1.1155667959578742e-40,5.335665322312975e-42,2.5520053604040984e-43,1.2206034235873004e-44,5.8380469758775296e-46,2.7922904224195027e-47,1.3355298159387828e-48,6.387730570360826e-50,3.055199618350757e-51,1.4612771476745838e-52,6.989169838495367e-54,3.342863132368071e-55,1.598864268571183e-56,7.64723785595955e-58,3.657611716964652e-59,1.7494059586039217e-60,8.367266524776614e-62,4.0019955775455514e-63,1.9141219602923733e-64,9.155089774288513e-66,4.378805035102344e-67,2.0943468614897046e-68,1.0017090829734239e-69,4.791093134390003e-71,2.2915409086899554e-72,1.096025393141968e-73,5.242200380785515e-75,2.5073018384664564e-76,1.1992220923526136e-77
La155,6.762808402212274,0.15634878059995633,0.0036146138913379167,8.356594489139674e-05,1.931953828409363e-06,4.4664672911391415e-08,1.0325986972080344e-09,2.3872559675765313e-11,5.519076355740939e-13,1.2759504734392152e-14,2.9498588273312476e-16,6.819753025154245e-18,1.5766527839631386e-19,3.645049889651235e-21,8.426959209528223e-23,1.9482213870561647e-24,4.504076118810998e-26,1.04129344944198e-27,2.407357289816439e-29,5.565548428195751e-31,1.2866943115433477e-32,2.974697413413252e-34,6.87717713677743e-36,1.589928614498843e-37,3.6757421670641246e-39,8.49791641934316e-41,1.9646259228193122e-42,4.542001622689498e-44,1.050061413773341e-45,2.4276278704690523e-47,5.612411807706142e-49,1.2975286155860957e-50,2.9997451469137114e-52,6.93508477450244e-54,1.6033162310144437e-55,3.706692881513896e-57,8.56947110750107e-59,1.981168589082103e-60,4.5802464692714805e-62,1.0589032066672084e-63,2.4480691347346683e-65,5.6596697891803055e-67,1.3084541473144293e-68,3.0250037889088345e-70,6.99348000974608e-72,1.6168165747772554e-73,3.737904209108291e-75,8.641628304926518e-77,1.9978505489396222e-78,4.6188133475063735e-80,1.0678194497794622e-81,2.468682519814122e-83,5.707325695270374e-85,1.3194716748894086e-86,3.0504751153035183e-88,7.0523669482074705e-90,1.630430594980299e-91,3.7693783442784155e-93,8.714393084905764e-95,2.014672975280516e-96,4.6577049689852693e-98,1.0768107700004979e-99
Li11,0.0,0.0,0.0,0.0,0.0,0.0,0.0,0.0,0.0,0.0,0.0,0.0,0.0,0.0,0.0,0.0,0.0,0.0,0.0,0.0,0.0,0.0,0.0,0.0,0.0,0.0,0.0,0.0,0.0,0.0,0.0,0.0,0.0,0.0,0.0,0.0,0.0,0.0,0.0,0.0,0.0,0.0,0.0,0.0,0.0,0.0,0.0,0.0,0.0,0.0,0.0,0.0,0.0,0.0,0.0,0.0,0.0,0.0,0.0,0.0,0.0,0.0
Li9,0.0,0.0,0.0,0.0,0.0,0.0,0.0,0.0,0.0,0.0,0.0,0.0,0.0,0.0,0.0,0.0,0.0,0.0,0.0,0.0,0.0,0.0,0.0,0.0,0.0,0.0,0.0,0.0,0.0,0.0,0.0,0.0,0.0,0.0,0.0,0.0,0.0,0.0,0.0,0.0,0.0,0.0,0.0,0.0,0.0,0.0,0.0,0.0,0.0,0.0,0.0,0.0,0.0,0.0,0.0,0.0,0.0,0.0,0.0,0.0,0.0,0.0
Mg30,0.0,0.0,0.0,0.0,0.0,0.0,0.0,0.0,0.0,0.0,0.0,0.0,0.0,0.0,0.0,0.0,0.0,0.0,0.0,0.0,0.0,0.0,0.0,0.0,0.0,0.0,0.0,0.0,0.0,0.0,0.0,0.0,0.0,0.0,0.0,0.0,0.0,0.0,0.0,0.0,0.0,0.0,0.0,0.0,0.0,0.0,0.0,0.0,0.0,0.0,0.0,0.0,0.0,0.0,0.0,0.0,0.0,0.0,0.0,0.0,0.0,0.0
Mg31,0.0,0.0,0.0,0.0,0.0,0.0,0.0,0.0,0.0,0.0,0.0,0.0,0.0,0.0,0.0,0.0,0.0,0.0,0.0,0.0,0.0,0.0,0.0,0.0,0.0,0.0,0.0,0.0,0.0,0.0,0.0,0.0,0.0,0.0,0.0,0.0,0.0,0.0,0.0,0.0,0.0,0.0,0.0,0.0,0.0,0.0,0.0,0.0,0.0,0.0,0.0,0.0,0.0,0.0,0.0,0.0,0.0,0.0,0.0,0.0,0.0,0.0
Mg32,0.0,0.0,0.0,0.0,0.0,0.0,0.0,0.0,0.0,0.0,0.0,0.0,0.0,0.0,0.0,0.0,0.0,0.0,0.0,0.0,0.0,0.0,0.0,0.0,0.0,0.0,0.0,0.0,0.0,0.0,0.0,0.0,0.0,0.0,0.0,0.0,0.0,0.0,0.0,0.0,0.0,0.0,0.0,0.0,0.0,0.0,0.0,0.0,0.0,0.0,0.0,0.0,0.0,0.0,0.0,0.0,0.0,0.0,0.0,0.0,0.0,0.0
Mg33,0.0,0.0,0.0,0.0,0.0,0.0,0.0,0.0,0.0,0.0,0.0,0.0,0.0,0.0,0.0,0.0,0.0,0.0,0.0,0.0,0.0,0.0,0.0,0.0,0.0,0.0,0.0,0.0,0.0,0.0,0.0,0.0,0.0,0.0,0.0,0.0,0.0,0.0,0.0,0.0,0.0,0.0,0.0,0.0,0.0,0.0,0.0,0.0,0.0,0.0,0.0,0.0,0.0,0.0,0.0,0.0,0.0,0.0,0.0,0.0,0.0,0.0
Mg34,0.0,0.0,0.0,0.0,0.0,0.0,0.0,0.0,0.0,0.0,0.0,0.0,0.0,0.0,0.0,0.0,0.0,0.0,0.0,0.0,0.0,0.0,0.0,0.0,0.0,0.0,0.0,0.0,0.0,0.0,0.0,0.0,0.0,0.0,0.0,0.0,0.0,0.0,0.0,0.0,0.0,0.0,0.0,0.0,0.0,0.0,0.0,0.0,0.0,0.0,0.0,0.0,0.0,0.0,0.0,0.0,0.0,0.0,0.0,0.0,0.0,0.0
Mg35,0.0,0.0,0.0,0.0,0.0,0.0,0.0,0.0,0.0,0.0,0.0,0.0,0.0,0.0,0.0,0.0,0.0,0.0,0.0,0.0,0.0,0.0,0.0,0.0,0.0,0.0,0.0,0.0,0.0,0.0,0.0,0.0,0.0,0.0,0.0,0.0,0.0,0.0,0.0,0.0,0.0,0.0,0.0,0.0,0.0,0.0,0.0,0.0,0.0,0.0,0.0,0.0,0.0,0.0,0.0,0.0,0.0,0.0,0.0,0.0,0.0,0.0
Mg36,0.0,0.0,0.0,0.0,0.0,0.0,0.0,0.0,0.0,0.0,0.0,0.0,0.0,0.0,0.0,0.0,0.0,0.0,0.0,0.0,0.0,0.0,0.0,0.0,0.0,0.0,0.0,0.0,0.0,0.0,0.0,0.0,0.0,0.0,0.0,0.0,0.0,0.0,0.0,0.0,0.0,0.0,0.0,0.0,0.0,0.0,0.0,0.0,0.0,0.0,0.0,0.0,0.0,0.0,0.0,0.0,0.0,0.0,0.0,0.0,0.0,0.0
Mg37,0.0,0.0,0.0,0.0,0.0,0.0,0.0,0.0,0.0,0.0,0.0,0.0,0.0,0.0,0.0,0.0,0.0,0.0,0.0,0.0,0.0,0.0,0.0,0.0,0.0,0.0,0.0,0.0,0.0,0.0,0.0,0.0,0.0,0.0,0.0,0.0,0.0,0.0,0.0,0.0,0.0,0.0,0.0,0.0,0.0,0.0,0.0,0.0,0.0,0.0,0.0,0.0,0.0,0.0,0.0,0.0,0.0,0.0,0.0,0.0,0.0,0.0
Mn61,0.0,0.0,0.0,0.0,0.0,0.0,0.0,0.0,0.0,0.0,0.0,0.0,0.0,0.0,0.0,0.0,0.0,0.0,0.0,0.0,0.0,0.0,0.0,0.0,0.0,0.0,0.0,0.0,0.0,0.0,0.0,0.0,0.0,0.0,0.0,0.0,0.0,0.0,0.0,0.0,0.0,0.0,0.0,0.0,0.0,0.0,0.0,0.0,0.0,0.0,0.0,0.0,0.0,0.0,0.0,0.0,0.0,0.0,0.0,0.0,0.0,0.0
Mn62,0.0,0.0,0.0,0.0,0.0,0.0,0.0,0.0,0.0,0.0,0.0,0.0,0.0,0.0,0.0,0.0,0.0,0.0,0.0,0.0,0.0,0.0,0.0,0.0,0.0,0.0,0.0,0.0,0.0,0.0,0.0,0.0,0.0,0.0,0.0,0.0,0.0,0.0,0.0,0.0,0.0,0.0,0.0,0.0,0.0,0.0,0.0,0.0,0.0,0.0,0.0,0.0,0.0,0.0,0.0,0.0,0.0,0.0,0.0,0.0,0.0,0.0
Mn62_m1,0.0,0.0,0.0,0.0,0.0,0.0,0.0,0.0,0.0,0.0,0.0,0.0,0.0,0.0,0.0,0.0,0.0,0.0,0.0,0.0,0.0,0.0,0.0,0.0,0.0,0.0,0.0,0.0,0.0,0.0,0.0,0.0,0.0,0.0,0.0,0.0,0.0,0.0,0.0,0.0,0.0,0.0,0.0,0.0,0.0,0.0,0.0,0.0,0.0,0.0,0.0,0.0,0.0,0.0,0.0,0.0,0.0,0.0,0.0,0.0,0.0,0.0
Mn63,0.0,0.0,0.0,0.0,0.0,0.0,0.0,0.0,0.0,0.0,0.0,0.0,0.0,0.0,0.0,0.0,0.0,0.0,0.0,0.0,0.0,0.0,0.0,0.0,0.0,0.0,0.0,0.0,0.0,0.0,0.0,0.0,0.0,0.0,0.0,0.0,0.0,0.0,0.0,0.0,0.0,0.0,0.0,0.0,0.0,0.0,0.0,0.0,0.0,0.0,0.0,0.0,0.0,0.0,0.0,0.0,0.0,0.0,0.0,0.0,0.0,0.0
Mn64,0.0,0.0,0.0,0.0,0.0,0.0,0.0,0.0,0.0,0.0,0.0,0.0,0.0,0.0,0.0,0.0,0.0,0.0,0.0,0.0,0.0,0.0,0.0,0.0,0.0,0.0,0.0,0.0,0.0,0.0,0.0,0.0,0.0,0.0,0.0,0.0,0.0,0.0,0.0,0.0,0.0,0.0,0.0,0.0,0.0,0.0,0.0,0.0,0.0,0.0,0.0,0.0,0.0,0.0,0.0,0.0,0.0,0.0,0.0,0.0,0.0,0.0
Mn65,0.0,0.0,0.0,0.0,0.0,0.0,0.0,0.0,0.0,0.0,0.0,0.0,0.0,0.0,0.0,0.0,0.0,0.0,0.0,0.0,0.0,0.0,0.0,0.0,0.0,0.0,0.0,0.0,0.0,0.0,0.0,0.0,0.0,0.0,0.0,0.0,0.0,0.0,0.0,0.0,0.0,0.0,0.0,0.0,0.0,0.0,0.0,0.0,0.0,0.0,0.0,0.0,0.0,0.0,0.0,0.0,0.0,0.0,0.0,0.0,0.0,0.0
Mn66,57.583961489877744,0.0011401869760056817,2.2562249300874236e-08,4.464663289683664e-13,8.834765552154678e-18,1.7482411840976533e-22,3.459454831859986e-27,6.845638829779964e-32,1.3546287859059953e-36,2.680566698351704e-41,5.304359319004456e-46,1.0496372950693798e-50,2.077043399479474e-55,4.110095271563391e-60,8.133139223552709e-65,1.6094019544352367e-69,3.1847169705875563e-74,6.301982021829659e-79,1.2470488828442797e-83,2.467685421532927e-88,4.8831055650017695e-93,9.662787546128508e-98,1.9120918423475107e-102,3.783685811282008e-107,7.487233615787225e-112,1.4815888531289055e-116,2.931797833965446e-121,5.80150054523705e-126,1.1480126012257111e-130,2.2717104347340425e-135,4.495306317865835e-140,8.895402592897047e-145,1.7602401637289543e-149,3.4831986541886654e-154,6.892623583158927e-159,1.3639262234437392e-163,2.6989646548272957e-168,5.340765565467921e-173,1.0568414363734254e-177,2.0912990992481212e-182,4.138304737107842e-187,8.188960681581282e-192,1.6204480168695865e-196,3.2065751411930426e-201,6.345235409637135e-206,1.2556079502547708e-210,2.4846222763437915e-215,4.916620554091897e-220,9.729107680902944e-225,1.92521540406096e-229,3.809654979262823e-234,7.538621927919331e-239,1.4917576757332247e-243,2.9519201047441198e-248,5.841318899538783e-253,1.1558919372943762e-257,2.2873022234886704e-262,4.526159663179503e-267,8.956455813411077e-272,1.772321497850874e-276,3.507105441240453e-281,6.939930814411025e-286
Mn67,31.493287970517727,1.2397224926530919e-05,4.880125144432916e-12,1.9210445726174727e-18,7.562126439582254e-25,2.9768054536352373e-31,1.171809546498821e-37,4.612790798784103e-44,1.8158118409487238e-50,7.147905405352441e-57,2.8137716586999483e-63,1.1076536869018687e-69,4.3604516917431185e-76,1.7166780053124027e-82,6.759562352177966e-89,2.6627079044075334e-95,1.049910444028273e-101,4.149574304800218e-108,1.649332766658858e-114,6.643862003438524e-121,2.7596435900755966e-127,1.2239490587126191e-133,6.130526051523454e-140,3.6649509824313153e-146,2.636400391429357e-152,2.1762157758872467e-158,1.94232825219497e-164,1.79996490059634e-170,1.6959596449035487e-176,1.609275906311263e-182,1.5315297727272873e-188,1.459322779485036e-194,1.3912235138389072e-200,1.3265792232452284e-206,1.265047808121974e-212,1.2064134007974152e-218,1.1505135860664986e-224,1.097210577548576e-230,1.0463797051685991e-236,9.979047248016397e-243,9.516758207808872e-249,9.075886754442112e-255,8.65543965394564e-261,8.254470321031791e-267,7.872076272155925e-273,7.507396930561799e-279,7.159611625121608e-285,6.82793771814067e-291,6.511628834166263e-297,6.209973176466813e-303,5.922291923713086e-309,5.6479377e-315,5.385e-321,0.0,0.0,0.0,0.0,0.0,0.0,0.0,0.0,0.0
Mn68,2.322577284424656,4.120015979655472e-11,7.308489489864844e-22,1.2964517343433095e-32,2.2997735740232414e-43,4.07956451572387e-54,7.236732705315073e-65,1.2837228102736422e-75,2.277193756799268e-86,4.039510215527124e-97,7.165680448853612e-108,1.2711188623243144e-118,2.2548356345071913e-129,3.9998491796011405e-140,7.095325803227577e-151,1.2586386634449879e-161,2.232697030484442e-172,3.9605775467678e-183,7.025661919099567e-194,1.246280998632841e-204,2.2107757894395472e-215,3.9216914937591354e-226,6.956682014380864e-237,1.234044664814283e-247,2.1890697772422645e-258,3.883187234845075e-269,6.888379373571215e-280,1.2219284707278464e-290,2.167576880715853e-301,3.845061021467e-312,7e-323,0.0,0.0,0.0,0.0,0.0,0.0,0.0,0.0,0.0,0.0,0.0,0.0,0.0,0.0,0.0,0.0,0.0,0.0,0.0,0.0,0.0,0.0,0.0,0.0,0.0,0.0,0.0,0.0,0.0,0.0,0.0
Mn69,0.14001719500140436,4.405942505898638e-23,1.3864246719904394e-44,4.362683735728297e-66,1.372812368569814e-87,4.3198496922070615e-109,1.3593337145339416e-130,4.277436205250438e-152,1.3459873976759511e-173,4.23543914571697e-195,1.3327721186725816e-216,4.1938544250063104e-238,1.3196865909577062e-259,4.1526779946610877e-281,1.3067295405970445e-302,5e-324,0.0,0.0,0.0,0.0,0.0,0.0,0.0,0.0,0.0,0.0,0.0,0.0,0.0,0.0,0.0,0.0,0.0,0.0,0.0,0.0,0.0,0.0,0.0,0.0,0.0,0.0,0.0,0.0,0.0,0.0,0.0,0.0,0.0,0.0,0.0,0.0,0.0,0.0,0.0,0.0,0.0,0.0,0.0,0.0,0.0,0.0
Mo109,10472537052.31988,2862208784.713365,774751738.0396074,209519253.3967856,56656129.475256816,15320261.255757906,4142715.2718181447,1120221.6584125338,302916.43816214515,81910.90375084429,22149.33000505234,5989.346927018054,1619.5648628637814,437.9426299702986,118.42301073768843,32.02248082843587,8.6591218380601,2.3414922600183723,0.6331572769455577,0.17121053278474987,0.046296627400143446,0.012518959399083339,0.003385221629241431,0.0009153896193579099,0.0002475283000646505,6.693353085637246e-05,1.8099334709327512e-05,4.894197463199858e-06,1.323428136640162e-06,3.578650117859639e-07,9.676941506298767e-08,2.616718422653036e-08,7.075805200429193e-09,1.9133514252427265e-09,5.173847460153809e-10,1.3990476181104144e-10,3.7831309345989804e-11,1.0229873153031046e-11,2.766235336187181e-12,7.4801102816249e-13,2.0226785875127892e-13,5.4694764038879835e-14,1.4789879280559838e-14,3.999295599447896e-15,1.0814398811751407e-15,2.9242955103332553e-16,7.90751698787249e-17,2.138252604517599e-17,5.7819973169054396e-18,1.5634959546907247e-18,4.2278117168732645e-19,1.1432323735603524e-19,3.0913870992415753e-20,8.359345325040982e-21,2.2604304158618028e-21,6.112375390985678e-22,1.6528326931967577e-22,4.469385037654745e-23,1.2085556328255784e-23,3.268026149747144e-24,8.836990722935555e-25,2.3895893563547914e-25
Mo110,1456988600.3069036,145047705.6881095,14398951.256213069,1428699.2349704294,141747.3297577253,14063.157179285856,1395.2425997375642,138.4256099168653,13.73356012437961,1.362541740172837,0.13518126203858385,0.013411679848873264,0.001330607168814092,0.00013201295122102394,1.3097343602609744e-05,1.2994210632983092e-06,1.289188976768373e-07,1.2790374611924549e-08,1.2689658821272755e-09,1.2589736101253708e-10,1.2490600206957595e-11,1.2392244942649197e-12,1.2294664161380607e-13,1.2197851764607061e-14,1.2101801701805883e-15,1.2006507970098264e-16,1.1911964613874108e-17,1.181816572441983e-18,1.1725105439549107e-19,1.1632777943236448e-20,1.1541177465253756e-21,1.1450298280809687e-22,1.1360134710191854e-23,1.1270681118411887e-24,1.1181931914853226e-25,1.1093881552921751e-26,1.100652452969913e-27,1.091985538559888e-28,1.0833868704025174e-29,1.0748559111034322e-30,1.066392127499892e-31,1.0579949906274601e-32,1.0496639756869476e-33,1.0413985620116154e-34,1.0331982330346305e-35,1.025062476256786e-36,1.016990783214469e-37,1.008982649447883e-38,1.0010375744695195e-39,9.93155061732882e-41,9.853346186014493e-42,9.775757563178908e-43,9.698779899735181e-44,9.62240838477979e-45,9.546638245291917e-46,9.471464745835155e-47,9.396883188261537e-48,9.322888911417914e-49,9.249477290854668e-50,9.176643738536669e-51,9.104383702556564e-52,9.03269266685027e-53
Mo111,56775622.80473301,1774267.1557377924,55445.85261785785,1732.6828949555959,54.146340467472356,1.692073139608532,0.05287728561276676,0.0016524151753989638,5.163797423121771e-05,1.6136866947255565e-06,5.042770921017371e-08,1.575865912817931e-09,4.924580977556044e-11,1.5389315554862652e-12,4.809161110894585e-14,1.5028628471545606e-15,4.696446397358011e-17,1.4676394991743812e-18,4.586373434919948e-20,1.4332416984124857e-21,4.4788803075390273e-23,1.3996500961059482e-24,4.373906550331097e-26,1.3668457969784688e-27,4.271393115557723e-29,1.3348103486117904e-30,4.17128233941185e-32,1.3035257310662043e-33,4.0735179095818937e-35,1.2729743467443436e-36,3.9780448335760785e-38,1.2431390104925255e-39,3.8848094077891493e-41,1.2140029399341101e-42,3.793759187294102e-44,1.1855497460294083e-45,3.7048429563419053e-47,1.1577634238568471e-48,3.618010699552651e-50,1.1306283436102056e-51,3.5332135737818963e-53,1.1041292418068446e-54,3.450403880646395e-56,1.0782512127019991e-57,3.369535039693751e-59,1.0529796999042995e-60,3.29056156220094e-62,1.0283004881877956e-63,3.213439025586867e-65,1.0041996954958967e-66,3.1381240484246835e-68,9.806637651327151e-70,3.0645742660397412e-71,9.576794581374205e-73,2.9927483066794422e-74,9.352338458373272e-76,2.9226057682416497e-77,9.133143025755172e-79,2.854107195548494e-80,8.919084986089046e-82,2.7872140581528268e-83,8.710043931727584e-85
Mo112,3448749.2661818485,308166.1993670586,27535.946169222152,2460.4525930980385,219.85178666647428,19.644681728893175,1.7553349285032591,0.15684655795119082,0.01401489957367448,0.001252290216794584,0.00011189739739735161,9.99850304376743e-06,8.934082958268394e-07,7.982978847516206e-08,7.1331273257219654e-09,6.37374925035564e-10,5.6952130042480845e-11,5.0889123323994385e-12,4.547157184029884e-13,4.0630761753613263e-14,3.630529436010877e-15,3.2440307335781863e-16,2.8986778886891506e-17,2.5900905979110657e-18,2.3143548759124356e-19,2.0679734121962847e-20,1.8478212127536088e-21,1.6511059640152333e-22,1.4753326163759013e-23,1.318271738083603e-24,1.177931238108801e-25,1.0525310993388978e-26,9.40480801624876e-28,8.403591483240091e-29,7.508962404673656e-30,6.709573699203995e-31,5.99528627244559e-32,5.35704041716372e-33,4.786740903936731e-34,4.2771543048301727e-35,3.8218172477816424e-36,3.4149544380352187e-37,3.0514054068455364e-38,2.726559058364264e-39,2.436295184530536e-40,2.1769322061659535e-41,1.9451804774452065e-42,1.738100561476796e-43,1.5530659477796702e-44,1.3877297387806905e-45,1.239994882799098e-46,1.1079875759662892e-47,9.900334957225415e-49,8.84636564446836e-50,7.90459973867006e-51,7.063092295721835e-52,6.31117000571602e-53,5.639295817382331e-54,5.038947974328557e-55,4.502511928834394e-56,4.023183762280726e-57,3.5948838872414745e-58
Mo113,13879.665102993544,13.554367543748883,0.013236687054442949,1.2926452201604468e-05,1.262348847812939e-08,1.2327625466923251e-11,1.2038696745042263e-14,1.1756539790080352e-17,1.1480995888750368e-20,1.1211910047607801e-23,1.094913090586702e-26,1.0692510650260788e-29,1.0441904931895325e-32,1.0197172785054046e-35,9.958176547904365e-39,9.724781785062869e-42,9.496857211975482e-45,9.274274621069827e-48,9.056908809638527e-51,8.844637509412639e-54,8.6373413177858e-57,8.434903630650217e-60,8.237210576806873e-63,8.044150953912981e-66,7.855616165930659e-69,7.671500162041677e-72,7.491699376993844e-75,7.316112672845569e-78,7.144641282075763e-81,6.977188752027126e-84,6.813660890651506e-87,6.653965713526877e-90,6.498013392116106e-93,6.345716203238399e-96,6.196988479725009e-99,6.051746562231468e-102,5.909908752179186e-105,5.771395265800001e-108,5.636128189257823e-111,5.504031434822097e-114,5.375030698068468e-117,5.249053416082498e-120,5.126028726643074e-123,5.005887428362384e-126,4.888561941760143e-129,4.773986271250151e-132,4.6620959680177327e-135,4.552828093767329e-138,4.446121185319667e-141,4.3419152200387454e-144,4.2401515820690957e-147,4.1407730293643583e-150,4.043723661488638e-153,3.9489488881725063e-156,3.856395398605973e-159,3.766011131451153e-162,3.677745245557778e-165,3.591548091365026e-168,3.507371182973668e-171,3.4251671708727297e-174,3.344889815305404e-177,3.2664939602591917e-180
Mo114,438.41001002066236,0.07568425073868973,1.3065636456628551e-05,2.2555664401856034e-09,3.893863098808701e-13,6.722111821727781e-17,1.1604616340424746e-20,2.003345436372695e-24,3.458445173628559e-28,5.970434654869735e-32,1.030696980246475e-35,1.779328183790967e-39,3.071716368932957e-43,5.302811216685099e-47,9.154428151050111e-51,1.580360894407366e-54,2.7282321903258968e-58,4.709842486403496e-62,8.130765528458071e-66,1.4036424417506177e-69,2.4231569553786776e-73,4.1831804566103894e-77,7.22157047801818e-81,1.2466849257380958e-84,2.1521957153136128e-88,3.715410607272682e-92,6.414043054919303e-96,1.1072786472060368e-99,1.9115337893126388e-103,3.2999475217045554e-107,5.696814624406826e-111,9.834609990431559e-115,1.6977830601950998e-118,2.930942174920912e-122,5.059787810430246e-126,8.734888359668622e-130,1.5079342753977365e-133,2.603199589153719e-137,4.4939943414859194e-141,7.758139339547541e-145,1.3393146817344227e-148,2.3121056972585796e-152,3.99146879236229e-156,6.890611938412745e-160,1.1895503975040627e-163,2.0535623843707942e-167,3.545136444282729e-171,6.120092822226283e-175,1.0565329922088197e-178,1.8239297933060825e-182,3.1487136847043717e-186,5.435734371263056e-190,9.383898033810803e-194,1.6199750814625825e-197,2.7966195445689047e-201,4.8279019637781e-205,8.334575726297241e-209,1.4388269078070274e-212,2.4838971275977104e-216,4.288038336655589e-220,7.402590297453748e-224,1.27793500919807e-227
Mo115,0.27142147584739573,0.00014507047644355815,7.753787009615106e-08,4.144276248645737e-11,2.215049962526861e-14,1.1839090934378624e-17,6.327806438848516e-21,3.3821122372884546e-24,1.8076853797850717e-27,9.661791812410512e-31,5.164074571287504e-34,2.760116000798503e-37,1.4752382508613823e-40,7.884914605672149e-44,4.2143618701887785e-47,2.252509616289881e-50,1.2039306845881061e-53,6.434818669854033e-57,3.4393085784725485e-60,1.8382559175087347e-63,9.825186490700492e-67,5.251406436807228e-70,2.8067934985908065e-73,1.5001866335300033e-76,8.018259756380409e-80,4.285632739541659e-83,2.290602766219486e-86,1.2242908693976196e-89,6.5436406302966745e-93,3.4974721913541315e-96,1.8693434466221437e-99,9.991344406018546e-103,5.34021520871742e-106,2.8542603794378578e-109,1.5255569289286006e-112,8.153859963751544e-116,4.358108900935153e-119,2.329340125639292e-122,1.2449953739680546e-125,6.654302925282119e-129,3.556619433877056e-132,1.9009567101869893e-135,1.0160312288643505e-138,5.43052586361137e-142,2.9025299929328563e-145,1.5513562722031278e-148,8.291753364009621e-152,4.431810737576511e-155,2.3687325890504705e-158,1.2660500212375939e-161,6.7668366774919285e-165,3.616766940621278e-168,1.9331045991225787e-171,1.0332137659129773e-174,5.522363800472157e-178,2.9516159144296416e-181,1.5775919191650256e-184,8.431978738316677e-188,4.506758977382112e-191,2.408791235195765e-194,1.2874607326186252e-197,6.881273535936691e-201
N17,0.0,0.0,0.0,0.0,0.0,0.0,0.0,0.0,0.0,0.0,0.0,0.0,0.0,0.0,0.0,0.0,0.0,0.0,0.0,0.0,0.0,0.0,0.0,0.0,0.0,0.0,0.0,0.0,0.0,0.0,0.0,0.0,0.0,0.0,0.0,0.0,0.0,0.0,0.0,0.0,0.0,0.0,0.0,0.0,0.0,0.0,0.0,0.0,0.0,0.0,0.0,0.0,0.0,0.0,0.0,0.0,0.0,0.0,0.0,0.0,0.0,0.0
N18,0.0,0.0,0.0,0.0,0.0,0.0,0.0,0.0,0.0,0.0,0.0,0.0,0.0,0.0,0.0,0.0,0.0,0.0,0.0,0.0,0.0,0.0,0.0,0.0,0.0,0.0,0.0,0.0,0.0,0.0,0.0,0.0,0.0,0.0,0.0,0.0,0.0,0.0,0.0,0.0,0.0,0.0,0.0,0.0,0.0,0.0,0.0,0.0,0.0,0.0,0.0,0.0,0.0,0.0,0.0,0.0,0.0,0.0,0.0,0.0,0.0,0.0
N19,0.0,0.0,0.0,0.0,0.0,0.0,0.0,0.0,0.0,0.0,0.0,0.0,0.0,0.0,0.0,0.0,0.0,0.0,0.0,0.0,0.0,0.0,0.0,0.0,0.0,0.0,0.0,0.0,0.0,0.0,0.0,0.0,0.0,0.0,0.0,0.0,0.0,0.0,0.0,0.0,0.0,0.0,0.0,0.0,0.0,0.0,0.0,0.0,0.0,0.0,0.0,0.0,0.0,0.0,0.0,0.0,0.0,0.0,0.0,0.0,0.0,0.0
N20,0.0,0.0,0.0,0.0,0.0,0.0,0.0,0.0,0.0,0.0,0.0,0.0,0.0,0.0,0.0,0.0,0.0,0.0,0.0,0.0,0.0,0.0,0.0,0.0,0.0,0.0,0.0,0.0,0.0,0.0,0.0,0.0,0.0,0.0,0.0,0.0,0.0,0.0,0.0,0.0,0.0,0.0,0.0,0.0,0.0,0.0,0.0,0.0,0.0,0.0,0.0,0.0,0.0,0.0,0.0,0.0,0.0,0.0,0.0,0.0,0.0,0.0
N21,0.0,0.0,0.0,0.0,0.0,0.0,0.0,0.0,0.0,0.0,0.0,0.0,0.0,0.0,0.0,0.0,0.0,0.0,0.0,0.0,0.0,0.0,0.0,0.0,0.0,0.0,0.0,0.0,0.0,0.0,0.0,0.0,0.0,0.0,0.0,0.0,0.0,0.0,0.0,0.0,0.0,0.0,0.0,0.0,0.0,0.0,0.0,0.0,0.0,0.0,0.0,0.0,0.0,0.0,0.0,0.0,0.0,0.0,0.0,0.0,0.0,0.0
N22,0.0,0.0,0.0,0.0,0.0,0.0,0.0,0.0,0.0,0.0,0.0,0.0,0.0,0.0,0.0,0.0,0.0,0.0,0.0,0.0,0.0,0.0,0.0,0.0,0.0,0.0,0.0,0.0,0.0,0.0,0.0,0.0,0.0,0.0,0.0,0.0,0.0,0.0,0.0,0.0,0.0,0.0,0.0,0.0,0.0,0.0,0.0,0.0,0.0,0.0,0.0,0.0,0.0,0.0,0.0,0.0,0.0,0.0,0.0,0.0,0.0,0.0
N23,0.0,0.0,0.0,0.0,0.0,0.0,0.0,0.0,0.0,0.0,0.0,0.0,0.0,0.0,0.0,0.0,0.0,0.0,0.0,0.0,0.0,0.0,0.0,0.0,0.0,0.0,0.0,0.0,0.0,0.0,0.0,0.0,0.0,0.0,0.0,0.0,0.0,0.0,0.0,0.0,0.0,0.0,0.0,0.0,0.0,0.0,0.0,0.0,0.0,0.0,0.0,0.0,0.0,0.0,0.0,0.0,0.0,0.0,0.0,0.0,0.0,0.0
Na27,0.0,0.0,0.0,0.0,0.0,0.0,0.0,0.0,0.0,0.0,0.0,0.0,0.0,0.0,0.0,0.0,0.0,0.0,0.0,0.0,0.0,0.0,0.0,0.0,0.0,0.0,0.0,0.0,0.0,0.0,0.0,0.0,0.0,0.0,0.0,0.0,0.0,0.0,0.0,0.0,0.0,0.0,0.0,0.0,0.0,0.0,0.0,0.0,0.0,0.0,0.0,0.0,0.0,0.0,0.0,0.0,0.0,0.0,0.0,0.0,0.0,0.0
Na28,0.0,0.0,0.0,0.0,0.0,0.0,0.0,0.0,0.0,0.0,0.0,0.0,0.0,0.0,0.0,0.0,0.0,0.0,0.0,0.0,0.0,0.0,0.0,0.0,0.0,0.0,0.0,0.0,0.0,0.0,0.0,0.0,0.0,0.0,0.0,0.0,0.0,0.0,0.0,0.0,0.0,0.0,0.0,0.0,0.0,0.0,0.0,0.0,0.0,0.0,0.0,0.0,0.0,0.0,0.0,0.0,0.0,0.0,0.0,0.0,0.0,0.0
Na29,0.0,0.0,0.0,0.0,0.0,0.0,0.0,0.0,0.0,0.0,0.0,0.0,0.0,0.0,0.0,0.0,0.0,0.0,0.0,0.0,0.0,0.0,0.0,0.0,0.0,0.0,0.0,0.0,0.0,0.0,0.0,0.0,0.0,0.0,0.0,0.0,0.0,0.0,0.0,0.0,0.0,0.0,0.0,0.0,0.0,0.0,0.0,0.0,0.0,0.0,0.0,0.0,0.0,0.0,0.0,0.0,0.0,0.0,0.0,0.0,0.0,0.0
Na30,0.0,0.0,0.0,0.0,0.0,0.0,0.0,0.0,0.0,0.0,0.0,0.0,0.0,0.0,0.0,0.0,0.0,0.0,0.0,0.0,0.0,0.0,0.0,0.0,0.0,0.0,0.0,0.0,0.0,0.0,0.0,0.0,0.0,0.0,0.0,0.0,0.0,0.0,0.0,0.0,0.0,0.0,0.0,0.0,0.0,0.0,0.0,0.0,0.0,0.0,0.0,0.0,0.0,0.0,0.0,0.0,0.0,0.0,0.0,0.0,0.0,0.0
Na31,0.0,0.0,0.0,0.0,0.0,0.0,0.0,0.0,0.0,0.0,0.0,0.0,0.0,0.0,0.0,0.0,0.0,0.0,0.0,0.0,0.0,0.0,0.0,0.0,0.0,0.0,0.0,0.0,0.0,0.0,0.0,0.0,0.0,0.0,0.0,0.0,0.0,0.0,0.0,0.0,0.0,0.0,0.0,0.0,0.0,0.0,0.0,0.0,0.0,0.0,0.0,0.0,0.0,0.0,0.0,0.0,0.0,0.0,0.0,0.0,0.0,0.0
Na32,0.0,0.0,0.0,0.0,0.0,0.0,0.0,0.0,0.0,0.0,0.0,0.0,0.0,0.0,0.0,0.0,0.0,0.0,0.0,0.0,0.0,0.0,0.0,0.0,0.0,0.0,0.0,0.0,0.0,0.0,0.0,0.0,0.0,0.0,0.0,0.0,0.0,0.0,0.0,0.0,0.0,0.0,0.0,0.0,0.0,0.0,0.0,0.0,0.0,0.0,0.0,0.0,0.0,0.0,0.0,0.0,0.0,0.0,0.0,0.0,0.0,0.0
Na33,0.0,0.0,0.0,0.0,0.0,0.0,0.0,0.0,0.0,0.0,0.0,0.0,0.0,0.0,0.0,0.0,0.0,0.0,0.0,0.0,0.0,0.0,0.0,0.0,0.0,0.0,0.0,0.0,0.0,0.0,0.0,0.0,0.0,0.0,0.0,0.0,0.0,0.0,0.0,0.0,0.0,0.0,0.0,0.0,0.0,0.0,0.0,0.0,0.0,0.0,0.0,0.0,0.0,0.0,0.0,0.0,0.0,0.0,0.0,0.0,0.0,0.0
Na34,0.0,0.0,0.0,0.0,0.0,0.0,0.0,0.0,0.0,0.0,0.0,0.0,0.0,0.0,0.0,0.0,0.0,0.0,0.0,0.0,0.0,0.0,0.0,0.0,0.0,0.0,0.0,0.0,0.0,0.0,0.0,0.0,0.0,0.0,0.0,0.0,0.0,0.0,0.0,0.0,0.0,0.0,0.0,0.0,0.0,0.0,0.0,0.0,0.0,0.0,0.0,0.0,0.0,0.0,0.0,0.0,0.0,0.0,0.0,0.0,0.0,0.0
Na35,0.0,0.0,0.0,0.0,0.0,0.0,0.0,0.0,0.0,0.0,0.0,0.0,0.0,0.0,0.0,0.0,0.0,0.0,0.0,0.0,0.0,0.0,0.0,0.0,0.0,0.0,0.0,0.0,0.0,0.0,0.0,0.0,0.0,0.0,0.0,0.0,0.0,0.0,0.0,0.0,0.0,0.0,0.0,0.0,0.0,0.0,0.0,0.0,0.0,0.0,0.0,0.0,0.0,0.0,0.0,0.0,0.0,0.0,0.0,0.0,0.0,0.0
Nb103,3571496324381.8154,2513245179892.922,1737811176668.5627,1185443553549.06,799993963230.1782,535185297815.7407,355463719929.1785,234675894879.65952,154142596524.75662,100803697643.59355,65673219946.62113,42645250481.19631,27612150830.401615,17833043898.767593,11491382415.985632,7390064586.080788,4744014275.268505,3040505652.217727,1945887336.2438817,1243720903.3521001,793990908.9084358,506341152.38790447,322588152.67961705,205337783.7132918,130598555.1082364,83001742.73906913,52716021.99700082,33460251.06177519,21226046.327322733,13458060.590606602,8528792.795125332,5402576.923947369,3420879.579027787,2165268.909572073,1370047.813932349,866604.5618682546,547996.9548628192,346431.1510222764,218950.65186255542,138348.43140959562,87399.39980757664,55202.12563782407,34859.62211528651,22009.742292552117,13894.345070575193,8769.948834909965,5534.731142041943,3492.535052678543,2203.605032866967,1390.2059485410598,876.9610998433224,553.14687219117,348.8690566534342,220.01333277926085,138.74029441246074,87.48339111300193,55.15947791270227,34.77668842459151,21.92460096085368,13.821408093867396,8.712676764544696,5.4920074822181295
Nb104,2249664303797.223,2003600210118.27,1767755206792.0806,1550535563305.6187,1354964133981.5796,1181259530168.034,1028262230023.0101,894208690147.618,777143251511.5619,675129874741.3569,586354141658.7501,509165904871.36346,442090557038.7364,383824360796.3275,333222283764.2221,289282886252.08484,251132647744.12085,218010927115.75885,189256102073.99246,164293085331.40152,142622234057.7856,123809580029.86073,107478268679.45041,93301082603.37294,80993926143.48253,70310155296.18166,61035647636.99575,52984518120.82592,45995397511.51124,39928200319.50551,34661318291.52533,30089183662.861237,26120153590.87104,22674673511.59945,19683682688.03366,17087230036.969696,14833272516.069218,12876632000.568308,11178089749.490595,9703600315.479094,8423609144.476116,7312460188.706739,6347881660.010841,5510539616.453334,4783650434.588814,4152644399.9454165,3604873672.8394566,3129358776.053557,2716568523.0206704,2358228975.424312,2047157600.9828017,1777119307.2924092,1542701466.0845695,1339205422.8936687,1162552317.5637727,1009201327.8676479,876078697.5192969,760516126.022689,660197285.447289,573111392.1164984,497512902.60327286,431886526.18234015
Nb104_m1,333941394717.90643,159744377184.88977,76415402360.47893,36554111141.92403,17486043390.47753,8364632702.092539,4001309997.8362327,1914068706.7800279,915614890.1874005,437994009.3912371,209519039.4111514,100225635.36150941,47943986.43602982,22934509.989257436,10970963.984172737,5248075.969287907,2510472.317578573,1200910.8279321445,574468.3207802516,274802.9611393668,131454.88570787763,62882.82667997671,30080.661285204893,14389.400590405518,6883.321060930335,3292.7089999453474,1575.1019692891837,753.4665874511967,360.4286639686895,172.4148409151173,82.47645190163792,39.453477915118135,18.872985970045125,9.02809126718414,4.318682377975169,2.0658871216363432,0.9882388251353442,0.472734432233321,0.22613748593448954,0.10817524398039159,0.05174676530014673,0.02475360924088923,0.011841149236991992,0.005664338234002085,0.00270959574843838,0.0012961636146448803,0.0006200334927811799,0.00029659954023301076,0.00014188150848405855,6.787051130928055e-05,3.246657266757736e-05,1.553072638536242e-05,7.429286254716663e-06,3.5538771906085564e-06,1.7000345191853768e-06,8.132293862205631e-07,3.890168270992374e-07,1.8609028932128787e-07,8.901824642882793e-08,4.258281410687796e-08,2.036993683885577e-08,9.74417345404971e-09
Nb105,934655619640.3046,790588036690.9237,641306620953.1449,512140399114.8901,406511469791.86395,321895725141.86237,254650384516.90314,201376627983.11853,159223928503.86115,125887188170.02112,99527786396.84392,78687005638.8258,62209977513.411606,49183158236.73835,38884141955.5223,30741745485.29149,24304376477.766403,19215001755.47326,15191349886.959095,12010257034.016413,9495290066.316362,7506961183.393111,5934991537.260127,4692194841.756333,3709641756.5966926,2932836854.831442,2318696138.698292,1833157468.2502139,1449291369.9692242,1145807445.047754,905873538.1515613,716182174.125207,566212484.3400302,447646686.84207654,353908756.48786855,279799698.2896828,221209195.10416508,174887636.75495696,138265886.62072253,109312789.38716996,86422516.90311642,68325503.99400993,54018034.45818322,42706571.867823824,33763747.58902961,26693564.980676893,21103889.88955533,16684701.67970729,13190898.53091974,10428703.335142462,8244916.219883049,6518417.610348285,5153450.563928396,4074309.7945568506,3221142.82384189,2546630.3778494657,2013361.9140956334,1591760.7173735085,1258443.4838241786,994923.410720107,786584.8613168466,621872.7365205198
Nb106,18231266534.893658,8652557585.27258,4106377658.6963234,1948817337.3165376,924874986.7208805,438929608.36248183,208308365.82386526,98859530.77441095,46917015.45901604,22266000.27477533,10567056.821043858,5014941.54679464,2380004.115022184,1129508.5963948402,536045.1527277876,254397.71479393894,120732.73485087033,57297.65802486619,27192.472854936303,12905.075101770266,6124.5243958053015,2906.592854284811,1379.4184616793705,654.6480321854629,310.6845804590325,147.4455032160845,69.9750737114908,33.208954048280674,15.760392529600411,7.4796084310865005,3.549692190553495,1.6846222317344144,0.7994924380221605,0.37942521855273,0.180068615570566,0.08545743595320379,0.040556614135981994,0.019247464329208805,0.00913451211341352,0.004335080721436945,0.00205735398103834,0.0009763844493975873,0.0004633750933537884,0.00021990976738016322,0.00010436535429467766,4.9529983623802044e-05,2.350606956066459e-05,1.1155572155797711e-05,5.294240698217804e-06,2.512554638992558e-06,1.1924147717817465e-06,5.658993304652774e-07,2.685659887813471e-07,1.2745675148758345e-07,6.048875947949477e-08,2.870691415452095e-08,1.3623802626575512e-08,6.465619989972176e-09,3.068470896163868e-09,1.4562429674505515e-09,6.911076076688129e-10,3.2798766143667426e-10
Nb107,864613214.2927074,85785617.92027481,8511061.67917498,844404.7627305298,83775.56792548242,8311.589088969136,824.6140794331237,81.81207857715447,8.11678622486336,0.80528718699727,0.0798946079860032,0.007926549047723074,0.0007864132685520713,7.802207811133188e-05,7.740770554417084e-06,7.67981707570385e-07,7.619343565559776e-08,7.559346244547954e-09,7.499821362992056e-10,7.440765200741984e-11,7.382174066941377e-12,7.324044299796947e-13,7.266372266349613e-14,7.209154362247456e-15,7.1523870115204645e-16,7.096066666357048e-17,7.040189806882289e-18,6.984752940937965e-19,6.929752603864319e-20,6.875185358283496e-21,6.821047793884742e-22,6.767336527211252e-23,6.714048201448731e-24,6.661179486215579e-25,6.608727077354763e-26,6.5566876967273e-27,6.505058092007426e-28,6.453835036479277e-29,6.403015328835264e-30,6.352595792976006e-31,6.302573277811797e-32,6.252944657065703e-33,6.203706829078144e-34,6.154856716613099e-35,6.106391266665736e-36,6.058307450271643e-37,6.010602262317496e-38,5.96327272135327e-39,5.916315869405905e-40,5.869728771794437e-41,5.823508516946568e-42,5.7776522162167216e-43,5.732157003705523e-44,5.687020036080656e-45,5.642238492399163e-46,5.59780957393119e-47,5.553730503985027e-48,5.50999852773357e-49,5.466610912042187e-50,5.423564945297884e-51,5.380857937239829e-52,5.338487218791219e-53
Nb108,21639271.77261054,596549.9788592583,16440.6848713715,453.0856948710876,12.486466947432238,0.3441110941257548,0.009483262355765553,0.00026134660059509544,7.202378576401294e-06,1.984883562228406e-07,5.470085630466534e-09,1.5074857474781386e-10,4.154438216090325e-12,1.1449101207215244e-13,3.1552260891826846e-15,8.695400183540262e-17,2.3963412514599793e-18,6.604010479378293e-20,1.8199809557660848e-21,5.015635104902284e-23,1.382244985906402e-24,3.809290670280153e-26,1.0497918645852853e-27,2.893092321748184e-29,7.972992994630235e-31,2.1972550552417478e-32,6.0553543456478655e-34,1.6687783315770898e-35,4.598939981014878e-37,1.2674091309052975e-38,3.4928177182856854e-40,9.625759603338384e-42,2.6527364269881625e-43,7.310602841805196e-45,2.0147087877588344e-46,5.552280143384694e-48,1.5301375056251623e-49,4.216863568943612e-51,1.1621137508042947e-52,3.202637096809725e-54,8.82605886623669e-56,2.4323491159168157e-57,6.703243555664108e-59,1.847328324397041e-60,5.091000960625966e-62,1.403014853331722e-63,3.866529772619419e-65,1.0655662302541316e-66,2.9365644591656473e-68,8.092796654017637e-70,2.2302714138918443e-71,6.146343213941683e-73,1.6938537017629116e-74,4.6680444991550006e-76,1.2864534536490502e-77,3.54530143983235e-79,9.770398037818351e-81,2.692596932516941e-82,7.420453304908053e-84,2.0449821726139263e-85,5.635709726173656e-87,1.5531296332569332e-88
Nb109,114529791.2660387,2985519.310165222,77749.86677690249,2024.5858592855623,52.7191389642647,1.3727768993787748,0.03574633898770902,0.0009308145682493452,2.4237887963286913e-05,6.31140973606904e-07,1.643455606214815e-08,4.2794659870677746e-10,1.1143488795932739e-11,2.901701822618325e-13,7.555868383391445e-15,1.9675056403837778e-16,5.123274054708254e-18,1.3340717556736902e-19,3.4738478369134045e-21,9.04570443284284e-23,2.355450570312137e-24,6.133460838096533e-26,1.597118713787258e-27,4.15880732470949e-29,1.0829300423788752e-30,2.819888937193388e-32,7.3428322300838255e-34,1.9120322239648608e-35,4.978824397623855e-37,1.2964578772094003e-38,3.37590341242095e-40,8.790662658879929e-42,2.289039126472207e-43,5.96052917265314e-45,1.5520882805006316e-46,4.04155060849258e-48,1.0523970528105604e-49,2.7403827492276375e-51,7.135802587254327e-53,1.8581228690998348e-54,4.838447468878596e-56,1.2599045143036693e-57,3.280720510810193e-59,8.542811735220513e-61,2.224500139617152e-62,5.7924732799101e-64,1.5083274710087054e-65,3.927599921246119e-67,1.0227249345963477e-68,2.663118221861168e-70,6.934610102576769e-72,1.8057334773952325e-73,4.70202843873555e-75,1.2243817659386884e-76,3.188221271512079e-78,8.301948917320869e-80,2.1617808162078195e-81,5.629155688460045e-83,1.4658004885300014e-84,3.816862050163994e-86,9.938894156456619e-88,2.5880321519349455e-89
Nb110,3241327.9147628485,54988.928531086225,932.2371840942494,15.803836702587386,0.26791553255843875,0.004541854469635381,7.699606565155747e-05,1.3052805113348312e-06,2.2127847687209615e-08,3.751236910504053e-10,6.359307311601484e-12,1.0780654607590227e-13,1.8275970647955317e-15,3.09824509997529e-17,5.252318951713146e-19,8.904025821180222e-21,1.5094604222080776e-22,2.558922011201647e-24,4.3380281874721635e-26,7.3540688121503275e-28,1.2467030124430056e-29,2.1134809055179307e-31,3.5828914291591175e-33,6.073918604907375e-35,1.0296847657395637e-36,1.745579395712546e-38,2.959204144918717e-40,5.016608922408569e-42,8.504436952618732e-44,1.4417198749138735e-45,2.444084434163083e-47,4.143349082757925e-49,7.024037869407518e-51,1.1907543150583596e-52,2.0186335341465094e-54,3.422100842843568e-56,5.80133738021054e-58,9.834752669375553e-60,1.6672424602942058e-61,2.826402976115075e-63,4.791476928905995e-65,8.122780563936001e-67,1.3770193422369479e-68,2.334400460494353e-70,3.957406655671037e-72,6.708817832837859e-74,1.1373164455996866e-75,1.9280426591704788e-77,3.2685261080710773e-79,5.54098887196751e-81,9.393395268727668e-83,1.5924210770563116e-84,2.699561568643174e-86,4.5764482572453956e-88,7.758251893388384e-90,1.3152223964505978e-91,2.229638810257506e-93,3.779808827482389e-95,6.407744028578219e-97,1.0862767248238858e-98,1.8415172604139314e-100,3.121843396720326e-102
Nb111,7973.977877250387,1.3765756420984538,0.00023764305941016708,4.1025151076866927e-08,7.082315069740049e-12,1.222644778396696e-15,2.1106943695962614e-19,3.6437653851410734e-23,6.290359406460133e-27,1.0859267071309941e-30,1.8746731896579719e-34,3.236313781532637e-38,5.586961476975611e-42,9.644966666497724e-46,1.6650442710446186e-49,2.8744240601354074e-53,4.9622186155457006e-57,8.566451251910377e-61,1.478856389387165e-64,2.553001419279099e-68,4.4073354881619447e-72,7.608537135359954e-76,1.3134883308893297e-79,2.2675207660674944e-83,3.914500268963969e-87,6.757738489113749e-91,1.1666119900238464e-94,2.0139630106430556e-98,3.476774662804157e-102,6.002077492007796e-106,1.0361595937026038e-109,1.7887584841274654e-113,3.0879962256628467e-117,5.330915701769205e-121,9.202945904919067e-125,1.5887366836575304e-128,2.742691607749191e-132,4.734804283551977e-136,8.173857950416795e-140,1.4110816370105714e-143,2.4359994978954855e-147,4.2053509861545976e-151,7.25984423725453e-155,1.2532922584279209e-158,2.1636021844311215e-162,3.735101993167175e-166,6.4480369819138205e-170,1.1131471375129162e-173,1.9216647690277796e-177,3.317436985710024e-181,5.7270072967642134e-185,9.886732654899461e-189,1.7067811777485106e-192,2.9464759394226967e-196,5.086604290451156e-200,8.781182585426284e-204,1.5159262092266017e-207,2.616996343560911e-211,4.5178121603328185e-215,7.799256871822233e-219,1.346412944892892e-222,2.3243596767849474e-226
Nb112,214.0316402267832,0.009283771001144733,4.0269001307644336e-07,1.74669589126564e-11,7.576414704839238e-16,3.286322482736891e-20,1.425465194459827e-24,6.183054253775349e-29,2.681942712716785e-33,1.1633112728879508e-37,5.045943417103459e-42,2.1887129921298507e-46,9.493694569940095e-51,4.1179559362693635e-55,1.7861919791214754e-59,7.747731728203694e-64,3.360632431108453e-68,1.4576976505143374e-72,6.322864769873571e-77,2.742586494805844e-81,1.1896159344305912e-85,5.160041712928195e-90,2.2382039201503712e-94,9.708364906479966e-99,4.211070685241204e-103,1.8265811480017238e-107,7.922922552519899e-112,3.4366226675393874e-116,1.4906589431811658e-120,6.465836665382242e-125,2.804601547164259e-129,1.2165153939735582e-133,5.276719986377329e-138,2.2888139313787537e-142,9.927889344134051e-147,4.3062909342743016e-151,1.867883592152438e-155,8.102074771732213e-160,3.514331186511243e-164,1.5243655528304865e-168,6.612041425051278e-173,2.8680188767986313e-177,1.2440231010212535e-181,5.396036575610012e-186,2.3405683303965897e-190,1.0152377643281954e-194,4.4036642926953875e-199,1.9101199624496484e-203,8.28527796044926e-208,3.593796841632441e-212,1.5588343324847226e-216,6.761552150035572e-221,2.932870191842453e-225,1.2721528091967372e-229,5.518051137921228e-234,2.393492993969789e-238,1.038194204619247e-242,4.5032394463678846e-247,1.953311376724647e-251,8.472623718730503e-256,3.675059365064771e-260,1.5940825162449138e-264
Nb113,0.048187166360536396,4.452441270235116e-12,4.1140068533119285e-22,3.8012971675208165e-32,3.512356850881059e-42,3.245379170389092e-52,2.9986947245845355e-62,2.7707610048452545e-72,2.5601527501385555e-82,2.3655530349172294e-92,2.1857450344333077e-102,2.0196044159783637e-112,1.8660923084731173e-122,1.7242488064453908e-132,1.5931869677770449e-142,1.472087267688071e-152,1.3601924742787601e-162,1.2568029135869186e-172,1.1612720945527376e-182,1.0730026665343505e-192,9.914426840965817e-203,9.16082155716773e-213,8.464498548268472e-223,7.821103732511791e-233,7.226613986155494e-243,6.677311987029007e-253,6.169762970256685e-263,5.7007932508014476e-273,5.267470378530816e-283,4.8670848017157673e-293,4.4971329243050645e-303,4.15530145103e-313,4e-323,0.0,0.0,0.0,0.0,0.0,0.0,0.0,0.0,0.0,0.0,0.0,0.0,0.0,0.0,0.0,0.0,0.0,0.0,0.0,0.0,0.0,0.0,0.0,0.0,0.0,0.0,0.0,0.0,0.0
Nd158,86089114.47911547,51145728.67542025,30383749.12041271,18049828.211429812,10722715.4606649,6369956.849269889,3784148.7457526033,2248018.639501808,1335462.2513768254,793347.2585653019,471297.389367753,279979.8282867277,166325.35213620486,98807.55671762783,58697.80607175452,34870.13090996328,20715.016642897695,12306.00239567556,7310.527313251967,4342.905834032965,2579.954943754612,1532.6529669704435,910.4907521155245,540.8878771340808,321.3208865118617,190.88450023289192,113.39721119503335,67.36496410720744,40.01895938481515,23.77373953164679,14.123073163492657,8.389979847968402,4.984167470807604,2.9609040578413346,1.7589603260904758,1.0449313345924383,0.6207539066216383,0.36876625269958113,0.21906998518976556,0.13014113428145221,0.07731189107166754,0.04592804983665526,0.027284105104128212,0.016208447647585292,0.009628821401394008,0.005720116052801379,0.003398103079654068,0.0020186836129486153,0.0011992230469954216,0.0007124127363100514,0.0004232172723234129,0.0002514172620222748,0.00014935741940719536,8.872755415656572e-05,5.2709660476545695e-05,3.131280168785237e-05,1.8601742843307835e-05,1.1050586921539914e-05,6.564732796230504e-06,3.899857717231445e-06,2.31675693234349e-06,1.3762970530555589e-06
Nd159,1704429.3309339888,695284.1358705271,283616.5600710784,115691.32682763044,47192.17768760998,19250.376808403358,7852.509153499078,3203.152884720134,1306.6127275151255,532.9863672285121,217.41290412170574,88.68589101898785,36.17626698656731,14.756826345728422,6.019524454495068,2.45545172175539,1.0016145300928518,0.40857315906660097,0.16666294397125728,0.06798424291165592,0.027731763127069937,0.011312190195826423,0.004614407185010165,0.0018822839167723043,0.0007678110321189363,0.00031320130602532274,0.00012775937566988837,5.2114910626330495e-05,2.1258431292025614e-05,8.671623832152282e-06,3.5372816955952518e-06,1.442908737300206e-06,5.885834952782632e-07,2.400917826321954e-07,9.793693596564947e-08,3.994990299619492e-08,1.6296147451102282e-08,6.647435959315377e-09,2.711585972438547e-09,1.1060954224947145e-09,4.5119243723019687e-10,1.840479684425219e-10,7.507584767103993e-11,3.062453202402742e-11,1.2492192772835723e-11,5.095747427299507e-12,2.078629614113384e-12,8.479033025698681e-13,3.458721099841274e-13,1.4108627257648266e-13,5.755114603036104e-14,2.347595091232165e-14,9.576182391693678e-15,3.9062643102926466e-15,1.5934221214397033e-15,6.499800974561266e-16,2.6513635113045767e-16,1.0815298032339901e-16,4.411717632441166e-17,1.7996038953520543e-17,7.340846468395275e-18,2.9944382211958536e-18
Nd160,36931.020050268446,11368.328041844856,3499.4669058987065,1077.2268868741182,331.59843970763154,102.07462007897784,31.42122162412538,9.672268851831232,2.9773757959262266,0.916513670780458,0.28212673384286596,0.08684594293183183,0.02673343890876972,0.008229247466976045,0.002533176300431606,0.0007797775185179076,0.0002400357915405829,7.388925668186075e-05,2.274503405495196e-05,7.001512769148302e-06,2.155247643864221e-06,6.634412532746592e-07,2.0422446478469736e-07,6.286559934392484e-08,1.9351665751884078e-08,5.956945790398041e-09,1.833702772914322e-09,5.644613830150359e-10,1.7375588760705546e-10,5.3486579217964796e-11,1.646455953716678e-11,5.068219443390017e-12,1.5601296996965879e-12,4.802484791872619e-13,1.4783296658382444e-13,4.550683022663457e-14,1.400818535357954e-14,4.312083613008708e-15,1.3273714343611866e-15,4.0859943426020814e-16,1.2577752794424926e-16,3.8717592853277803e-17,1.191828159491767e-17,3.668756906299453e-18,1.1293387499133772e-18,3.4763982586743967e-19,1.0701257575586918e-19,3.294125275011601e-20,1.0140173947616707e-20,3.121409148216519e-21,9.608508809515804e-22,2.957748797375491e-22,9.10471970396936e-23,2.802669414028814e-23,8.62734504710574e-24,2.6557210846649924e-24,8.174999888175621e-25,2.5164774854397732e-25,7.746371891557933e-26,2.384534645333109e-26,7.340217529435372e-27,2.2595097741556905e-27
Nd161,374.7090245998523,90.64307295117723,21.92679154927321,5.3041470461205815,1.2830867582084635,0.3103819737226185,0.07508219455593226,0.018162575202813894,0.0043935734690350265,0.0010628166772748068,0.00025709807687398356,6.219268340969947e-05,1.5044569437191736e-05,3.639319886866054e-06,8.803608035598939e-07,2.1296153362106128e-07,5.15159405312494e-08,1.246183798404409e-08,3.014550532108817e-09,7.29227496158516e-10,1.764019993991008e-10,4.2672095547582244e-11,1.032248922701989e-11,2.497036587367197e-12,6.040395471984929e-13,1.4611871384890752e-13,3.534649119562185e-14,8.550406768116473e-15,2.068365300975267e-15,5.003428648834811e-16,1.2103422075480043e-16,2.9278488056651414e-17,7.082541264260424e-18,1.7132848753286575e-18,4.1444800030211336e-19,1.0025603297377544e-19,2.4252191204473976e-20,5.866667179741852e-21,1.4191618195518316e-21,3.4329887964810136e-22,8.304487842327926e-23,2.008876882851016e-23,4.859524641464162e-24,1.1755314595229354e-24,2.843640714437794e-25,6.878839734403991e-26,1.6640089534296314e-26,4.025280285635101e-27,9.737256127454956e-28,2.3554672013777427e-28,5.697935500661878e-29,1.3783451941386757e-29,3.334252333997987e-30,8.065641810227482e-31,1.9510994158287036e-31,4.719759468638921e-32,1.1417219061769472e-32,2.7618545387869752e-33,6.680996880369953e-34,1.6161502602203427e-34,3.909508880755002e-35,9.457202133308074e-36
Ne26,0.0,0.0,0.0,0.0,0.0,0.0,0.0,0.0,0.0,0.0,0.0,0.0,0.0,0.0,0.0,0.0,0.0,0.0,0.0,0.0,0.0,0.0,0.0,0.0,0.0,0.0,0.0,0.0,0.0,0.0,0.0,0.0,0.0,0.0,0.0,0.0,0.0,0.0,0.0,0.0,0.0,0.0,0.0,0.0,0.0,0.0,0.0,0.0,0.0,0.0,0.0,0.0,0.0,0.0,0.0,0.0,0.0,0.0,0.0,0.0,0.0,0.0
Ne27,0.0,0.0,0.0,0.0,0.0,0.0,0.0,0.0,0.0,0.0,0.0,0.0,0.0,0.0,0.0,0.0,0.0,0.0,0.0,0.0,0.0,0.0,0.0,0.0,0.0,0.0,0.0,0.0,0.0,0.0,0.0,0.0,0.0,0.0,0.0,0.0,0.0,0.0,0.0,0.0,0.0,0.0,0.0,0.0,0.0,0.0,0.0,0.0,0.0,0.0,0.0,0.0,0.0,0.0,0.0,0.0,0.0,0.0,0.0,0.0,0.0,0.0
Ne28,0.0,0.0,0.0,0.0,0.0,0.0,0.0,0.0,0.0,0.0,0.0,0.0,0.0,0.0,0.0,0.0,0.0,0.0,0.0,0.0,0.0,0.0,0.0,0.0,0.0,0.0,0.0,0.0,0.0,0.0,0.0,0.0,0.0,0.0,0.0,0.0,0.0,0.0,0.0,0.0,0.0,0.0,0.0,0.0,0.0,0.0,0.0,0.0,0.0,0.0,0.0,0.0,0.0,0.0,0.0,0.0,0.0,0.0,0.0,0.0,0.0,0.0
Ne29,0.0,0.0,0.0,0.0,0.0,0.0,0.0,0.0,0.0,0.0,0.0,0.0,0.0,0.0,0.0,0.0,0.0,0.0,0.0,0.0,0.0,0.0,0.0,0.0,0.0,0.0,0.0,0.0,0.0,0.0,0.0,0.0,0.0,0.0,0.0,0.0,0.0,0.0,0.0,0.0,0.0,0.0,0.0,0.0,0.0,0.0,0.0,0.0,0.0,0.0,0.0,0.0,0.0,0.0,0.0,0.0,0.0,0.0,0.0,0.0,0.0,0.0
Ne30,0.0,0.0,0.0,0.0,0.0,0.0,0.0,0.0,0.0,0.0,0.0,0.0,0.0,0.0,0.0,0.0,0.0,0.0,0.0,0.0,0.0,0.0,0.0,0.0,0.0,0.0,0.0,0.0,0.0,0.0,0.0,0.0,0.0,0.0,0.0,0.0,0.0,0.0,0.0,0.0,0.0,0.0,0.0,0.0,0.0,0.0,0.0,0.0,0.0,0.0,0.0,0.0,0.0,0.0,0.0,0.0,0.0,0.0,0.0,0.0,0.0,0.0
Ne31,0.0,0.0,0.0,0.0,0.0,0.0,0.0,0.0,0.0,0.0,0.0,0.0,0.0,0.0,0.0,0.0,0.0,0.0,0.0,0.0,0.0,0.0,0.0,0.0,0.0,0.0,0.0,0.0,0.0,0.0,0.0,0.0,0.0,0.0,0.0,0.0,0.0,0.0,0.0,0.0,0.0,0.0,0.0,0.0,0.0,0.0,0.0,0.0,0.0,0.0,0.0,0.0,0.0,0.0,0.0,0.0,0.0,0.0,0.0,0.0,0.0,0.0
Ne32,0.0,0.0,0.0,0.0,0.0,0.0,0.0,0.0,0.0,0.0,0.0,0.0,0.0,0.0,0.0,0.0,0.0,0.0,0.0,0.0,0.0,0.0,0.0,0.0,0.0,0.0,0.0,0.0,0.0,0.0,0.0,0.0,0.0,0.0,0.0,0.0,0.0,0.0,0.0,0.0,0.0,0.0,0.0,0.0,0.0,0.0,0.0,0.0,0.0,0.0,0.0,0.0,0.0,0.0,0.0,0.0,0.0,0.0,0.0,0.0,0.0,0.0
Ni72,14970350.162047107,9629814.860990785,6192686.41376008,3982357.4402502105,2560951.697259584,1646882.2033425192,1059067.6093534296,681059.1546287489,437971.63467855036,281648.29953363416,181120.781231435,116474.11842430754,74901.51141400385,48167.236532878735,30975.111602094024,19919.298008870785,12809.588493601423,8237.517070246782,5297.3354699491365,3406.5802646452776,2190.6841968575773,1408.772692124209,905.9455036566901,582.5902646921913,374.6488228531884,240.9270270580976,154.9339777047675,99.63405824798927,64.07210161401706,41.20312147698527,26.496668232836598,17.039326203311255,10.957552659509126,7.046520434744813,4.531436150040879,2.9140501006211794,1.8739507096119388,1.2050895285933876,0.7749620971760596,0.49835820311252155,0.3204813493647774,0.20609331731513328,0.13253331442264701,0.08522876753443574,0.054808429466075816,0.03524589205545047,0.022665727131505983,0.014575746461223187,0.00937328785744295,0.0060277204664765036,0.003876272080252908,0.0024927309293311228,0.0016030111812065033,0.0010308552827892191,0.0006629165326561423,0.0004263045808717062,0.0002741455171498461,0.0001762959347508731,0.00011337138368268783,7.290622246219192e-05,4.6884117499910863e-05,3.0149970736522025e-05
Ni73,7481626.851535164,3278633.0957998154,1436560.021207259,629440.57300666,275794.55720478506,120841.6505794244,52947.76177876777,23199.49672930472,10165.050049553687,4453.9001735934735,1951.512944809056,855.0714262382398,374.6565688502961,164.15885302144036,71.92754983052946,31.515646761661976,13.80883949399146,6.05045644828019,2.651057190465882,1.1615824834370243,0.508956906203374,0.22300364895796365,0.0977108805135162,0.04281282488129301,0.018758790880640093,0.00821931830658865,0.003601361828429216,0.0015779662662377203,0.000691398880759019,0.00030294209866385617,0.00013273656885604433,5.815961792495996e-05,2.5483114309258385e-05,1.1165635849544242e-05,4.892315060539233e-06,2.143608028606446e-06,9.392394650477695e-07,4.115354863998698e-07,1.8031765366435486e-07,7.90076610584815e-08,3.461785565128972e-08,1.516809780011685e-08,6.6460266398776285e-09,2.9120111618493686e-09,1.2759216094402301e-09,5.590555334281916e-10,2.449547739800396e-10,1.073289462455869e-10,4.7027059383324194e-11,2.0605292342871893e-11,9.028378089185196e-12,3.9558580176843276e-12,1.733291683344831e-12,7.594559880870057e-13,3.3276187925172406e-13,1.4580235065636657e-13,6.388449754138101e-14,2.7991517336599982e-14,1.226471323966587e-14,5.373884846697867e-15,2.3546117859626133e-15,1.0316924944904315e-15
Ni74,3881263.848460681,1400535.2236695855,505362.329470514,182352.48905679386,65799.1866945205,23742.65902294279,8567.185793599947,3091.3417217143497,1115.4647361039938,402.4988789662271,145.23574105525643,52.40615957501684,18.909984150232212,6.823386858755888,2.4621177815038395,0.8884186248678677,0.32057266266523743,0.11567388297781847,0.041739202251125054,0.01506097106547723,0.005434527667069347,0.001960968574718285,0.0007075863785428766,0.0002553220329761536,9.212916260106587e-05,3.324343967747734e-05,1.1995401351637681e-05,4.328362377144666e-06,1.5618252627556861e-06,5.635614439914394e-07,2.033527749406102e-07,7.337682788085588e-08,2.647693827354561e-08,9.55380984143148e-09,3.4473503523415496e-09,1.2439251616932712e-09,4.4885191516511234e-10,1.619615455588537e-10,5.844141765589498e-11,2.108771737047706e-11,7.609189539437257e-12,2.745663005145422e-12,9.907317065441004e-13,3.5749081825130904e-13,1.2899525097443907e-13,4.654601999389278e-14,1.6795439839108286e-14,6.0603849572126286e-15,2.18679988029174e-15,7.890742502673307e-16,2.8472572092508266e-16,1.0273904658381996e-16,3.707185869494963e-17,1.337682948008541e-17,4.8268301951544585e-18,1.7416899697749643e-18,6.284629514955715e-19,2.2677151976339227e-19,8.182713404731392e-20,2.9526105718139464e-20,1.0654056616166737e-20,3.844358056021986e-21
Ni75,1143616.4731966145,360221.6184004985,113462.6999125038,35738.51099941721,11256.925575016316,3545.7093722657546,1116.8284687317916,351.7789242192609,110.80341788330513,34.90088964786855,10.993091381851913,3.462606808853288,1.0906528014958943,0.3435341056828735,0.10820646277666565,0.034082900046746814,0.010735440802589827,0.0033814519617708107,0.0010650906264608414,0.0003354825250809332,0.00010567037380533819,3.3284082076901396e-05,1.0483828908779185e-05,3.3021991814168256e-06,1.0401275649031697e-06,3.276196533993505e-07,1.0319372441927614e-07,3.250398640322417e-08,1.0238114168729738e-08,3.224803888102392e-09,1.0157495751007595e-09,3.199410677728052e-10,1.0077512150319988e-10,3.174217422189879e-11,9.998158367900186e-12,3.149222546975004e-12,9.919429444343393e-13,3.1244244899688147e-13,9.841320459296911e-14,3.0998217013573203e-14,9.763826531152579e-15,3.0754126435302992e-15,9.686942816741658e-16,3.0511957909851914e-16,9.610664511032211e-17,3.0271696302317766e-17,9.534986846828749e-18,3.0033326596975748e-18,9.459905094474327e-19,2.9796833896339894e-19,9.385414561554944e-20,2.956220342023239e-20,9.311510592606265e-21,2.9329420504859317e-21,9.23818856882265e-22,2.909847060189467e-22,9.165443907768572e-23,2.8869339277570884e-23,9.093272063092113e-24,2.864201221177685e-24,9.021668524240918e-25,2.841647519716289e-25
Ni76,148812.98170559306,8087.39963325371,439.51832748939495,23.886090580311375,1.2981149761601385,0.07054743787667866,0.003833975481652459,0.00020836147188800294,1.132362561396017e-05,6.153944675244811e-07,3.34442663128011e-08,1.8175641937454779e-09,9.877745762122427e-11,5.368165904504545e-12,2.917386807907996e-13,1.5854848636130493e-14,8.6164859796177e-16,4.6827208723872266e-17,2.5448744210298002e-18,1.3830390483023038e-19,7.516272682543278e-21,4.0847982642061893e-22,2.2199270255341525e-23,1.2064429330280747e-24,6.556542327345932e-26,3.563222603690158e-27,1.9364711900804566e-28,1.0523958469864088e-29,5.719357067781759e-31,3.108245377673713e-32,1.6892089815922384e-33,9.180185721461472e-35,4.9890694874880025e-36,2.7113628314505616e-37,1.4735189442055827e-38,8.007995292061764e-40,4.3520301418490847e-41,2.3651570292927287e-42,1.2853697219192624e-43,6.985478349067017e-45,3.796332442966098e-46,2.063157209476116e-47,1.121244710510008e-48,6.093523533118946e-50,3.311590119500765e-51,1.7997188424677947e-52,9.780763304191487e-54,5.315459757116513e-55,2.888743092005611e-56,1.5699181318112326e-57,8.531886921375563e-59,4.636744615157558e-60,2.519888135452026e-61,1.3694599858776403e-62,7.442475824759447e-64,4.044692577609777e-65,2.1981311639531415e-66,1.1945977404288547e-67,6.492168369385562e-69,3.5282378921392664e-70,1.917458376808166e-71,1.0420631315658109e-72
Ni77,4284.962969041274,0.04977704501102277,5.78244019360514e-07,6.717275922107463e-12,7.803244703442897e-17,9.064779920891792e-22,1.0530265054734018e-26,1.2232672286658602e-31,1.4210304346091795e-36,1.6507656289361272e-41,1.917641660100224e-46,2.2276630141141788e-51,2.5878049104298827e-56,3.006170238503486e-61,3.492171865986171e-66,4.056744420321426e-71,4.712590308656412e-76,5.474465511308375e-81,6.359511578898408e-86,7.387641302808587e-91,8.581986736223105e-96,9.969419645849525e-101,1.158115610404582e-105,1.3453458824166962e-110,1.5628453041085078e-115,1.8155074293507957e-120,2.1090169432400132e-125,2.4499775627269054e-130,2.8460606146880875e-135,3.3061776343221283e-140,3.840680867188707e-145,4.46159618601793e-150,5.18289366272194e-155,6.020801883251225e-160,6.99417307711534e-165,8.124907276674769e-170,9.438445049430972e-175,1.0964339889376189e-179,1.2736923145726587e-184,1.4796076449375348e-189,1.7188129016010548e-194,1.9966900014462696e-199,2.3194909452691873e-204,2.6944784825329956e-209,3.1300895171163234e-214,3.636124930547307e-219,4.223970093586403e-224,4.906851027482925e-229,5.700131978317876e-234,6.621661099605319e-239,7.692172020719694e-244,8.935750336100659e-249,1.0380375510849829e-253,1.2058550395139103e-258,1.4008032510974627e-263,1.6272683564653178e-268,1.8903456298225717e-273,2.1959540883295346e-278,2.5509696650044897e-283,2.9633799114276325e-288,3.442463710926719e-293,3.999000045639862e-298
Ni78,689.1255355561036,1.2637524739451746,0.0023175317601803287,4.250004308737395e-06,7.793867999841761e-09,1.4292780427087052e-11,2.6210807309165386e-14,4.806667417182269e-17,8.814704326685366e-20,1.6164840548180448e-22,2.964388370430541e-25,5.436241937897116e-28,9.969249205717004e-31,1.8282102022143307e-33,3.352662246183846e-36,6.148277765528369e-39,1.1275015705837265e-41,2.067668118048212e-44,3.79179200981482e-47,6.953575634404716e-50,1.2751810747591188e-52,2.3384900933245203e-55,4.288438736130024e-58,7.864350952795911e-61,1.4422035550531116e-63,2.6447841744249404e-66,4.850135963665e-69,8.894419096088037e-72,1.6311025433001592e-74,2.9911964772723527e-77,5.485403969479341e-80,1.0059404969551921e-82,1.84474341187037e-85,3.38298166336842e-88,6.203879011598375e-91,1.1376980019521711e-93,2.086366837951087e-96,3.826082646741799e-99,7.0164594995551495e-102,1.2867130288160765e-104,2.359637960755006e-107,4.3272207408664656e-110,7.935471310265589e-113,1.4552459577885778e-115,2.668701977310934e-118,4.893997612971204e-121,8.974854756881396e-124,1.6458532324092207e-126,3.01824702015919e-129,5.535010592265731e-132,1.015037604671535e-134,1.8614261377150854e-137,3.4135752707311156e-140,6.2599830811715875e-143,1.1479866435803362e-145,2.105234657586645e-148,3.860683387117998e-151,7.079912047740684e-154,1.2983492707792882e-156,2.380977076503442e-159,4.366353466222708e-162,8.007234836545688e-165
O22,0.0,0.0,0.0,0.0,0.0,0.0,0.0,0.0,0.0,0.0,0.0,0.0,0.0,0.0,0.0,0.0,0.0,0.0,0.0,0.0,0.0,0.0,0.0,0.0,0.0,0.0,0.0,0.0,0.0,0.0,0.0,0.0,0.0,0.0,0.0,0.0,0.0,0.0,0.0,0.0,0.0,0.0,0.0,0.0,0.0,0.0,0.0,0.0,0.0,0.0,0.0,0.0,0.0,0.0,0.0,0.0,0.0,0.0,0.0,0.0,0.0,0.0
O23,0.0,0.0,0.0,0.0,0.0,0.0,0.0,0.0,0.0,0.0,0.0,0.0,0.0,0.0,0.0,0.0,0.0,0.0,0.0,0.0,0.0,0.0,0.0,0.0,0.0,0.0,0.0,0.0,0.0,0.0,0.0,0.0,0.0,0.0,0.0,0.0,0.0,0.0,0.0,0.0,0.0,0.0,0.0,0.0,0.0,0.0,0.0,0.0,0.0,0.0,0.0,0.0,0.0,0.0,0.0,0.0,0.0,0.0,0.0,0.0,0.0,0.0
O24,0.0,0.0,0.0,0.0,0.0,0.0,0.0,0.0,0.0,0.0,0.0,0.0,0.0,0.0,0.0,0.0,0.0,0.0,0.0,0.0,0.0,0.0,0.0,0.0,0.0,0.0,0.0,0.0,0.0,0.0,0.0,0.0,0.0,0.0,0.0,0.0,0.0,0.0,0.0,0.0,0.0,0.0,0.0,0.0,0.0,0.0,0.0,0.0,0.0,0.0,0.0,0.0,0.0,0.0,0.0,0.0,0.0,0.0,0.0,0.0,0.0,0.0
P36,0.0,0.0,0.0,0.0,0.0,0.0,0.0,0.0,0.0,0.0,0.0,0.0,0.0,0.0,0.0,0.0,0.0,0.0,0.0,0.0,0.0,0.0,0.0,0.0,0.0,0.0,0.0,0.0,0.0,0.0,0.0,0.0,0.0,0.0,0.0,0.0,0.0,0.0,0.0,0.0,0.0,0.0,0.0,0.0,0.0,0.0,0.0,0.0,0.0,0.0,0.0,0.0,0.0,0.0,0.0,0.0,0.0,0.0,0.0,0.0,0.0,0.0
P37,0.0,0.0,0.0,0.0,0.0,0.0,0.0,0.0,0.0,0.0,0.0,0.0,0.0,0.0,0.0,0.0,0.0,0.0,0.0,0.0,0.0,0.0,0.0,0.0,0.0,0.0,0.0,0.0,0.0,0.0,0.0,0.0,0.0,0.0,0.0,0.0,0.0,0.0,0.0,0.0,0.0,0.0,0.0,0.0,0.0,0.0,0.0,0.0,0.0,0.0,0.0,0.0,0.0,0.0,0.0,0.0,0.0,0.0,0.0,0.0,0.0,0.0
P38,0.0,0.0,0.0,0.0,0.0,0.0,0.0,0.0,0.0,0.0,0.0,0.0,0.0,0.0,0.0,0.0,0.0,0.0,0.0,0.0,0.0,0.0,0.0,0.0,0.0,0.0,0.0,0.0,0.0,0.0,0.0,0.0,0.0,0.0,0.0,0.0,0.0,0.0,0.0,0.0,0.0,0.0,0.0,0.0,0.0,0.0,0.0,0.0,0.0,0.0,0.0,0.0,0.0,0.0,0.0,0.0,0.0,0.0,0.0,0.0,0.0,0.0
P39,0.0,0.0,0.0,0.0,0.0,0.0,0.0,0.0,0.0,0.0,0.0,0.0,0.0,0.0,0.0,0.0,0.0,0.0,0.0,0.0,0.0,0.0,0.0,0.0,0.0,0.0,0.0,0.0,0.0,0.0,0.0,0.0,0.0,0.0,0.0,0.0,0.0,0.0,0.0,0.0,0.0,0.0,0.0,0.0,0.0,0.0,0.0,0.0,0.0,0.0,0.0,0.0,0.0,0.0,0.0,0.0,0.0,0.0,0.0,0.0,0.0,0.0
P40,0.0,0.0,0.0,0.0,0.0,0.0,0.0,0.0,0.0,0.0,0.0,0.0,0.0,0.0,0.0,0.0,0.0,0.0,0.0,0.0,0.0,0.0,0.0,0.0,0.0,0.0,0.0,0.0,0.0,0.0,0.0,0.0,0.0,0.0,0.0,0.0,0.0,0.0,0.0,0.0,0.0,0.0,0.0,0.0,0.0,0.0,0.0,0.0,0.0,0.0,0.0,0.0,0.0,0.0,0.0,0.0,0.0,0.0,0.0,0.0,0.0,0.0
P41,0.0,0.0,0.0,0.0,0.0,0.0,0.0,0.0,0.0,0.0,0.0,0.0,0.0,0.0,0.0,0.0,0.0,0.0,0.0,0.0,0.0,0.0,0.0,0.0,0.0,0.0,0.0,0.0,0.0,0.0,0.0,0.0,0.0,0.0,0.0,0.0,0.0,0.0,0.0,0.0,0.0,0.0,0.0,0.0,0.0,0.0,0.0,0.0,0.0,0.0,0.0,0.0,0.0,0.0,0.0,0.0,0.0,0.0,0.0,0.0,0.0,0.0
P42,0.0,0.0,0.0,0.0,0.0,0.0,0.0,0.0,0.0,0.0,0.0,0.0,0.0,0.0,0.0,0.0,0.0,0.0,0.0,0.0,0.0,0.0,0.0,0.0,0.0,0.0,0.0,0.0,0.0,0.0,0.0,0.0,0.0,0.0,0.0,0.0,0.0,0.0,0.0,0.0,0.0,0.0,0.0,0.0,0.0,0.0,0.0,0.0,0.0,0.0,0.0,0.0,0.0,0.0,0.0,0.0,0.0,0.0,0.0,0.0,0.0,0.0
P43,0.0,0.0,0.0,0.0,0.0,0.0,0.0,0.0,0.0,0.0,0.0,0.0,0.0,0.0,0.0,0.0,0.0,0.0,0.0,0.0,0.0,0.0,0.0,0.0,0.0,0.0,0.0,0.0,0.0,0.0,0.0,0.0,0.0,0.0,0.0,0.0,0.0,0.0,0.0,0.0,0.0,0.0,0.0,0.0,0.0,0.0,0.0,0.0,0.0,0.0,0.0,0.0,0.0,0.0,0.0,0.0,0.0,0.0,0.0,0.0,0.0,0.0
P44,0.0,0.0,0.0,0.0,0.0,0.0,0.0,0.0,0.0,0.0,0.0,0.0,0.0,0.0,0.0,0.0,0.0,0.0,0.0,0.0,0.0,0.0,0.0,0.0,0.0,0.0,0.0,0.0,0.0,0.0,0.0,0.0,0.0,0.0,0.0,0.0,0.0,0.0,0.0,0.0,0.0,0.0,0.0,0.0,0.0,0.0,0.0,0.0,0.0,0.0,0.0,0.0,0.0,0.0,0.0,0.0,0.0,0.0,0.0,0.0,0.0,0.0
Pd119,500499040.3790496,235823220.4036564,111018209.44625744,52262264.28132848,24602640.68466374,11581777.239412801,5452161.234739474,2566623.542604446,1208246.8081581106,568786.3160262187,267758.1029921005,126048.04246841895,59337.54695964921,27933.353110745382,13149.72148309721,6190.27634804471,2914.0937558577257,1371.8195990735185,645.7887666171943,304.00726988491397,143.1124617218112,67.37068066770344,31.714978269694093,14.929934456330262,7.028317691874855,3.308604583791509,1.5575369201852376,0.7332158305118838,0.3451638591329788,0.16248706682778027,0.0764913422645556,0.03600856090063326,0.01695115315992353,0.007979813307288603,0.0037565243979818725,0.001768396704186544,0.0008324787947757979,0.000391892238947681,0.00018448461139336072,8.684676158004507e-05,4.088340994934948e-05,1.924600501707849e-05,9.060122665313646e-06,4.265083721930288e-06,2.007802744737449e-06,9.451800069122113e-07,4.4494671989473216e-07,2.0946018969640518e-07,9.860410045956483e-08,4.641821742610033e-08,2.185153456067777e-08,1.0286684606462496e-08,4.8424919494326965e-09,2.2796196420359236e-09,1.073138740677677e-09,5.051837313152617e-10,2.3781696877744583e-10,1.1195315116590347e-10,5.270232868750741e-11,2.4809801422829372e-11,1.1679298846354988e-11,5.498069864313847e-12
Pd120,1689086571.121782,422404360.2628914,105601903.01243794,26400480.736738324,6600120.2147750445,1650030.0538819153,412507.51347164024,103126.87836791722,25781.71959197934,6445.429897994835,1611.3574744987088,402.8393686246772,100.7098421561693,25.177460539042325,6.294365134760581,1.5735912836901453,0.39339782092253633,0.09834945523063408,0.02458736380765852,0.00614684095191463,0.0015367102379786576,0.0003841775594946644,9.60443898736661e-05,2.4011097468416524e-05,6.002774367104131e-06,1.5006935917760328e-06,3.751733979440082e-07,9.379334948600205e-08,2.3448337371500512e-08,5.862084342875128e-09,1.465521085718782e-09,3.663802714296955e-10,9.159506785742388e-11,2.289876696435597e-11,5.724691741088992e-12,1.431172935272248e-12,3.57793233818062e-13,8.94483084545155e-14,2.2362077113628876e-14,5.590519278407219e-15,1.3976298196018047e-15,3.494074549004512e-16,8.73518637251128e-17,2.18379659312782e-17,5.45949148281955e-18,1.3648728707048874e-18,3.4121821767622186e-19,8.530455441905546e-20,2.1326138604763866e-20,5.3315346511909665e-21,1.3328836627977416e-21,3.332209156994354e-22,8.330522892485885e-23,2.0826307231214713e-23,5.206576807803678e-24,1.3016442019509196e-24,3.254110504877299e-25,8.135276262193247e-26,2.0338190655483118e-26,5.0845476638707796e-27,1.2711369159676949e-27,3.1778422899192372e-28
Pd121,16794328.253210492,1475825.2793780041,129659.08531769148,11390.923269947893,1000.722142173208,87.9160022235588,7.723645546622349,0.6785420028970373,0.0596116492728478,0.005237035752574042,0.0004600869764229538,4.0419816834320297e-05,3.550984219596631e-06,3.1196303980075123e-07,2.740675040588608e-08,2.4077530732175158e-09,2.115272615590109e-10,1.858321057934003e-11,1.6325825470007077e-12,1.4342654954007297e-13,1.2600388967016246e-14,1.1069763766139048e-15,9.725070405278311e-17,8.543722918181738e-18,7.505878956212552e-19,6.594106508934422e-20,5.7930911096270026e-21,5.08937860784759e-22,4.471149188552015e-23,3.928018842116376e-24,3.4508649506768257e-25,3.031673061271164e-26,2.6634022721273453e-27,2.3398669710772672e-28,2.0556329397306028e-29,1.8059260783359898e-30,1.5865522182386425e-31,1.3938266750748166e-32,1.2245123594525765e-33,1.0757654056029817e-34,9.450874047604637e-36,8.302834409665954e-37,7.294252244511221e-38,6.40818703364911e-39,5.629756098595169e-40,4.945884625908218e-41,4.345086057795535e-42,3.817269159646489e-43,3.3535685239295456e-44,2.946195663533587e-45,2.588308193462296e-46,2.2738949036090343e-47,1.9976747922520772e-48,1.7550083643995562e-49,1.5418197051183248e-50,1.3545280189615937e-51,1.1899874856063105e-52,1.0454344214933364e-53,9.184408599778239e-55,8.068737703048558e-56,7.08859230437214e-57,6.227509519688439e-58
Pd122,1039724.0012334208,19805.327151262936,377.23644397119176,7.1852601645245056,0.13685829214778045,0.002606751992971078,4.965103552733134e-05,9.457076602367927e-07,1.8012977354962388e-08,3.430947710715676e-10,6.534956415975123e-12,1.2447189219851298e-13,2.3708271274164837e-15,4.515735375123542e-17,8.601161064140253e-19,1.6382707467498222e-20,3.120428764955929e-22,5.943508236646384e-24,1.1320652647419852e-25,2.156254711204818e-27,4.107037398283436e-29,7.822710416931148e-31,1.4899985642385384e-32,2.8380134289872536e-34,5.405589251173633e-36,1.0296073603439998e-37,1.961102235513693e-39,3.7353287537220516e-41,7.114713677702759e-43,1.3551457998242192e-44,2.5811581772243257e-46,4.9163547839031066e-48,9.364224391392774e-50,1.7836120928347463e-51,3.397261710890274e-53,6.470794394502028e-55,1.2324979250699603e-56,2.3475496866233832e-58,4.4713986279958445e-60,8.516712470184518e-62,1.62218574845132e-63,3.0897915265907255e-65,5.885153218061537e-67,1.1209503327972529e-68,2.1350840021326583e-70,4.0667133616769475e-72,7.74590486815622e-74,1.4753693435080228e-75,2.8101490230171445e-77,5.3525156709488506e-79,1.0194983886296988e-80,1.941847587779787e-82,3.698654256074349e-84,7.0448594380252e-86,1.341840601078747e-87,2.5558156476264572e-89,4.86808464388454e-91,9.27228382924747e-93,1.766100092736253e-94,3.3639064495895024e-96,6.407262333618913e-98,1.2203969173049183e-99
Pd123,121257.55561183047,7079.153551663977,413.2870927541704,24.12805708778191,1.4086167921472976,0.08223626377791168,0.004801024038511595,0.00028028792602512745,1.6363450973226694e-05,9.553123873384014e-07,5.5771961482660055e-08,3.2560152352776693e-09,1.9008897895148317e-10,1.109755861315433e-11,6.478850475798979e-13,3.7824088117908716e-14,2.2082029015724342e-15,1.289167907845524e-16,7.526273484358484e-18,4.393903402080738e-19,2.565198719783473e-20,1.4975851469248695e-21,8.743031309789888e-23,5.1042571195987645e-24,2.9799093494954877e-25,1.739696790961945e-26,1.0156499978751683e-27,5.929452324927547e-29,3.4616654307235006e-30,2.0209501481087534e-31,1.1798481346266827e-32,6.888055215437967e-34,4.02130606969467e-35,2.3476731821080524e-36,1.3705918610686176e-37,8.001633549098806e-39,4.6714227096127615e-40,2.7272168861499043e-41,1.5921727504548032e-42,9.29524190087269e-44,5.426642427529222e-45,3.168120674029523e-46,1.8495761862428751e-47,1.0797985369558754e-48,6.303957031261978e-50,3.680304509768127e-51,2.148593529024758e-52,1.2543674418011444e-53,7.323105360765601e-55,4.275292098451604e-56,2.495952417264118e-57,1.4571585580089029e-58,8.507017395411745e-60,4.9664701598929104e-61,2.8994681334976745e-62,1.692734514959767e-63,9.882330159219794e-65,5.769389618557295e-66,3.3682194416124044e-67,1.9663955733488332e-68,1.1479987031470983e-69,6.702115486270109e-71
Pd124,12920.70389427226,0.0001546835685343264,1.8518345881388464e-12,2.216971960448638e-20,2.654105666292352e-28,3.1774316561133504e-36,3.8039449813521986e-44,4.55399171003865e-52,5.451929666902975e-60,6.526919455592184e-68,7.813871451497928e-76,9.354579518860445e-84,1.1199078269697888e-91,1.3407267941648535e-99,1.6050859662757397e-107,1.921570427582985e-115,2.3004580351100844e-123,2.7540531928143484e-131,3.297086438044037e-139,3.9471928168624593e-147,4.725484583514131e-155,5.657236822491863e-163,6.772708258833773e-171,8.108123912527116e-179,9.706851508795762e-187,1.1620809848285036e-194,1.3912154874073272e-202,1.665529819066474e-210,1.9939323586522284e-218,2.387088003689329e-226,2.8577645137416394e-234,3.4212471443779518e-242,4.0958350370126076e-250,4.903435484918826e-258,5.87027537424895e-266,7.027752904162888e-274,8.413457245741013e-282,1.0072389253182441e-289,1.205842286997796e-297,1.4436054689334558e-305,1.7282498486e-313,2.07e-321,0.0,0.0,0.0,0.0,0.0,0.0,0.0,0.0,0.0,0.0,0.0,0.0,0.0,0.0,0.0,0.0,0.0,0.0,0.0,0.0
Pd125,3.0061396035684696e-11,5.284212964742186e-12,9.28862605835178e-13,1.6327611061016585e-13,2.870078753144858e-14,5.045044261815401e-15,8.868213659916913e-16,1.5588607242394607e-16,2.7401761513255447e-17,4.8167005708329474e-18,8.466829542268397e-19,1.4883051467206347e-19,2.616153069690452e-20,4.59869194105226e-21,8.083612466605882e-22,1.4209429843938188e-22,2.4977433953433647e-23,4.390550597385772e-24,7.717740174648549e-25,1.3566297001303122e-25,2.3846930599208362e-26,4.191829936708851e-27,7.36842762433831e-28,1.2952272986947486e-28,2.2767594944447156e-29,4.0021035695957814e-30,7.034925305396691e-31,1.2366040306525426e-31,2.1737111088486319e-32,3.820964405427827e-33,6.716517631121476e-34,1.1806341096787718e-34,2.075326795061569e-35,3.6480237789101105e-36,6.412521402972004e-37,1.1271974426619336e-37,1.9813954525824007e-38,3.482910616123241e-39,6.122284344649008e-40,1.0761793720234837e-40,1.89171553552738e-41,3.325270638320278e-42,5.845183702523382e-43,1.0274704297002314e-43,1.8060946201787144e-44,3.1747656017606144e-45,5.580624909410951e-46,9.809661022617528e-47,1.7243489921063135e-47,3.031072571949751e-48,5.328040308826094e-49,9.365666066588087e-50,1.6463032519768168e-50,2.8938832307276686e-51,5.086887936976962e-52,8.941766761216233e-53,1.571789939204111e-53,2.762903214719089e-54,4.856650359888697e-55,8.53705355748596e-56,1.5006491726337477e-56,2.6378514837261024e-57
Pd126,0.0,0.0,0.0,0.0,0.0,0.0,0.0,0.0,0.0,0.0,0.0,0.0,0.0,0.0,0.0,0.0,0.0,0.0,0.0,0.0,0.0,0.0,0.0,0.0,0.0,0.0,0.0,0.0,0.0,0.0,0.0,0.0,0.0,0.0,0.0,0.0,0.0,0.0,0.0,0.0,0.0,0.0,0.0,0.0,0.0,0.0,0.0,0.0,0.0,0.0,0.0,0.0,0.0,0.0,0.0,0.0,0.0,0.0,0.0,0.0,0.0,0.0
Pm159,197312290.5273716,123908952.87335834,77641907.58340485,48581481.33681501,30369872.995095726,18973749.59627594,11849294.114940636,7398101.296654429,4618226.670504402,2882588.4814853314,1799115.1798689957,1122832.5094641426,700741.3007582077,437312.3841512719,272910.45097249566,170311.84420191118,106283.80984208953,66326.60869767139,41391.14455189871,25830.118741291477,16119.253574888113,10059.19351229436,6277.42032982697,3917.4109477271636,2444.6516043596025,1525.5792206218675,952.0341341810878,594.1146374675138,370.7558141050539,231.36927113810563,144.3854332533001,90.10337905114994,56.228794575781244,35.089442370926534,21.89748103142622,13.665069670336063,8.52765341437835,5.3216613201654255,3.3209697693750395,2.072443085362688,1.2933030528576601,0.8070826157392215,0.503657937814119,0.31430650761347356,0.19614220943920405,0.12240206737957915,0.07638471158956525,0.04766769295216217,0.029746907516979774,0.018563485077992024,0.011584497583256914,0.007229277460153698,0.0045114129654924085,0.0028153362569602585,0.0017569037240388456,0.001096391483578316,0.0006842004310284039,0.00042697361009366497,0.00026645183991243524,0.00016627862077270525,0.00010376576770930984,6.475477423535147e-05
Pm160,14776650.369378598,9498088.15739336,6098531.534836388,3913711.2479764433,2510985.216036175,1610822.4242215182,1033299.6797224397,662815.9991788326,425161.51076464984,272716.9622668382,174931.91096211557,112208.38118009391,71974.92972103355,46167.57424355909,29613.70822223318,18995.40231913293,12184.400993196314,7815.55570262864,5013.205856647475,3215.6680617848456,2062.6563837425674,1323.0691948389888,848.6687881391863,544.3696479477031,349.1801721912368,223.9779405502533,143.66828888683864,92.15450941608636,59.11153861073457,37.916473312689995,24.32112210675941,15.600527392234259,10.00679384147904,6.418752422158196,4.117241077374819,2.6409608868388657,1.6940165209513833,1.0866090397465609,0.6969939139648004,0.44707939869272345,0.2867743673663435,0.1839483948910146,0.11799175879535694,0.07568456985922707,0.04854706950093897,0.03114000596835879,0.019974428563410314,0.012812386639879944,0.00821837034729903,0.005271587024632351,0.003381403926072185,0.0021689659030249644,0.001391260314158773,0.0008924092624294658,0.0005724265139780422,0.000367176953108947,0.0002355217859449839,0.0001510729668216837,9.690416201937611e-05,6.215815320395021e-05,3.9870692127271094e-05,2.5574635164781766e-05
Pm161,584444.5953933054,305042.0555470638,159158.30091262184,83029.19675982447,43311.26189437049,22592.079747058382,11784.327540248727,6146.816555749252,3206.2268073085984,1672.389965463423,872.3294839220229,455.0125803796681,237.33740513504935,123.7966646339409,64.5731070230717,33.68173204281198,17.568599646985945,9.163890150748884,4.779941728570796,2.4932471402754697,1.3004931133927842,0.6783452431973601,0.3538290700633676,0.18455942910081125,0.09626733852985368,0.05021363857000904,0.026191744125649032,0.013661775562947317,0.007126066543595888,0.00371700033789639,0.0019388103419180308,0.0010112954533804048,0.0005274979568223708,0.00027514619345085173,0.00014351795450837361,7.485985180437081e-05,3.904736122646862e-05,2.03673448717848e-05,1.0623732925773817e-05,5.541404733344631e-06,2.8904309467566542e-06,1.5076666404992923e-06,7.86408234877576e-07,4.1019539417444233e-07,2.139604520139846e-07,1.1160309373576334e-07,5.82128632378263e-08,3.0364189135914097e-08,1.583814865994197e-08,8.261276197813079e-09,4.309132707484196e-09,2.2476702444139997e-09,1.1723986868284718e-09,6.115303987731894e-10,3.189780343710073e-10,1.663809135495297e-10,8.678531250016457e-11,4.52677552074452e-11,2.3611940805275056e-11,1.2316134211579298e-11,6.424171700606083e-12,3.3508876510997345e-12
Pm162,2270.084287497624,170.75618843040138,12.844314216817049,0.9661518520458856,0.07267413311872509,0.005466562645793421,0.0004111959218222075,3.0930238447614874e-05,2.3265786445225536e-06,1.7500570512303346e-07,1.3163963701684894e-08,9.901959494260503e-10,7.448273487219215e-11,5.602606026874667e-12,4.214291318146991e-13,3.1699982524233245e-14,2.3844789459845397e-15,1.793609772338847e-16,1.349156812999712e-17,1.0148384192231438e-18,7.63363463170348e-20,5.742035045830255e-21,4.319170101567367e-22,3.2488882804399644e-23,2.4438201808606187e-24,1.8382463664071763e-25,1.382732547211874e-26,1.0400941528071206e-27,7.823608758504186e-29,5.884933959194569e-30,4.42665894641477e-31,3.329741601816684e-32,2.5046382088795063e-33,1.883993807194084e-34,1.4171438625195926e-35,1.065978412141384e-36,8.018310668411457e-38,6.031389120348671e-39,4.536822807872981e-40,3.4126070759710145e-41,2.566969782191568e-42,1.9308797397396576e-43,1.4524115535766179e-44,1.0925068390055566e-45,8.217858019200542e-47,6.181489031703455e-48,4.649728257630254e-49,3.4975347782583344e-50,2.6308525675780105e-51,1.978932497071106e-52,1.4885569325419683e-53,1.1196954644477381e-54,8.422371396731838e-56,6.335324398181268e-57,4.7654435241083186e-58,3.5845760302322172e-59,2.6963251692127904e-60,2.0281811173243265e-61,1.5256018419588177e-62,1.1475607184720444e-63,8.631974387820794e-65,6.492988182028764e-66
Pm163,45.33561529166927,1.4167379778646667,0.04427306180827087,0.0013835331815084668,4.3235411922139636e-05,1.3511066225668647e-06,4.222208195521457e-08,1.3194400611004573e-09,4.1232501909389323e-11,1.2885156846684172e-12,4.026611514588809e-14,1.2583160983090053e-15,3.932237807215649e-17,1.2288243147548922e-18,3.8400759836090453e-20,1.200023744877828e-21,3.7500742027432125e-23,1.1718981883572539e-24,3.6621818386164184e-26,1.1444318245676308e-27,3.576349451773846e-29,1.1176092036793269e-30,3.4925287614978966e-32,1.0914152379680927e-33,3.4106726186502896e-35,1.0658351933282155e-36,3.3307349791506735e-38,1.0408546809845855e-39,3.2526708780768296e-41,1.0164596493990092e-42,3.176436404371904e-44,9.9263637636622e-46,3.1019886761444374e-47,9.693714612951367e-49,3.029285816547302e-50,9.466518176710319e-52,2.9582869302219747e-53,9.244646656943671e-55,2.888952080294897e-56,9.027975250921554e-58,2.8212422659129855e-59,8.81638208097808e-61,2.75511940030565e-62,8.609748125955156e-64,2.6905462893609863e-65,8.407957154253082e-67,2.627486610704088e-68,8.210895658450276e-70,2.565904893265711e-71,8.018452791455347e-73,2.505766497329796e-74,7.830520304155612e-76,2.447037595048629e-77,7.646992484526965e-79,2.3896851514146767e-80,7.467766098170865e-82,2.333676905678395e-83,7.292740330244985e-85,2.2789813532015578e-86,7.121816728754868e-88,2.2255677277358963e-89,6.954899149174676e-91
Pr153,204971131341.12158,175289573805.1679,149556315022.77768,127429387321.07217,108491967869.27586,92327465182.6604,78550984368.81087,66820108590.968414,56836194088.83137,48341592104.58606,41115375025.12804,34968760058.25811,29740753352.63767,25294216920.101086,21512411067.2089,18295998345.52088,15560468147.49003,13233932912.70272,11255247209.413574,9572404779.225477,8141173641.538167,6923934480.025796,5888692319.16478,5008235779.142482,4259421941.307837,3622568091.3771925,3080934384.083334,2620283846.674759,2228508163.57618,1895309409.6713114,1611929368.359664,1370919320.365094,1165944252.5890052,991616340.8100768,843353329.3893418,717258085.5077915,610016162.0143083,518808676.30922014,441238215.2681662,375265818.60062134,319157384.2353891,271438086.9850829,230853612.3724015,196337186.63914922,166981536.3130737,142015040.2822901,120781447.52821822,102722627.39223559,87363898.9622021,74301553.95786382,63192245.1508469,53743961.39102661,45708352.01542823,38874198.88469799,33061864.457877748,28118569.971646413,23914379.609707206,20338785.105140746,17297801.00108396,14711494.217885874,12511882.99075282,10641149.950897805
Pr154,14644453979.76111,10877984219.308844,8065555297.641694,5974285381.252667,4422810775.617274,3273246416.429101,2422066835.185692,1792062959.1077642,1325861461.343161,980913547.4007986,725698995.0802213,536881642.9938931,397190188.9211591,293844335.2159605,217387966.02979168,160824913.01087978,118979176.19589382,88021442.79218876,65118734.08327973,48175184.07970491,35640254.64031319,26366847.286490638,19506331.646996275,14430886.16234212,10676045.008929644,7898193.881239855,5843125.095440186,4322774.468691767,3198011.131918398,2365905.3397072596,1750309.1280606946,1294887.8351846777,957964.7839181565,708707.3507639779,524305.3997949747,387883.87330294657,286958.5154508346,212293.40856171623,157055.77249694883,116190.68082101758,85958.47255413597,63592.5269705657,47046.08360688214,34804.938381676395,25748.875206586807,19049.152368372525,14092.662418925525,10425.825265776008,7713.079987392523,5706.176861337102,4221.459446301724,3123.0577477393867,2310.4544340132666,1709.2862581601635,1264.5389016654367,935.5124843432724,692.0970222501471,512.0169919953303,378.7928450256967,280.23292524629755,207.31778179909796,153.3747778292739
Pr155,716857760.9066114,318483136.0533373,141341235.28805974,62691413.37911667,27798505.109941624,12324511.853184901,5463668.172913258,2422040.81825233,1073666.9074539295,475940.869419526,210976.46421887062,93521.9956288885,41456.522740286004,18376.87418067178,8146.109391337884,3611.010435357427,1600.6898920318374,709.5543016686852,314.5314373540798,139.4255850104062,61.804612501415846,27.396765886765618,12.144446006853581,5.383393399958565,2.386352120652429,1.0578228301402952,0.4689119975694352,0.20785944033597772,0.09213999035855505,0.04084384047881703,0.01810526893425354,0.008025708634079963,0.003557638348972478,0.0015770309139202514,0.0006990667008569136,0.00030988248101741864,0.00013736479212038158,6.0891103144398096e-05,2.699182508784496e-05,1.1964943710168627e-05,5.30382356589773e-06,2.351080381119109e-06,1.0421875633315002e-06,4.619811920874608e-07,2.0478715094267936e-07,9.077810506034664e-08,4.02401435852483e-08,1.783766200764994e-08,7.907083761395945e-09,3.5050542825017086e-09,1.5537214343502355e-09,6.887340682884779e-10,3.05302228786959e-10,1.3533445664146184e-10,5.999109547025378e-11,2.659286943646335e-11,1.1788094538387585e-11,5.225429815987689e-12,2.3163299779192275e-12,1.0267833949642583e-12,4.551528280618278e-13,2.0176027184379135e-13
Pr156,37208591.183666006,14465520.259982733,5620805.728054323,2183605.2619871153,848232.0952623957,329489.4446175806,127986.1267926654,49714.394690500136,19310.81384538382,7500.9914235125525,2913.6449647351624,1131.7605238174217,439.6149289071339,170.76163917569846,66.32972469270534,25.764758330122824,10.0079229055955,3.8874232607713353,1.5100095942330127,0.5865399318697887,0.22783238794149827,0.08849797630846812,0.03437567363193782,0.013352700106143787,0.00518665036308841,0.002014674318682605,0.0007825691585545649,0.00030397691688512394,0.00011807514388843805,4.586446808901611e-05,1.7815345074454303e-05,6.920095955454736e-06,2.6880045170367177e-06,1.0441138865877183e-06,4.055699316186896e-07,1.5753738317833363e-07,6.119296615413453e-08,2.3769463673915144e-08,9.232881470763587e-09,3.5863703709360302e-09,1.3930702433748566e-09,5.41116645035739e-10,2.1018841291547373e-10,8.164444640398708e-11,3.171352567039051e-11,1.231862979963082e-11,4.784981705204525e-12,1.8586523251009763e-12,7.219648221111865e-13,2.8043609734150774e-13,1.0893107570277704e-13,4.231259586854848e-14,1.6435675105423226e-14,6.384184440260756e-15,2.4798379565083293e-15,9.632547975522202e-16,3.7416146590231935e-16,1.4533724921165833e-16,5.645401232719709e-17,2.1928690168051354e-17,8.517861400167144e-18,3.3086318551832023e-18
Pr157,1229251.5918487846,385755.69474241027,121040.2607847095,37978.46762194276,11916.34874559327,3738.941225479239,1173.1512575237846,368.09453650641524,115.49541143451471,36.23848964836985,11.3703922560572,3.567638202014044,1.1194022205892753,0.35122993434468014,0.11020387891923752,0.034578188648713364,0.010849446879290249,0.003404183451666162,0.0010681157391275082,0.0003351379995732926,0.00010515478299171475,3.299395592297319e-05,1.0352369112234018e-05,3.2482175367554214e-06,1.019178996778313e-06,3.197833321568758e-07,1.0033701621462879e-07,3.148230633207572e-08,9.878065437650036e-09,3.099397349141499e-09,9.72484338001172e-10,3.051321534876881e-10,9.573998002209673e-11,3.0039914410400927e-11,9.425492438748591e-12,2.957395500506059e-12,9.279290395966511e-13,2.9115223255713485e-13,9.13535614316492e-14,2.866360705171103e-14,8.993654503876374e-15,2.8218996021391305e-15,8.854150847267694e-16,2.7781281505105055e-16,8.716811079676407e-17,2.7350356528660083e-17,8.581601636278532e-18,2.6926115777177494e-18,8.448489472885564e-19,2.6508455569353652e-19,8.317442057868742e-20,2.6097273832121078e-20,8.188427364208517e-21,2.569247007570263e-21,8.061413861667433e-22,2.529394536905249e-22,7.93637050908435e-23,2.4901602315678317e-23,7.813266746788235e-24,2.451534502983805e-24,7.692072489129543e-25,2.413507911310622e-25
Pr158,6268.533618919046,35.81141086909904,0.20458646733022925,0.0011687789338336108,6.677099487564143e-06,3.8145500638511954e-08,2.1792085345931254e-10,1.2449567466022316e-12,7.112294561565644e-15,4.063171999230769e-17,2.3212433838930786e-19,1.3260996207611854e-21,7.575854459662988e-24,4.327998432052298e-26,2.4725356760193644e-28,1.4125311654259551e-30,8.06962792347584e-33,4.610085527118554e-35,2.6336887857641967e-37,1.5045960816686843e-39,8.59558419054394e-42,4.91055828716416e-44,2.805345414237717e-46,1.6026615372341858e-48,9.155820847921413e-51,5.230615039523655e-53,2.9881901520498038e-55,1.7071186308561942e-57,9.752572197646928e-60,5.571532215228222e-62,3.182952209553049e-64,1.8183839520137528e-66,1.0388218167452332e-68,5.9346694395909725e-71,3.390408325035462e-73,1.9369012423482193e-75,1.1065293802246782e-77,6.321474954582551e-80,3.6113858624612793e-82,2.063143165366927e-84,1.1786499374229926e-86,6.733491394622408e-89,3.846766111113996e-91,2.1976131914912637e-93,1.2554711151954664e-95,7.172361938820355e-98,4.0974878003011394e-100,2.3408476059670315e-102,1.3372992871287779e-104,7.639836864204331e-107,4.364550843137841e-109,2.4934176476449143e-111,1.424460795401655e-113,8.137780526069649e-116,4.649020324340019e-118,2.6559317871608035e-120,1.5173032522830654e-122,8.668178793288339e-125,4.952030747930947e-127,2.8290381536016634e-129,1.616196926458486e-131,9.233146968231537e-134
Pr159,64.12251923387079,0.08987640419349137,0.00012597396557814905,1.7656959182879625e-07,2.4748622158160806e-10,3.4688549278705355e-13,4.862070475565386e-16,6.814850952523578e-19,9.551937541528741e-22,1.3388335479806734e-24,1.876556731454131e-27,2.6302486755557776e-30,3.686650117900806e-33,5.1673399622361305e-36,7.242727525368315e-39,1.0151664568248641e-41,1.4228934216463455e-44,1.994378040914459e-47,2.795391214529347e-50,3.9181197756694616e-53,5.4917760693745475e-56,7.69746871533598e-59,1.0789045998068936e-61,1.5122310704106122e-64,2.1195968677161394e-67,2.97090237698408e-70,4.164122464985489e-73,5.836582190559727e-76,8.180761241679208e-79,1.1466445996701138e-81,1.6071778641503973e-84,2.2526776716675455e-87,3.157433166311107e-90,4.425570655362129e-93,6.203037275523628e-96,8.694397725842457e-99,1.218637716613647e-101,1.7080859780996782e-104,2.394114074105674e-107,3.3556754597375296e-110,4.70343410653525e-113,6.592500574012413e-116,9.240283340626892e-119,1.2951509864351833e-121,1.8153296991326085e-124,2.544430688829044e-127,3.5663645746271197e-130,4.9987434654817e-133,7.006416677495327e-136,9.820442876828882e-139,1.376468211016178e-141,1.9293068140628328e-144,2.704185067987403e-147,3.790281995908546e-150,5.312594089279764e-153,7.44632087742193e-156,1.0437028253563947e-158,1.4628910109955732e-161,2.0504400851084063e-164,2.873969770145844e-167,4.028258274747622e-170,5.646150107991298e-173
Rb100,2208256788.8060575,2763.774532733986,0.0034590248022278026,4.329171008964755e-09,5.41820966787813e-15,6.781204979959487e-21,8.487072999933547e-27,1.0622066184265575e-32,1.3294134505948242e-38,1.6638383643668045e-44,2.0823906223456266e-50,2.6062331515497055e-56,3.2618525877655088e-62,4.082398498379179e-68,5.1093594977525915e-74,6.394661003240915e-80,8.00329069903121e-86,1.0016584457055122e-91,1.2536338858397757e-97,1.5689958253372387e-103,1.9636896606991631e-109,2.457671984377635e-115,3.0759196341870686e-121,3.84969257741424e-127,4.818114483837974e-133,6.030150904922843e-139,7.547085080298111e-145,9.445616553768004e-151,1.1821739271725818e-156,1.4795595249196791e-162,1.8517549215589884e-168,2.3175791387670503e-174,2.9005852782755107e-180,3.6302514187388378e-186,4.543471092527407e-192,5.686418704246026e-198,7.116884210660124e-204,8.907195108605566e-210,1.1147873473047248e-215,1.3952212953211742e-221,1.746200714983163e-227,2.1854719012913236e-233,2.735245376062031e-239,3.4233189009879795e-245,4.284482993892747e-251,5.362280014186911e-257,6.711205760773348e-263,8.399464900056481e-269,1.051241954458435e-274,1.3156905350079602e-280,1.6466633362262534e-286,2.060895074277757e-292,2.5793302211465204e-298,3.2281820034196976e-304,4.04025780094595e-310,5.05661796e-316,6.3e-322,0.0,0.0,0.0,0.0,0.0
Rb101,62784.80737906442,2.4584829554637135e-05,9.62675318220537e-15,3.769575730640816e-24,1.4760637278311303e-33,5.779865651481025e-43,2.263238796488608e-52,8.862229952730278e-62,3.4702091470384136e-71,1.3588398843655643e-80,5.32084883966846e-90,2.0835002490245307e-99,8.158422497031077e-109,3.1946172154875075e-118,1.2509255505219376e-127,4.898285545330399e-137,1.9180359113763238e-146,7.510508979690481e-156,2.940911835875636e-165,1.151581397450087e-174,4.509280756994359e-184,1.7657121754852709e-193,6.914050498676517e-203,2.707354854429261e-212,1.0601268112237167e-221,4.151169374922187e-231,1.6254854604988734e-240,6.364960674105867e-250,2.4923461554974822e-259,9.759352299055169e-269,3.821497952320436e-278,1.4963950631235146e-287,5.8594776521619654e-297,2.294412699044809e-306,8.9842985e-316,0.0,0.0,0.0,0.0,0.0,0.0,0.0,0.0,0.0,0.0,0.0,0.0,0.0,0.0,0.0,0.0,0.0,0.0,0.0,0.0,0.0,0.0,0.0,0.0,0.0,0.0,0.0
Rb102,67.82956880316756,4.959903506299192e-07,3.626831664400934e-15,2.652049158858734e-23,1.9392586675690278e-31,1.4180446720527501e-39,1.0369172125232305e-47,7.582252709080736e-56,5.544372824563771e-64,4.05421333173794e-72,2.9645635781238915e-80,2.1677786760597683e-88,1.5851454234465582e-96,1.1591063429227554e-104,8.475736637983354e-113,6.197715334324656e-121,4.531957162659361e-129,3.3139043367208035e-137,2.4232272192292093e-145,1.7719371349819516e-153,1.2956940997579074e-161,9.474507684295207e-170,6.928046973166058e-178,5.0659977765341654e-186,3.704411008073856e-194,2.7087775245979143e-202,1.9807401667295003e-210,1.4483772005890296e-218,1.0590972760702338e-226,7.744440051412148e-235,5.662969121444447e-243,4.140934535943073e-251,3.0279767491637536e-259,2.214148307318795e-267,1.6190523022201557e-275,1.1839000796196303e-283,8.657035949989815e-292,6.33028688227595e-300,4.628897493715748e-308,3.38479003e-316,5e-324,0.0,0.0,0.0,0.0,0.0,0.0,0.0,0.0,0.0,0.0,0.0,0.0,0.0,0.0,0.0,0.0,0.0,0.0,0.0,0.0,0.0
Rb91,404872359171785.25,402890339808167.5,400719213247601.8,398374305287403.6,395872227110267.7,393228944553986.75,390459324868893.4,387577084038863.75,384594838949524.25,381524183233624.3,378375764785353.94,375159359259935.8,371883938356234.56,368557732886019.7,365188290936216.2,361782531486799.75,358346793838298.5,354886883178908.8,351408112595258.9,347915341806269.8,344413012876968.6,340905183148475.56,337395555601588.6,333887506854138.94,330384112976529.4,326888173295382.6,323402232341905.75,319928600089347.0,316469370612645.8,313026439293003.06,309601518680536.3,306196153119380.5,302811732231466.94,299449503347736.25,296110582968630.44,292795967329353.2,289506542139517.0,286243091561380.44,283006306485894.44,279796792161170.4,276615075223740.9,273461610179063.88,270336785374119.88,267240928501613.94,264174311672227.28,261137156088530.12,258129636351555.4,255151884428624.72,252203993308794.03,249286020370236.8,246397990481996.5,243539898860794.6,240711713701965.2,237913378602122.16,235144814789778.34,232405923178885.94,229696586259100.03,227016669835496.78,224366024629485.03,221744487751737.7,219151884057134.4,216588027390916.75
Rb92,26982881918067.805,24247741203083.32,21551541499278.668,18998644491657.82,16644624581374.646,14513271035240.598,12608555670952.51,10922622768550.107,9441021671520.24,8146077287340.289,7019014756812.069,6041256931369.987,5195177712493.89,4464501917756.553,3834479528535.65,3291919553267.7593,2825139882974.181,2423870034813.5986,2079130578751.9414,1783104277160.6877,1529008142026.6123,1310971778148.4456,1123924885163.036,963495195606.3147,825917131049.1819,707950860762.1061,606811110277.8367,520104898385.9995,445777318733.4813,382064485232.41876,327452801806.65137,280643778996.3028,240523691290.8764,206137442712.1846,176666079864.92352,151407459001.2556,129759635383.59612,111206598909.03456,95306029576.3521,81678790202.76138,69999912251.18626,59990864197.62176,51412921057.75,44061478996.58094,37761180829.29776,32361737112.571148,27734343808.708576,23768611523.768932,20369933378.879295,17457228938.02693,14961010518.335997,12821725852.746399,10988337635.63699,9417106111.126762,8070545692.633465,6916530743.776247,5927529202.173007,5079945772.799053,4353559028.27953,3731038991.5831385,3197533695.1293287,2740314854.858919
Rb93,25798511888131.098,23211526918909.137,20788836133068.457,18564336940811.38,16546247659051.697,14729196226618.457,13101024731642.164,11646626957714.215,10350073756268.732,9195752463932.52,8168942418741.834,7256071510463.016,6444795527365.788,5723982002687.77,5083645340470.181,4514859726889.306,4009664594472.8887,3560970636714.04,3162470490524.6533,2808556001897.952,2494242760049.7896,2215101916100.2666,1967198954925.1382,1747038924272.0076,1551517563124.0942,1377877765138.5151,1223670836105.43,1086722041581.6403,965099983622.7358,857089389195.8881,761166934937.3344,675979772221.7786,600326452541.6425,533139985849.52155,473472793901.1276,420483346954.96216,373424295688.8358,331631931142.80194,294516824147.33777,261555512283.55963,232283117168.88684,206286787966.5861,183199878661.12704,162696776984.6728,144488312067.5739,128317676046.05888,113956802107.9655,101203147894.20998,89876838890.37054,79818131519.75696,70885160158.20912,62951936295.157326,55906571621.64547,49649699984.20804,44093075948.23102,39158330205.279686,34775864270.959625,30883868884.39569,27427452265.069916,24357865932.161377,21631817167.52754,19210858425.468925
Rb94,5561877260547.137,4321531435742.6904,3344390874101.635,2587684700118.786,2002172577945.8708,1549142805849.565,1198619641285.3044,927409040283.3909,717565020900.8927,555202221300.0424,429577108077.8947,332377077585.2835,257170411613.51016,198980691117.28238,153957506966.2927,119121678682.40639,92168122306.76872,71313323179.43681,55177320917.61757,42692397548.00331,33032426694.25815,25558208861.066204,19775175654.879417,15300664233.049934,11838596534.27493,9159887817.066967,7087288140.814289,5483653751.450702,4242872290.26707,3282841347.6605287,2540035753.287126,1965304120.6437404,1520616503.7719703,1176547958.7893488,910331497.7166443,704351598.7123486,544978588.4076527,421666767.5146302,326256602.7515887,252434811.1813551,195316610.7865263,151122494.83581936,116928142.22730562,90470915.39603417,70000141.76813775,54161271.89726855,41906249.03655662,32424159.3078701,25087573.595647343,19411030.612727556,15018913.965981096,11620597.649752827,8991215.346416676,6956781.040203922,5382676.376517734,4164742.976224649,3222390.2840753286,2493262.898138319,1929114.517863838,1492615.4902524715,1154882.7097152553,893568.4252972938
Rb95,363194747116.3727,58210177709.478195,9289977342.533184,1482541293.3379264,236591211.10987857,37756385.476281404,6025349.113013539,961554.7536036609,153449.62206104284,24488.24304848951,3907.9538909736884,623.6504425301515,99.52519536282126,15.882718645756185,2.5346421140961284,0.4044906158597897,0.06455059568714598,0.010301300549849436,0.0016439320487860256,0.00026234673650651994,4.18665784917609e-05,6.681273866592254e-06,1.0662304417637896e-06,1.7015428160014165e-07,2.715405452030265e-08,4.3333771560583205e-09,6.915415730128987e-10,1.1035959483391835e-10,1.7611725234166755e-11,2.8105654627544514e-12,4.4852381668455437e-13,7.157762976853866e-14,1.1422709101945497e-14,1.8228919237700045e-15,2.909060307926382e-16,4.6424210699506474e-17,7.408603160270799e-18,1.182301216527908e-18,1.886774249293543e-19,3.011006855132657e-20,4.80511236839832e-21,7.668233911050753e-22,1.2237343647010073e-22,1.9528952986059557e-23,3.1165260675253343e-24,4.973505101117407e-25,7.93696329018105e-26,1.2666195165966207e-26,2.0213335266501643e-27,3.225743147348957e-28,5.147799071988402e-29,8.21511015449052e-30,1.3110075569508425e-30,2.0921701377829036e-31,3.3387876844974283e-32,5.328201086917736e-33,8.503004534984297e-34,1.3569511537296036e-34,2.1654891821264965e-35,3.4557938102769157e-36,5.514925199220239e-37,8.800988028437161e-38
Rb96,51793287588.443665,1899545112.0771103,62514143.834656544,2056236.8524298524,67634.26305744302,2224.6432681595625,73.17352842270533,2.406842183850859,0.07916646118935083,0.0026039632424995525,8.56502168521951e-05,2.817228571854276e-06,9.266499394588139e-08,3.047960392272496e-09,1.0025428327646061e-10,3.2975892143345895e-12,1.0846513755935466e-13,3.56766270784389e-15,1.1734846314074705e-16,3.8598552972003194e-18,1.2695933561103572e-19,4.175978542637856e-21,1.3735734126711955e-22,4.517992371688322e-24,1.4860694654054218e-25,4.888017230505204e-27,1.6077789768190607e-28,5.288347230384404e-30,1.7394565317955232e-31,5.7214643709886914e-33,1.8819185159345556e-34,6.190053928458389e-36,2.0360481770484685e-37,6.697021103812608e-39,2.2028011011963265e-40,7.245509034859277e-42,2.383211137206915e-43,7.838918283285792e-45,2.578396806421818e-46,8.480927917747821e-48,2.789568237398273e-49,9.175518323669239e-51,3.018034668566161e-52,9.926995881170892e-54,3.2652125653547166e-55,1.0740019664129034e-56,3.532634402114259e-58,1.1619630325894024e-59,3.821958163279786e-61,1.2571281350757679e-62,4.1349776226825395e-64,1.3600872864924647e-65,4.4736334647401695e-67,1.471478821661203e-68,4.8400253164755e-70,1.5919933552069417e-71,5.236424764961008e-73,1.7223780632886282e-74,5.665289440895798e-76,1.8634413160049053e-77,6.129278255631424e-79,2.0160576891951512e-80
Rb97,8038189178.801422,133658816.15644573,2217219.0394002977,36780.64898150608,610.1409535452428,10.12140877068596,0.1679004087630422,0.0027852394761926132,4.620333563743696e-05,7.664505125224726e-07,1.2714371809769795e-08,2.1091413975971363e-10,3.4987787848391897e-12,5.803998252173615e-14,9.628043892687167e-16,1.5971615629759108e-17,2.6494738564550676e-19,4.395116861539929e-21,7.290901240459241e-23,1.2094613766311845e-24,2.0063319654436324e-26,3.3282319165685996e-28,5.52108418808777e-30,9.158727930047636e-32,1.5193084263706413e-33,2.520326089027987e-35,4.180878276446486e-37,6.935508559213285e-39,1.1505065633196126e-40,1.908533946631958e-42,3.1659983015974027e-44,5.251960680818101e-46,8.712288625973776e-48,1.445250216352504e-49,2.397473588787926e-51,3.9770826836075833e-53,6.597439382115524e-55,1.0944254837871907e-56,1.8155030613994855e-58,3.011672713015713e-60,4.995955514022466e-62,8.287610864959639e-64,1.3748019504220146e-65,2.2806094949215246e-67,3.783221042659736e-69,6.275849280420504e-71,1.0410780587872988e-72,1.7270069373235628e-74,2.864869676571554e-76,4.75242923833229e-78,7.883633887452865e-80,1.3077876629932806e-81,2.169441904448981e-83,3.5988091262514097e-85,5.969934986795589e-87,9.903310371920036e-89,1.6428245289019772e-90,2.725222507833761e-92,4.520773574136765e-94,7.49934864029091e-96,1.2440399658673926e-97,2.063693143109171e-99
Rb98,538616478.5259542,1547305.2701693429,3539.7537755592,8.097651051609652,0.01852443884604311,4.2377083474403616e-05,9.694313650856782e-08,2.2177013955656805e-10,5.073282809927752e-13,1.1605799825428364e-15,2.6549789285220464e-18,6.073612518675251e-21,1.3894185234661606e-23,3.1784771047132186e-26,7.271183257283084e-29,1.6633785369287426e-31,3.8051965673452766e-34,8.704886226842403e-37,1.9913568952664014e-39,4.555490078775546e-42,1.0421281040657539e-44,2.3840047206854937e-47,5.453723478022732e-50,1.247610775123971e-52,2.854073281269043e-55,6.529066963247755e-58,1.493609701276441e-60,3.4168280893804723e-63,7.816442396164267e-66,1.7881137164156231e-68,4.090544650342099e-71,9.357657392161693e-74,2.1406868608989543e-76,4.8971019608645995e-79,1.1202763025804322e-81,2.5627789744890383e-84,5.862693031134205e-87,1.3411679243295816e-89,3.0680975307733832e-92,7.018675504816577e-95,1.6056140767303025e-97,3.673052788414771e-100,8.402590000926914e-103,1.9222026687546813e-105,4.397290715553213e-108,1.0059379248296251e-110,2.3012149390791983e-113,5.26433099411993e-116,1.2042847604118548e-118,2.7549593400950147e-121,6.302330823302217e-124,1.4417408354555018e-126,3.2981712558383287e-129,7.544999326735034e-132,1.7260175541115873e-134,3.9484915347109982e-137,9.03269225886244e-140,2.066346824504089e-142,4.7270393773781234e-145,1.0813722561141687e-147,2.473780865650503e-150,5.659098184420653e-153
Rb98_m1,0.0,0.0,0.0,0.0,0.0,0.0,0.0,0.0,0.0,0.0,0.0,0.0,0.0,0.0,0.0,0.0,0.0,0.0,0.0,0.0,0.0,0.0,0.0,0.0,0.0,0.0,0.0,0.0,0.0,0.0,0.0,0.0,0.0,0.0,0.0,0.0,0.0,0.0,0.0,0.0,0.0,0.0,0.0,0.0,0.0,0.0,0.0,0.0,0.0,0.0,0.0,0.0,0.0,0.0,0.0,0.0,0.0,0.0,0.0,0.0,0.0,0.0
Rb99,3155427.680973173,8.407299625255595,2.238860200418123e-05,5.96207488745612e-11,1.5876979258015488e-16,4.228032608074301e-22,1.1259232278655753e-27,2.998328614179311e-33,7.984535940029248e-39,2.1262784164526558e-44,5.662270090872497e-50,1.507860040054313e-55,4.015424668734325e-61,1.0693058269320123e-66,2.847556723984471e-72,7.583031058171476e-78,2.0193578426326296e-83,5.377541072059387e-89,1.4320368273106773e-94,3.813507785982712e-100,1.0155354496756763e-105,2.7043664453466317e-111,7.201715974614645e-117,1.9178138032389294e-122,5.107129740826215e-128,1.3600264084856063e-133,3.62174435670206e-139,9.644689326223503e-145,2.5683765345622874e-150,6.839575439049565e-156,1.821375937559812e-161,4.850316127784208e-167,1.2916370560468666e-172,3.4396238113155035e-178,9.159703113178029e-184,2.4392249188865553e-189,6.495645253345765e-195,1.7297874800563112e-200,4.606416467430031e-206,1.226686683541021e-211,3.2666612543967166e-217,8.69910458322823e-223,2.3165677325155623e-228,6.16900970437672e-234,1.6428045767247379e-239,4.374781377622125e-245,1.1650023607887819e-250,3.1023961736372416e-256,8.261667394117849e-262,2.200078401044694e-267,5.858799125936272e-273,1.560195635836083e-278,4.154794130602587e-284,1.1064198534588964e-289,2.946391213733762e-295,7.846226870593678e-301,2.0894467719651952e-306,5.564187583253e-312,1.481741e-317,4e-323,0.0,0.0
Rh115,4791467367.323938,2477086870.4853873,1268334885.3744712,644805513.2768946,326056775.34089035,164204634.86215627,82436283.81550565,41285957.75606251,20638240.69828416,10301714.143506488,5136314.794476116,2558624.6740958416,1273672.9768351403,633681.2980412535,315134.8556456548,156665.92388937704,77863.97228367782,38690.74701680042,19222.31103694231,9548.766320873514,4742.901695437352,2355.6222081036694,1169.874507147007,580.966269638332,288.4995919863846,143.2602788407306,71.13700432175193,35.32293829911456,17.53926301020947,8.708844676775405,4.324197838259183,2.147075199387169,1.066071523517776,0.5293261719946246,0.26282021417095713,0.1304947011172715,0.06479268462743505,0.032170534177979764,0.015973126739489106,0.007930874985585567,0.003937783881426289,0.0019551601592475236,0.0009707615257686083,0.0004819950505031787,0.00023931639313163008,0.00011882346104877035,5.8997261384318084e-05,2.929283676447493e-05,1.4544237280196862e-05,7.221383744642377e-06,3.5855010986563e-06,1.7802429172909275e-06,8.839112272527093e-07,4.3887214343423245e-07,2.1790508591499795e-07,1.0819238800875287e-07,5.371876719990124e-08,2.6671986409320745e-08,1.3242948171951283e-08,6.575276089940146e-09,3.2647001824561136e-09,1.6209611685145309e-09
Rh116,756787914.4553574,275994799.1904872,99686239.02528848,35973563.23258474,12980635.07585639,4683872.982509985,1690106.105489702,609849.6844708428,220055.19900808716,79403.64948326476,28651.627316017868,10338.514075792242,3730.499217946752,1346.095223460274,485.7184641416058,175.26429207706266,63.241516114813706,22.819761590351153,8.234171965375879,2.971178628967383,1.0721056691982163,0.38685340380441074,0.1395903037682654,0.050369087397168825,0.01817493691707553,0.006558155984343727,0.002366413160673787,0.0008538850342045482,0.0003081117294965095,0.00011117754036029765,4.011676381410089e-05,1.4475538258004719e-05,5.223282935531944e-06,1.8847440515403521e-06,6.800818917260083e-07,2.4539744750786043e-07,8.85480233719185e-08,3.1951238787121753e-08,1.1529129856956567e-08,4.1601152350982495e-09,1.5011157809844567e-09,5.416553293787205e-10,1.9544827891420868e-10,7.052460791688655e-11,2.5447757071392674e-11,9.182445093885526e-12,3.3133489000886586e-12,1.1955727283388855e-12,4.3140465790048177e-13,1.5566596196687326e-13,5.6169749842297576e-14,2.026801978725255e-14,7.313413843746922e-15,2.6389367393231428e-15,9.522211190200548e-16,3.4359484484662956e-16,1.2398109540636328e-16,4.473673644615665e-17,1.614258674915824e-17,5.8248126183215554e-18,2.1017971014049033e-18,7.584022602854121e-19
Rh116_m1,0.0,0.0,0.0,0.0,0.0,0.0,0.0,0.0,0.0,0.0,0.0,0.0,0.0,0.0,0.0,0.0,0.0,0.0,0.0,0.0,0.0,0.0,0.0,0.0,0.0,0.0,0.0,0.0,0.0,0.0,0.0,0.0,0.0,0.0,0.0,0.0,0.0,0.0,0.0,0.0,0.0,0.0,0.0,0.0,0.0,0.0,0.0,0.0,0.0,0.0,0.0,0.0,0.0,0.0,0.0,0.0,0.0,0.0,0.0,0.0,0.0,0.0
Rh117,256199952.51699123,53148124.37267992,10999373.744604887,2276199.435118738,471032.9440111178,97474.76651711026,20171.264425916324,4174.207572018899,863.8035021648532,178.75404552323715,36.99106186863458,7.654868197046056,1.5840855642976994,0.32780800536640026,0.06783603790363384,0.014037875717280816,0.0029049744168986326,0.0006011505253923269,0.00012440107977449398,2.5743350451137366e-05,5.327285692788266e-06,1.1024195512722287e-06,2.281328498436823e-07,4.720942867689422e-08,9.7694398571968e-09,2.0216714711080116e-09,4.1836129776480185e-10,8.657498410042022e-11,1.7915681761274544e-11,3.7074410848168725e-12,7.672116294842173e-13,1.5876548566783267e-13,3.285466287351336e-14,6.798888738265106e-15,1.4069506131677096e-15,2.911519961713791e-16,6.025050494396721e-17,1.2468138270521219e-17,2.580135586870319e-18,5.339289236448569e-19,1.1049035444309928e-19,2.286468832147769e-20,4.731580187911769e-21,9.791452548954892e-22,2.026226740558477e-22,4.193039575718968e-23,8.677005653720472e-24,1.795604972361541e-24,3.7157947631243524e-25,7.68940325638747e-26,1.591232191457918e-26,3.292869163843968e-27,6.814208126508502e-28,1.410120781633785e-28,2.918080255077747e-29,6.03862625526928e-30,1.2496231721994185e-30,2.585949198520324e-31,5.351319826726738e-32,1.1073931345714189e-32,2.2916207481585353e-33,4.742241476350779e-34
Rh118,12048625.488968944,891064.7374182618,65803.5956872041,4859.140644701481,358.8127221779903,26.49574430733731,1.9565205385067808,0.14447499837347919,0.01066844162552222,0.0007877878387124492,5.817247735021195e-05,4.2956199052162015e-06,3.1720069714414425e-07,2.3422994698984296e-08,1.7296200342817391e-09,1.2772002476346417e-10,9.431207087257156e-12,6.964269486124784e-13,5.142613138131629e-14,3.797450678951251e-15,2.804144755151952e-16,2.0706596273734364e-17,1.5290335081870463e-18,1.1290814956992194e-19,8.337456420048812e-21,6.156613125004323e-22,4.546216886942793e-23,3.3570548552389806e-24,2.4789440498212274e-25,1.830522248557838e-26,1.351709290375833e-27,9.98140288722421e-29,7.370549592759465e-30,5.44262183513908e-31,4.018985567837752e-32,2.9677323693894612e-33,2.191457338589166e-34,1.6182339473704968e-35,1.194949617457841e-36,8.823845220790686e-38,6.515776342613677e-39,4.811433143334281e-40,3.552898024042593e-41,2.6235601728631868e-42,1.93731087525055e-43,1.4305650261751306e-44,1.0563695895480792e-45,7.800531183860823e-47,5.76013237719351e-48,4.253444313053965e-49,3.1408633238852605e-50,2.3193021215891973e-51,1.712638143245949e-52,1.26466034002122e-53,9.338608870355548e-55,6.895892349405059e-56,5.092121530599318e-57,3.760166250946509e-58,2.776612881250902e-59,2.0503293146646841e-60,1.5140210315092473e-61,1.117995859229671e-62
Rh119,396277.564606904,6888.743377706252,119.72001673537417,2.0801946362197827,0.03613852160343728,0.0006277412534785755,1.0903009176394603e-05,1.8935493151686457e-07,3.288354433371792e-09,5.710289377565593e-11,9.915615307241803e-13,1.7217373830669676e-14,2.9895287257216833e-16,5.190741975234511e-18,9.012574760227195e-20,1.56481325315011e-21,2.716886643396006e-23,4.717118908129064e-25,8.189910907851653e-27,1.4219331343576044e-28,2.468751007777427e-30,4.2862145314278174e-32,7.441651359407755e-34,1.2920037600147472e-35,2.2431456383377458e-37,3.8944896622768017e-39,6.761501554759609e-41,1.1739115085516993e-42,2.038108301502205e-44,3.538497619356212e-46,6.143422157147394e-48,1.066600182738131e-49,1.8517946356080155e-51,3.215021554502554e-53,5.581807768631117e-55,9.690937629580998e-57,1.6825061871531994e-58,2.921107235871376e-60,5.071521820877559e-62,8.80499412000869e-64,1.5286913963170274e-65,2.654058894208483e-67,4.607881234722273e-69,8.000036849924399e-71,1.3889374550690014e-72,2.4114229225422535e-74,4.1866251197873074e-76,7.268666792597181e-78,1.2619595739353106e-79,2.190968442538928e-81,3.8038799270192184e-83,6.60415830735451e-85,1.1465899987709847e-86,1.99066794090198e-88,3.456125421525469e-90,6.000399496247591e-92,1.0417675771638456e-93,1.8086790460826964e-95,3.1401628930733777e-97,5.45183680313081e-99,9.465281109388323e-101,1.6433277384672146e-102
Rh120,404880.6546312465,2478.612439968597,15.180241016112838,0.09303405076979554,0.0005707695678226292,3.507406282867298e-06,2.1607414518898917e-08,1.3362789877500567e-10,8.312837577594273e-13,5.2173960424955424e-15,3.3178346183477633e-17,2.1500795982699631e-19,1.4302407192534249e-21,9.84647949273573e-24,7.070544048063635e-26,5.3245700844316315e-28,4.210823519711647e-30,3.485906979090862e-32,3.0008366704074704e-34,2.6643867205110937e-36,2.4206664129163954e-38,2.2354038139836446e-40,2.0875551752198342e-42,1.964172163698029e-44,1.857261939908054e-46,1.7618662838878133e-48,1.674886430168533e-50,1.594364065671228e-52,1.5190413727217672e-54,1.4480917724902592e-56,1.3809550932520451e-58,1.3172366218800798e-60,1.2566452386918957e-62,1.1989554651181885e-64,1.1439841440180484e-66,1.0915760756557183e-68,1.0415951364642755e-70,9.93918756003561e-73,9.484344522839792e-75,9.050376301517497e-77,8.636301560612445e-79,8.241194113596555e-81,7.864176417074227e-83,7.504414909164877e-85,7.161116507180912e-87,6.833525844225332e-89,6.520922986200399e-91,6.222621469795766e-93,5.9379665626905567e-95,5.666333684370398e-97,5.4071269487495175e-99,5.1597778037801286e-101,4.923743751839601e-103,4.6985071399985875e-105,4.483574012568291e-107,4.278473020383126e-109,4.0827543825750164e-111,3.895988897429813e-113,3.7177669994637634e-115,3.5476978602283654e-117,3.3854085306124795e-119,3.2305431226022193e-121
Rh121,2708.177885813157,27.485336428287773,0.2789490758836673,0.0028310581949532792,2.873245045828591e-05,2.9160605416360164e-07,2.9595140500918587e-09,3.003615078504904e-11,3.0483732758565543e-13,3.093798434911956e-15,3.1399004943625796e-17,3.186689541000732e-19,3.234175811926482e-21,3.282369696787453e-23,3.3312817400520056e-25,3.380922643316292e-27,3.431303267645672e-29,3.48243463595106e-31,3.534327935400639e-33,3.586994519867537e-35,3.6404459124139595e-37,3.6946938078123724e-39,3.7497500751042196e-41,3.8056267601967785e-43,3.8623360884987247e-45,3.9198904675949556e-47,3.978302489961286e-49,4.0375849357195776e-51,4.0977507754339465e-53,4.158813172948627e-55,4.220785488268118e-57,4.283681280480255e-59,4.347514310722847e-61,4.4122985451945035e-63,4.478048158210335e-65,4.544777535303204e-67,4.6125012763711586e-69,4.681234198871778e-71,4.750991341064143e-73,4.821787965299094e-75,4.893639561358498e-77,4.9665618498443286e-79,5.040570785618198e-81,5.115682561292185e-83,5.191913610771628e-85,5.269280612850781e-87,5.347800494861958e-89,5.427490436379181e-91,5.508367872976882e-93,5.590450500044697e-95,5.673756276659118e-97,5.758303429512771e-99,5.844110456902284e-101,5.9311961327756e-103,6.0195795108395675e-105,6.109279928728742e-107,6.200317012236334e-109,6.292710679608196e-111,6.386481145900752e-113,6.481648927403935e-115,6.578234846129994e-117,6.676260034369204e-119
Rh122,38.33599439678472,0.06255931118367566,0.00010208858482367187,1.6659517111210778e-07,2.7186145332320243e-10,4.436422094927833e-13,7.239658570119211e-16,1.1814172567534544e-18,1.9279178997689585e-21,3.1461089695469148e-24,5.1340369055392525e-27,8.378074377771794e-30,1.3671917746392533e-32,2.231077529701235e-35,3.640825695320746e-38,5.941349669494841e-41,9.695502847217906e-44,1.5821788093546616e-46,2.5819081529012657e-49,4.213335225199391e-52,6.875610079296592e-55,1.1220093212565993e-57,1.830971946442153e-60,2.987905898057571e-63,4.875870257321423e-66,7.956780292741878e-69,1.298442109527033e-71,2.1188870997618556e-74,3.457745638866109e-77,5.642587046965053e-80,9.207961460409396e-83,1.5026184541005603e-85,2.452076095573896e-88,4.0014663483445665e-91,6.529867880460915e-94,1.0655887323384644e-96,1.738900950636916e-99,2.8376581173960138e-102,4.6306855995875584e-105,7.556671112270944e-108,1.2331495427829565e-110,2.0123382006085794e-113,3.28387182019279e-116,5.358847796158232e-119,8.744936244406761e-122,1.4270588161425923e-124,2.328772683772092e-127,3.800251364090367e-130,6.201511436005864e-133,1.0120052703439283e-135,1.6514597735927136e-138,2.694965593279985e-141,4.3978301288942676e-144,7.176681546821069e-147,1.171140233136556e-149,1.911147146104997e-152,3.11874130076051e-155,5.089376462138206e-158,8.30519439590907e-161,1.3552987181628228e-163,2.211669622517889e-166,3.6091545381221e-169
Rh123,0.5189033184298554,3.62287889612797e-07,2.529421383491051e-13,1.7659912789521486e-19,1.23297969159676e-25,8.608416915807615e-32,6.010224037055618e-38,4.1962178794185663e-44,2.929715162527995e-50,2.04546836703716e-56,1.4281049892029179e-62,9.970742608649761e-69,6.961372512495157e-75,4.860290668388405e-81,3.39335746489976e-87,2.3691741235733687e-93,1.6541098560553354e-99,1.154866326064982e-105,8.063045064367321e-112,5.62945634855753e-118,3.930373516125368e-124,2.744107959948561e-130,1.915881140802207e-136,1.3376297868945254e-142,9.33906289217037e-149,6.520346403648906e-155,4.552375084573059e-161,3.178376979947562e-167,2.219079060707054e-173,1.5493164935236065e-179,1.0817017021193739e-185,7.55222433414392e-192,5.2728115599231275e-198,3.6813712776992735e-204,2.5702595911595177e-210,1.79450369648023e-216,1.2528864896593818e-222,8.747402187300551e-229,6.1072607660725086e-235,4.263966977413999e-241,2.977016223947692e-247,2.0784930194329882e-253,1.4511621391511656e-259,1.0131723005162024e-265,7.073765796658251e-272,4.938761405190232e-278,3.448144159496967e-284,2.407425094919135e-290,1.6808159170734635e-296,1.1735119622413034e-302,8.19322515651334e-309,5.720345476e-315,3.99e-321,0.0,0.0,0.0,0.0,0.0,0.0,0.0,0.0,0.0
Ru114,1121803529.9829786,296216679.0044594,78113824.70588462,20597992.459903385,5431516.309997652,1432244.790723952,377670.80465583113,99588.58820749397,26260.66611149485,6924.714940054033,1825.9886020186598,481.4977083628574,126.96686217119893,33.480084763875404,8.82841441166647,2.327978007636867,0.6138680573126755,0.1618718005722754,0.04268422099565964,0.01125546707681686,0.0029679712118956198,0.0007826288375704059,0.00020637258708638227,5.44187009936176e-05,1.4349749933566497e-05,3.7839073589801777e-06,9.977842797003883e-07,2.631072524686614e-07,6.937915109505907e-08,1.8294693747540706e-08,4.824155586131713e-09,1.272088914980292e-09,3.354390584473895e-10,8.845243489431282e-11,2.332415692718069e-11,6.150382372331153e-12,1.6218036709314063e-12,4.2765587370296334e-13,1.1276922699750147e-13,2.973628877700572e-14,7.841207160611883e-15,2.0676598279195996e-15,5.452243610483689e-16,1.4377104002630035e-16,3.791120395005668e-17,9.996862961274207e-18,2.6360879806969756e-18,6.951140441650444e-19,1.832956782678136e-19,4.833351585064603e-20,1.2745138219087356e-20,3.360784858390766e-21,8.862104647459393e-22,2.3368618370926314e-22,6.162106477974718e-23,1.6248952181588845e-23,4.2847108848780925e-24,1.129841922225269e-24,2.9792973283750753e-25,7.856154384306082e-26,2.0716012840421552e-26,5.462636896008721e-27
Ru115,236850970.24230683,92830681.70932843,36382643.52050406,14259259.076007687,5588556.787571173,2190293.8155081295,858430.3927844918,336440.13147395075,131859.22005749165,51678.89406652491,20254.238503569595,7938.137701464689,3111.1527671756,1219.3378226379757,477.8886917421512,187.29641404950536,73.40610339181544,28.769669950785286,11.275546185297221,4.4191658087930366,1.731980528896272,0.678806064824959,0.26604090863353,0.10426802106549465,0.04086521983688722,0.016016091753272586,0.006277103024849046,0.0024601521389584938,0.0009641945532617102,0.00037789172540082187,0.0001481051263392167,5.804606709683629e-05,2.2749691308411217e-05,8.916167459969203e-06,3.494466852164316e-06,1.369568105993981e-06,5.36767660507126e-07,2.1037254014993799e-07,8.245020873151076e-08,3.2314278826621376e-08,1.2664766192223784e-08,4.9636355359896005e-09,1.9453716997370554e-09,7.624393496859218e-10,2.988188642962497e-10,1.1711451369355937e-10,4.590007846385837e-11,1.798937754633069e-11,7.050482599049214e-12,2.7632587481958175e-12,1.0829895403912373e-12,4.2445042302412297e-13,1.663526330459974e-13,6.519771690688949e-14,2.5552599992183794e-14,1.0014696792113516e-14,3.9250077044468025e-15,1.5383077291065452e-15,6.029008979391192e-16,2.362917938057244e-16,9.260860617521439e-17,3.629560637542626e-17
Ru116,6251696.213068067,209137.2743152745,6995.119724925019,233.968791124151,7.82565499795868,0.26174805549444524,0.008754800022826525,0.0002928255695916884,9.794263030923342e-06,3.2759293682130204e-07,1.0957142147027717e-08,3.6648825580650965e-10,1.2258090644605926e-11,4.1000164090034735e-13,1.3713501589658188e-14,4.586813980465666e-16,1.5341714407399337e-17,5.131409339044285e-19,1.7163245974733612e-20,5.740664852983138e-22,1.9201049150487047e-23,6.422257663898193e-25,2.148080200109943e-26,7.184776425341381e-28,2.403123136626797e-29,8.03782952719593e-31,2.688447484174678e-32,8.992166169623443e-34,3.007648574059576e-35,1.00598118121981e-36,3.364748613573756e-38,1.1254219705003324e-39,3.7642473692547274e-41,1.2590440411112406e-42,4.2111788678e-44,1.408531145658185e-45,4.71117482911767e-47,1.5757669497709584e-48,5.270535630823757e-50,1.7628587679047626e-51,5.896309698399639e-53,1.9721641173083394e-54,6.596382321393726e-56,2.2063204247617276e-57,7.379575014827615e-59,2.468278260414019e-60,8.255756677845462e-62,2.761338517495893e-63,9.235967950301011e-65,3.089194006403248e-66,1.0332560334281724e-67,3.4559759872729695e-69,1.155935183362048e-70,3.866306227401211e-72,1.2931801072586119e-73,4.3253552394722296e-75,1.4467202087797444e-76,4.838907434449448e-78,1.6184902247905872e-79,5.413434010110844e-81,1.8106546047021415e-82,6.056174493686934e-84
Ru117,445638.9173894908,3381.3962919602473,25.6546754794986,0.19464218824441362,0.0014767515369595993,1.1204123430702989e-05,8.500575669545557e-08,6.449392240329505e-10,4.893158050300148e-12,3.712442167107807e-14,2.816632265388343e-16,2.136980715475289e-18,1.621328646422945e-20,1.2301030892209088e-22,9.332800067705067e-25,7.080801427701608e-27,5.372208607793521e-29,4.075898133895109e-31,3.092386541689586e-33,2.3461956626683874e-35,1.7800601617275155e-37,1.3505327922078088e-39,1.0246501000609562e-41,7.774026914508094e-44,5.89815923151727e-46,4.4749372111652427e-48,3.395137746852593e-50,2.5758931971923176e-52,1.954331829243962e-54,1.4827528186957246e-56,1.1249655193921877e-58,8.535120647651502e-61,6.475601537487697e-63,4.913043060949736e-65,3.727528937506402e-67,2.8280786078153556e-69,2.1456650628534805e-71,1.6279174663770924e-73,1.2351020311675637e-75,9.370727072479724e-78,7.109576670673565e-80,5.394040403186137e-82,4.092461931133222e-84,3.104953505331896e-86,2.355730226085025e-88,1.787294041138116e-90,1.3560211411799086e-92,1.0288141139641196e-94,7.805619314834459e-97,5.922128406010737e-99,4.493122639305024e-101,3.408935042905372e-103,2.5863612146019034e-105,1.9622739208007595e-107,1.4887784886796884e-109,1.1295371990934326e-111,8.569806011015909e-114,6.501917345031983e-116,4.933008881097917e-118,3.7426770181236785e-120,2.8395714663448025e-122,2.154384702028573e-124
Ru118,10601.031010864648,37.840160163175156,0.13506867882672657,0.00048212129374415293,1.7209092722306118e-06,6.142704671349806e-09,2.1926095284798582e-11,7.8264165405892e-14,2.7936025576462253e-16,9.971632878998296e-19,3.559327435513888e-21,1.2704851800033904e-23,4.5349370684554695e-26,1.618724447836266e-28,5.777960748891384e-31,2.0624159016288814e-33,7.361696515691635e-36,2.627722931458387e-38,9.379533358641225e-41,3.3479802977948294e-43,1.195045813670005e-45,4.265659800061714e-48,1.5226071939437014e-50,5.434874733835011e-53,1.9399529629156844e-55,6.924570818341131e-58,2.471692970645783e-60,8.822591755373696e-63,3.1491826131483877e-65,1.1240859155605388e-67,4.01237178271579e-70,1.43219722797664e-72,5.1121606144772965e-75,1.824761676513952e-77,6.513400941755169e-80,2.32492781792224e-82,8.298720448632635e-85,2.9621892152376886e-87,1.057339502057361e-89,3.77412360041018e-92,1.3471556603585943e-94,4.808608740421113e-97,1.7164102634063367e-99,6.1266456710483175e-102,2.1868773438864593e-104,7.805955777405986e-107,2.7862991845043076e-109,9.94556383222204e-112,3.5500222119327195e-114,1.2671637242310063e-116,4.523081288364134e-119,1.6144925829189994e-121,5.762855306195892e-124,2.0570240849360623e-126,7.34245067971383e-129,2.620853220865703e-131,9.355012249928852e-134,3.339227603421879e-136,1.1919215805986173e-138,4.2545079971214493e-141,1.5186266103580058e-143,5.420666228028744e-146
Ru119,132.15830739917902,1.831827683729169,0.02539070550246332,0.0003519369925671113,4.8781490819609695e-06,6.761533731438843e-08,9.372066665704883e-10,1.2990489595283785e-11,1.8005934650752326e-13,2.4957772397190442e-15,3.459361677756258e-17,4.794972494771117e-19,6.646243835517076e-21,9.212264964881155e-23,1.2768990708655555e-24,1.7698918163914902e-26,2.4532221169259415e-28,3.400376621462034e-30,4.7132141390744745e-32,6.5329197302915775e-34,9.055188018852417e-36,1.2551268566269173e-37,1.7397136569073834e-39,2.411392595138859e-41,3.34239731050182e-43,4.632849832818899e-45,6.42152789736049e-47,8.900789368233982e-49,1.2337258771425932e-50,1.7100500606872112e-52,2.3702763022440436e-54,3.285406596063003e-56,4.553855806276777e-58,6.312035389839165e-60,8.749023345813104e-62,1.2126898025445497e-63,1.6808922539900529e-65,2.329861077082791e-67,3.229387621734799e-69,4.476208695014543e-71,6.204409822615355e-73,8.599845063041859e-75,1.1920124108943879e-76,1.6522316126747342e-78,2.290134965854496e-80,3.1743238185225733e-82,4.399885532982134e-84,6.0986193627705455e-86,8.453210396760293e-88,1.1716875863430536e-89,1.6240596596490224e-91,2.2510862185810147e-93,3.1201988999471155e-95,4.324863745720102e-97,5.9946327201644586e-99,8.309075976145678e-101,1.1517093173218994e-102,1.596368062362294e-104,2.212703285631295e-106,3.0669968572275124e-108,4.251121143682725e-110,5.892419138180333e-112
Ru120,56.229900917364056,0.5365766588343961,0.0051203097659553954,4.8860813581214215e-05,4.6625677213743833e-07,4.449278708850775e-09,4.2457465954398055e-11,4.0515250521010445e-13,3.866188167101855e-15,3.6893295120283075e-17,3.520561250521372e-19,3.3595132877839567e-21,3.2058324589937275e-23,3.059181754841948e-25,2.9192395825000233e-27,2.785699060393091e-29,2.6582673452342084e-31,2.5366649898432975e-33,2.4206253303426713e-35,2.3098939013852746e-37,2.2042278781332748e-39,2.1033955437633468e-41,2.0071757813308993e-43,1.9153575888789577e-45,1.827739616728375e-47,1.7441297259346905e-49,1.664344566943364e-51,1.5882091775194141e-53,1.5155565990697441e-55,1.4462275105168082e-57,1.3800698789206972e-59,1.3169386260835152e-61,1.2566953104049287e-63,1.1992078232912166e-65,1.144350099452092e-67,1.0920018404499729e-69,1.0420482508954865e-71,9.943797867107053e-74,9.48891914908075e-76,9.05484884358239e-78,8.640635070440901e-80,8.245369493213446e-82,7.868185327278939e-84,7.508255439051303e-86,7.164790532144129e-88,6.837037416509157e-90,6.524277356752996e-92,6.225824496010036e-94,5.941024351915214e-96,5.669252381378518e-98,5.409912611013768e-100,5.162436330218427e-102,4.926280844038439e-104,4.700928283083205e-106,4.4858844678809784e-108,4.2806778251842615e-110,4.0848583538488134e-112,3.897996638018466e-114,3.719682905451761e-116,3.549526128925439e-118,3.3871531687441555e-120,3.232207954476103e-122
S41,0.0,0.0,0.0,0.0,0.0,0.0,0.0,0.0,0.0,0.0,0.0,0.0,0.0,0.0,0.0,0.0,0.0,0.0,0.0,0.0,0.0,0.0,0.0,0.0,0.0,0.0,0.0,0.0,0.0,0.0,0.0,0.0,0.0,0.0,0.0,0.0,0.0,0.0,0.0,0.0,0.0,0.0,0.0,0.0,0.0,0.0,0.0,0.0,0.0,0.0,0.0,0.0,0.0,0.0,0.0,0.0,0.0,0.0,0.0,0.0,0.0,0.0
S42,0.0,0.0,0.0,0.0,0.0,0.0,0.0,0.0,0.0,0.0,0.0,0.0,0.0,0.0,0.0,0.0,0.0,0.0,0.0,0.0,0.0,0.0,0.0,0.0,0.0,0.0,0.0,0.0,0.0,0.0,0.0,0.0,0.0,0.0,0.0,0.0,0.0,0.0,0.0,0.0,0.0,0.0,0.0,0.0,0.0,0.0,0.0,0.0,0.0,0.0,0.0,0.0,0.0,0.0,0.0,0.0,0.0,0.0,0.0,0.0,0.0,0.0
S43,0.0,0.0,0.0,0.0,0.0,0.0,0.0,0.0,0.0,0.0,0.0,0.0,0.0,0.0,0.0,0.0,0.0,0.0,0.0,0.0,0.0,0.0,0.0,0.0,0.0,0.0,0.0,0.0,0.0,0.0,0.0,0.0,0.0,0.0,0.0,0.0,0.0,0.0,0.0,0.0,0.0,0.0,0.0,0.0,0.0,0.0,0.0,0.0,0.0,0.0,0.0,0.0,0.0,0.0,0.0,0.0,0.0,0.0,0.0,0.0,0.0,0.0
S44,0.0,0.0,0.0,0.0,0.0,0.0,0.0,0.0,0.0,0.0,0.0,0.0,0.0,0.0,0.0,0.0,0.0,0.0,0.0,0.0,0.0,0.0,0.0,0.0,0.0,0.0,0.0,0.0,0.0,0.0,0.0,0.0,0.0,0.0,0.0,0.0,0.0,0.0,0.0,0.0,0.0,0.0,0.0,0.0,0.0,0.0,0.0,0.0,0.0,0.0,0.0,0.0,0.0,0.0,0.0,0.0,0.0,0.0,0.0,0.0,0.0,0.0
S45,0.0,0.0,0.0,0.0,0.0,0.0,0.0,0.0,0.0,0.0,0.0,0.0,0.0,0.0,0.0,0.0,0.0,0.0,0.0,0.0,0.0,0.0,0.0,0.0,0.0,0.0,0.0,0.0,0.0,0.0,0.0,0.0,0.0,0.0,0.0,0.0,0.0,0.0,0.0,0.0,0.0,0.0,0.0,0.0,0.0,0.0,0.0,0.0,0.0,0.0,0.0,0.0,0.0,0.0,0.0,0.0,0.0,0.0,0.0,0.0,0.0,0.0
S46,0.0,0.0,0.0,0.0,0.0,0.0,0.0,0.0,0.0,0.0,0.0,0.0,0.0,0.0,0.0,0.0,0.0,0.0,0.0,0.0,0.0,0.0,0.0,0.0,0.0,0.0,0.0,0.0,0.0,0.0,0.0,0.0,0.0,0.0,0.0,0.0,0.0,0.0,0.0,0.0,0.0,0.0,0.0,0.0,0.0,0.0,0.0,0.0,0.0,0.0,0.0,0.0,0.0,0.0,0.0,0.0,0.0,0.0,0.0,0.0,0.0,0.0
Sb134,362921253956.947,155273356297.81793,66925361188.68118,29097745525.295925,12777205851.115816,5672825605.579355,2548867228.749714,1159754717.8187182,534576047.2787815,249622674.25043395,118045901.67558503,56498961.30509958,27345011.590483513,13369549.40043896,6595844.20496718,3279776.809233516,1641948.3478878045,826741.8555485399,418285.557287347,212477.85017316407,108289.45537385387,55338.87955556531,28341.85244956237,14541.154959553762,7471.25483630539,3843.1784559716807,1978.7505278251683,1019.5652206526038,525.651513251107,271.13641625954847,139.908192371949,72.21549957217698,37.284040192190105,19.253045798906765,9.943580786757149,5.136170789426346,2.6532523017208285,1.370728496382774,0.7081923713702264,0.3659084770142986,0.18906483137013474,0.09769281117434019,0.050480688109777856,0.02608534135097812,0.013479526147633019,0.006965594246287796,0.003599532124259152,0.001860104672618961,0.0009612391662591957,0.0004967383797049172,0.0002566999076997114,0.00013265544827869522,6.855285887837836e-05,3.54263921812097e-05,1.8307497266452844e-05,9.460881094953524e-06,4.889164298019078e-06,2.526608950671263e-06,1.3056949013496995e-06,6.747542185106475e-07,3.48698183898175e-07,1.801996334703658e-07
Sb134_m1,4492655181586.024,4193815724409.546,3914854272011.077,3654448592454.8257,3411364405151.8057,3184449530570.48,2972628429093.1074,2774897103132.777,2590318338348.0635,2418017261399.4116,2257177193191.7153,2107035777948.1765,1966881369767.8533,1836049659539.7717,1713920526225.7322,1599915097587.4026,1493493006426.0037,1394149829329.6357,1301414695788.3005,1214848056344.2358,1134039599198.933,1058606305401.9214,988190633403.2012,922458824364.422,861099320196.2432,803821286823.6407,750353235679.6672,700441736893.7827,653850218075.4623,610357842999.5243,569758464878.3224,531859649259.48474,496481761917.8909,463457117418.6468,432629184315.383,403851843216.6449,376988694203.73114,351912410317.25165,328504134048.03906,306652913971.87714,286255178857.78564,267214246757.22372,249439866747.36935,232847791156.41727,217359376243.30975,202901209439.18884,189404761383.75348,176806061107.23233,165045392818.38666,154067012861.3667,143818885499.84543,134252436276.08641,125322321775.91187,116986214708.28955,109204603280.85417,101940603920.4353,95159786450.91592,88830010899.79465,82921275159.9411,77405572784.48515,72256760240.81158,67450432994.46544
Sb135,303561056162.21484,200891922845.7427,132944980504.02895,87979354072.55219,58222323529.1891,38529936352.571724,25498054758.25419,16873913064.114264,11166692706.234013,7389810859.0187645,4890374076.61264,3236315389.5904045,2141704731.9526138,1417321430.9155295,937944436.766968,620705894.4235605,410766130.98764366,271833755.53933454,179892121.2733615,119047670.26458235,78782481.94032149,52136085.0395711,34502230.652144596,22832629.62821767,15110007.842549687,9999388.62581792,6617321.045232805,4379161.51219687,2898008.9402979407,1917822.805725562,1269162.5146549514,839896.9309345981,555820.7451353407,367826.91940430703,243417.76341132834,161087.19731587867,106603.08752913799,70546.99852068783,46686.0680645633,30895.558946988724,20445.83324787181,13530.491483162654,8954.10803543519,5925.5830292651435,3921.3882720378037,2595.067169615315,1717.34425352265,1136.491309218968,752.0987671987514,497.7183292414395,329.3763346874704,217.97222139176122,144.24803574167157,95.45939240548111,63.17240683084832,41.805765616554126,27.665908684878737,18.308539314418553,12.116088997677505,8.018095276668667,5.30615546634396,3.5114681057656054
Sb136,13229372722.296793,6245431291.5533695,2947328861.3044257,1390868577.7419763,656361526.6043608,309742008.9263759,146169615.19353145,68978555.65640526,32551506.23537542,15361303.931458564,7249116.423933578,3420913.3002131726,1614355.0638720724,761826.4608129655,359511.7142338896,169656.31849209472,80062.10998055377,37781.92001046495,17829.57606318258,8413.912858445568,3970.589616861536,1873.751507861618,884.2376201015798,417.2784734381379,196.91689251454827,92.9265826681443,43.852762737160646,20.69445302373035,9.765870134984127,4.608588561582728,2.1748280733190097,1.0263179464369658,0.48432726250912506,0.2285577271877022,0.10785813374737278,0.05089907551413599,0.024019661736978868,0.011335061474714882,0.005349101916691933,0.0025242819705022404,0.0011912279043924698,0.0005621495287711227,0.0002652826478731309,0.00012518890377160213,5.9077598000418644e-05,2.787916884284421e-05,1.3156392298859334e-05,6.208601816546359e-06,2.929886525180977e-06,1.3826357856545854e-06,6.524763670342455e-07,3.07908571407802e-07,1.4530440202352567e-07,6.857025496523545e-08,3.2358826026730636e-08,1.5270376672204094e-08,7.206207157156094e-09,3.4006640901250494e-09,1.604799307272473e-09,7.573170264304188e-10,3.5738367777350645e-10,1.6865208186449304e-10
Sb137,41662875476.37488,8928812327.6198,1913542660.469103,410093232.9049494,87887489.07913288,18835255.295287967,4036602.316846771,865088.2618219166,185397.92677091522,39732.814289450434,8515.178992862493,1824.8964886370654,391.09538355345614,83.81604106820382,17.962699218070952,3.8496039551227295,0.8250124567240873,0.17680924107638857,0.037892164506388125,0.008120707505094998,0.0017403569113131193,0.00037297762255998244,7.993320566959745e-05,1.7130564897604897e-05,3.6712684203364653e-06,7.867931906929849e-07,1.6861843211783273e-07,3.6136784082782864e-08,7.744510178656577e-09,1.6597336876994317e-09,3.556991792297196e-10,7.623024527511354e-11,1.6336979768376252e-11,3.501194401108232e-12,7.503444582872246e-13,1.608070679834678e-13,3.4462722857268204e-14,7.385740450531556e-15,1.58284539003318e-15,3.39221171598167e-16,7.269882705222467e-17,1.558015801274896e-17,3.338999177082283e-18,7.155842383262869e-19,1.5335757063242702e-19,3.28662136624033e-20,7.04359097531467e-21,1.509518995316677e-21,3.2350651893440916e-22,6.933100419256656e-23,1.485839654230972e-23,3.1843177576849774e-24,6.824343093169088e-25,1.4625317633860304e-25,3.134366384735422e-26,6.71729180842845e-27,1.4395894959608813e-27,3.0851985829773823e-28,6.611919802910476e-29,1.4170071165380212e-29,3.0368020607805037e-30,6.508200734299743e-31
Sb138,8202935.716648889,132472.00083513747,2139.3354295885924,34.54885599553091,0.5579412345026564,0.009010382896574534,0.00014551174016606296,2.3499186182426683e-06,3.794963558309111e-08,6.128615815497549e-10,9.897310273699158e-12,1.5983503225339347e-13,2.581230337229286e-15,4.1685167262143517e-17,6.731879540584097e-19,1.0871541395994484e-20,1.7556822223614364e-22,2.835310977201153e-24,4.578840199580493e-26,7.394524883471684e-28,1.1941669913986414e-29,1.9285009190158666e-31,3.114401772476649e-33,5.029553423990822e-35,8.122397010024007e-37,1.311713538497396e-38,2.1183308387338665e-40,3.420964570870617e-42,5.524632121272851e-44,8.921916448737785e-46,1.4408306538955264e-47,2.326846463013793e-49,3.757703549547315e-51,6.068443359168381e-53,9.800135725946564e-55,1.582657274074579e-56,2.5558870991444817e-58,4.1275890684500566e-60,6.665784073048881e-62,1.0764801575849947e-63,1.7384444455071956e-65,2.8074731046551564e-67,4.5338838717175683e-69,7.321923379474582e-71,1.182442327412043e-72,1.909566360083845e-74,3.0838237088016574e-76,4.98017186820868e-78,8.042649054843334e-80,1.2988347697855392e-81,2.09753247679998e-83,3.3873765882916076e-85,5.470389745007165e-87,8.834318589115614e-89,1.4266841773975197e-90,2.3040008366284188e-92,3.7208093699250086e-94,6.008861692767932e-96,9.703915264957949e-98,1.5671183043340628e-99,2.5307926880269494e-101,4.0870632498242697e-103
Sb139,221446.2163175345,943.9594482192898,4.0238187615035415,0.017152344262215128,7.311534915643467e-05,3.116690173974484e-07,1.3285524520666573e-09,5.66322450858658e-12,2.414064404063632e-14,1.0290439551056343e-16,4.386508743333158e-19,1.8698383931873024e-21,7.970565707753622e-24,3.397615426717478e-26,1.448302543524483e-28,6.173683581387586e-31,2.6316579456072944e-33,1.1217976191001064e-35,4.781890064091386e-38,2.0383777069699226e-40,8.68899874439387e-43,3.7038620919921694e-45,1.5788464010709903e-47,6.730153273158337e-50,2.8688644474521818e-52,1.2229117055446703e-54,5.212909382617672e-57,2.222108440713649e-59,9.472188292310843e-62,4.037712534685101e-64,1.7211569290685882e-66,7.336780786232588e-69,3.1274517387767276e-71,1.3331397875116362e-73,5.682778957099844e-76,2.4223998846763803e-78,1.0325971229179807e-80,4.4016548423875834e-83,1.8762947253585345e-85,7.998087134198486e-88,3.40934699339453e-90,1.453303361958579e-92,6.195000585074492e-95,2.6407447511407574e-97,1.1256710544109835e-99,4.798401368369105e-102,2.045415985579762e-104,8.719000835662075e-107,3.716651092404961e-109,1.584297972099699e-111,6.753391701277649e-114,2.878770299152772e-116,1.2271342759100287e-118,5.230908945935728e-121,2.2297811199494674e-123,9.504894645023685e-126,4.051654281432225e-128,1.7270998816217997e-130,7.362113827845182e-133,3.1382504619971986e-135,1.3377429624866624e-137,5.702400924825198e-140
Sc51,0.0,0.0,0.0,0.0,0.0,0.0,0.0,0.0,0.0,0.0,0.0,0.0,0.0,0.0,0.0,0.0,0.0,0.0,0.0,0.0,0.0,0.0,0.0,0.0,0.0,0.0,0.0,0.0,0.0,0.0,0.0,0.0,0.0,0.0,0.0,0.0,0.0,0.0,0.0,0.0,0.0,0.0,0.0,0.0,0.0,0.0,0.0,0.0,0.0,0.0,0.0,0.0,0.0,0.0,0.0,0.0,0.0,0.0,0.0,0.0,0.0,0.0
Sc52,0.0,0.0,0.0,0.0,0.0,0.0,0.0,0.0,0.0,0.0,0.0,0.0,0.0,0.0,0.0,0.0,0.0,0.0,0.0,0.0,0.0,0.0,0.0,0.0,0.0,0.0,0.0,0.0,0.0,0.0,0.0,0.0,0.0,0.0,0.0,0.0,0.0,0.0,0.0,0.0,0.0,0.0,0.0,0.0,0.0,0.0,0.0,0.0,0.0,0.0,0.0,0.0,0.0,0.0,0.0,0.0,0.0,0.0,0.0,0.0,0.0,0.0
Sc53,0.0,0.0,0.0,0.0,0.0,0.0,0.0,0.0,0.0,0.0,0.0,0.0,0.0,0.0,0.0,0.0,0.0,0.0,0.0,0.0,0.0,0.0,0.0,0.0,0.0,0.0,0.0,0.0,0.0,0.0,0.0,0.0,0.0,0.0,0.0,0.0,0.0,0.0,0.0,0.0,0.0,0.0,0.0,0.0,0.0,0.0,0.0,0.0,0.0,0.0,0.0,0.0,0.0,0.0,0.0,0.0,0.0,0.0,0.0,0.0,0.0,0.0
Sc54,0.0,0.0,0.0,0.0,0.0,0.0,0.0,0.0,0.0,0.0,0.0,0.0,0.0,0.0,0.0,0.0,0.0,0.0,0.0,0.0,0.0,0.0,0.0,0.0,0.0,0.0,0.0,0.0,0.0,0.0,0.0,0.0,0.0,0.0,0.0,0.0,0.0,0.0,0.0,0.0,0.0,0.0,0.0,0.0,0.0,0.0,0.0,0.0,0.0,0.0,0.0,0.0,0.0,0.0,0.0,0.0,0.0,0.0,0.0,0.0,0.0,0.0
Sc55,0.0,0.0,0.0,0.0,0.0,0.0,0.0,0.0,0.0,0.0,0.0,0.0,0.0,0.0,0.0,0.0,0.0,0.0,0.0,0.0,0.0,0.0,0.0,0.0,0.0,0.0,0.0,0.0,0.0,0.0,0.0,0.0,0.0,0.0,0.0,0.0,0.0,0.0,0.0,0.0,0.0,0.0,0.0,0.0,0.0,0.0,0.0,0.0,0.0,0.0,0.0,0.0,0.0,0.0,0.0,0.0,0.0,0.0,0.0,0.0,0.0,0.0
Sc56,0.0,0.0,0.0,0.0,0.0,0.0,0.0,0.0,0.0,0.0,0.0,0.0,0.0,0.0,0.0,0.0,0.0,0.0,0.0,0.0,0.0,0.0,0.0,0.0,0.0,0.0,0.0,0.0,0.0,0.0,0.0,0.0,0.0,0.0,0.0,0.0,0.0,0.0,0.0,0.0,0.0,0.0,0.0,0.0,0.0,0.0,0.0,0.0,0.0,0.0,0.0,0.0,0.0,0.0,0.0,0.0,0.0,0.0,0.0,0.0,0.0,0.0
Sc57,0.0,0.0,0.0,0.0,0.0,0.0,0.0,0.0,0.0,0.0,0.0,0.0,0.0,0.0,0.0,0.0,0.0,0.0,0.0,0.0,0.0,0.0,0.0,0.0,0.0,0.0,0.0,0.0,0.0,0.0,0.0,0.0,0.0,0.0,0.0,0.0,0.0,0.0,0.0,0.0,0.0,0.0,0.0,0.0,0.0,0.0,0.0,0.0,0.0,0.0,0.0,0.0,0.0,0.0,0.0,0.0,0.0,0.0,0.0,0.0,0.0,0.0
Sc58,0.0,0.0,0.0,0.0,0.0,0.0,0.0,0.0,0.0,0.0,0.0,0.0,0.0,0.0,0.0,0.0,0.0,0.0,0.0,0.0,0.0,0.0,0.0,0.0,0.0,0.0,0.0,0.0,0.0,0.0,0.0,0.0,0.0,0.0,0.0,0.0,0.0,0.0,0.0,0.0,0.0,0.0,0.0,0.0,0.0,0.0,0.0,0.0,0.0,0.0,0.0,0.0,0.0,0.0,0.0,0.0,0.0,0.0,0.0,0.0,0.0,0.0
Se86,22335163894237.95,21545832667044.27,20655230210284.51,19739231870839.203,18834539138310.934,17957383843185.58,17114432846538.115,16307871282732.898,15537797025326.879,14803355505245.732,14103278841991.004,13436141655603.283,12800481683306.324,12194855784733.137,11617865069850.441,11068165299778.643,10544470299124.854,10045552088577.48,9570239514160.104,9117416222529.742,8686018386915.393,8275032374909.458,7883492447016.348,7510478525873.78,7155114052670.085,6816563936172.154,6494032594563.785,6186762087903.24,5894030337968.878,5615149431865.411,5349464005671.358,5096349704457.379,4855211715118.228,4625483368599.992,4406624808252.187,4198121721182.067,3999484129633.2085,3810245239549.714,3629960343620.8647,3458205776228.8584,3294577917843.8823,3138692246526.988,2990182434311.873,2848699486342.0625,2713910920740.541,2585499987284.495,2463164923049.1504,2346618243271.3833,2235586065766.736,2129807467312.1846,2029033870482.1921,1933028459497.1257,1841565623711.2708,1754430427432.683,1671418104828.9448,1592333578731.878,1516991002210.4011,1445213321834.2498,1376831861602.236,1311685926557.2769,1249622425156.7153,1190495509510.4954
Se87,5572587506892.419,4933811714516.395,4353905557668.01,3839608668292.5464,3385326103070.4375,2984578496198.263,2631208641923.5664,2319659328320.7017,2044993930566.077,1802849505912.6409,1589376573170.0627,1401180550067.4536,1235268537668.8977,1089001945618.2943,960054593449.8348,846375734344.7206,746157445966.9248,657805879251.6686,579915910643.9885,511248795459.91205,450712467205.6118,397344169606.4107,350295145148.7437,308817136630.71625,272250487046.55743,240013648548.65442,211593933640.18265,186539361507.39325,164451469817.45923,144978977662.31403,127812198865.35963,112678116801.51349,99336042401.63445,87573786287.19485,77204284157.68143,68062621761.63987,60003412137.16354,52898483410.04543,46634840376.84814,41112867454.36464,36244744415.578354,31953049716.339764,28169529200.37823,24834010600.408516,21893446571.79865,19301071039.42032,17015655440.409916,15000853034.29086,13224620852.511349,11658710094.21203,10278216863.59116,9061186103.894588,7988262429.084941,7042382300.094558,6208502650.102129,5473361642.949662,4825267759.85508,4253913860.102479,3750213258.572715,3306155213.127837,2914677523.5530076,2569554215.89779
Se88,650671645677.4973,420638418764.4334,267411852813.36374,169992240260.03952,108063111060.70288,68695111892.94564,43669096249.9217,27760198866.21286,17647002280.08654,11218100092.662043,7131283131.922787,4533316576.566451,2881803849.7696123,1831946498.3928013,1164558085.1180937,740303024.5718063,470606468.83456093,299161885.27938783,190175527.8153222,120893513.37674661,76851326.47964218,48853955.98748951,31056185.038781293,19742242.151485316,12550032.294088187,7977984.940824297,5071560.154152055,3223962.264652425,2049454.6782400552,1302826.8116571398,828199.6763306293,526481.8759768272,334681.5673246213,212755.1899085606,135247.27756854187,85975.93364262363,54654.41743901061,34743.50575841532,22086.25119336538,14040.105657969809,8925.216197222795,5673.709736076648,3606.7453670497744,2292.7877434439274,1457.5122725635288,926.5323537897119,588.9914059585979,374.4185239448441,238.01574972876594,151.30527336647452,96.18391125205771,61.143571389849384,38.868624426266805,24.70856592850236,15.707096385705173,9.984912826739135,6.347352923122955,4.034976552102261,2.565011899165775,1.6305636372122523,1.0365401329574953,0.6589227324291697
Se89,24793675596.102436,4572174532.167258,843146999.0634737,155483316.97026837,28672416.414847475,5287431.983610301,975046.4201136598,179806.66688922723,33157.84437631679,6114.582193781342,1127.5797962069153,207.93508967907974,38.34495941244478,7.071129334694336,1.3039750421993435,0.2404638396777789,0.04434353137239033,0.00817731587921522,0.001507965038393397,0.00027808129105011777,5.128050217562594e-05,9.456550972752911e-06,1.7438666258377453e-06,3.215835051778324e-07,5.9302672159793467e-08,1.093590581813947e-08,2.016671959418046e-09,3.7189107692909285e-10,6.85798066728665e-11,1.2646686557054679e-11,2.3321541519548648e-12,4.3006861630853933e-13,7.930822865139712e-14,1.4625096771325148e-14,2.6969894449515858e-15,4.973472777589845e-16,9.171497321106975e-17,1.6913003623965827e-17,3.1188984913725665e-18,5.751508138803982e-19,1.0606259216910471e-19,1.9558823853058323e-20,3.606809740280858e-21,6.651257049155694e-22,1.2265471017192732e-22,2.261854836788963e-23,4.171048380885211e-24,7.691760016033428e-25,1.4184245000700385e-25,2.6156927129877785e-26,4.823554844434462e-27,8.895036187446796e-28,1.640318630714453e-28,3.024883939276307e-29,5.5781374879016254e-30,1.0286549321749438e-30,1.8969252224112607e-31,3.4980878299118865e-32,6.450764806755634e-33,1.1895746652286098e-33,2.1936745898281577e-34,4.045318336645092e-35
Se90,2547008281.301783,34379980.52171614,464038.59228761645,6263.2907803186035,84.53782088561594,1.1410364632192498,0.015400967244678819,0.0002078722282042392,2.805723989415343e-06,3.786983558499331e-08,5.111423834435229e-10,6.899067083773058e-12,9.311911547178513e-14,1.256861190209713e-15,1.696429399540442e-17,2.289729947938768e-19,3.09052839800345e-21,4.1713940054214593e-23,5.630276026490235e-25,7.599379989823764e-27,1.0257148309961988e-28,1.3844430939555632e-30,1.8686311462804188e-32,2.5221566535268126e-34,3.404242831760528e-36,4.5948253219671517e-38,6.201796047690324e-40,8.370780502419777e-42,1.1298334495502567e-43,1.52497562605258e-45,2.058312807945428e-47,2.7781766101526643e-49,3.749801899597364e-51,5.06123845217001e-53,6.831330122392549e-55,9.220484607102293e-57,1.24452097712465e-58,1.679773383397082e-60,2.267248741831907e-62,3.060184729765553e-64,4.1304380977288327e-66,5.574996408951049e-68,7.524767161359247e-70,1.0156440772187713e-71,1.370850246219759e-73,1.8502844054453008e-75,2.4973934173151446e-77,3.37081902787155e-79,4.549712047722224e-81,6.1409050874675336e-83,8.288593848958905e-85,1.1187404301884605e-86,1.5100029907913364e-88,2.0381037197472864e-90,2.7508996987289657e-92,3.712985300574123e-94,5.01154580395983e-96,6.764258221357311e-98,9.129955322177627e-100,1.2323019236872567e-101,1.663280900657369e-103,2.244988262465534e-105
Se91,223884172.9175102,17182941.084222898,1318777.688950446,101215.18687335541,7768.18878545132,596.2025943983834,45.758096692125044,3.5118991976186953,0.26953559841481384,0.02068665264142348,0.001587684892176355,0.00012185361066088777,9.35217214968997e-06,7.177721155989547e-07,5.5088465191316866e-08,4.2279978995876025e-09,3.244956303798936e-10,2.4904793388358852e-11,1.9114239935702845e-12,1.4670034102366553e-13,1.1259139850107994e-14,8.641304395048384e-16,6.632135548717457e-17,5.090113705723185e-18,3.9066236428478055e-19,2.9983040004975956e-20,2.301175567771506e-21,1.7661347858088075e-22,1.3554950458059275e-23,1.0403321614907143e-24,7.984470393902843e-26,6.128020437218798e-27,4.703209183122209e-28,3.609677357774008e-29,2.7703999800784076e-30,2.126260961547955e-31,1.6318891528705833e-32,1.2524625412479536e-33,9.612554961039584e-35,7.377562987787104e-36,5.662223608537869e-37,4.345713651805801e-38,3.335302250341181e-39,2.5598191672174307e-40,1.9646417856682817e-41,1.5078476618289986e-42,1.1572616381615855e-43,8.881895254166049e-45,6.816787207368093e-46,5.231832452509646e-47,4.01539170557463e-48,3.081782663254695e-49,2.3652448079602906e-50,1.8153074414646866e-51,1.3932346858754382e-52,1.0692970488570492e-53,8.206773706440876e-55,6.298636542644493e-56,4.8341557493172306e-57,3.710177853641523e-58,2.8475333480093674e-59,2.1854602361089055e-60
Si35,0.0,0.0,0.0,0.0,0.0,0.0,0.0,0.0,0.0,0.0,0.0,0.0,0.0,0.0,0.0,0.0,0.0,0.0,0.0,0.0,0.0,0.0,0.0,0.0,0.0,0.0,0.0,0.0,0.0,0.0,0.0,0.0,0.0,0.0,0.0,0.0,0.0,0.0,0.0,0.0,0.0,0.0,0.0,0.0,0.0,0.0,0.0,0.0,0.0,0.0,0.0,0.0,0.0,0.0,0.0,0.0,0.0,0.0,0.0,0.0,0.0,0.0
Si36,0.0,0.0,0.0,0.0,0.0,0.0,0.0,0.0,0.0,0.0,0.0,0.0,0.0,0.0,0.0,0.0,0.0,0.0,0.0,0.0,0.0,0.0,0.0,0.0,0.0,0.0,0.0,0.0,0.0,0.0,0.0,0.0,0.0,0.0,0.0,0.0,0.0,0.0,0.0,0.0,0.0,0.0,0.0,0.0,0.0,0.0,0.0,0.0,0.0,0.0,0.0,0.0,0.0,0.0,0.0,0.0,0.0,0.0,0.0,0.0,0.0,0.0
Si37,0.0,0.0,0.0,0.0,0.0,0.0,0.0,0.0,0.0,0.0,0.0,0.0,0.0,0.0,0.0,0.0,0.0,0.0,0.0,0.0,0.0,0.0,0.0,0.0,0.0,0.0,0.0,0.0,0.0,0.0,0.0,0.0,0.0,0.0,0.0,0.0,0.0,0.0,0.0,0.0,0.0,0.0,0.0,0.0,0.0,0.0,0.0,0.0,0.0,0.0,0.0,0.0,0.0,0.0,0.0,0.0,0.0,0.0,0.0,0.0,0.0,0.0
Si38,0.0,0.0,0.0,0.0,0.0,0.0,0.0,0.0,0.0,0.0,0.0,0.0,0.0,0.0,0.0,0.0,0.0,0.0,0.0,0.0,0.0,0.0,0.0,0.0,0.0,0.0,0.0,0.0,0.0,0.0,0.0,0.0,0.0,0.0,0.0,0.0,0.0,0.0,0.0,0.0,0.0,0.0,0.0,0.0,0.0,0.0,0.0,0.0,0.0,0.0,0.0,0.0,0.0,0.0,0.0,0.0,0.0,0.0,0.0,0.0,0.0,0.0
Si39,0.0,0.0,0.0,0.0,0.0,0.0,0.0,0.0,0.0,0.0,0.0,0.0,0.0,0.0,0.0,0.0,0.0,0.0,0.0,0.0,0.0,0.0,0.0,0.0,0.0,0.0,0.0,0.0,0.0,0.0,0.0,0.0,0.0,0.0,0.0,0.0,0.0,0.0,0.0,0.0,0.0,0.0,0.0,0.0,0.0,0.0,0.0,0.0,0.0,0.0,0.0,0.0,0.0,0.0,0.0,0.0,0.0,0.0,0.0,0.0,0.0,0.0
Si40,0.0,0.0,0.0,0.0,0.0,0.0,0.0,0.0,0.0,0.0,0.0,0.0,0.0,0.0,0.0,0.0,0.0,0.0,0.0,0.0,0.0,0.0,0.0,0.0,0.0,0.0,0.0,0.0,0.0,0.0,0.0,0.0,0.0,0.0,0.0,0.0,0.0,0.0,0.0,0.0,0.0,0.0,0.0,0.0,0.0,0.0,0.0,0.0,0.0,0.0,0.0,0.0,0.0,0.0,0.0,0.0,0.0,0.0,0.0,0.0,0.0,0.0
Si41,0.0,0.0,0.0,0.0,0.0,0.0,0.0,0.0,0.0,0.0,0.0,0.0,0.0,0.0,0.0,0.0,0.0,0.0,0.0,0.0,0.0,0.0,0.0,0.0,0.0,0.0,0.0,0.0,0.0,0.0,0.0,0.0,0.0,0.0,0.0,0.0,0.0,0.0,0.0,0.0,0.0,0.0,0.0,0.0,0.0,0.0,0.0,0.0,0.0,0.0,0.0,0.0,0.0,0.0,0.0,0.0,0.0,0.0,0.0,0.0,0.0,0.0
Si42,0.0,0.0,0.0,0.0,0.0,0.0,0.0,0.0,0.0,0.0,0.0,0.0,0.0,0.0,0.0,0.0,0.0,0.0,0.0,0.0,0.0,0.0,0.0,0.0,0.0,0.0,0.0,0.0,0.0,0.0,0.0,0.0,0.0,0.0,0.0,0.0,0.0,0.0,0.0,0.0,0.0,0.0,0.0,0.0,0.0,0.0,0.0,0.0,0.0,0.0,0.0,0.0,0.0,0.0,0.0,0.0,0.0,0.0,0.0,0.0,0.0,0.0
Sm163,298658.9026370111,200924.31046380248,135151.7979225229,90909.23942573968,61149.664010367174,41132.02765498301,27667.26073090596,18610.249967421198,12518.095203493493,8420.236579198916,5663.831669046001,3809.749152955549,2562.60945885248,1723.7269371149148,1159.4566403676915,779.9029370294695,524.597962537265,352.8682983890991,237.35516509783102,159.6558111221899,107.39171407783837,72.23652037162377,48.5895482738816,32.6835261348954,21.984416784228245,14.787712297255258,9.946883609997519,6.690723457556153,4.5004829794628805,3.0272282477257217,2.036250532586672,1.3696741349366446,0.9213047244885597,0.6197111953232605,0.41684575732765955,0.2803892953901392,0.18860251204999404,0.12686257334494191,0.08533350028463357,0.057399168870933916,0.038609275092249755,0.025970343342442952,0.017468826641082378,0.01175032228848015,0.007903797817676346,0.005316451618007964,0.0035760856310630067,0.0024054368137910414,0.0016180055127542467,0.0010883436323472478,0.000732069113939237,0.0004924227713152889,0.0003312258106410912,0.00022279744972354738,0.00014986363383711062,0.00010080505308625118,6.780603450979179e-05,4.56094032509383e-05,3.0678945907186176e-05,2.0636045527666337e-05,1.3880736851528137e-05,9.33681093516953e-06
Sm164,9225.390576102527,5241.389441074229,2977.886198571185,1691.8808097234744,961.2391083594779,546.1263099205797,310.2807030984119,176.28543610954307,100.1562606826863,56.90360347014054,32.32968229660292,18.368052173492664,10.435776558299175,5.929068109459662,3.3685896253360306,1.9138582749314503,1.0873552150651784,0.6177789542811306,0.35099002705368004,0.1994143669631739,0.11329692209528668,0.06436944715540951,0.036571388264266265,0.020777969963709928,0.011804967115089458,0.006706971317782248,0.0038105539658856466,0.0021649595382089945,0.001230017956455509,0.0006988325400550443,0.00039704047934966037,0.0002255778504959019,0.00012816165927892313,7.281482145972118e-05,4.1369612831495365e-05,2.3504072818121796e-05,1.3353797660368457e-05,7.586936669825718e-06,4.310504734003736e-06,2.449005688391415e-06,1.391398277436228e-06,7.905204857748302e-07,4.491328245577158e-07,2.551740248672687e-07,1.449766737291632e-07,8.236824236520579e-08,4.6797372127655096e-08,2.6587844722292304e-08,1.5105837247621285e-08,8.582354881902188e-09,4.876049841627216e-09,2.7703191472738453e-09,1.5739519543530606e-09,8.942380364549869e-10,5.080597686805214e-10,2.886532645994178e-10,1.639978449391754e-10,9.317508735616794e-11,5.293726211493459e-11,3.007621242696672e-11,1.7087747227804375e-11,9.708373553696981e-12
Sm165,242.64528062047984,97.93851842585279,39.530764278303984,15.955737839856216,6.44018841178707,2.5994427331158874,1.0492088259998569,0.4234904452911144,0.17093275695804214,0.06899330959212588,0.027847656898457213,0.011240104284295655,0.004536824939438299,0.0018311912425818828,0.0007391207312759453,0.0002983300939292581,0.0001204144886995629,4.860270346113792e-05,1.961742983956949e-05,7.918151174824003e-06,3.1959904299442413e-06,1.2899923988281525e-06,5.206775256406025e-07,2.1016021951253045e-07,8.482662625242921e-08,3.423843264943054e-08,1.3819602665808253e-08,5.577983659365634e-09,2.251432436703154e-09,9.087419982896786e-10,3.667940489765624e-10,1.4804848308742335e-10,5.975656749514936e-11,2.411944576759856e-11,9.735292512966898e-12,3.929440221232151e-12,1.586033540509547e-12,6.401681282817592e-13,2.583900163524343e-13,1.0429354040135155e-13,4.209583142180048e-14,1.699107170274641e-14,6.858078528373257e-15,2.7681150385429733e-15,1.117289753231406e-15,4.50969838787109e-16,1.8202421968650197e-16,7.347013858308394e-17,2.9654632074315325e-17,1.1969450724099863e-17,4.831209852060273e-18,1.9500133441920772e-18,7.870807021362497e-19,3.176880986586066e-19,1.2822792854073751e-19,5.175642942645389e-20,2.089036310154911e-20,8.431943148912572e-21,3.403371445526548e-21,1.3736972595361072e-21,5.544631818949343e-22,2.237970687812778e-22
Sn133,250452181744.79376,155790359067.34216,96907113653.14355,60279651111.47486,37496074335.03718,23323884007.434715,14508280529.087223,9024663467.0107,5613659766.883594,3491894860.5144935,2172082068.24701,1351111846.0494163,840439340.3092461,522782985.5868259,325189501.3844921,202279367.78009677,125824918.87134138,78267548.40459521,48685182.459997594,30283904.881120563,18837659.602124494,11717690.326875146,7288817.69267443,4533902.319913205,2820247.55087156,1754293.6938150215,1091232.705160254,678785.325974572,422228.4729733631,262641.0391731073,163372.01272137175,101623.16835428124,63213.20386727179,39320.84787235351,24458.95766724879,15214.336478967214,9463.85523227694,5886.852573644103,3661.830445760363,2277.7880107836695,1416.8646798152074,881.3399277736868,548.2245971361467,341.01508332238734,212.12343929999653,131.9482794194207,82.07649517280755,51.05448202502588,31.757692983304416,19.754407911286854,12.287940189190287,7.643533269698571,4.754547950712209,2.9574969347275646,1.8396676633816924,1.1443383328490293,0.711818904084307,0.44277652654552013,0.27542265502476126,0.1713226297083073,0.10656873323485683,0.06628952008627378
Sn134,23139399984.86536,11957953900.70796,6179618161.685917,3193496223.511151,1650331438.4067512,852856451.3532405,440738211.5419477,227764204.40388894,117703733.07602148,60826804.70485184,31434008.70907404,16244432.176187074,8394779.653113972,4338244.923552493,2241913.402664204,1158573.5230756782,598726.3409803695,309409.1348057901,159896.10970599757,82630.93432958964,42701.922646745,22067.452250453673,11403.993512296176,5893.343125997686,3045.5553279029377,1573.8787063663017,813.3472932369618,420.3207126063802,217.21287193669218,112.2510271797385,58.00896139607605,29.977806767534293,15.4918977510329,8.005885747064564,4.137272761871808,2.1380552317277948,1.104901812625578,0.5709899339488692,0.2950755451257611,0.152488813119886,0.07880299981078114,0.0407237268893671,0.02104516243977897,0.010875695717140366,0.005620329977033316,0.0029044678954152467,0.0015009676994002358,0.0007756684238786333,0.0004008490682662775,0.00020715033715886324,0.0001070509216115365,5.5321656604839376e-05,2.8589064376386922e-05,1.4774224997551822e-05,7.635007617058338e-06,3.945610772964294e-06,2.039008361556811e-06,1.0537164808517247e-06,5.445384349335377e-07,2.814059687860118e-07,1.4542466461170768e-07,7.515239697530855e-08
Sn135,413881403.80613965,111916672.57966675,30263117.61320681,8183376.672665505,2212847.156814449,598370.6647376929,161803.96884440197,43753.02112324792,11831.148958109206,3199.232466134617,865.0967381620649,233.9287233112099,63.25610209359151,17.104930063469162,4.625302900315955,1.2507170061665984,0.33820337029332326,0.0914527579890657,0.024729519805059528,0.0066870498302735734,0.0018082290228463311,0.0004889588506221784,0.00013221818396954218,3.575280036338247e-05,9.6678285501058e-06,2.6142542101392563e-06,7.069141782780202e-07,1.9115495865410454e-07,5.168975151560985e-08,1.3977301088904424e-08,3.779568289680987e-09,1.0220239490799843e-09,2.7636303208089667e-10,7.473066122344789e-11,2.0207737933845652e-11,5.4643256960083955e-12,1.4775951375560685e-12,3.9955293882357595e-13,1.0804214690811985e-13,2.921541646742846e-14,7.900070331730361e-15,2.136238972183294e-15,5.776552302256764e-16,1.5620235814069224e-16,4.2238303077738764e-17,1.1421557703245363e-17,3.0884758823873494e-18,8.351473173731784e-19,2.258301726405195e-19,6.10661925314648e-20,1.6512761898410898e-20,4.465176134456308e-21,1.2074175134589014e-21,3.264948588606549e-22,8.82866876405196e-23,2.3873390355164277e-23,6.455545929763422e-24,1.7456286112403885e-24,4.72031224242675e-25,1.2764082533094733e-25,3.4515047849439405e-26,9.333130876898659e-27
Sn136,4888576.537896105,305536.03361850674,19096.00210115668,1193.500131322293,74.59375820764332,4.662109887977707,0.2913818679986067,0.01821136674991292,0.0011382104218695575,7.113815136684734e-05,4.446134460427959e-06,2.7788340377674743e-07,1.7367712736046714e-08,1.0854820460029197e-09,6.784262787518248e-11,4.240164242198905e-12,2.6501026513743156e-13,1.6563141571089472e-14,1.035196348193092e-15,6.469977176206825e-17,4.043735735129266e-18,2.527334834455791e-19,1.5795842715348694e-20,9.872401697092934e-22,6.170251060683084e-23,3.856406912926927e-24,2.4102543205793295e-25,1.506408950362081e-26,9.415055939763006e-28,5.884409962351879e-29,3.677756226469924e-30,2.2985976415437026e-31,1.4366235259648141e-32,8.978897037280088e-34,5.611810648300055e-35,3.5073816551875345e-36,2.192113534492209e-37,1.3700709590576307e-38,8.562943494110192e-40,5.35183968381887e-41,3.3448998023867937e-42,2.090562376491746e-43,1.3066014853073413e-44,8.166259283170883e-46,5.103912051981802e-47,3.189945032488626e-48,1.9937156453053913e-49,1.2460722783158696e-50,7.787951739474185e-52,4.867469837171366e-53,3.0421686482321035e-54,1.9013554051450647e-55,1.1883471282156654e-56,7.427169551347909e-58,4.641980969592443e-59,2.901238105995277e-60,1.813273816247048e-61,1.133296135154405e-62,7.083100844715032e-64,4.426938027946895e-65,2.766836267466809e-66,1.7292726671667557e-67
Sn137,4401544.006828566,114613.7309494208,2984.4771066167964,77.71410568468869,2.023631613384133,0.05269422932437467,0.0013721281016391715,3.5729444218990066e-05,9.303746367943925e-07,2.4226432392425415e-08,6.308426769747224e-10,1.6426788585555826e-11,4.277443379839054e-13,1.1138222040440205e-14,2.900330389103035e-16,7.552297247633337e-18,1.9665757367128646e-19,5.120852637837688e-21,1.3334412323362236e-22,3.4722059895969696e-24,9.041429154751932e-26,2.3543373119371556e-27,6.1305619758866e-29,1.596363866368093e-30,4.156841744475052e-32,1.082418216338284e-33,2.8185561709636696e-35,7.339361781763095e-37,1.911128538736475e-38,4.97647125210336e-40,1.2958451313476016e-41,3.3743078566515308e-43,8.786507921374476e-45,2.2879572561878785e-46,5.957712043266321e-48,1.5513547158490218e-49,4.0396404473881274e-51,1.051899657599796e-52,2.73908756006734e-54,7.13242998750941e-56,1.8572446630903878e-57,4.8361606698115196e-59,1.2593090446852744e-60,3.279169941407149e-62,8.53877413968351e-64,2.223448772442716e-65,5.789735578906254e-67,1.5076145890613969e-68,3.925743616740681e-70,1.0222415633411314e-71,2.661859550292554e-73,6.931332592587201e-75,1.804880032223388e-76,4.699806115497284e-78,1.2238030854635684e-79,3.186714420094072e-81,8.298025160958637e-83,2.1607590921143775e-84,5.6264951763722696e-86,1.4651077061424048e-87,3.815058083781846e-89,9.934196729434535e-91
Sr100,7963906074.731096,322142403.1010965,10418465.552380392,336942.85929072765,10897.04523397765,352.4205708983292,11.397608812803703,0.3686092622759453,0.011921166138197485,0.0003855415927886205,1.246877344437896e-05,4.032517220327229e-07,1.3041535484443592e-08,4.21775378750149e-10,1.3640607759111677e-11,4.411499329081499e-13,1.426719884785685e-14,4.61414471090192e-16,1.4922572847116588e-17,4.826098753499515e-19,1.560805192050378e-20,5.047789056875258e-22,1.6325018966163957e-23,5.279662863142481e-25,1.7074920406659634e-26,5.522187958801368e-28,1.7859269107009816e-29,5.775853618460076e-31,1.8679647426771936e-32,6.041171591906392e-34,1.9537710412323192e-35,6.318677136521182e-37,2.0435189135781669e-38,6.60893009711653e-40,2.1373894187303272e-41,6.912516035376996e-43,2.235571932779968e-44,7.230047411182597e-46,2.3382645309446674e-47,7.562164818196655e-49,2.445674387169006e-50,7.909538276211307e-52,2.5580181920811252e-53,8.272868582857817e-55,2.6755225901483883e-56,8.652888727408633e-58,2.798424636914124e-59,9.05036536952351e-61,2.926972277237851e-62,9.466100385922856e-64,3.0614248455038302e-65,9.900932488108658e-67,3.202053588807032e-68,1.0355738914396551e-69,3.3491422141720393e-71,1.0831437199672591e-72,3.502987460908838e-74,1.1328987026445087e-75,3.66389969926019e-77,1.184939216092587e-78,3.832203556548297e-80,1.23937024780467e-81
Sr101,659513557.868569,1854216.7591209773,5212.653341865455,14.654033692913687,0.041196045351483156,0.00011581208206325724,3.255758711155937e-07,9.152727933410265e-10,2.5730539654545095e-12,7.233479195829626e-15,2.0335065637559416e-17,5.716680497571028e-20,1.6070976358663566e-22,4.517941508721063e-25,1.2701030118323296e-27,3.5705678295118226e-30,1.003773277157444e-32,2.821850305174434e-35,7.932906091465968e-38,2.2301324397194673e-40,6.269443557436619e-43,1.7624927479566144e-45,4.954794884332224e-48,1.3929130984662145e-50,3.915816789942134e-53,1.1008311393781191e-55,3.0947035125267834e-58,8.699962680794043e-61,2.4457706640016617e-63,6.875654942861405e-66,1.9329134815913527e-68,5.433888928932706e-71,1.527598062364796e-73,4.2944489124826895e-76,1.2072738187016419e-78,3.393939718518702e-81,9.541188282643855e-84,2.6822595978396676e-86,7.540482733466627e-89,2.1198127093851535e-91,5.959308020064857e-94,1.6753061211860495e-96,4.70969211565087e-99,1.324008761367179e-101,3.722109974772295e-104,1.046375452228397e-106,2.9416153591570443e-109,8.26959472606193e-112,2.324783786582764e-114,6.535531466040574e-117,1.8372965172125197e-119,5.165086435130173e-122,1.4520311573246105e-124,4.0820120017765186e-127,1.147552647103596e-129,3.2260490103933004e-132,9.06920675380574e-135,2.5495741347478235e-137,7.1674716929872105e-140,2.014950252656771e-142,5.664514203319406e-145,1.5924324244382705e-147
Sr102,14867275.85659741,644.883292105689,0.02797226058570665,1.2133162245869035e-06,5.262843367038191e-11,2.2827948513923518e-15,9.901781166776677e-20,4.294966331071415e-24,1.8629714668842783e-28,8.080768087323214e-33,3.5050892642124097e-37,1.520356804864915e-41,6.594653202415493e-46,2.8604766145005643e-50,1.2407515923820818e-54,5.381846179740435e-59,2.3344131476614986e-63,1.0125679110802258e-67,4.392083618859246e-72,1.9050967647663632e-76,8.26348949172767e-81,3.5843459420428997e-85,1.5547349391683345e-89,6.74377074689694e-94,2.9251573847713515e-98,1.2688073255781354e-102,5.503539870442147e-107,2.3871986309462006e-111,1.0354639809547857e-115,4.49139691165857e-120,1.9481745950694737e-124,8.450342571644505e-129,3.665394762813901e-133,1.5898904279153965e-137,6.896260120250908e-142,2.991300709226848e-146,1.2974974518066045e-150,5.627985284969093e-155,2.441177693545848e-159,1.0588777741444561e-163,4.592955865283719e-168,1.9922264963478423e-172,8.641420752048138e-177,3.7482762502567483e-181,1.6258408485559327e-185,7.052197565886479e-190,3.05893965897513e-194,1.326836315890233e-198,5.755244644985915e-203,2.4963773245394985e-207,1.0828209973496681e-211,4.6968112583606265e-216,2.037274494183034e-220,8.836819570427917e-225,3.833031844420766e-229,1.6626041759990598e-233,7.211661051219982e-238,3.128108052924363e-242,1.356838587015252e-246,5.885381579106397e-251,2.552825123280162e-255,1.1073056219814177e-259
Sr103,174269.8677165732,6.5209459514645305,0.00024400509772050358,9.130345222416827e-09,3.4164533716421904e-13,1.2783912717722662e-17,4.783569585081044e-22,1.7899479197468048e-26,6.6977463135442925e-31,2.50620731395033e-35,9.377893408408762e-40,3.50908260022816e-44,1.313051893315709e-48,4.913265006722463e-53,1.8384782162207523e-57,6.879340208382064e-62,2.574157326701751e-66,9.632153290716127e-71,3.604223256032674e-75,1.3486522574186483e-79,5.04647681964774e-84,1.8883242993999243e-88,7.065857601527859e-93,2.6439496468342217e-97,9.893306841455789e-102,3.7019434305941206e-106,1.3852178430263257e-110,5.183300362670732e-115,1.9395218437965212e-119,7.257431982246897e-124,2.715634224249857e-128,1.0161540966497522e-132,3.8023130615954022e-137,1.4227748198866202e-141,5.323833559496648e-146,1.992107491154601e-150,7.454200459056969e-155,2.789262363126811e-159,1.0437047639231342e-163,3.905403982917901e-168,1.4613500672795903e-172,5.4681769888054024e-177,2.046118876674343e-181,7.656303857856098e-186,2.864886758637331e-190,1.0720024037961559e-194,4.011289976052459e-199,1.500971193254768e-203,5.616433956235071e-208,2.1015946559472813e-212,7.863886822710663e-217,2.942561534661314e-221,1.1010672687025938e-225,4.1200468229043505e-230,1.5416665543900795e-234,5.768710568317148e-239,2.1585745326219067e-243,8.077097919376356e-248,3.02234228252248e-252,1.1309201601741247e-256,4.231752360029907e-261,1.583465276086464e-265
Sr104,7015.8197682648415,0.0007004559845886519,6.993317994931939e-11,6.98209418639768e-18,6.970888391326855e-25,6.959700580809066e-32,6.948530725980306e-39,6.9373787980228845e-46,6.926244768165376e-53,6.915128607682519e-60,6.904030287895167e-67,6.892949780170186e-74,6.881887055920412e-81,6.87084208660456e-88,6.859814843727141e-95,6.848805298838396e-102,6.83781342353424e-109,6.826839189456179e-116,6.81588256829121e-123,6.80494353177179e-130,6.794022051675733e-137,6.783118099826151e-144,6.772231648091382e-151,6.761362668384913e-158,6.750511132665297e-165,6.7396770129361e-172,6.728860281245826e-179,6.718060909687838e-186,6.707278870400267e-193,6.696514135565983e-200,6.685766677412503e-207,6.675036468211894e-214,6.664323480280741e-221,6.653627685980061e-228,6.642949057715225e-235,6.63228756793588e-242,6.621643189135919e-249,6.611015893853356e-256,6.60040565467028e-263,6.58981244421279e-270,6.579236235150923e-277,6.568677000198571e-284,6.558134712113423e-291,6.547609343696885e-298,6.537100867794022e-305,6.526609257296e-312,6.51613e-319,0.0,0.0,0.0,0.0,0.0,0.0,0.0,0.0,0.0,0.0,0.0,0.0,0.0,0.0,0.0
Sr105,1.8881414465527212e-14,7.274882285611875e-20,2.802963324921204e-25,1.0799629591796926e-30,4.16102480838898e-36,1.6032149351844287e-41,6.177079557940803e-47,2.3799873010003343e-52,9.169931356382148e-58,3.533113014738256e-63,1.3612847348333676e-68,5.244938731255482e-74,2.0208396958180272e-79,7.786159735018227e-85,2.999955095135766e-90,1.1558625662860197e-95,4.4534609011567264e-101,1.7158885992700198e-106,6.611203624444293e-112,2.5472523905374635e-117,9.814392521670687e-123,3.781419576923109e-128,1.4569555869264573e-133,5.613552104163606e-139,2.1628639547370276e-144,8.333369673777509e-150,3.21079141236501e-155,1.2370963844501748e-160,4.7664493511661195e-166,1.8364809486796253e-171,7.075837854100115e-177,2.7262728411919078e-182,1.0504146304474432e-187,4.0471770806903216e-193,1.5593501697027807e-198,6.008071560183232e-204,2.314869653630322e-209,8.919037430930901e-215,3.436445268941705e-220,1.3240393010884885e-225,5.10143457447462e-231,1.9655485072271114e-236,7.573126495816331e-242,2.9178748176784864e-247,1.124237586199795e-252,4.331611975149544e-258,1.6689410257739297e-263,6.430317774285807e-269,2.4775582863463607e-274,9.54586581520114e-280,3.677958038928928e-285,1.4170925506390933e-290,5.45996250044662e-296,2.1036869111222664e-301,8.105364495937728e-307,3.122942547425e-312,1.203249e-317,4.4e-323,0.0,0.0,0.0,0.0
Sr96,5005100779308.176,2649036308142.284,1386979854736.278,725694012518.2941,379680537506.0509,198646980915.00964,103931101294.95755,54376228890.06088,28449369144.61616,14884566679.483381,7787530335.354887,4074396657.2876735,2131703814.436606,1115296701.501965,583517618.1405455,305293479.5035932,159728011.1685708,83568891.13174403,43722823.02832212,22875560.841800056,11968378.242363848,6261795.229542309,3276139.732777573,1714059.811161921,896787.462038302,469194.68435814476,245480.2962226703,128434.05486574527,67196.05077506792,35156.63539927515,18393.774609387645,9623.530253635392,5034.982569340012,2634.277526584499,1378.2407369838756,721.0886134479293,377.269931508591,197.38572841959746,103.27121917175076,54.03098184762635,28.26873762924547,14.790061180171321,7.738085533996628,4.048527386196672,2.118169142066711,1.1082154290719843,0.5798127320629823,0.3033551017637952,0.15871386169582488,0.08303829323436096,0.04344521688024115,0.022730318703012016,0.011892388286717879,0.006222037667396359,0.0032553387764623276,0.0017031768555611645,0.000891093554469195,0.0004662156605897042,0.0002439216859879199,0.00012761859783931784,6.67694077650813e-05,3.4933417924814356e-05
Sr97,934917507177.3335,187638295901.56573,37322356312.74027,7418165509.470693,1474338899.440713,293019083.22385484,58236370.525428034,11574245.24589531,2300334.8492444484,457182.3306759184,90863.15566039422,18058.68797323058,3589.091848552257,713.3176184470975,141.76901741656025,28.1760239471045,5.599871819208012,1.1129520776398478,0.22119476429337928,0.043961572770104984,0.008737186373262993,0.0017364807697017742,0.00034511859249924064,6.85909368919257e-05,1.3632173768564739e-05,2.7093398935365854e-06,5.384704437700017e-07,1.070188423038282e-07,2.1269565935439945e-08,4.22724097311455e-09,8.401471990081235e-10,1.6697588817160325e-10,3.318578847089171e-11,6.5955424372586775e-12,1.3108376219488188e-12,2.6052372302385094e-13,5.1778045672279405e-14,1.0290679031157605e-14,2.0452312084656723e-15,4.064815046137352e-16,8.078656970866344e-17,1.6056006906131194e-17,3.1910670139777823e-18,6.3421177801117e-19,1.2604704871637954e-19,2.5051345687606477e-20,4.978854540038177e-21,9.895273826795863e-22,1.966646009034047e-22,3.9086301122623116e-23,7.768245675279126e-24,1.5439076898623398e-24,3.068454647877007e-25,6.098430617258933e-26,1.2120386403381484e-26,2.4088782145283058e-27,4.787548894324179e-28,9.515061524201151e-29,1.8910803379296557e-29,3.758446369903408e-30,7.469761507279531e-31,1.484585157911113e-31
Sr98,660072396060.647,228576569929.74454,79075029070.85596,27355457424.156883,9463430177.346857,3273807829.480135,1132551041.587402,391798153.28512204,135539845.25278056,46889066.467290364,16220946.320793228,5611523.524905451,1941267.5221175032,671567.9932022971,232324.27491591303,80370.96654626592,27803.776707874957,9618.523111531329,3327.4611510190502,1151.1120348889285,398.2191997824903,137.76116161508847,47.65751540835922,16.486785885589082,5.703488872808145,1.9730822943894863,0.6825740923233383,0.2361317583335726,0.08168813894461706,0.028259443335057397,0.009776157810973664,0.0033819937785716193,0.0011699772179882587,0.0004047454786240543,0.0001400188823747326,4.8438558197408475e-05,1.675698220447397e-05,5.796961409476471e-06,2.0054184681289e-06,6.93760566654466e-07,2.400016413002283e-07,8.302689803280788e-08,2.872257772740377e-08,9.936375931818618e-09,3.437420122784663e-09,1.1891515761483797e-09,4.1137871442686066e-10,1.4231360415098172e-10,4.923240123072326e-11,1.7031606678806743e-11,5.891965835713778e-12,2.0382845884068152e-12,7.05130372303565e-13,2.4393494646083644e-13,8.438759758774648e-14,2.9193302271574055e-14,1.0099219812879731e-14,3.4937548304761584e-15,1.2086401763340709e-15,4.1812066007212137e-16,1.446459333408957e-16,5.003925428714752e-17
Sr99,48524277979.43095,3791109198.4879394,290964838.1512412,22331330.52973566,1713912.67204157,131541.49697767448,10095.710072857126,774.8380869687645,59.468235189474534,4.56414192336059,0.35029442912179626,0.026884831614398256,0.002063390424868089,0.00015836364930614443,1.2154289910094358e-05,9.328325273247531e-07,7.15941885928184e-08,5.494799645295382e-09,4.2172170305128517e-10,3.2366820685946153e-11,2.4841289261055516e-12,1.90655009998982e-13,1.4632627338991587e-14,1.1230430443078687e-15,8.61927014301455e-17,6.615224427488269e-18,5.077134548509715e-19,3.8966622381787214e-20,2.9906586980061288e-21,2.2953078561256328e-22,1.7616313616476903e-23,1.3520387019364761e-24,1.0376794437993528e-25,7.96411098692296e-27,6.1123947468589665e-28,4.691216584346491e-29,3.600473129219405e-30,2.7633358045089776e-31,2.1208392604048684e-32,1.627728038385809e-33,1.2492689174574795e-34,9.588044140795646e-36,7.35875111925009e-37,5.647785642189456e-38,4.3346326221958094e-39,3.3267976442038356e-40,2.5532919465441653e-41,1.9596321933333253e-42,1.50400283772718e-43,1.1543107648398628e-44,8.859247525348662e-46,6.799405247362898e-47,5.2184919301085453e-48,4.005152955866247e-49,3.0739245005502e-50,2.3592137277162073e-51,1.8106786331441666e-52,1.3896821106151206e-53,1.0665704743034503e-54,8.185847453647935e-56,6.282575802424651e-57,4.8218292530753216e-58
Tb169,10434.64579878347,7439.800666948356,5291.429433949799,3756.9536007532065,2664.241350614416,1887.7401171963638,1336.752333717087,946.1858878031198,669.5340814610125,473.67190120279474,335.05651938112356,236.98068992670605,167.6006293532162,118.5265297946802,83.81840709227168,59.27231110517185,41.913726650051764,29.63841710454391,20.957994101004843,14.819773940261435,10.479279744497163,7.410028317128085,5.2397105457472595,3.7050494953133786,2.6198729412482997,1.8525335818440267,1.3099408877178191,0.9262689994688469,0.6549715481323258,0.4631350518711317,0.3274860501345168,0.2315676639697428,0.16374309408434698,0.1157838664934156,0.08187156429644549,0.05789194187384379,0.040935786461790746,0.028945973093705907,0.020467894309287377,0.014472987086048947,0.010233947424241682,0.007236493677823464,0.005116973779520336,0.0036182468726114816,0.0025584869066100444,0.0018091234447306793,0.0012792434575174911,0.0009045617244715743,0.0006396217298118623,0.00045228086276234453,0.0003198108651692099,0.00022614043151281186,0.00015990543265042477,0.00011307021578931593,7.995271634166746e-05,5.653510790288554e-05,3.9976358174947477e-05,2.8267553953499596e-05,1.998817908850217e-05,1.413377697726404e-05,9.994089544508198e-06,7.0668884887605625e-06
Tb170,846.9711617794087,672.241456597681,533.558397689897,423.48558088970486,336.1207282988408,266.779198844949,211.74279044485266,168.0603641494204,133.3895994224745,105.87139522242633,84.0301820747102,66.69479971123725,52.935697611213165,42.0150910373551,33.347399855618626,26.467848805606582,21.00754551867755,16.673699927809313,13.233924402803291,10.503772759338775,8.336849963904656,6.616962201401646,5.251886379669387,4.168424981952328,3.308481100700823,2.6259431898346937,2.084212490976164,1.6542405503504114,1.3129715949173468,1.042106245488082,0.8271202751752057,0.6564857974586734,0.521053122744041,0.41356013758760285,0.3282428987293367,0.2605265613720205,0.20678006879380142,0.16412144936466835,0.13026328068601026,0.10339003439690071,0.08206072468233418,0.06513164034300513,0.051695017198450356,0.04103036234116709,0.032565820171502564,0.025847508599225178,0.020515181170583544,0.016282910085751282,0.012923754299612589,0.010257590585291772,0.008141455042875641,0.0064618771498062945,0.005128795292645886,0.0040707275214378206,0.0032309385749031473,0.002564397646322943,0.0020353637607189103,0.0016154692874515736,0.0012821988231614715,0.0010176818803594551,0.0008077346437257868,0.0006410994115807358
Tb171,18.184036884259218,4.546009221064807,1.1365023052662018,0.28412557631655044,0.07103139407913761,0.017757848519784403,0.004439462129946101,0.0011098655324865252,0.0002774663831216313,6.936659578040782e-05,1.7341648945101956e-05,4.335412236275489e-06,1.0838530590688722e-06,2.7096326476721806e-07,6.774081619180451e-08,1.693520404795113e-08,4.233801011987782e-09,1.0584502529969455e-09,2.646125632492364e-10,6.61531408123091e-11,1.6538285203077274e-11,4.1345713007693185e-12,1.0336428251923296e-12,2.584107062980824e-13,6.46026765745206e-14,1.615066914363015e-14,4.037667285907538e-15,1.0094168214768844e-15,2.523542053692211e-16,6.308855134230528e-17,1.577213783557632e-17,3.94303445889408e-18,9.8575861472352e-19,2.4643965368088e-19,6.160991342022e-20,1.5402478355055e-20,3.85061958876375e-21,9.626548971909374e-22,2.4066372429773436e-22,6.016593107443359e-23,1.5041482768608397e-23,3.760370692152099e-24,9.400926730380248e-25,2.350231682595062e-25,5.875579206487655e-26,1.4688948016219138e-26,3.6722370040547845e-27,9.180592510136961e-28,2.2951481275342403e-28,5.737870318835601e-29,1.4344675797089002e-29,3.5861689492722505e-30,8.965422373180626e-31,2.2413555932951566e-31,5.603388983237891e-32,1.4008472458094728e-32,3.502118114523682e-33,8.755295286309205e-34,2.1888238215773013e-34,5.472059553943253e-35,1.3680148884858133e-35,3.420037221214533e-36
Tc109,31394267691.308067,18865153507.27707,9741526668.94697,4706890609.472458,2198553152.440553,1008000500.9735277,457257606.35268116,206135785.20498466,92584587.82148318,41491822.28774544,18569848.881181028,8304353.682518469,3711871.499677633,1658642.795933929,741030.1667293537,331033.8251644518,147870.21091314266,66049.86961916513,29502.099096753293,13177.336099049042,5885.705759085559,2628.8583211605605,1174.1793250264398,524.4460731176135,234.24306321525373,104.6242437821611,46.73021067666479,20.87195036342236,9.322411288161948,4.16383435393851,1.8597672847133957,0.8306608617612555,0.37101279195831705,0.1657120208425403,0.07401489715293612,0.0330585852917696,0.014765541808904615,0.006594995599839264,0.0029456397523085235,0.0013156632803713506,0.0005876380047157336,0.0002624671750428119,0.00011723036531419974,5.236067538082443e-05,2.3386776274624807e-05,1.0445650300047602e-05,4.665525889826288e-06,2.08384650099697e-06,9.307452883621506e-07,4.157152608842737e-07,1.8567827341437e-07,8.293277746107675e-08,3.704173596042198e-08,1.6544606908948905e-08,7.389610953007518e-09,3.3005528833242426e-09,1.4741844198421539e-09,6.584411098774361e-10,2.9409122043430045e-10,1.313551730581239e-10,5.866948854729232e-11,2.620459328904936e-11
Tc110,17805900470.095448,9186895286.008825,4404754512.944245,2081492083.6787708,980657191.2185309,461725873.7919818,217366787.04656556,102326927.41876437,48170827.26239246,22676589.204984136,10675082.65238769,5025331.732041769,2365692.102236083,1113657.6463386402,524258.1447650964,246796.31413301587,116180.20869380473,54692.23047146238,25746.55449125557,12120.2785561458,5705.6625704404005,2685.9601631199225,1264.424930286461,595.23235909532,280.2076681878705,131.90871785031814,62.09647993376374,29.232130241307026,13.761125257924794,6.478096765479821,3.0495862014447375,1.4356031310923634,0.6758150823957108,0.3181422606998594,0.14976655697653274,0.07050311875971066,0.03318958421154554,0.015624110245244321,0.007355103317944845,0.0034624400345683393,0.0016299554846132907,0.0007673071173208529,0.0003612124489589488,0.000170041995359679,8.004785070181004e-05,3.76827994074379e-05,1.77393066613479e-05,8.350839262839622e-06,3.9311861351228816e-06,1.8506193141271548e-06,8.711853695305651e-07,4.101134913541486e-07,1.9306232826352387e-07,9.088475112452698e-08,4.2784307333601216e-08,2.014085896002468e-08,9.481378218527819e-09,4.463391213909955e-09,2.101156674614955e-09,9.891266885860826e-10,4.656347705496838e-10,2.1919916027620906e-10
Tc111,1704392013.0369422,167186913.60469085,15661899.210357195,1445657.104055456,132781.91015554708,12175.447322297783,1115.7920011692497,102.23440230518996,9.366600383309933,0.8581377278879592,0.07861918625424975,0.007202758358070041,0.0006598856029064757,6.045583556148526e-05,5.538697662921349e-06,5.074309810970614e-07,4.648857146645903e-08,4.259075412645275e-09,3.901973983231507e-10,3.57481294617589e-11,3.2750820914689776e-12,3.0004816568477715e-13,2.748904685968853e-14,2.518420865018834e-15,2.307261714139057e-16,2.113807020195466e-17,1.936572406870116e-18,1.7741979467493454e-19,1.625437728066928e-20,1.4891502960793122e-21,1.36428989575674e-22,1.2498984486190439e-23,1.1450982021751636e-24,1.0490849955836815e-25,9.611220898778128e-27,8.805345154281128e-28,8.067038932832836e-29,7.390636906639564e-30,6.770948742142394e-31,6.203219276666397e-32,5.6830920337106275e-33,5.206575796994052e-34,4.7700139868344877e-35,4.3700566039327074e-36,4.0036345253273056e-37,3.667935955328819e-38,3.3603848507717694e-39,3.0786211550681683e-40,2.8204826894212505e-41,2.583988562270324e-42,2.3673239696843023e-43,2.1688262700917063e-44,1.9869722265108452e-45,1.8203663184001855e-46,1.667730033454561e-47,1.5278920571905984e-48,1.3997792850522207e-49,1.2824085880772774e-50,1.1748792689475081e-51,1.0763661505406103e-52,9.861132439556327e-54,9.034279474287318e-55
Tc112,242589555.86348876,21126615.540338635,1841497.4451264008,160654.66221085694,14027.873775723312,1225.9177879695708,107.22497506727571,9.386188881464445,0.8223079733885115,0.07209818137864427,0.006326318484517893,0.0005555289832435665,4.881834149501408e-05,4.293103880239728e-06,3.7780098938509135e-07,3.326972237885727e-08,2.9317072801698664e-09,2.5850458002230055e-10,2.280777418947187e-11,2.013517455322594e-12,1.778592891093401e-13,1.5719446256934944e-14,1.3900436280715936e-15,1.2298189515410551e-16,1.0885958823535828e-17,9.640427508620096e-19,8.541251530564713e-20,7.570665159769572e-21,6.713140981292292e-22,5.955096498732601e-23,5.284640724572644e-24,4.69135511015426e-25,4.166103990362964e-26,3.7008704174245774e-27,3.2886138536176662e-28,2.923146699911729e-29,2.5990270698855085e-30,2.3114655870451956e-31,2.0562442984048314e-32,1.829646066006891e-33,1.6283930278115742e-34,1.4495929158865992e-35,1.290692188020771e-36,1.1494350729519132e-37,1.023827752899049e-38,9.121070130402466e-40,8.127127785481604e-41,7.242640379678448e-42,6.455377189526499e-43,5.754501402448011e-44,5.130407136439539e-45,4.5745761269705464e-46,4.0794516194492495e-47,3.638327326100849e-48,3.2452495831964566e-49,2.8949310843596126e-50,2.5826747733725986e-51,2.3043066599658645e-52,2.056116478320084e-53,1.8348052437145466e-54,1.637438880725574e-55,1.4614071990242496e-56
Tc113,27897835.875729144,366978.4893552641,4822.1510329664425,63.358682132107,0.832470534466769,0.01093783614320109,0.00014371230043427294,1.8882368482315238e-06,2.480955620079807e-08,3.2597291989545817e-10,4.282960309529673e-12,5.6273843296210365e-14,7.393823921926955e-16,9.714750048383642e-18,1.2764216391830715e-19,1.6770912199083055e-21,2.2035312419912077e-23,2.8952211285780793e-25,3.80403291935644e-27,4.9981213209280535e-29,6.567034846518063e-31,8.628431345755098e-33,1.133690154360664e-34,1.489556229391114e-36,1.9571288962716051e-38,2.5714729266628915e-40,3.378659946801257e-42,4.439223496291381e-44,5.8326986320960675e-46,7.663586517163788e-48,1.0069191297296455e-49,1.3229916978750768e-51,1.7382796502399646e-53,2.283926760305103e-55,3.0008528522540495e-57,3.9428225096317435e-59,5.180477053642167e-61,6.80663216204972e-63,8.94323841409102e-65,1.1750526754950713e-66,1.5439024727470181e-68,2.028534460678613e-70,2.665292744067615e-72,3.5019298657628038e-74,4.601187922796661e-76,6.045503797169367e-78,7.943191361628816e-80,1.0436564283856165e-81,1.3712608584155622e-83,1.8017005315927764e-85,2.3672554974641847e-87,3.1103385340738788e-89,4.08667581801284e-91,5.369486008860995e-93,7.054971150947168e-95,9.269531172734138e-97,1.2179243022241712e-98,1.6002315309229477e-100,2.1025452467641734e-102,2.7625355639261417e-104,3.629697269869361e-106,4.769061597952091e-108
Tc114,1310418.318679473,12907.393015601074,127.05070303131917,1.2505772548659797,0.01230959854459314,0.00012116501814913184,1.1926434131028112e-06,1.1739347978021338e-08,1.1555196585585875e-10,1.1373933917072678e-12,1.1195514657994635e-14,1.1019894204698479e-16,1.0847028653214186e-18,1.067687478827923e-20,1.0509390072535067e-22,1.0344532635893093e-24,1.0182261265067357e-26,1.0022535393271542e-28,9.865315090077528e-31,9.710561051432988e-33,9.558234589835724e-35,9.408297624661989e-37,9.260712672646559e-39,9.115442838512207e-41,8.972451805746108e-43,8.831703827520935e-45,8.693163717758411e-47,8.55679684233298e-49,8.422569110413528e-51,8.290446965940896e-53,8.160397379239091e-55,8.032387838758038e-57,7.906386342945972e-59,7.782361392249212e-61,7.660281981237471e-63,7.540117590852738e-65,7.42183818077969e-67,7.30541418193579e-69,7.190816489079259e-71,7.0780164535329e-73,6.966985876022163e-75,6.857696999625475e-77,6.750122502835203e-79,6.644235492727462e-81,6.540009498239044e-83,6.437418463549834e-85,6.336436741569031e-87,6.2370390875235254e-89,6.139200652646886e-91,6.042896977967313e-93,5.948103988193079e-95,5.85479798569384e-97,5.7629556445763895e-99,5.6725540048533464e-101,5.583570466703284e-103,5.495982784820948e-105,5.4097690628560685e-107,5.3249077479394e-109,5.24137762529466e-111,5.1591578129349627e-113,5.078227756442472e-115,4.998567223829917e-117
Tc115,8201.768761099356,0.6173455676297511,4.667589049132103e-05,3.6403511650144623e-09,3.431022024543534e-13,6.28433847431333e-17,2.452249252112939e-20,1.2424966506506965e-23,6.589657613625894e-27,3.5182097867051615e-30,1.8801372037657766e-33,1.0048817085536963e-36,5.370917029983721e-40,2.870668781600029e-43,1.5343268669261996e-46,8.200733822348881e-50,4.38316223008803e-53,2.342730732547273e-56,1.2521524410714497e-59,6.692556314435638e-63,3.577065264010064e-66,1.9118846822989396e-69,1.021872056735066e-72,5.461744162730256e-76,2.9192156789597045e-79,1.5602745068938252e-82,8.339419914770787e-86,4.457287753379161e-89,2.3823496501518862e-92,1.2733281245474972e-95,6.805736986005709e-99,3.637558538899485e-102,1.9442173788273757e-105,1.039153370512628e-108,5.554110045549764e-112,2.9685837792027783e-115,1.5866609739227011e-118,8.480451398428826e-122,4.5326668458549457e-125,2.422638580219797e-128,1.2948619190348547e-131,6.920831704143461e-135,3.699074841337422e-138,1.977096867363995e-141,1.056726935951163e-144,5.648037967171328e-148,3.018786764425119e-151,1.6134936737389408e-154,8.623867925601393e-158,4.609320706283077e-161,2.4636088535514452e-164,1.3167598806964685e-167,7.037872838102177e-171,3.761631472178348e-174,2.010532394941408e-177,1.074597695443033e-180,5.743554343898687e-184,3.0698387537223513e-187,1.640780152775347e-190,8.769709830775623e-194,4.687270892807594e-197,2.50527199263309e-200
Tc116,707.3096528565367,0.319765684246372,0.00014456199262742115,6.535463541581594e-08,2.9545998174931336e-11,1.3357369413796579e-14,6.038696563922838e-18,2.7300177947814007e-21,1.2342062696691476e-24,5.5796893302397135e-28,2.52250647133211e-31,1.1403930436462152e-34,5.155571685451018e-38,2.330768286593489e-41,1.0537106527139118e-44,4.763691637771227e-48,2.1536043088607467e-51,9.736170751206604e-55,4.401598775904963e-58,1.989906738400928e-61,8.996114887185055e-65,4.067028946716738e-68,1.8386519804225825e-71,8.312311393409268e-75,3.7578900975660056e-78,1.698894244575775e-81,7.680484472183256e-85,3.472249194780119e-88,1.569759630960362e-91,7.096683333377099e-95,3.208320136467056e-98,1.4504406656625775e-101,6.557257490283821e-105,2.964452584087019e-108,1.3401912516508231e-111,6.058833933262451e-115,2.7391216429471917e-118,1.2383220034588023e-121,5.598296038434774e-125,2.5309183270922245e-128,1.1441959364839586e-131,5.1727640795526006e-135,2.338540748967675e-138,1.057224483946558e-141,4.7795772211772436e-145,2.1607859787658076e-148,9.768638166036144e-152,4.416276880574885e-155,1.9965425225504328e-158,9.026114422049442e-162,4.0805913542906235e-165,1.8447833721268752e-168,8.340030634279046e-172,3.770421613271634e-175,1.7045595831980768e-178,7.706096746435868e-182,3.483828177716962e-185,1.574994341651392e-188,7.120348793606418e-192,3.2190189895827658e-195,1.4552774808726917e-198,6.579124115728402e-202
Tc117,44.06673221712145,1.3132909601068926e-06,3.913912058195147e-14,1.1664366895541978e-21,3.476252226693028e-29,1.0360038956084932e-36,3.0875322091832553e-44,9.20156302804725e-52,2.74227947832562e-59,8.172629709022105e-67,2.435633453435333e-74,7.258753339753548e-82,2.1632770716409528e-89,6.447068070295312e-97,1.921376010863576e-104,5.726146730374026e-112,1.7065247089785416e-119,5.085839953954642e-127,1.5156984191997772e-134,4.5171332931511915e-142,1.346210626706836e-149,4.012020309885848e-157,1.1956752270119929e-164,3.563389858639219e-172,1.0619729336021003e-179,3.164925973421634e-187,9.432214419310195e-195,2.8110189495415076e-202,8.377489297215663e-210,2.4966863683508823e-217,7.44070520505572e-225,2.2175029531287314e-232,6.608673790480886e-240,1.9695382685902375e-247,5.86968144354295e-255,1.749301386935398e-262,5.213324388669127e-270,1.553691741427519e-277,4.630362216912267e-285,1.3799554756022295e-292,4.1125877964563056e-300,1.2256466735769229e-307,3.65271173e-315,1.1e-322,-0.0,-0.0,-0.0,-0.0,-0.0,-0.0,-0.0,-0.0,-0.0,-0.0,-0.0,-0.0,-0.0,-0.0,-0.0,-0.0,-0.0,-0.0
Tc118,0.04839752648022382,1.3297274243529962e-06,3.653440891858315e-11,1.0037869495544944e-15,2.757915811205063e-20,7.577404373578134e-25,2.0819002816345147e-29,5.720044185292921e-34,1.571588503557695e-38,4.317956897719721e-43,1.1863634614505086e-47,3.259546808834754e-52,8.955641120297636e-57,2.4605723611080063e-61,6.760449936438958e-66,1.8574411411545304e-70,5.103340199677248e-75,1.4021483974158978e-79,3.852418321044532e-84,1.0584562195892509e-88,2.908120238830675e-93,7.990092709529827e-98,2.1952868610601783e-102,6.031575073710303e-107,1.657181961733895e-111,4.553125876300911e-116,1.2509763999452623e-120,3.437071576179247e-125,9.443392393570496e-130,2.5945825660714846e-134,7.128644465462915e-139,1.9586029976266682e-143,5.3812835257776676e-148,1.4785136354787657e-152,4.0622326621987984e-157,1.1161029432434846e-161,3.066505253400492e-166,8.425257299121197e-171,2.3148488161785707e-175,6.360072875545599e-180,1.7474370982476472e-184,4.801102867976514e-189,1.3191083542868443e-193,3.624264878712561e-198,9.957708074838773e-203,2.7358913716850683e-207,7.516891980971232e-212,2.065274434444681e-216,5.674364485173408e-221,1.5590379551303985e-225,4.2834741262887e-230,1.1768892816371547e-234,3.2335163943956657e-239,8.884122267033366e-244,2.440922476607682e-248,6.70646166016594e-253,1.8426078021856236e-257,5.062585435836707e-262,1.3909509807103281e-266,3.821653294072782e-271,1.050003494202136e-275,2.884896281791541e-280
Te136,30455693989180.535,29308465096836.535,28178820988454.863,27086779923773.082,26035575066179.31,25024747655833.383,24053028417587.977,23118989636945.605,22221200268225.375,21358265515399.426,20528837432106.375,19731617352291.02,18965355678474.67,18228850714356.44,17520947138998.773,16840534360688.844,16186544852330.2,15557952513097.531,14953771075711.576,14373052567092.861,13814885824801.21,13278395069204.807,12762738530209.229,12267107126897.152,11790723198245.463,11332839283040.58,10892736947130.82,10469725656200.74,10063141692310.67,9672347112506.885,9296728747871.34,8935697241441.416,8588686123490.85,8255150922721.282,7934568311969.826,7626435287092.451,7330268377734.772,7045602888751.94,6771992171087.436,6509006920966.725,6256234506306.207,6013278319280.589,5779757154032.764,5555304608549.946,5339568509767.417,5132210360997.977,4932904810820.053,4741339142591.16,4557212783785.691,4380236834387.2227,4210133613595.357,4046636224135.8545,3889488133490.465,3738442771389.3945,3593263142934.8135,3453721456748.4717,3319598767559.8887,3190684632674.3867,3066776781781.9,2947680799588.554,2833209820772.974,2723184236788.7573
Te137,1217023844751.0857,921310015425.1808,697446185278.0813,527977309341.7095,399686717803.1932,302568802561.64923,229049089109.27527,173393570359.12595,131261513920.85065,99366919973.43507,75222237569.37265,56944353576.33454,43107723313.94916,32633188237.28679,24703809263.450626,18701151345.90236,14157049948.558212,10717097548.642832,8113002375.810839,6141663566.200108,4649330742.568653,3519612580.6624265,2664399115.4549093,2016989791.8426003,1526891296.7277622,1155879440.4671564,875017942.5070616,662401607.7315519,501447877.36373055,379603507.56650776,287365505.8913971,217539965.59620947,164680992.1907777,124665962.48009846,94373989.33742683,71442514.75123021,54083047.1384512,40941671.747767955,30993454.958462298,23462506.76279726,17761466.87525083,13445694.816414472,10178591.12459156,7705344.996759477,5833060.861993192,4415713.901717053,3342761.1545877894,2530519.9533593114,1915641.2732513216,1450168.9595106246,1097799.4891281647,831050.5547827719,629117.6407389656,476251.4188952287,360529.4134389554,272926.13270561624,206609.14515441062,156406.1984034329,118401.82040698898,89631.94054194955,67852.71322434297,51365.51394589265
Te138,115465674681.25656,70381680224.6481,42898186544.1618,26146738723.371742,15936615776.96456,9713476117.265572,5920430008.372758,3608542509.4842343,2199431295.419284,1340568390.3003736,817085586.0855359,498019243.04596794,303546128.6648064,185013437.7616541,112766953.42138326,68732227.98185323,41892762.196887046,25533924.565173205,15563101.345186606,9485816.52077526,5781669.930051724,3523967.294418247,2147882.1244329265,1309148.8186527283,797935.142661668,486346.917037085,296431.76627422904,180677.18531411755,110123.97795057081,67121.31638852925,40910.90058289795,24935.473208177224,15198.341157408973,9263.492696069703,5646.162041066203,3441.3743109553598,2097.5411371415535,1278.4656432155696,779.2335377555438,474.94816116903354,289.4841467521802,176.44256378332014,107.5429472173557,65.54816053567399,39.952051350486826,24.35104805486091,14.8421300365324,9.0463795860057,5.513830118228799,3.360717100542396,2.048380016739832,1.2485016047027255,0.7609702517144111,0.46381656364164264,0.282699362062681,0.17230719119465146,0.10502240939195084,0.06401187552312029,0.039015675146960464,0.023780320366075518,0.014494267613801423,0.008834355064458838
Te139,2880065390.9954324,390733589.50427896,53010163.742889926,7191799.055753386,975699.1868426851,132371.45473967222,17958.610877393552,2436.414295513367,330.5441974275596,44.844370948828306,6.083959789482734,0.8254005115219466,0.11198068823505727,0.015192230150760794,0.002061104111712618,0.00027962650099175345,3.793645338561792e-05,5.146774323516654e-06,6.982541480077487e-07,9.473095662700266e-08,1.2851988304074448e-08,1.7436074673923886e-09,2.3655226945566713e-10,3.2092645409641253e-11,4.353954801443958e-12,5.906936673821813e-13,8.013840854978431e-14,1.0872242042738834e-14,1.4750186480489583e-15,2.001132796289457e-16,2.7149029428761096e-17,3.683262801401422e-18,4.9970202064812885e-19,6.779372608026116e-20,9.19745989796948e-21,1.2478037934455257e-21,1.692874254641529e-22,2.2966938048126912e-23,3.115885552989258e-24,4.22726911135591e-25,5.735064345569494e-26,7.780664580701976e-27,1.0555895744074475e-27,1.4321004819580153e-28,1.9429064478736006e-29,2.6359082429939992e-30,3.5760920311360884e-31,4.8516234391487366e-32,6.582115278453708e-33,8.929844222711441e-34,1.2114968284272616e-34,1.6436172106523673e-35,2.2298676082046914e-36,3.025223584843674e-37,4.1042695560131634e-38,5.5681929338412677e-39,7.554272965101614e-40,1.0248754076827021e-40,1.3904310926083346e-41,1.8863742936941966e-42,2.5592120277136486e-43,3.4720395759676153e-44
Te140,6403730518.820206,654941935.3337214,66984226.99050557,6850815.96314231,700667.6268354618,71660.82492019798,7329.115305978288,749.5857217404866,76.66392610563612,7.840807789512873,0.8019191021781754,0.08201632583040312,0.008388224802785997,0.0008579062111069507,8.774241086283628e-05,8.973860504039426e-06,9.178021387154261e-07,9.386827056777128e-08,9.600383184677177e-09,9.818797846721704e-10,1.0042181577570916e-10,1.027064742661699e-11,1.0504311015195777e-12,1.0743290595100087e-13,1.0987707108424276e-14,1.1237684248770197e-15,1.1493348523845763e-16,1.1754829319487588e-17,1.2022258965140135e-18,1.2295772800824713e-19,1.2575509245631915e-20,1.2861609867772331e-21,1.3154219456221013e-22,1.3453486093991853e-23,1.3759561233078996e-24,1.407259977110324e-25,1.439276012970216e-26,1.4720204334703703e-27,1.5055098098123708e-28,1.539761090202899e-29,1.5747916084308328e-30,1.6106190926394788e-31,1.6472616742983827e-32,1.6847378973792506e-33,1.7230667277406253e-34,1.7622675627260754e-35,1.802360240980749e-36,1.8433650524912516e-37,1.88530274885395e-38,1.9281945537768804e-39,1.9720621738205725e-40,2.0169278093832527e-41,2.0628141659359528e-42,2.1097444655132314e-43,2.1577424584653083e-44,2.2068324354775817e-45,2.2570392398635804e-46,2.308388280137603e-47,2.3609055428733768e-48,2.4146176058552733e-49,2.4695516515287185e-50,2.5257354807565988e-51
Te141,8598024.232153382,331980.29013635806,12818.167297886066,494.92520417133426,19.109670831370227,0.7378478933897722,0.028489214627706257,0.0011000036150740375,4.247249244979878e-05,1.6399151695304197e-06,6.331914159346038e-08,2.4448299318316136e-09,9.439789051399729e-11,3.644818650766736e-12,1.4073093079349259e-13,5.433794320009997e-15,2.098054816073043e-16,8.100847680298639e-18,3.1278369200204517e-19,1.2076963034419572e-20,4.663063959670354e-22,1.800466344891946e-23,6.951821993275272e-25,2.6841839706304637e-26,1.0363964432862346e-27,4.00165413179212e-29,1.5450878758049126e-30,5.965774315658306e-32,2.3034588351052533e-33,8.893937859999247e-35,3.4340587924556305e-36,1.3259323345489183e-37,5.1195878173802705e-39,1.9767358210466425e-40,7.632420119728377e-42,2.9469712777901827e-43,1.1378618545475681e-44,4.393424563694081e-46,1.696355257866111e-47,6.549836281860363e-49,2.528972343513694e-50,9.76467325140616e-52,3.770260436073081e-53,1.4557439240243863e-54,5.620806329605082e-56,2.1702624529998912e-57,8.379650247141751e-59,3.235486020013923e-60,1.249260944903546e-61,4.8235501523031945e-63,1.8624320376541153e-64,7.191079154062937e-66,2.776564102985122e-67,1.07206554855259e-68,4.1393769340953103e-70,1.5982643435985533e-71,6.171095197873808e-73,2.3827357529278994e-74,9.200035789817319e-76,3.552246967793778e-77,1.3715662426190041e-78,5.295785948859237e-80
Te142,515630.9450729944,16113.467033531097,503.5458447978475,15.735807649932752,0.49174398906039896,0.015366999658137488,0.00048021873931679743,1.5006835603649948e-05,4.6896361261406147e-07,1.4655112894189447e-08,4.579722779434206e-10,1.4311633685731911e-11,4.4723855267912283e-13,1.3976204771222604e-14,4.3675639910070713e-16,1.3648637471897107e-17,4.2651992099678517e-19,1.332874753114956e-20,4.1652336034842504e-22,1.3016355010888309e-23,4.067610940902601e-25,1.2711284190320649e-26,3.97227630947521e-28,1.2413363467110056e-29,3.879176083471902e-31,1.2122425260849708e-32,3.7882578940155397e-34,1.1838305918798583e-35,3.699470599624565e-37,1.156084562382678e-38,3.6127642574458746e-40,1.1289888304518381e-41,3.5280900951620016e-43,1.1025281547381275e-44,3.4454004835566543e-46,1.0766876511114564e-47,3.3646489097233058e-49,1.0514527842885338e-50,3.2857899509016736e-52,1.0268093596567744e-53,3.208779248927425e-55,1.0027435152898215e-56,3.1335734852806967e-58,9.792417141502193e-60,3.0601303567194407e-61,9.562907364748262e-63,2.9884085514838372e-64,9.338776723387005e-66,2.9183677260584437e-67,9.119899143932651e-69,2.8499684824789608e-70,8.906151507746764e-72,2.7831723461708687e-73,8.697413581783977e-75,2.717941744307498e-76,8.493567950960948e-78,2.654239984675302e-79,8.294499952110326e-81,2.592031235034481e-82,8.100097609482768e-84,2.5312805029633692e-85,7.910251571760537e-87
Ti56,0.0,0.0,0.0,0.0,0.0,0.0,0.0,0.0,0.0,0.0,0.0,0.0,0.0,0.0,0.0,0.0,0.0,0.0,0.0,0.0,0.0,0.0,0.0,0.0,0.0,0.0,0.0,0.0,0.0,0.0,0.0,0.0,0.0,0.0,0.0,0.0,0.0,0.0,0.0,0.0,0.0,0.0,0.0,0.0,0.0,0.0,0.0,0.0,0.0,0.0,0.0,0.0,0.0,0.0,0.0,0.0,0.0,0.0,0.0,0.0,0.0,0.0
Ti57,0.0,0.0,0.0,0.0,0.0,0.0,0.0,0.0,0.0,0.0,0.0,0.0,0.0,0.0,0.0,0.0,0.0,0.0,0.0,0.0,0.0,0.0,0.0,0.0,0.0,0.0,0.0,0.0,0.0,0.0,0.0,0.0,0.0,0.0,0.0,0.0,0.0,0.0,0.0,0.0,0.0,0.0,0.0,0.0,0.0,0.0,0.0,0.0,0.0,0.0,0.0,0.0,0.0,0.0,0.0,0.0,0.0,0.0,0.0,0.0,0.0,0.0
Ti58,0.0,0.0,0.0,0.0,0.0,0.0,0.0,0.0,0.0,0.0,0.0,0.0,0.0,0.0,0.0,0.0,0.0,0.0,0.0,0.0,0.0,0.0,0.0,0.0,0.0,0.0,0.0,0.0,0.0,0.0,0.0,0.0,0.0,0.0,0.0,0.0,0.0,0.0,0.0,0.0,0.0,0.0,0.0,0.0,0.0,0.0,0.0,0.0,0.0,0.0,0.0,0.0,0.0,0.0,0.0,0.0,0.0,0.0,0.0,0.0,0.0,0.0
Ti59,0.0,0.0,0.0,0.0,0.0,0.0,0.0,0.0,0.0,0.0,0.0,0.0,0.0,0.0,0.0,0.0,0.0,0.0,0.0,0.0,0.0,0.0,0.0,0.0,0.0,0.0,0.0,0.0,0.0,0.0,0.0,0.0,0.0,0.0,0.0,0.0,0.0,0.0,0.0,0.0,0.0,0.0,0.0,0.0,0.0,0.0,0.0,0.0,0.0,0.0,0.0,0.0,0.0,0.0,0.0,0.0,0.0,0.0,0.0,0.0,0.0,0.0
Ti60,0.0,0.0,0.0,0.0,0.0,0.0,0.0,0.0,0.0,0.0,0.0,0.0,0.0,0.0,0.0,0.0,0.0,0.0,0.0,0.0,0.0,0.0,0.0,0.0,0.0,0.0,0.0,0.0,0.0,0.0,0.0,0.0,0.0,0.0,0.0,0.0,0.0,0.0,0.0,0.0,0.0,0.0,0.0,0.0,0.0,0.0,0.0,0.0,0.0,0.0,0.0,0.0,0.0,0.0,0.0,0.0,0.0,0.0,0.0,0.0,0.0,0.0
Ti61,0.0,0.0,0.0,0.0,0.0,0.0,0.0,0.0,0.0,0.0,0.0,0.0,0.0,0.0,0.0,0.0,0.0,0.0,0.0,0.0,0.0,0.0,0.0,0.0,0.0,0.0,0.0,0.0,0.0,0.0,0.0,0.0,0.0,0.0,0.0,0.0,0.0,0.0,0.0,0.0,0.0,0.0,0.0,0.0,0.0,0.0,0.0,0.0,0.0,0.0,0.0,0.0,0.0,0.0,0.0,0.0,0.0,0.0,0.0,0.0,0.0,0.0
Tl209,0.0,2.6827282219941067e-28,2.296464565257273e-27,7.933246881043412e-27,1.9030941450521158e-26,3.74452831718583e-26,6.503537025232785e-26,1.0366361465338372e-25,1.5519569288684103e-25,2.215004971601022e-25,3.044500868683837e-25,4.0591964043190174e-25,5.277874074760004e-25,6.719346613521978e-25,8.402456519981608e-25,1.034607559134603e-24,1.2569104457971327e-24,1.5090472122010826e-24,1.792913549937353e-24,2.1104078964973337e-24,2.463431390124957e-24,2.8538878249939495e-24,3.2836836067083813e-24,3.7547277081246126e-24,4.268931625492699e-24,4.828209334915435e-24,5.4344772491230845e-24,6.089654174562033e-24,6.795661268795401e-24,7.554421998213841e-24,8.367862096054692e-24,9.237909520727615e-24,1.0166494414444924e-23,1.1155549062154851e-23,1.2207007850775836e-23,1.332280722873022e-23,1.4504885665775437e-23,1.5755183613130985e-23,1.7075643463899382e-23,1.846820951377949e-23,1.9934827922070344e-23,2.1477446672963745e-23,2.309801553712404e-23,2.4798486033553262e-23,2.658081139173994e-23,2.844694651409001e-23,3.039884793863789e-23,3.2438473802036494e-23,3.4567783802823906e-23,3.678873916496575e-23,3.910330260167089e-23,4.151343827947971e-23,4.402111178262235e-23,4.662829007764612e-23,4.933694147830995e-23,5.214903561074457e-23,5.506654337887684e-23,5.809143693011635e-23,6.122568962130297e-23,6.447127598491384e-23,6.783017169552812e-23,7.130435353654782e-23
Tl210,0.0,3.6237695231511083e-40,1.1451954144209371e-38,8.598558129513704e-38,3.5864150139780375e-37,1.0842880101552943e-36,2.6750252081712813e-36,5.736397992016272e-36,1.1103006858916235e-35,1.9873660205288322e-35,3.3446159569415007e-35,5.355177635618514e-35,8.228945783886484e-35,1.2215978715622288e-34,1.760987137762709e-34,2.4751106569333785e-34,3.4030385133742376e-34,4.5891935709456025e-34,6.083680450175002e-34,7.942612544660166e-34,1.0228437108781011e-33,1.3010258445257486e-33,1.6364159218813925e-33,2.0373519920691408e-33,2.51293365077081e-33,3.0730536238827015e-33,3.72842917316418e-33,4.490633326076317e-33,5.3721259319736396e-33,6.386284546781938e-33,7.547435148267971e-33,8.87088268398208e-33,1.0372941453931032e-32,1.2070965330015871e-32,1.398337781424772e-32,1.6129701937732723e-32,1.8530590002396735e-32,2.120785316739911e-32,2.418449088216467e-32,2.748472016794306e-32,3.1134004749783786e-32,3.5159084040796457e-32,3.9588001980545257e-32,4.445013572940795e-32,4.977622422070977e-32,5.559839657242455e-32,6.195020036021482e-32,6.88666297535664e-32,7.638415351675177e-32,8.454074287634086e-32,9.33758992569569e-32,1.0293068188695957e-31,1.1324773527571913e-31,1.243713165641252e-31,1.3634732274996152e-31,1.4922331778975414e-31,1.630485595786897e-31,1.7787402681017863e-31,1.9375244571662483e-31,2.1073831669294343e-31,2.2888794080435465e-31,2.482594461799634e-31
Tl211,0.0,0.0,0.0,0.0,0.0,0.0,0.0,0.0,0.0,0.0,0.0,0.0,0.0,0.0,0.0,0.0,0.0,0.0,0.0,0.0,0.0,0.0,0.0,0.0,0.0,0.0,0.0,0.0,0.0,0.0,0.0,0.0,0.0,0.0,0.0,0.0,0.0,0.0,0.0,0.0,0.0,0.0,0.0,0.0,0.0,0.0,0.0,0.0,0.0,0.0,0.0,0.0,0.0,0.0,0.0,0.0,0.0,0.0,0.0,0.0,0.0,0.0
Tl212,0.0,0.0,0.0,0.0,0.0,0.0,0.0,0.0,0.0,0.0,0.0,0.0,0.0,0.0,0.0,0.0,0.0,0.0,0.0,0.0,0.0,0.0,0.0,0.0,0.0,0.0,0.0,0.0,0.0,0.0,0.0,0.0,0.0,0.0,0.0,0.0,0.0,0.0,0.0,0.0,0.0,0.0,0.0,0.0,0.0,0.0,0.0,0.0,0.0,0.0,0.0,0.0,0.0,0.0,0.0,0.0,0.0,0.0,0.0,0.0,0.0,0.0
V56,0.0,0.0,0.0,0.0,0.0,0.0,0.0,0.0,0.0,0.0,0.0,0.0,0.0,0.0,0.0,0.0,0.0,0.0,0.0,0.0,0.0,0.0,0.0,0.0,0.0,0.0,0.0,0.0,0.0,0.0,0.0,0.0,0.0,0.0,0.0,0.0,0.0,0.0,0.0,0.0,0.0,0.0,0.0,0.0,0.0,0.0,0.0,0.0,0.0,0.0,0.0,0.0,0.0,0.0,0.0,0.0,0.0,0.0,0.0,0.0,0.0,0.0
V57,0.0,0.0,0.0,0.0,0.0,0.0,0.0,0.0,0.0,0.0,0.0,0.0,0.0,0.0,0.0,0.0,0.0,0.0,0.0,0.0,0.0,0.0,0.0,0.0,0.0,0.0,0.0,0.0,0.0,0.0,0.0,0.0,0.0,0.0,0.0,0.0,0.0,0.0,0.0,0.0,0.0,0.0,0.0,0.0,0.0,0.0,0.0,0.0,0.0,0.0,0.0,0.0,0.0,0.0,0.0,0.0,0.0,0.0,0.0,0.0,0.0,0.0
V58,0.0,0.0,0.0,0.0,0.0,0.0,0.0,0.0,0.0,0.0,0.0,0.0,0.0,0.0,0.0,0.0,0.0,0.0,0.0,0.0,0.0,0.0,0.0,0.0,0.0,0.0,0.0,0.0,0.0,0.0,0.0,0.0,0.0,0.0,0.0,0.0,0.0,0.0,0.0,0.0,0.0,0.0,0.0,0.0,0.0,0.0,0.0,0.0,0.0,0.0,0.0,0.0,0.0,0.0,0.0,0.0,0.0,0.0,0.0,0.0,0.0,0.0
V59,0.0,0.0,0.0,0.0,0.0,0.0,0.0,0.0,0.0,0.0,0.0,0.0,0.0,0.0,0.0,0.0,0.0,0.0,0.0,0.0,0.0,0.0,0.0,0.0,0.0,0.0,0.0,0.0,0.0,0.0,0.0,0.0,0.0,0.0,0.0,0.0,0.0,0.0,0.0,0.0,0.0,0.0,0.0,0.0,0.0,0.0,0.0,0.0,0.0,0.0,0.0,0.0,0.0,0.0,0.0,0.0,0.0,0.0,0.0,0.0,0.0,0.0
V60,0.0,0.0,0.0,0.0,0.0,0.0,0.0,0.0,0.0,0.0,0.0,0.0,0.0,0.0,0.0,0.0,0.0,0.0,0.0,0.0,0.0,0.0,0.0,0.0,0.0,0.0,0.0,0.0,0.0,0.0,0.0,0.0,0.0,0.0,0.0,0.0,0.0,0.0,0.0,0.0,0.0,0.0,0.0,0.0,0.0,0.0,0.0,0.0,0.0,0.0,0.0,0.0,0.0,0.0,0.0,0.0,0.0,0.0,0.0,0.0,0.0,0.0
V61,0.0,0.0,0.0,0.0,0.0,0.0,0.0,0.0,0.0,0.0,0.0,0.0,0.0,0.0,0.0,0.0,0.0,0.0,0.0,0.0,0.0,0.0,0.0,0.0,0.0,0.0,0.0,0.0,0.0,0.0,0.0,0.0,0.0,0.0,0.0,0.0,0.0,0.0,0.0,0.0,0.0,0.0,0.0,0.0,0.0,0.0,0.0,0.0,0.0,0.0,0.0,0.0,0.0,0.0,0.0,0.0,0.0,0.0,0.0,0.0,0.0,0.0
V62,0.0,0.0,0.0,0.0,0.0,0.0,0.0,0.0,0.0,0.0,0.0,0.0,0.0,0.0,0.0,0.0,0.0,0.0,0.0,0.0,0.0,0.0,0.0,0.0,0.0,0.0,0.0,0.0,0.0,0.0,0.0,0.0,0.0,0.0,0.0,0.0,0.0,0.0,0.0,0.0,0.0,0.0,0.0,0.0,0.0,0.0,0.0,0.0,0.0,0.0,0.0,0.0,0.0,0.0,0.0,0.0,0.0,0.0,0.0,0.0,0.0,0.0
V63,0.0,0.0,0.0,0.0,0.0,0.0,0.0,0.0,0.0,0.0,0.0,0.0,0.0,0.0,0.0,0.0,0.0,0.0,0.0,0.0,0.0,0.0,0.0,0.0,0.0,0.0,0.0,0.0,0.0,0.0,0.0,0.0,0.0,0.0,0.0,0.0,0.0,0.0,0.0,0.0,0.0,0.0,0.0,0.0,0.0,0.0,0.0,0.0,0.0,0.0,0.0,0.0,0.0,0.0,0.0,0.0,0.0,0.0,0.0,0.0,0.0,0.0
V64,0.0,0.0,0.0,0.0,0.0,0.0,0.0,0.0,0.0,0.0,0.0,0.0,0.0,0.0,0.0,0.0,0.0,0.0,0.0,0.0,0.0,0.0,0.0,0.0,0.0,0.0,0.0,0.0,0.0,0.0,0.0,0.0,0.0,0.0,0.0,0.0,0.0,0.0,0.0,0.0,0.0,0.0,0.0,0.0,0.0,0.0,0.0,0.0,0.0,0.0,0.0,0.0,0.0,0.0,0.0,0.0,0.0,0.0,0.0,0.0,0.0,0.0
Xe141,2702775025040.8813,1821890462118.1013,1222614093752.9448,819429022126.3936,549001098531.4975,367779544603.43475,246369980108.8505,165037940735.07278,110555040996.11617,74058162185.85461,49609768425.73346,33232379294.29371,22261563468.803604,14912480395.569393,9989508212.755335,6691728781.920495,4482626484.615893,3002802542.416272,2011504447.1235762,1347457944.2453148,902629330.0537335,604649451.9198011,405039973.2580218,271326434.54146904,181754984.54837283,121753247.02145885,81559541.25331344,54634754.57273461,36598494.31904053,24516441.903983485,16422968.617009336,11001347.554901505,7369535.365146251,4936672.641884145,3306957.028578385,2215250.1456305054,1483942.2361123243,994056.8402451387,665894.519066276,446066.555322087,298809.14481158025,200164.98425567313,134085.6584136281,89820.72393466887,60168.72008235607,40305.563323917595,26999.71733875575,18086.45448059335,12115.676307804253,8115.997115575846,5436.709227499411,3641.919385068694,2439.633287770966,1634.2510499275943,1094.7450617177253,733.3431116403102,491.2487283079977,329.0755844483746,220.4397366137189,147.66722228810372,98.91868350620757,66.26322209481657
Xe142,669475484938.3157,381559617021.7751,217203546639.63397,123631910847.22696,70370563845.99217,40054491334.57508,22798768521.90079,12976917854.952385,7386381276.487505,4204282478.2075257,2393051549.1667466,1362110121.4409125,775304645.475557,441298602.6857289,251184431.65386048,142972622.89363074,81379131.51103596,46320497.669106655,26365340.40699056,15006988.4771576,8541884.901809521,4861987.985585573,2767413.4507444324,1575194.597367731,896591.009525172,510334.0499673517,290478.98070493387,165338.83685945562,94109.84198476763,53566.73922852399,30489.856226101478,17354.637337964294,9878.152094217809,5622.582995902904,3200.339420195955,1821.6133780370167,1036.85105339241,590.1691982957674,335.92065270849474,191.20395514024997,108.83210712560705,61.946561370613914,35.25959909252127,20.069545438160404,11.423460971222953,6.502163238482168,3.7009910469666316,2.106581183422365,1.1990529633910745,0.6824935209385928,0.3884710853854386,0.2211153359712534,0.12585747985122228,0.07163729808664268,0.0407755064158363,0.023209165726169635,0.013210513395257356,0.007519342410894832,0.004279963132438139,0.00243612850885584,0.0013866292601168702,0.0007892607873610488
Xe143,19784238175.52504,1962990472.3072667,194765447.74350238,19324293.695939787,1917318.4094925579,190232.19727121372,18874.39624753995,1872.6707037493488,185.80144842082518,18.434702231433132,1.8290371731645823,0.18147145862951533,0.018005017151751287,0.0017863978135260886,0.0001772402136401829,1.758513940373301e-05,1.744732483689446e-06,1.7310570264258772e-07,1.7174868306250073e-08,1.7040211604287826e-09,1.690659282204614e-10,1.6774004646648093e-11,1.6642439789798073e-12,1.651189098885457e-13,1.6382351007846088e-14,1.625381263843214e-15,1.612626870081181e-16,1.5999712044581987e-17,1.5874135549547243e-18,1.574953212648339e-19,1.562589471785659e-20,1.5503216298499824e-21,1.5381489876248546e-22,1.5260708492537102e-23,1.5140865222957753e-24,1.5021953177783395e-25,1.4903965502456076e-26,1.4786895378042316e-27,1.4670736021656744e-28,1.4555480686855317e-29,1.444112266399969e-30,1.4327655280593397e-31,1.4215071901591625e-32,1.4103365929685329e-33,1.399253080556092e-34,1.3882560008136481e-35,1.3773447054775702e-36,1.3665185501480247e-37,1.3557768943061636e-38,1.3451191013293534e-39,1.334544538504533e-40,1.324052577039756e-41,1.3136425920740429e-42,1.3033139626855777e-43,1.2930660718983342e-44,1.2828983066872249e-45,1.2728100579817972e-46,1.2628007206685802e-47,1.2528696935921182e-48,1.2430163795547715e-49,1.2332401853153158e-50,1.223540521586428e-51
Xe144,8666064015.973682,4743188550.868992,2596007115.172301,1420825362.48214,777634444.780066,425608483.0922795,232940531.45215392,127491094.15864328,69777376.17593506,38189979.136418976,20901825.009337537,11439814.804830367,6261145.268910837,3426798.4881933457,1875527.1398976755,1026498.0752770444,561814.4766515956,307487.6746262954,168291.62290476196,92107.98570817444,50411.78452488024,27590.962927304743,15100.858706562796,8264.877680289394,4523.464817299379,2475.7455276251385,1355.0046623807357,741.6099977103668,405.8918791745328,222.14940209608048,121.58498206963507,66.54489152520804,36.420802246494006,19.93353367742342,10.909857563810906,5.971093434248884,3.2680497056898257,1.7886420630433206,0.9789448502321864,0.5357880369678565,0.2932430979025856,0.16049539843060043,0.08784102030580165,0.048076424145585286,0.026312792708688033,0.014401301104128886,0.00788200157193139,0.004313912217425779,0.002361054923653776,0.0012922331451232514,0.000707254407606487,0.00038708866040662777,0.00021185817918404053,0.00011595247466052745,6.346215393563182e-05,3.4733583685392954e-05,1.901009910337805e-05,1.0404450954257083e-05,5.694478449105247e-06,3.1166550690554405e-06,1.7057819967683323e-06,9.335945608446141e-07
Xe145,16765086.704914093,419938.95211579424,10518.73260338307,263.4754422181622,6.599587318357628,0.1653078209982121,0.004140664287216992,0.00010371621027018835,2.5979049555292143e-06,6.507285736898866e-08,1.629958308186401e-09,4.082753076845401e-11,1.0226563834651115e-12,2.5615707317033935e-14,6.416275026110245e-16,1.607161758258761e-17,4.025651809964995e-19,1.0083535407557414e-20,2.5257446772662666e-22,6.326537188492093e-24,1.5846840402211407e-25,3.969349159757549e-27,9.942507371923339e-29,2.4904196849941002e-30,6.238054421684909e-32,1.5625206949002585e-33,3.913833956793442e-35,9.803451750331676e-37,2.455588747045902e-38,6.150809172304498e-40,1.540667325488356e-41,3.859095187858215e-43,9.66634095665644e-45,2.4212449535921283e-46,6.064784132467787e-48,1.519119596671303e-49,3.8051219937679143e-51,9.531147790590423e-53,2.3873814914439136e-54,5.979962236359251e-56,1.4978732337685467e-57,3.7519036672148245e-59,9.39784543224919e-61,2.353991642701468e-62,5.896326656845385e-64,1.4769240218850942e-65,3.699429650643319e-67,9.266407436850336e-69,2.321068783421343e-70,5.813860802136501e-72,1.4562678050753553e-73,3.6476895341554525e-75,9.136807729467536e-77,2.2886063823023787e-78,5.732548312495153e-80,1.4359004855186657e-81,3.596673053445784e-83,9.009020599857483e-85,2.2565979993899924e-86,5.652373056990751e-88,1.415818022706374e-89,3.546370087765184e-91
Xe146,4871600.514334464,744512.8902901397,113781.79351471383,17388.94880702433,2657.503729489121,406.13875804819935,62.06903454492756,9.485834515902571,1.4496931863497458,0.22155249820409817,0.033859239956884814,0.0051746116146331,0.000790821217380903,0.00012085896380923983,1.8470532671618556e-05,2.8227991240418567e-06,4.314003844044652e-07,6.592969725661595e-08,1.0075848648928651e-08,1.5398633729647479e-09,2.353329520933697e-10,3.596526764212355e-11,5.496469852876254e-12,8.400098991114784e-13,1.2837633053441252e-13,1.9619390508270192e-14,2.9983758089488365e-15,4.582332712068665e-16,7.003049124604533e-17,1.0702561364097092e-17,1.6356420998079483e-18,2.499705432793708e-19,3.820228918949973e-20,5.838347511559008e-21,8.922580920908846e-22,1.3636127368668333e-22,2.0839706724184654e-23,3.1848732752958952e-24,4.867351500643952e-25,7.438635255784191e-26,1.1368255294748076e-26,1.7373782152589652e-27,2.6551858527059243e-28,4.057845235131397e-29,6.201489788557671e-30,9.477560963790604e-31,1.4484287628450428e-31,2.2135925994589824e-32,3.382970790192595e-33,5.17009831442941e-34,7.901314625109155e-35,1.2075355052866896e-35,1.8454422658910863e-36,2.8203370764892452e-37,4.310241166595971e-38,6.587219332429828e-39,1.0067060486039083e-39,1.5385203029543881e-40,2.351276945127589e-41,3.593389870820849e-42,5.49167582767125e-43,8.392772418357026e-44
Xe147,222089.1349769047,216.88392087588386,0.2118007039803555,0.00020683662498081632,2.0198889158282876e-07,1.9725477693635657e-10,1.926316181019112e-13,1.881168145526479e-16,1.837078267115705e-19,1.7940217452301828e-22,1.7519743605763547e-25,1.71091246150035e-28,1.6708129506839382e-31,1.6316532721522862e-34,1.5934113985862203e-37,1.5560658189318592e-40,1.5195955263006462e-43,1.4839800061529777e-46,1.4491992247587695e-49,1.4152336179284877e-52,1.3820640800082915e-55,1.3496719531331002e-58,1.3180390167315449e-61,1.2871474772769017e-64,1.256979958278226e-67,1.2275194905060821e-70,1.1987495024473477e-73,1.1706538109837397e-76,1.1432166122888105e-79,1.1164224729382933e-82,1.0902563212288037e-85,1.0647034387000052e-88,1.0397494518554752e-91,1.0153803240776137e-94,9.91582347732046e-98,9.683421364570786e-101,9.456466176338681e-104,9.234830250330768e-107,9.018388916338659e-110,8.807020426111986e-113,8.600605884875002e-116,8.399029184448259e-119,8.202176937937765e-122,8.009938415954862e-125,7.822205484330938e-128,7.638872543291953e-131,7.459836468058563e-134,7.284996550838457e-137,7.114254444178194e-140,6.947514105642784e-143,6.784681743791798e-146,6.625665765421688e-149,6.470376724044632e-152,6.318727269574847e-155,6.170632099194201e-158,6.02600790936935e-161,5.884773348993517e-164,5.746848973626495e-167,5.612157200807138e-170,5.48062226641323e-173,5.352170182044177e-176,5.226728693402527e-179
Y100,548292389137.57184,218189073139.17386,85127955822.4195,33156926355.145996,12912644116.93337,5028645510.661044,1958332537.7035787,762643938.7901058,297000515.6330897,115662502.18576893,45043067.96484501,17541363.305621956,6831227.101579191,2660321.372991149,1036023.2067174895,403464.0685724254,157123.17405009997,61189.3195617898,23829.28457924983,9279.965974870283,3613.946873157079,1407.3986949272614,548.0908148360775,213.44594278112586,83.12339717524638,32.37118995060479,12.606485952551918,4.909411372099397,1.9118983760593404,0.7445608288504882,0.2899583130569697,0.11292001949746207,0.0439750482366821,0.017125438660254393,0.006669251338341766,0.002597242283621174,0.001011457978956145,0.0003938975003008494,0.00015339761410887532,5.973845479172408e-05,2.3264266537874284e-05,9.059927971559056e-06,3.5282562945282646e-06,1.3740277537478165e-06,5.350949904056485e-07,2.0838490923944818e-07,8.115245176527185e-08,3.1603634118953144e-08,1.2307572572343136e-08,4.7930039328183e-09,1.8665652032501562e-09,7.269064884609129e-10,2.8308308868423723e-10,1.1024256403142112e-10,4.293235240830098e-11,1.6719376036874513e-11,6.511116195169524e-12,2.5356588675018528e-12,9.87475219242862e-13,3.845577656821875e-13,1.4976039121251625e-13,5.832199159036454e-14
Y100_m1,0.0,0.0,0.0,0.0,0.0,0.0,0.0,0.0,0.0,0.0,0.0,0.0,0.0,0.0,0.0,0.0,0.0,0.0,0.0,0.0,0.0,0.0,0.0,0.0,0.0,0.0,0.0,0.0,0.0,0.0,0.0,0.0,0.0,0.0,0.0,0.0,0.0,0.0,0.0,0.0,0.0,0.0,0.0,0.0,0.0,0.0,0.0,0.0,0.0,0.0,0.0,0.0,0.0,0.0,0.0,0.0,0.0,0.0,0.0,0.0,0.0,0.0
Y101,158282880057.054,34106564172.0344,7309930690.113908,1566599983.6967127,335739606.49176276,71952689.37916034,15420252.50512775,3304729.668524034,708239.9058245649,151783.59942113375,32528.894324887005,6971.29973221821,1494.0261870273246,320.18623976352364,68.61943185740796,14.70589876663986,3.151635807537109,0.6754302080388677,0.14475212041962957,0.031021971058737694,0.006648349506586267,0.0014248144026063167,0.000305353393329165,6.54405897687986e-05,1.4024637953414757e-05,3.0056341243144095e-06,6.441404419315975e-07,1.3804637948954533e-07,2.9584857043016125e-08,6.340360170923481e-09,1.3588089014113586e-09,2.912076886455202e-10,6.240900971298084e-11,1.3374937013067967e-11,2.8663960688728423e-12,6.14300195628736e-13,1.316512865920499e-13,2.8214318316475034e-14,6.0466386517748655e-15,1.295861150180205e-15,2.7771729340126057e-16,5.951786967561802e-17,1.2755333912914245e-17,2.73360831153187e-18,5.858423191344605e-19,1.255524507446765e-19,2.6907270733332667e-20,5.766523982787004e-21,1.2358294965555238e-21,2.6485184993864114e-22,5.676066367685129e-23,1.216443434993195e-23,2.6069720378225996e-24,5.587027732224087e-25,1.1973614763705874e-25,2.5660773022968928e-26,5.499385817324642e-27,1.1785788503222693e-27,2.525824069391643e-28,5.413118713078622e-29,1.1600908613140059e-29,2.4862022760606762e-30
Y102,120236601957.98697,17534970389.260403,2556881630.8253994,372834584.1443385,54365296.17033214,7927337.090981079,1155933.6153922835,168553.76627216325,24577.857885800466,3583.8481192951344,522.5828630735032,76.20101067000876,11.111336473951841,1.6202120831707632,0.23625305566135102,0.03444950626469478,0.005023293682103218,0.0007324772443115796,0.00010680699703976841,1.557418295960124e-05,2.2709670862557927e-06,3.311436317548675e-07,4.8286082839094064e-08,7.040889729897648e-09,1.0266752917973552e-09,1.497058177621121e-10,2.182952297662421e-11,3.1830965590407724e-12,4.641468214869835e-13,6.768009323643974e-14,9.868849270190747e-15,1.4390374076096334e-15,2.0983486562662117e-16,3.059730803362571e-17,4.46158104425999e-18,6.505704813189514e-19,9.486366984369603e-20,1.3832653209179052e-20,2.0170239578616397e-21,2.9411462754579403e-22,4.2886656749535244e-23,6.253566313583235e-24,9.118708382137249e-25,1.3296547663986549e-25,1.938851122018535e-26,2.827157671561695e-27,4.122451904171388e-28,6.011199825589724e-29,8.765298949056617e-30,1.278121970580069e-30,1.863707993502375e-31,2.717586869638318e-32,3.962680001254811e-33,5.778226620014072e-34,8.425586436872696e-35,1.2285864067588313e-35,1.7914771513908128e-36,2.6122626510431005e-37,3.8091003018023317e-38,5.5542826458882096e-39,8.09904000055283e-40,1.180970669166679e-40
Y102_m1,0.0,0.0,0.0,0.0,0.0,0.0,0.0,0.0,0.0,0.0,0.0,0.0,0.0,0.0,0.0,0.0,0.0,0.0,0.0,0.0,0.0,0.0,0.0,0.0,0.0,0.0,0.0,0.0,0.0,0.0,0.0,0.0,0.0,0.0,0.0,0.0,0.0,0.0,0.0,0.0,0.0,0.0,0.0,0.0,0.0,0.0,0.0,0.0,0.0,0.0,0.0,0.0,0.0,0.0,0.0,0.0,0.0,0.0,0.0,0.0,0.0,0.0
Y103,740491247.5575262,36377750.40812471,1786528.2113974886,87737.20811246624,4308.813953681412,211.6078011467865,10.392154775659355,0.5103634190043165,0.025064178226815254,0.001230913123458494,6.045069995079057e-05,2.9687612024746874e-06,1.457972047386309e-07,7.1601666351200865e-09,3.516390203405781e-10,1.726915125404867e-11,8.480958249353782e-13,4.165036936046243e-14,2.0454684681358128e-15,1.0045388116316627e-16,4.933335516015158e-18,2.422783373998749e-19,1.1898398676249132e-20,5.8433573788855085e-22,2.869699224781699e-23,1.4093222623127258e-24,6.92124534131744e-26,3.3990548759300465e-27,1.6692912156448186e-28,8.1979646235235e-30,4.026057487074356e-31,1.9772150324626255e-32,9.710192408198906e-34,4.7687193884424424e-35,2.3419396495692014e-36,1.1501371490880957e-37,5.6483755333141175e-39,2.773942758968982e-40,1.3622958290667405e-41,6.690296401726832e-43,3.285634807648389e-44,1.6135901073746536e-45,7.924413962733929e-47,3.8917155209226847e-48,1.9112390855670704e-49,9.386181550426379e-51,4.609596191437501e-52,2.263793528173327e-53,1.1117592355961412e-54,5.459899865208387e-56,2.6813815063220705e-57,1.3168385794510548e-58,6.467053793882579e-60,3.175999353725309e-61,1.559747640325059e-62,7.659991173001986e-64,3.761856293511695e-65,1.8474646319321394e-66,9.07298232557949e-68,4.45578263623839e-69,2.1882549958715422e-70,1.0746619208963976e-71
Y104,127365120.32240157,2708260.514037554,57583.96603932275,1224.3700805733042,26.03297753370076,0.553522117228504,0.011769177531248412,0.00025024029835624687,5.3206952444348945e-06,1.1313045129066202e-07,2.405418544242926e-09,5.114483595687159e-11,1.0874590832917156e-12,2.3121928845971286e-14,4.916263993490818e-16,1.0453129500874467e-17,2.2225803273934e-19,4.725726693908178e-21,1.0048002544730265e-22,2.136440841343068e-24,4.5425739575996574e-26,9.658576900865871e-28,2.0536398222833607e-29,4.366519584567321e-31,9.284244041007478e-33,1.9740478828408656e-34,4.197288466930081e-36,8.924419021321398e-38,1.8975406502469004e-39,4.0346161590318257e-41,8.578539568363227e-43,1.823998571988889e-44,3.878248464210664e-46,8.246065200452361e-48,1.753306728993983e-49,3.7279410375835313e-51,7.926476383099001e-53,1.6853546560530446e-54,3.5834590042254834e-56,7.619273717163862e-58,1.6200361692043814e-59,3.4445765921470786e-61,7.323977158482004e-63,1.557249199807478e-64,3.311076779496197e-66,7.0401252677312674e-68,1.49689563504745e-69,3.182750955433194e-71,6.767274489373341e-73,1.4388811646210016e-74,3.0593985941492535e-76,6.504998458540395e-78,1.3831151333642996e-79,2.940826941518734e-81,6.2528873347845206e-83,1.3295103995924664e-84,2.826850713895734e-86,6.010547161648618e-88,1.277983198929362e-89,2.717291808584279e-91,5.777599251058179e-93,1.2284530134148347e-94
Y105,51.187658515469785,0.019425395006247827,7.371815435447535e-06,2.7975576711219474e-09,1.061655570705173e-12,4.0289162309111673e-16,1.5289484126116051e-19,5.802263225261619e-23,2.2019224623620788e-26,8.356157488935825e-30,3.171109299870353e-33,1.2034160683351242e-36,4.566888418467241e-40,1.7331054799346577e-43,6.577026477006933e-47,2.49594025176593e-50,9.47193653874478e-54,3.5945404434473674e-57,1.3641055286558165e-60,5.176694830910758e-64,1.9645231845651223e-67,7.455242135675394e-71,2.8292175800334682e-74,1.0736703073488151e-77,4.0745114020847553e-81,1.546251493786081e-84,5.867927331881732e-88,2.226841578528381e-91,8.450723970149401e-95,3.206996685720787e-98,1.2170351059333288e-101,4.6185718110315126e-105,1.752719002899778e-108,6.651458565153031e-112,2.524186761868376e-115,9.579130271023456e-119,3.635219791792199e-122,1.3795430859325637e-125,5.235279391472703e-129,1.9867556574538622e-132,7.539612974341316e-136,2.8612357835541215e-139,1.085821014546942e-142,4.120622572975206e-146,1.5637503936132128e-149,5.934334557993481e-153,2.2520427038758134e-156,8.54636065849838e-160,3.243290208459411e-163,1.230808269930525e-166,4.670840103602559e-170,1.772554491744961e-173,6.726732999877034e-177,2.5527529372081576e-180,9.687537112806476e-184,3.6763595075769865e-187,1.3951553497621881e-190,5.294526952433233e-194,2.0092397348309758e-197,7.6249386362427e-201,2.8936163364974272e-204,1.0981092310758206e-207
Y106,0.0004093434507666108,1.124675684998222e-08,3.0900589567448726e-13,8.489971361098915e-18,2.3326290767024654e-22,6.408924339143487e-27,1.7608590922192715e-31,4.837979945735566e-36,1.3292403724275324e-40,3.6521027112745654e-45,1.0034192829503602e-49,2.7569056431198456e-54,7.574628925525708e-59,2.0811377241943778e-63,5.71794905024255e-68,1.571012862871732e-72,4.316375318530935e-77,1.1859289208088548e-81,3.258352903587468e-86,8.952360852348325e-91,2.459671103839579e-95,6.757973722067316e-100,1.8567607985010893e-104,5.10147095066799e-109,1.401634819171032e-113,3.8510072591031194e-118,1.0580685287510177e-122,2.907055053939502e-127,7.987166102190965e-132,2.1944827724379284e-136,6.029365831275054e-141,1.6565749699169885e-145,4.551458159531077e-150,1.2505181929073872e-154,3.4358126472450523e-159,9.439933472318003e-164,2.593632223609252e-168,7.126033388975205e-173,1.9578856014568044e-177,5.379312471819808e-182,1.477972086211011e-186,4.060744749560814e-191,1.115694137590869e-195,3.065382055321896e-200,8.422171299904484e-205,2.3140009344605504e-209,6.357743311092513e-214,1.7467970478224852e-218,4.799344322312708e-223,1.3186251919092997e-227,3.6229373847049974e-232,9.954060770284394e-237,2.734889270701063e-241,7.514138697369133e-246,2.064517966711928e-250,5.67228608166184e-255,1.5584669114533376e-259,4.281905177433009e-264,1.1764582111935704e-268,3.232332023556185e-273,8.880868194975562e-278,2.4400284166895917e-282
Y107,2.3466266810656402e-05,2.1682572912542628e-15,2.003445933267206e-25,1.8511620478412206e-35,1.7104534095308968e-45,1.5804401724785229e-55,1.4603093687708072e-65,1.3493098249809092e-75,1.2467474651090596e-85,1.1519809705512633e-95,1.064417769958045e-105,9.835103339079346e-116,9.087527512264493e-126,8.396775655424341e-136,7.7585285230083285e-146,7.168795179545818e-156,6.623888044475801e-166,6.12039983384339e-176,5.6551822546805396e-186,5.225326318847818e-196,4.8281441532402267e-206,4.461152192617093e-216,4.122055649961467e-226,3.8087341672626207e-236,3.5192285569966216e-246,3.251728551399989e-256,3.0045614829329876e-266,2.77618182515199e-276,2.5651615285904047e-286,2.3701810912187022e-296,2.1900213076475196e-306,2.02355563e-316,0.0,0.0,0.0,0.0,0.0,0.0,0.0,0.0,0.0,0.0,0.0,0.0,0.0,0.0,0.0,0.0,0.0,0.0,0.0,0.0,0.0,0.0,0.0,0.0,0.0,0.0,0.0,0.0,0.0,0.0
Y108,5.494011398821098e-08,2.940568584516421e-14,1.573885267529725e-20,8.423931508995831e-27,4.5087544519449916e-33,2.413227919318288e-39,1.2916358725335003e-45,6.913243518609132e-52,3.700186481647259e-58,1.980456780107708e-64,1.0600030775012435e-70,5.673471572810584e-77,3.0366213429651144e-83,1.6252957403967783e-89,8.699096612330755e-96,4.656031514128644e-102,2.4920552589139148e-108,1.333826756677942e-114,7.139062468483792e-121,3.8210519225039e-127,2.0451477850104336e-133,1.0946277484217603e-139,5.858793757580606e-146,3.135811634901095e-152,1.6783855203740352e-158,8.983249898204018e-165,4.808119335752994e-171,2.573457469046219e-177,1.3773957929337874e-183,7.372257724138139e-190,3.945865395403242e-196,2.11195190147276e-202,1.1303834234514213e-208,6.050169433890558e-215,3.238241946880129e-221,1.7332094615060839e-227,9.276684962803387e-234,4.96517505877927e-240,2.657518657060622e-246,1.4223879982112136e-252,7.613070230306769e-259,4.074755861584311e-265,2.1809381536267054e-271,1.167307046487759e-277,6.247796337159232e-284,3.344018113149435e-290,1.7898242096278005e-296,9.579704992544779e-303,5.127360958162e-309,2.74432568e-315,1.467e-321,0.0,0.0,0.0,0.0,0.0,0.0,0.0,0.0,0.0,0.0,0.0
Y97,14299210048267.809,12458546497230.74,10470462413137.645,8726248925752.102,7258138199008.4375,6034149619306.653,5015996758274.825,4169523655688.809,3465873682553.1553,2880967145576.1484,2394769415729.9253,1990623169939.7727,1654681435014.5571,1375433919861.5056,1143312799249.2673,950364926308.5542,789979342047.8146,656660766324.3392,545841313893.76074,453723985393.8879,377152571050.05457,313503509685.0813,260595997824.2108,216617268974.6979,180060482930.74863,149673097009.81836,124413950267.6198,103417590271.27078,85964620161.24834,71457050005.55013,59397807911.18352,49373708883.58566,41041297897.15824,34115082119.003273,28357749087.338734,23572035690.704517,19593969355.343925,16287249864.02237,13538579310.92187,11253780183.172974,9354568563.114107,7775871891.726432,6463599391.954525,5372788760.078083,4466065625.346931,3712362994.4490047,3085856805.224137,2565081118.5724163,2132192632.4377244,1772359317.9586883,1473252230.669047,1224623084.7090087,1017953116.5014085,846161206.9326257,703361261.4483173,584660535.1946373,485991993.2329073,403974961.9971619,335799297.5048837,279129101.58418584,232022687.15306535,192866050.32651037
Y97_m1,2667480125314.8022,1553281820244.8855,874546305268.8333,486710630644.3797,269758165808.51083,149293477330.70865,82580672425.21964,45670301486.3105,25255724796.067738,13966101401.752747,7723012441.18186,4270678791.9443994,2361601358.246461,1305918561.1812882,722146874.1034409,399332772.98914486,220823029.6158816,122110714.11008763,67524779.86550412,37339851.17612568,20648190.015462436,11418035.622457992,6313945.066021577,3491485.191878569,1930721.3980441485,1067650.2725915445,590389.2222454977,326473.4180205732,180533.2629017845,99831.27940881852,55204.698503806656,30527.092860506564,16880.87108110425,9334.783687362666,5161.948460550174,2854.4541364626393,1578.4559802250033,872.8545502558591,482.671088359243,266.90744691610485,147.59447362268983,81.61678849974594,45.132449755816694,24.95734098833917,13.80090982382269,7.631626784851669,4.220136797266103,2.333651145387551,1.2904623546555696,0.7135998420649291,0.39460642362636456,0.21820945071484713,0.12066545684608583,0.0667255814456065,0.036897910434577595,0.020403805631097352,0.011282895950700367,0.006239215533415373,0.0034501612566936145,0.0019078700893465654,0.0010550139564524448,0.0005834015924483917
Y97_m2,0.0,0.0,0.0,0.0,0.0,0.0,0.0,0.0,0.0,0.0,0.0,0.0,0.0,0.0,0.0,0.0,0.0,0.0,0.0,0.0,0.0,0.0,0.0,0.0,0.0,0.0,0.0,0.0,0.0,0.0,0.0,0.0,0.0,0.0,0.0,0.0,0.0,0.0,0.0,0.0,0.0,0.0,0.0,0.0,0.0,0.0,0.0,0.0,0.0,0.0,0.0,0.0,0.0,0.0,0.0,0.0,0.0,0.0,0.0,0.0,0.0,0.0
Y98,1307792932995.1433,588136627962.9132,241780189923.47845,94458195048.92923,35730235432.210846,13222437596.596922,4817479427.330556,1735242710.0907803,619678869.4099311,219845169.82865724,77598406.0165901,27280604.937264234,9560601.460863752,3342162.231351148,1166003.6927416723,406138.8493533344,141282.24699961615,49096.163912207194,17046.733466758054,5914.772589343903,2051.1350871558193,710.9761924707326,246.35253370568466,85.33551961921857,29.552724208969817,10.232449612777252,3.542354273003665,1.2261611946869493,0.4243818935252587,0.14686840729490203,0.05082403646513433,0.01758671926770101,0.006085272700416729,0.002105516111282298,0.0007284898060214232,0.000252044534065437,8.72011131385335e-05,3.0168893592370594e-05,1.0437361076312586e-05,3.6109137356225184e-06,1.2492216577463236e-06,4.3217398626051535e-07,1.495116612597151e-07,5.172366999115168e-08,1.7893768669669102e-08,6.190316488643848e-09,2.1415228088201416e-09,7.408522239058787e-10,2.562947352351485e-10,8.866396278704125e-11,3.067284541977846e-11,1.0611103866226397e-11,3.670850653586161e-12,1.269908940978052e-12,4.3931720644115046e-13,1.519790256437713e-13,5.257616969741564e-14,1.818838358655682e-14,6.292151384016408e-15,2.1767278647426426e-15,7.530243884483882e-16,2.605036971431687e-16
Y98_m1,2755998183432.0835,1948785004442.6323,1377999091716.0422,974392502221.3174,688999545858.0216,487196251110.6587,344499772929.0108,243598125555.32935,172249886464.5054,121799062777.66467,86124943232.2527,60899531388.83234,43062471616.12635,30449765694.41617,21531235808.063175,15224882847.208084,10765617904.031588,7612441423.604042,5382808952.015794,3806220711.802021,2691404476.007897,1903110355.9010105,1345702238.0039485,951555177.9505053,672851119.0019742,475777588.9752526,336425559.5009871,237888794.4876263,168212779.75049356,118944397.24381316,84106389.87524678,59472198.62190658,42053194.93762339,29736099.31095329,21026597.468811695,14868049.655476645,10513298.734405847,7434024.827738322,5256649.367202924,3717012.413869161,2628324.683601462,1858506.2069345806,1314162.341800731,929253.1034672903,657081.1709003655,464626.55173364514,328540.5854501827,232313.27586682257,164270.29272509136,116156.63793341129,82135.14636254568,58078.31896670564,41067.57318127284,29039.15948335282,20533.78659063642,14519.57974167641,10266.89329531821,7259.789870838205,5133.446647659105,3629.8949354191027,2566.7233238295526,1814.9474677095513
Y99,3833578093916.2085,2425363443257.472,1516083036324.7485,946302856079.8131,590552947789.3301,368534274587.1024,229983003238.15506,143520338962.11407,89563517975.97067,55891894970.96713,34879200729.15578,21766280138.52758,13583194028.536104,8476559101.619908,5289776031.491225,3301071829.7228804,2060025823.4218607,1285554090.3274345,802246894.3677701,500640217.6036056,312423306.64266294,194967002.45288542,121668682.32061893,75927044.43005916,47382086.876658894,29568675.741820958,18452259.97328637,11515087.827899398,7185962.47159969,4484382.352527737,2798467.868867889,1746377.047593099,1089822.3368181067,680100.9710157461,424415.3520719766,264855.3652340095,165282.3446437065,103144.04402109928,64366.78908421783,40167.93772565936,25066.703560766196,15642.815214830993,9761.860679133855,6091.865345853565,3801.6137099084567,2372.3877628386676,1480.4827967127096,923.8916781208089,576.55234819086,359.7960865720969,224.52987021699215,140.1173178395795,87.43987042607726,54.56663785759004,34.05217725703987,21.250178157780216,13.26112184629965,8.275570741886694,5.1643497358469,3.222799855863657,2.0111803890546422,1.255072216153502
Zn78,6539589951.70481,4082861704.906547,2548133066.5348096,1590185674.3609498,992355210.7922736,619277318.5266523,386458559.42769444,241168528.8614583,150500633.12837017,93919553.12478086,58610268.05568453,36575594.82091537,22824910.733681533,14243829.869261125,8888827.286615435,5547050.986740713,3461623.638005803,2160217.7877656617,1348078.6412896963,841265.1878869779,524989.488501528,327618.40975419525,204449.46948600744,127586.19274317095,79619.85237536482,49686.57466749434,31006.78572662547,19349.709001490897,12075.138704908446,7535.460855330873,4702.485966404838,2934.5748971133717,1831.31430657981,1142.827226111287,713.1785428905563,445.0573301182168,277.7369412842137,173.32106075732145,108.16058520390486,67.49734937308806,42.1215562379209,26.28585442811088,16.403623339865973,10.23664113381206,6.388150930519308,3.986510006324495,2.4877718456212805,1.5524879521303623,0.9688263197254785,0.6045937016804618,0.37729522481930367,0.23545016475656952,0.14693210101041113,0.09169261924133475,0.057220555382520966,0.035708348015083796,0.02228370747963477,0.013906093298636336,0.00867806360351432,0.005415524424392072,0.003379544807589365,0.0021089966938495257
Zn79,2031168412.317028,1012056258.1126014,504268678.9205839,251257645.99080884,125191999.97023147,62378347.90172506,31080726.307250425,15486327.87306239,7716240.239084826,3844705.0789128034,1915668.3418103456,954503.6928689826,475592.39760653826,236969.35941785062,118072.69751473938,58831.073910380765,29313.256411513947,14605.66575337572,7277.440251078348,3626.0679589887745,1806.729892596058,900.2238627955812,448.5468505655508,223.49360583208724,111.35824894289112,55.48552300392714,27.64629735331217,13.775084309715517,6.863593533512984,3.419864091870239,1.70398645399932,0.8490307677183997,0.4230393045910814,0.21078417889357653,0.10502563140034056,0.052330223781213464,0.026074133375626612,0.012991735600680456,0.0064732810669659215,0.0032253864348767034,0.0016070857339062943,0.0008007488740566556,0.0003989822980659905,0.00019879749984981645,9.905313127451397e-05,4.935435718607279e-05,2.4591373759803518e-05,1.2252933638957457e-05,6.105164527493838e-06,3.0419681527745883e-06,1.5156954740240916e-06,7.552126303103179e-07,3.762933430592032e-07,1.8749246814435424e-07,9.342026974240389e-08,4.6547719410382606e-08,2.3192934341574046e-08,1.1556145181466864e-08,5.757981697717194e-09,2.8689803312974425e-09,1.429502310616037e-09,7.122658994084033e-10
Zn80,162774667.78020296,45096307.21614818,12493354.777839512,3461116.2160486686,958855.648799518,265638.0456617894,73591.44346153652,20387.518426015933,5648.087440866362,1564.726568141845,433.4864250390183,120.09157671314877,33.26975417085313,9.216937381319342,2.553428385881679,0.7073929497493262,0.19597369094895026,0.05429187208858131,0.015040832065824114,0.00416685998344682,0.001154372447326377,0.0003198033417105572,8.859720933751922e-05,2.4544663793727556e-05,6.799768584719951e-06,1.8837843204664432e-06,5.218770788772911e-07,1.4457901708729405e-07,4.0053669777750476e-08,1.1096329847756813e-08,3.0740887607411108e-09,8.516348953726528e-10,2.359339796166251e-10,6.536233195726509e-11,1.81077538972291e-11,5.016509377557027e-12,1.3897563705550733e-12,3.850132879526255e-13,1.0666274682438462e-13,2.9549477683281034e-14,8.186284877815508e-15,2.26789998858991e-15,6.282911522153882e-16,1.7405960312984527e-16,4.8220869154199104e-17,1.335894245519908e-17,3.700915115209608e-18,1.0252886960117409e-18,2.8404242665531076e-19,7.869012937924137e-20,2.1800040700384507e-20,6.0394077159033165e-21,1.6731365808078136e-21,4.635199591949652e-22,1.284119629183944e-22,3.5574805126394253e-23,9.855520708652288e-24,2.7303392975330424e-24,7.5640373553358795e-25,2.095514691694621e-25,5.805341270572043e-26,1.6082916240760212e-26
Zn81,0.25341847011273216,0.029048220214514687,0.003329666923076205,0.00038166475387321714,4.3748515306306986e-05,5.0146956775106185e-06,5.748120264647786e-07,6.588811904385907e-08,7.552458945296185e-09,8.657044236217362e-10,9.923180708516263e-11,1.1374496038950015e-11,1.3038073571415843e-12,1.4944957725735372e-13,1.7130733325027782e-14,1.963618965263935e-15,2.250808163075502e-16,2.5800002325228937e-17,2.9573383058656046e-18,3.389863979503517e-19,3.8856487188982497e-20,4.453944482128433e-21,5.105356372901136e-22,5.852040544938848e-23,6.70793105088324e-24,7.688999868997615e-25,8.813554960088744e-26,1.0102581916759959e-26,1.1580135580594092e-27,1.327378893532882e-28,1.5215147652927447e-29,1.744043989461317e-30,1.9991192373285413e-31,2.2915005293481393e-32,2.6266440630223583e-33,3.0108040323138113e-34,3.4511493386608635e-35,3.955897371568924e-36,4.5344673552892945e-37,5.197656123224845e-38,5.957839600230876e-39,6.829203752720771e-40,7.828009316391821e-41,8.972895241718922e-42,1.0285226519885253e-42,1.178949288001336e-43,1.351376579788117e-44,1.5490222344472543e-45,1.7755745650025834e-46,2.0352613188984308e-47,2.3329285730099143e-48,2.6741311674472457e-49,3.065236365760938e-50,3.513542675975966e-51,4.027416049802652e-52,4.6164460016705225e-53,5.291624560959886e-54,6.0655513969016994e-55,6.952668944030745e-56,7.969531915924685e-57,9.135116236689502e-58,1.0471173155236144e-58
Zn82,699470.4662776323,1.1369228730059677,1.847960252050285e-06,3.003684044220851e-12,4.8822034064298846e-18,7.9355583845832e-24,1.289849718104595e-29,2.0965283281472397e-35,3.407707866295342e-41,5.538905793022802e-47,9.00296580215206e-53,1.4633466656324098e-58,2.3785311539288715e-64,3.86607670149388e-70,6.283940841869986e-76,1.0213949580685578e-81,1.6601805882969118e-87,2.6984660184438492e-93,4.386100466435469e-99,7.129190128827168e-105,1.1587822094342469e-110,1.883490529270282e-116,3.06143513851741e-122,4.976072330440783e-128,8.08813341371973e-134,1.3146493413678898e-139,2.1368377626256044e-145,3.4732270272404424e-151,5.6454009722904254e-157,9.176063611154026e-163,1.4914820720304602e-168,2.4242625873737913e-174,3.940408807287523e-180,6.4047606267641625e-186,1.0410330676929506e-191,1.6921004721104338e-197,2.750348760833834e-203,4.4704309412464486e-209,7.266261313854161e-215,1.181061829947254e-220,1.91970393839094e-226,3.1202965988988662e-232,5.071746049164527e-238,8.243641965412314e-244,1.3399257808876627e-249,2.177922216685708e-255,3.540005908977178e-261,5.7539437081750335e-267,9.352489529152508e-273,1.520158430966813e-278,2.47087328784092e-284,4.016170078195672e-290,6.527903383944264e-296,1.0610487544206735e-301,1.724634071678649e-307,2.80322903994e-313,4.55637e-319,0.0,0.0,0.0,0.0,0.0
Zn83,3384.724609982415,0.00033792923529348776,3.373868814297266e-11,3.3684539800771117e-18,3.3630478363044096e-25,3.3576503690315676e-32,3.3522615643333847e-39,3.3468814083070043e-46,3.341509887071889e-53,3.33614698676977e-60,3.330792693564633e-67,3.325446993642656e-74,3.3201098732121927e-81,3.3147813185037373e-88,3.309461315769871e-95,3.3041498512852495e-102,3.2988469113465545e-109,3.293552482272461e-116,3.288266550403591e-123,3.282989102102501e-130,3.2777201237536315e-137,3.272459601763273e-144,3.26720752255954e-151,3.2619638725923187e-158,3.256728638333248e-165,3.2515018062756765e-172,3.246283362934633e-179,3.2410732948467938e-186,3.235871588570428e-193,3.2306782306853917e-200,3.2254932077930676e-207,3.2203165065163546e-214,3.2151481134996142e-221,3.2099880154086436e-228,3.2048361989306405e-235,3.199692650774167e-242,3.194557357669124e-249,3.1894303063667034e-256,3.184311483639357e-263,3.179200876280776e-270,3.1740984711058397e-277,3.1690042549505915e-284,3.1639182146722026e-291,3.158840337148933e-298,3.1537706092801077e-305,3.148709017984e-312,3.14364e-319,0.0,0.0,0.0,0.0,0.0,0.0,0.0,0.0,0.0,0.0,0.0,0.0,0.0,0.0,0.0
Zr103,811685143192.799,476689512896.8884,279710097589.9437,164115445373.88318,96291545775.43835,56497163390.25096,33148593797.61965,19449282069.375973,11411481742.25154,6695461307.313508,3928429552.812389,2304928375.0695353,1352371155.6434088,793477039.1991513,465556965.7108729,273156345.57071954,160269085.46329975,94034717.37614232,55173011.35430656,32371673.64183253,18993439.521432232,11144025.138944972,6538536.432924748,3836356.985168443,2250906.616278861,1320674.9566830257,774879.9210929272,454645.4743270277,266754.24372140795,156512.77877275497,91830.77868763974,53879.893900690404,31612.962540852357,18548.28078264883,10882.837049751042,6385.289485278134,3746.442368328592,2198.1509924598467,1289.7216373857796,756.7186729423189,443.98972102249223,260.5021911341899,152.84451052026995,89.67849481214905,52.617083887393534,30.872033731301443,18.113555451805688,10.627770556397618,6.2356342629669905,3.6586351253209304,2.1466318285740935,1.259493786509566,0.7389830790452423,0.4335837119360328,0.2543966710294854,0.14926221730495293,0.08757665508999037,0.051383870983783365,0.030148470440724433,0.0176890189959042,0.010378682183982168,0.006089486584928773
Zr104,124546916387.41507,69976424259.61125,39274573880.856476,22042144057.12979,12370735822.290033,6942840750.79403,3896537625.444909,2186857802.192815,1227332444.0054915,688817044.5274789,386585495.35536116,216963773.48163632,121766800.79556414,68339306.31853412,38354138.87517176,21525532.64148371,12080796.729855035,6780117.921301128,3805212.524861377,2135603.3224541913,1198566.8398491174,672672.8950463659,377524.8978079698,211878.68504066026,118912.89140191804,66737.60382669348,37455.21374528492,21021.027970198935,11797.653056499057,6621.208907520633,3716.0278563099387,2085.550119584171,1170.4754295401538,656.9071240687167,368.67665801559554,206.9127783600198,116.12587050968558,65.17344123700535,36.577357173129805,20.528347627147397,11.52114556298736,6.466024323750618,3.6289334534276745,2.036670038656417,1.1430424116603064,0.6415108633483562,0.360035798843355,0.20206326011720682,0.11340417041961483,0.06364593870801304,0.035720075364384575,0.02004721447963613,0.011251118713854844,0.006314476878662713,0.0035438803256129634,0.0019889355846254074,0.001116252355137018,0.0006264754524886291,0.0003515974598079639,0.0001973274024582098,0.0001107462601754051,6.215423701954398e-05
Zr105,86569928438.71336,27267818798.952866,8588824722.386416,2705310265.398038,852119337.4679185,268400772.5745763,84540945.79368898,26628729.295872543,8387524.142955529,2641904.556052784,832147.790496019,262110.12946736114,82559.51737664978,26004.618453000672,8190.94154585506,2579.984918020312,812.6443266562735,255.96692330797146,80.62452868813504,25.395135208008636,7.998966353374137,2.519516521504229,0.7935979752502718,0.24996769854294237,0.07873489129700738,0.0247999367265711,0.0078114905794669795,0.002460465353031489,0.0007749980227053489,0.00024410908060834384,7.688954228223428e-05,2.4218688209542242e-05,7.62840876901077e-06,2.402798196319827e-06,7.568340065481962e-07,2.3838777403158687e-07,7.508744363499475e-08,2.365106270463121e-08,7.449617938487113e-09,2.346482613593594e-09,7.390957095197277e-10,2.3280056057772323e-10,7.332758167480008e-11,2.3096740922491566e-11,7.275017518053872e-12,2.29148692733751e-12,7.217731538278635e-13,2.2734429743918423e-13,7.16089664792974e-14,2.2555411057120806e-14,7.104509294974524e-15,2.237780202478049e-15,7.048565955350273e-16,2.2201591546795446e-16,6.993063132743925e-17,2.202676861046967e-17,6.9379973583736054e-18,2.1853322289824836e-18,6.88336519077179e-19,2.1681241744917558e-19,6.829163215570273e-20,2.151051622116189e-20
Zr106,564950.7543891704,43359.54171905838,3327.811923578571,255.40703982674216,19.60229649123647,1.504461380512461,0.11546626929479162,0.008861948546871926,0.0006801478260885313,5.220082952255953e-05,4.006374053290923e-06,3.0748616835573486e-07,2.359933008562385e-08,1.81123067573535e-09,1.3901057991146832e-10,1.0668956520117077e-11,8.188343167882719e-13,6.284491244161136e-14,4.823299340072755e-15,3.70184564193018e-16,2.8411384387498447e-17,2.1805521917799482e-18,1.6735572600849903e-19,1.2844424973368515e-20,9.857998697225005e-22,7.565939192761219e-23,5.8068009163638954e-24,4.456675638438318e-25,3.420464733047323e-26,2.6251807264394496e-27,2.0148062863754167e-28,1.5463485354487375e-29,1.1868107665011046e-30,9.108682571838189e-32,6.990844752707388e-33,5.3654202977230025e-34,4.117919363045381e-35,3.160471862333036e-36,2.425638171120441e-37,1.8616588893954593e-38,1.4288090704246462e-39,1.0966001190425817e-40,8.416322698223129e-42,6.45946380367622e-43,4.957589451722449e-44,3.8049122835616796e-45,2.9202413040814816e-46,2.2412630406504e-47,1.7201523758891803e-48,1.3202038951298332e-49,1.0132464711534794e-50,7.776589775960418e-52,5.968473640448705e-53,4.580758227320992e-54,3.515697178414857e-55,2.6982709055882393e-56,2.0709024442277625e-57,1.589401910915084e-58,1.2198539054612674e-59,9.362286155880976e-61,7.185483578991065e-62,5.514804119880262e-63
Zr107,29103.580098347546,286.4704157591913,2.8197664608370436,0.027755336873407522,0.00027319947791976204,2.6891388519640474e-06,2.646955191937221e-08,2.605433253476746e-10,2.5645626563683117e-12,2.5243331832287138e-14,2.4847347769515555e-16,2.4457575381930544e-18,2.407391722897264e-20,2.3696277398601206e-22,2.332456148331703e-24,2.2958676556561214e-26,2.259853114948394e-28,2.2244035228078e-30,2.18951001706708e-32,2.1551638745769533e-34,2.121356509025391e-36,2.088079468791092e-38,2.0553244348306292e-40,2.0230832185987482e-42,1.9913477600012785e-44,1.9601101253801706e-46,1.9293625055301224e-48,1.899097213746343e-50,1.8693066839029088e-52,1.8399834685612976e-54,1.8111202371085653e-56,1.78270977392475e-58,1.7547449765790038e-60,1.7272188540540433e-62,1.7001245249984326e-64,1.6734552160062886e-66,1.647204259923983e-68,1.6213650941833872e-70,1.5959312591612768e-72,1.570896396564473e-74,1.5462542478403027e-76,1.521998652612004e-78,1.4981235471386741e-80,1.4746229627993695e-82,1.4514910246009946e-84,1.4287219497095878e-86,1.4063100460046536e-88,1.384249710656167e-90,1.362535428723903e-92,1.341161771778737e-94,1.320123396545576e-96,1.2994150435675713e-98,1.2790315358912868e-100,1.2589677777725041e-102,1.2392187534023059e-104,1.2197795256531657e-106,1.2006452348446935e-108,1.1818110975287535e-110,1.1632724052936262e-112,1.1450245235869392e-114,1.1270628905570597e-116,1.1093830159126589e-118
Zr108,30.88798374989122,0.005332300491394644,9.205336515659536e-07,1.5891493831365096e-10,2.7434040652691593e-14,4.7360342238441564e-18,8.17598123928656e-22,1.411448187781624e-25,2.436632287289679e-29,4.206443392579646e-33,7.26173009660747e-37,1.253617820912498e-40,2.1641642143152624e-44,3.7360722449794455e-48,6.4497119614936906e-52,1.113436295085983e-55,1.9221639518421024e-59,3.318298742431355e-63,5.728494977480483e-67,9.889300890062344e-71,1.7072245411516722e-74,2.9472413331456076e-78,5.087925616358748e-82,8.783463636474655e-86,1.5163199950333722e-89,2.617676149748172e-93,4.518985733489327e-97,7.801282852137624e-101,1.3467626969484495e-104,2.3249634659700518e-108,4.013665607417985e-112,6.928931075245327e-116,1.1961655638867614e-119,2.0649823770658212e-123,3.5648511764012706e-127,6.15412705262252e-131,1.0624084402326596e-134,1.8340727843709412e-138,3.166223884322232e-142,5.465962840232088e-146,9.436082495219239e-150,1.628983867237601e-153,2.812171725994133e-157,4.854750237576981e-161,8.380924838763895e-165,1.446828316920101e-168,2.4977102395188587e-172,4.311884394049958e-176,7.443756578918889e-180,1.2850416880994946e-183,2.218412333404696e-187,3.8297226670369465e-191,6.6113839548966285e-195,1.1413462957849965e-198,1.9703459605266575e-202,3.401477026298641e-206,5.872088553090885e-210,1.0137191493209162e-213,1.7500187614831035e-217,3.0211184898642276e-221,5.215462331423487e-225,9.003634720636113e-229
Zr109,56141.64403235043,150.09947746921958,0.4013037652326389,0.0010729198709097305,2.8685428573679546e-06,7.669294182779667e-09,2.0504512634678527e-11,5.4820564756756797e-14,1.4656745926099328e-16,3.9186061306628924e-19,1.0476727975426832e-21,2.8010426516768418e-24,7.48882662116956e-27,2.0022017204330722e-29,5.353057203878867e-32,1.4311855361807089e-34,3.826396694376165e-37,1.0230198176684314e-39,2.7351308056494594e-42,7.312605674699927e-45,1.9550875462044337e-47,5.227093437498288e-50,1.3975080480350367e-52,3.736357055169512e-55,9.989469515645319e-58,2.670769943304571e-60,7.140531415494596e-63,1.909082024211277e-65,5.10409374750182e-68,1.3646230310114753e-70,3.648436155151718e-73,9.754405484679471e-76,2.6079235681619915e-78,6.972506267098518e-81,1.8641590665554483e-83,4.9839883856669186e-86,1.332511837327369e-88,3.5625841378841096e-91,9.524872788342309e-94,2.5465560425468593e-96,6.808434949145976e-99,1.820293199217876e-101,4.8667092450291767e-104,1.301156258004432e-106,3.47875232010896e-109,9.300741267788787e-112,2.48663256738094e-114,6.64822442333092e-117,1.7774595476132792e-119,4.752189821261615e-122,1.2705385125431796e-124,3.3968931641431775e-127,9.081883826965455e-130,2.4281191624494697e-132,6.491783840648702e-135,1.735633822484798e-137,4.640365174962716e-140,1.2406412388403068e-142,3.316960250921583e-145,8.86817636053927e-148,2.370982647132326e-150,6.339024489879184e-153
Zr110,1133.9123221018492,0.961268752452989,0.0008149109912922599,6.908368986657669e-07,5.85653679552558e-10,4.964851081867188e-13,4.208928779197683e-16,3.568099259423544e-19,3.0248390963568934e-22,2.564292889185877e-25,2.173867042861515e-28,1.8428853973618442e-31,1.562297289046244e-34,1.3244300610636423e-37,1.1227792552337486e-40,9.518307482169664e-44,8.069099683024125e-47,6.840540696604857e-50,5.799035686763287e-53,4.916104791693591e-56,4.1676043446461385e-59,3.5330666675088914e-62,2.9951403839709392e-65,2.5391159476814513e-68,2.1525234110137887e-71,1.82479143545741e-74,1.546958219307089e-77,1.3114264379928445e-80,1.111755495915687e-83,9.424854089341451e-87,7.98987501583826e-90,6.773378363587703e-93,5.742099139895576e-96,4.867837106168262e-99,4.126685644898063e-102,3.498378035335001e-105,2.96573326181154e-108,2.5141862003981693e-111,2.1313893368857753e-114,1.8068751251084514e-117,1.5317697528251478e-120,1.2985504881136623e-123,1.1008399709357079e-126,9.332318247942133e-130,7.91142819849154e-133,6.70687544905458e-136,5.685721611896544e-139,4.82004332621748e-142,4.086168696336172e-145,3.4640299858093615e-148,2.936614866964657e-151,2.489501220314337e-154,2.1104627629814272e-157,1.7891347220825274e-160,1.516730410935705e-163,1.2858009578951528e-166,1.090031617618944e-169,9.240690949196342e-173,7.833751593837724e-176,6.641025478651265e-179,5.629897614163345e-182,4.772718798904424e-185
